Price,Close,High,Low,Open,Volume
Ticker,IEF,IEF,IEF,IEF,IEF
Date,,,,,
2002-07-30,40.42108917236328,40.59410651982426,40.38648645715371,40.50512757051205,41300
2002-07-31,40.79180908203125,40.8214712278374,40.55947886358293,40.55947886358293,32600
2002-08-01,40.95988082885742,40.979654335024165,40.79180791214544,40.801696550934146,71400
2002-08-02,41.276248931884766,41.375112690223226,40.97965388545874,41.03897063189756,120300
2002-08-05,41.483882904052734,41.483882904052734,41.29109585250565,41.3652455888112,159300
2002-08-06,41.147727966308594,41.28119820463256,41.04391987617389,41.28119820463256,90100
2002-08-07,41.276248931884766,41.350398636343925,41.0785176437972,41.12300897503695,38100
2002-08-08,41.13288116455078,41.226804346011264,41.07356066498477,41.192201664116794,142600
2002-08-09,41.43935775756836,41.464071799657106,41.187250391246565,41.187250391246565,99600
2002-08-12,41.52341842651367,41.66182921784292,41.498700597457216,41.572850313215376,38100
2002-08-13,41.854637145996094,41.889239861132005,41.55309758349183,41.68162357031654,109300
2002-08-14,41.731048583984375,42.131455674559895,41.70139019631673,42.01281458106438,146100
2002-08-15,41.488800048828125,41.68653129231762,41.39982117782834,41.523402733583055,60500
2002-08-16,41.21693420410156,41.65688440190906,41.16255799795356,41.64699953325086,55800
2002-08-19,41.25650405883789,41.281221901282535,41.093375350095016,41.281221901282535,41600
2002-08-20,41.63709259033203,41.63709259033203,41.37509656714967,41.42453219846543,56900
2002-08-21,41.53329086303711,41.54317950026419,41.37510661009458,41.41465361618273,37900
2002-08-22,41.310848236083984,41.42454494311726,41.27624554636261,41.42454494311726,43600
2002-08-23,41.498680114746094,41.52339793160245,41.35532884548912,41.38498720858927,26500
2002-08-26,41.518489837646484,41.622297970476005,41.45917305969398,41.483887126703316,27800
2002-08-27,41.39488220214844,41.48880540349516,41.31084763852783,41.39982652101149,38800
2002-08-28,41.54812240600586,41.607439141710906,41.52340458518879,41.56789213696757,40200
2002-08-29,41.74091339111328,41.815059317940964,41.6865371971661,41.80517445150071,101500
2002-08-30,41.82002639770508,41.839799912757776,41.67173069192843,41.810141525884916,28900
2002-09-03,42.276371002197266,42.4598985186484,42.16228315910809,42.20692376006606,110700
2002-09-04,42.26145935058594,42.38546598457754,42.20193858827454,42.24162161940357,77300
2002-09-05,42.43009567260742,42.4846588754518,42.25648720191206,42.45985604347496,57900
2002-09-06,42.10275650024414,42.28628779204254,42.0829149726672,42.20692168173477,32200
2002-09-09,42.04326248168945,42.23671276830382,42.03830115053895,42.1325475204643,88800
2002-09-10,42.1920280456543,42.266432804276754,41.99362040183872,42.018419465124055,21400
2002-09-11,42.03822326660156,42.03822326660156,41.90925538633431,41.968779896699154,77500
2002-09-12,42.256507873535156,42.27634939194681,42.06305779949991,42.06305779949991,39900
2002-09-13,42.45490646362305,42.484670627104464,42.306100783743496,42.350741352392795,125900
2002-09-16,42.46983337402344,42.618639204343815,42.46983337402344,42.51447398780384,108700
2002-09-17,42.60870361328125,42.63846401079267,42.360690208994846,42.360690208994846,30400
2002-09-18,42.65830612182617,42.76743262670907,42.613665524947315,42.61862306834434,76400
2002-09-19,42.871585845947266,42.89142736715393,42.717818787074656,42.866624519549795,61100
2002-09-20,42.85670471191406,42.89638775345772,42.75749710805493,42.80710280217606,128600
2002-09-23,43.09977340698242,43.184097064625554,43.01544974933929,43.09481207877265,293700
2002-09-24,43.253501892089844,43.37750849589099,43.094773590599615,43.18405849671169,158200
2002-09-25,42.92618179321289,43.149392454205255,42.85673830826477,43.00554415413098,88900
2002-09-26,42.896358489990234,42.950917904413956,42.68802455620095,42.821953783949816,256100
2002-09-27,43.17913818359375,43.17913818359375,42.91128323433018,42.946004961954095,199400
2002-09-30,43.432098388671875,43.50154182671555,43.308091708681935,43.35273608135776,97200
2002-10-01,43.05303955078125,43.29183403683767,43.05303955078125,43.16248860504458,150100
2002-10-02,43.19729232788086,43.212216501685305,42.9734183341099,43.067943162295514,43000
2002-10-03,43.17241668701172,43.21719300452471,42.99331900809605,43.20724102482487,37500
2002-10-04,43.21719741821289,43.26196994473026,42.86397801415787,42.868950208947446,61400
2002-10-07,43.38636779785156,43.41124396821453,43.25701854399139,43.37144361386206,80300
2002-10-08,43.30675506591797,43.53062533512805,43.21720619912008,43.24705455619627,134600
2002-10-09,43.52562713623047,43.52562713623047,43.36642965376723,43.500754783213715,94500
2002-10-10,43.276893615722656,43.515691807737056,43.23212108972724,43.48086746677334,120400
2002-10-11,42.96842956542969,43.167423533487316,42.87390477370566,43.12265102934434,133600
2002-10-14,42.93364334106445,43.08288894954922,42.84906665446274,43.08288894954922,51300
2002-10-15,42.21225357055664,42.575424900720385,42.18738121364305,42.45602392349046,167000
2002-10-16,42.21225357055664,42.39632723044347,42.19235340768498,42.25205389629995,124200
2002-10-17,41.98838424682617,42.05803292053002,41.89883540984008,41.89883540984008,205300
2002-10-18,42.11275100708008,42.14259934967366,41.72967956448097,41.9933538411383,98600
2002-10-21,41.78939437866211,42.13763781359012,41.779446192907926,42.13763781359012,572300
2002-10-22,41.76947784423828,41.87892682249064,41.72470533253538,41.814254151508464,197500
2002-10-23,41.859031677246094,42.03812933664527,41.81425916018017,41.88888002195671,64300
2002-10-24,42.058021545410156,42.14259436980989,41.74957479131069,41.81425125337744,41800
2002-10-25,42.24211502075195,42.2669873831462,42.15256616588129,42.2669873831462,566500
2002-10-28,42.291847229003906,42.396320220129304,42.28687124021679,42.34159573017305,22100
2002-10-29,42.674949645996094,42.83912324967705,42.45107931048238,42.49585185935695,118300
2002-10-30,42.66992950439453,42.77440626814507,42.57540851159936,42.60028085893851,53000
2002-10-31,42.88883972167969,43.13261005071757,42.5903448990012,42.610245059922114,71100
2002-11-01,42.631710052490234,42.81142248065192,42.47695535631989,42.796447079737845,63400
2002-11-04,42.49699020385742,42.49699020385742,42.33724599693938,42.407133849428384,85000
2002-11-05,42.382144927978516,42.432064241837246,42.307264052890666,42.432064241837246,426300
2002-11-06,42.52192687988281,42.756551879514085,42.26234412389507,42.26234412389507,135100
2002-11-07,42.93627166748047,42.96622250355982,42.706639704137096,42.7715344518426,68000
2002-11-08,43.04111099243164,43.04111099243164,42.92629308621206,42.9762124246809,27300
2002-11-11,43.15090560913086,43.15090560913086,42.98117540685562,42.98117540685562,52100
2002-11-12,43.01614761352539,43.1758917750821,42.991189849639134,43.1609163550301,48200
2002-11-13,43.06604766845703,43.11597079108053,42.98118445375633,42.996159867103565,330200
2002-11-14,42.52690887451172,42.78649156286705,42.52690887451172,42.761533813013145,71800
2002-11-15,42.5568962097168,42.5568962097168,42.25737629430143,42.38217657644137,40900
2002-11-18,42.59681701660156,42.65172942455085,42.45704136313099,42.49697454369336,35300
2002-11-19,42.631710052490234,42.76649246931332,42.59177311098845,42.74153473732197,11000
2002-11-20,42.397159576416016,42.73162347824824,42.33725405918812,42.72663039966182,251800
2002-11-21,42.15253829956055,42.257370064069896,42.0526958034075,42.21743306560868,95000
2002-11-22,42.10257339477539,42.21239812733152,42.062640244517,42.207408863922986,144800
2002-11-25,42.03771209716797,42.18747390758452,42.032719021193806,42.182480831610356,49700
2002-11-26,42.41706085205078,42.42205392272329,42.16246756811079,42.202404516296866,103800
2002-11-27,41.93286895751953,42.23738176297047,41.80806875228882,42.217413273101556,324900
2002-11-29,41.992794036865234,42.012762536059014,41.87797611865145,41.917913117039014,15000
2002-12-02,41.97773361206055,42.01791903224428,41.6863950641674,41.691419199763516,78000
2002-12-03,41.97270584106445,42.10330652920351,41.892338839950455,42.10330652920351,38200
2002-12-04,42.11832809448242,42.18363028181486,42.063074166257124,42.16353759588857,135600
2002-12-05,42.23391342163086,42.3042359950458,42.01289742958797,42.01289742958797,194900
2002-12-06,42.404701232910156,42.605624539774695,42.26908020434525,42.605624539774695,194800
2002-12-09,42.565425872802734,42.5905427154587,42.39966774106663,42.444873459096804,143900
2002-12-10,42.530216217041016,42.590494271477596,42.464917865617224,42.54528477257821,154600
2002-12-11,42.67089080810547,42.766330169162295,42.59052384533954,42.6759149408691,287200
2002-12-12,42.7060546875,42.76130865441151,42.605595019819454,42.64578041980794,69800
2002-12-13,42.55031967163086,42.68594437036875,42.479997173132965,42.68594437036875,32400
2002-12-16,42.3745231628418,42.59553897021707,42.35945460002795,42.59051483851592,37600
2002-12-17,42.47496795654297,42.5201774614717,42.389576908918826,42.5201774614717,73700
2002-12-18,42.736167907714844,42.736167907714844,42.61561178601893,42.63570447296825,106600
2002-12-19,42.95718765258789,42.99737303383282,42.7411960187575,42.80147409062489,187800
2002-12-20,42.95718765258789,42.98732860466603,42.88184485311476,42.92705053279864,79900
2002-12-23,42.93207931518555,42.96221643824014,42.80650285940569,42.881849499331466,109300
2002-12-24,43.092838287353516,43.13804399423996,43.08781415360241,43.11293099006678,37400
2002-12-26,43.158138275146484,43.158138275146484,43.042610020684634,43.0978639970938,85200
2002-12-27,43.41432189941406,43.469575884026725,43.27367678668797,43.33395107368949,149600
2002-12-30,43.49464797973633,43.580042859815215,43.4042366342792,43.41930519185539,60700
2002-12-31,43.482566833496094,43.63903217674655,43.44723582531725,43.54313207563636,194300
2003-01-02,42.79610824584961,43.27560077788417,42.77087017541036,43.20493880160095,106700
2003-01-03,42.866790771484375,42.866790771484375,42.70022866863265,42.750700982917515,518400
2003-01-06,42.76082229614258,42.801201711059996,42.65482922007905,42.801201711059996,214500
2003-01-07,42.89706802368164,42.92230610306229,42.74060271373439,42.76079240708085,101700
2003-01-08,42.998016357421875,43.053537051255354,42.962685356872406,42.98791958538474,162600
2003-01-09,42.47813415527344,42.71030979656716,42.427658008687956,42.69012010809084,98000
2003-01-10,42.523582458496094,42.70528590822184,42.4074926458635,42.68004782045211,235800
2003-01-13,42.599273681640625,42.629556292689884,42.46804261577747,42.49832522682673,219700
2003-01-14,42.700233459472656,42.74566124297942,42.66995083766227,42.700233459472656,204500
2003-01-15,42.79610824584961,42.92229089646806,42.760777257708,42.78096694390162,239000
2003-01-16,42.78097915649414,42.80116884845127,42.55889639575573,42.730506851996324,205700
2003-01-17,42.95764923095703,43.01316994063611,42.93241114445151,42.97783893000318,60100
2003-01-21,43.10395431518555,43.103954315185554,42.86673053552168,42.86673053552168,82600
2003-01-22,43.28064727783203,43.28064727783203,43.12922656336669,43.17970270204763,120500
2003-01-23,43.1898193359375,43.260481347946644,43.11915732392837,43.11915732392837,78300
2003-01-24,43.27562713623047,43.421999562195154,43.25039290121043,43.30591360936225,209400
2003-01-27,43.14442825317383,43.250421351880554,43.10404882963019,43.220134858825936,413800
2003-01-28,43.14945983886719,43.154508227992984,42.96271179993169,43.124225594823464,1596500
2003-01-29,42.962677001953125,43.16961457898836,42.9021079338799,43.16961457898836,83200
2003-01-30,43.12923049926758,43.15951695539778,42.871820652289934,42.90210325763105,31700
2003-01-31,43.14945983886719,43.215077345124634,43.02832545539651,43.215077345124634,44000
2003-02-03,43.08258056640625,43.19398418784095,42.97117694497155,43.16866377811411,57400
2003-02-04,43.22439193725586,43.254773356766066,43.15349938282906,43.23958264701096,88700
2003-02-05,43.05725860595703,43.249684440905625,42.94079399745317,43.17372707781286,138100
2003-02-06,43.22439193725586,43.259838214469255,43.16869009258417,43.183880802339274,92500
2003-02-07,43.244590759277344,43.29016282874311,43.05216505260129,43.08761128330224,44200
2003-02-10,43.163612365722656,43.28514573423745,43.102849544818575,43.24463461139919,29100
2003-02-11,43.20415115356445,43.21934186851758,43.052236277321654,43.12313271936254,272100
2003-02-12,43.391517639160156,43.391517639160156,43.23453788423457,43.27504903798029,50300
2003-02-13,43.548484802246094,43.68014409385288,43.4168255106393,43.44721080153655,107100
2003-02-14,43.39653778076172,43.49781556977937,43.2952638550967,43.452239598883274,51300
2003-02-18,43.39653778076172,43.396537780761726,43.22943618974969,43.30538970232215,62600
2003-02-19,43.55854797363281,43.57880351729688,43.4471482785053,43.4471482785053,34600
2003-02-20,43.710506439208984,43.72569714634824,43.533275083661366,43.558591641108855,59400
2003-02-21,43.548484802246094,43.695334807623766,43.53329408847521,43.68520508953952,21500
2003-02-24,43.720638275146484,43.73583284771976,43.619364304783886,43.695321714232996,47000
2003-02-25,43.78142166137695,43.93333653817305,43.7763568019222,43.83205866585705,72800
2003-02-26,43.91307067871094,43.94345210161212,43.77634654894581,43.80673183520189,52900
2003-02-27,43.95355224609375,43.968742947324,43.81176335345604,43.902911424189845,209300
2003-02-28,44.10039520263672,44.130780466338244,43.85733627313668,43.92822878285352,80700
2003-03-03,44.19179153442383,44.21718191096479,44.06484739977408,44.08008007608765,24800
2003-03-04,44.27809143066406,44.29840294737296,44.16130505212003,44.18669154248688,41100
2003-03-05,44.35936737060547,44.39999043138021,44.23750206230954,44.369521198785,50500
2003-03-06,44.26798629760742,44.37461897209015,44.21213053373124,44.36446513958082,83600
2003-03-07,44.41523361206055,44.54725665377942,44.288289422646415,44.54217780147467,79800
2003-03-10,44.56249237060547,44.59295773844968,44.51171546618862,44.51171546618862,58500
2003-03-11,44.552303314208984,44.61323788104773,44.47613607416725,44.57261483648857,61200
2003-03-12,44.450809478759766,44.52697682144463,44.430497929108334,44.51681910960293,51600
2003-03-13,43.958229064941406,44.217196268442144,43.94807523544456,44.146107839877835,326900
2003-03-14,44.10042190551758,44.141044986285706,44.00394693123105,44.04964499157253,50800
2003-03-17,43.75511169433594,44.22734411969762,43.72464633593463,44.22734411969762,98700
2003-03-18,43.51646041870117,43.846516039240896,43.51646041870117,43.79573914547217,203900
2003-03-19,43.30826187133789,43.51644823973306,43.29810417100978,43.49106173696796,152800
2003-03-20,43.338748931884766,43.51647003636816,43.18133936420369,43.46569313137712,170600
2003-03-21,42.94267272949219,43.22702642435779,42.922361197854855,43.22702642435779,148800
2003-03-24,43.35903549194336,43.40473739192963,43.252402890678475,43.2879470911001,45800
2003-03-25,43.364131927490234,43.49107610533767,43.216876216303746,43.41490882382344,107500
2003-03-26,43.46567153930664,43.46567153930664,43.333648552690256,43.36411777977256,75400
2003-03-27,43.546974182128906,43.607904967343266,43.450495273496,43.5622068784325,45800
2003-03-28,43.61801528930664,43.694182562100394,43.59262490703259,43.6840248595794,144700
2003-03-31,43.932838439941406,43.96838265402921,43.821130819971714,43.821130819971714,99300
2003-04-01,43.87632369995117,43.93233678528158,43.3874476142798,43.91197050982191,36500
2003-04-02,43.565650939941406,43.652221140111,43.499446999052346,43.59111070664598,147400
2003-04-03,43.64207458496094,43.68281491170717,43.519857489933656,43.53513414116064,170400
2003-04-04,43.565650939941406,43.67259128459935,43.51472363611665,43.56055743251737,26400
2003-04-07,43.463844299316406,43.463844299316406,43.163393105107886,43.20922306278238,62300
2003-04-08,43.626792907714844,43.62679290771484,43.479112154181855,43.479112154181855,41500
2003-04-09,43.77449035644531,43.784677383449214,43.54023924311719,43.65227322888551,101000
2003-04-10,43.657379150390625,43.78977945737181,43.637008975805784,43.72867281883081,77900
2003-04-11,43.545284271240234,43.6013012017525,43.387416610156535,43.43834391804631,102800
2003-04-14,43.42311096191406,43.530055317467095,43.35181731502029,43.530055317467095,107700
2003-04-15,43.575862884521484,43.61150968964591,43.458735447563875,43.59113953168761,27600
2003-04-16,43.67265319824219,43.687929856963834,43.53515549932074,43.53515549932074,23700
2003-04-17,43.61662673950195,43.77449069236196,43.15830765112013,43.76939717882092,20600
2003-04-21,43.535152435302734,43.535152435302734,43.38238197362498,43.468952290430344,24300
2003-04-22,43.545284271240234,43.703148047115825,43.49436084855857,43.65731813226476,24200
2003-04-23,43.52494430541992,43.58605090092612,43.47911047357946,43.55040409181057,75600
2003-04-24,43.779571533203125,43.86104830021265,43.6675375790051,43.6675375790051,87400
2003-04-25,43.850852966308594,43.91196343847933,43.78974249413784,43.799929515438095,325600
2003-04-28,43.80503463745117,43.97308558146314,43.79485149775877,43.97308558146314,41300
2003-04-29,43.7286376953125,43.76428450090052,43.62169727854842,43.71335716273727,54900
2003-04-30,43.99345016479492,44.00363718840658,43.69299901684049,43.71845880544735,113200
2003-05-01,44.03022766113281,44.19383261892715,43.96887433921623,44.09157708239952,77200
2003-05-02,43.78999328613281,44.04051287495272,43.77976576784732,43.98938698549126,158900
2003-05-05,43.92797088623047,43.96375934784376,43.723463719590335,43.79504454346669,76900
2003-05-06,44.19898223876953,44.204095995359545,43.866662172833365,43.94846277500656,74900
2003-05-07,44.505714416503906,44.55684024505412,44.32676816560214,44.32676816560214,159400
2003-05-08,44.5517578125,44.77160254040539,44.510855560644714,44.63356231621058,113200
2003-05-09,44.62333679199219,44.633564305738616,44.464845434805035,44.49040641786389,82800
2003-05-12,44.81248092651367,44.894281486006356,44.68466438302712,44.88917163273587,36300
2003-05-13,44.85336685180664,44.85336685180665,44.66419703197774,44.66931078404067,120300
2003-05-14,45.09880447387695,45.13970671822266,44.84828505340176,44.94542690855963,177500
2003-05-15,45.052772521972656,45.14480058087197,44.90450487704315,44.93517959645926,68500
2003-05-16,45.293094635009766,45.30332214875999,45.098814780945226,45.1959566583043,137800
2003-05-19,45.2828483581543,45.461790752687655,45.22149500832072,45.461790752687655,69000
2003-05-20,45.584510803222656,45.58451080322266,45.21639839771114,45.22150825287178,130900
2003-05-21,45.441341400146484,45.686750908356125,45.42089028274136,45.42089028274136,83500
2003-05-22,45.656089782714844,45.65608978271485,45.50782206285025,45.543610553807014,414300
2003-05-23,45.60498046875,45.75836201341439,45.574305720079,45.68678499941226,82200
2003-05-27,45.43621826171875,45.68162379752533,45.42599075568059,45.6356117223056,176200
2003-05-28,45.446449279785156,45.48735150930795,45.23171842576741,45.33397009892311,204400
2003-05-29,45.68673324584961,45.70207060281107,45.5435793800089,45.564030489507616,97800
2003-05-30,45.661190032958984,45.68675490711592,45.446459132388476,45.61006418529727,165000
2003-06-02,45.48381805419922,45.50432520409568,45.376158450746985,45.473562523581535,165700
2003-06-03,45.7862663269043,45.85291550785793,45.611961508828145,45.611961508828145,77000
2003-06-04,45.91958236694336,45.950341134868424,45.765780704640534,45.87856806881744,183600
2003-06-05,45.75552749633789,46.04774751549121,45.72476872948131,46.01698874863463,61500
2003-06-06,45.70425033569336,45.72475747899821,45.5453209529152,45.61197014649037,110900
2003-06-09,45.955467224121094,45.97597437243623,45.817048862167226,45.89907354408914,48800
2003-06-10,46.211814880371094,46.24257365660564,46.088775864093094,46.088775864093094,65600
2003-06-11,46.11441421508789,46.329737417027815,46.109290359126305,46.247708785557286,79600
2003-06-12,46.293800354003906,46.38608050804434,46.15537816727519,46.1810130644727,50100
2003-06-13,46.46295928955078,46.529608431784226,46.38093469085491,46.406565666738466,75200
2003-06-16,46.22206115722656,46.55016774249004,46.21180562630887,46.55016774249004,161200
2003-06-17,45.97087097167969,46.150303725361596,45.94523995620552,46.119544942256326,135200
2003-06-18,45.694007873535156,45.88369606983879,45.67862848949354,45.852937301755574,252300
2003-06-19,45.760643005371094,45.82216052260826,45.550447724577275,45.699121576796365,202600
2003-06-20,45.68891525268555,45.714546273163336,45.55562064764015,45.63764538904709,61300
2003-06-23,45.86320114135742,45.92984646040893,45.67864066100268,45.68889619398895,38100
2003-06-24,46.078495025634766,46.09387831664362,45.842668744221925,45.91956955391556,132200
2003-06-25,45.72988510131836,46.22204875853366,45.63248105176235,46.22204875853366,164700
2003-06-26,45.278751373291016,45.55559203542866,45.23261321860423,45.55559203542866,470200
2003-06-27,45.23776626586914,45.37106087321466,45.05833347406258,45.35568147839431,244200
2003-06-30,45.345375061035156,45.365882201566016,45.17619799649548,45.23259165512108,126500
2003-07-01,45.46575164794922,45.744683123197866,45.419265039180615,45.574228283500645,167200
2003-07-02,45.512245178222656,45.56389828275246,45.21265165471884,45.21265165471884,86900
2003-07-03,45.22298049926758,45.491578982755634,45.19198548668437,45.46575046241611,205300
2003-07-07,44.98020553588867,45.12483578827436,44.96987255164466,45.021529591107104,196100
2003-07-08,44.995697021484375,45.14549375250943,44.892390833615316,45.13516076919545,156700
2003-07-09,45.07832717895508,45.176470785554976,45.006012081737445,45.109322178389235,90600
2003-07-10,45.18165588378906,45.264300054270485,45.083512236768456,45.20748046293001,292800
2003-07-11,45.34177017211914,45.34693666298835,45.11449186440835,45.11449186440835,37900
2003-07-14,45.07832717895508,45.383087037981326,45.067998139728516,45.28494343138143,187400
2003-07-15,44.463680267333984,45.06802998144589,44.36553659139307,45.02154336076652,530600
2003-07-16,44.47917175292969,44.48950079851242,44.174411706363955,44.174411706363955,304400
2003-07-17,44.38621520996094,44.4068772516098,44.14344114668869,44.148607642321274,173800
2003-07-18,44.272544860839844,44.370688504529966,44.25704932570534,44.32936445025215,182600
2003-07-21,43.69400405883789,44.215709217254144,43.59586439165979,44.1330650795843,497800
2003-07-22,43.84897994995117,43.869641975579036,43.637201083802836,43.74050727106371,121500
2003-07-23,43.983314514160156,44.164102449461204,43.947156927099954,44.0349676469774,209400
2003-07-24,43.81282424926758,43.84898181043087,43.725013592282245,43.80249520645461,186300
2003-07-25,43.75599670410156,44.065919163549694,43.719839149513916,43.85414032692999,34700
2003-07-28,43.43571472167969,43.632001847396346,43.42021919930742,43.621668871897846,124100
2003-07-29,43.01221466064453,43.72504123258137,43.01221466064453,43.37379444172468,297800
2003-07-30,43.3582763671875,43.5545597297472,43.20847961383443,43.23430419421176,158600
2003-07-31,43.06901931762695,43.244644622465565,42.71777264882945,43.13100541478406,241800
2003-08-01,43.24459457397461,43.41653186786171,43.05702733974525,43.09349852556423,160400
2003-08-04,43.56240463256836,43.588457176015744,43.24458268279841,43.29147249093167,498600
2003-08-05,43.27062225341797,43.64054520411723,43.15599745671082,43.531131709549186,169300
2003-08-06,43.7134895324707,43.786431865517756,43.359196496931126,43.38003773138158,338000
2003-08-07,43.86980438232422,43.88543829357385,43.604087516981515,43.85417444613466,292400
2003-08-08,43.864601135253906,44.156370571435204,43.81770734726167,43.95838473617796,235900
2003-08-11,43.68220901489258,43.79162644774535,43.5363244044989,43.79162644774535,150300
2003-08-12,43.60406494140625,43.817680583833,43.55717118205628,43.69263718399642,197500
2003-08-13,43.11953353881836,43.40088427573286,43.072639761802854,43.374831735717635,346200
2003-08-14,43.20809555053711,43.21851417903252,42.806912764997804,42.984057274829595,314300
2003-08-15,43.192501068115234,43.29670333882176,43.192501068115234,43.29670333882176,10700
2003-08-18,43.32272720336914,43.359198371469425,43.17684253096803,43.31751590076648,137700
2003-08-19,43.66661834716797,43.66661834716797,43.24459406267228,43.286276553132886,162100
2003-08-20,43.458213806152344,43.71351210363855,43.359218885162136,43.692670858426865,99000
2003-08-21,43.29670333862305,43.453010719743936,43.07266487904941,43.37485702918349,129800
2003-08-22,43.327945709228516,43.36441688339212,43.166427102166985,43.18205703751426,241900
2003-08-25,43.14039611816406,43.40090574695717,43.06224243451383,43.296699510403045,99600
2003-08-26,43.29670333862305,43.29670333862305,42.9840925514431,43.004933800596675,87500
2003-08-27,43.192501068115234,43.32796720008317,43.06745754825505,43.32796720008317,50800
2003-08-28,43.49467849731445,43.53114967722411,43.27584744279603,43.27584744279603,64600
2003-08-29,43.374847412109375,43.520732148776986,43.27585249434452,43.51031351404114,62600
2003-09-02,43.19818878173828,43.487401266741784,43.19818878173828,43.32965009634377,118000
2003-09-03,43.3086051940918,43.32963948070105,43.21921248491246,43.256021483508654,105600
2003-09-04,43.58728790283203,43.61883731626126,43.33488457164094,43.43479238479305,145000
2003-09-05,44.13942337036133,44.17097278140413,43.844947490408046,43.97115315833587,130000
2003-09-08,43.93433380126953,44.3655263685161,43.93433380126953,44.07105055809299,224000
2003-09-09,44.144691467285156,44.165725751246505,43.902803219548844,44.044783633318076,69300
2003-09-10,44.44443130493164,44.4759847427145,44.18150872406227,44.223577299852614,136800
2003-09-11,44.286678314208984,44.32874688824263,44.19728560329752,44.3182277387942,79200
2003-09-12,44.465457916259766,44.71260574150993,44.44968320603181,44.53907590524329,146000
2003-09-15,44.54429244995117,44.60213567283076,44.30240443239817,44.41283130920221,125700
2003-09-16,44.50749206542969,44.57585042751323,44.360256201325825,44.475942669372124,80100
2003-09-17,44.75466537475586,44.82302377605578,44.51277717183457,44.58113557313449,177100
2003-09-18,44.749393463134766,44.791462011663896,44.528539601173236,44.75991260620585,132200
2003-09-19,44.749393463134766,44.791462011663896,44.63370696061846,44.72310362921226,195200
2003-09-22,44.55484390258789,44.581133742679796,44.30243656405869,44.5180349169564,249500
2003-09-23,44.660030364990234,44.67580507815987,44.444431919991224,44.49176007138038,96300
2003-09-24,44.886104583740234,44.964982092294335,44.596888389667434,44.62844180021512,258000
2003-09-25,44.9492301940918,45.04388244999507,44.87560820671923,44.9334514748756,314800
2003-09-26,45.29102325439453,45.30154239985033,45.04913506333199,45.085944048670235,281300
2003-09-29,45.096473693847656,45.259484379459266,45.075439409917216,45.17009168166448,97500
2003-09-30,45.53292465209961,45.685420210411216,45.19112855134153,45.19112855134153,450400
2003-10-01,45.734981536865234,45.851653058388685,45.634223078670665,45.750890554157166,102100
2003-10-02,45.57057189941406,45.68724339261091,45.37435129303427,45.46450911252745,163500
2003-10-03,44.939449310302734,45.16748775029571,44.891722310459635,45.16748775029571,319500
2003-10-06,45.072044372558594,45.13568443909259,44.849310208740405,44.849310208740405,89900
2003-10-07,44.812217712402344,45.050861040385136,44.791004342753745,45.04025637857911,93000
2003-10-08,44.891746520996094,44.9712956096687,44.727343992130116,44.727343992130116,116100
2003-10-09,44.74856948852539,44.75917819444413,44.600079973949576,44.637202352593526,173700
2003-10-10,44.88111877441406,44.97127652787329,44.84930077085963,44.89172747295421,73400
2003-10-13,44.812217712402344,44.944798238178684,44.732668587729236,44.944798238178684,62100
2003-10-14,44.63190460205078,44.77508977186844,44.58947786801738,44.642509262541104,118700
2003-10-15,44.472808837890625,44.5099312207188,44.361441689406114,44.46220013077613,62800
2003-10-16,44.228851318359375,44.626592779772615,44.212942307268506,44.52583031481661,89600
2003-10-17,44.46752166748047,44.49403939947741,44.24478728444238,44.31903207878841,84800
2003-10-20,44.49934387207031,44.621315729086085,44.36676330381274,44.414490366287296,90700
2003-10-21,44.578853607177734,44.71673842165792,44.54703559077255,44.63188902923256,213400
2003-10-22,44.90234375,44.95007481372151,44.743249645007765,44.817494369877615,167300
2003-10-23,44.75923156738281,44.944843681934884,44.674378002992924,44.918325931552886,146700
2003-10-24,45.072044372558594,45.15689779460392,44.87582791463804,44.94476828552447,136500
2003-10-27,44.95010757446289,45.0773837604255,44.88116310395385,44.97662125493506,171300
2003-10-28,45.162193298339844,45.220524957027315,44.780361065999266,44.89703247544034,174300
2003-10-29,44.870548248291016,45.10389124124768,44.870548248291016,45.08797818133475,111400
2003-10-30,44.70616912841797,44.76450490199542,44.584193225654786,44.62661997844528,302000
2003-10-31,44.86518096923828,44.89700299839601,44.764422673991625,44.78563196538957,77600
2003-11-03,44.69443130493164,44.747638149362636,44.55077241902577,44.726354599705836,133500
2003-11-04,44.85409164428711,44.85940949137287,44.74235190468199,44.779601190833866,84700
2003-11-05,44.69443130493164,44.84873399537693,44.65186420561804,44.822128543450425,172900
2003-11-06,44.46565628051758,44.572070012600435,44.444372722216265,44.56143026316161,143700
2003-11-07,44.39117431640625,44.42841953567595,44.279438658597165,44.33264553477895,112900
2003-11-10,44.3752326965332,44.51889173303378,44.30606007278091,44.42843959673985,97800
2003-11-11,44.444374084472656,44.56143162900591,44.32199869476883,44.32199869476883,27300
2003-11-12,44.5880241394043,44.593341983029994,44.47096662887711,44.47096662887711,80200
2003-11-13,44.9764518737793,44.9870956832032,44.75298058896401,44.75830249367596,134700
2003-11-14,45.221195220947266,45.22651712430616,44.992402089588566,44.992402089588566,70000
2003-11-17,45.274410247802734,45.418073248462804,45.269092402906864,45.269092402906864,113300
2003-11-18,45.460636138916016,45.460636138916016,45.157352571672824,45.194597779600116,95700
2003-11-19,45.15202331542969,45.50851368460161,45.13073976301938,45.492552035149515,524800
2003-11-20,45.434043884277344,45.434043884277344,45.22121232308209,45.396798665525004,59600
2003-11-21,45.41276168823242,45.51917950174329,45.40743978270075,45.481934281870615,237400
2003-11-24,45.17329406738281,45.29566938478722,45.12008723114519,45.27438583840789,164400
2003-11-25,45.2850341796875,45.364846471753275,45.21054378960526,45.21054378960526,126400
2003-11-26,45.17329406738281,45.30631318768758,45.12008723114519,45.23182280507062,56800
2003-11-28,44.8753662109375,45.003067596591166,44.8700483644372,45.003067596591166,121400
2003-12-01,44.60112380981445,44.68115056519122,44.42506576205155,44.66514602818184,201100
2003-12-02,44.729122161865234,44.729122161865234,44.49438238900381,44.63309503000786,278700
2003-12-03,44.611785888671875,44.78250769447236,44.553099886334614,44.7078171588302,119300
2003-12-04,44.70783233642578,44.78785503011672,44.59579242459787,44.62780557240454,78000
2003-12-05,45.25202560424805,45.3480569464774,45.03862216925705,45.09197201042181,1858200
2003-12-08,45.0813102722168,45.25203223114443,45.05463331256175,45.25203223114443,107200
2003-12-09,44.85723876953125,45.26803708681923,44.76120741258524,45.198682689709784,282800
2003-12-10,44.96928787231445,45.022637737312685,44.84124738225196,45.017301529712725,158200
2003-12-11,45.241329193115234,45.284006597367664,44.825190921436054,44.89454933521397,52200
2003-12-12,45.241329193115234,45.433391758404255,45.22532058739994,45.278674465792015,96700
2003-12-15,45.21997833251953,45.32134172404768,45.118610870662856,45.21997833251953,204500
2003-12-16,45.76423263549805,45.77500775644391,45.581022690838694,45.70495919261465,79000
2003-12-17,45.88277816772461,46.0336545229506,45.85044458369593,45.931272377159104,92600
2003-12-18,46.03904724121094,46.05521197877838,45.8450621682563,45.88817087581791,71900
2003-12-19,46.04444885253906,46.04444885253906,45.88818692734543,45.969010643454524,342100
2003-12-22,45.92047119140625,46.1090665283893,45.8773625112187,46.08751218829552,80500
2003-12-23,45.607967376708984,45.866615505272364,45.607967376708984,45.85044665699072,87400
2003-12-24,45.893550872802734,45.89894048836923,45.73189940545707,45.769618492278276,33900
2003-12-26,46.03904724121094,46.049822362565024,45.974384179868515,45.99593853364932,120800
2003-12-29,45.75884246826172,45.90971882612104,45.75884246826172,45.866614231784396,88300
2003-12-30,45.710330963134766,45.77498988571176,45.602559240388324,45.667222274036185,86500
2003-12-31,45.79085922241211,45.807081409964226,45.682736053205076,45.73679763780859,182200
2004-01-02,45.423274993896484,45.69358728149907,45.27730817343189,45.69358728149907,259700
2004-01-05,45.38542556762695,45.4178658426968,45.261084241211755,45.30433519154645,210700
2004-01-06,45.72603225708008,45.78550129643149,45.46653061948856,45.46653061948856,144300
2004-01-07,45.82870101928711,45.915202851104766,45.677326938240576,45.69895239619499,66500
2004-01-08,45.82870101928711,45.89357739315035,45.73679591645662,45.79085749902548,140000
2004-01-09,46.3693733215332,46.39640620325084,46.250439366036105,46.3315297619117,914600
2004-01-12,46.3693733215332,46.57481332345447,46.29368620229021,46.3315297619117,136000
2004-01-13,46.618080139160156,46.628890820740736,46.30451675300272,46.36398581329603,77200
2004-01-14,46.70994567871094,46.73157114813667,46.48828771057462,46.54775672033624,114200
2004-01-15,46.737022399902344,46.964087999648406,46.55861931211435,46.70999362885121,472900
2004-01-16,46.54237747192383,46.82891202164127,46.493723229765926,46.82891202164127,64400
2004-01-20,46.46127700805664,46.6126512281784,46.407211251180456,46.4288367290033,86900
2004-01-21,46.59642791748047,46.618053392874444,46.43964631435243,46.54236216667669,248700
2004-01-22,46.79646301269531,46.79646301269531,46.58021647722766,46.66671426648706,176000
2004-01-23,46.44505310058594,46.91539377911678,46.3963947504331,46.855924753728665,344900
2004-01-26,46.250423431396484,46.43964116431287,46.21257988481321,46.43964116431287,283700
2004-01-27,46.43424606323242,46.450464141115376,46.2396208793604,46.2396208793604,138100
2004-01-28,46.09904098510742,46.61804404117404,45.834136182787795,46.4180115273851,805400
2004-01-29,46.04498291015625,46.08823385559349,45.87739065238345,45.97470321729863,155100
2004-01-30,46.255828857421875,46.277454331423385,46.104454664048696,46.21258203405626,110000
2004-02-02,46.209712982177734,46.45371943046767,46.17175633162231,46.20971298217774,78600
2004-02-03,46.38870620727539,46.38870620727539,46.26941255878464,46.35074951338918,89200
2004-02-04,46.312774658203125,46.339884207794206,46.2260141707891,46.339884207794206,126100
2004-02-05,46.13923645019531,46.36155701343039,46.090436796977585,46.29648667217389,209700
2004-02-06,46.42121505737305,46.49712840544497,46.372411255345554,46.41579149337728,297000
2004-02-09,46.529659271240234,46.57846307091379,46.470012481065325,46.529659271240234,176000
2004-02-10,46.399539947509766,46.49714344616997,46.367006826945875,46.47002975438771,344200
2004-02-11,46.64356994628906,46.79540090442546,46.29653603020421,46.345339872419274,202200
2004-02-12,46.616424560546875,46.741137580551936,46.54051120829142,46.68691434850767,109000
2004-02-13,46.735687255859375,46.849557208962146,46.67604049895344,46.74653024031287,205900
2004-02-17,46.735687255859375,46.8061769972188,46.68688348340694,46.8061769972188,48000
2004-02-18,46.7248649597168,46.91464831572142,46.69233185210654,46.91464831572142,74200
2004-02-19,46.7574462890625,46.76828928950017,46.621886030252355,46.64357203112769,39700
2004-02-20,46.60015106201172,46.741130616929794,46.53508071107251,46.730287626923335,62300
2004-02-23,46.75198745727539,46.77367757876155,46.61100373609918,46.64353684984459,230200
2004-02-24,46.833335876464844,46.93635880760725,46.77368906197618,46.82791231051987,299600
2004-02-25,46.887542724609375,46.925499399010285,46.84958605020847,46.887542724609375,108700
2004-02-26,46.817073822021484,46.84418751978341,46.74116043265141,46.806230825098375,169800
2004-02-27,47.001399993896484,47.03393309542156,46.87126345083006,46.941753216456426,161900
2004-03-01,47.05091094970703,47.16511584541188,46.9639026351017,47.121609613617906,284600
2004-03-02,46.779029846191406,46.93673691445795,46.692021482070025,46.92586242481215,284500
2004-03-03,46.73550033569336,46.75725345121521,46.604981642562244,46.69743342077576,270400
2004-03-04,46.8823356628418,46.8823356628418,46.67568725807563,46.71375417866369,383700
2004-03-05,47.464168548583984,47.58380850236941,47.43698029025565,47.55661609506223,904800
2004-03-08,47.730674743652344,47.7361140592433,47.63278780792598,47.68717266587118,208400
2004-03-09,47.91016387939453,47.93191700597153,47.708954719280456,47.72526852696704,254300
2004-03-10,47.9046745300293,47.942745573517065,47.81222695036555,47.823105576785004,245100
2004-03-11,47.91016387939453,48.0352433199661,47.70351540039004,48.02436468218527,486800
2004-03-12,47.7632942199707,47.948189412750274,47.757854905776874,47.882934238348575,245600
2004-03-15,47.790504455566406,47.87207761003733,47.69805681669142,47.77419065446882,432800
2004-03-16,48.02433776855469,48.056969514625145,47.659982437796195,47.71980246511264,178400
2004-03-17,47.991722106933594,48.15486843091312,47.942780699129756,48.15486843091312,522300
2004-03-18,47.83943176269531,48.00801317505362,47.80136485832469,47.89381246194173,207200
2004-03-19,47.774192810058594,47.83945216637646,47.71437277067968,47.80682456270912,329500
2004-03-22,47.95365905761719,47.98085149680449,47.8285796459328,47.855772085120094,87300
2004-03-23,48.02433776855469,48.02433776855469,47.910137029763916,47.93189014415012,200400
2004-03-24,47.991722106933594,48.03522834652591,47.94821586734127,48.00259659233999,397900
2004-03-25,47.92645263671875,47.96451955108538,47.86663260714511,47.91013883755912,71000
2004-03-26,47.62192916870117,47.88296246714003,47.55123463842858,47.88296246714003,316200
2004-03-29,47.42070388793945,47.442457003040985,47.33369557651579,47.431582519981454,196500
2004-03-30,47.43700408935547,47.556639954183254,47.393497875428494,47.556639954183254,78500
2004-03-31,47.61104202270508,47.64910893641931,47.469648850774014,47.48052333369991,222000
2004-04-01,47.494293212890625,47.587011893549445,47.38520874051512,47.5706502629799,438500
2004-04-02,46.61619186401367,46.79617815689083,46.5507411681089,46.74163382972956,321800
2004-04-05,46.387123107910156,46.46893128065556,46.30531077401658,46.430752746324984,214500
2004-04-06,46.550758361816406,46.58348580243077,46.468946002004714,46.52349034931216,87400
2004-04-07,46.55620193481445,46.68164391535439,46.52347866356897,46.5671083048468,144100
2004-04-08,46.46894836425781,46.58348817050652,46.46349725816955,46.50712691262416,43200
2004-04-12,46.32168197631836,46.36531578489392,46.26714179617342,46.36531578489392,98900
2004-04-13,45.96171188354492,46.12533659433588,45.96171188354492,46.05443477227273,382100
2004-04-14,45.92896270751953,45.934417971109596,45.65080252048298,45.65080252048298,473900
2004-04-15,45.86355209350586,45.961726118155646,45.78719498112831,45.86900736186155,128200
2004-04-16,46.032623291015625,46.081708213347284,45.92353875058458,46.01080638292941,135900
2004-04-19,45.91263198852539,46.119886371865626,45.896270347886656,46.09261835785096,211700
2004-04-20,45.5799446105957,45.92355164685846,45.579944610595696,45.858105065370836,395700
2004-04-21,45.67267608642578,45.78176068784964,45.60722948672353,45.60722948672353,340300
2004-04-22,45.85263442993164,45.92353625649887,45.759915696463075,45.84717916291893,1074000
2004-04-23,45.6617317199707,45.72717826522669,45.59082574774524,45.68899972677783,94800
2004-04-26,45.656253814697266,45.69443233421464,45.60716893009488,45.60716893009488,51700
2004-04-27,45.83628845214844,45.83628845214844,45.634485115217636,45.75447606360076,65700
2004-04-28,45.53624725341797,45.7925904363495,45.50897926955734,45.73259504625297,86800
2004-04-29,45.43267822265625,45.65083900686066,45.329048937353996,45.579937168109254,197000
2004-04-30,45.541751861572266,45.579930409261735,45.38358240367317,45.46539476619334,57000
2004-05-03,45.524253845214844,45.595388166168675,45.480483695261746,45.50237085751297,69400
2004-05-04,45.392887115478516,45.7704329601966,45.392887115478516,45.633641471477866,588700
2004-05-05,45.28893280029297,45.55157434502839,45.28346414538392,45.55157434502839,290200
2004-05-06,45.24517822265625,45.32178116314105,45.22329107186815,45.28347969289865,256000
2004-05-07,44.687076568603516,44.85670098249954,44.60500077795036,44.85670098249954,428400
2004-05-10,44.67612838745117,44.78008714379847,44.62141259339246,44.7089570289769,275300
2004-05-11,44.76365661621094,44.785543760819614,44.65969789750223,44.687053697353576,132400
2004-05-12,44.6979866027832,44.81836377650942,44.64873949782939,44.74175670496518,74100
2004-05-13,44.56121063232422,44.61592641000886,44.49007636424255,44.59403926402575,143200
2004-05-14,44.785526275634766,44.82930054776174,44.63232049773472,44.64873480614624,186900
2004-05-17,45.075538635253906,45.10837143762899,44.98799423619378,44.98799423619378,623700
2004-05-18,44.98802947998047,45.004443806754175,44.900480837788656,44.966142319432514,148000
2004-05-19,44.78008270263672,44.840271322496214,44.736312576459255,44.77461404595647,59200
2004-05-20,45.00442886352539,45.02631601680595,44.89499727167022,44.977068878287774,136900
2004-05-21,44.90595245361328,45.1248198786076,44.86765096733044,45.1248198786076,212800
2004-05-24,44.93877029418945,44.94971595880759,44.8348115276046,44.922355971810155,64000
2004-05-25,44.95518112182617,45.05366703930039,44.94423545907535,45.01536556876691,74600
2004-05-26,45.179500579833984,45.201387722778655,45.05365055153859,45.102897666800494,131000
2004-05-27,45.42571258544922,45.44213106957417,45.294393934262224,45.3655281751697,577000
2004-05-28,45.29988479614258,45.42573066938704,45.19044906446661,45.376487721042594,59800
2004-06-01,45.074249267578125,45.184055069704854,44.969938991386556,45.16209390927951,188900
2004-06-02,44.99738693237305,45.1126798821658,44.99189559514586,45.0632704131102,141200
2004-06-03,45.06877899169922,45.10721418190227,44.96446866676169,45.00839100813803,165000
2004-06-04,44.88209915161133,45.085236765782135,44.86562932669598,45.085236765782135,157000
2004-06-07,44.94798278808594,44.95346993730013,44.777784823184845,44.8436683117269,119600
2004-06-08,44.93696975708008,44.93696975708008,44.78324590965373,44.84363801952275,627400
2004-06-09,44.80523681640625,44.87112030420205,44.69543519207674,44.816215303373816,146000
2004-06-10,44.85465621948242,44.887600065004285,44.72289340338816,44.783285566736446,156600
2004-06-14,44.63502883911133,44.77228292018035,44.60757634743267,44.74483042850169,185900
2004-06-15,45.22796630859375,45.277379959185296,44.926009823259015,44.96444080098025,423700
2004-06-16,45.129146575927734,45.16757755652718,45.02483630782223,45.06326728842167,55100
2004-06-17,45.255409240722656,45.255409240722656,44.991879600124236,45.035801905000895,91500
2004-06-18,45.16209411621094,45.28287840477224,45.15660277891368,45.26091724424627,114600
2004-06-21,45.233455657958984,45.2773779701859,45.16757218961861,45.23894699415291,44300
2004-06-22,45.173072814941406,45.21699513620026,45.15660299163511,45.206012461553996,209400
2004-06-23,45.23893356323242,45.24991204369865,45.112658000235356,45.118149334798964,149000
2004-06-24,45.414615631103516,45.507947369337465,45.376184668968314,45.43108544506707,188800
2004-06-25,45.436580657958984,45.44206780397476,45.348736057773564,45.35971872712728,61200
2004-06-28,45.10173416137695,45.29388921729286,45.09624282016048,45.26643669987656,102800
2004-06-29,45.31584167480469,45.315841674804695,45.07427297175005,45.14015648767366,103600
2004-06-30,45.595794677734375,45.62873430762338,45.354226222119046,45.38167870613387,452200
2004-07-01,45.68561553955078,45.72967852767309,45.48180793488057,45.591971708904225,115500
2004-07-02,46.07670593261719,46.181360265218466,45.96653794766989,46.11526367672901,146900
2004-07-06,45.98856735229492,46.12076892218005,45.97204320667891,46.08221118158318,107100
2004-07-07,46.01060485839844,46.082215098793064,45.97204711452399,45.994080711377805,61500
2004-07-08,46.01612091064453,46.13179415886474,45.999596761253,46.04365975880392,186500
2004-07-09,46.09322738647461,46.11526098217662,46.021621352302056,46.07119379077259,192300
2004-07-12,46.1483154296875,46.181363726409124,46.115267132965876,46.12077658324589,182400
2004-07-13,46.04912185668945,46.060140746605974,45.944467617333515,46.04361241173119,84200
2004-07-14,46.0271110534668,46.06566878230258,45.99406277231534,46.016096360575396,252300
2004-07-15,46.00507736206055,46.049144538481855,45.96651963331121,46.0271109502712,77600
2004-07-16,46.45124816894531,46.451248168945305,46.22540705136804,46.22540705136804,225800
2004-07-19,46.440242767333984,46.45676691196229,46.38516088441352,46.39617978248459,44700
2004-07-20,46.13727569580078,46.40717977835225,46.1152421091162,46.33557377348507,111200
2004-07-21,46.03813552856445,46.06016911949493,45.90593398298155,46.02161138598603,98800
2004-07-22,46.09322738647461,46.164833420647156,46.06568434122741,46.09873683601978,54400
2004-07-23,46.20338821411133,46.21440711249852,46.104239141018624,46.104239141018624,54000
2004-07-26,46.043636322021484,46.12626122940153,46.03813107667954,46.09872239525975,65300
2004-07-27,45.71864700317383,46.032618266301355,45.702122863400334,46.032618266301355,73800
2004-07-28,45.790260314941406,45.801279211533036,45.59196220106943,45.641538830776284,83600
2004-07-29,45.834346771240234,45.839856221852955,45.746216573834154,45.76824597132605,39600
2004-07-30,46.1483154296875,46.15933433024753,45.999593891960956,46.00509913976173,64700
2004-08-02,46.19419860839844,46.28814862583049,46.15551479518032,46.28814862583049,226300
2004-08-03,46.3046760559082,46.35441052573408,46.19414798482603,46.19414798482603,167700
2004-08-04,46.27709197998047,46.42077651640598,46.26051380581969,46.30472508106128,103100
2004-08-05,46.41521072387695,46.459421962609476,46.3654762424647,46.3654762424647,130000
2004-08-06,47.050724029541016,47.08388034375382,46.895988941594716,47.00098955822182,235700
2004-08-09,46.8959846496582,46.99545779940772,46.8904571923903,46.973352186550656,96100
2004-08-10,46.70256805419922,46.99546006027033,46.69151313913158,46.9567762899631,151600
2004-08-11,46.86286926269531,46.86286926269531,46.70812983756566,46.72471222385036,174900
2004-08-12,46.92362976074219,46.95125862174238,46.75231227119222,46.80757420940823,80100
2004-08-13,47.00651550292969,47.13362174174632,47.00651550292969,47.083883051351926,78300
2004-08-16,46.95679473876953,46.99547852427519,46.85732154515264,46.9899510645697,304300
2004-08-17,47.177852630615234,47.177852630615234,46.97890621857734,46.995484383544344,66400
2004-08-18,47.02308654785156,47.27729898703035,46.99545769400311,47.24966591696736,79600
2004-08-19,47.139137268066406,47.15018796523738,46.984397994174074,47.03413667197871,61800
2004-08-20,47.045223236083984,47.15575137313006,47.03969999139466,47.10048941271568,36700
2004-08-23,46.88493347167969,46.951250315536086,46.86835531476931,46.929144700917284,73100
2004-08-24,46.929141998291016,46.93466945568112,46.80756323299672,46.835196303732566,94300
2004-08-25,46.934696197509766,47.06732573693752,46.934696197509766,46.96232928399002,88900
2004-08-26,47.139137268066406,47.139137268066406,46.97887475369564,47.05071482584222,98700
2004-08-27,47.083900451660156,47.19442857326378,47.07284974760816,47.1281117003016,62200
2004-08-30,47.24967575073242,47.2717813681406,47.13362442150103,47.1723081979115,41400
2004-08-31,47.454166412353516,47.52047907192673,47.2607432453532,47.29390379135671,127600
2004-09-01,47.4463996887207,47.53509694341073,47.31335803600355,47.50737799399063,209500
2004-09-02,47.19140625,47.440864132330205,47.18586584300387,47.440864132330205,107100
2004-09-03,47.06388854980469,47.09714789444741,46.93084694191735,47.06388854980469,211800
2004-09-07,47.091590881347656,47.10268014619111,46.96963857327713,47.02507220954834,53300
2004-09-08,47.36322021484375,47.37984988185468,46.975176324223035,47.00843988756002,142700
2004-09-09,47.280067443847656,47.485176537821445,47.25789314482495,47.39093470964614,105300
2004-09-10,47.37433624267578,47.47966317507151,47.35770656478548,47.44085918355485,150300
2004-09-13,47.490753173828125,47.50184244645762,47.363256143817075,47.40760054638013,90300
2004-09-14,47.50183868408203,47.55172771900838,47.38542670660256,47.46857509814648,119500
2004-09-15,47.451942443847656,47.496291069435046,47.39650877652229,47.479661392169206,66900
2004-09-16,47.7125129699707,47.773491308145594,47.47968889475031,47.47968889475031,249500
2004-09-17,47.546165466308594,47.74572999070725,47.546165466308594,47.67366666829745,142100
2004-09-20,47.81781768798828,47.834447367141486,47.67923138928732,47.67923138928732,181200
2004-09-21,47.851097106933594,47.89544575614658,47.651532414795156,47.76794444698925,81700
2004-09-22,48.045066833496094,48.06724113487506,47.79561334428497,47.81224301299031,93600
2004-09-23,47.87880325317383,48.08945293656596,47.851084297505906,48.07282325489275,246700
2004-09-24,47.87324142456055,47.878786059566785,47.734655154625926,47.83443743815155,93100
2004-09-27,48.00629425048828,48.02846856636506,47.91760121629943,47.967490255033475,201200
2004-09-28,47.956390380859375,48.05617265678731,47.878782413950645,48.00627940416484,202800
2004-09-29,47.657066345214844,47.773478351252336,47.645977070743264,47.762393306099774,226100
2004-09-30,47.60717010498047,47.6182593787617,47.40760547010595,47.50738778754321,175000
2004-10-01,47.416446685791016,47.477608014951414,47.3330444876621,47.455367145982905,270200
2004-10-04,47.43314743041992,47.455388309307025,47.260785921562196,47.266347201787454,278100
2004-10-05,47.43314743041992,47.48319046841939,47.3775473542091,47.43314743041992,220000
2004-10-06,47.27740478515625,47.410845645039785,47.24404563068748,47.410845645039785,137100
2004-10-07,47.19401168823242,47.29409341279926,47.16621380152507,47.266295526091916,130500
2004-10-08,47.59436798095703,47.638849717572,47.53320665361443,47.583249667809234,123400
2004-10-11,47.67219924926758,47.67776052572171,47.56656044870519,47.5721174831483,48800
2004-10-12,47.67219924926758,47.75004015158134,47.66664221482446,47.73336056422996,142700
2004-10-13,47.844600677490234,47.85015771609076,47.59995523461279,47.633314434272734,130600
2004-10-14,48.011383056640625,48.03918520735711,47.8112194491173,47.85570119345862,81300
2004-10-15,47.85011672973633,47.96687807054758,47.699996217839164,47.93351889946167,195100
2004-10-18,47.92244338989258,47.933561709514265,47.78344106354251,47.90020250863484,207800
2004-10-19,47.905723571777344,47.95576233108808,47.7333579472374,47.750037533674316,65300
2004-10-20,48.122596740722656,48.128153778332475,48.00027404109165,48.06699242851697,110700
2004-10-21,48.05586242675781,48.23378515332011,48.05586242675781,48.07254201955859,156600
2004-10-22,48.189266204833984,48.189266204833984,47.99466403572087,48.055825323443436,64100
2004-10-25,48.24488067626953,48.300484948687064,48.20040319715007,48.26156450320103,172300
2004-10-26,48.16153335571289,48.26717225187969,48.13929247177912,48.23381304698648,37400
2004-10-27,47.8668098449707,48.26157994378618,47.82233235162132,48.217098208425035,126800
2004-10-28,47.9390869140625,47.99468695435818,47.73892337538911,47.78340510443012,49500
2004-10-29,48.078125,48.078125,47.87240003123181,47.93356139378413,341100
2004-11-01,47.84107208251953,48.04742937235239,47.81876284131712,47.99723251588378,128800
2004-11-02,47.958168029785156,47.963746401013374,47.802007675799246,47.85777862292985,191300
2004-11-03,47.94149398803711,47.96380324433882,47.65705628900977,47.696096423773874,139800
2004-11-04,47.913578033447266,48.058581718239864,47.89126879231317,48.019541610018365,435100
2004-11-05,47.556640625,47.612415862626754,47.45067703462627,47.57894986904006,886400
2004-11-08,47.48970031738281,47.517583671260994,47.422772608982115,47.50085280792374,300600
2004-11-09,47.50083541870117,47.55103224538845,47.46179533352225,47.49526130299715,95000
2004-11-10,47.40604019165039,47.51200799604823,47.29449826969067,47.45065866245491,118700
2004-11-11,47.394901275634766,47.517595722910194,47.394901275634766,47.517595722910194,94500
2004-11-12,47.5733528137207,47.64027625852317,47.43949741401343,47.49527262475038,154700
2004-11-15,47.59571075439453,47.62917676908646,47.51205635530446,47.57340575134111,144700
2004-11-16,47.545440673828125,47.55659315718988,47.48966974692141,47.52870982126101,125900
2004-11-17,47.79646682739258,47.81877607476889,47.528764368984476,47.54549524075325,199600
2004-11-18,47.83549880981445,47.86338642805469,47.723956846959794,47.72953522161846,110100
2004-11-19,47.5733528137207,47.8243242418323,47.49527262475038,47.79643663646383,2162100
2004-11-22,47.60685729980469,47.64589742935832,47.53992953983203,47.54550791692683,168100
2004-11-23,47.56222915649414,47.73512051590829,47.52318903485049,47.55665078052959,183600
2004-11-24,47.62910461425781,47.62910461425781,47.54544608684877,47.59563865026452,51900
2004-11-26,47.456233978271484,47.47854321423704,47.41719387909467,47.433928997357604,62600
2004-11-29,47.171844482421875,47.283386510504165,47.132804347087514,47.261077253876586,455700
2004-11-30,47.127201080322266,47.1941288148591,47.071430095734925,47.1104702104514,182100
2004-12-01,47.11152648925781,47.251389709188494,47.04998633102537,47.251389709188494,257600
2004-12-02,47.00523376464844,47.08915255863442,46.926910695138105,47.016425213599724,886300
2004-12-03,47.475154876708984,47.59823514952096,47.413614740303004,47.45837197919558,224100
2004-12-06,47.56468200683594,47.61503498557393,47.48635894505396,47.54230764771544,325500
2004-12-07,47.559078216552734,47.58704829234257,47.46956373013971,47.52550815000503,1053000
2004-12-08,47.91154479980469,47.922736247761605,47.66538416419395,47.66538416419395,158500
2004-12-09,47.79963302612305,47.99544058867742,47.76047151361217,47.87795605114479,169400
2004-12-10,47.87232971191406,47.9450569691241,47.82198105729527,47.87792542963238,191900
2004-12-13,47.90594482421875,47.98986360330077,47.816434589941295,47.83321749210042,141800
2004-12-14,47.9898567199707,48.006639619722606,47.78286193198288,47.83321063123858,190900
2004-12-15,48.16327667236328,48.16327667236328,48.0457921278559,48.084953642691694,95000
2004-12-16,47.79401779174805,48.06814826740369,47.79401779174805,48.06814826740369,478500
2004-12-17,47.73250198364258,47.83320363571233,47.66536612616769,47.66536612616769,163600
2004-12-20,47.7884407043457,47.84438511143418,47.73809201845146,47.84438511143418,62900
2004-12-21,47.8556022644043,47.87238516871905,47.72692621751296,47.79406210305891,168400
2004-12-22,47.80525588989258,47.87798750969066,47.72693281340814,47.87798750969066,465100
2004-12-23,47.743751525878906,47.79970028100208,47.72137714577854,47.78291736178143,66400
2004-12-27,47.542320251464844,47.64302196735069,47.458401443511995,47.609451883196826,165200
2004-12-28,47.536705017089844,47.55908364124566,47.36886747006433,47.51992211604452,366800
2004-12-29,47.44160842895508,47.5814716563184,47.40803835195274,47.5814716563184,127800
2004-12-30,47.62067794799805,47.654243788262,47.45284021009631,47.503193238783226,135000
2004-12-31,47.67730712890625,47.80078053850023,47.67730712890625,47.694147915420785,151300
2005-01-03,47.77275848388672,47.79520860154369,47.60999834231529,47.66050789560188,323400
2005-01-04,47.475257873535156,47.77271847191066,47.46964856026057,47.77271847191066,1181000
2005-01-05,47.5538215637207,47.63239474595376,47.48647128669925,47.52575787781578,369000
2005-01-06,47.59870529174805,47.64921905707312,47.50329563514271,47.50329563514271,389100
2005-01-07,47.55946350097656,47.70538706033407,47.53701339323539,47.67171403968242,182400
2005-01-10,47.5538215637207,47.615553965260425,47.50330778547529,47.59871746648439,226300
2005-01-11,47.64923858642578,47.67729799473676,47.548215296286784,47.59311548788588,483900
2005-01-12,47.72216796875,47.75584095016868,47.59308535203489,47.63237192432844,100600
2005-01-13,47.91300964355469,47.92423254763405,47.688513024715824,47.772699792020006,101600
2005-01-14,47.88494873046875,47.95229900459146,47.76147536886899,47.800761958294636,510300
2005-01-18,47.86809158325195,47.88492807404049,47.722168193225876,47.78390484739401,215100
2005-01-19,47.8962287902832,47.913069590348016,47.7952096814276,47.87378295404121,95500
2005-01-20,47.980369567871094,47.985983162499686,47.82883676824401,47.86250977217934,151800
2005-01-21,48.07579040527344,48.0813997187839,47.92425330211659,47.95792631085424,324700
2005-01-24,48.0702018737793,48.115102096786394,47.99723794091251,48.07581547213542,217000
2005-01-25,47.89055252075195,48.075762525239696,47.85126593936815,48.04208525411341,270900
2005-01-26,47.90180969238281,47.9691600009019,47.87375027527266,47.92425979522251,674400
2005-01-27,47.82884979248047,47.82884979248047,47.78394958706122,47.82323619632324,60300
2005-01-28,48.07579040527344,48.08701331421308,47.95231699734377,47.95231699734377,103200
2005-01-31,48.092647552490234,48.0982568684084,47.96917409156196,48.03652013794426,74900
2005-02-01,48.05938720703125,48.12693894200057,48.01434985371943,48.08753233160233,115300
2005-02-02,48.06504440307617,48.08756309413772,47.97497393383114,48.0819366426232,220900
2005-02-03,47.98619842529297,47.98619842529297,47.88486653208266,47.88486653208266,65000
2005-02-04,48.23393630981445,48.3577869730927,48.18889892407664,48.18889892407664,414100
2005-02-07,48.32962417602539,48.346512117259245,48.22266578321087,48.262072411089974,149600
2005-02-08,48.37466049194336,48.43658580511414,48.25644061089011,48.31836592406089,120800
2005-02-09,48.611114501953125,48.611114501953125,48.36341747167029,48.36341747167029,325200
2005-02-10,48.30711364746094,48.521039059218225,48.30711364746094,48.509777566493604,175800
2005-02-11,48.24517822265625,48.34088371077598,48.21140234155525,48.284584848940796,176400
2005-02-14,48.30711364746094,48.340893830633746,48.19452449022103,48.228300378392795,129200
2005-02-15,48.23393630981445,48.30149238842118,48.20016041801185,48.24519350874816,130000
2005-02-16,48.05938720703125,48.245158773195286,48.01434985371943,48.20575216279705,64900
2005-02-17,47.95245361328125,48.03126688181791,47.91867772533726,47.94119641563359,128000
2005-02-18,47.71039581298828,47.82298499956084,47.665358420358395,47.7385452571325,243900
2005-02-22,47.71601486206055,47.77794018799358,47.670977480472686,47.73853355285448,104700
2005-02-23,47.755393981933594,47.87924456244057,47.65969282245043,47.86798307603159,258300
2005-02-24,47.676612854003906,47.8567581028376,47.6540941610245,47.8567581028376,142500
2005-02-25,47.744140625,47.783547244143996,47.64280870505839,47.71036475001925,425500
2005-02-28,47.434505462646484,47.72723965420527,47.37258017875936,47.654057180065124,397900
2005-03-01,47.435089111328125,47.49153843418709,47.35605919796412,47.40686660330228,300500
2005-03-02,47.42947006225586,47.480277496704716,47.37866693461674,47.40124753805959,149600
2005-03-03,47.401222229003906,47.51976710367662,47.38428786216601,47.491540287741834,598500
2005-03-04,47.61574935913086,47.672198705499326,47.53107318617362,47.55365378608282,179400
2005-03-07,47.62702941894531,47.700413119447454,47.621383193735014,47.63831756255797,163100
2005-03-08,47.401222229003906,47.50847896138717,47.38428786216601,47.50283273683873,696200
2005-03-09,47.03993606567383,47.24879897548629,46.99477488800365,47.24879897548629,262300
2005-03-10,47.124610900878906,47.22057517068322,46.97219300713621,47.07944972445093,262300
2005-03-11,46.92704391479492,47.07946184778645,46.915755771184564,47.04558880333948,203400
2005-03-14,47.03993606567383,47.03993606567383,46.86493757890359,46.87623002672461,192300
2005-03-15,46.949588775634766,47.13022908357138,46.89313948693045,47.13022908357138,99600
2005-03-16,47.05687713623047,47.237517565845636,47.01171595212478,47.05123091151536,223700
2005-03-17,47.237545013427734,47.305286828947935,47.164161276721735,47.2431912414236,342100
2005-03-18,47.118995666503906,47.158510645165016,47.06818823290553,47.14721819022775,200300
2005-03-21,47.06254577636719,47.10770267517309,47.03996517355943,47.09076829976967,448200
2005-03-22,46.7181396484375,47.2261917978394,46.7181396484375,47.18103064971387,302800
2005-03-23,46.82540512084961,46.86492005983779,46.61654228911435,46.61654228911435,355900
2005-03-24,46.864933013916016,46.91009418718718,46.808483700730335,46.84799865064097,132000
2005-03-28,46.71254348754883,46.768992829797405,46.68431666302016,46.752058457803706,68500
2005-03-29,46.90448760986328,46.910133837996284,46.80288134433023,46.80288134433023,349300
2005-03-30,47.0117073059082,47.01735352958487,46.864935637962205,46.876228085315546,244500
2005-03-31,47.24317169189453,47.24317169189454,47.11333434257753,47.20365672589515,675000
2005-04-01,47.3388786315918,47.42383799833707,47.055683623249486,47.40118187912414,367200
2005-04-04,47.31625747680664,47.45785508561159,47.2766103191899,47.28793622655922,135900
2005-04-05,47.321922302246094,47.378560481179136,47.25961900905493,47.321922302246094,75100
2005-04-06,47.46350860595703,47.46350860595703,47.40120532760444,47.42386145802492,51200
2005-04-07,47.28224182128906,47.57676273689804,47.27091160075813,47.480477468450204,196500
2005-04-08,47.333248138427734,47.338913252677344,47.18598541645024,47.26527973108057,86300
2005-04-11,47.474788665771484,47.474788665771484,47.287879011206,47.32186533462482,41900
2005-04-12,47.724002838134766,47.729663624516334,47.3671745203907,47.40682163111659,146100
2005-04-13,47.746681213378906,47.820310361574215,47.63340061475576,47.78632834259376,171500
2005-04-14,47.871280670166016,47.871280670166016,47.71835727222957,47.79198641624153,194700
2005-04-15,48.18279266357422,48.18279266357422,47.865615675745076,47.984557046181,177900
2005-04-18,48.080867767333984,48.23379555404796,48.06954186371778,48.21680021680167,326100
2005-04-19,48.3583869934082,48.3583869934082,48.109178278500416,48.120504179590625,107600
2005-04-20,48.33003234863281,48.35834923985807,48.075154400343585,48.075154400343585,229300
2005-04-21,47.98460388183594,48.239477878510996,47.9789387668917,48.14319253054189,565200
2005-04-22,48.188438415527344,48.22242041594053,48.075157878799,48.14879130797508,74800
2005-04-25,48.188438415527344,48.21109452287301,48.143126200836,48.18277330838827,79100
2005-04-26,48.16580581665039,48.25642596905176,48.06385544444089,48.25076518036044,119600
2005-04-27,48.31306076049805,48.398015789516705,48.24509241607107,48.30173054248752,123700
2005-04-28,48.60755157470703,48.60755157470703,48.35267800272003,48.38665999332913,103300
2005-04-29,48.4320068359375,48.64156835619497,48.415015828480136,48.4829798583096,174200
2005-05-02,48.481422424316406,48.5098280160059,48.36778705331992,48.47005671984367,141400
2005-05-03,48.54393005371094,48.58370135745895,48.39620621061247,48.5155201218565,259200
2005-05-04,48.53257751464844,48.5780316840491,48.40758071617071,48.43599065573317,114500
2005-05-05,48.68600845336914,48.74850688367452,48.49851316245301,48.589417211692435,108000
2005-05-06,48.33937454223633,48.453005562221264,48.28823754892122,48.396190052228796,591000
2005-05-09,48.33372116088867,48.34508253591621,48.26553990647884,48.31099407608539,32900
2005-05-10,48.50413513183594,48.51549649819732,48.38482127868942,48.390499794497664,101300
2005-05-11,48.566650390625,48.6916428030919,48.53255761018275,48.5950559837894,408600
2005-05-12,48.61211013793945,48.64620292534675,48.40757075248481,48.464390619914546,546800
2005-05-13,48.737125396728516,48.80530666265705,48.65189989800509,48.725764019781565,214400
2005-05-16,48.74281692504883,48.81667672521773,48.72008983236231,48.80531534624933,111900
2005-05-17,48.805320739746094,48.86781916785332,48.78827650203506,48.82236497745712,112800
2005-05-18,48.96437072753906,49.03255196391825,48.89618949115988,48.992780659717155,93000
2005-05-19,48.81665802001953,48.992791837163,48.81665802001954,48.94165481452521,116200
2005-05-20,48.81098556518555,48.845074028014444,48.765531391581305,48.81666408582465,70400
2005-05-23,49.032588958740234,49.07236029294859,48.873499287156505,48.89054786017465,163800
2005-05-24,49.16325378417969,49.19166373169192,49.043939807177246,49.163253784179695,188900
2005-05-25,48.98707962036133,49.259795795140775,48.981396769086004,49.259795795140775,150000
2005-05-26,49.01551818847656,49.1064265310698,48.95870264172997,48.98711258247745,181400
2005-05-27,49.06666564941406,49.10075411776162,48.98712300010359,49.05529993679869,69600
2005-05-31,49.322364807128906,49.3223648071289,49.20873362732319,49.20873362732319,122600
2005-06-01,49.626644134521484,49.65513638281968,49.3815881897123,49.415780626858194,781400
2005-06-02,49.60955810546875,49.68364318382487,49.55826509124449,49.58676169336586,154500
2005-06-03,49.324642181396484,49.860343003118246,49.32464218139649,49.854647157294096,245300
2005-06-06,49.4556999206543,49.48989237623765,49.31322555842703,49.36451858977453,311700
2005-06-07,49.59817886352539,49.63807151471442,49.455704488139894,49.592478671077565,111200
2005-06-08,49.506961822509766,49.59814309605564,49.489861257498276,49.58674706735106,104600
2005-06-09,49.47843933105469,49.49553553914802,49.27327613799971,49.3872581052344,783400
2005-06-10,49.16505813598633,49.32463309712513,49.1593622912112,49.32463309712513,200900
2005-06-13,49.03396224975586,49.10804733051878,48.99406961427257,49.0852509176753,276400
2005-06-14,48.976966857910156,49.02825551898749,48.90287743905989,49.02825551898749,301500
2005-06-15,48.959861755371094,48.959861755371094,48.8401795386286,48.89717272678019,116700
2005-06-16,49.11374282836914,49.1194430180282,48.880082880025874,48.93707608067499,215700
2005-06-17,49.05678176879883,49.11377065376423,48.97699646025263,49.028285152329524,149000
2005-06-20,48.98265075683594,48.98265075683594,48.86297289553044,48.90856570401907,178800
2005-06-21,49.13655090332031,49.15364712838513,49.005472597870366,49.0396693959718,217900
2005-06-22,49.506961822509766,49.552550285297826,49.26760174001614,49.370183390236335,487300
2005-06-23,49.4556999206543,49.47849634036736,49.36451858977453,49.43860369286262,169200
2005-06-24,49.57541275024414,49.609609577864866,49.51842383484364,49.57541275024414,67500
2005-06-27,49.615257263183594,49.66085009043623,49.56966878390227,49.61525726318359,880800
2005-06-28,49.404380798339844,49.552550913225716,49.38728458108146,49.552550913225716,168000
2005-06-29,49.38733673095703,49.535507002301244,49.31324724731053,49.535507002301244,350300
2005-06-30,49.55827331542969,49.58106973131564,49.35310992042788,49.387306718242684,299500
2005-07-01,49.1318244934082,49.469090024534694,49.068944553049214,49.44050664756751,270000
2005-07-05,48.931758880615234,49.063236322248706,48.908893048974136,48.98320809211058,142200
2005-07-06,49.034664154052734,49.057529990922056,48.948918356095895,49.00608512887542,299700
2005-07-07,49.14898681640625,49.28045990944301,49.13755171888279,49.257594075607955,209900
2005-07-08,48.9717903137207,49.19472679954481,48.90319715575205,49.19472679954481,157300
2005-07-11,48.94892120361328,48.97178704181278,48.78886469742948,48.83459637382848,171300
2005-07-12,48.82314682006836,48.92603651049584,48.81742927241871,48.8745916652821,123700
2005-07-13,48.77739334106445,48.83455570835665,48.74880997681382,48.823124979381845,108300
2005-07-14,48.71452713012695,48.81742116467652,48.674513025647144,48.8059860712764,236000
2005-07-15,48.72597885131836,48.760279785083746,48.66881644332563,48.68025154165148,318800
2005-07-18,48.64592742919922,48.75453900548297,48.6059133265489,48.708807356394004,182700
2005-07-19,48.71452713012695,48.771689513496646,48.62306382776721,48.65736474675727,156600
2005-07-20,48.80599594116211,48.857445149446455,48.54876298337393,48.72596771601862,341100
2005-07-21,48.44587326049805,48.64022629288132,48.43444252497438,48.628795557357655,509200
2005-07-22,48.67454147338867,48.70312050117133,48.53163325083686,48.58879566761502,368100
2005-07-25,48.58879470825195,48.70883708947975,48.5659288697496,48.63452638525666,125600
2005-07-26,48.623043060302734,48.64590887612641,48.58874651717143,48.600177244479056,90800
2005-07-27,48.55450439453125,48.58880097610259,48.50877271162725,48.53163855307925,64600
2005-07-28,48.76594924926758,48.783097520168965,48.59446217904545,48.59446217904545,142900
2005-07-29,48.474483489990234,48.6688366300211,48.44590009353205,48.628822491708036,205800
2005-08-01,48.377567291259766,48.43491298680049,48.28581067823771,48.43491298680049,109700
2005-08-02,48.331703186035156,48.446398986013754,48.320235793636,48.371845622228314,337600
2005-08-03,48.45207977294922,48.48649066451874,48.383266740195836,48.40620587617791,129600
2005-08-04,48.41769790649414,48.50945012194155,48.366083730458996,48.45784032110145,179300
2005-08-05,48.15961837768555,48.21696403331209,48.11947598122766,48.21696403331209,160100
2005-08-08,48.033443450927734,48.17107386548966,48.02770757422332,48.14239885715959,146800
2005-08-09,48.17108917236328,48.17108917236328,48.004783696625964,48.06212935631629,293300
2005-08-10,48.148162841796875,48.251386806776395,48.09655304690438,48.234183541812236,91900
2005-08-11,48.354591369628906,48.366058749938915,48.1481435225064,48.211225052193434,278200
2005-08-12,48.549583435058594,48.61266060462213,48.36033880078648,48.38327794207951,130600
2005-08-15,48.48649597167969,48.566780768808215,48.480760093258134,48.566780768808215,147200
2005-08-16,48.71586227416992,48.72733402716711,48.61837424965302,48.635577503956966,214800
2005-08-17,48.526676177978516,48.670042623862784,48.48079786524834,48.62990019402306,138400
2005-08-18,48.784698486328125,48.79043436503946,48.612657126536355,48.62986476267035,247800
2005-08-19,48.75603485107422,48.778973996081646,48.64707938128214,48.664282646239066,76000
2005-08-22,48.79616928100586,48.83058018048678,48.606929022233054,48.6929497081446,1267300
2005-08-23,48.8879280090332,48.916603030670366,48.761764914140144,48.80190731931575,90400
2005-08-24,48.91084671020508,48.96245647735009,48.830561933406926,48.95098909860415,80500
2005-08-25,48.93952941894531,48.97394031405731,48.859244622339425,48.91659465579501,202000
2005-08-26,48.859249114990234,48.99114807879571,48.807639330366584,48.968208938342855,100500
2005-08-29,48.89364242553711,48.96245544694897,48.83629678262985,48.95672394529272,176500
2005-08-30,49.12305450439453,49.19760344079502,48.94527723267898,48.9911555205536,168900
2005-08-31,49.44417953491211,49.461382794113945,49.231995795972196,49.237731674103834,290100
2005-09-01,49.49252700805664,49.59032590480464,49.38897394410479,49.417740390980576,242800
2005-09-02,49.50403594970703,49.56731862229518,49.42349516443914,49.458011389798635,71800
2005-09-06,49.348690032958984,49.4982676152781,49.3026654862235,49.49251344965058,142800
2005-09-07,49.187591552734375,49.296898716265524,49.124308920073275,49.28539038897759,125000
2005-09-08,49.187591552734375,49.2738864508305,49.15882512365539,49.26237812354257,264600
2005-09-09,49.22783660888672,49.325635394845534,49.18756626236612,49.268106955407326,79400
2005-09-12,49.07255172729492,49.13008021637341,48.986256799106,49.118571885072285,103600
2005-09-13,49.222137451171875,49.27391617692309,49.17611728167951,49.181867059651374,120800
2005-09-14,49.11857223510742,49.25664587685059,49.08981018493439,49.239383379775894,108000
2005-09-15,48.969017028808594,49.13585278201114,48.911484129043295,49.13585278201114,97600
2005-09-16,48.77913284301758,48.92871037109533,48.74461664005378,48.905698106072535,224800
2005-09-19,48.87693786621094,48.905704298416964,48.75037258713053,48.790642958734175,203400
2005-09-20,48.83671188354492,48.89424041110481,48.69864253957214,48.85972417239794,124000
2005-09-21,49.06106948852539,49.09558572250104,49.0092951375619,49.04381137153756,101500
2005-09-22,49.095550537109375,49.11856280631581,49.02651811863164,49.08980076166394,124700
2005-09-23,48.82518768310547,49.00928152843008,48.82518768310546,49.00928152843008,101200
2005-09-26,48.69859313964844,48.75612160885136,48.646814444967205,48.681335037801645,69300
2005-09-27,48.727394104003906,48.813689071312695,48.606582905429335,48.73314827226299,93400
2005-09-28,48.82518768310547,48.85394974038349,48.658351949976364,48.69286817436739,71000
2005-09-29,48.71586990356445,48.7503861204805,48.675599520781546,48.73888217788933,116200
2005-09-30,48.57779312133789,48.74462879249104,48.549026685602506,48.71586235675566,145900
2005-10-03,48.3913459777832,48.57605000710215,48.36826237770476,48.57605000710215,138400
2005-10-04,48.414451599121094,48.51834545162602,48.39136358705466,48.48371563532039,151200
2005-10-05,48.529911041259766,48.58185578646383,48.44910516854914,48.50682301997247,130300
2005-10-06,48.46638107299805,48.547186880668036,48.43751996872181,48.51255707840554,218100
2005-10-07,48.529911041259766,48.57608708383435,48.32212325326393,48.345211274551225,59900
2005-10-10,48.54145050048828,48.679974217917085,48.48373265185875,48.65689060133693,42900
2005-10-11,48.44908905029297,48.524121791822104,48.38559811377281,48.50680688251448,105800
2005-10-12,48.26438903808594,48.443315637911205,48.22975481610263,48.43754253364927,139500
2005-10-13,48.18935012817383,48.223984348888415,48.108544285820024,48.172035219610606,303100
2005-10-14,48.18935012817383,48.30479019124222,48.050826456079896,48.29324398314131,134300
2005-10-17,48.131614685058594,48.24705030229612,48.102753578955955,48.18356379532605,153000
2005-10-18,48.200889587402344,48.21243139029908,48.137398662501475,48.18357468126347,81700
2005-10-19,48.25857162475586,48.350919190215514,48.22971053353358,48.31051630465487,68100
2005-10-20,48.2874870300293,48.304801942804886,48.148958920646194,48.19513495710723,111500
2005-10-21,48.50099563598633,48.52985673119426,48.32784227549333,48.33361097166703,92500
2005-10-24,48.293243408203125,48.466401298950174,48.241298683131866,48.454855090986726,343300
2005-10-25,48.06814956665039,48.37405807970044,48.01043172706171,48.327886450182824,190500
2005-10-26,47.883453369140625,47.970032336703156,47.83727733262871,47.94117121298591,148700
2005-10-27,47.99306106567383,48.03923704514123,47.88339421533469,47.975746174269496,245800
2005-10-28,47.94115447998047,48.05082142752167,47.83726063588556,48.02196031387788,784300
2005-10-31,47.975799560546875,48.05660541274168,47.93539663444947,47.94116533561433,123300
2005-11-01,47.94565200805664,48.02095001436967,47.88773352397536,48.01515684029242,144000
2005-11-02,47.84721755981445,47.9804297076426,47.81246733323313,47.870385850501876,85800
2005-11-03,47.679256439208984,47.893559839389944,47.66767450193711,47.893559839389944,201600
2005-11-04,47.656089782714844,47.78351319158312,47.58079614061101,47.719801487148985,156200
2005-11-07,47.74290084838867,47.783444200045075,47.67918923594377,47.77186227909778,132400
2005-11-08,47.980430603027344,48.00939207165199,47.89934379355798,47.89934379355798,71200
2005-11-09,47.72557067871094,47.92249445242478,47.7139843279642,47.87036913075867,124300
2005-11-10,47.99777603149414,48.00935795937483,47.81243425312727,47.841391282277264,102700
2005-11-11,48.05572509765625,48.08468214523831,47.9572631818584,48.07310020998536,72600
2005-11-14,47.84142303466797,47.9978078876776,47.76033622899612,47.974639597642856,199700
2005-11-15,48.003597259521484,48.020976791444276,47.84142364610513,47.84142364610513,194100
2005-11-16,48.24686813354492,48.26424324874155,48.073108143778455,48.073108143778455,102500
2005-11-17,48.33955001831055,48.420636857187624,48.17158316095051,48.20633781968448,99900
2005-11-18,48.22370910644531,48.310589118022435,48.194747629619286,48.22370910644531,100000
2005-11-21,48.31637954711914,48.39167762190723,48.264254189713014,48.31637954711914,274600
2005-11-22,48.48434829711914,48.50751659650801,48.310592680054505,48.35113609925971,186700
2005-11-23,48.356903076171875,48.50749474491056,48.30477774020422,48.46695134396929,177200
2005-11-25,48.5016975402832,48.5016975402832,48.414817568652495,48.437985855680616,31400
2005-11-28,48.565391540527344,48.61172809771082,48.47851160053266,48.490097949277185,158300
2005-11-29,48.29896545410156,48.559600868619846,48.293172279430756,48.559600868619846,86300
2005-11-30,48.27585220336914,48.38590055306953,48.21214046605865,48.38590055306953,46100
2005-12-01,48.167144775390625,48.376365360485636,48.09159462175536,48.29500229227698,321100
2005-12-02,48.20779800415039,48.219423826471015,48.12062650650602,48.17292940509264,343200
2005-12-05,48.06252670288086,48.14388975791913,48.00441086841837,48.14388975791913,305700
2005-12-06,48.28919982910156,48.33569428784222,48.12647365746488,48.12647365746488,1021700
2005-12-07,48.260108947753906,48.31822476184936,48.19036731046792,48.29497754942069,73000
2005-12-08,48.4693717956543,48.48680611172807,48.29501976700393,48.32407991643108,70600
2005-12-09,48.254302978515625,48.376347535860376,48.202000068490605,48.335666016745456,66100
2005-12-12,48.14387893676758,48.29498361956988,48.12063615536995,48.29498361956988,592500
2005-12-13,48.260108947753906,48.29497754942069,48.17874592122978,48.26592185934917,210700
2005-12-14,48.562313079833984,48.58556029189806,48.40539994084184,48.45189436497,83300
2005-12-15,48.49840545654297,48.51003128460951,48.34149224927872,48.48678406243069,116500
2005-12-16,48.585575103759766,48.65531676121355,48.515837880259674,48.64369093466108,420400
2005-12-19,48.6146125793457,48.64366826427812,48.492568061145704,48.52743665664524,143600
2005-12-20,48.533260345458984,48.568128948702125,48.46933161687815,48.533260345458984,103600
2005-12-21,48.4693717956543,48.504240427801854,48.440311646227144,48.47518471233098,143700
2005-12-22,48.66109085083008,48.684333617483695,48.53904193917278,48.53904193917278,124500
2005-12-23,48.777320861816406,48.887743952669524,48.59134769687693,48.6378420965993,84100
2005-12-27,49.00982666015625,49.00982666015624,48.76573752211934,48.77735891414104,178300
2005-12-28,48.859344482421875,49.00514104841113,48.841849606400466,48.96431818790847,558000
2005-12-29,48.917686462402344,48.94684756979559,48.801050931549966,48.94101445844488,159100
2005-12-30,48.9351806640625,49.04014996120413,48.841868689679046,49.005160195490255,166900
2006-01-03,48.92933654785156,49.00514917296603,48.76604507876883,48.80686794603952,299500
2006-01-04,49.01679992675781,49.057622781148666,48.876832040825654,48.9351542179761,112300
2006-01-05,49.02848434448242,49.051812336249,48.946838597979124,49.01098946299735,159700
2006-01-06,48.96434020996094,49.01682931099061,48.90602244720803,48.99932997774066,179100
2006-01-09,48.987693786621094,48.987693786621094,48.87688686497443,48.941037772310665,78600
2006-01-10,48.78939437866211,48.91769169658339,48.76023326814863,48.88270192345584,140500
2006-01-11,48.66692352294922,48.859376182765764,48.65526174782139,48.859376182765764,384300
2006-01-12,48.841880798339844,48.86520879771908,48.71357902643451,48.771896800202136,97800
2006-01-13,49.05766677856445,49.08099478047488,48.8827089889169,48.929364992737774,96200
2006-01-17,49.11595916748047,49.14511581777451,48.99931921822695,49.02264720807766,166600
2006-01-18,49.13346481323242,49.18594946487716,49.051819055545,49.17428769207614,125900
2006-01-19,49.01100540161133,49.086818062487744,48.958516290726934,49.01100540161132,108600
2006-01-20,49.092647552490234,49.09264755249023,48.97017890194393,49.07515266660656,98000
2006-01-23,49.08097839355469,49.11596816005742,48.923515545572556,48.94684353969435,79100
2006-01-24,48.999324798583984,49.05181389406564,48.93517838088804,48.999324798583984,66200
2006-01-25,48.6960563659668,48.91183690013591,48.67856148875062,48.91183690013591,95500
2006-01-26,48.591094970703125,48.64941272599286,48.52111099473973,48.62608473400506,77100
2006-01-27,48.6260871887207,48.70773294011983,48.491956789719175,48.70773294011983,114600
2006-01-30,48.52110290527344,48.59108686956907,48.48028003844068,48.567758881470525,125400
2006-01-31,48.591094970703125,48.63191784434189,48.46862634978683,48.57360008905216,255700
2006-02-01,48.44133758544922,48.58759765730927,48.417935438331234,48.55834385753599,474200
2006-02-02,48.44133758544922,48.54664501572858,48.42963428013864,48.47643857437462,94800
2006-02-03,48.58759689331055,48.61099457655746,48.306775595813534,48.37113038350029,283800
2006-02-06,48.517372131347656,48.57587524437848,48.51152048099415,48.558324756819374,53300
2006-02-07,48.4588623046875,48.59341899966638,48.43546017001708,48.58757181362438,228800
2006-02-08,48.42963409423828,48.53494152411341,48.382829800181966,48.52908987148058,62000
2006-02-09,48.47645950317383,48.529111009293224,48.36530037224831,48.441358499094235,96600
2006-02-10,48.33603286743164,48.59929922615103,48.28337691758571,48.58760038368717,102900
2006-02-13,48.33603286743164,48.38283270079051,48.30677906601686,48.38283270079051,66000
2006-02-14,48.26578903198242,48.33599542288893,48.213137586427514,48.28333951383406,77100
2006-02-15,48.35354995727539,48.40620140724304,48.24239094489878,48.382799274979526,75200
2006-02-16,48.33017349243164,48.37112612976703,48.27167036245291,48.37112612976703,248200
2006-02-17,48.49395751953125,48.56416391521019,48.464703738789964,48.51150800257592,199200
2006-02-21,48.43547821044922,48.52323513227429,48.42377490700456,48.49983298888744,164200
2006-02-22,48.61687469482422,48.61687469482422,48.4998683560688,48.5291177090048,115700
2006-02-23,48.499813079833984,48.534914048754175,48.417907843353134,48.52906239943393,73300
2006-02-24,48.44133758544922,48.534941710418,48.39453329121324,48.534941710418,343300
2006-02-27,48.34773254394531,48.47644213078527,48.33018204819504,48.47644213078527,287700
2006-02-28,48.540767669677734,48.56416980440861,48.4237569960234,48.43546029513924,95900
2006-03-01,48.44511032104492,48.55662824124235,48.39228439329961,48.50380231349705,227000
2006-03-02,48.251441955566406,48.36883046519003,48.186879394751855,48.31013397142133,113300
2006-03-03,48.1340446472168,48.22208488567225,48.116437495108215,48.22208488567225,76500
2006-03-06,47.98143768310547,48.075348456714885,47.92274568855566,47.99317429085057,350700
2006-03-07,48.00493240356445,48.028410105294206,47.89341443982657,47.922762686467195,130300
2006-03-08,48.028385162353516,48.03425122630418,47.95795209374279,48.004907472816605,84500
2006-03-09,48.075355529785156,48.075355529785156,47.95796704550265,48.01079298290798,507200
2006-03-10,47.98143768310547,48.004915376507824,47.85818315117722,47.975567140276844,408500
2006-03-13,47.94033432006836,47.969682544962296,47.86403520441871,47.92272717629616,246900
2006-03-14,48.216209411621094,48.24555316949712,48.02252180240859,48.06947718850473,122700
2006-03-15,48.12814712524414,48.19270963205959,48.06945515847829,48.11641052305498,118400
2006-03-16,48.43333435058594,48.45094596575719,48.19269601148392,48.198566549874336,174900
2006-03-17,48.33358383178711,48.39814635541176,48.3042400797194,48.368802603344044,111300
2006-03-20,48.42750930786133,48.480330764388206,48.38055391678461,48.46272361221258,240100
2006-03-21,48.227970123291016,48.398180124525574,48.15754148685901,48.398180124525574,96800
2006-03-22,48.286643981933594,48.33946991729998,48.22208591546099,48.30425561233081,131500
2006-03-23,48.16337966918945,48.31598242296271,48.122294829086464,48.31598242296271,109700
2006-03-24,48.374698638916016,48.42752459002561,48.151667177788944,48.19275203846799,68800
2006-03-27,48.26902389526367,48.35119357011528,48.233809599730535,48.31597927458214,79700
2006-03-28,48.034297943115234,48.23385625930806,47.981476448718055,48.216249094509,125600
2006-03-29,47.98733901977539,48.0695087604565,47.91690589437085,47.993205088456165,58100
2006-03-30,47.846431732177734,47.92860588029498,47.74665491520053,47.91686479717344,100800
2006-03-31,47.881683349609375,47.92863875848375,47.793643077448486,47.88754941728298,87400
2006-04-03,47.828643798828125,47.84630723438266,47.72265869327417,47.74620694586238,244300
2006-04-04,47.8345832824707,47.90524159766575,47.77570359925743,47.864025370193275,127200
2006-04-05,47.946441650390625,47.975883728180904,47.8816726730363,47.969994414176774,101800
2006-04-06,47.8110237121582,47.88168201730586,47.76392266762434,47.869907879230205,289900
2006-04-07,47.59317398071289,47.734486115151,47.540179122653754,47.70504402820351,129700
2006-04-10,47.65203094482422,47.66380507865098,47.57548784437623,47.63436749796927,118300
2006-04-11,47.7403678894043,47.77569479437526,47.66382027232579,47.7403678894043,154100
2006-04-12,47.62845993041992,47.8051033157267,47.575469610164625,47.752108503243505,201600
2006-04-13,47.375301361083984,47.51661345717488,47.36352722483914,47.45773379148955,175800
2006-04-17,47.557796478271484,47.599012664706436,47.4223737909398,47.50480616380971,162200
2006-04-18,47.71092224121094,47.763917086937624,47.557831510726935,47.66381670994959,276200
2006-04-19,47.575504302978516,47.58727844087851,47.46951909295393,47.569614987912935,128600
2006-04-20,47.53428268432617,47.58138372280884,47.46951370265301,47.557830957452175,128400
2006-04-21,47.63434600830078,47.64612013681579,47.48714469461149,47.59312982015688,108500
2006-04-24,47.6932373046875,47.77566970114447,47.60491559641827,47.62846835143865,118800
2006-04-25,47.39297103881836,47.67559976036699,47.387086216037964,47.67559976036699,241400
2006-04-26,47.36939239501953,47.41060859312322,47.31051275376121,47.39883446176302,76300
2006-04-27,47.4989128112793,47.56957105010901,47.304606023667844,47.339937389196216,132900
2006-04-28,47.581382751464844,47.581382751464844,47.428296518117676,47.50483963479126,70700
2006-05-01,47.32376480102539,47.4833209616321,47.282398055043124,47.44195421564983,169700
2006-05-02,47.400516510009766,47.43597237959142,47.2941443926344,47.34142189116355,87900
2006-05-03,47.33554458618164,47.41237170283609,47.22326608347942,47.400550065519894,116600
2006-05-04,47.30599594116211,47.376907725174924,47.26462923094355,47.376907725174924,193200
2006-05-05,47.41825866699219,47.51872450865701,47.36507484666825,47.46553617970131,85200
2006-05-08,47.441925048828125,47.483291769378546,47.359191607727276,47.47738094969009,82400
2006-05-09,47.4241943359375,47.436011465991676,47.34737171900003,47.4241943359375,59600
2006-05-10,47.447818756103516,47.57191887299714,47.37099616239777,47.50100258821531,98600
2006-05-11,47.3651008605957,47.38282881044025,47.27645660273872,47.38282881044025,203700
2006-05-12,47.18779754638672,47.28825890308978,47.16415878446256,47.20552549067163,134700
2006-05-15,47.28822708129883,47.39459918405988,47.18185497853777,47.18185497853777,106100
2006-05-16,47.465545654296875,47.52464030266327,47.359173483784296,47.40645100593048,86200
2006-05-17,47.32963943481445,47.3887386112048,47.24099968749722,47.31782230471687,245300
2006-05-18,47.666465759277344,47.666465759277344,47.47144939098704,47.524633213994214,168500
2006-05-19,47.636905670166016,47.77282286027099,47.5600831065689,47.625084039685845,223600
2006-05-22,47.7019157409668,47.873293330511984,47.69009410933944,47.820105005451744,189000
2006-05-23,47.68421173095703,47.70193967866284,47.57192871730868,47.61329543150012,102500
2006-05-24,47.755130767822266,47.86741379850769,47.737402817426535,47.84377502843526,171700
2006-05-25,47.678260803222656,47.82008877419114,47.648711242815516,47.79054372241391,181600
2006-05-26,47.71966552734375,47.8378548459395,47.70193758041774,47.71375470882391,178000
2006-05-30,47.678260803222656,47.71962748261471,47.601438258245956,47.69598873601498,95600
2006-05-31,47.53055191040039,47.7314746199135,47.495096022517544,47.7314746199135,110900
2006-06-01,47.61000061035156,47.6277981087427,47.47358479888461,47.49137777210454,96100
2006-06-02,47.977752685546875,47.995545663972315,47.817611354545384,47.912508747871904,403900
2006-06-05,47.88288879394531,47.97185374831769,47.84729828702066,47.959993262793276,100200
2006-06-06,47.92439270019531,47.95404616757223,47.80576525516466,47.847283729631805,96600
2006-06-07,47.85914993286133,47.906596386885084,47.79390596775742,47.85321742916794,141900
2006-06-08,47.92439270019531,48.102327079979794,47.88880220409895,47.936253182111216,152600
2006-06-09,48.04301452636719,48.084532999889184,47.942184594267246,47.95404507591315,73900
2006-06-12,48.01931381225586,48.048971819433255,47.96000232307764,48.00745332449084,122500
2006-06-13,48.08456039428711,48.13201139825261,48.00745590672576,48.108285896269855,111600
2006-06-14,47.764251708984375,47.98370911105381,47.76425170898437,47.948118611285246,165500
2006-06-15,47.657470703125,47.74644013014124,47.64561022460359,47.7286471497726,112200
2006-06-16,47.627830505371094,47.76424640962865,47.580379527727466,47.76424640962865,126100
2006-06-19,47.57442855834961,47.61594701637894,47.50918462070745,47.598154037962445,67200
2006-06-20,47.53886413574219,47.58038261257862,47.49734565890576,47.58038261257862,105200
2006-06-21,47.532936096191406,47.58631958580897,47.50921060360305,47.58631958580897,180600
2006-06-22,47.37872314453125,47.49735060869386,47.37872314453125,47.485485599690065,112600
2006-06-23,47.337188720703125,47.43209066007124,47.289742276192605,47.39057219289108,167600
2006-06-26,47.30752182006836,47.36090075191963,47.26007086386351,47.35496825110096,264400
2006-06-27,47.4321174621582,47.44991045455048,47.33128748848454,47.34908048087683,231900
2006-06-28,47.27789306640625,47.41431351853167,47.26010007812359,47.37872301679132,229700
2006-06-29,47.473636627197266,47.491429619842314,47.35500913427005,47.36094164021045,328400
2006-06-30,47.63969802856445,47.699009496798354,47.46175909868781,47.52700307129758,125400
2006-07-03,47.61708068847656,47.66471672181916,47.557537918209405,47.65280544207242,41200
2006-07-05,47.444393157958984,47.533709565348985,47.38485040063938,47.533709565348985,1712900
2006-07-06,47.59324264526367,47.59324264526367,47.46224588010415,47.48010824938585,132400
2006-07-07,47.74211502075195,47.78975104726163,47.64684296773259,47.71234136847802,274600
2006-07-10,47.777835845947266,47.783791484477305,47.6885194392812,47.706386354871334,133200
2006-07-11,47.831443786621094,47.92076022368621,47.81953250550697,47.843350524912516,167200
2006-07-12,47.873069763183594,47.873069763183594,47.736117442993596,47.7539798015363,114300
2006-07-13,47.98030090332031,47.98625200079452,47.843348433431004,47.88502882986297,343800
2006-07-14,48.01603698730469,48.04581065298987,47.944582915354374,47.98031222274131,397600
2006-07-17,47.97431564331055,48.010040377389075,47.896910538533845,47.962408912890936,153400
2006-07-18,47.789730072021484,47.8909531768109,47.748049702824694,47.8909531768109,182100
2006-07-19,48.093379974365234,48.099335608366474,47.69443880981856,47.69443880981856,235300
2006-07-20,48.19465637207031,48.20060746927858,48.021979153762295,48.03984153103169,297600
2006-07-21,48.164859771728516,48.26608288991968,48.10531702825254,48.26013179554618,288300
2006-07-24,48.164859771728516,48.20058450925007,48.123179397013324,48.1827221404893,361000
2006-07-25,48.11724853515625,48.194658230071006,48.057705761022,48.09343051693806,176500
2006-07-26,48.23630905151367,48.26607814891748,48.08744993603557,48.10531230304179,157700
2006-07-27,48.2303581237793,48.29585650441005,48.17081538033866,48.29585650441005,74200
2006-07-28,48.36136245727539,48.420905210039,48.33754444760578,48.37326919069978,89400
2006-07-31,48.438758850097656,48.438758850097656,48.33753573436373,48.385171745116175,89700
2006-08-01,48.450111389160156,48.450111389160156,48.336531634641624,48.39032969054833,97600
2006-08-02,48.491966247558594,48.53978523172484,48.3903400745327,48.45012178597297,91200
2006-08-03,48.50392532348633,48.58163517213648,48.432189998090564,48.49197171627275,111500
2006-08-04,48.74302291870117,48.76095560413633,48.671287616257224,48.749002000747325,157100
2006-08-07,48.67728805541992,48.71315344202615,48.6414226688137,48.70717891806199,172600
2006-08-08,48.683250427246094,48.74900665392042,48.61749420057176,48.67129226201235,118200
2006-08-09,48.659366607666016,48.665345693717306,48.5457867762234,48.5457867762234,110700
2006-08-10,48.67130661010742,48.67130661010742,48.533819594315055,48.67130661010742,166700
2006-08-11,48.5158576965332,48.569655741448145,48.497920454192545,48.54574397902961,192000
2006-08-14,48.43219757080078,48.486000213436206,48.42024396171818,48.46806751945956,191700
2006-08-15,48.66532516479492,48.70716962808958,48.5995689280884,48.62347614079582,147200
2006-08-16,48.868568420410156,48.90443380019237,48.81477035073683,48.8566148140509,182600
2006-08-17,48.85663986206055,48.95826153067958,48.826748989781166,48.95826153067958,300000
2006-08-18,48.988136291503906,49.000094461878795,48.88053556165845,48.91640551207741,344300
2006-08-21,49.047916412353516,49.047916412353516,48.99411376884358,49.0120464631117,83800
2006-08-22,49.065853118896484,49.11367668132587,49.01802955646709,49.02998316672147,187200
2006-08-23,49.01799774169922,49.053863109890145,48.94626244461439,49.023976823298696,239800
2006-08-24,49.065853118896484,49.119651206100094,49.053894947936165,49.10171851036556,111400
2006-08-25,49.131595611572266,49.16148190918776,49.035948513511485,49.06583937183164,96900
2006-08-28,49.12565612792969,49.131635216554386,49.06587892380766,49.10772342276391,106000
2006-08-29,49.16743850708008,49.16743850708007,48.94625811449621,49.00006072272583,248600
2006-08-30,49.22724533081055,49.257136193491554,49.173447250831124,49.17942177480307,131800
2006-08-31,49.29299545288086,49.34679808687778,49.25115098675203,49.26908367784942,171200
2006-09-01,49.36619186401367,49.39019445245702,49.23418449461372,49.29418867670927,252800
2006-09-05,49.20417022705078,49.30018056153104,49.18016764343072,49.30018056153104,284800
2006-09-06,49.168209075927734,49.17420629324624,49.03619704646477,49.07219866248977,334400
2006-09-07,49.20417022705078,49.234174601082046,49.054157512943924,49.10216268018405,135200
2006-09-08,49.252166748046875,49.324169908242155,49.23416595799806,49.252166748046875,66000
2006-09-11,49.16218566894531,49.264193254859386,49.10817869062073,49.22819165466065,196600
2006-09-12,49.300201416015625,49.30020141601563,49.096181657955015,49.12618604467844,111000
2006-09-13,49.34822082519531,49.396226031030146,49.300220197388875,49.348220825195305,114000
2006-09-14,49.252166748046875,49.360176066363714,49.21016337859166,49.264165748738115,69600
2006-09-15,49.22217559814453,49.37819011717265,49.19817301229212,49.33018494546782,110900
2006-09-18,49.150146484375,49.17414447953964,49.04213719404317,49.04213719404317,188000
2006-09-19,49.444183349609375,49.46818592928002,49.33617403010345,49.34817303092679,128400
2006-09-20,49.4561882019043,49.558195744055716,49.42018661715074,49.558195744055716,112200
2006-09-21,49.810237884521484,49.816235098715254,49.450208177772716,49.450208177772716,114600
2006-09-22,49.96028137207031,49.966278589952694,49.86427094960519,49.87627454142779,327000
2006-09-25,50.12828063964844,50.146281444184716,49.98426962533064,50.04427383312742,286200
2006-09-26,50.002288818359375,50.08029385937902,49.9482818068617,50.08029385937902,276800
2006-09-27,49.99024200439453,50.13425752518742,49.930237826410156,50.13425752518742,233800
2006-09-28,49.942237854003906,49.96023864831542,49.8582265171752,49.948235066757746,160800
2006-09-29,49.88822937011719,50.014239504476066,49.774218238924696,49.99623871071407,259000
2006-10-02,49.9762077331543,50.01837139759112,49.84369204621149,49.873810918878405,337500
2006-10-03,49.97013854980469,50.02435155323894,49.92195023463885,50.01832686497054,135400
2006-10-04,50.19904708862305,50.19904708862305,50.036417201478464,50.054486678328686,136000
2006-10-05,50.024349212646484,50.14481539943393,49.96411152376231,50.14481539943393,139800
2006-10-06,49.75328826904297,49.93399212608209,49.69305518185992,49.93399212608209,624700
2006-10-09,49.813507080078125,49.89783429706489,49.73520454873003,49.813507080078125,898300
2006-10-10,49.51240158081055,49.65696665137401,49.48831199787794,49.63889716642724,1711900
2006-10-11,49.452117919921875,49.63884646312661,49.385860145799214,49.632821775800025,502600
2006-10-12,49.482269287109375,49.5485271047851,49.434080947801036,49.482269287109375,230000
2006-10-13,49.39788818359375,49.41595764227868,49.33163043809037,49.41595764227868,1280200
2006-10-16,49.482269287109375,49.482269287109375,49.403962086860076,49.47624459582259,240400
2006-10-17,49.5364990234375,49.66299002189466,49.46422107888767,49.59673217572734,300300
2006-10-18,49.52443313598633,49.566596784178884,49.4642000093531,49.51840844467511,294600
2006-10-19,49.482269287109375,49.54250241349832,49.40998677814686,49.458175117455205,175500
2006-10-20,49.470272064208984,49.512435756686415,49.452202566789765,49.512435756686415,69200
2006-10-23,49.33168411254883,49.38589254758413,49.27145098623417,49.37987245179774,356600
2006-10-24,49.39788818359375,49.39788818359375,49.337655122814674,49.343675212051004,203700
2006-10-25,49.57866287231445,49.58468756621413,49.379893928574894,49.41000820708333,127200
2006-10-26,49.7473030090332,49.75332770117338,49.65093091225837,49.71116404717934,115900
2006-10-27,49.90992736816406,49.915952059077796,49.81355069551507,49.897877986336596,249000
2006-10-30,49.934043884277344,49.94006857788742,49.84369186210509,49.915974398941835,128800
2006-10-31,50.15684509277344,50.15684509277344,49.9339822547046,49.97614586694647,266600
2006-11-01,50.33102798461914,50.500308782174095,50.119426987675446,50.20406738645292,396400
2006-11-02,50.19194412231445,50.258447913105044,50.16171806176162,50.258447913105044,163200
2006-11-03,49.81103515625,49.968226267360784,49.78685155357522,49.92590611581756,271800
2006-11-06,49.85945129394531,49.86549835368627,49.756674341124544,49.8050369813869,227000
2006-11-07,50.02872848510742,50.113368865201714,49.99849780112171,50.010591919737905,203300
2006-11-08,50.13751220703125,50.149601703379396,50.004504684446246,50.06496139128914,146200
2006-11-09,50.13150405883789,50.15568768285378,50.0831368108061,50.09523092909137,211000
2006-11-10,50.240333557128906,50.30079031750553,50.17987679675228,50.17987679675228,111300
2006-11-13,50.216182708740234,50.2524604786904,50.11340568775746,50.2524604786904,153600
2006-11-14,50.31892776489258,50.385426967586184,50.294744140024534,50.31892776489258,222800
2006-11-15,50.17985916137695,50.276593634026995,50.14358604040996,50.276593634026995,237100
2006-11-16,50.05292510986328,50.29475680689485,50.01060490882445,50.29475680689485,497900
2006-11-17,50.23429489135742,50.312892844280206,50.071061149809054,50.12547547202912,362400
2006-11-20,50.264495849609375,50.2947265232442,50.20403911489291,50.2947265232442,178200
2006-11-21,50.337066650390625,50.36125027637326,50.22824263974625,50.31288302440798,413200
2006-11-22,50.41563034057617,50.451903451950905,50.35517361743418,50.391446728808916,133400
2006-11-24,50.470062255859375,50.554702620344365,50.457968139473564,50.554702620344365,119200
2006-11-27,50.51841354370117,50.52446060053668,50.324949237941084,50.38540596863745,708600
2006-11-28,50.609107971191406,50.657475207483614,50.49423693813578,50.609107971191406,470600
2006-11-29,50.548675537109375,50.73609290216453,50.53658141594442,50.73609290216453,335500
2006-11-30,50.814693450927734,50.826782960155256,50.66354921652587,50.70586941765616,418500
2006-12-01,50.9323616027832,51.01730917641141,50.76246645552679,50.798871235854435,289800
2006-12-04,50.92631530761719,50.944517705898626,50.83529868691235,50.87170348347523,208200
2006-12-05,50.859527587890625,50.96874651559579,50.80492043868492,50.889867979200744,1133300
2006-12-06,50.78067398071289,50.847419170926656,50.7442645674079,50.84135016382648,156800
2006-12-07,50.762516021728516,50.81712324554028,50.707904168616665,50.81712324554028,138200
2006-12-08,50.531917572021484,50.75035562959606,50.50764616236897,50.75035562959606,277000
2006-12-11,50.689693450927734,50.70182684446347,50.622948213232874,50.67149104597447,167800
2006-12-12,50.78067398071289,50.80494537981753,50.665385992289835,50.70785978339895,360000
2006-12-13,50.51979064941406,50.61687167115443,50.459114432164,50.58653587717872,188300
2006-12-14,50.4409065246582,50.50158737015311,50.404501720800106,50.50158737015311,314000
2006-12-15,50.453033447265625,50.756419090809864,50.42269303119219,50.72607867473642,215600
2006-12-18,50.47727966308594,50.50155105797231,50.422667867267805,50.47121065704054,111600
2006-12-19,50.46518325805664,50.51979509890064,50.42270943931089,50.47125226910577,174000
2006-12-20,50.453033447265625,50.48943824311572,50.428762040266385,50.428762040266385,139300
2006-12-21,50.63507080078125,50.68361362316336,50.459111170918185,50.519787384246655,624200
2006-12-22,50.40448760986328,50.56831381065949,50.386285213030064,50.53190901699306,268500
2006-12-26,50.4409065246582,50.537992174011215,50.39236832928025,50.47124694740566,144500
2006-12-27,50.3063850402832,50.51328440973179,50.27596180303431,50.51328440973179,193400
2006-12-28,50.19080352783203,50.385530021020735,50.081269585248016,50.385530021020735,185100
2006-12-29,50.16645812988281,50.19688138544319,50.08734745160585,50.16037162171256,272100
2007-01-03,50.31248092651367,50.3855050662845,50.19077866953913,50.3307358007955,1210700
2007-01-04,50.49504852294922,50.49504852294922,50.342918351582064,50.403769491600045,171200
2007-01-05,50.33069610595703,50.39154718645224,50.21507580316823,50.25159016557724,201000
2007-01-08,50.367271423339844,50.36727142333984,50.300338397470384,50.336848164789345,163800
2007-01-09,50.3551025390625,50.4037853234259,50.32467463817391,50.397698814719014,168600
2007-01-10,50.26987075805664,50.31855350442891,50.239442880913415,50.275957262013726,95900
2007-01-11,50.136051177978516,50.23341677879909,50.07519999878935,50.23341677879909,361700
2007-01-12,50.03256607055664,50.08124883434382,49.96562843101024,50.07516232820945,161000
2007-01-16,50.129947662353516,50.12994766235352,50.05692812915491,50.081269521103046,162600
2007-01-17,50.03256607055664,50.11775858586226,49.98388330676946,50.099503710103036,141300
2007-01-18,50.099510192871094,50.10559205714856,49.95346188261122,50.03257254466311,225400
2007-01-19,50.02043914794922,50.12389127698045,49.99001587453263,50.056953575756545,270800
2007-01-22,50.1116943359375,50.1299492198043,50.063011550528735,50.081271077041485,119000
2007-01-23,49.96564865112305,50.07518259264849,49.94130725937897,50.04475469230696,412800
2007-01-24,49.971717834472656,49.989972711290285,49.941289944680506,49.97779969831576,138400
2007-01-25,49.7769775390625,49.92910766034002,49.74654965774985,49.92910766034002,201700
2007-01-26,49.77092361450195,49.831774774317786,49.68573106223061,49.73441384714163,441300
2007-01-29,49.734413146972656,49.85002895620131,49.685730362746995,49.85002895620131,161700
2007-01-30,49.783077239990234,49.7952502539344,49.746567483446796,49.764822361718515,200500
2007-01-31,49.96564865112305,49.98390353426966,49.74658076807217,49.74658076807217,412200
2007-02-01,49.92961502075195,50.125081891156825,49.90518107941413,50.09454295970788,238600
2007-02-02,49.97234344482422,50.02732094511505,49.92958523806247,49.96012881159016,163500
2007-02-05,50.02736282348633,50.051796770703355,50.002928876269294,50.01514351972835,216000
2007-02-06,50.167808532714844,50.18002782583816,49.98456107851886,50.00288535790897,238100
2007-02-07,50.277835845947266,50.28394550186295,50.19842896025127,50.22897257952773,155000
2007-02-08,50.28998947143555,50.332747686392686,50.210578029160935,50.247231256478415,447600
2007-02-09,50.13728332519531,50.20447547485549,50.09452510816575,50.19836582662381,237400
2007-02-12,50.07012939453125,50.14953624097067,50.03348079775916,50.11899729709383,146900
2007-02-13,50.033451080322266,50.082314293562774,50.002907494287136,50.07009965532688,204800
2007-02-14,50.320526123046875,50.351069701052474,50.11895435321527,50.11895435321527,192600
2007-02-15,50.399925231933594,50.485441637073755,50.399925231933594,50.44878842037471,317000
2007-02-16,50.454898834228516,50.509876329966296,50.430464909488904,50.461008480487074,308900
2007-02-20,50.5159797668457,50.54041369083604,50.448787640945895,50.448787640945895,152900
2007-02-21,50.509891510009766,50.509891510009766,50.42437507786767,50.42437507786767,173000
2007-02-22,50.381591796875,50.43045497643524,50.33883360207623,50.42434999167378,135000
2007-02-23,50.583221435546875,50.62597967933512,50.442732060370815,50.448837052126954,111700
2007-02-26,50.742000579833984,50.76032486154902,50.650374510963324,50.69313272173024,160900
2007-02-27,51.16959762573242,51.35284981697158,50.821422190615465,50.876399712105936,496500
2007-02-28,50.99246597290039,51.12684564788788,50.94359809456091,51.07187277997901,228100
2007-03-01,51.03841018676758,51.228393169288196,50.9893808120208,51.216138163450765,500500
2007-03-02,51.20389938354492,51.24066908840765,51.056811212694015,51.12422545540902,249000
2007-03-05,51.23453140258789,51.30807547675503,51.14873232057587,51.30807547675503,298800
2007-03-06,51.167152404785156,51.240696529596065,51.08748310968355,51.08748310968355,302200
2007-03-07,51.25906753540039,51.27745239270765,51.124239014212144,51.13649870288449,265500
2007-03-08,51.25288772583008,51.28353224193506,51.167088691572154,51.17934836829282,170300
2007-03-09,50.96492004394531,51.03845950142265,50.934275486194394,50.940405332885184,333800
2007-03-12,51.10582733154297,51.13647186143731,51.03228326521583,51.05067278857171,253300
2007-03-13,51.33257293701172,51.35708762017177,51.179359674034714,51.28967341040607,196000
2007-03-14,51.265159606933594,51.436757716300754,51.24064492335289,51.289674290514306,267900
2007-03-15,51.210025787353516,51.2468001688044,51.167126238744245,51.21002578735351,338900
2007-03-16,51.20389938354492,51.228409402986735,51.118100288398566,51.136485140829926,340500
2007-03-19,51.13646697998047,51.13646697998047,51.07517792604241,51.11808213407839,238200
2007-03-20,51.210025787353516,51.25905517882128,51.18551109161963,51.25905517882128,169400
2007-03-21,51.28355026245117,51.34483464049915,51.05066775558951,51.14872182532661,369800
2007-03-22,51.11196517944336,51.240663808902625,51.06293579421139,51.240663808902625,236500
2007-03-23,51.032291412353516,51.18550473488762,50.995521711169175,51.17937956848993,163400
2007-03-26,51.07518768310547,51.173246447580176,50.9587487449158,50.97713359433,142100
2007-03-27,51.06293487548828,51.093579409631786,51.00778032486931,51.03842018331337,165900
2007-03-28,51.05678939819336,51.234517355260564,51.007764704556,51.154848136864096,240500
2007-03-29,50.983253479003906,51.026153011158506,50.95873879267295,50.989378643812906,121400
2007-03-30,50.921966552734375,51.18549359717885,50.836167484840686,50.99551061479976,464400
2007-04-02,50.978599548339844,51.04012238360552,50.94168678595874,51.03396869191152,156600
2007-04-03,50.93550109863281,50.96626014999832,50.9108910412073,50.93550109863281,257400
2007-04-04,51.015499114990234,51.06471924802802,50.95397629563813,51.015499114990234,182300
2007-04-05,50.886260986328125,51.00931122509898,50.88626098632812,50.95393744418043,161200
2007-04-09,50.65251159667969,50.69557803995663,50.63405522011675,50.68942434980556,198900
2007-04-10,50.757041931152344,50.800108324429445,50.73858557601713,50.757041931152344,97600
2007-04-11,50.695594787597656,50.83094785229438,50.695594787597656,50.80633777745027,150700
2007-04-12,50.74477767944336,50.80014678677063,50.714013935002626,50.77553672999572,111200
2007-04-13,50.65864944458008,50.775546062273804,50.621736699577525,50.775546062273804,139100
2007-04-16,50.71403503417969,50.757101477981145,50.677122280604245,50.73864510119343,262300
2007-04-17,50.9293327331543,50.94164010526436,50.812436167544405,50.812436167544405,1080400
2007-04-18,51.04621887207031,51.08313159308643,50.98469610574806,50.98469610574806,252500
2007-04-19,51.040130615234375,51.120109844589464,50.97245407735999,51.10780715310876,153600
2007-04-20,50.98473358154297,51.052410082408215,50.953969828826175,51.052410082408215,88800
2007-04-23,51.08932876586914,51.13854889837832,50.96627843459619,51.015498567105375,90500
2007-04-24,51.187767028808594,51.24929454462571,51.12624420688192,51.13239789724172,660500
2007-04-25,51.1569709777832,51.24925749089436,51.132360928027765,51.169273655717404,537400
2007-04-26,51.00932312011719,51.13236869369476,50.997015746426776,51.126215006849556,307600
2007-04-27,51.00932312011719,51.05853853321556,50.978559379778915,51.0462358534129,180000
2007-04-30,51.230831146240234,51.243138526400735,51.10778550797657,51.113939198056826,171500
2007-05-01,51.23332214355469,51.307431828241256,51.11598298738237,51.2827286000124,158900
2007-05-02,51.17156982421875,51.251851787545256,51.17156982421875,51.251851787545256,167000
2007-05-03,51.115943908691406,51.17770428787659,51.04801597256746,51.13447484944021,113200
2007-05-04,51.24563980102539,51.25798905055968,51.1900563989819,51.220936590301136,144800
2007-05-07,51.28883743286133,51.28883743286133,51.22707708852624,51.26413423745784,104500
2007-05-08,51.28883743286133,51.338239112015536,51.27648347933321,51.338239112015536,158900
2007-05-09,51.12211608886719,51.28886155836205,51.11593910919757,51.270330619353196,201600
2007-05-10,51.251800537109375,51.26415449551941,51.14063846969215,51.15299242810219,153100
2007-05-11,51.146854400634766,51.338298496896186,51.12215117665616,51.31359527291759,178000
2007-05-14,51.072731018066406,51.16536690520323,51.072731018066406,51.15301765235822,142400
2007-05-15,51.06655502319336,51.16536317371815,50.99244537655733,51.15301392177377,168400
2007-05-16,51.03569412231445,51.0851005720856,51.017167881564866,51.05422036306404,191300
2007-05-17,50.89985656738281,50.99866952094451,50.87515332899239,50.97396628255409,263500
2007-05-18,50.75160598754883,50.89982060150178,50.720725783465554,50.85041415963159,236400
2007-05-21,50.81950759887695,50.81950759887695,50.70216854908447,50.73922571366116,222000
2007-05-22,50.67747497558594,50.80099102822717,50.64042251562138,50.76393385660698,217000
2007-05-23,50.57867431640625,50.70836265709486,50.547794120770526,50.70836265709486,228100
2007-05-24,50.64659881591797,50.64659881591797,50.46132709527237,50.57866616579162,153300
2007-05-25,50.59103775024414,50.6466211756393,50.55398527441914,50.57251151233164,183900
2007-05-29,50.48602294921875,50.59718502307773,50.48602294921875,50.57865879604371,152800
2007-05-30,50.53547286987305,50.66516128241856,50.523118900111214,50.66516128241856,245600
2007-05-31,50.51691818237305,50.58485084283548,50.41810532655268,50.58485084283548,235100
2007-06-01,50.29926681518555,50.42947884209872,50.2744638485332,50.417074993431456,230300
2007-06-04,50.37989044189453,50.398491490686744,50.299284320233674,50.36128939310232,139200
2007-06-05,50.218624114990234,50.34883605925233,50.17522013356953,50.32403783902265,351500
2007-06-06,50.243431091308594,50.30543610820886,50.218628138412576,50.218628138412576,266800
2007-06-07,49.741214752197266,50.05744668184441,49.73501282750705,50.04504283246396,472300
2007-06-08,49.83421325683594,49.8404104494207,49.65439532756901,49.70400125233534,409900
2007-06-11,49.70403289794922,49.80324007996384,49.67922991977447,49.71023009447963,198300
2007-06-12,49.35054397583008,49.56136671124305,49.307139990697934,49.51796272611091,698800
2007-06-13,49.51182174682617,49.55522578538219,49.35680664759961,49.37540770259713,514600
2007-06-14,49.52418899536133,49.63579997352834,49.46838114093687,49.51178514740838,207300
2007-06-15,49.741214752197266,49.74121475219727,49.524194694863915,49.57379590033836,594800
2007-06-18,49.7164421081543,49.78464912930159,49.611032977539516,49.72264403662733,413500
2007-06-19,49.958248138427734,50.02645513617053,49.80323309459115,49.86523816598904,460100
2007-06-20,49.79703140258789,49.90864242390282,49.77222842777527,49.896243301838375,152900
2007-06-21,49.73501205444336,49.8652240868194,49.72261293593809,49.80942095752212,276700
2007-06-22,49.883846282958984,49.890048210182705,49.62342210777509,49.67302806419613,246000
2007-06-25,50.04508972167969,50.088493773813326,49.94588248709719,50.03269059136446,253200
2007-06-26,50.05744934082031,50.10085335459254,49.964439388256196,50.08224757953355,141000
2007-06-27,50.051239013671875,50.231056963594305,50.02643604843962,50.18145103312979,218600
2007-06-28,50.02025604248047,50.107064093490216,49.958250967571225,50.07606392137758,436800
2007-06-29,50.280662536621094,50.311667428528594,50.08224352818713,50.18145539774527,374700
2007-07-02,50.35725021362305,50.400822427228164,50.201634486602586,50.2701057864128,1030600
2007-07-03,50.20786666870117,50.41327584457728,50.20164070912441,50.35725645543353,169200
2007-07-05,49.92774200439453,50.108256791288355,49.865496672469106,50.07091054193598,269000
2007-07-06,49.809478759765625,49.85927693112066,49.75345937875247,49.82193067711189,468100
2007-07-09,49.989986419677734,49.989986419677734,49.853043842544196,49.90284200677718,118900
2007-07-10,50.33232116699219,50.33232116699219,50.10823427354974,50.16425362240421,191300
2007-07-11,50.15803146362305,50.35099332691751,50.12068048275056,50.30119518509565,218100
2007-07-12,50.01490020751953,50.24521322305454,49.97132798825785,50.18296787396867,309700
2007-07-13,50.126956939697266,50.170529170436545,49.97756711273644,50.14563007444025,157400
2007-07-16,50.326114654541016,50.326114654541016,50.120700798025204,50.120700798025204,154100
2007-07-17,50.22029495239258,50.30121340039651,50.12692458991795,50.22652090962793,136600
2007-07-18,50.40086364746094,50.50668128861394,50.25147375706734,50.26392093584223,215700
2007-07-19,50.39459991455078,50.40082587378158,50.263883264796625,50.27633043424279,200600
2007-07-20,50.6435546875,50.73692502208785,50.487939046191066,50.51906407405785,463300
2007-07-23,50.62489700317383,50.68714232887013,50.581324800285024,50.60622388036633,327500
2007-07-24,50.761837005615234,50.79918324934422,50.649793525414566,50.705812891008044,251200
2007-07-25,50.830345153808594,50.892590521509796,50.74942190168161,50.774320998565514,409500
2007-07-26,51.23495864868164,51.353228209091576,51.048222486423406,51.09801594694774,391800
2007-07-27,51.33450698852539,51.39675231764662,51.15399220976387,51.234910662720054,305800
2007-07-30,51.20376968383789,51.36560652436026,51.166418702245416,51.34071220198165,279600
2007-07-31,51.41542053222656,51.4278724462704,51.13531420341907,51.1851123615669,417200
2007-08-01,51.272953033447266,51.49166667949148,51.266702709960306,51.34793784489104,195100
2007-08-02,51.31040573120117,51.38539525221216,51.216670021836485,51.3041554125512,212100
2007-08-03,51.64163589477539,51.64163589477539,51.18546244554088,51.404176069666974,950100
2007-08-06,51.43547821044922,51.67294308044697,51.39798576470431,51.52296376225733,267900
2007-08-07,51.42916488647461,51.59163511570697,51.29168640974052,51.47290760474467,567300
2007-08-08,51.0729866027832,51.26670372631995,50.99799702225285,51.26670372631995,314600
2007-08-09,51.36045837402344,51.42294733028334,51.16673641173546,51.42294733028334,235600
2007-08-10,51.28545379638672,51.49167158269366,51.197968329638385,51.49167158269366,685000
2007-08-13,51.3666877746582,51.391684302819726,51.2104630493489,51.24170990145087,154400
2007-08-14,51.55415725708008,51.56040758076653,51.22296161569909,51.22296161569909,530100
2007-08-15,51.64788818359375,51.75411983827017,51.51666000412294,51.68538058698552,902100
2007-08-16,51.84782791137695,52.16027715296163,51.785339016579435,51.79783488850011,900500
2007-08-17,51.88538360595703,51.910380147896554,51.7854022058018,51.83539052207797,308400
2007-08-20,51.99787139892578,52.14160033903806,51.89788998773746,51.95412863760525,926600
2007-08-21,52.2227897644043,52.26653248738775,52.07281539526094,52.172796718823435,459200
2007-08-22,52.05406951904297,52.135304642918044,51.947833104622624,51.960333749895256,197000
2007-08-23,52.07280731201172,52.17903894168132,51.9728212363708,52.01656395256408,234900
2007-08-24,52.09156036376953,52.1602996079181,51.997824597421555,52.15404928546847,123400
2007-08-27,52.235286712646484,52.26028323594926,52.091562663154676,52.16030191033748,120000
2007-08-28,52.50398635864258,52.52273732431207,52.29777341226505,52.29777341226505,274400
2007-08-29,52.30403137207031,52.59773459177018,52.30403137207031,52.454010527406304,507600
2007-08-30,52.56647872924805,52.61646700032193,52.460242330169436,52.51648569057559,201800
2007-08-31,52.578956604003906,52.75392741185532,52.34149690300512,52.391485156964855,261500
2007-09-04,52.48109817504883,52.70068339855637,52.3493470409443,52.60029884689642,281800
2007-09-05,52.80732727050781,52.832423403136126,52.56264596062914,52.56264596062914,313300
2007-09-06,52.69443893432617,52.82619014535677,52.65679709877505,52.78227307501324,267100
2007-09-07,53.25905990600586,53.25905990600587,53.0081033106183,53.03319944881695,410800
2007-09-10,53.37828826904297,53.47239763101807,53.19634477898472,53.24653707691823,238000
2007-09-11,53.26532745361328,53.38452810961335,53.208859954162094,53.315519722770276,123200
2007-09-12,53.13359832763672,53.227702888005716,53.0583098927413,53.19633629674946,147900
2007-09-13,52.81989669799805,52.99556490288163,52.76342918265713,52.99556490288163,178500
2007-09-14,52.8889274597168,53.12105847045193,52.78226762566428,53.12105847045193,160700
2007-09-17,52.920318603515625,52.93286907762606,52.78856734497649,52.857580592773665,237900
2007-09-18,52.86381912231445,52.99557028936837,52.64423384389125,52.79480592243858,344700
2007-09-19,52.67561340332031,52.78226845244229,52.55640788571266,52.757172302072185,1369300
2007-09-20,52.07957458496094,52.53756598311415,52.07957458496094,52.4999241658959,685800
2007-09-21,52.343109130859375,52.3870262068741,52.2113579028152,52.2113579028152,754900
2007-09-24,52.412105560302734,52.4372017080661,52.30545052225899,52.361913264776,236300
2007-09-25,52.418392181396484,52.65052322208504,52.41211694644221,52.58150999739336,225500
2007-09-26,52.43719482421875,52.48738711315634,52.292893190173196,52.35563115804513,151100
2007-09-27,52.606590270996094,52.67560347485572,52.45601818375706,52.49366000891673,437100
2007-09-28,52.62540817260742,52.81362686083752,52.537574061193396,52.7257927494235,185600
2007-10-01,52.68838882446289,52.75765803751377,52.593930369906545,52.663199582957425,510600
2007-10-02,52.80173110961914,52.88359733490383,52.63800346340571,52.675789722904774,205900
2007-10-03,52.763973236083984,52.959183914042825,52.688405487668575,52.9402931780285,1232800
2007-10-04,52.85837173461914,52.87726244919549,52.7135349156127,52.7135349156127,120300
2007-10-05,52.392433166503906,52.581350118613244,52.342059476384726,52.56245938427384,1173000
2007-10-08,52.581336975097656,52.763955368659694,52.316857151741516,52.4553955747442,129100
2007-10-09,52.417625427246094,52.5561638928432,52.33576397228323,52.44281467593265,184000
2007-10-10,52.46797561645508,52.54354332174355,52.30424799050774,52.36722348042581,298700
2007-10-11,52.474281311035156,52.48687352812967,52.17201525285072,52.27277220703087,264100
2007-10-12,52.29795455932617,52.480568107109335,52.22868536353724,52.22868536353724,151400
2007-10-15,52.348323822021484,52.392403778874254,52.16570548524434,52.17830250397654,196200
2007-10-16,52.49318313598633,52.51207386779963,52.36724172099296,52.436506136189394,205200
2007-10-17,52.81429672241211,53.07247785294386,52.499438638515336,52.51832935485265,201200
2007-10-18,53.01583480834961,53.059914772119875,52.933968586807886,52.98434706093268,193200
2007-10-19,53.46926498413086,53.488155722680446,53.1040280243098,53.1040280243098,270500
2007-10-22,53.36850357055664,53.456663546088535,53.26145285803338,53.4503650323053,218900
2007-10-23,53.35585403442383,53.425118394204766,53.21101719913799,53.2676893492369,368300
2007-10-24,53.62666320800781,53.74000757377754,53.475527778269594,53.48182628893101,273300
2007-10-25,53.582576751708984,53.702224428731256,53.56368602467511,53.67074148512674,169800
2007-10-26,53.4503288269043,53.63294716805199,53.37476593012255,53.42513959319202,189500
2007-10-29,53.49443435668945,53.5574098732518,53.41257291125874,53.456652890237955,171500
2007-10-30,53.55112075805664,53.55112075805665,53.43147302082086,53.52593150788289,118400
2007-10-31,53.19217300415039,53.51332988198654,53.185874491624126,53.4188714115221,313300
2007-11-01,53.62632369995117,53.72111547846181,53.29771284395566,53.29771284395566,219100
2007-11-02,53.77163314819336,53.910660359862604,53.49358354616197,53.49358354616197,337600
2007-11-05,53.70844650268555,53.89170922828646,53.65789509183275,53.85379446481995,172100
2007-11-06,53.613643646240234,53.82850517767801,53.575728890642196,53.63260584534592,184100
2007-11-07,53.80961990356445,53.85385545147236,53.65163511513432,53.72746472794039,299700
2007-11-08,53.92961883544922,54.0496886700233,53.815874555924964,53.86011004950902,1078400
2007-11-09,54.25190353393555,54.258224267069544,54.07496157663764,54.09391895473288,276700
2007-11-12,54.34669876098633,54.34669876098633,54.201350817343474,54.327741381664886,117900
2007-11-13,54.06864929199219,54.18239839964423,53.999135680576636,54.18239839964423,125300
2007-11-14,54.106571197509766,54.106571197509766,53.860115590571105,53.860115590571105,96400
2007-11-15,54.40988540649414,54.47939900358986,54.157109128082986,54.18238723805475,210400
2007-11-16,54.40988540649414,54.56154924501823,54.3593291865506,54.4162061393137,742300
2007-11-19,54.80171203613281,54.85858419162134,54.40990839796949,54.47310128894846,503500
2007-11-20,54.65635299682617,54.883851215399844,54.5552453559643,54.77642284032549,378500
2007-11-21,55.08606719970703,55.11766604709926,54.92176669292761,55.01023768005721,317600
2007-11-23,54.9217643737793,55.123984453151806,54.776416431742646,54.94703766505723,216700
2007-11-26,55.67378234863281,55.76857409038521,54.991287593585504,55.07344268638143,637600
2007-11-27,55.155601501464844,55.635876198445395,54.997616847841805,55.40205717541206,353300
2007-11-28,54.95968246459961,55.20613805061337,54.89016885610267,55.13030370826018,159600
2007-11-29,55.26932144165039,55.452584121577615,55.187171200844304,55.25668479741348,145300
2007-11-30,55.345176696777344,55.345176696777344,54.78906771396142,54.9280949596654,395100
2007-12-03,55.563907623291016,55.83022240260925,55.418073299894026,55.83022240260925,214700
2007-12-04,55.614662170410156,55.70977429301738,55.399079207597076,55.697090096614545,196800
2007-12-05,55.405372619628906,55.58925462111521,55.341966200605974,55.42439889917551,284600
2007-12-06,55.11372375488281,55.34199083505394,55.04397521163042,55.291263742215506,217900
2007-12-07,54.758663177490234,54.99327243677275,54.65720895587503,54.99327243677275,193000
2007-12-10,54.6318473815918,54.82840887868941,54.48600815504618,54.79670322669153,257800
2007-12-11,55.380027770996094,55.380027770996094,54.70791079488577,54.70791079488577,318800
2007-12-12,54.91718292236328,55.069359420374205,54.53039716014928,54.65087284144324,470500
2007-12-13,54.51139831542969,54.82843563973708,54.51139831542969,54.790392708854,221000
2007-12-14,54.35283279418945,54.479645679541235,54.28942635151356,54.42258133241338,240100
2007-12-17,54.67622756958008,54.70792838117876,54.40357543429648,54.466981895096716,191000
2007-12-18,54.78400802612305,54.96789011180883,54.676216580666456,54.72693883655069,644300
2007-12-19,55.221492767333984,55.2912412822537,54.72057865123768,55.04395285212013,411600
2007-12-20,55.13277053833008,55.361037723388016,55.10741181786058,55.18983975339659,308600
2007-12-21,54.733299255371094,55.113742908672045,54.70159360192789,55.09472145164753,560200
2007-12-24,54.57475280761719,54.66986488179672,54.511346370697844,54.581094902589435,197400
2007-12-26,54.31480026245117,54.68890173195977,54.270410422744305,54.517703820300426,135700
2007-12-27,54.67947769165039,54.97222106005858,54.50765185673428,54.97222106005858,211000
2007-12-28,55.11859130859375,55.182230322422654,54.83221331869092,54.870395755919155,302900
2007-12-31,55.37318420410156,55.449549122668195,55.144079737704985,55.18862755865163,181100
2008-01-02,55.767677307128906,55.83132113098382,55.32856502565087,55.36038208223626,564700
2008-01-03,55.88228988647461,55.901381112160955,55.564089844109354,55.685007413919294,198600
2008-01-04,56.02864074707031,56.15591876895861,55.97136223847887,56.003184171623595,368700
2008-01-07,56.130435943603516,56.19407978012936,55.92042779123459,55.92042779123459,341100
2008-01-08,56.2513542175293,56.27044542662506,55.920428597402186,56.06043241588547,293200
2008-01-09,56.16227722167969,56.46138587722255,56.14955136319359,56.28319472634886,335600
2008-01-10,56.00950622558594,56.302249333870996,55.945867263844235,56.27679277810601,258300
2008-01-11,56.365928649902344,56.378654509224944,56.035002898719554,56.07955068936618,310100
2008-01-14,56.39141082763672,56.41686741318515,56.25776739501788,56.33413229631594,347000
2008-01-15,56.760498046875,56.76685854883948,56.5059371632904,56.575941527659786,353700
2008-01-16,56.65229415893555,57.10414217876982,56.51229031577807,56.79230285743699,459400
2008-01-17,57.11051940917969,57.142341342831486,56.59503710036929,56.645950252074,608600
2008-01-18,57.02775192260742,57.085025539349004,56.83683015611774,56.95138224494311,628100
2008-01-22,57.66416549682617,57.78508296898431,57.19959167380549,57.78508296898431,863800
2008-01-23,57.396915435791016,58.408789067886936,57.352367631648676,58.39606320470905,1417600
2008-01-24,56.87505340576172,57.358713770939815,56.86868804809363,57.21870988965897,398500
2008-01-25,57.40323257446289,57.4032325744629,56.62046391368306,56.639555121700695,442600
2008-01-28,57.19325256347656,57.34598715808842,57.13597405590635,57.23143499829322,254900
2008-01-29,56.96415710449219,57.10416586105818,56.84323956830411,57.078709282105635,433100
2008-01-30,56.938655853271484,57.053207941010996,56.645912708013235,56.85592082275052,694000
2008-01-31,57.23145294189453,57.396918303553264,57.04689635684185,57.396918303553264,384900
2008-02-01,57.41718673706055,57.53209790955845,57.174593778141585,57.48102519499002,597500
2008-02-04,57.09796905517578,57.212880186373276,57.02774531552395,57.07243270706962,442300
2008-02-05,57.50017547607422,57.57678454690198,57.32142584803817,57.49379016919805,234400
2008-02-06,57.3980598449707,57.41721090335381,57.238461197692594,57.321450740874106,161700
2008-02-07,56.75326919555664,57.44273639012917,56.61282163326632,57.43635108168962,246500
2008-02-08,57.23206329345703,57.25759965586966,56.98947028581866,57.06607937305653,219300
2008-02-11,57.35974884033203,57.48743067155057,57.238457188879224,57.32783203545028,200000
2008-02-12,57.23844528198242,57.27036208022475,56.932013821366475,57.110763477324596,425500
2008-02-13,56.995849609375,57.23205728396712,56.97669855721721,56.995849609375,310900
2008-02-14,56.68301773071289,56.91922532198068,56.53618493169542,56.82984565916947,477900
2008-02-15,56.804344177246094,56.91287007221077,56.70219872041102,56.77242250434427,512000
2008-02-19,56.39576721191406,56.683047656296544,56.300011934350024,56.510678415554366,564300
2008-02-20,56.34471130371094,56.52346102049116,56.23618051518194,56.30002387451587,496700
2008-02-21,56.92564392089844,56.95756559834348,56.49792071829421,56.49792071829421,361900
2008-02-22,56.76608657836914,57.066133030638305,56.715013805521686,56.89376851048777,237200
2008-02-25,56.38936233520508,56.766012585223095,56.33190432300492,56.657486737308886,175400
2008-02-26,56.52981948852539,56.63196004794427,56.43405936555869,56.48513208054922,259700
2008-02-27,56.663856506347656,56.868142404873936,56.45318530364742,56.8489913629121,201600
2008-02-28,57.32780075073242,57.32780075073242,57.00860365272291,57.13628054370224,289500
2008-02-29,57.940677642822266,57.97259444077937,57.551256665581064,57.615095132058045,420700
2008-03-03,57.79338836669922,57.91506022140074,57.639700945668636,57.81900375114349,480300
2008-03-04,57.57569885253906,58.04957152988911,57.51806298217008,57.85745847617638,305600
2008-03-05,57.325927734375,57.716553876223124,57.2682967719561,57.70374862423093,358300
2008-03-06,57.78697967529297,57.863825823806664,57.5180254839471,57.543640866785,292600
2008-03-07,57.98550033569336,58.177608387354155,57.71014106457476,58.13278268673647,414000
2008-03-10,58.401710510253906,58.491361870993536,58.036700002776044,58.09433581218451,200300
2008-03-11,57.76778030395508,57.95348820048706,57.64610843383242,57.94068294945945,350800
2008-03-12,58.43378829956055,58.46580876795231,57.81903341441154,57.90868486314343,289800
2008-03-13,58.12638473510742,58.61306731970362,57.96629222964089,58.57464668179502,626400
2008-03-14,58.728370666503906,58.84363753759732,58.37616986667967,58.37616986667967,301700
2008-03-17,59.02289581298828,59.29185001348491,58.702710845072794,58.702710845072794,569100
2008-03-18,58.61947250366211,58.95246276601044,58.54262634205762,58.95246276601044,333400
2008-03-19,59.12538146972656,59.17020718809727,58.54264224527039,58.56185256948115,1370400
2008-03-20,59.253421783447266,59.27263209735753,58.96525730352485,59.21500115562675,626300
2008-03-24,58.209651947021484,58.66431420110397,58.209651947021484,58.66431420110397,898300
2008-03-25,58.41460037231445,58.510656928685826,58.29933348179668,58.39539003816806,314600
2008-03-26,58.45939636230469,58.65150449163903,58.382550179188804,58.56825812415784,615400
2008-03-27,58.3825569152832,58.60028534974761,58.26088988502476,58.39536705676566,345100
2008-03-28,58.61308670043945,58.683527816987315,58.33132223424804,58.452994142037454,131800
2008-03-31,58.715518951416016,58.894821745553095,58.670693252881755,58.862801295613735,431000
2008-04-01,58.20213317871094,58.81898009233909,58.067198375941985,58.81898009233909,786700
2008-04-02,58.00937271118164,58.21498837152189,57.88086476181799,58.035075281507176,734700
2008-04-03,58.00937271118164,58.21498837152189,57.91941616617428,58.21498837152189,560200
2008-04-04,58.45272445678711,58.4720001559929,58.30493592577063,58.311362792926985,421800
2008-04-07,58.06715393066406,58.24064000078917,57.867960410434804,58.131407849145226,330400
2008-04-08,58.07361602783203,58.24710712012322,58.015788931910386,58.23425338618743,469900
2008-04-09,58.420570373535156,58.523380595604394,58.10572264740522,58.182830313957155,761000
2008-04-10,58.18929672241211,58.4912958525876,58.06078874892953,58.420614996492695,199700
2008-04-11,58.43992614746094,58.52988276391251,58.362823277512696,58.43992614746094,716400
2008-04-14,58.29202651977539,58.52976643261789,58.253475161424326,58.43338803674022,246000
2008-04-15,58.02861022949219,58.214950065039346,57.95150747151462,58.11214475364898,273700
2008-04-16,57.63667297363281,58.05433101882831,57.48246250697653,57.99007706624339,1116400
2008-04-17,57.50172805786133,57.68164105426314,57.30253936931097,57.61738711301413,815000
2008-04-18,57.44392776489258,57.488906034964344,56.96201562743923,57.14192870772628,2284800
2008-04-21,57.4503059387207,57.52098181556077,57.28324183337058,57.36034457256324,303600
2008-04-22,57.49532699584961,57.617408057922816,57.347538465217916,57.40536556268471,427900
2008-04-23,57.43749237060547,57.50817319912063,57.27042814845482,57.4631949357258,191300
2008-04-24,56.987728118896484,57.199765770574814,56.89134469417108,57.05198210129188,306600
2008-04-25,56.910579681396484,57.026238727864566,56.72423983418339,56.872028299994156,211400
2008-04-28,57.01339340209961,57.064793613038304,56.839902370614595,56.86560492721465,167800
2008-04-29,57.1162223815918,57.26401091768511,57.03911467985658,57.12264924896893,144300
2008-04-30,57.296146392822266,57.35397840573466,56.917044483646904,57.096957586459915,168700
2008-05-01,57.28972244262695,57.60556717221994,57.17369895205791,57.56044719909355,336700
2008-05-02,56.82560729980469,57.04475994928045,56.774040234855335,56.90940009206789,341700
2008-05-05,56.90940475463867,56.98675535840001,56.722477817161895,56.95452471073952,158800
2008-05-06,56.72888946533203,57.09629599752259,56.6773224283957,57.02539255116096,557400
2008-05-07,56.95452117919922,56.98030471218759,56.600003747741724,56.664465039065696,361300
2008-05-08,57.32191467285156,57.321914672851555,57.03185859974165,57.06408432025111,445600
2008-05-09,57.386356353759766,57.5023797368692,57.28966938155129,57.46370691506729,236600
2008-05-12,57.28972244262695,57.51532722596716,57.25749670051281,57.33484241575334,112200
2008-05-13,56.81270217895508,57.08342184146053,56.774029346512876,56.954509121516516,458800
2008-05-14,56.793331146240234,56.96736370385938,56.58062086204858,56.96736370385938,174400
2008-05-15,57.10918426513672,57.13496778313861,56.74177773959038,56.74177773959038,269100
2008-05-16,57.01249694824219,57.30255783568599,56.960934830261614,56.98027123921723,318100
2008-05-19,57.14142990112305,57.160766315277655,56.870710267549406,57.07697354803949,163600
2008-05-20,57.315486907958984,57.34127044369251,57.13500707553093,57.27036694985197,230400
2008-05-21,57.18010711669922,57.32836116610057,57.08342012080311,57.11565075867011,183100
2008-05-22,56.80626678466797,56.9674101766884,56.62578697243805,56.960967981755935,223800
2008-05-23,57.05767059326172,57.141468334566895,56.91586848818338,56.922310685431604,413200
2008-05-27,56.78047180175781,56.92872585631112,56.6966790251786,56.78047180175782,258900
2008-05-28,56.35505294799805,56.60643618231817,56.335716532697234,56.56776335171655,197900
2008-05-29,56.09079360961914,56.22615839585873,55.92320801107693,56.22615839585873,387600
2008-05-30,56.2777099609375,56.387291191932576,56.232590013247346,56.303493490718374,2838400
2008-06-02,56.61211395263672,56.70267717955907,55.751810179913754,56.599179168823106,240300
2008-06-03,56.90968322753906,57.03258097877688,56.39220290792717,56.50863573308694,561500
2008-06-04,56.70267868041992,57.05197213825727,56.63798995446932,57.04550721370774,462400
2008-06-05,56.40511703491211,56.56682895867626,56.35337296995035,56.54095939372351,1079400
2008-06-06,56.89677810668945,56.95499702220385,56.61863312938108,56.728596160278066,250000
2008-06-09,56.489253997802734,56.74799426255843,56.40516057409759,56.61215179889013,288000
2008-06-10,56.15287780761719,56.411618015395426,56.068789337489335,56.353404059551295,221200
2008-06-11,56.21110916137695,56.495719011482244,56.09467628881476,56.26932313012801,247100
2008-06-12,55.71949768066406,55.96529819413639,55.62893933701323,55.96529819413639,546800
2008-06-13,55.59010696411133,55.907061035385716,55.53835795062152,55.71947456277831,579300
2008-06-16,55.596561431884766,55.73240380050819,55.499538218663204,55.712994222807254,180600
2008-06-17,55.7841911315918,55.835940175480715,55.58366975534783,55.70010263656766,266600
2008-06-18,56.0881462097168,56.13342533737671,55.85528071459305,55.88115520683511,296200
2008-06-19,55.76475524902344,56.023495388528794,55.75182046282413,55.965276512987685,152900
2008-06-20,56.02352523803711,56.17229756635511,55.932966881219116,56.07527428052177,318300
2008-06-23,55.99761199951172,56.178728587921974,55.92645834905671,56.08817029371685,472000
2008-06-24,56.29517364501953,56.372797171981155,56.11405701716706,56.14640138716557,273400
2008-06-25,56.28871536254883,56.327529601542686,55.99116585057723,56.28225043526569,254200
2008-06-26,56.60566329956055,56.67034710505008,56.29517412412956,56.29517412412956,320500
2008-06-27,56.883853912353516,56.955007636208336,56.61217381442512,56.676862607065495,173000
2008-06-30,56.9226188659668,56.94849337584012,56.74797209314453,56.819120826473494,240500
2008-07-01,56.768104553222656,57.183464696797934,56.76810455322265,57.11856560276745,355300
2008-07-02,56.90443420410156,56.98231614266704,56.78112237257797,56.82006581760419,469800
2008-07-03,56.923912048339844,57.03424109768919,56.75517029837232,56.83305224870065,261800
2008-07-07,57.18999481201172,57.40416147216506,56.813572879702356,56.96284040188538,507900
2008-07-08,57.33283615112305,57.41720958279748,57.209529134163624,57.22899840255235,206400
2008-07-09,57.60536193847656,57.65079183548967,57.274369859388266,57.339269004908786,308200
2008-07-10,57.62483215332031,57.722183348977325,57.378213415611704,57.63132355342744,291100
2008-07-11,57.08620071411133,57.68977261768155,57.01481011626499,57.62487342459152,378000
2008-07-14,57.39115524291992,57.5274448507029,57.11208463132113,57.11857602735396,296400
2008-07-15,57.59886932373047,57.82601880400547,57.462579635565476,57.51450093148185,506300
2008-07-16,57.07319259643555,57.43663184624055,57.073192596435554,57.404179791155784,309500
2008-07-17,56.80059814453125,57.17052873011224,56.696760499335504,57.04722183591027,266400
2008-07-18,56.60591506958008,56.93690724115452,56.560485159872904,56.820086765980534,365500
2008-07-21,56.735713958740234,56.735713958740234,56.49558655569096,56.57346357225231,264600
2008-07-22,56.541019439697266,56.70975628544768,56.46962886976859,56.68379562806552,263000
2008-07-23,56.45015335083008,56.50206970834461,56.261942319310336,56.43067914633751,550000
2008-07-24,56.93690490722656,56.96935201197946,56.508561531984085,56.52153938358752,276300
2008-07-25,56.60591506958008,56.87849452782313,56.52803310230115,56.79412611022089,296900
2008-07-28,56.93040466308594,57.03424231425089,56.7746457105946,56.79411496072004,363000
2008-07-29,56.768104553222656,56.86545567001012,56.65777559822248,56.83949504210123,190000
2008-07-30,56.87848663330078,56.98232924192638,56.560477309489066,56.638354314470156,274900
2008-07-31,57.33283615112305,57.33283615112304,57.138138515743314,57.183568459147835,275000
2008-08-01,57.36143493652344,57.37445759906155,57.12047344659171,57.1335010777153,308500
2008-08-04,57.322357177734375,57.4395810152588,57.21164715579061,57.25723392768425,367500
2008-08-05,57.029300689697266,57.33538543371248,57.02930068969726,57.27026218295267,355600
2008-08-06,57.04884338378906,57.05535720015041,56.78834538378186,57.029306903291086,272400
2008-08-07,57.582847595214844,57.700071417366765,57.218153467891035,57.289790524127476,341200
2008-08-08,57.556793212890625,57.66099436676629,57.452597027599445,57.64145789256072,202800
2008-08-11,57.27680587768555,57.47869453703286,57.09445867718236,57.47869453703286,412500
2008-08-12,57.674049377441406,57.68707701327562,57.46565192137952,57.48518840654356,302200
2008-08-13,57.550315856933594,57.77824979502428,57.43960082821479,57.765222159369266,210100
2008-08-14,57.726112365722656,57.817285882798764,57.60888856254137,57.726112365722656,303000
2008-08-15,57.9410514831543,58.03222504426405,57.84987792204455,57.88243706896292,292500
2008-08-18,58.0843391418457,58.110389446586986,57.882450522247645,57.93455113173021,381000
2008-08-19,57.999664306640625,58.168988773671465,57.934541040424676,58.14945229066535,373400
2008-08-20,58.16902160644531,58.253681403452525,58.051797673656345,58.10389830347134,487300
2008-08-21,58.045265197753906,58.201567036965415,57.921532452446385,58.201567036965415,279900
2008-08-22,57.87593460083008,57.93454405289598,57.765219577060634,57.93454405289598,157200
2008-08-25,58.260162353515625,58.31877677113419,58.18852527008556,58.208061753096175,232700
2008-08-26,58.27968978881836,58.27968978881836,58.08432002045595,58.19503005271991,166900
2008-08-27,58.36436462402344,58.383901107392106,58.032229500995655,58.032229500995655,255700
2008-08-28,58.27968978881836,58.344813044939166,58.090828868057855,58.20154386890778,201600
2008-08-29,58.20805740356445,58.234107701827604,58.025710284308786,58.14944795891214,496900
2008-09-02,58.52497100830078,58.53803679996889,57.956511862444636,58.08065931597476,349200
2008-09-03,58.66868591308594,58.740560188541565,58.498800808823745,58.5184019775775,410300
2008-09-04,58.96276092529297,58.98889749970415,58.70793555608622,58.779809889456516,460500
2008-09-05,58.83209228515625,59.22413099285863,58.80595570663707,59.11305427293411,363400
2008-09-08,58.83854675292969,58.85814791360012,58.30929048964927,58.433437820609676,418500
2008-09-09,59.10649108886719,59.1522288335082,58.63604286682241,58.72751835610442,323800
2008-09-10,58.95615768432617,59.03456232565451,58.72093379026977,58.76013611093394,248900
2008-09-11,58.851680755615234,59.15877925555183,58.80594299935074,59.12610729320223,393500
2008-09-12,58.557647705078125,58.93661551461771,58.45963681199125,58.91701433300855,358300
2008-09-15,59.68147659301758,59.727219319634784,59.211033387525774,59.43972209541206,526200
2008-09-16,59.51158905029297,60.530890013842544,59.47891710247075,60.524354627270235,810900
2008-09-17,60.04732894897461,60.184542049028394,59.668356585948686,59.89704508603832,829800
2008-09-18,59.341697692871094,60.06697099037957,59.32209652024202,59.72067031382916,687700
2008-09-19,58.283203125,58.64257465730589,58.19172764132941,58.19172764132941,1339500
2008-09-22,58.15902328491211,58.2243621619516,57.81272275006968,57.91726395632552,785800
2008-09-23,58.15902328491211,58.341974134637404,57.96953705197183,58.24396332655977,455500
2008-09-24,58.309295654296875,58.50531724843499,58.15901675248905,58.3681041265528,415400
2008-09-25,58.13288879394531,58.28316771794964,57.793118645259355,58.28316771794964,427200
2008-09-26,58.093719482421875,58.34200935909368,58.04144635521525,58.2439984918412,310600
2008-09-29,58.9039306640625,59.50505664783814,58.472684859371554,58.472684859371554,528000
2008-09-30,58.12643051147461,58.99545321615703,58.00881837862252,58.99545321615703,477900
2008-10-01,58.536170959472656,58.87711024496341,58.2017895454464,58.444380767730586,349200
2008-10-02,58.86393356323242,58.95572365994892,58.56233681656606,58.63445832144118,298000
2008-10-03,59.086883544921875,59.13933148027152,58.35255742596495,58.92952473231061,505400
2008-10-06,59.56551742553711,59.87367225626933,59.29014693933801,59.29670480868237,1065200
2008-10-07,59.519630432128906,59.696657913160735,59.18524908077163,59.296712866016954,825400
2008-10-08,58.759071350097656,59.814663158154765,58.03130296063745,59.70975726315333,869200
2008-10-09,58.16900634765625,58.21490144049371,57.85429356663511,58.136221994690935,577200
2008-10-10,57.48713302612305,57.99197904911073,57.31011052518164,57.99197904911073,1154600
2008-10-13,57.09373474121094,57.539574844923514,56.956049488883544,57.21175138637571,478400
2008-10-14,56.82493209838867,57.303556675124966,56.792152745197896,57.074081194028246,736700
2008-10-15,57.29045486450195,57.29045486450195,56.77249293709797,56.81839304667004,247200
2008-10-16,57.303524017333984,57.42809349197019,57.074048667017315,57.11338586930375,330400
2008-10-17,57.66416931152344,57.66416931152344,57.00196924026965,57.63138995279698,445800
2008-10-20,57.72310256958008,57.76243974805142,57.23136782995049,57.36249509297794,315900
2008-10-21,58.332908630371094,58.437809538874234,57.814946951253546,58.08375959357151,225500
2008-10-22,58.778751373291016,58.778751373291016,58.391917063061825,58.4247014121656,347700
2008-10-23,58.8574333190918,59.106582398822695,58.5427255371654,58.9492285078595,330000
2008-10-24,58.608299255371094,59.27050428784606,58.46405607976359,59.27050428784606,1924600
2008-10-27,58.575523376464844,58.79844604436467,58.29359985884264,58.65420284787506,213700
2008-10-28,58.10343551635742,58.56894425865907,57.90018155684761,58.28701586518744,278100
2008-10-29,58.18866729736328,58.378805514710336,57.90673890642651,58.149330080736064,255400
2008-10-30,57.742828369140625,57.9001822411132,57.58547449716804,57.736270498836525,406300
2008-10-31,57.62482833862305,58.17557455269426,57.42813219027101,57.97887840434222,264100
2008-11-03,57.716915130615234,57.809040691839954,57.50634170203493,57.71033329896588,1942300
2008-11-04,58.407867431640625,58.486829337098605,57.73666111244555,57.73666111244555,269700
2008-11-05,58.717185974121094,58.717185974121094,58.34867843705368,58.42106357716673,286500
2008-11-06,58.53950881958008,58.67769725690142,58.23680962061858,58.434224542774786,173000
2008-11-07,58.32893753051758,58.4671259732524,58.197330924237804,58.38816401767262,212300
2008-11-10,58.388126373291016,58.54605520309986,58.09858600158565,58.26309666360607,205400
2008-11-11,58.60527801513672,58.809274654775464,58.381545919331316,58.381545919331316,130100
2008-11-12,58.967227935791016,59.059353545254716,58.730332077036024,58.750072561854076,266900
2008-11-13,58.53950881958008,59.19097002994353,58.486864170942425,58.88827083098203,300500
2008-11-14,59.11854553222656,59.26331570935754,58.91455393016019,59.04616546412775,324100
2008-11-17,59.36863327026367,59.4212779089754,59.092256447730726,59.12515558157375,473100
2008-11-18,59.82927322387695,59.98062533520035,59.500251697101824,59.61869964755967,543600
2008-11-19,60.47410202026367,60.572809391630166,59.941084223070796,60.07927755526316,432400
2008-11-20,61.691532135009766,61.691532135009766,60.941363505885626,61.27038501060568,727900
2008-11-21,61.12562942504883,61.27698156257513,60.82293017046717,61.02692194583349,791300
2008-11-24,60.55308532714844,60.934751287233034,60.34909370248509,60.88210666781435,611600
2008-11-25,61.59279251098633,62.974681104987646,61.09926051166678,61.33615627297753,411600
2008-11-26,61.96791076660156,62.01397357776116,61.65205292449851,61.678375248085416,483400
2008-11-28,62.09288787841797,62.1981720629887,61.86257401798297,61.88889631924206,134000
2008-12-01,62.93337631225586,63.435154539182435,62.48441790651638,62.755115712218675,663900
2008-12-02,63.26348114013672,63.29649478167194,62.834328986051275,62.893752533379775,278300
2008-12-03,63.36252975463867,63.46156566196232,62.854147781059204,63.23048019914865,352200
2008-12-04,63.75874328613281,63.90399544930744,63.296581891651186,63.4946489019227,443800
2008-12-05,63.08525466918945,63.81811358023578,62.999421169675884,63.54741567742714,557500
2008-12-08,62.84754943847656,63.190868210351525,62.76831970473211,63.05221995418036,523400
2008-12-09,63.382347106933594,63.520995386768845,62.76833041784812,62.973000968484484,1421700
2008-12-10,63.32294845581055,63.32294845581055,62.906998448532995,63.04564677189953,737000
2008-12-11,63.70590591430664,63.752122041068276,63.13810490713225,63.40880296186471,327500
2008-12-12,63.88410186767578,63.89070056629843,63.04560372254294,63.69923756275108,281300
2008-12-15,64.0228042602539,64.20106498019165,63.851142244521384,63.936970733798255,328900
2008-12-16,65.03955078125,65.11877551324244,63.80491332353069,65.03955078125,406000
2008-12-17,65.48189544677734,66.03648863294573,65.36965706917331,65.87803415649434,667900
2008-12-18,65.92426300048828,66.22796957122617,65.80542086087972,65.99028529200905,477700
2008-12-19,65.70635986328125,66.0166700560605,65.65354507249995,65.65354507249995,598000
2008-12-22,65.53473663330078,65.83844324425876,65.46211059185664,65.73280353409322,804200
2008-12-23,65.50167846679688,65.72616017981035,65.36303021927762,65.42905247469034,324500
2008-12-24,65.43569946289062,65.65357758322274,65.39608709089516,65.46871313100587,129200
2008-12-26,65.78562927246094,65.78562927246094,65.49512508070423,65.69980077815967,181100
2008-12-29,65.93070983886719,66.21566537168354,65.8578138847119,65.90420175954716,211900
2008-12-30,66.02346801757812,66.03009629961893,65.672244907883,65.75839740671995,201300
2008-12-31,65.29459381103516,65.99041765772417,65.07590573854387,65.85125389956717,404600
2009-01-02,64.3602066040039,65.57954907834727,64.24092266143519,65.46026513577854,455200
2009-01-05,64.24744415283203,64.47938843644842,63.91610095440403,64.08840083323746,1383500
2009-01-06,64.20773315429688,64.33364528282746,63.617942219442774,63.75710586133983,900800
2009-01-07,64.22098541259766,64.37340055763,63.982417740817105,64.10832480499612,296700
2009-01-08,64.39330291748047,64.63187067285432,64.18787153875903,64.287275612815,262600
2009-01-09,64.69153594970703,64.91021891589492,64.28066800419437,64.28066800419437,278700
2009-01-12,65.09575653076172,65.14876765666203,64.5059603560454,64.53246844694625,747700
2009-01-13,65.14214324951172,65.1819028571943,64.88369568777233,64.93008358203578,157700
2009-01-14,65.50663757324219,65.75183369054712,65.4072334686103,65.42049004570937,321100
2009-01-15,65.45362091064453,65.68556550510182,65.3343369971161,65.58616140117766,414500
2009-01-16,64.85054016113281,65.27465937084705,64.59209267571008,64.6451088408993,288800
2009-01-20,64.75116729736328,64.97648357997234,64.11498817642946,64.15474779151837,357200
2009-01-21,64.17465209960938,64.64516465200386,64.02886510332415,64.34695225727901,484100
2009-01-22,63.75046920776367,64.12820048786836,63.55166619796597,64.09506918085164,262600
2009-01-23,63.763797760009766,63.76379776000976,63.32642154407023,63.52522983420726,361900
2009-01-26,63.604705810546875,63.69085330763624,63.326373404756225,63.518553257556505,324900
2009-01-27,64.02217864990234,64.11495440684597,63.518535215137256,63.55829986518421,269300
2009-01-28,63.61134338378906,64.16137497728201,63.339644258844515,64.1149870751743,266200
2009-01-29,62.78295135498047,63.445638211330824,62.610656412577,63.29322306567395,325900
2009-01-30,62.75639724731445,63.054609147497665,62.703386180169325,62.96845668358227,296900
2009-02-02,63.265506744384766,63.37848472050069,62.78038540925381,62.99968933506801,347600
2009-02-03,62.72056198120117,63.092715415458045,62.60094213985811,63.026256004602075,436000
2009-02-04,62.401573181152344,62.634165886596975,62.13575077344103,62.56771155220433,325000
2009-02-05,62.547813415527344,62.77375930252019,62.2952796946015,62.48800092946562,641800
2009-02-06,62.169010162353516,62.48799314781374,62.13578044421914,62.46805734499036,667000
2009-02-09,62.04273986816406,62.18894250759774,61.88324838430136,62.14906583402492,468300
2009-02-10,62.87339401245117,63.03288539976312,62.45472721945492,62.53447037804099,437400
2009-02-11,63.35854721069336,63.45823127954304,63.0129815181758,63.03956427454521,316800
2009-02-12,63.33856201171875,63.65090281777939,63.27210770769569,63.51799420973327,379900
2009-02-13,62.84019088745117,63.15253191102214,62.747153783001345,63.072788718717675,304100
2009-02-17,63.89686584472656,63.94338442026867,63.504776362176436,63.504776362176436,416200
2009-02-18,63.4316291809082,63.923402418571804,63.35852789071877,63.890172715707216,422300
2009-02-19,63.079463958740234,63.32535076202604,62.840224115041785,62.840224115041785,229300
2009-02-20,63.25886154174805,63.710758212093644,63.21898487632749,63.451582702498264,338800
2009-02-23,63.31864929199219,63.34523203731213,62.926565206338594,63.01960227988827,440600
2009-02-24,63.079463958740234,63.657627759368935,63.03294538191802,63.41838791567048,557000
2009-02-25,62.50792694091797,63.21899928290067,62.44811953437075,63.04621895055783,428700
2009-02-26,62.348384857177734,62.507876215351644,62.24205897510808,62.35503180922548,224800
2009-02-27,62.29526138305664,62.654120983509735,62.17564151623895,62.51456531724614,288300
2009-03-02,62.92026138305664,63.05352263709184,62.567114484631475,62.61375643190289,500400
2009-03-03,62.84029006958008,63.04018699760732,62.48714323584331,62.567103023772226,528400
2009-03-04,62.5204963684082,62.54714964609291,62.26063326547339,62.28062195283869,331600
2009-03-05,63.25341033935547,63.333370130222434,62.760337671318105,62.97355869670644,475000
2009-03-06,62.953548431396484,63.419967675863624,62.94021926236114,62.94021926236114,414800
2009-03-09,62.98027801513672,63.14019774875366,62.70042610669969,63.05357328881239,224900
2009-03-10,62.5204963684082,62.73371750629299,62.453865715992876,62.66708685387766,244500
2009-03-11,62.96687698364258,62.96687698364257,62.3405381678505,62.38718009560594,320700
2009-03-12,63.1468391418457,63.3667248997888,62.90030518620674,63.01357781899186,271100
2009-03-13,63.10017395019531,63.366701581416855,62.8336514025655,62.9669126763804,553200
2009-03-16,62.74032211303711,62.89357195871686,62.64703318853405,62.68035102468429,512100
2009-03-17,62.6204719543457,63.053573924035014,62.493870101522305,62.94030125761151,222200
2009-03-18,64.76593780517578,64.96583471465671,62.733676282204364,62.733676282204364,751400
2009-03-19,64.54606628417969,65.08578089783352,64.53273711044561,64.97250833904523,711100
2009-03-20,64.54606628417969,64.77261140175625,64.43278864180112,64.65933884296797,231400
2009-03-23,64.32623291015625,64.6993687402951,64.29291503235339,64.50613623294622,285100
2009-03-24,64.23297119140625,64.50615856631406,63.966443327489145,64.23963578599313,810500
2009-03-25,63.846435546875,64.24622435952581,63.74648707281465,64.07964526395543,443500
2009-03-26,64.01300048828125,64.19290363493833,63.73314888966381,63.85308601529835,507900
2009-03-27,63.973052978515625,64.23291602466124,63.84645120807839,64.15295620908113,394200
2009-03-30,64.2462158203125,64.41279489374222,64.0396593960084,64.33284019199348,321200
2009-03-31,64.35950469970703,64.43279991730003,64.23957261665433,64.24623212109647,1150800
2009-04-01,64.51726531982422,64.63086259194289,64.29674936936102,64.53062760553568,230200
2009-04-02,64.09613037109375,64.34337541629083,63.94912007925502,64.29659987781044,552400
2009-04-03,63.361167907714844,63.975934398380794,63.34112195013022,63.82224532479335,1177200
2009-04-06,63.21418762207031,63.50820873553611,63.174095687746984,63.46143311277205,363600
2009-04-07,63.37455749511719,63.488159800657215,63.26096028773745,63.36119521702087,289700
2009-04-08,63.68864059448242,63.68864059448242,63.38125713928132,63.46812981233833,250800
2009-04-09,63.314388275146484,63.58836327310981,63.21415339544874,63.29434231883849,249600
2009-04-13,63.68864059448242,63.788875548999684,63.55499738723379,63.58841073812673,207300
2009-04-14,64.01602172851562,64.08952696064605,63.762092709098745,63.8556438957816,254000
2009-04-15,64.07620239257812,64.15639136250824,63.81559461300614,64.1029320492215,238500
2009-04-16,63.822261810302734,64.01604794727312,63.71534321135656,63.935858998063495,240100
2009-04-17,63.30772018432617,63.6685627812264,63.247582300588974,63.64183313351242,239400
2009-04-20,63.74873733520508,63.81555889032778,63.53490529991773,63.548267571679126,277700
2009-04-21,63.50151062011719,64.05613937699894,63.41464308276534,64.00936376486189,218500
2009-04-22,63.34782028198242,63.60842798715352,63.14735046346961,63.5750146513483,160900
2009-04-23,63.334442138671875,63.4146310720731,63.100564122282954,63.28098284973772,238200
2009-04-24,63.08723068237305,63.24760352431354,62.973628366927834,63.154052275001526,253500
2009-04-27,63.34782028198242,63.448050093079566,63.11393712766438,63.34782028198242,207500
2009-04-28,63.040489196777344,63.561710179279956,62.94693788923778,63.55502648640887,283800
2009-04-29,62.69963455200195,63.180757993695636,62.485802477711296,63.04710976091473,454400
2009-04-30,62.59274673461914,62.672935713706345,62.33882261475162,62.53928741522767,410500
2009-05-01,62.39170455932617,62.47213399541592,62.2174484513049,62.438625565465124,562700
2009-05-04,62.45194625854492,62.57258769821591,62.30449504189792,62.43184020417344,516400
2009-05-05,62.438560485839844,62.572604292826966,62.311215289791654,62.458666545543565,245000
2009-05-06,62.46541213989258,62.69999664872816,62.33807196150883,62.38498784058649,442600
2009-05-07,61.94261932373047,62.31124765457771,61.82868151726718,62.11688045408063,489800
2009-05-08,62.0163459777832,62.197310838880384,61.93592169591442,62.002943635287146,399900
2009-05-11,62.599449157714844,62.63295757151805,62.32465255191842,62.43189174835985,698000
2009-05-12,62.55921173095703,62.65304855431004,62.39165437562863,62.48549119898164,206800
2009-05-13,62.847389221191406,62.90771250759348,62.706641704177144,62.71334542787581,287500
2009-05-14,62.85413360595703,62.88764713268769,62.699983655267005,62.807217736601864,186500
2009-05-15,62.69997787475586,62.800508218787115,62.599442417278816,62.75359235375727,254100
2009-05-18,62.33135223388672,62.78710856228523,62.304542436516684,62.74019269524918,456100
2009-05-19,62.244232177734375,62.28444432220256,62.05656357217398,62.197316304705936,268900
2009-05-20,62.438560485839844,62.525688449037126,62.15036169871842,62.25089199723703,408600
2009-05-21,61.75497055053711,62.63967364170888,61.701350941751585,62.63967364170888,374900
2009-05-22,61.39301681518555,61.66781334511431,61.29918510092815,61.48684852944295,382200
2009-05-26,60.984161376953125,61.65439066378374,60.97075904113172,61.573966421968,519900
2009-05-27,60.293853759765625,61.031105291664204,60.2402341649322,60.99089315226214,733500
2009-05-28,60.60886764526367,60.74291153030802,60.126301477589706,60.72950918718216,660100
2009-05-29,61.29248809814453,61.35281141446715,60.62225857224488,60.63566602629234,1119300
2009-06-01,60.29217529296875,60.735843432270045,60.11739444842151,60.675345329559306,970300
2009-06-02,60.49386978149414,60.527483273810184,60.1308656050161,60.446813969471,1903800
2009-06-03,60.8636360168457,60.93085791511832,60.59474329505314,60.688854978375225,568800
2009-06-04,60.15769577026367,60.561031634945955,60.05686052191966,60.48709125676704,591100
2009-06-05,59.559486389160156,59.92249065250536,59.4317663709332,59.61326593825576,1273900
2009-06-08,59.25696563720703,59.72079998953232,59.20990982961755,59.63341209792283,1135800
2009-06-09,59.512386322021484,59.68716716229319,59.351052923376365,59.52583376364807,1127200
2009-06-10,59.15607452392578,59.478746277954166,58.95440403657135,59.33757385958994,1406500
2009-06-11,59.559486389160156,59.79476550557832,59.035148607228216,59.142707705419426,781400
2009-06-12,59.875431060791016,60.023322247145934,59.640151959180805,59.640151959180805,608300
2009-06-15,60.144317626953125,60.245152982870174,60.03003995030678,60.103985536066,531500
2009-06-16,60.48045349121094,60.500619543800035,60.02333749395419,60.124172885600736,403000
2009-06-17,60.31905746459961,60.76944926825339,60.31905746459962,60.50055687860931,594800
2009-06-18,59.5864143371582,60.1107524550022,59.51919242207368,59.98303235495261,1015500
2009-06-19,59.86201095581055,59.87545328287734,59.45195074280087,59.49900658058714,850900
2009-06-22,60.184600830078125,60.25854635577162,60.029991188133586,60.10393671382709,1218000
2009-06-23,60.379634857177734,60.467022818884274,60.11746584335561,60.20485380506216,492200
2009-06-24,60.151039123535156,60.71570888983518,60.15103912353515,60.413207961988604,687600
2009-06-25,60.90390396118164,60.90390396118164,60.15772988051634,60.298897256764285,790700
2009-06-26,60.98460006713867,61.105601461267874,60.83670890445865,60.95098657427542,263700
2009-06-29,61.112342834472656,61.23333913484595,60.984617679144726,61.15267493459709,903200
2009-06-30,60.95100021362305,61.166113281467695,60.715721097027355,60.80983274366563,608800
2009-07-01,60.911888122558594,60.9118881225586,60.58831673501434,60.70291804199437,394100
2009-07-02,61.11416244506836,61.26246074126318,61.026525789366616,61.026525789366616,431700
2009-07-06,61.15457534790039,61.18827738474811,60.9456052332664,61.013014449955406,472200
2009-07-07,61.397220611572266,61.40395792963082,61.06016956097249,61.06016956097249,741600
2009-07-08,62.10505294799805,62.20616933771599,61.39724850595886,61.451177932874195,658900
2009-07-09,61.74097442626953,61.842090713456884,61.511782308766996,61.747716883545486,668900
2009-07-10,62.125240325927734,62.253316203617395,61.896042980658486,61.9904168454782,400300
2009-07-13,61.9028434753418,62.22640984578954,61.848914032602266,62.15900061386249,327400
2009-07-14,61.49164581298828,61.727580716712616,61.39052938482208,61.55231258409089,942100
2009-07-15,60.69622039794922,61.222019790851824,60.69622039794922,61.168090329272964,714400
2009-07-16,61.06017303466797,61.26914305217099,61.01972340906103,61.10735997871676,194900
2009-07-17,60.64897918701172,60.92535843028729,60.64897918701172,60.797282502277994,616000
2009-07-20,60.87144470214844,61.08041478640109,60.47372163841763,60.500686349771655,335400
2009-07-21,61.552268981933594,61.592718610343624,60.72312617290514,60.729863491813866,837700
2009-07-22,61.18831253051758,61.478176957468875,61.10742348122658,61.478176957468875,298300
2009-07-23,60.59507369995117,61.19502451733731,60.47373504345769,61.18154473016868,518100
2009-07-24,60.72319030761719,60.75015504070635,60.55466458305764,60.56814437810374,292400
2009-07-27,60.440025329589844,60.54787904222588,60.2512723322385,60.39283322300703,326800
2009-07-28,60.56137466430664,60.884946172814374,60.386111692568164,60.56137466430664,299300
2009-07-29,60.6017951965332,60.85120974530893,60.36586043026204,60.830987500056,265200
2009-07-30,60.84450149536133,60.87146621624562,60.365889271403034,60.4804854779153,367400
2009-07-31,61.457923889160156,61.50511085859279,60.97931172977375,61.107392850945445,631800
2009-08-03,60.80486297607422,61.11585008460472,60.64260479585176,61.09556910155956,453700
2009-08-04,60.629085540771484,61.00767764343726,60.405984412587486,60.96035363060404,552000
2009-08-05,60.28427505493164,60.81836312786248,60.257232033247035,60.358642075082074,393900
2009-08-06,60.28427505493164,60.50737611538294,60.14906510443758,60.257232033247035,311200
2009-08-07,59.88542938232422,60.007120456399385,59.811062328282105,59.93951545034237,507200
2009-08-10,60.27075958251953,60.29104056046484,59.8989244604245,59.959772552189726,1487700
2009-08-11,60.68992233276367,60.68992233276367,60.43302131172101,60.49386941229403,327400
2009-08-12,60.52088165283203,60.79130665189893,60.2639807405788,60.74398266390681,624700
2009-08-13,60.994140625,61.10906959953279,60.64258649852094,60.703434587227676,614700
2009-08-14,61.183380126953125,61.501128893211806,61.12929413313797,61.13605617184593,695000
2009-08-17,61.60259246826172,61.636392375376396,61.42005336971319,61.43357745890206,572900
2009-08-18,61.38627624511719,61.62289631445265,61.37275215090907,61.60937222024453,514700
2009-08-19,61.6160774230957,61.825654268599315,61.480867553337106,61.812135344793816,495400
2009-08-20,61.77837371826172,61.812178788423644,61.501191743066215,61.68372571132379,542900
2009-08-21,61.149654388427734,61.77839069756407,61.12937340392833,61.73106668108848,435100
2009-08-24,61.52824020385742,61.54852118457465,61.000914073489284,61.00767096177504,369100
2009-08-25,61.69047927856445,61.74456532021845,61.33216827898223,61.47414026987733,315800
2009-08-26,61.7716064453125,61.81216839634376,61.61611036981157,61.74456342531544,219600
2009-08-27,61.60259246826172,61.82568836059061,61.528225451509165,61.5823063344784,378700
2009-08-28,61.74456787109375,61.78512982504557,61.426818810660315,61.474142809580464,303500
2009-08-31,61.927101135253906,61.994706110400465,61.69724318816979,61.79865322985413,483700
2009-09-01,62.08780288696289,62.22339330902209,61.681026448342244,61.78271667866512,464500
2009-09-02,62.4267578125,62.46065281751241,62.108114765226325,62.17590994769201,381900
2009-09-03,62.20304870605469,62.39287734590471,62.18949173425504,62.257286938138265,246400
2009-09-04,61.830142974853516,62.250481349291455,61.80980493894273,62.169124033207844,521400
2009-09-08,61.68779754638672,61.98610265862579,61.66745950190544,61.68779754638672,408700
2009-09-09,61.742008209228516,61.75556517534799,61.46404643803649,61.599636788992555,568400
2009-09-10,62.20304870605469,62.419996461946496,61.945424862321445,61.972543978363234,626900
2009-09-11,62.38608932495117,62.677613324376075,62.34541324164042,62.474227735380374,1319500
2009-09-14,62.01997375488281,62.29793551980937,61.98607358168776,62.209802310918555,477100
2009-09-15,61.89118194580078,62.013215372531086,61.77592959067831,61.77592959067831,710100
2009-09-16,61.84374237060547,61.99967085481862,61.68103281285674,61.97933280665547,743200
2009-09-17,62.14881896972656,62.15560004277461,61.69458535192841,61.88441401772804,846500
2009-09-18,61.816585540771484,62.05387124533643,61.7216712589455,61.95895696351045,910200
2009-09-21,61.7758903503418,62.047070973094264,61.69453306005276,61.92503762388012,617200
2009-09-22,61.938629150390625,61.938629150390625,61.72168144577656,61.72846251629486,438800
2009-09-23,62.07423782348633,62.108138013629166,61.62678531376907,61.796275919597676,794500
2009-09-24,62.24372863769531,62.325085990844826,62.0200049683091,62.10135714901579,501200
2009-09-25,62.49454116821289,62.51487920185965,62.148779078898365,62.284374590609886,454100
2009-09-28,62.60298156738281,62.66400081070535,62.40637722401674,62.44027220591828,514000
2009-09-29,62.57587432861328,62.677564457607126,62.36570265967092,62.440278869225004,276400
2009-09-30,62.62337875366211,62.70473091831278,62.48100729308163,62.51490230420548,670900
2009-10-01,63.09446716308594,63.18964211325711,62.768154530112156,62.84973009503271,1762800
2009-10-02,63.0672721862793,63.379995800386986,63.012890206415314,63.36639641543674,936600
2009-10-05,63.060508728027344,63.26445292288112,63.01971573973801,63.24405902206056,509100
2009-10-06,62.85655975341797,63.012921638468114,62.84296554833234,62.9857280416486,382300
2009-10-07,63.25762939453125,63.318811068926074,63.074073998055084,63.087673383462274,269500
2009-10-08,63.02649688720703,63.35960927142213,62.95851550892898,63.339215376603384,422200
2009-10-09,62.421451568603516,62.842944397473055,62.28548881691477,62.72057584629458,543800
2009-10-12,62.605003356933594,62.68658412196092,62.39425953058795,62.421453118930394,464800
2009-10-13,62.74774169921875,62.788529469367724,62.59137993590733,62.713748432998464,489200
2009-10-14,62.319496154785156,62.54383943232709,62.21072695717726,62.38068304259119,523400
2009-10-15,62.11555099487305,62.373882373477265,62.020376003458445,62.06796349916575,826100
2009-10-16,62.401065826416016,62.401065826416016,62.095141815181506,62.23790946574592,765300
2009-10-19,62.496219635009766,62.496219635009766,62.24468289140937,62.28547585774579,487000
2009-10-20,62.638999938964844,62.76816819373462,62.59141245352023,62.666193528739896,640800
2009-10-21,62.496219635009766,62.50301932717341,62.25148258357301,62.448632163155146,406400
2009-10-22,62.312679290771484,62.42824814259651,62.210704638777415,62.23109853184698,421300
2009-10-23,62.006744384765625,62.17670037919376,61.9999446927278,62.06113154777751,424800
2009-10-26,61.653289794921875,61.93201516198831,61.61249679520142,61.877627953460824,762500
2009-10-27,62.18350601196289,62.20389990337935,61.78240712973772,61.78240712973772,669800
2009-10-28,62.3739013671875,62.503069689147154,62.16315742011616,62.19035102403659,684100
2009-10-29,62.07475280761719,62.224314977781056,61.918396129098674,62.19712138441966,351200
2009-10-30,62.537025451660156,62.54382514578497,62.23790633657849,62.258300232306,600100
2009-11-02,62.37250518798828,62.57817088756313,62.310801816815506,62.57817088756313,671100
2009-11-03,62.2285041809082,62.54386752535884,62.11195981428717,62.54386752535884,353000
2009-11-04,62.05714797973633,62.18054950413913,61.85833935249305,62.029730068028634,497700
2009-11-05,62.07084274291992,62.111974828040026,61.8994520810156,61.98172148168373,147600
2009-11-06,62.25596618652344,62.269680373764885,61.99545416366498,62.21483408565892,327300
2009-11-09,62.28331756591797,62.36558690328378,62.20790531427195,62.22847134100743,531500
2009-11-10,62.33134460449219,62.49588337926848,62.21480022851262,62.441037121009714,523000
2009-11-11,62.509613037109375,62.67414663596608,62.420491760734656,62.52332199100209,275600
2009-11-12,62.53012466430664,62.550690692461885,62.12564549612227,62.36559120864048,374500
2009-11-13,62.57817077636719,62.591884961238556,62.434203217791904,62.52332449773974,229300
2009-11-16,62.91410827636719,62.99637771156492,62.639887286568275,62.701585440144,514800
2009-11-17,63.05118942260742,63.092321502433215,62.79752939268478,62.86608460253685,506000
2009-11-18,62.8935546875,63.01010438473191,62.81129046643176,62.948400988499586,285300
2009-11-19,62.96889877319336,63.13343226737457,62.914052531657795,62.975755860991676,378200
2009-11-20,62.96210861206055,63.05809225198799,62.866130202564136,63.00324595215261,304200
2009-11-23,62.87295913696289,62.90038227459781,62.70156844956617,62.80440390808994,505100
2009-11-24,63.195167541503906,63.250013810763946,62.93465560816091,63.0032108295219,753800
2009-11-25,63.40764617919922,63.44192638124236,63.0580132243967,63.147134427114594,431200
2009-11-27,63.6956672668457,63.75736543246373,63.57226570517853,63.68881017163333,412200
2009-11-30,63.79846954345703,63.83960686624612,63.56538071284381,63.67506803594743,404100
2009-12-01,63.44664764404297,63.66652410872168,63.41916832810158,63.63216710057977,529600
2009-12-02,63.31612777709961,63.49477485476964,63.226801617191825,63.39170903141595,463800
2009-12-03,63.02067184448242,63.06189607476245,62.91760602663709,62.93821814177711,463500
2009-12-04,62.553409576416016,62.62211833570653,62.381635057118565,62.498440472126674,756700
2009-12-07,62.725189208984375,62.78015831775472,62.5534146756841,62.56715433180532,399100
2009-12-08,62.94506072998047,63.130574920368815,62.86947951556301,63.03438160059074,502200
2009-12-09,62.82142639160156,63.07565476556535,62.78020215231148,62.97258892519374,721800
2009-12-10,62.60841369628906,62.718346724208686,62.422894176090914,62.69773460910783,423200
2009-12-11,62.29923629760742,62.395429693806435,62.16869111256416,62.395429693806435,454000
2009-12-14,62.29923629760742,62.42978672479762,62.27175172124386,62.34733299570693,195200
2009-12-15,62.09995651245117,62.16179809935324,61.976278580792226,62.051859830258536,326000
2009-12-16,62.09995651245117,62.31982780849538,62.031247715339575,62.20989478154588,761500
2009-12-17,62.649627685546875,62.64962768554687,62.34043552528533,62.457240986526855,468800
2009-12-18,62.3404426574707,62.61527783485987,62.31982530123602,62.512217264411426,517600
2009-12-21,61.70140838623047,62.065569522246825,61.66705138609442,62.058697073791166,609900
2009-12-22,61.42658996582031,61.55713508006954,61.37849329380342,61.52965576075482,366700
2009-12-23,61.39913558959961,61.687715763573664,61.39226313532023,61.54342567658664,351400
2009-12-24,61.179195404052734,61.399066514313176,61.179195404052734,61.35784231930833,160200
2009-12-28,61.01435470581055,61.131160203816236,61.007482252355494,61.11741529690613,1181400
2009-12-29,61.17542266845703,61.216723173606276,61.010210144171076,61.085931238174346,428800
2009-12-30,61.28555679321289,61.30620704501041,61.134114610905314,61.209835702059095,473100
2009-12-31,60.98957824707031,61.23739185623695,60.77618523711698,60.982693076858446,304300
2010-01-04,61.14101791381836,61.23050411543156,61.01022594451411,61.08594705812754,619100
2010-01-05,61.4095458984375,61.505917370611016,61.3062892491512,61.3062892491512,1547500
2010-01-06,61.16169738769531,61.40262593162302,61.11351167890977,61.36821056926099,365500
2010-01-07,61.16169738769531,61.29937459268855,61.134161946696665,61.17546773411882,390900
2010-01-08,61.23739242553711,61.36129923127233,61.141021049059276,61.35441406099645,382500
2010-01-11,61.278663635253906,61.36815505050019,61.216712887939046,61.27178372011467,653600
2010-01-12,61.71922302246094,61.76052351932022,61.595316280039626,61.677917273758204,403000
2010-01-13,61.4232063293457,61.72608530620654,61.40255083497255,61.59529868622829,281900
2010-01-14,61.712371826171875,61.79497286535939,61.53339415485503,61.602230104793406,511700
2010-01-15,61.98771667480469,62.05655262007577,61.925760647768534,61.93953098793034,429200
2010-01-19,61.877540588378906,61.925726248486484,61.75363385498185,61.856890341453244,411900
2010-01-20,62.09091567993164,62.1735218958017,62.04273003363449,62.04961519791739,228800
2010-01-21,62.31808853149414,62.36627418528906,61.994554033795836,62.00832436450432,349200
2010-01-22,62.37318801879883,62.421373694740986,62.249281244684006,62.26993149839568,272900
2010-01-25,62.23552703857422,62.31812806785998,62.22864186885184,62.235527038574226,1699000
2010-01-26,62.359397888183594,62.44200412865491,62.24237631973156,62.428239047831255,490600
2010-01-27,62.214874267578125,62.51087355651946,62.159808662912674,62.3938519253172,342100
2010-01-28,62.19419479370117,62.263030706081864,62.015217220036604,62.015217220036604,318100
2010-01-29,62.435115814208984,62.435115814208984,62.05651571445229,62.132236784772196,396700
2010-02-01,62.22103500366211,62.33845022354574,62.15197063678984,62.33845022354574,634300
2010-02-02,62.32459259033203,62.33150060319056,62.22790148739222,62.248620256697905,426000
2010-02-03,62.02770233154297,62.19346326788197,62.00698353182001,62.14511764543584,435300
2010-02-04,62.53874206542969,62.5663635974177,62.29700887170932,62.29700887170932,503400
2010-02-05,62.738990783691406,62.849497924676946,62.45582545613935,62.497262999373675,694700
2010-02-08,62.683773040771484,62.697583805492165,62.54563904719932,62.628519443342626,257600
2010-02-09,62.345340728759766,62.66304623867539,62.33152996580676,62.51800424667059,481200
2010-02-10,62.1727180480957,62.47660772539144,62.08293485674735,62.44207816069247,496200
2010-02-11,62.096744537353516,62.17961969956266,61.930983674384585,62.17961969956266,496900
2010-02-12,62.24171447753906,62.34530831901515,62.227898452495815,62.29696276990309,219800
2010-02-16,62.379886627197266,62.400605409945456,62.09672114751649,62.11743993026467,175400
2010-02-17,62.04835510253906,62.31080700448225,61.93785319851459,62.221018608860824,358000
2010-02-18,61.827354431152344,62.08980636877802,61.682317698435774,62.08980636877802,474300
2010-02-19,61.861881256103516,61.861881256103516,61.64778019297136,61.785908891262025,527900
2010-02-22,61.81352233886719,61.86877591396271,61.75826876377167,61.77208479218102,349700
2010-02-23,62.28317642211914,62.317711228991364,61.868785086011094,61.889503862425734,557200
2010-02-24,62.31769561767578,62.421289473797515,62.193377721059285,62.30387959067927,394300
2010-02-25,62.54560852050781,62.58705133298897,62.44891740683596,62.55251653413309,256600
2010-02-26,62.64229965209961,62.78734159191939,62.58014333726585,62.587051350893105,609900
2010-03-01,62.70742416381836,62.755900148431756,62.60354554436506,62.714345530558795,468600
2010-03-02,62.74208068847656,62.755933996401474,62.548176645439106,62.57587797780001,417900
2010-03-03,62.679718017578125,62.7143406990712,62.534290074941644,62.610467371106324,476700
2010-03-04,62.79052734375,62.86670465125628,62.58277537340362,62.652026030185745,431100
2010-03-05,62.49274444580078,62.555073735027385,62.36116978363156,62.541220433649734,549900
2010-03-08,62.32654571533203,62.38194835733803,62.305771045451465,62.333472366454465,399800
2010-03-09,62.485836029052734,62.485836029052734,62.32655473111649,62.45120805191822,350500
2010-03-10,62.38193893432617,62.39578695099251,62.24343235023308,62.27806031712784,329800
2010-03-11,62.32654571533203,62.423497697099165,62.22266708244246,62.26422170569034,283100
2010-03-12,62.42347717285156,62.499654459691754,62.181097298125934,62.18802394697096,276400
2010-03-15,62.42347717285156,62.465026498951666,62.30575055991126,62.41655052400654,190100
2010-03-16,62.6658821105957,62.693583433569835,62.416575487315676,62.43735544216161,388200
2010-03-17,62.74208068847656,62.762855366875016,62.63820201299538,62.71437935611565,288300
2010-03-18,62.5758171081543,62.73509300993525,62.55504244996406,62.69354369355479,202600
2010-03-19,62.49274444580078,62.686648397196606,62.485823078598365,62.49274444580078,171300
2010-03-22,62.70048141479492,62.70048141479492,62.596602822013196,62.64507879418004,338100
2010-03-23,62.568939208984375,62.74206854010137,62.568939208984375,62.679744516973436,244100
2010-03-24,61.94569778442383,62.31965792593087,61.85567239764048,62.23655919458933,531300
2010-03-25,61.717132568359375,61.890261862194386,61.50937530236266,61.821005917870984,601900
2010-03-26,61.86253356933594,61.88330823018059,61.64784974581086,61.65477639392056,734100
2010-03-29,61.77253341674805,61.890265358657,61.703282751999105,61.84178936498403,521400
2010-03-30,61.834835052490234,61.834835052490234,61.64785252947644,61.76558441871963,246500
2010-03-31,61.98027801513672,62.03568064899694,61.8763993975203,61.952576698206606,398900
2010-04-01,61.85184097290039,61.92129484422908,61.76850480504431,61.886567908564736,397600
2010-04-05,61.29618835449219,61.483699851069474,61.19895938610672,61.42119778507084,656100
2010-04-06,61.476741790771484,61.53230270465594,61.3725717004636,61.50452224771371,566100
2010-04-07,61.8587532043457,61.92820173867445,61.455944287221996,61.46983717323787,562000
2010-04-08,61.78931427001953,62.02544038314013,61.75458734816798,61.92127021475419,465400
2010-04-09,61.8587532043457,61.87958723478597,61.63651471534358,61.70596324967233,314600
2010-04-12,62.02537536621094,62.09482913711043,61.89342485837526,61.95592689389024,402000
2010-04-13,62.14345932006836,62.219848949942765,62.03928393594125,62.17818091572398,309100
2010-04-14,61.97682571411133,62.20601068114635,61.9490452364176,62.14350858027371,315800
2010-04-15,62.08096694946289,62.136527874214146,61.85872854903931,61.88650901141494,299900
2010-04-16,62.4560546875,62.47688872946559,62.10880652517621,62.185201544774365,409900
2010-04-19,62.30324172973633,62.42130478983557,62.254627216837555,62.400470755533874,215300
2010-04-20,62.330989837646484,62.330989837646484,62.1920928153797,62.27542890930707,171300
2010-04-21,62.532470703125,62.56025120126891,62.331066065522805,62.39356821240543,446500
2010-04-22,62.386619567871094,62.67830681546208,62.36578552141282,62.608858227738644,169300
2010-04-23,62.212921142578125,62.28236964735274,62.15041377927408,62.23375516415238,174200
2010-04-26,62.254600524902344,62.37266353438154,62.19209844879532,62.35182950901253,161900
2010-04-27,62.83802032470703,62.87968840236475,62.4699328772498,62.53938673812688,442800
2010-04-28,62.518524169921875,62.706041046874915,62.407407571261736,62.61575847930207,409700
2010-04-29,62.62274169921875,62.66441508797676,62.42828354697223,62.51162502590099,350500
2010-04-30,63.00465393066406,63.01160037161742,62.69212767074658,62.699074111699936,423200
2010-05-03,62.83955001831055,62.88831123512481,62.769891896372165,62.81168570662038,300500
2010-05-04,63.264488220214844,63.31324944993854,63.11820453104375,63.2226943989018,355000
2010-05-05,63.50828170776367,63.800849027779364,63.37593286179908,63.5152491147853,672000
2010-05-06,64.20487213134766,64.82483847771358,63.45951903433613,63.55704147210779,902400
2010-05-07,64.03079986572266,64.60897308364164,63.93327731264964,64.03776728082231,3856500
2010-05-10,63.54316329956055,63.67551756397654,63.37598260185199,63.382944699763364,836200
2010-05-11,63.619754791259766,63.710309846774685,63.41077504520909,63.675483432150045,891400
2010-05-12,63.4595832824707,63.6267640143982,63.41778942813374,63.54317630572427,424000
2010-05-13,63.63372039794922,63.689449070458174,63.313288502890806,63.63372039794922,420300
2010-05-14,64.04464721679688,64.23272465094668,63.87746137024894,63.919260489172565,488700
2010-05-17,63.90534973144531,64.316341782353,63.87748541319943,64.03770391446945,535100
2010-05-18,64.37210083007812,64.42086208140081,63.90537992218627,63.933244253596065,1711400
2010-05-19,64.42781066894531,64.70644861004003,64.35118510227986,64.38601683788295,839700
2010-05-20,65.05473327636719,65.22191388581642,64.81789452252875,64.92934649063632,1221600
2010-05-21,65.08956909179688,65.62594268329748,64.97114439286788,65.57718144770652,1196200
2010-05-24,65.08956909179688,65.24978230249172,65.01294353378591,65.14529242206078,2949400
2010-05-25,65.31249237060547,65.6189893538379,65.21496987849825,65.50056994407589,1064000
2010-05-26,65.1801528930664,65.20104981545128,64.8597210158153,65.10352730126957,551600
2010-05-27,64.5601806640625,64.71343183484518,64.48355507867115,64.69949701136785,522800
2010-05-28,64.85270690917969,64.8805712238232,64.5880038919282,64.71339065053671,511700
2010-06-01,64.93656921386719,65.097236479939,64.77590727725655,65.0762810385951,978900
2010-06-02,64.56635284423828,64.98547772856372,64.5384104746883,64.90863754466682,519100
2010-06-03,64.47549438476562,64.65711165249388,64.32181413556637,64.36372499281782,274300
2010-06-04,65.36967468261719,65.39063012614297,65.02738467349047,65.0972432578587,728300
2010-06-07,65.63508605957031,65.64905990117659,65.25787227808634,65.292801552643,413800
2010-06-08,65.43255615234375,65.60719199474637,65.40461377802377,65.43954307828949,604300
2010-06-09,65.43949127197266,65.51633140815501,65.174046920271,65.25088705645335,264000
2010-06-10,64.831787109375,65.19503252662511,64.80384474424336,65.16709016149348,655200
2010-06-11,65.24394989013672,65.35571405470341,64.96453148452576,65.13218039610722,404800
2010-06-14,65.18805694580078,65.19504387066473,64.83179839020934,64.9156255001903,627700
2010-06-15,64.98546600341797,65.26488431904095,64.89465731586147,65.20201266653176,1114400
2010-06-16,65.16706848144531,65.22295319311664,64.97845891191945,65.18103699463343,621900
2010-06-17,65.47444152832031,65.57223712762944,65.2369341232407,65.2369341232407,792500
2010-06-18,65.34171295166016,65.46046398275715,65.33472602940147,65.43252162318254,463400
2010-06-21,65.29280853271484,65.32075088945551,64.96449250283644,64.98544793802704,569100
2010-06-22,65.68395233154297,65.71189467188994,65.30673873104362,65.34166798884145,549200
2010-06-23,65.92848205566406,66.03326456461748,65.73289088132958,65.74686472490193,632500
2010-06-24,65.87259674072266,66.12407260779221,65.78178275405574,66.06120097629517,1075100
2010-06-25,65.9773941040039,66.13806136304011,65.79577673400239,65.80974525113291,455400
2010-06-28,66.44540405273438,66.45238564467978,66.20789669010337,66.20789669010337,924300
2010-06-29,66.73180389404297,66.78070168497086,66.57114200790537,66.59907903461317,920400
2010-06-30,66.82958221435547,66.82958221435547,66.59208024246752,66.78767135565951,891500
2010-07-01,66.8001937866211,67.12235806497391,66.77217880459327,66.83521384998375,1293700
2010-07-02,66.68111419677734,66.82818880099529,66.59006953987381,66.68111419677734,1072400
2010-07-06,66.84223937988281,66.9332840918423,66.56909990069123,66.64613978900815,914100
2010-07-07,66.63209533691406,66.89822959569004,66.61108544060416,66.89122985912698,473900
2010-07-08,66.47100067138672,66.56204531563715,66.33092582256782,66.42897554508649,508400
2010-07-09,66.29595184326172,66.43602143481584,66.29595184326172,66.37999146086923,439800
2010-07-12,66.40794372558594,66.57602814535775,66.35891888051468,66.40794372558594,685200
2010-07-13,66.07876586914062,66.30288018026364,66.0647610623921,66.27486522345994,679700
2010-07-14,66.40794372558594,66.52000356763872,66.18382938478773,66.30989403544343,566500
2010-07-15,66.75116729736328,66.8772320417987,66.54806269003336,66.54806269003336,703600
2010-07-16,67.13633728027344,67.17835706228988,66.80716807232062,66.80716807232062,864200
2010-07-19,66.96131896972656,67.12239853436522,66.89828388633101,67.03835888092408,489800
2010-07-20,67.0313491821289,67.3114938087202,67.01734435529079,67.1644190820055,895900
2010-07-21,67.45854187011719,67.52157692425774,67.07334249290321,67.08034757521042,470700
2010-07-22,67.08732604980469,67.26942071438582,67.08032097027578,67.26942071438582,656800
2010-07-23,66.87019348144531,67.18535248790789,66.63907402694169,67.13632763482909,799500
2010-07-26,66.8492431640625,66.91928331645173,66.6951687214211,66.84224342347432,626300
2010-07-27,66.61810302734375,66.78618757268946,66.60409286496665,66.6321078464095,528200
2010-07-28,66.90523529052734,66.96126524340897,66.60408097292654,66.66011092580818,933000
2010-07-29,67.04529571533203,67.1783601455944,66.83518610898835,66.87720589293339,737300
2010-07-30,67.43749237060547,67.47951215315247,67.25539774072,67.39547258805847,563600
2010-08-02,67.22895050048828,67.35534732393457,67.18682001180173,67.2640628126515,1160900
2010-08-03,67.54496765136719,67.59412169027458,67.40452371349717,67.43261250107118,911900
2010-08-04,67.26408386230469,67.53091930313417,67.26408386230469,67.51687758830666,777600
2010-08-05,67.5870361328125,67.61512489461086,67.43255062161329,67.49575167500547,817400
2010-08-06,68.02946472167969,68.0364882558779,67.78369459861105,67.88902618203672,438400
2010-08-09,68.01544189453125,68.02948360943934,67.903086745713,67.93819906906579,464800
2010-08-10,68.3594741821289,68.40862818732764,67.91708813534035,67.9802838460024,641200
2010-08-11,68.74571228027344,68.76677752458559,68.5631379005904,68.6052683892147,911200
2010-08-12,68.57014465332031,68.79484946663565,68.49992540366902,68.78782593445492,1701100
2010-08-13,68.86510467529297,68.8791463896012,68.6614649948008,68.70359549511362,705800
2010-08-16,69.36367797851562,69.3847432315285,69.1951505970238,69.27941696646414,1453200
2010-08-17,69.01256561279297,69.19514004003086,68.88616875661104,69.18109296857286,774300
2010-08-18,68.94231414794922,69.27937405956996,68.91422537553204,69.19510774231838,1148600
2010-08-19,69.25129699707031,69.35662321471278,68.90019531856488,68.92126056209338,684100
2010-08-20,69.02659606933594,69.29343143154166,68.99148375653058,69.24427740804622,306000
2010-08-23,69.11792755126953,69.16708160816754,68.92833486248877,68.99855417843014,575600
2010-08-24,69.66558074951172,69.79197754329138,69.40576362969092,69.49705347693398,973400
2010-08-25,69.349609375,69.98159350730602,69.286408283076,69.84817314676731,690100
2010-08-26,69.66558074951172,69.66558074951172,69.31447913983327,69.38469839029189,845000
2010-08-27,68.86510467529297,69.60943875355612,68.74573135281457,69.36366857275112,1014100
2010-08-30,69.3917465209961,69.39877005574732,69.03362125210556,69.0897988153408,463500
2010-08-31,69.70069122314453,69.75686340760514,69.52514042291514,69.6726024522216,1276700
2010-09-01,69.19881439208984,69.47335655424116,68.93130791663242,69.43815663775891,1268700
2010-09-02,68.91020202636719,69.05099097512556,68.8679664158905,69.03691422855137,1273500
2010-09-03,68.51595306396484,68.63562414528913,68.33996428410514,68.36812313337285,1308300
2010-09-07,69.05797576904297,69.07909355707567,68.79751588897335,68.88198704110414,778200
2010-09-08,68.867919921875,68.98759098460286,68.7200900142552,68.87495560503511,1124900
2010-09-09,68.32588195800781,68.61450613402559,68.29068742459798,68.55818843566827,929300
2010-09-10,68.1288070678711,68.21328365469299,67.98801812725509,68.13584812612804,725300
2010-09-13,68.45257568359375,68.4948166313767,68.0865214842242,68.0865214842242,1450100
2010-09-14,68.79759216308594,68.83982778597688,68.57232655640809,68.5793622463861,590900
2010-09-15,68.55817413330078,68.86791603889745,68.52297423648291,68.7060040325855,900600
2010-09-16,68.31884765625,68.53707202836137,68.18509446263262,68.48075432886442,2902900
2010-09-17,68.47376251220703,68.66383354199861,68.40336802259193,68.52303919201313,1738600
2010-09-20,68.68489074707031,68.68489074707031,68.43146651146292,68.57929642044213,619900
2010-09-21,69.32549285888672,69.33252854215911,68.64265562892402,68.88199775819929,1279500
2010-09-22,69.43112182617188,69.70566401302035,69.38184516111583,69.52263946895717,978800
2010-09-23,69.52963256835938,69.79009785026174,69.3747669807219,69.79009785026174,514000
2010-09-24,69.1846923828125,69.31140449002736,69.15653354001473,69.24101006840802,1317500
2010-09-27,69.71969604492188,69.72673709794431,69.43811300227259,69.43811300227259,782100
2010-09-28,69.95204162597656,70.04355388350912,69.73381182608686,69.74085288305179,776000
2010-09-29,69.78306579589844,70.00129552483864,69.74787126402175,69.96609562221087,820400
2010-09-30,69.69862365722656,69.74085926137315,69.26921044589189,69.73381820376427,813200
2010-10-01,69.73600006103516,69.82067049859941,69.41846976990772,69.51020325516299,846600
2010-10-04,69.98295593261719,70.02529114623093,69.82771963814034,69.87711251516298,1260800
2010-10-05,69.99707794189453,70.06764382130781,69.91945978127652,70.02530321697569,1092900
2010-10-06,70.44866943359375,70.64624635315242,70.3851666041582,70.47689470781641,614400
2010-10-07,70.51921081542969,70.60388122526611,70.44159268413381,70.50509549151113,534700
2010-10-08,70.54747009277344,70.82971210619668,70.54041242741145,70.70270104678768,868200
2010-10-11,70.6180648803711,70.70273537213608,70.53338900518219,70.64629017210073,400300
2010-10-12,70.41339874267578,70.74503901784652,70.37106351892501,70.63213790994962,991900
2010-10-13,70.41339874267578,70.44162401965,70.08175846750504,70.19465957540194,473800
2010-10-14,70.0112075805664,70.42751836040559,69.96181468493427,70.38518313084143,955100
2010-10-15,69.70780944824219,69.9618316540836,69.58785601310129,69.91243874647128,807100
2010-10-18,70.03939056396484,70.20167910156776,69.91943184694084,70.01822296196609,1149600
2010-10-19,70.27928161621094,70.37806732586893,69.93353163240799,69.94764156946596,763700
2010-10-20,70.23700714111328,70.3922435000389,70.06060316659273,70.11705373046061,615100
2010-10-21,69.84895324707031,70.18059375620678,69.84895324707031,70.1170908757806,594300
2010-10-22,69.87007904052734,69.93358726635412,69.76424096985221,69.77129325228275,643600
2010-10-25,69.84895324707031,70.20881905309338,69.82072795018371,70.13825850258934,1436800
2010-10-26,69.38317108154297,69.65836068664606,69.38317108154297,69.62307775946101,831800
2010-10-27,68.98101806640625,69.28443314590426,68.97396039941627,69.2350402438196,1223500
2010-10-28,69.38317108154297,69.44667389037345,69.2067672124554,69.2420447562216,738700
2010-10-29,69.69367218017578,69.74306507224422,69.49610061190201,69.53138355627439,768600
2010-11-01,69.57694244384766,69.90936814414674,69.52743177390879,69.90936814414674,1042700
2010-11-02,69.81034851074219,69.83157199517046,69.71132716844393,69.75376874104207,356700
2010-11-03,70.03668975830078,70.15693459529426,69.61231176989357,70.04376425371426,912000
2010-11-04,70.60253143310547,70.69447828943406,70.44692490988866,70.44692490988866,1092500
2010-11-05,70.30549621582031,70.62377849203874,70.30549621582031,70.50353900069054,1108100
2010-11-08,70.32670593261719,70.4964560999507,70.24890264836837,70.4115837144142,469400
2010-11-09,69.73259735107422,70.36209834918614,69.71137924705316,70.32673124497607,744600
2010-11-10,69.99432373046875,70.05090895797154,69.35775341172298,69.77506271922577,1298900
2010-11-11,69.91647338867188,70.07207996156214,69.72550511956335,70.0367128690832,403500
2010-11-12,69.33647155761719,69.88109442818288,69.32939706161703,69.74670598547665,2041400
2010-11-15,68.44529724121094,69.12430878573501,68.43822813906259,68.93333510250599,1174200
2010-11-16,68.95455932617188,68.98992642509972,68.36043091726796,68.749442024166,954600
2010-11-17,68.7564926147461,69.15257808295259,68.67161484459051,68.9757534423233,580200
2010-11-18,68.59381866455078,68.64332934930168,68.3250417505374,68.57966967104487,2968200
2010-11-19,68.73526000976562,68.74233450484996,68.55136091138351,68.58672799054652,530600
2010-11-22,69.10305786132812,69.11013235692957,68.86965346907103,68.94745673190974,495400
2010-11-23,69.24449157714844,69.4779012671868,69.16668834713565,69.37887455932407,659400
2010-11-24,68.50187683105469,68.98991465241787,68.45236613876136,68.95454755952518,1112700
2010-11-26,68.79889678955078,68.80597128283692,68.62207223119799,68.68573187825878,210100
2010-11-29,68.94750213623047,69.03944905456325,68.82018811285906,68.99701284552698,527800
2010-11-30,69.06775665283203,69.33652836217871,69.00409692919554,69.32238475485048,874200
2010-12-01,68.15943908691406,68.5494099656719,68.12399063125447,68.35797315850917,1967700
2010-12-02,67.9892578125,68.31541274572344,67.97507951518557,68.11688412632648,983500
2010-12-03,67.99637603759766,68.450157460642,67.92547370452847,68.42179544551408,374500
2010-12-06,68.42174530029297,68.42883715125276,68.18776290409552,68.32248102484508,902000
2010-12-07,67.28730773925781,67.88289352617778,67.12422758741153,67.81908308165,1335700
2010-12-08,66.71297454833984,66.85478452619884,66.24501514514897,66.82642253062704,2155300
2010-12-09,66.85479736328125,67.01078566412939,66.57827461523176,66.88315936429896,1664700
2010-12-10,66.2876205444336,66.71304007688168,66.2876205444336,66.63505127432705,1002400
2010-12-13,66.50032043457031,66.69175729462904,66.08907928688643,66.1883436453616,1323400
2010-12-14,65.79837036132812,66.37977813979693,65.58565795550979,66.22378976346363,1878500
2010-12-15,65.52889251708984,66.08902978291582,65.30200195202723,65.96849535355393,1871900
2010-12-16,65.91889953613281,65.9330778376069,65.27367592429593,65.55729063928466,1351000
2010-12-17,66.48609161376953,66.5569993155751,66.02522400902224,66.08194259716929,1361700
2010-12-20,66.47906494140625,66.90448448723653,66.33016837084081,66.73431775080502,804000
2010-12-21,66.62081146240234,66.6279033146642,66.27338643454743,66.59244946285321,848500
2010-12-22,66.43647003173828,66.61372849544036,66.34429757803285,66.58537190160716,308900
2010-12-23,66.20252990722656,66.323064431514,66.11035199259332,66.323064431514,540600
2010-12-27,66.45773315429688,66.48608974282335,66.02522215104507,66.20248058157456,407100
2010-12-28,65.75963592529297,66.37813391306852,65.75963592529297,66.34258599437936,955200
2010-12-29,66.49899291992188,66.61273650493989,65.73831405062519,65.83784172146018,1362200
2010-12-30,66.3638916015625,66.4634192338151,66.14350976212447,66.37100226782316,529800
2010-12-31,66.69807434082031,66.93267769545565,66.40660188336554,66.42081780310706,674300
2011-01-03,66.4918441772461,66.67668349889286,66.14349752878918,66.25013580757955,1396100
2011-01-04,66.6482925415039,66.74070955457476,66.45634784547923,66.57720211423002,1234100
2011-01-05,65.93025207519531,66.23594572589276,65.79518192059695,66.15774464614337,1111900
2011-01-06,66.2715072631836,66.32127110381025,66.00135605076588,66.12221574130362,1452400
2011-01-07,66.71224212646484,66.83310176440551,66.24304117958458,66.32835290803985,736500
2011-01-10,66.9397201538086,66.9397201538086,66.6980063736889,66.8330818809278,1096400
2011-01-11,66.6767578125,66.85448666728632,66.51324487960073,66.85448666728632,760400
2011-01-12,66.48479461669922,66.6056543364596,66.28573920606304,66.40659892582342,753000
2011-01-13,66.93267059326172,66.93267059326172,66.44213734450233,66.46346393377834,1051500
2011-01-14,66.74785614013672,67.1317511626042,66.72652954286433,67.06066069707796,734500
2011-01-18,66.58434295654297,66.71230252930917,66.35684480801356,66.59855887889886,1063800
2011-01-19,66.75487518310547,66.80463898305129,66.54870931937351,66.55581998332218,732200
2011-01-20,66.23590087890625,66.5131570925293,66.07239358566551,66.4633932958238,697000
2011-01-21,66.4563217163086,66.4563217163086,66.10086429584531,66.18617060549263,523900
2011-01-24,66.46346282958984,66.58432253990067,66.42080965174645,66.48478941851154,497800
2011-01-25,66.79756927490234,66.9539714345838,66.4065692995494,66.5914032847632,1126500
2011-01-26,66.39234161376953,66.66248732129822,66.32836187666413,66.65538207751997,869900
2011-01-27,66.64118957519531,66.68384817557242,66.29995331529373,66.44924485698225,531500
2011-01-28,66.9468765258789,67.05351488020587,66.46345402026846,66.47767536023312,1056600
2011-01-31,66.68379974365234,66.97527194463045,66.60559869425242,66.87574432245756,555100
2011-02-01,66.37379455566406,66.53771806055457,66.29539706690859,66.4593205717991,1009200
2011-02-02,66.21702575683594,66.58049920494615,66.11011956254914,66.54486743183384,1120000
2011-02-03,65.83927917480469,66.11723197255839,65.81077049843584,65.9889456476356,1310900
2011-02-04,65.43302154541016,65.76086307471593,65.31899230966022,65.66821398082706,1523900
2011-02-07,65.40451049804688,65.42589607660257,65.18357512355544,65.26197259917606,850700
2011-02-08,64.95552825927734,65.41165618026294,64.90563943784059,65.35463883077131,997200
2011-02-09,65.32614135742188,65.46155077756993,64.92702531323897,65.08382031943859,786000
2011-02-10,65.11233520507812,65.35465082869169,65.05531784511915,65.25487316750085,617000
2011-02-11,65.41162872314453,65.58267526234738,65.28334245937452,65.39737711049072,1492700
2011-02-14,65.43302154541016,65.58268797591023,65.31899230966022,65.31899230966022,1311100
2011-02-15,65.58270263671875,65.59695969279493,65.3902758794801,65.41165602612065,603700
2011-02-16,65.49007415771484,65.68250641306166,65.34040764659812,65.51145431109218,620100
2011-02-17,65.73234558105469,65.83924626716443,65.64681959469557,65.73946866848112,776500
2011-02-18,65.71815490722656,65.7252834393242,65.46871065857722,65.56135982593932,418400
2011-02-22,66.35245513916016,66.35958367091531,65.90345551316307,65.93908729698576,1383500
2011-02-23,66.18851470947266,66.45933901283837,66.13862587891911,66.3381812011333,651700
2011-02-24,66.35951232910156,66.53055884500075,66.28111487650803,66.38802098799654,508800
2011-02-25,66.57337951660156,66.57337951660156,66.33818696464057,66.33818696464057,571900
2011-02-28,66.54480743408203,66.630327962425,66.51629877881103,66.58043917506826,372400
2011-03-01,66.6205825805664,66.64915736327222,66.2134014646528,66.24197624735864,530800
2011-03-02,66.27049255371094,66.64195898157564,66.27049255371094,66.50623023484683,425400
2011-03-03,65.82047271728516,66.07764018536432,65.80618805798292,66.04192036198893,616800
2011-03-04,66.2919921875,66.30627685627523,65.95624524540573,65.9776749736103,637300
2011-03-07,66.12767791748047,66.36341579009691,65.9776643940198,66.01338423535535,489600
2011-03-08,65.97052764892578,66.16340609631096,65.96338258974177,66.09196640463746,538100
2011-03-09,66.35626983642578,66.47770857519588,66.03481306907378,66.1205319669903,626000
2011-03-10,66.92057037353516,66.92057037353516,66.43481025260967,66.53481920838145,1576500
2011-03-11,66.76343536376953,66.95631373921329,66.67057142934777,66.9277389632186,690300
2011-03-14,66.91344451904297,67.13489765614729,66.91344451904297,66.96344901127667,806200
2011-03-15,67.15633392333984,67.62066451083784,67.12775914640812,67.5277951232894,1661100
2011-03-16,67.72783660888672,68.0707286009472,67.3778050076774,67.49210415505867,1588800
2011-03-17,67.52061462402344,67.6634884336856,67.33488684658047,67.52775967702618,639900
2011-03-18,67.47779083251953,67.52065027300746,67.29205750693609,67.3134926772615,1513200
2011-03-21,67.12779235839844,67.27780592394927,66.96348867227087,67.25637619316831,1029000
2011-03-22,67.16351318359375,67.1706582445655,66.99206987086409,67.0063599928076,573500
2011-03-23,67.0777587890625,67.38493084743413,66.99203445297677,67.35635606873889,696900
2011-03-24,66.73486328125,66.97774616196708,66.70628850410202,66.88487677371577,1098100
2011-03-25,66.55624389648438,66.87770590155402,66.50623942237296,66.84913113776479,782400
2011-03-28,66.5777359008789,66.6348854819299,66.39914754765758,66.46344218886094,634900
2011-03-29,66.38484954833984,66.67059194613792,66.29198558534071,66.49914323740931,1047300
2011-03-30,66.61344146728516,66.63487119306298,66.37770358356335,66.39913330934118,773500
2011-03-31,66.44197845458984,66.74915048292837,66.41340367868844,66.72772076352263,1093100
2011-04-01,66.58375549316406,66.58375549316406,66.26143958234739,66.28292658111535,1062700
2011-04-04,66.73419952392578,66.8344758723817,66.62675901782269,66.67689719205065,886100
2011-04-05,66.39756774902344,66.6769098390854,66.33310671192552,66.63393581435346,777000
2011-04-06,66.111083984375,66.31163677095766,66.08243280562696,66.31163677095766,857500
2011-04-07,66.11820983886719,66.23997865422571,65.98212363822665,66.12537399615907,743800
2011-04-08,65.92485046386719,66.0466138684236,65.85322525322536,65.90336344713997,595100
2011-04-11,66.01081085205078,66.08959476668286,65.8675549512337,65.94634433051964,364200
2011-04-12,66.38322448730469,66.51931614331974,66.27578399385335,66.29011230746046,1055400
2011-04-13,66.64115142822266,66.64115142822266,66.2257173195423,66.2472043484988,678700
2011-04-14,66.4190673828125,66.74854769211454,66.4190673828125,66.74854769211454,1036300
2011-04-15,66.9061279296875,66.93477364014063,66.71989802382481,66.80584608448999,881400
2011-04-18,67.07083129882812,67.1496206241992,66.7126999888324,66.85595032697064,902400
2011-04-19,67.15679931640625,67.22126034312583,67.04219464936969,67.06368165827622,532000
2011-04-20,66.89179229736328,67.07802218286778,66.87030528454589,67.06369386455466,708200
2011-04-21,66.94190979003906,67.10665261180326,66.92042278386343,66.94907394698114,670600
2011-04-25,67.17829895019531,67.19978596313992,66.98490490438923,67.02072023573177,826200
2011-04-26,67.46479034423828,67.46479034423828,67.22125816699504,67.25707349044735,519700
2011-04-27,67.27140045166016,67.30721577730097,67.08517605935204,67.23559059067081,1379500
2011-04-28,67.52926635742188,67.57940454259293,67.32871361673767,67.45764115927071,975600
2011-04-29,67.66533660888672,67.67250076582646,67.40748160556208,67.43613276867045,436000
2011-05-02,67.64453125,67.78097102177986,67.55836337614224,67.60144731307112,632300
2011-05-03,67.8240737915039,67.8599807346675,67.69481646619742,67.79535481132943,1660700
2011-05-04,67.99639892578125,68.06102482857239,67.83123470982294,67.83123470982294,1169500
2011-05-05,68.33384704589844,68.3553889954271,68.11123411731297,68.1471410189434,898400
2011-05-06,68.36981201171875,68.49906930764627,68.01794705893849,68.05384851531169,1034800
2011-05-09,68.47039031982422,68.49911479117333,68.3698574094187,68.38422238440961,559600
2011-05-10,68.14004516601562,68.36265289896748,68.1185031891017,68.31956894513962,661600
2011-05-11,68.38419342041016,68.41291240096268,68.04668787329886,68.11131379748764,611100
2011-05-12,68.23334503173828,68.47031755957411,68.13281222816434,68.40569167668811,652000
2011-05-13,68.49907684326172,68.72886700812006,68.3841845001474,68.41290347695372,494100
2011-05-16,68.6642074584961,68.67856693986553,68.4056929648302,68.5205852516667,590800
2011-05-17,68.86528778076172,68.91555419423341,68.72884802478364,68.81502136729003,986400
2011-05-18,68.47039031982422,68.81507849738082,68.47039031982422,68.79353651352717,790700
2011-05-19,68.54214477539062,68.57086922411648,68.18309738425997,68.21182183298583,718000
2011-05-20,68.70732879638672,68.72887076948524,68.53498753296857,68.54216453824809,669600
2011-05-23,68.80070495605469,69.00177075183116,68.76480348031292,68.98022877065968,928000
2011-05-24,68.87246704101562,68.92273345213627,68.67857839910178,68.71448532645705,639300
2011-05-25,68.87965393066406,68.99455173179122,68.7934860584474,68.95146231705418,1345600
2011-05-26,69.26022338867188,69.26022338867188,68.95144248524008,68.97298992572547,806200
2011-05-27,69.25312042236328,69.3033868799791,69.15976451633891,69.1813065012267,943800
2011-05-31,69.36077117919922,69.38949562742413,69.09507962071848,69.13098107202838,2917900
2011-06-01,69.93238830566406,69.95398482919367,69.5868329441834,69.61562464722059,2997200
2011-06-02,69.51487731933594,69.83164116055293,69.50768213567673,69.65166270395358,1744400
2011-06-03,69.78838348388672,69.96836177387611,69.60120452439733,69.96836177387611,1531200
2011-06-06,69.74519348144531,69.8099885298595,69.56521516946465,69.62280954749899,1106900
2011-06-07,69.87479400634766,69.8891953503886,69.47884492527676,69.60122888710758,1710300
2011-06-08,70.0259780883789,70.1267710233648,69.889198269298,69.91799546607916,1471600
2011-06-09,69.74519348144531,70.10515010540664,69.6732032551535,70.0475612198745,1016900
2011-06-10,69.96839904785156,70.10517888620862,69.90360397283658,69.91080464617256,1020500
2011-06-13,69.81722259521484,70.06199058018491,69.75962818963195,69.80282124756671,1009900
2011-06-14,69.26290130615234,69.50767483753025,69.25570063074257,69.45008041926415,2088800
2011-06-15,70.0115966796875,70.01879735349421,69.43566361025627,69.43566361025627,1352300
2011-06-16,70.20592498779297,70.31391305420415,69.98995434747184,70.1051375904762,1958400
2011-06-17,70.15558624267578,70.19878479857881,70.00440502827892,70.05479876641121,998000
2011-06-20,70.0475845336914,70.24915943139922,69.9467970848375,70.24915943139922,774100
2011-06-21,69.95401000976562,70.06919883339138,69.83162600404232,69.997208564878,1064900
2011-06-22,69.92521667480469,70.15558884230383,69.82442919480543,70.11239577730578,1119300
2011-06-23,70.29234313964844,70.4579256364726,70.23474875010062,70.23474875010062,1264700
2011-06-24,70.58751678466797,70.6883042294316,70.3139461553063,70.3283475002747,997200
2011-06-27,70.31393432617188,70.65949514472938,70.27794195481357,70.64509380218375,1185700
2011-06-28,69.666015625,70.22755267719116,69.53643099641792,70.20595066200812,1315300
2011-06-29,69.24845886230469,69.59401415442373,69.20526033141306,69.52922459683978,1376300
2011-06-30,69.01091003417969,69.40686466470035,68.76613658281121,69.39966399164427,1948200
2011-07-01,68.83839416503906,69.1342741721885,68.73736331034624,69.10540742716645,1921800
2011-07-05,69.27141571044922,69.29306440258097,69.09100260165647,69.12708742572347,2896800
2011-07-06,69.39410400390625,69.56729905470574,69.33637048504929,69.44461945646324,1234900
2011-07-07,69.12710571289062,69.17762117648532,69.02607478570124,69.15597247862654,1289100
2011-07-08,69.86317443847656,69.92812602431657,69.66833069249945,69.69719745223152,1278100
2011-07-11,70.3971939086914,70.40440646854523,70.09409571593362,70.1806959861174,1158800
2011-07-12,70.49824523925781,70.51989393663622,70.26009855655043,70.49824523925781,1205400
2011-07-13,70.61367797851562,70.6208960432871,70.21677250840783,70.35388270444459,1247900
2011-07-14,70.20955657958984,70.51986730496124,70.20233851459878,70.35388484478894,959000
2011-07-15,70.49824523925781,70.53432456629766,70.0941160336952,70.10855216912913,874200
2011-07-18,70.4549331665039,70.64978242908789,70.40441771060652,70.56318214507593,883600
2011-07-19,70.721923828125,70.721923828125,70.31780031095354,70.38274637374039,1211400
2011-07-20,70.37557220458984,70.56320345706627,70.33949287135007,70.51268798591185,752900
2011-07-21,69.98587036132812,70.28896312670592,69.84875460785003,70.2095809016157,1211000
2011-07-22,70.25289154052734,70.26010960937981,70.10134512926582,70.13742996775477,813700
2011-07-25,70.02914428710938,70.37553432981237,69.9425440235484,70.00027753258904,1541700
2011-07-26,70.3250961303711,70.41169648905321,70.10860349233053,70.13747027855791,655600
2011-07-27,70.20955657958984,70.3899696639739,70.05079218440862,70.2239872038016,1066600
2011-07-28,70.34667205810547,70.46213356873731,70.28893854990436,70.42604874966902,671500
2011-07-29,71.19820404052734,71.29201683831782,70.72191097689344,70.74355966055516,1602200
2011-08-01,71.45719909667969,71.60911189861048,71.1099714120049,71.11720141275073,2389600
2011-08-02,72.11547088623047,72.18780950467303,71.572922969287,71.70313469011676,2287600
2011-08-03,72.17337036132812,72.43379391806293,72.04315858296073,72.11550275245337,1922600
2011-08-04,73.12822723388672,73.14269826994534,72.24568720222128,72.27462375525538,2813700
2011-08-05,72.28186798095703,72.99079987211859,72.18782830439943,72.55676252934494,3041500
2011-08-08,73.43209838867188,73.52613809808331,72.73040177181818,72.78103938751453,5178100
2011-08-09,73.85894012451172,75.05978354193138,73.06320336984608,73.2151162987204,3768400
2011-08-10,74.83544921875,75.00906854621007,74.13375846682851,74.40141193826673,2768900
2011-08-11,73.73590087890625,74.53163695476127,73.5478160001856,74.34355207604062,2344700
2011-08-12,74.2495346069336,74.28570669719102,73.88060025883506,73.96740996400122,1176300
2011-08-15,73.97461700439453,74.30737913411662,73.96738148531162,74.16993186696125,986300
2011-08-16,74.31462860107422,74.53164454253671,73.9963319306939,74.01079745249073,2025400
2011-08-17,74.83544921875,74.83544921875,74.23503364830516,74.44481952967348,826200
2011-08-18,75.2260971069336,75.7541796585749,75.05248326929284,75.33460782511571,2211800
2011-08-19,75.30569458007812,75.30569458007812,74.95846679729594,75.21165487205089,683200
2011-08-22,75.16825103759766,75.19718208625419,74.92952849303641,74.9729305851072,913600
2011-08-23,74.86441040039062,75.32738438774844,74.8427093570903,74.943984571882,1414200
2011-08-24,74.06141662597656,74.76311291882152,74.06141662597656,74.74864740062468,1089800
2011-08-25,74.51715850830078,74.59673265399138,74.1916264070892,74.25673503496492,1391200
2011-08-26,74.75590515136719,75.06696633936718,74.52441814069874,74.84995037135121,1080300
2011-08-29,74.26399993896484,74.40144172938288,74.16995471916309,74.16995471916309,1106000
2011-08-30,74.7776107788086,74.92952361024288,74.62569794737432,74.64739899199556,693800
2011-08-31,74.50996398925781,74.95847255548178,74.49549846348322,74.95123703305121,1069300
2011-09-01,75.1037368774414,75.11098852175284,74.31347912039611,74.71223658676644,1566800
2011-09-02,75.79248809814453,75.87949122290452,75.40823397704166,75.58223469517854,1137900
2011-09-06,75.89401245117188,76.16951413438011,75.82151259047338,76.13326696972327,1200500
2011-09-07,75.48799896240234,75.75624896514508,75.42999686885317,75.59674597357692,945800
2011-09-08,75.85778045654297,75.87953539893573,75.53877987613808,75.72727845911805,935700
2011-09-09,76.22747039794922,76.33622288929371,75.93746559815777,75.99546766439235,1014200
2011-09-12,75.99552917480469,76.25653315273419,75.98103141220236,76.15503222036004,2177800
2011-09-13,75.770751953125,75.98825150599393,75.70549821529548,75.91575165503762,932600
2011-09-14,75.81420135498047,75.98820199016923,75.61845133181566,75.7707025790284,1214000
2011-09-15,75.2487564086914,75.38651001987088,75.11100279751192,75.2487564086914,1037900
2011-09-16,75.3937759399414,75.41552535133906,75.07477535379844,75.10377088140437,699000
2011-09-19,76.00999450683594,76.14774808402063,75.90849361776836,75.9519979497856,896500
2011-09-20,76.11150360107422,76.11150360107422,75.91574792857871,75.99549942013114,1005000
2011-09-21,76.43775939941406,76.53926029698626,75.97375371583144,76.08250625791138,929500
2011-09-22,77.1482925415039,77.32954498461648,76.85103587973418,77.07578713915039,3436500
2011-09-23,76.51026916503906,77.17003061613858,76.5030175195916,77.10477686988098,1764700
2011-09-26,76.1912612915039,76.48851790239776,76.12601307821578,76.37251370359489,1214800
2011-09-27,75.6837158203125,75.77071892236322,75.52421289891036,75.64021703497798,1159700
2011-09-28,75.69823455810547,75.69823455810547,75.25597837897139,75.62572919256917,1270500
2011-09-29,75.69823455810547,75.90848241773584,75.47347788143195,75.56773264407603,1096000
2011-09-30,76.17676544189453,76.24926530227138,75.90850987397694,76.17676544189453,1604500
2011-10-03,76.88213348388672,76.88213348388672,76.25737036778261,76.3372823158317,2105600
2011-10-04,76.48983001708984,77.1945049894785,76.48983001708984,77.04920803807715,2056100
2011-10-05,76.17018127441406,76.45350339781652,76.10480180401899,76.4099170842198,1174300
2011-10-06,75.63992309570312,76.06853696861486,75.61812437897316,75.97409803285034,1336400
2011-10-07,75.24761962890625,75.4655568854553,75.00788365843825,75.24761962890625,2276300
2011-10-10,74.45574188232422,74.7753897395569,74.19421282504544,74.601038882209,803900
2011-10-11,74.70278930664062,74.87714026970562,74.62287729387809,74.81176073700018,978400
2011-10-12,74.448486328125,74.57198462966633,74.13610468495243,74.39763376028361,2324400
2011-10-13,74.74632263183594,75.00058542727277,74.6082918818074,74.680943145515,1474100
2011-10-14,74.3758544921875,74.52841223558703,74.2668886344133,74.36132755865616,703100
2011-10-17,74.86257934570312,74.88437251337784,74.50660579863394,74.50660579863394,1274600
2011-10-18,74.78271484375,75.15321001445199,74.61562454797834,74.94253889817902,912600
2011-10-19,74.89895629882812,75.03698718889773,74.63742700317987,74.68827961386042,733400
2011-10-20,74.74632263183594,75.15314310453486,74.54291239548648,74.80444142579671,700200
2011-10-21,74.60835266113281,74.81902930398238,74.47758803945094,74.68100398402545,1276000
2011-10-24,74.57196807861328,74.68820011823297,74.4847898920138,74.65188003070124,1381500
2011-10-25,75.21127319335938,75.24033259470376,74.49933725922118,74.50659795267171,1020200
2011-10-26,74.65911865234375,75.182176532291,74.64459173012804,75.00055952078216,989900
2011-10-27,73.75836181640625,74.33227272021136,73.63486347499041,74.20150814032519,1636600
2011-10-28,74.20147705078125,74.29591594126293,74.0125937273042,74.02712619815595,936300
2011-10-31,75.19672393798828,75.19672393798828,74.63734032758983,74.67366595411373,1182700
2011-11-01,76.09864044189453,76.12775862882206,75.60364237157918,75.87298143536408,2251700
2011-11-02,75.9166488647461,75.9967224829037,75.57451714238641,75.63275351081482,1088000
2011-11-03,75.55999755859375,75.8293311744843,75.49448022383088,75.55999755859375,739700
2011-11-04,75.7856216430664,75.85841432849716,75.5308444671958,75.57451896770908,735400
2011-11-07,75.8729476928711,76.1786801890542,75.6836823388761,75.74191868683207,844100
2011-11-08,75.53082275390625,75.996702471205,75.47986733338058,75.78559985653457,418300
2011-11-09,76.20059967041016,76.35346608348239,75.53817299336728,76.16420052522304,760300
2011-11-10,75.82931518554688,76.09137336188537,75.58909426494871,75.88755157000594,664200
2011-11-11,75.47991943359375,75.64006673828061,75.39984578125032,75.62550486309372,323600
2011-11-14,75.95307159423828,76.0040326014755,75.72741252208668,75.76381165476243,586500
2011-11-15,75.85115814208984,76.19328998434159,75.7710844958723,75.99674911417979,480100
2011-11-16,76.12772369384766,76.14228000376839,75.88022199540525,76.07676827853948,335200
2011-11-17,76.2806625366211,76.44080986678122,75.94581155252673,76.00404795508115,805500
2011-11-18,75.99674224853516,76.2224012927286,75.88755041776416,76.14960859012368,1883100
2011-11-21,76.20787048339844,76.36801781497307,76.17147134304817,76.25154500883549,692300
2011-11-22,76.44078063964844,76.45533695785691,76.1132051658251,76.28063337072061,2619500
2011-11-23,76.702880859375,76.7465553916775,76.22243878912775,76.27339426139065,2189500
2011-11-25,76.21514129638672,76.4189686949,76.20058497335728,76.4189686949,466700
2011-11-28,76.22240447998047,76.31703444195112,75.64733266401853,75.67645085702354,1286600
2011-11-29,76.07679748535156,76.25878197470739,75.80017750714616,75.98944293111946,602100
2011-11-30,75.63279724121094,75.85117541849367,75.56727990041584,75.72742722932722,962800
2011-12-01,75.61090087890625,75.7640620657604,75.33375285951861,75.48691404637276,1027100
2011-12-02,75.94638061523438,75.97555496302778,75.46501778773789,75.47960217941565,892400
2011-12-05,75.9026107788086,76.00471819893848,75.53793983136272,75.53793983136272,979100
2011-12-06,75.70570373535156,75.86615430527091,75.59630131970447,75.68381880067174,543000
2011-12-07,76.04846954345703,76.10681822484435,75.78591160608714,75.85884467560302,739300
2011-12-08,76.43507385253906,76.44236326900737,75.93912087513132,76.01934897180317,658200
2011-12-09,75.909912109375,76.41315427515393,75.909912109375,76.36939553841772,961100
2011-12-12,76.17250061035156,76.34754117907161,76.1214468792899,76.19437998588666,1068900
2011-12-13,76.52253723144531,76.58818088430229,75.9609465164678,76.02658460488865,512500
2011-12-14,76.8434829711914,76.85806736462395,76.51528125679297,76.59550376732979,760100
2011-12-15,76.77784729003906,76.85078595811777,76.60280672841627,76.61739668780766,968900
2011-12-16,77.14976501464844,77.23728802284239,76.89449652962732,76.89449652962732,748700
2011-12-19,77.41233825683594,77.44151259658715,77.07684169635165,77.12789539980716,1126600
2011-12-20,76.71221160888672,77.09146709855283,76.71221160888672,77.09146709855283,1365000
2011-12-21,76.46426391601562,76.85082010951973,76.45697449751975,76.81435075927394,479000
2011-12-22,76.55902099609375,76.81428955108308,76.53714162915712,76.69030276215072,731900
2011-12-23,76.24541473388672,76.42045525902638,76.12871734083497,76.37669651885096,435500
2011-12-27,76.2885513305664,76.31047033577639,76.1716425367557,76.3031621425337,616500
2011-12-28,76.77075958251953,76.85113295680104,76.38350909253563,76.41273628086674,919900
2011-12-29,76.86576080322266,76.95344238765314,76.65387339625447,76.74154940616754,556000
2011-12-30,77.13607025146484,77.47948265350361,76.92417737415339,76.96071274333335,1230000
2012-01-03,76.64655303955078,76.85844598740742,76.55156327786396,76.64655303955078,1297700
2012-01-04,76.40544128417969,76.66848045006626,76.31775970404512,76.63925325668806,1789000
2012-01-05,76.4200668334961,76.7269496359,76.36892062884847,76.47121861266193,1311300
2012-01-06,76.71964263916016,76.7634806511081,76.51505781737865,76.51505781737865,998200
2012-01-09,76.73422241210938,76.91688815402733,76.64654642367903,76.67577361132783,379900
2012-01-10,76.58081817626953,76.72695418000195,76.49314214854861,76.52967196859281,1636100
2012-01-11,77.02647399902344,77.04839299194364,76.77805131324112,76.77805131324112,931600
2012-01-12,76.86576080322266,77.01920496960537,76.78538741112408,76.98266958246332,685000
2012-01-13,77.20914459228516,77.38450769577476,77.18722559797779,77.23106358659251,554000
2012-01-17,77.28221130371094,77.32605486771405,77.15799995048559,77.17261632999178,1158100
2012-01-18,77.04108428955078,77.39179929759064,77.00454892122745,77.39179929759064,455200
2012-01-19,76.58081817626953,76.93884720452508,76.49314214854861,76.88770099684837,1587200
2012-01-20,76.31773376464844,76.5588538471771,76.29581477069407,76.43464249842546,650600
2012-01-23,76.14971160888672,76.22277680631963,75.98896482982394,76.09125722113347,734000
2012-01-24,76.23735809326172,76.23735809326172,76.02547077511429,76.23735809326172,1388100
2012-01-25,76.60277557373047,77.04117823012074,76.15707586890404,76.19360570725567,1149200
2012-01-26,77.01189422607422,77.05573222957851,76.80730944369785,76.80730944369785,1055000
2012-01-27,77.24567413330078,77.26759312595314,76.98994326149848,77.12876540646835,767600
2012-01-30,77.50874328613281,77.67679267805424,77.46489970929137,77.52335409540191,1152400
2012-01-31,77.8010025024414,77.80830511914726,77.39913560295682,77.39913560295682,1001800
2012-02-01,77.5309066772461,77.64802553307568,77.47234724933129,77.61874581911829,1698800
2012-02-02,77.64063262939453,77.68454936757536,77.50155551244956,77.57475752212329,839900
2012-02-03,77.02589416503906,77.15765016631103,76.92341231112724,77.06248964150815,1112600
2012-02-06,77.23804473876953,77.28928279537051,76.96721740439118,77.05505088169039,2968500
2012-02-07,76.7403793334961,76.96729574471858,76.68182548387466,76.90873631056213,1164900
2012-02-08,76.7769546508789,76.85747244973176,76.65984140634131,76.73303788224396,404800
2012-02-09,76.60125732421875,76.71105479498165,76.40362075993924,76.63785275811883,1802500
2012-02-10,77.03317260742188,77.10636910945355,76.8721369522311,76.9672974309539,1322600
2012-02-13,76.98190307617188,77.07706351605344,76.85746851505444,76.88674822082316,299300
2012-02-14,77.14295196533203,77.2600708085986,77.02583870659927,77.09171386753636,615500
2012-02-15,77.20146942138672,77.35518363121696,77.11363033668482,77.12095165654267,344100
2012-02-16,76.85012817382812,77.10631855523714,76.71837232274184,77.01116372343706,1540500
2012-02-17,76.7696533203125,76.79893303520522,76.59398061549078,76.61593900552667,653600
2012-02-21,76.49148559570312,76.64519987268926,76.39633073410215,76.61592016499668,635300
2012-02-22,76.79154968261719,76.85742479472414,76.60855581405832,76.60855581405832,538200
2012-02-23,76.90143585205078,76.99659635451017,76.62328684113557,76.72576308644837,805900
2012-02-24,76.95995330810547,77.01119140280326,76.9013938900127,76.95263198471051,360100
2012-02-27,77.21614074707031,77.34058090176043,77.1868610391746,77.29665854765022,588600
2012-02-28,77.25277709960938,77.44309249568096,77.19421765704337,77.36257465828666,817900
2012-02-29,76.94528198242188,77.24538909357722,76.85012157426232,77.22343071770378,787500
2012-03-01,76.69598388671875,76.71797782496701,76.49802725533374,76.60067495645119,1185200
2012-03-02,77.00396728515625,77.0552883769668,76.78402214607364,76.78402214607364,360100
2012-03-05,76.8499984741211,77.04794964439472,76.82067133897333,76.93797987956442,1406100
2012-03-06,77.17259979248047,77.28990275229903,77.12860628816627,77.15060583711322,605800
2012-03-07,77.02600860595703,77.16531119521083,76.98935385702592,77.1359840399162,436100
2012-03-08,76.79864501953125,77.03325640825835,76.76931789674327,76.95994139807677,329900
2012-03-09,76.7400131225586,76.76934025388736,76.56405592816434,76.71068599122982,286800
2012-03-12,76.71806335449219,76.90868702112044,76.71806335449219,76.87935987290213,503100
2012-03-13,76.16816711425781,76.57140827900668,76.15350634171229,76.54208114033588,618600
2012-03-14,75.29570007324219,75.83824372778498,75.2370513916961,75.80158340743657,1733100
2012-03-15,75.27372741699219,75.44235710729687,75.20041234913059,75.20041234913059,2302300
2012-03-16,75.25175476074219,75.25908794767881,74.89250691100582,74.95848881268726,681200
2012-03-19,74.78982543945312,75.19306101213859,74.65785611172812,75.14907310075685,1133200
2012-03-20,74.82645416259766,74.96575662499977,74.61383667551257,74.86311447172805,769100
2012-03-21,75.20773315429688,75.2443878854035,74.97312161960971,74.9804492096829,458100
2012-03-22,75.30304718017578,75.44234971096245,75.2443928942045,75.38369542499116,326200
2012-03-23,75.58163452148438,75.6989430746054,75.47899233429331,75.50099188318826,396100
2012-03-26,75.49366760253906,75.61097057591293,75.27371683629009,75.530322334527,471700
2012-03-27,75.91155242919922,75.96287351724915,75.61828667166567,75.63295303601083,579200
2012-03-28,75.77957916259766,76.05817854124426,75.77957916259766,75.77957916259766,314700
2012-03-29,76.09485626220703,76.09485626220703,75.93355978740942,76.05086834856407,727700
2012-03-30,75.72098541259766,76.18288114366996,75.6256763474729,76.08023329731137,502600
2012-04-02,75.90230560302734,76.04184719553689,75.8288647239307,76.03450142667326,1433800
2012-04-03,75.34420776367188,76.1520749180055,75.285458373235,76.01987898394951,833100
2012-04-04,75.7260513305664,75.73339709991099,75.57182379341175,75.65261044666137,461300
2012-04-05,76.06398010253906,76.08601183526342,75.85834312619525,76.06398010253906,456400
2012-04-09,76.84237670898438,76.93785491257154,76.76893581611954,76.8644140197067,573700
2012-04-10,77.20223999023438,77.2609893375806,76.90847084078135,76.96722579130804,900500
2012-04-11,76.90118408203125,76.98931657545062,76.8277431391075,76.90118408203125,435000
2012-04-12,76.74691772460938,76.98193198538043,76.72488601315928,76.95990027393032,451500
2012-04-13,77.2095947265625,77.2242862685568,77.01864950608898,77.04068121589889,461400
2012-04-16,77.18756103515625,77.42257527239772,77.15084338747621,77.18021526434768,1179600
2012-04-17,77.10675048828125,77.17285119872624,77.0259638439483,77.09206455439329,923400
2012-04-18,77.26105499267578,77.2830923202356,77.17292809517751,77.21699154392665,502900
2012-04-19,77.34911346435547,77.40786840857818,77.3123902234213,77.34176769553267,408800
2012-04-20,77.35650634765625,77.35650634765625,77.16555546422252,77.20961889763673,377500
2012-04-23,77.51078796386719,77.64298395938437,77.4887562318122,77.55485142797718,746600
2012-04-24,77.31244659423828,77.45198828771628,77.29776064906459,77.42995656836374,506100
2012-04-25,77.21695709228516,77.34915298273638,76.94521953880687,77.12882463092342,681200
2012-04-26,77.47398376464844,77.50336124443699,77.34178790719066,77.48132953539091,314300
2012-04-27,77.55482482910156,77.56217060499625,77.41528870621404,77.42262887892346,368100
2012-04-30,77.62094116210938,77.70906807776646,77.58421787846133,77.62094116210938,1820300
2012-05-01,77.47965240478516,77.75181695973444,77.39873710139398,77.7223983149587,864100
2012-05-02,77.62678527832031,77.6856338051183,77.52380316247604,77.6562095417193,1030200
2012-05-03,77.61935424804688,77.663493407366,77.46488122067761,77.46488122067761,360000
2012-05-04,77.9283447265625,77.9283447265625,77.72973244095661,77.73708990652399,814100
2012-05-07,77.90628814697266,78.00191276346692,77.87686389295075,77.95777918848536,490800
2012-05-08,78.08285522460938,78.25203772896697,78.04607349125969,78.06078842944139,522300
2012-05-09,78.14905548095703,78.3403103922711,78.0754976264838,78.29617680200808,961400
2012-05-10,78.03868865966797,78.06811291360987,77.86214874811925,77.97248829737568,347000
2012-05-11,78.29617309570312,78.31823988979006,78.1711185757033,78.29617309570312,403500
2012-05-14,78.64189910888672,78.70809948941361,78.50949273572877,78.6198267032736,650200
2012-05-15,78.66390991210938,78.70804346771456,78.53150363319371,78.59034650330055,922100
2012-05-16,78.72278594970703,78.76692513600908,78.42855463890677,78.45062142600653,761600
2012-05-17,79.01705169677734,79.024409165862,78.63454748594403,78.64925681200876,764000
2012-05-18,78.9655532836914,79.03175927507867,78.75958906533825,78.78165585843264,831900
2012-05-21,78.75959014892578,78.89935398991862,78.75959014892578,78.8405054661212,791600
2012-05-22,78.5903549194336,78.66391833612023,78.43588184617303,78.55357882319103,538300
2012-05-23,78.79637908935547,79.00234332938848,78.76695482476438,78.80373094642476,658000
2012-05-24,78.62715911865234,78.73749866314358,78.5977348659812,78.67865015780127,417700
2012-05-25,78.8552017211914,78.89198344549446,78.75221962766672,78.78900135196976,370400
2012-05-29,78.78902435302734,79.05383713142773,78.78902435302734,78.89936394604497,865400
2012-05-30,79.53925323486328,79.59810171411182,79.30386492996902,79.3332891695933,645600
2012-05-31,79.8482894897461,80.09838737321091,79.6643920064552,79.69381066512862,2994300
2012-06-01,80.53416442871094,80.57837326398636,80.23946883865125,80.3499768744446,2186400
2012-06-04,80.07000732421875,80.29839807428677,80.04053664341035,80.18788442649469,849500
2012-06-05,79.80477142333984,80.0479003078561,79.79740234839646,79.94475574247778,836700
2012-06-06,79.28167724609375,79.80476913291572,79.25957564285518,79.78266752967716,1492800
2012-06-07,79.4732437133789,79.52481600099344,79.20801319965909,79.25958548727363,631800
2012-06-08,79.53218078613281,79.88582335066107,79.46587596707256,79.85635266853723,468000
2012-06-11,79.745849609375,79.80479098145256,79.35537285603881,79.35537285603881,1050900
2012-06-12,79.31854248046875,79.64270880037034,79.30380432627024,79.51009351737822,569700
2012-06-13,79.73847961425781,79.79741536054344,79.35536634813134,79.4585109303289,1332100
2012-06-14,79.5247802734375,79.75317092727181,79.44373734060173,79.68686613910904,802600
2012-06-15,79.89315795898438,79.96683182203073,79.76054275711877,79.85631821698347,769400
2012-06-18,79.87108612060547,79.95949254081745,79.74583432370926,79.90792025537462,718800
2012-06-19,79.59851837158203,79.72376459760261,79.48063560288517,79.6942939054284,1536800
2012-06-20,79.43634033203125,79.65736745675332,79.22268227705412,79.34792835795176,913100
2012-06-21,79.60588836669922,79.71639643742553,79.4732730608678,79.51747628915832,1655900
2012-06-22,79.25959014892578,79.43640862815265,79.25222107284522,79.2964242874124,1770300
2012-06-25,79.69428253173828,79.70165160897008,79.55430379008777,79.5616672463606,594900
2012-06-26,79.5174331665039,79.6574174747896,79.43639021128132,79.49533156434444,2395600
2012-06-27,79.6279525756836,79.6574232543534,79.4584975785715,79.62058350077683,3445300
2012-06-28,79.88581848144531,79.96686144710667,79.82687712079023,79.91528916177285,413400
2012-06-29,79.5174331665039,79.59847612172648,79.40691953474978,79.43639021128132,646900
2012-07-02,79.8863296508789,80.08555058914187,79.67235994578212,79.68711434191626,1580800
2012-07-03,79.68712615966797,79.88634149817463,79.65023171991062,79.87158709985238,588000
2012-07-05,79.90110778808594,79.95275663021353,79.74616126170315,79.79043008944063,1602600
2012-07-06,80.18146514892578,80.24787400222235,80.10030190006336,80.1445763453611,1146900
2012-07-09,80.40281677246094,80.41757116734506,80.23311027014451,80.2552446771206,495300
2012-07-10,80.4397201538086,80.48399460508524,80.32166808543954,80.34380249642744,631900
2012-07-11,80.36595153808594,80.6758446069344,80.33643710829534,80.47662924247521,825800
2012-07-12,80.55043029785156,80.57256471775908,80.45451260181798,80.48402703812903,840400
2012-07-13,80.48399353027344,80.52088233832701,80.35856145014986,80.52088233832701,307900
2012-07-16,80.66111755371094,80.82344415794286,80.63160311391388,80.73490083855168,349400
2012-07-17,80.4544906616211,80.64633163067575,80.4249762333587,80.53565393201723,637900
2012-07-18,80.53567504882812,80.63159274385471,80.52091501617599,80.58732390450446,606000
2012-07-19,80.4176025390625,80.57254907764118,80.3807137228116,80.4692513852554,949100
2012-07-20,80.73489379882812,80.79392267327518,80.63897609982914,80.63897609982914,250900
2012-07-23,80.86774444580078,80.9931766417307,80.80871554325519,80.97104221060259,1675600
2012-07-24,81.02261352539062,81.08164237142451,80.73485493760118,80.74961496375995,905500
2012-07-25,81.06692504882812,81.07429943597944,80.93411289916332,80.98576175573835,1246800
2012-07-26,80.81604766845703,80.97099422383198,80.7939132504467,80.91197098557198,742000
2012-07-27,80.23316192626953,80.55781511573832,79.95278320855779,80.55781511573832,1072300
2012-07-30,80.49139404296875,80.51353409014882,80.21101536768332,80.2626642191649,666000
2012-07-31,80.631591796875,80.66110623252956,80.38072753776574,80.61683739369923,2209700
2012-08-01,80.33747863769531,80.58132995074799,80.21186031436245,80.42614774232592,977300
2012-08-02,80.52960968017578,80.75128809387182,80.4926604590633,80.58133520713749,620000
2012-08-03,80.10843658447266,80.27099854428278,79.94586898700138,80.18971474554714,765500
2012-08-06,80.16014862060547,80.2931579381584,80.12319939552846,80.16014862060547,850800
2012-08-07,79.73890686035156,79.82018496030686,79.65023215450452,79.79063236268144,1228200
2012-08-08,79.62811279296875,79.84979123446617,79.56899628683864,79.76850744795235,862800
2012-08-09,79.56902313232422,79.67986520929968,79.37689724141093,79.53207389411166,833700
2012-08-10,79.79805755615234,79.93845783446582,79.56898816535436,79.90889958441774,466900
2012-08-13,79.746337890625,79.94585468370235,79.746337890625,79.87934720678984,729500
2012-08-14,79.35466003417969,79.53200381848552,79.35466003417969,79.43594377649846,642100
2012-08-15,78.95568084716797,79.22169950605065,78.91873725644915,79.16997396891573,934600
2012-08-16,78.7635726928711,79.05176433608818,78.64534528329919,78.97786586273601,861400
2012-08-17,78.85961151123047,78.99262082509573,78.83005325952041,78.83005325952041,784300
2012-08-20,78.90398406982422,79.00743518180107,78.83009122379258,78.8448675379338,1000100
2012-08-21,78.97050476074219,78.98528107735012,78.63797844159457,78.82271340634423,684500
2012-08-22,79.5837631225586,79.5837631225586,79.19951715376614,79.25863365286025,730600
2012-08-23,79.72415161132812,79.8128263468588,79.5837513561526,79.70198433686016,440200
2012-08-24,79.68720245361328,79.90888647377238,79.65764984607364,79.85716095408976,311500
2012-08-27,79.89417266845703,79.90155800728982,79.79072154816556,79.8128888399904,467400
2012-08-28,79.92369079589844,80.07886739839974,79.90890885033048,79.94585807659,615000
2012-08-29,79.87195587158203,79.92368704097913,79.74633752845799,79.92368704097913,764700
2012-08-30,80.01976013183594,80.13798752173017,80.01236915819847,80.06409469833864,642200
2012-08-31,80.53701782226562,80.53701782226562,79.96803686455209,80.01976240616241,912700
2012-09-04,80.35282135009766,80.53041706946065,80.30102400998844,80.36022258310945,1200200
2012-09-05,80.32316589355469,80.41935926673239,80.24176932952652,80.3305614753883,782300
2012-09-06,79.77554321289062,79.97533671992291,79.76074641204487,79.960534273598,1376700
2012-09-07,79.87918090820312,80.33796101897565,79.87918090820312,80.30836175581463,2748500
2012-09-10,79.91616821289062,79.99016353584335,79.78297437338323,79.94576747116797,1614100
2012-09-11,79.76822662353516,79.87921685348132,79.70162684008271,79.86442003798342,375200
2012-09-12,79.37600708007812,79.768193094484,79.32420977938035,79.46480487219533,660700
2012-09-13,79.60538482666016,79.74597424725724,79.00600972344478,79.59058237471437,1458700
2012-09-14,78.85799407958984,79.60535959246695,78.7469983071064,79.16138214801265,1050800
2012-09-17,79.02078247070312,79.14657503754907,78.91718792795008,78.9319847288523,745300
2012-09-18,79.22061157226562,79.3834046943298,79.18361672801238,79.33900862303307,578700
2012-09-19,79.40562438964844,79.47962538930457,79.30943099377257,79.4426248894765,437200
2012-09-20,79.44998931884766,79.72377256702316,79.35379032204564,79.68677772981404,422300
2012-09-21,79.62019348144531,79.62759470851958,79.3464101800009,79.36860821574157,682000
2012-09-24,79.79776000976562,79.8643597429374,79.7237646971707,79.7237646971707,943800
2012-09-25,80.09374237060547,80.10114359509004,79.69416093064116,79.87915202439426,471900
2012-09-26,80.42675018310547,80.42675018310547,80.23435781593301,80.2787538831722,444600
2012-09-27,80.25654602050781,80.31574453323107,80.15295144598258,80.23434798960682,295400
2012-09-28,80.25654602050781,80.43413591319666,80.1825507023442,80.34534378959269,612500
2012-10-01,80.40548706054688,80.42030878299684,80.19062296050005,80.32399019839546,1213500
2012-10-02,80.35363006591797,80.435132588739,80.23508453907098,80.24249540100872,846500
2012-10-03,80.43510437011719,80.43510437011719,80.24246724996878,80.34619666938082,938000
2012-10-04,80.11651611328125,80.33138584057127,80.08687832474158,80.25729419563716,376700
2012-10-05,79.7534408569336,79.87939718348176,79.70157615465914,79.84235419775919,805200
2012-10-08,80.01277923583984,80.02760095514583,79.9164606716695,79.93127673814584,403700
2012-10-09,79.84977722167969,79.98314443626468,79.78309644080211,79.79791250783163,387200
2012-10-10,80.04241180419922,80.07204958804967,79.67194798531256,79.72381269384351,318100
2012-10-11,80.11651611328125,80.12392697362371,79.74605223578055,79.79051174500515,1217500
2012-10-12,80.12394714355469,80.30176826672623,80.10172020976219,80.1758118733477,427900
2012-10-15,80.14616394042969,80.20543952493352,80.06466142494463,80.15357480170039,635000
2012-10-16,79.76829528808594,79.96834332095158,79.76829528808594,79.96834332095158,585500
2012-10-17,79.26446533203125,79.56083195519471,79.23482753914871,79.53119416231216,597300
2012-10-18,79.12369537353516,79.41265681784506,79.09405757760189,79.33856515442768,1157500
2012-10-19,79.45707702636719,79.53116865839849,79.21998041216955,79.24220733649602,808100
2012-10-22,79.19038391113281,79.37561591418799,79.19038391113281,79.30152424353234,760000
2012-10-23,79.5682373046875,79.5682373046875,79.4274592114553,79.4274592114553,414600
2012-10-24,79.39784240722656,79.51638794060793,79.34597202363457,79.39043154488031,682400
2012-10-25,79.10885620117188,79.3089098663904,78.97548897530297,79.01994848581282,437300
2012-10-26,79.6126708984375,79.62008175746601,79.36075821975963,79.38298514401602,414800
2012-10-31,79.93870544433594,80.00539189044153,79.76088434277254,79.79052213517159,728100
2012-11-01,79.77915954589844,79.89044937944324,79.6827113757255,79.86077171313556,918300
2012-11-02,79.84595489501953,79.86079090152003,79.57144066104215,79.60111833448057,527200
2012-11-05,80.03887176513672,80.12048397286911,79.98693723843783,80.00919408410323,805400
2012-11-06,79.67530822753906,80.0240138085026,79.66047222131048,79.97207929604657,486000
2012-11-07,80.3429946899414,80.52847579163752,80.27621854990511,80.37267234546486,979800
2012-11-08,80.69916534423828,80.71400701143273,80.23917554908623,80.32820291050274,514700
2012-11-09,80.70657348632812,80.7362511556125,80.53593396348869,80.6546389801896,368200
2012-11-12,80.75850677490234,80.77334843953909,80.64721693187292,80.70657226954681,267900
2012-11-13,80.85499572753906,80.86983173818226,80.72886416509633,80.86241090264116,1608900
2012-11-14,80.87725067138672,80.89208668168095,80.62499321287368,80.64725005853447,1477300
2012-11-15,80.8401107788086,80.92172294475276,80.69914328118942,80.71398494432617,1448500
2012-11-16,80.89210510253906,81.01823103029771,80.80307769962243,80.8253345503516,578100
2012-11-19,80.72882843017578,80.73624926243203,80.63238025259061,80.66205792117908,712300
2012-11-20,80.3949966430664,80.64724843606577,80.3949966430664,80.60273474563971,970700
2012-11-21,80.2762680053711,80.33562335298483,80.24659599200173,80.2762680053711,291500
2012-11-23,80.23178100585938,80.28371553718277,80.2243601698305,80.2762947011539,466000
2012-11-26,80.36529541015625,80.51367810838276,80.34303857146598,80.42465075362169,1522400
2012-11-27,80.55081939697266,80.55824023395662,80.37275893243827,80.41727263346183,579100
2012-11-28,80.65467071533203,80.7733814391786,80.61757785945912,80.69918440655506,1057500
2012-11-29,80.73628997802734,80.76596766158238,80.61016406824795,80.65467776336082,814200
2012-11-30,80.72142791748047,80.80304010581054,80.69175024350248,80.79561927220666,557800
2012-12-03,80.68952941894531,80.7043841388697,80.50381424821566,80.55581426931687,750400
2012-12-04,80.83061218261719,80.83804237113647,80.71918769269419,80.7414725906788,479300
2012-12-05,80.89752960205078,81.0163843643226,80.87524468834839,80.9123843219933,505500
2012-12-06,80.94206237792969,81.08320765687137,80.93463218757101,81.04606237265261,443700
2012-12-07,80.71178436279297,80.86778436817083,80.69692398080929,80.7414994591852,515700
2012-12-10,80.78607177734375,80.8380717807503,80.71178686784516,80.81578687465824,707500
2012-12-11,80.63005065917969,80.637480848457,80.54090539057331,80.60776575892154,734300
2012-12-12,80.28829956054688,80.67458421581784,80.28829956054688,80.54086920676804,1165600
2012-12-13,80.13240814208984,80.30326297699139,80.08040810526168,80.19183270733706,862900
2012-12-14,80.31063079833984,80.34034589167418,80.22891570856405,80.22891570856405,380700
2012-12-17,79.88722229003906,80.25122236379161,79.86493738089162,80.23636764688534,660100
2012-12-18,79.57521057128906,79.88721058880628,79.48606528018045,79.8426407770396,846400
2012-12-19,79.68661499023438,79.87976023843808,79.64947537899347,79.68661499023438,675300
2012-12-20,79.73863983154297,79.9169304243315,79.70150020872705,79.79807002913914,377100
2012-12-21,79.95404052734375,80.08775558877846,79.939185817217,80.0357556019746,499200
2012-12-24,79.8723373413086,79.91691281347066,79.8574826289708,79.8946279111768,903400
2012-12-26,80.0367431640625,80.07394068750503,79.95491882847037,79.9623537927227,780000
2012-12-27,80.20040130615234,80.35662068496717,79.98466816144278,79.99954944068902,446700
2012-12-28,80.38639068603516,80.3938313268725,80.26736881036783,80.3491988329405,552200
2012-12-31,79.96234893798828,80.31198520515777,79.93259205614994,80.2747933595185,1742800
2013-01-02,79.59790802001953,79.70949500749403,79.56071046567804,79.59790802001953,2561300
2013-01-03,79.18869018554688,79.635037755325,79.18125522145033,79.62015647604167,2131900
2013-01-04,79.22586822509766,79.22586822509766,79.01013513290303,79.10684072228253,975400
2013-01-07,79.27053833007812,79.30029521990731,79.16639205344921,79.22590583310756,1387400
2013-01-08,79.4639663696289,79.47884197884697,79.36726072084346,79.38213633006153,364200
2013-01-09,79.50855255126953,79.58294758065905,79.40440632077689,79.48623631267023,517700
2013-01-10,79.27793884277344,79.42671754106459,79.24818196800649,79.28537948035105,689100
2013-01-11,79.5308837890625,79.5308837890625,79.12917442054983,79.15893130068535,553900
2013-01-14,79.50118255615234,79.64252074129568,79.48630126789608,79.61276384033168,971700
2013-01-15,79.69452667236328,79.79867290010992,79.66476979650085,79.76148106193969,428800
2013-01-16,79.79869842529297,79.8507715558229,79.70943344469624,79.8210203459877,534000
2013-01-17,79.43418884277344,79.53090014198553,79.35235882446125,79.47882133438165,436100
2013-01-18,79.6573715209961,79.6945633762953,79.5457846040057,79.5681008522945,560100
2013-01-22,79.72428131103516,79.76147882370532,79.48623198635947,79.50111326164497,595400
2013-01-23,79.76152038574219,79.85822602331484,79.70944724619592,79.78383663475537,603600
2013-01-24,79.62763214111328,79.716902829445,79.53092648541462,79.70202154361591,376300
2013-01-25,79.09943389892578,79.32260203277862,79.04736076680555,79.24821265482767,570600
2013-01-28,78.9357681274414,78.95808437165084,78.77210810251175,78.77210810251175,1328000
2013-01-29,78.81678771972656,79.09203480583378,78.80191210654046,78.9655722293313,480600
2013-01-30,78.86138916015625,78.87626476641017,78.64565597842483,78.75724288974054,453200
2013-01-31,78.9283676147461,78.93580825844717,78.80190504956875,78.93580825844717,902500
2013-02-01,78.66018676757812,79.27844529022568,78.63039055989138,79.26355002790507,2587800
2013-02-04,79.11460876464844,79.15930025712463,78.87624466636152,78.90604088902843,693400
2013-02-05,78.83148193359375,78.8687229159863,78.75699428576542,78.81658099420214,797700
2013-02-06,79.06985473632812,79.10709572292181,78.92087374082168,79.00281186758924,816800
2013-02-07,79.10710906982422,79.29333108334362,79.06241760515391,79.06986807694724,970000
2013-02-08,79.16666412353516,79.1964603136044,78.93575075430121,79.12197267995238,952800
2013-02-11,79.08477783203125,79.18906172407154,79.08477783203125,79.1071235684619,558800
2013-02-12,79.00282287597656,79.08476101416153,78.94323615251496,78.96558188419364,531500
2013-02-13,78.72722625732422,78.86130634460416,78.68997957856217,78.74957199136333,610700
2013-02-14,79.0624008178711,79.06985128808246,78.81658644828836,78.9208702990731,988000
2013-02-15,78.9879150390625,79.03260649530391,78.84638451690637,78.9879150390625,681700
2013-02-19,78.86128234863281,79.11454150140788,78.85383187853839,79.09964624426257,498800
2013-02-20,79.0326156616211,79.04751660412565,78.80170220020048,78.83149840216515,869900
2013-02-21,79.18901062011719,79.33054110357031,79.16666489810716,79.20391155681868,681000
2013-02-22,79.28589630126953,79.3156925091586,79.20395815033599,79.21140294002409,412800
2013-02-25,79.89666748046875,79.89666748046875,79.07729203234736,79.08473681859944,2909000
2013-02-26,79.7477035522461,79.98606747323987,79.68811683428076,79.7477035522461,860900
2013-02-27,79.71047973632812,79.97863991559774,79.64343684998802,79.95628849812078,398800
2013-02-28,79.82219696044922,79.82964174829839,79.69556168743924,79.79240075992006,534400
2013-03-01,80.02131652832031,80.04368877198577,79.87961806538934,79.9392811750221,876500
2013-03-04,79.83489227294922,79.99150370506834,79.83489227294922,79.96167214326633,572600
2013-03-05,79.7528305053711,79.80503429880005,79.66333584958427,79.77520274687112,224700
2013-03-06,79.49925994873047,79.63349907871971,79.49925994873047,79.51417856861059,1091700
2013-03-07,79.19351196289062,79.37249560785276,79.17859334010107,79.35758267485069,804500
2013-03-08,78.79080963134766,78.93250243634485,78.73114650830222,78.78335031851982,1651900
2013-03-11,78.82807922363281,78.90266095758155,78.7907940464459,78.86537009060717,1465800
2013-03-12,79.04439544677734,79.08914564871904,78.93998779189748,78.94744710718616,525300
2013-03-13,78.97728729248047,79.05932270023219,78.84304805159502,78.902711200831,1116500
2013-03-14,78.9996109008789,79.05927401337273,78.79825500844673,78.82062725318502,557400
2013-03-15,79.2755355834961,79.29044851429055,79.04434248278218,79.04434248278218,1184700
2013-03-18,79.53658294677734,79.56641450880518,79.41725669866602,79.55895519585106,1442000
2013-03-19,79.78266906738281,79.87961735233014,79.60367974008231,79.62605198354807,545300
2013-03-20,79.4769058227539,79.67080809688431,79.46944651111374,79.57385411492528,742800
2013-03-21,79.68568420410156,79.69314351229444,79.55890441374777,79.68568420410156,669700
2013-03-22,79.715576171875,79.76032067537875,79.5589647198225,79.73794842362688,297000
2013-03-25,79.77518463134766,79.88705150323152,79.55891019631497,79.58128243273465,319500
2013-03-26,79.85726165771484,79.88709321844694,79.5962426135446,79.61115554901643,546300
2013-03-27,80.20028686523438,80.28978151483973,80.14062376549747,80.14062376549747,623700
2013-03-28,80.0511474609375,80.22267748954346,80.03623452747891,80.11826988597032,378400
2013-04-01,80.26399230957031,80.31626673077947,80.06982773187141,80.06982773187141,2471100
2013-04-02,80.10714721679688,80.16689102828627,80.0698116077286,80.14448852334861,984900
2013-04-03,80.4432373046875,80.51791425318983,80.21173705508447,80.21173705508447,1234000
2013-04-04,80.7642593383789,80.77172873378397,80.56262554479743,80.58503373101263,584800
2013-04-05,81.01821899414062,81.17504222346486,80.97341398504324,81.04809089936667,663800
2013-04-08,80.75687408447266,81.03318502755829,80.74940468128513,80.97344119702865,858200
2013-04-09,80.78672790527344,80.93608175066028,80.74192289115419,80.89127673654102,507800
2013-04-10,80.45069885253906,80.62992465093994,80.43576004580584,80.6075221383255,340900
2013-04-11,80.54029846191406,80.62991419823959,80.49549344249363,80.54029846191406,1132200
2013-04-12,80.98833465576172,80.98833465576172,80.74936514812279,80.83898085004331,827700
2013-04-15,81.16758728027344,81.16758728027344,80.92114830867418,80.95102021712414,587300
2013-04-16,80.9360580444336,81.03314314323434,80.89872244276451,80.91365554393568,1226700
2013-04-17,81.08538818359375,81.25714442354197,80.95096753179588,80.98083942080433,988300
2013-04-18,81.13027954101562,81.21989530344739,81.07800510396868,81.14521835016409,705600
2013-04-19,81.08538818359375,81.08538818359375,81.01817500895469,81.08538818359375,750500
2013-04-22,81.13027954101562,81.21242589887316,81.0854745085429,81.1228101364414,379900
2013-04-23,81.0779800415039,81.42896788067462,81.05557753219252,81.22733390190292,449800
2013-04-24,81.11531066894531,81.16758508294662,81.06303625494401,81.07049995874146,279400
2013-04-25,81.02574920654297,81.0556211341886,80.9436028298894,81.00334668518066,293300
2013-04-26,81.31697845458984,81.33938097184047,81.2124295757625,81.23483209301313,433300
2013-04-29,81.28707122802734,81.3916200614473,81.27213812217482,81.36921755392646,810000
2013-04-30,81.2721176147461,81.5036177306923,81.24224571309453,81.40653832343676,752700
2013-05-01,81.53759765625,81.62731900711786,81.44039192006049,81.44039192006049,803600
2013-05-02,81.53759765625,81.54507063244766,81.44787060082014,81.49273127625408,921300
2013-05-03,80.84222412109375,81.12635122381145,80.7898847678415,81.103920887355,879500
2013-05-06,80.73751068115234,80.89452867335964,80.67021399617254,80.86461966943075,434000
2013-05-07,80.62532806396484,80.70757637284206,80.6103707144104,80.6103707144104,544000
2013-05-08,80.72257995605469,80.81977997246901,80.6777192876421,80.7001496218484,1114400
2013-05-09,80.70757293701172,80.93188182976255,80.68514261819234,80.78234256792867,587300
2013-05-10,80.25153350830078,80.56556962638074,80.06460643260152,80.56556962638074,529700
2013-05-13,80.10945892333984,80.13188925740297,80.05711957567219,80.07954990973532,417600
2013-05-14,79.78794860839844,80.24405110832718,79.75803959312557,80.21414209305432,876900
2013-05-15,79.9973373413086,80.10201608347984,79.80293722274119,80.02724636829518,768200
2013-05-16,80.37860107421875,80.46832807789622,80.16924377019669,80.18419541853025,697900
2013-05-17,79.94496154785156,80.28143366973356,79.93000989345194,80.25152465637332,365800
2013-05-20,79.88513946533203,80.09450254822431,79.80289681346811,80.07206651092245,1440000
2013-05-21,80.0944595336914,80.10941117930219,79.69069664750869,79.85519327201546,530600
2013-05-22,79.4589614868164,80.32630588527064,79.42157949316278,80.15433045986616,1797400
2013-05-23,79.54119110107422,79.73559681773662,79.35426406320357,79.71316648592182,950100
2013-05-24,79.57107543945312,79.76548109583709,79.52621478973326,79.63089344211876,349800
2013-05-28,78.636474609375,79.36923119810113,78.6215229545101,79.3168918492322,1157000
2013-05-29,78.95796203613281,78.95796203613281,78.65140472880485,78.69626538242376,1588400
2013-05-30,78.9654541015625,79.07013278079401,78.81591476110611,78.93554509255918,578000
2013-05-31,78.74862670898438,79.0701414603626,78.38225129145688,79.04023244807617,1639400
2013-06-03,78.86244201660156,79.24428395645688,78.0313648567184,78.6003919464274,3269200
2013-06-04,78.66028594970703,78.85495416652302,78.6228534891068,78.6827465685198,1235100
2013-06-05,79.04206848144531,79.07201785260732,78.80247922440776,78.83242859556977,1298900
2013-06-06,79.13947296142578,79.61116885384212,78.83999039690819,78.97475983584661,2471900
2013-06-07,78.52547454833984,79.02711952014177,78.52547454833984,78.87737262099935,652300
2013-06-10,78.3308334350586,78.4730858875773,78.21852465824574,78.37575466087905,694600
2013-06-11,78.52547454833984,78.52547454833984,78.00886345501388,78.05378466862655,756100
2013-06-12,78.17359161376953,78.57789400955274,78.17359161376953,78.23348466838802,528700
2013-06-13,78.7651138305664,78.85496202703702,78.36081122710797,78.36829429261606,1180100
2013-06-14,78.86992645263672,79.09454406655621,78.8175164376906,78.92234217984605,599700
2013-06-17,78.68270874023438,78.97471378120268,78.63029875078067,78.9597362343528,478400
2013-06-18,78.63776397705078,78.70515149317598,78.45807345448148,78.50299465705913,429000
2013-06-19,77.5595932006836,80.55446127453502,77.4772395839296,78.68266872837788,1281500
2013-06-20,77.20775604248047,77.43985665574839,76.97564971695095,77.28262665525126,1982500
2013-06-21,76.39167785644531,77.11793505196484,76.38418907885112,77.0505531904079,1777200
2013-06-24,76.2044906616211,76.51895074147129,75.8076711733916,75.81515995022508,2731500
2013-06-25,76.11465454101562,76.45906404468033,76.03977819095779,76.41413709219293,772000
2013-06-26,76.42158508300781,76.60127566026499,76.18948451603977,76.54886567055414,1015300
2013-06-27,76.83335876464844,76.86330813720124,76.53387075137917,76.73602187578716,949000
2013-06-28,76.74351501464844,76.78843621990485,76.34669580219268,76.46648758696278,1017700
2013-07-01,76.77281188964844,76.8327920208483,76.49540807286415,76.63036050805378,1127100
2013-07-02,76.80280303955078,76.90026646411145,76.68284277545744,76.78780514652901,385400
2013-07-03,76.6528091430664,76.96020285508023,76.64531592083459,76.81025261018922,1233200
2013-07-05,75.36328125,75.67067502569617,75.31080008341993,75.64068497050498,924100
2013-07-08,75.80563354492188,75.86561366015523,75.60320208601392,75.61819997483158,1137200
2013-07-09,75.93309020996094,76.01556144188875,75.87311009219182,75.93309020996094,558400
2013-07-10,75.66319274902344,76.00806987966472,75.64820057813444,75.90310752338344,1005500
2013-07-11,76.42044830322266,76.42044830322266,76.15054338857405,76.21802247724675,818700
2013-07-12,76.36044311523438,76.7053202330466,76.232989647351,76.63034794135163,1919500
2013-07-15,76.6003646850586,76.6003646850586,76.42792897084466,76.45042008834912,563700
2013-07-16,76.63786315917969,76.71283546679366,76.54789295803067,76.59288091861539,713300
2013-07-17,76.9751968383789,77.11014920196105,76.8627355820576,77.08015915227423,696300
2013-07-18,76.61534881591797,76.95272695792791,76.61534881591797,76.95272695792791,717800
2013-07-19,77.03522491455078,77.04272386164705,76.80280903475291,76.8103022618285,459500
2013-07-22,77.02774047851562,77.11771070055794,76.97525927899639,77.02774047851562,450300
2013-07-23,76.93769836425781,76.96018946707466,76.76525704263533,76.8552271739187,13316500
2013-07-24,76.42044830322266,76.55540076054695,76.21052352961176,76.47292949662537,837400
2013-07-25,76.53286743164062,76.5403606551222,76.17299250389777,76.18799039089676,712300
2013-07-26,76.6003646850586,76.65284586590887,76.51789344086247,76.60786363089997,544900
2013-07-29,76.44288635253906,76.54034972404163,76.36041514587646,76.50286645193316,420300
2013-07-30,76.42044830322266,76.54790181291197,76.3304780916661,76.51791174239311,306800
2013-07-31,76.47290802001953,76.53288814421245,75.82813598499428,75.88811610918721,930500
2013-08-01,75.7979507446289,76.22589061373084,75.72287468000229,76.19585904229287,1177300
2013-08-02,76.44363403320312,76.44363403320312,76.14332397281561,76.18837420503343,4360000
2013-08-05,76.20333862304688,76.31595553999784,76.13577190963689,76.28592398028196,390400
2013-08-06,76.225830078125,76.27087453554108,76.12072252553277,76.15826339200086,257000
2013-08-07,76.50369262695312,76.54873712854577,76.3009809139109,76.31599956640021,493200
2013-08-08,76.6163330078125,76.69140910937467,76.52623824917424,76.60882367927447,804900
2013-08-09,76.66886138916016,76.67636498726678,76.48867193172647,76.50369058381469,557600
2013-08-12,76.51871490478516,76.78148407609135,76.48868332407325,76.78148407609135,400400
2013-08-13,75.82798767089844,76.05322160862045,75.76792452378096,76.05322160862045,566500
2013-08-14,75.89556121826172,75.94061144660634,75.80547221744747,75.82799446765104,1672300
2013-08-15,75.47510528564453,75.72286141063951,75.30243094005571,75.47510528564453,15452300
2013-08-16,75.18228149414062,75.49760424985391,74.96455700245275,75.49760424985391,1066900
2013-08-19,74.85952758789062,75.0171891303824,74.78445148117164,74.97214461193899,892200
2013-08-20,75.26490783691406,75.2799207595818,75.11475569848899,75.12976862115673,1221100
2013-08-21,74.79190826416016,75.26489255933402,74.76187669698369,75.07719956043293,945100
2013-08-22,74.76188659667969,74.88951647812813,74.57419357292498,74.73185502552656,755100
2013-08-23,75.18228149414062,75.2348352867595,74.63422133224856,74.70178803935835,991100
2013-08-26,75.33244323730469,75.3699841202598,75.18980048353123,75.34746188166055,512600
2013-08-27,75.76041412353516,75.80545861586006,75.47511706431357,75.58773402306227,532500
2013-08-28,75.45256042480469,75.56517733221952,75.30240836687415,75.54265509632333,761700
2013-08-29,75.52769470214844,75.62529877021785,75.19735877435318,75.23489395381672,470900
2013-08-30,75.385009765625,75.61774722334435,75.385009765625,75.5802063369028,1038200
2013-09-03,74.95722961425781,75.13016413263719,74.64142591986044,75.0624956002016,796000
2013-09-04,74.7091064453125,75.03242506823476,74.6564734479329,75.00234825022264,824400
2013-09-05,74.13764190673828,74.5211140804975,74.13764190673828,74.46096045783621,1722700
2013-09-06,74.58872985839844,74.88197139080096,74.46842843471181,74.6714395969285,1033900
2013-09-09,74.73916625976562,74.91210075328374,74.70156881166247,74.88202394211424,764300
2013-09-10,74.39327239990234,74.6413959892365,74.39327239990234,74.47598217520162,1895300
2013-09-11,74.76927185058594,74.78430739367548,74.43843253694241,74.63392901651062,885300
2013-09-12,74.77670288085938,75.05490887678982,74.74663182840938,74.97971977254296,796800
2013-09-13,74.87446594238281,74.9571756913481,74.77671492820826,74.79175619341753,1166500
2013-09-16,75.0399398803711,75.5662698133,75.00986306469429,75.55123427374461,1855200
2013-09-17,75.19029998779297,75.23541233208496,75.03992168244324,75.22789743241272,943300
2013-09-18,76.1226806640625,76.31065646974776,74.88203919922654,75.11513309914137,1341800
2013-09-19,75.8594970703125,76.11514708633192,75.19030382519347,76.11514708633192,1592800
2013-09-20,75.93465423583984,76.05496142482635,75.81435278341584,75.9120980720455,300600
2013-09-23,76.2204360961914,76.22795099851913,76.00989836311527,76.00989836311527,2003200
2013-09-24,76.49860382080078,76.54372189824811,76.2504802093794,76.28807191459394,1149800
2013-09-25,76.70912170410156,76.7241629726891,76.44595686945118,76.46851303576933,569900
2013-09-26,76.54368591308594,76.59631886489353,76.44593490504217,76.5211240166871,568100
2013-09-27,76.64899444580078,76.80689338904065,76.57379955577396,76.57379955577396,2349400
2013-09-30,76.77677917480469,76.77677917480469,76.57376224914535,76.73918174810869,3785200
2013-10-01,76.60584259033203,76.72632455723246,76.55313065259365,76.69620262921478,1937000
2013-10-02,76.7338638305664,76.92212158984397,76.7037418996615,76.71127381868044,799900
2013-10-03,76.8393325805664,77.02005852634602,76.6435427879535,76.68119665986245,651800
2013-10-04,76.62841796875,76.77902183491207,76.53805220195122,76.74889991264581,1160900
2013-10-07,76.69621276855469,76.86941244126105,76.66609083655484,76.85434860267559,454400
2013-10-08,76.65853881835938,76.80914268241409,76.58323114116287,76.65853881835938,818100
2013-10-09,76.52303314208984,76.68116900576408,76.46278926683142,76.65104706813487,506500
2013-10-10,76.35738372802734,76.41762761777944,76.19924782630824,76.2594859708868,649100
2013-10-11,76.47027587890625,76.68112357221135,76.43262204288659,76.57569972555879,850100
2013-10-14,76.21424102783203,76.57569831338118,76.15399718937906,76.47027446867281,183200
2013-10-15,76.22935485839844,76.40254882608677,76.18416907733732,76.36490071123698,368100
2013-10-16,76.59835052490234,76.60588244711809,76.05616702883539,76.15405903694675,2339600
2013-10-17,77.03507232666016,77.1179061949067,76.83928266124376,76.8844626820435,2950500
2013-10-18,77.04266357421875,77.15561946679699,77.02007354473818,77.13302943731641,582600
2013-10-21,76.9898681640625,77.02752200251196,76.8919762273307,77.01999008578824,321700
2013-10-22,77.52456665039062,77.5396304930294,77.35137267625315,77.37396269503868,484700
2013-10-23,77.66011810302734,77.79566397067808,77.5772841980645,77.5772841980645,280800
2013-10-24,77.50196075439453,77.73540430609074,77.49443457978961,77.72034046653799,591200
2013-10-25,77.63749694824219,77.66761887843757,77.5471369028268,77.56972691418063,552800
2013-10-28,77.56224060058594,77.65260644430562,77.53211865267939,77.56224060058594,600800
2013-10-29,77.66764831542969,77.66764831542969,77.47185856753838,77.49445433262704,274700
2013-10-30,77.46430969238281,77.86341524774261,77.38147581351517,77.71280558381451,1753100
2013-10-31,77.37395477294922,77.66010455688894,77.23087700839334,77.64504646096455,893000
2013-11-01,76.94478607177734,77.24647233770439,76.92216060881552,77.216303135693,680100
2013-11-04,77.09569549560547,77.17111568557611,77.05798252352432,77.0881517503509,437000
2013-11-05,76.74874114990234,76.92220697328987,76.68085896591433,76.87695602009146,656900
2013-11-06,76.98253631591797,77.01270553254832,76.86940319210156,76.86940319210156,692700
2013-11-07,77.1861572265625,77.24649564879394,77.02777318384645,77.05040440782474,415000
2013-11-08,76.31885528564453,76.47723940810037,76.29622980446392,76.4244447006151,2497700
2013-11-11,76.28108978271484,76.37159739930014,76.28108978271484,76.36405365937114,144000
2013-11-12,76.21321868896484,76.36405897291516,76.16042401416344,76.24338214240451,1052100
2013-11-13,76.5300521850586,76.56775941119881,76.41691899825216,76.44708823168007,1122700
2013-11-14,76.89958953857422,76.92221501753953,76.59036506906344,76.59036506906344,694100
2013-11-15,76.83921813964844,76.92218202973643,76.77134173186109,76.90710030162431,359200
2013-11-18,77.11074829101562,77.13337376409595,76.88448780602289,76.88448780602289,2853000
2013-11-19,76.8240966796875,77.00510609436127,76.80147122212648,76.95985517923921,559100
2013-11-20,76.40178680419922,77.01269755364886,76.37161759069454,76.83922601454425,1562700
2013-11-21,76.46963500976562,76.50734795128167,76.14532327696334,76.24336886904328,804800
2013-11-22,76.6883544921875,76.71097995456108,76.51488302367868,76.54505222490572,807900
2013-11-25,76.74874114990234,76.80907383610344,76.6356080127159,76.65068974571858,487400
2013-11-26,76.91462707519531,76.9900472074951,76.78640652067969,76.81657572443706,425400
2013-11-27,76.74117279052734,76.89201308893158,76.55261954042776,76.88447510194335,476900
2013-11-29,76.69593048095703,76.75626315459367,76.59034110935642,76.59787909719275,652100
2013-12-02,76.36656188964844,76.54786958587493,76.30613175439079,76.52520756471776,2912200
2013-12-03,76.50250244140625,76.63093010442265,76.47229027026539,76.56293831065142,477200
2013-12-04,76.1550521850586,76.24570604528702,76.07951018327755,76.12483423164912,943600
2013-12-05,75.96620178222656,76.13239766060785,75.92843365935819,76.03419362496703,374100
2013-12-06,76.0342025756836,76.15506865197092,75.89066870682376,75.92088666676723,415600
2013-12-09,76.12483978271484,76.18527569394081,76.0341916793616,76.07951573103821,540900
2013-12-10,76.44210052490234,76.47231847066828,76.27590470493162,76.37410870605804,334700
2013-12-11,76.14749908447266,76.38168101001372,76.14749908447266,76.32124510552407,371700
2013-12-12,75.92839050292969,76.06436834763721,75.9057284893922,76.00393246921551,1156200
2013-12-13,76.04173278808594,76.08705683092859,75.958634867218,76.04173278808594,434000
2013-12-16,76.00392150878906,76.20033520359372,75.93592971449901,76.19277927901,572400
2013-12-17,76.24568939208984,76.24568939208984,75.99639565352511,75.99639565352511,694800
2013-12-18,75.95862579345703,76.32878554725141,75.65645209580525,76.034167776999,1997700
2013-12-19,75.6413345336914,75.70932634818777,75.54313053884496,75.62622844351637,978700
2013-12-20,75.87552642822266,75.89063251924794,75.67911266399103,75.73954855505981,510500
2013-12-23,75.6337890625,75.83019706437761,75.61867720790397,75.75465508184901,5238400
2013-12-24,75.33915710449219,75.47513495282294,75.31648932686811,75.42224923518283,770600
2013-12-26,75.27410888671875,75.33463856145617,75.23627278865207,75.28167148794965,787500
2013-12-27,75.22866821289062,75.36487001821834,75.19840050359834,75.26650429274981,640400
2013-12-30,75.4330062866211,75.44056888746896,75.31950377114792,75.32707214497353,1328000
2013-12-31,75.09248352050781,75.38758653714014,75.04708483271102,75.29678916154654,1553600
2014-01-02,75.38758087158203,75.42541695722026,75.19841198934311,75.20598036106598,1161800
2014-01-03,75.34219360351562,75.47082707741515,75.27409556661952,75.29679491225156,637500
2014-01-06,75.55409240722656,75.64489559944424,75.41032790243943,75.41032790243943,666200
2014-01-07,75.67511749267578,75.70538520508143,75.55404664305324,75.60701369651915,1055700
2014-01-08,75.30435180664062,75.47082135929884,75.25895311881622,75.42542267147445,1216700
2014-01-09,75.50108337402344,75.53891945967095,75.28921514954011,75.41784860397983,806100
2014-01-10,76.13666534423828,76.17449564276058,75.88696112750043,75.89452949639448,713300
2014-01-13,76.35612487792969,76.40152355903265,76.19721794811785,76.21235469046933,581600
2014-01-14,76.068603515625,76.25777243146928,76.05347254246742,76.1972369928846,366700
2014-01-15,76.00049591064453,76.03832622526532,75.84159473409375,75.86429407746151,997300
2014-01-16,76.21234893798828,76.2501792450601,76.12911418026489,76.18208122854566,333300
2014-01-17,76.39395904541016,76.39395904541016,76.12912377064364,76.19722179573674,754400
2014-01-21,76.31073760986328,76.36370467407075,76.25777054565582,76.27290729141625,1927100
2014-01-22,76.098876953125,76.21994783939186,76.08374597883045,76.13671304832779,1150900
2014-01-23,76.61338806152344,76.71175379014609,76.34855281294288,76.34855281294288,1080200
2014-01-24,76.92365264892578,76.99175068931719,76.76474567539118,76.87824818235418,564300
2014-01-27,76.68910217285156,76.94637498369393,76.67397119479214,76.79503633820458,758600
2014-01-28,76.80253601074219,76.8101043794912,76.65876586938029,76.79496764199317,452700
2014-01-29,77.165771484375,77.27926819313322,76.89336783740322,77.03713225948897,1420200
2014-01-30,77.09008026123047,77.11278537034642,76.90847979912508,76.98414617725443,685400
2014-01-31,77.39281463623047,77.39281463623047,77.21878240196182,77.33984755106445,670500
2014-02-03,77.81346893310547,77.8210444953443,77.20708854742736,77.28288464991914,4629800
2014-02-04,77.5784912109375,77.6088108076149,77.49511376579261,77.5557529591474,2617300
2014-02-05,77.29803466796875,77.50268468943361,77.29803466796875,77.47236509683307,817600
2014-02-06,77.15402221679688,77.22223696667989,77.09338302832,77.20708006099632,885900
2014-02-07,77.35869598388672,77.47239305144664,77.20710374905553,77.22226065938942,1065800
2014-02-10,77.39659881591797,77.41933707340822,77.27532039880569,77.27532039880569,589300
2014-02-11,77.05549621582031,77.17676882303348,77.01759527320074,77.12371097308925,625800
2014-02-12,76.87354278564453,76.94933885266911,76.76742713523626,76.94933885266911,743500
2014-02-13,77.23739624023438,77.25255314524779,77.10854230757168,77.15401880548298,941400
2014-02-14,77.18433380126953,77.23739163996292,77.1009563714841,77.1994907053802,463400
2014-02-18,77.37385559082031,77.44207035891148,77.26015852779551,77.29805947642805,1003600
2014-02-19,77.22221374511719,77.54814205658106,77.1843186008681,77.53298515545534,907200
2014-02-20,77.13884735107422,77.26770705196355,76.98725518668373,77.13127179086396,842900
2014-02-21,77.23739624023438,77.24497758417661,77.04032177783371,77.05548446571817,405000
2014-02-24,77.16155242919922,77.24492981238623,77.04785547186533,77.23734847313264,1531100
2014-02-25,77.4268798828125,77.44203678597094,77.27528193687641,77.30560152606363,402600
2014-02-26,77.65428161621094,77.65428161621094,77.39657373766042,77.42689333211425,486000
2014-02-27,77.74524688720703,77.79830473621094,77.67703213114709,77.69977038316706,559400
2014-02-28,77.6694564819336,77.73767124299594,77.43448681666693,77.60123593799898,609900
2014-03-03,78.05362701416016,78.06881431168408,77.76513207603132,77.89419514370026,2540500
2014-03-04,77.453857421875,77.77272696011651,77.43867591636682,77.77272696011651,1080200
2014-03-05,77.53732299804688,77.5449166423084,77.29437851195925,77.347522437283,614700
2014-03-06,77.2033462524414,77.29444689516355,77.14260862912093,77.2033462524414,534700
2014-03-07,76.86921691894531,76.96032326124539,76.7932978631549,76.80847935741191,645100
2014-03-10,76.95275115966797,77.0058950928233,76.86923843724469,76.89201358113208,1013900
2014-03-11,77.02867126464844,77.08940884399486,76.85405796434543,76.92238339691939,1571000
2014-03-12,77.33235168457031,77.37790197196071,77.20328867546137,77.26402046123047,819000
2014-03-13,77.78792572021484,77.7955193707818,77.11982927677808,77.1274171350868,1638900
2014-03-14,77.79547119140625,77.90175906448583,77.65881452712472,77.89416541862167,1314400
2014-03-17,77.48419189453125,77.68917977773883,77.46901039574948,77.63603584362102,1085400
2014-03-18,77.6739730834961,77.6739730834961,77.48417253873748,77.49935982597982,861200
2014-03-19,76.95275115966797,77.60566564829305,76.83886964797675,77.56011536051828,1355500
2014-03-20,76.96790313720703,77.02864069244708,76.85402746144702,76.92235286690303,1748100
2014-03-21,77.11216735839844,77.13494249767813,76.95273559118743,76.96032923503171,466500
2014-03-24,77.14257049560547,77.21848959109806,76.914807416872,76.92240106409797,1222600
2014-03-25,77.0970230102539,77.21849240902368,77.0210981197349,77.08183571524773,739400
2014-03-26,77.42350006103516,77.42350006103516,77.11981779839681,77.12740565557615,830000
2014-03-27,77.49934387207031,77.58285655795254,77.31713121618996,77.31713121618996,303600
2014-03-28,77.22607421875,77.46142512496607,77.16533663254747,77.42346847778076,661600
2014-03-31,77.23365783691406,77.2564329807191,76.96793237984403,77.02107631280718,1982900
2014-04-01,77.07389831542969,77.14235157181972,77.02065495942948,77.1271416714299,2562600
2014-04-02,76.7392578125,76.88377804665886,76.71644004986297,76.86096028402183,806800
2014-04-03,76.79254150390625,76.91424403931367,76.75451381391365,76.80014936314329,298000
2014-04-04,77.26405334472656,77.30208099693013,77.01304646720284,77.01304646720284,731900
2014-04-07,77.44666290283203,77.52272407096467,77.37060173469939,77.38581164708785,1751700
2014-04-08,77.55310821533203,77.58353382692931,77.3249248329904,77.4314115720349,666100
2014-04-09,77.53031921386719,77.63680599240827,77.30212994379674,77.37058904605556,1350500
2014-04-10,77.8573989868164,78.03233909054342,77.58357414323973,77.58357414323973,1056600
2014-04-11,78.01712036132812,78.077971609267,77.91824143574826,78.05515384206352,918500
2014-04-14,77.89537048339844,77.98664148989462,77.8117015253833,77.91818823502248,1468600
2014-04-15,77.98665618896484,78.14638628352985,77.78129058255028,77.83453394740529,614300
2014-04-16,77.86497497558594,77.91061049647249,77.77369813072013,77.79651589116341,1405500
2014-04-17,77.42383575439453,77.81935726263207,77.31734897128848,77.81935726263207,584600
2014-04-21,77.40861511230469,77.55313536721636,77.36297958047746,77.49228412271732,1021100
2014-04-22,77.37818908691406,77.39339899527184,77.21845313214247,77.28691222748652,482800
2014-04-23,77.57594299316406,77.63679422970921,77.46184837541524,77.49227399368782,306400
2014-04-24,77.55310821533203,77.6139594385266,77.39337810676527,77.40098596043761,345700
2014-04-25,77.65960693359375,77.842154828244,77.64439702699497,77.68242469503842,388900
2014-04-28,77.54545593261719,77.7127937989814,77.43896925458337,77.63673271511277,574900
2014-04-29,77.61400604248047,77.61400604248047,77.40103243650975,77.42385020813582,760100
2014-04-30,77.81934356689453,77.85737704120778,77.58355227481391,77.72046465801085,544700
2014-05-01,78.04342651367188,78.19583786583426,77.81480367130789,77.86814822597675,21829500
2014-05-02,78.15766906738281,78.29484149931388,77.73091297431536,77.814740894613,1343700
2014-05-05,78.1119613647461,78.27199492936035,78.05099453609778,78.27199492936035,929400
2014-05-06,78.20345306396484,78.22631418329762,78.07389703087932,78.12724158069577,566300
2014-05-07,78.2644271850586,78.31777174378635,78.05104895014755,78.15773806760306,1107600
2014-05-08,78.34821319580078,78.47776918110523,78.22628533295378,78.34059670157878,1444300
2014-05-09,78.2872543334961,78.34059886511196,78.21866518477978,78.21866518477978,354500
2014-05-12,78.08152770996094,78.19583913299535,78.04342777836314,78.14249457746202,759600
2014-05-13,78.38631439208984,78.38631439208984,78.24914192049293,78.27962533797196,603700
2014-05-14,78.74453735351562,78.85884878822331,78.54639792096371,78.57688135782716,635400
2014-05-15,79.0264663696289,79.17126118146899,78.74450486966919,78.87405506230574,1347300
2014-05-16,78.85881042480469,79.00359941181746,78.84356580672865,78.89691034175826,452600
2014-05-19,78.75967407226562,79.05687992877839,78.75967407226562,78.95781324797865,325400
2014-05-20,78.98834228515625,79.07217022277433,78.79020299495743,78.79020299495743,34764400
2014-05-21,78.86640930175781,78.88165391642835,78.7063757324189,78.80544828542654,881700
2014-05-22,78.78258514404297,78.85879659281899,78.70637950938419,78.82069086843099,678800
2014-05-23,78.942626953125,78.96549387861269,78.85118250764562,78.8969047303853,486800
2014-05-27,78.96551513671875,78.98075394369509,78.75213114021399,78.87406485250243,997000
2014-05-28,79.39989471435547,79.45323926055802,79.20937764732928,79.2246164544788,968200
2014-05-29,79.30079650878906,79.65896940938782,79.30079650878906,79.49131351428903,753100
2014-05-30,79.23990631103516,79.33135083437374,79.07986676694703,79.18656173438005,902400
2014-06-02,78.87728118896484,79.14445362262158,78.80094703990895,79.02994948707662,2032800
2014-06-03,78.48029327392578,78.76273588411422,78.47266393975363,78.76273588411422,1563600
2014-06-04,78.41923522949219,78.56426830034455,78.37343010150545,78.55663896561313,1566600
2014-06-05,78.53373718261719,78.62534161897862,78.38106894593471,78.38106894593471,1585800
2014-06-06,78.47265625,78.77799265670335,78.44975077797046,78.7016585550275,940600
2014-06-09,78.35812377929688,78.40392305891558,78.2817897052935,78.38865857368152,816500
2014-06-10,78.22077178955078,78.28947075436173,78.16733732005771,78.26657109942475,1207100
2014-06-11,78.32766723632812,78.3963662243883,78.22079826117518,78.29713241143838,814800
2014-06-12,78.63298034667969,78.6711444956224,78.28946806267423,78.3581728490434,1319500
2014-06-13,78.48029327392578,78.57953285735591,78.26655543872123,78.27419059681259,752900
2014-06-16,78.48029327392578,78.58716219152807,78.42685881512465,78.48792843201716,1401000
2014-06-17,78.1519775390625,78.3657209962798,78.13671306121812,78.33518621667733,33268500
2014-06-18,78.56427001953125,78.56427001953125,78.18259361350097,78.34289700516332,1472200
2014-06-19,78.36578369140625,78.74746000591982,78.28944376936884,78.68639039785724,1055000
2014-06-20,78.4574203491211,78.46505550981328,78.26658209926474,78.2971169181123,577000
2014-06-23,78.40396118164062,78.59479937139945,78.40396118164062,78.56426456216771,764200
2014-06-24,78.72455596923828,78.72455596923828,78.46501886612137,78.61005773193287,443800
2014-06-25,78.80093383789062,78.98413692971603,78.77802835548133,78.93070245193691,977500
2014-06-26,79.00700378417969,79.0986082040185,78.93066967960677,78.9459341709538,822300
2014-06-27,79.00700378417969,79.18257746622439,79.00700378417969,79.0986082040185,933200
2014-06-30,79.06807708740234,79.14441119553767,78.95357301323979,79.09097673745103,1268900
2014-07-01,78.80961608886719,78.97021722167833,78.7943174087498,78.87844264518472,17393000
2014-07-02,78.4884033203125,78.65665378317543,78.46546113623783,78.64900444357168,1779100
2014-07-03,78.32781982421875,78.35841135478157,78.15956932349215,78.17486800614249,1079900
2014-07-07,78.51898956298828,78.5725232671408,78.41957149377251,78.41957149377251,1031000
2014-07-08,78.87841033935547,78.91665118924992,78.73310211143797,78.76369362440663,491500
2014-07-09,78.89373016357422,78.98549889234768,78.61841230778172,78.80960493904118,1113900
2014-07-10,79.06192016601562,79.2607619989019,79.03132866597682,79.16898749878546,728600
2014-07-11,79.19194030761719,79.26841614499106,79.12310796966803,79.15369947156407,688600
2014-07-14,79.01608276367188,79.1307994982686,78.99314058369963,79.1307994982686,974800
2014-07-15,78.94721221923828,79.19958189299973,78.87073054898038,78.99309655360723,933500
2014-07-16,79.06192016601562,79.09251166605443,78.92426133320699,78.97015150063122,15784300
2014-07-17,79.52086639404297,79.57440011398941,79.18436539167224,79.30672567951932,1367400
2014-07-18,79.36021423339844,79.48258028634152,79.25314685444052,79.44433943611317,386900
2014-07-21,79.38319396972656,79.5667372877594,79.38319396972656,79.4137796604513,339600
2014-07-22,79.48262023925781,79.48262023925781,79.29142756147982,79.41378784119425,484200
2014-07-23,79.47490692138672,79.5743307680274,79.45196475207972,79.55903209866754,523600
2014-07-24,79.15371704101562,79.26843373990586,79.14606770516063,79.23784223121955,600900
2014-07-25,79.4596939086914,79.48263610104519,79.30673623510184,79.36026996217353,781400
2014-07-28,79.36787414550781,79.45964869744333,79.26080675228404,79.36787414550781,1448000
2014-07-29,79.47490692138672,79.4978490906937,79.3219552361849,79.45961408675964,465700
2014-07-30,78.91668701171875,79.15376405142355,78.84785461761072,79.14611471102552,1067500
2014-07-31,78.89373016357422,79.00079757030063,78.67958951538535,78.71783037553166,1506500
2014-08-01,79.35806274414062,79.43468420988363,78.95962761477112,79.12819250106848,3466800
2014-08-04,79.4040298461914,79.51130106117473,79.37338009250433,79.43467959987846,1672600
2014-08-05,79.44234466552734,79.51130222795305,79.19715247827558,79.30442369483305,1013000
2014-08-06,79.51128387451172,79.67985456043198,79.48829802567559,79.67985456043198,1139100
2014-08-07,79.87141418457031,79.87141418457031,79.44999329931085,79.54960059673398,1386100
2014-08-08,79.80245208740234,80.12426565689832,79.77180234090157,80.00167251673665,913900
2014-08-11,79.76412200927734,79.86373512634223,79.69516447823875,79.82542148964956,419800
2014-08-12,79.64917755126953,79.8407340204605,79.64917755126953,79.79476233852331,416300
2014-08-13,79.90972900390625,79.94803680539646,79.73349441035745,79.77180805768948,732400
2014-08-14,80.07066345214844,80.10897711271188,79.92507855701996,80.06299955086698,638800
2014-08-15,80.39246368408203,80.6299978172517,80.03233638017178,80.06298613431764,1570700
2014-08-18,80.13961791992188,80.25455305131347,80.1013101066871,80.21624523807868,13822300
2014-08-19,80.05531311035156,80.30816330454856,80.01699946337291,80.30816330454856,769900
2014-08-20,79.81780242919922,80.04000878598832,79.77949461682809,80.00170097361719,1052200
2014-08-21,79.98633575439453,80.02464939468604,79.83309288491004,79.83309288491004,630300
2014-08-22,79.99401092529297,80.03998262344902,79.74115489375151,79.96336117790841,1393400
2014-08-25,80.05531311035156,80.07063506163796,79.91739216540694,79.99401361352244,837500
2014-08-26,80.03997039794922,80.17022742005665,80.0169845523821,80.15490547162547,590200
2014-08-27,80.2621841430664,80.26984804091799,80.10127736323042,80.17789880422262,881300
2014-08-28,80.36945343017578,80.48438851186832,80.30815394049428,80.46906071652741,938400
2014-08-29,80.37715911865234,80.48443035844838,80.30819569544396,80.35417325953092,1407100
2014-09-02,79.8636245727539,80.06318346824567,79.8636245727539,80.05551218022718,2058600
2014-09-03,79.97876739501953,80.00947012066489,79.72548015635107,79.77153131684602,1456900
2014-09-04,79.69476318359375,79.94805623292692,79.6487061753863,79.88665079261371,1994400
2014-09-05,79.7177963256836,80.00946341093561,79.67941645785896,79.96341225430257,1098400
2014-09-08,79.63335418701172,79.96340109402459,79.57194874944075,79.92502123155653,1340900
2014-09-09,79.44918060302734,79.5566372406753,79.41080072274697,79.46452904157096,1205900
2014-09-10,79.2496337890625,79.34941330215652,79.23428534702838,79.31103926909677,1311800
2014-09-11,79.14981842041016,79.41078280841333,79.13446412938278,79.36473164722365,1224800
2014-09-12,78.85047912597656,79.01166405623646,78.81209925193757,78.96560703620034,2178400
2014-09-15,78.99630737304688,79.03468724592412,78.92723062900355,78.95793335611606,1505400
2014-09-16,78.97325897216797,79.17282371276133,78.9579105410199,79.0883927015851,24978400
2014-09-17,78.77371978759766,79.26495172692933,78.76604849750724,79.0960955057407,2704700
2014-09-18,78.7199935913086,78.78907619560403,78.63556255047352,78.77372190311758,556800
2014-09-19,79.01937103271484,79.04240248110759,78.73538091797953,78.85051473614621,920600
2014-09-22,79.18820190429688,79.23425892693965,79.05004254826245,79.09609957090521,1932600
2014-09-23,79.35704803466797,79.35704803466797,79.18818598280522,79.25726857490623,963700
2014-09-24,79.13444519042969,79.37238979683785,79.11141961534547,79.31098435931672,485300
2014-09-25,79.51824951171875,79.52592665820659,79.24960794411454,79.24960794411454,399000
2014-09-26,79.34941101074219,79.43384207936393,79.25730864929936,79.42617078654284,716100
2014-09-29,79.60267639160156,79.65640470231213,79.548948080891,79.61803068377411,2344500
2014-09-30,79.53364562988281,79.64877360800891,79.4722401375822,79.51829132883263,1544600
2014-10-01,80.20177459716797,80.20945990072514,79.84805116764466,79.84805116764466,3346000
2014-10-02,79.96346282958984,80.26335418778152,79.94808634283721,80.16339235726726,2084100
2014-10-03,79.94032287597656,79.94801404572219,79.67119060131576,79.76346703833244,1159100
2014-10-06,80.07109832763672,80.17106600293992,79.87886001869686,79.94806886057196,1201700
2014-10-07,80.54015350341797,80.57091233426155,80.2325710616292,80.32484755415996,1429800
2014-10-08,80.82464599609375,80.84002247395092,80.34789304948437,80.59395776171765,2701900
2014-10-09,80.68624877929688,80.87848705372895,80.6708722986668,80.77083408937871,5848000
2014-10-10,81.00149536132812,81.03994535283961,80.76312184056293,80.816948308692,4675300
2014-10-13,81.4244384765625,81.4628884759483,81.07841194867522,81.13992373438778,2074300
2014-10-14,81.58587646484375,81.60894410609738,81.3321206777674,81.43977944802306,2196700
2014-10-15,82.04725646972656,83.72357370738874,81.85501828130954,82.6624210193186,2196800
2014-10-16,81.82432556152344,82.52407003176133,81.7012902143859,82.46255235819255,1786700
2014-10-17,81.58587646484375,81.70891170705407,81.41670594012619,81.61663527539633,1143300
2014-10-20,81.70126342773438,81.83198404122363,81.59361046760836,81.80891638786039,1562200
2014-10-21,81.47823333740234,81.66278035621747,81.43978921958134,81.50899215164553,1973200
2014-10-22,81.4551773071289,81.47824495443925,81.2936979093117,81.38596849855308,951800
2014-10-23,81.11686706542969,81.26297004290402,80.97845526220321,81.22452003831171,1281700
2014-10-24,81.1860580444336,81.37060511926421,81.13991687574163,81.20143452290041,678800
2014-10-27,81.27068328857422,81.34757745199467,81.16303028645588,81.16303028645588,872500
2014-10-28,81.07070922851562,81.20912099328571,81.02457392914073,81.18605334359826,771500
2014-10-29,80.80155181884766,81.00916646830989,80.5401048479447,80.96303118323907,1453100
2014-10-30,80.88617706298828,81.07841533465303,80.84772706199674,80.95538002479728,1363500
2014-10-31,80.75541687011719,80.86307565462452,80.65545512257097,80.83231684000015,886900
2014-11-03,80.72543334960938,80.76394386505066,80.45583035763853,80.64840056517407,2348900
2014-11-04,80.71771240234375,80.91798702275494,80.68690047022086,80.78703484203888,3854700
2014-11-05,80.74075317382812,80.74845761968719,80.58669951726874,80.60210253221656,1079700
2014-11-06,80.49430084228516,80.71768286084014,80.48659639288037,80.58673660482367,1026100
2014-11-07,81.01041412353516,81.01811857549158,80.69460211462098,80.70230068980246,994200
2014-11-10,80.67918395996094,81.00270626051115,80.67148538566218,81.00270626051115,1427900
2014-11-11,80.6868896484375,80.70229267404551,80.58675529004957,80.67918519724631,1220800
2014-11-12,80.65609741210938,80.92569450187753,80.63298992966865,80.87177508392391,658300
2014-11-13,80.78707122802734,80.84099066433357,80.66382932080356,80.75625928202695,743400
2014-11-14,80.95648956298828,81.00271039501136,80.64837614885755,80.68689252941437,629800
2014-11-17,80.86405944824219,81.07203262310973,80.8101400416636,81.07203262310973,496500
2014-11-18,80.95648956298828,80.97959704061253,80.86405965249126,80.88716713011551,510100
2014-11-19,80.74075317382812,80.96413508957843,80.70223682130313,80.74075317382812,560000
2014-11-20,80.88716888427734,81.04892710792966,80.79473309500113,81.04892710792966,811500
2014-11-21,81.0489273071289,81.0489273071289,80.88716908307902,80.91027656126118,855800
2014-11-24,81.14134979248047,81.14905424342753,80.87175277707523,80.91026915503635,13802400
2014-11-25,81.34162902832031,81.36473650570788,81.07203199750772,81.10284392628267,1244600
2014-11-26,81.48026275634766,81.57269852337188,81.44945083400624,81.51107467868907,523300
2014-11-28,81.79611206054688,81.80381063651774,81.6497568422426,81.70367625791646,367300
2014-12-01,81.59548950195312,82.07387652417457,81.59548950195312,82.0275772079896,2063400
2014-12-02,81.23285675048828,81.40260720502404,81.21742756678256,81.34859623192217,990600
2014-12-03,81.26371002197266,81.28685673778027,81.13254137456032,81.18655234036268,851900
2014-12-04,81.54923248291016,81.54923248291016,81.21744902142389,81.27917165930617,968300
2014-12-05,81.09394073486328,81.25597359459537,80.96277211794954,81.23282688416971,1035900
2014-12-08,81.36399841308594,81.50288456736307,81.08622610453166,81.09394363720055,858300
2014-12-09,81.66493225097656,81.88098199763965,81.58777457054515,81.72666075002316,945900
2014-12-10,82.0353012084961,82.07388299389932,81.61864265050792,81.62636018493936,996800
2014-12-11,81.89639282226562,81.98126801774183,81.71893078572619,81.86552857966043,15223600
2014-12-12,82.56771850585938,82.57543015533663,82.15105985063006,82.26679934709742,7233700
2014-12-15,82.26679992675781,82.5214197566737,82.17420715158043,82.2745115762894,1248100
2014-12-16,82.68343353271484,82.77602039308401,82.37479692905926,82.77602039308401,10633800
2014-12-17,82.11247253417969,82.71431081123012,82.08932581379389,82.54456623281597,2086100
2014-12-18,81.64952087402344,81.7498252917812,81.5800807125192,81.68038513027697,4833300
2014-12-19,81.950439453125,81.950439453125,81.7189663629403,81.78068898826993,847800
2014-12-22,81.950439453125,82.01988550090884,81.8269883157108,81.88099929209606,2366700
2014-12-23,81.27143096923828,81.77296475089622,81.26371343472705,81.71895378282562,1360300
2014-12-24,81.33015441894531,81.35333546742602,81.09060905733082,81.16015220277295,1098200
2014-12-26,81.43836975097656,81.47700877784168,81.3301875503396,81.47700877784168,373600
2014-12-29,81.71650695800781,81.7783270070294,81.56968581545262,81.58514377545019,2447300
2014-12-30,81.80929565429688,81.97156897764683,81.7629276365622,81.9174778698635,1194700
2014-12-31,81.90198516845703,81.97153421782268,81.85562306587067,81.86335204813042,1010400
2015-01-02,82.3192138671875,82.41967289163743,81.9560285536773,81.97920959147878,2028600
2015-01-05,82.82154083251953,82.87563191823179,82.41972218086929,82.45835530181452,1521700
2015-01-06,83.3779525756836,83.818410470504,83.09203903517276,83.16931121232754,1890200
2015-01-07,83.36245727539062,83.46291636664914,83.03791073937062,83.13836393514255,1558000
2015-01-08,83.02240753173828,83.12286066563651,82.9219485023571,83.09195064855638,1671000
2015-01-09,83.43203735351562,83.53249058663964,83.03794161581739,83.12294277287953,1107800
2015-01-12,83.72562408447266,83.79517312404028,83.47062076520014,83.5169887567403,2700900
2015-01-13,83.80289459228516,83.94971575427232,83.54789717341949,83.63289827820309,1038800
2015-01-14,84.18928527832031,84.49837975759763,84.1351941866083,84.38246859093279,1545800
2015-01-15,84.90789794921875,84.92335591033195,84.18153295498772,84.23562402791433,1374100
2015-01-16,84.281982421875,84.79971208223748,84.27425344165756,84.72243996651666,1689100
2015-01-20,84.47517395019531,84.73790624401482,84.35153973200414,84.45199290275228,1346200
2015-01-21,84.0733642578125,84.63745612349786,84.03472524433346,84.52927396033941,2298200
2015-01-22,83.86471557617188,84.30517317151515,83.76426240371998,84.28199212367896,1330800
2015-01-23,84.41336822509766,84.44427825876464,84.17382283353615,84.17382283353615,1248200
2015-01-26,84.22018432617188,84.43654866478725,84.15064117253954,84.35155344217641,1546200
2015-01-27,84.3360824584961,84.77654004996435,84.24335237248192,84.6838099639502,863300
2015-01-28,84.98518371582031,85.10108895731777,84.36699491556904,84.36699491556904,3346300
2015-01-29,84.68379974365234,84.84607884846332,84.55243655926674,84.7456197935342,1393400
2015-01-30,85.42564392089844,85.45654805591515,85.05472945035747,85.40245697640766,2219800
2015-02-02,85.31877136230469,85.45035109982216,85.08656696240062,85.10204449996608,11544700
2015-02-03,84.59901428222656,84.93957353516508,84.59127255448468,84.93183771263124,1465200
2015-02-04,84.73833465576172,84.78477321113945,84.27392548115252,84.3358474917948,1655500
2015-02-05,84.42872619628906,84.57578358254486,84.34358491230576,84.54482848401244,1392700
2015-02-06,83.48442840576172,83.95657333431903,83.47668667925224,83.87917378484558,2016700
2015-02-09,83.4457015991211,83.75530561288191,83.43796578005099,83.74756388860641,1599900
2015-02-10,83.23676300048828,83.3915621304858,83.17484098640595,83.30642083742468,1244500
2015-02-11,83.20577239990234,83.39927419618118,83.06645087037333,83.32187465871088,1286100
2015-02-12,83.23676300048828,83.44574241650575,83.17484098640595,83.19032444253068,1845200
2015-02-13,82.9581069946289,83.2444918365011,82.9503652677655,83.20578910739145,1302400
2015-02-17,82.3698501586914,82.93487804969459,82.23827034339159,82.86521432646096,2170100
2015-02-18,82.76458740234375,82.98130846636253,82.35436454470734,82.43176408111317,8204600
2015-02-19,82.55562591552734,82.86522412809884,82.47822045717709,82.68720574639097,1459500
2015-02-20,82.5091781616211,82.9813230936908,82.34663733495553,82.8420015415193,1893000
2015-02-23,82.88841247558594,82.9116376475495,82.70265243631371,82.73361342705995,818200
2015-02-24,83.43799591064453,83.44573173250815,82.59432481611536,82.77234910750657,1180900
2015-02-25,83.51541137695312,83.55410820926626,83.3064260426693,83.42252835002603,595300
2015-02-26,83.01998901367188,83.48439201327733,83.01224729053716,83.39150905127443,865900
2015-02-27,83.31414031982422,83.34510131859851,82.99680041649958,83.21352150271284,2901700
2015-03-02,82.6939468383789,83.26762243566257,82.67844481000107,83.24436052127491,10270800
2015-03-03,82.51566314697266,82.8024950875551,82.48465316956269,82.67070711947406,1224400
2015-03-04,82.57769775390625,82.73274767957255,82.46141770284389,82.66297373438523,1871100
2015-03-05,82.6241683959961,82.75595632146651,82.45361653265954,82.5931584286125,2253200
2015-03-06,81.77919006347656,82.0660279206146,81.74043202735422,82.05051997452689,1734000
2015-03-09,82.15904235839844,82.15904235839844,81.9807364993088,82.0970224148414,1218100
2015-03-10,82.50787353515625,82.6319074766719,82.39934161837535,82.52337555989101,1309200
2015-03-11,82.65524291992188,82.7250109651163,82.43042491671018,82.4769369468398,945700
2015-03-12,82.73272705078125,82.99630298686841,82.60093908273767,82.9575449510283,916800
2015-03-13,82.60867309570312,82.89551090198312,82.56216109478378,82.64743703950087,846900
2015-03-16,82.89550018310547,83.02728811170095,82.75595828384358,82.918756180558,639400
2015-03-17,83.06605529785156,83.10481332360544,82.96527141888834,83.08155732524374,768500
2015-03-18,84.01960754394531,84.09713544376372,83.05056794169879,83.29864184329196,1963600
2015-03-19,83.62423706054688,83.9498329217743,83.5157051068044,83.82579302346983,985600
2015-03-20,83.96536254882812,83.96536254882812,83.81807251436635,83.9033484938415,1194800
2015-03-23,84.0738754272461,84.11263937803233,83.88006750241192,84.0428713640753,795100
2015-03-24,84.3297119140625,84.3297119140625,84.01186996046127,84.0816379815387,584500
2015-03-25,83.96536254882812,84.3762344965449,83.96536254882812,84.337476451497,1240200
2015-03-26,83.49244689941406,83.84130469298377,83.42267888942902,83.83355072035826,928300
2015-03-27,83.81803894042969,83.88005297057613,83.65524102151879,83.65524102151879,2492500
2015-03-30,83.81029510498047,83.91107309138586,83.70176314591369,83.84905905373925,2017700
2015-03-31,84.0273666381836,84.0351206115477,83.74052876919886,83.80254872701427,2137200
2015-04-01,84.42726135253906,84.52043581043512,84.27196071585641,84.28749374158144,2570100
2015-04-02,84.18655395507812,84.42726848123282,84.1632603386373,84.41173545419623,1126400
2015-04-06,84.2952880859375,84.6680038391144,84.24093432236127,84.59811704359302,1268500
2015-04-07,84.36512756347656,84.39618768583024,84.10888599714323,84.19429985258768,750700
2015-04-08,84.2874755859375,84.39618304614285,84.11664788443989,84.38065002376364,886400
2015-04-09,83.94583892822266,84.24090125408058,83.86819157132463,84.2331406652703,890600
2015-04-10,83.92250061035156,84.15544255696385,83.9069675927778,84.10885535246348,789700
2015-04-13,84.09334564208984,84.14769936661264,83.95357807558669,83.96910517225963,624800
2015-04-14,84.34184265136719,84.61361134485001,84.27195588783549,84.48161025431739,825400
2015-04-15,84.38838195800781,84.52038297358415,84.34955534208073,84.47379577375952,566400
2015-04-16,84.45055389404297,84.55926137628289,84.19431228985736,84.43502086851528,903300
2015-04-17,84.62133026123047,84.73003767748013,84.32626219645864,84.38061590458348,1945700
2015-04-20,84.46612548828125,84.6058931710862,84.36518446563414,84.58259954463813,878100
2015-04-21,84.2874755859375,84.41947665559938,84.24864895410177,84.40394363322018,811000
2015-04-22,83.79830169677734,84.23313754269108,83.78277459561878,84.23313754269108,725100
2015-04-23,84.05455780029297,84.15549878552437,83.80608267008809,83.85266990571574,918700
2015-04-24,84.34961700439453,84.37291654544941,84.17879517212465,84.18655576169543,739100
2015-04-27,84.2175521850586,84.34179261357825,84.09331768064862,84.2563787999984,854400
2015-04-28,83.82937622070312,84.20209187776888,83.79831608893811,84.0157310871788,1101100
2015-04-29,83.51873016357422,83.65073712452691,83.32460890088528,83.43331633406223,1118000
2015-04-30,83.49546813964844,83.56535490118672,83.05287173028283,83.22369945391746,2650600
2015-05-01,83.03895568847656,83.33447178686586,82.9767411484888,83.24892827765896,1854300
2015-05-04,82.86784362792969,83.22556822509956,82.86007126260878,83.1089234142532,2784900
2015-05-05,82.72787475585938,82.91451834386301,82.52568643517822,82.91451834386301,2050800
2015-05-06,82.32357025146484,82.64240963373783,82.2302483689629,82.58797335222246,1802100
2015-05-07,82.67347717285156,82.75902070739907,82.40907419923695,82.47128875765458,2201300
2015-05-08,82.99232482910156,83.241177137144,82.89900298867052,83.17896257685665,1004300
2015-05-11,82.17577362060547,82.73569278729707,82.1524446441778,82.73569278729707,1324400
2015-05-12,82.23802947998047,82.40911663717966,81.9658480631226,82.04361333463773,1431000
2015-05-13,82.1291275024414,82.54906693797278,82.09024191405399,82.54906693797278,1221200
2015-05-14,82.40909576416016,82.49463932109282,82.23800865029482,82.23800865029482,617500
2015-05-15,83.0001220703125,83.05455833970775,82.61128987945827,82.65016953867865,854900
2015-05-18,82.440185546875,82.73569581428187,82.42462893994946,82.66570888243832,1000400
2015-05-19,82.07465362548828,82.41682766054151,81.98133181599057,82.06687532475388,1240400
2015-05-20,82.25352478027344,82.48682637084825,82.13687991809195,82.27685968581565,1682600
2015-05-21,82.74346160888672,82.75901228035424,82.45572375533466,82.51016000513032,836700
2015-05-22,82.55682373046875,82.65013962531081,82.38573667911668,82.58792507334529,852300
2015-05-26,83.07006072998047,83.07006072998047,82.56457798907425,82.59568525823363,1925600
2015-05-27,83.02342987060547,83.08563849610842,82.79012824237208,82.96121531199564,1015000
2015-05-28,83.10118103027344,83.17116794702801,82.9456505931927,83.01563750994727,1068200
2015-05-29,83.14789581298828,83.35786857299684,83.1401234389953,83.24899600599608,1148500
2015-06-01,82.78099822998047,83.19381182157615,82.67974397208908,83.13150470883531,2161700
2015-06-02,82.20459747314453,82.49279082716087,82.15007504860074,82.46941898021475,1484500
2015-06-03,81.50359344482422,81.89304104574272,81.45686163431361,81.89304104574272,1703400
2015-06-04,81.90084838867188,82.01768388130907,81.67496802090663,81.67496802090663,1594800
2015-06-05,81.308837890625,81.55808402017419,81.16863657134755,81.32441911637609,1384900
2015-06-08,81.42568969726562,81.58146633114119,81.41789908282254,81.51915924308956,877800
2015-06-09,81.16085052490234,81.38673077103029,81.06738693512305,81.35557426027158,822400
2015-06-10,80.84933471679688,81.07520912495546,80.81817819161994,81.02847730843983,967000
2015-06-11,81.48800659179688,81.49579126411142,81.02066478301455,81.12971556289558,3069700
2015-06-12,81.4412612915039,81.77618638740039,81.33221646423505,81.34779769241483,1578100
2015-06-15,81.63603973388672,81.90086730787318,81.55815136830294,81.85412953452182,1478800
2015-06-16,81.94756317138672,81.97092907655626,81.69831694541367,81.81515241376015,779000
2015-06-17,81.99430084228516,82.07997979569657,81.45686715747624,81.8307335519086,1994000
2015-06-18,81.93201446533203,82.00990282200134,81.62045509615415,81.8852766973299,1481600
2015-06-19,82.36820220947266,82.39156812454748,82.1812689463728,82.23579139571447,1849600
2015-06-22,81.67497253417969,82.0332637068992,81.64381600492142,82.00210717764094,860300
2015-06-23,81.42568969726562,81.71388300668285,81.34001076588477,81.3789578956025,925000
2015-06-24,81.66716766357422,81.70611480397503,81.41792141550725,81.56591341803114,1176500
2015-06-25,81.46467590332031,81.60487732828518,81.34005571585206,81.46467590332031,919800
2015-06-26,81.0752182006836,81.23100084400693,80.98175455718982,81.15311249359537,1441500
2015-06-29,82.01769256591797,82.09558092175679,81.48025280837899,81.58929769505347,1500900
2015-06-30,81.79177856445312,82.07218128425065,81.66715249232169,81.66715249232169,1599400
2015-07-01,81.36431121826172,81.52813126010874,81.24729520217619,81.44231991175813,3738800
2015-07-02,81.65293884277344,81.80115951726968,81.5905295112296,81.64514214009154,1924600
2015-07-06,82.23017883300781,82.34718883683351,81.92593496802482,82.26918018372348,1723300
2015-07-07,82.44864654541016,82.9323040068168,82.4096392235695,82.67487591838623,2083900
2015-07-08,82.77629852294922,82.87770924195961,82.52666710165377,82.61247846069432,1991200
2015-07-09,82.19902801513672,82.47206145567601,82.18342270328725,82.3706447837024,1206900
2015-07-10,81.62952423095703,81.88695822007654,81.48910623249918,81.66853154507109,3719900
2015-07-13,81.41108703613281,81.5905063738399,81.27066905581955,81.27066905581955,1322300
2015-07-14,81.66852569580078,81.6919277019209,81.55150971352008,81.62951838448052,1321600
2015-07-15,81.98060607910156,82.04301543133157,81.56715453602375,81.57495719297336,1239500
2015-07-16,81.94937896728516,82.0429870115208,81.71534695333338,81.76995362969795,811400
2015-07-17,81.95713806152344,82.03515266482907,81.86353006024245,81.87132675923013,881300
2015-07-20,81.79335021972656,81.84795689247196,81.65293221099827,81.81675222923445,842500
2015-07-21,82.01958465576172,82.0585919751502,81.67633929052336,81.70754395569787,676600
2015-07-22,82.12095642089844,82.24577502242096,82.03515107194983,82.0429477707861,523800
2015-07-23,82.45640563964844,82.45640563964844,82.01955240235621,82.04295440411416,1064800
2015-07-24,82.53445434570312,82.57345571418624,82.38623367109554,82.51884903696472,1098400
2015-07-27,82.8074722290039,82.86988154891066,82.69045624209883,82.83087423604886,1392600
2015-07-28,82.57344055175781,82.6826538861467,82.53443919043626,82.60464521182325,6205200
2015-07-29,82.45640563964844,82.76064356585968,82.33939563085872,82.49541294369767,2107300
2015-07-30,82.550048828125,82.57345083816925,82.347221488273,82.40182816226994,683200
2015-07-31,83.0337142944336,83.09611767223808,82.8776909707193,82.96350231084185,1113000
2015-08-03,83.286865234375,83.36499431089453,83.0212251820353,83.05247800481641,2627700
2015-08-04,82.85710906982422,83.2086927110184,82.81022687969855,83.16962521272423,1036000
2015-08-05,82.53677368164062,82.67740833268905,82.41957714562302,82.66178490962298,1283300
2015-08-06,82.8259048461914,82.86496640653442,82.62276446546056,82.6618319866704,731700
2015-08-07,83.15401458740234,83.17745270564066,82.84930712857575,82.89618336505238,1533700
2015-08-10,82.81028747558594,82.96655162224455,82.71653494845847,82.88060783179924,1123900
2015-08-11,83.357177734375,83.54468869255587,83.247795845364,83.25560457967487,2263800
2015-08-12,83.32588195800781,83.77122397964386,83.31806726685971,83.4899547069408,1765700
2015-08-13,83.1071548461914,83.31810391307006,83.03683451665489,83.13840766366702,1626500
2015-08-14,83.02120208740234,83.16183677036267,82.88056740444202,82.9586964592278,612500
2015-08-17,83.16968536376953,83.36501107477967,83.15406192967049,83.30251137751584,905300
2015-08-18,83.03683471679688,83.20090753829027,83.00558189924593,83.02902002219277,690400
2015-08-19,83.544677734375,83.60718336585866,82.8649424039366,82.87275709808833,1444500
2015-08-20,83.77128601074219,83.84160040055306,83.60721314031626,83.6697128331924,1933300
2015-08-21,84.10724639892578,84.15412265877205,83.79472409126046,83.88848257182022,2123600
2015-08-24,84.24787902832031,84.9744908420668,84.05255333603219,84.77135045304438,3074800
2015-08-25,83.78688049316406,83.92751518506005,83.48217298753364,83.91970645169066,2925500
2015-08-26,83.27125549316406,83.77910351533062,83.20093514012935,83.40407554116946,3512900
2015-08-27,83.22431182861328,83.37276116141582,83.07586845667377,83.15399748835715,1414100
2015-08-28,83.23998260498047,83.62281922320983,83.17747696420581,83.56031358243516,1998000
2015-08-31,83.09928131103516,83.56024663045507,83.07584320474075,83.53680852416066,5431600
2015-09-01,83.47264099121094,83.49611598303063,83.24570611988379,83.33178507005071,3749700
2015-09-02,83.24568939208984,83.47262421781559,83.20656640366595,83.28481835075462,2441700
2015-09-03,83.4490737915039,83.48820271479555,83.23779312834128,83.4490737915039,1791300
2015-09-04,83.70735931396484,83.7934382193624,83.43347460144487,83.60562644200103,1421300
2015-09-08,83.33958435058594,83.44131127139882,83.27698041305182,83.35523234984943,1583500
2015-09-09,83.37091064453125,83.48046458206052,82.99529287997242,83.018767870837,1397200
2015-09-10,83.18307495117188,83.3082768476829,83.08134206687699,83.30044986345106,1601600
2015-09-11,83.40217590332031,83.50390280902727,83.32392397814272,83.3552199720224,1069000
2015-09-14,83.48043060302734,83.58215751211526,83.3865247075497,83.574336498505,897500
2015-09-15,82.82310485839844,83.34740533469927,82.80745686026154,83.31610336818582,1903000
2015-09-16,82.79967498779297,82.96400592384126,82.7135960255425,82.77619999267792,1305300
2015-09-17,83.48826599121094,83.4960870056085,82.76051164615818,82.76051164615818,2394300
2015-09-18,83.87953186035156,83.89517985942783,83.61346811413483,83.7073740193125,2074200
2015-09-21,83.40217590332031,83.87952040821457,83.32392397814272,83.57433372085453,1591700
2015-09-22,83.8169174194336,83.96560025810496,83.66041356732426,83.72301152602444,1395500
2015-09-23,83.72301483154297,83.82474771264596,83.6134609366932,83.75431679724853,1364300
2015-09-24,83.84822082519531,84.15340752122196,83.82474584399932,84.06732861001042,1393000
2015-09-25,83.62910461425781,83.69952955075007,83.50389676684212,83.59780265240389,1564000
2015-09-28,84.1064453125,84.1064453125,83.70735277955993,83.74647575244363,1926000
2015-09-29,84.39599609375,84.45860002807277,84.10646334542682,84.17688829386009,2460900
2015-09-30,84.41161346435547,84.4350884369886,84.19249978922626,84.21598073209657,2676000
2015-10-01,84.47746276855469,84.68123232599599,84.44611314592302,84.5636727359595,10101300
2015-10-02,84.88495635986328,85.40221592332321,84.74388611340387,85.22979606883656,3320200
2015-10-05,84.41476440429688,84.7047439321694,84.38341478133802,84.7047439321694,3034900
2015-10-06,84.58720397949219,84.62639251212144,84.32073511214051,84.3520847423778,2104000
2015-10-07,84.37559509277344,84.49314872314366,84.26586840554434,84.38342801524469,2338000
2015-10-08,84.15613555908203,84.47746471395959,84.07776449036263,84.40692656658165,2176800
2015-10-09,84.20315551757812,84.27368767937278,84.07775703528262,84.11694555583215,1069400
2015-10-12,84.48532104492188,84.50099287016732,84.29722326599347,84.36776142792425,1336300
2015-10-13,84.56365203857422,84.5950016535329,84.34421071319103,84.54797424143104,1849700
2015-10-14,85.02610778808594,85.04178559673169,84.68910665418699,84.8615266732979,1359600
2015-10-15,84.73609161376953,84.90850556709933,84.68123126968072,84.88499484525113,1075500
2015-10-16,84.66551971435547,84.82226776306607,84.61849828940564,84.82226776306607,1773000
2015-10-19,84.62638854980469,84.68124890531867,84.44612967921286,84.66557110126878,1744500
2015-10-20,84.3364028930664,84.43045177260004,84.29721436509493,84.38342434316829,1134500
2015-10-21,84.62638854980469,84.68124890531867,84.4931511327019,84.4931511327019,6576500
2015-10-22,84.71257781982422,84.79878778911227,84.5244860592545,84.66555637451411,2411400
2015-10-23,84.23445129394531,84.34417190615409,84.21093460905065,84.34417190615409,2029600
2015-10-26,84.4539794921875,84.48532912500714,84.35209169069088,84.37560839980392,3131500
2015-10-27,84.66551971435547,84.79091815332396,84.5949875769307,84.64200900188055,1373100
2015-10-28,84.22669219970703,84.64206433651742,84.11697148354318,84.62639251106427,2058200
2015-10-29,83.70944213867188,84.03077140198508,83.6937703113711,84.02293249866905,1772400
2015-10-30,83.8740005493164,83.92102797716315,83.74076912563157,83.77211875108618,3424800
2015-11-02,83.63301086425781,83.7507437672607,83.60945829520846,83.69579974970976,5313500
2015-11-03,83.41326904296875,83.60949862723027,83.37402671918744,83.56240544331203,1941700
2015-11-04,83.32691955566406,83.57024228302201,83.24842294436735,83.43680762533866,1933200
2015-11-05,83.27198791503906,83.35048454366425,83.14640408845233,83.32693795045749,1554600
2015-11-06,82.70682525634766,82.8245581847209,82.59693719756592,82.76176928573852,2968600
2015-11-09,82.56556701660156,82.69115084448356,82.43212633963364,82.44782806090141,3223900
2015-11-10,82.72250366210938,82.87163999142017,82.6126156263379,82.69895708136532,1467900
2015-11-11,82.68329620361328,82.72254451653627,82.61265642649404,82.64405387914208,1638100
2015-11-12,82.73036193847656,82.87164742406142,82.69111364141713,82.69111364141713,2399100
2015-11-13,83.04436492919922,83.06791152185991,82.9030793847832,82.9030793847832,2665300
2015-11-16,83.15424346923828,83.2719764190186,83.06005112096285,83.19348578968133,1412800
2015-11-17,83.13066101074219,83.24839390972407,82.84023922020684,82.9030340919629,1180000
2015-11-18,83.0914306640625,83.17777213426213,82.95014516632219,83.03648663652181,941500
2015-11-19,83.27198791503906,83.35832941576518,83.22489472862554,83.29554049669781,1967200
2015-11-20,83.16207885742188,83.38186097833645,83.16207885742188,83.31906608664657,1287900
2015-11-23,83.27198791503906,83.34263368311134,83.08360918093298,83.11500663469266,1377100
2015-11-24,83.35047912597656,83.45251635272423,83.29553508258142,83.31908167425769,1094500
2015-11-25,83.39761352539062,83.45255759593975,83.27202365644715,83.39761352539062,752400
2015-11-27,83.48387908935547,83.54667396668125,83.46817737579947,83.47602823257748,759600
2015-11-30,83.51528930664062,83.53098503414911,83.46819014721513,83.47604100519438,2266900
2015-12-01,83.95947265625,83.96732971148808,83.51923165508191,83.51923165508191,2805800
2015-12-02,83.72362518310547,83.825820876251,83.61356643733279,83.77079150336466,1579000
2015-12-03,82.84315490722656,83.36200845670973,82.67806677723252,83.35414540354272,2750500
2015-12-04,83.1497573852539,83.2362329865894,82.92963985376461,83.0082524010461,2231500
2015-12-07,83.4170150756836,83.60568631595349,83.17331447376203,83.19689762907694,1954000
2015-12-08,83.46417236328125,83.62140337796728,83.36983975221958,83.62140337796728,1519900
2015-12-09,83.59001922607422,83.69221496317023,83.22839662047942,83.41706798040836,3711100
2015-12-10,83.40916442871094,83.62928190805196,83.40130137651975,83.62142485361228,1545000
2015-12-11,84.0774154663086,84.18747425251125,83.78654838752472,83.81013155631757,3352900
2015-12-14,83.45633697509766,83.83367951279772,83.45633697509766,83.72362077282257,2204400
2015-12-15,83.24406433105469,83.32267684839084,83.11042245180818,83.14186865829275,1591000
2015-12-16,83.02397918701172,83.31485221185623,82.85889103704687,83.08687162445156,1911800
2015-12-17,83.36984252929688,83.41700883639884,83.1418620487205,83.1418620487205,1202600
2015-12-18,83.66861724853516,83.75509285633576,83.49566603293391,83.56642152920412,4396700
2015-12-21,83.7079086303711,83.8101043278565,83.63715314922575,83.63715314922575,1603200
2015-12-22,83.47207641601562,83.61358139986716,83.39346386893209,83.56641507116761,1411800
2015-12-23,83.28337097167969,83.32267423023748,83.17331225131721,83.25192476618321,1380800
2015-12-24,83.43618774414062,83.43618774414062,83.28658805375277,83.34957802939552,654200
2015-12-28,83.45191955566406,83.58577473533194,83.36530985407758,83.41255533215899,2198300
2015-12-29,83.0109634399414,83.36527132299643,82.94797350298242,83.36527132299643,1752500
2015-12-30,83.04244995117188,83.13692883993738,82.89285036789263,82.94796505535598,1358100
2015-12-31,83.13692474365234,83.29439956225316,83.06606558056956,83.17629495006507,1906000
2016-01-04,83.49127960205078,83.77472840774925,83.45190937629424,83.53064382075425,6183700
2016-01-05,83.46760559082031,83.61719913589842,83.32588128013374,83.43611063210672,2122800
2016-01-06,83.97150421142578,83.98724868562589,83.75104553033316,83.82190467480642,1906100
2016-01-07,84.15261840820312,84.15261840820312,83.79043532045505,84.08175924207976,3106000
2016-01-08,84.36519622802734,84.4045604236234,84.00301319047624,84.07387234677884,1783200
2016-01-11,84.0975112915039,84.28648109894459,84.01090163152298,84.07389156733655,4816100
2016-01-12,84.47545623779297,84.66442006354583,84.01091290762967,84.06602760710142,8962500
2016-01-13,84.80610656738281,84.92421115838722,84.34943868592526,84.42030384334753,2664100
2016-01-14,84.63296508789062,84.8770497355183,84.43612592431758,84.71957480042713,2597300
2016-01-15,85.02662658691406,85.18410149083844,84.94789213847855,85.16835099691932,4334300
2016-01-19,84.9163589477539,85.10532274038147,84.81400481154952,84.89273922455679,4896500
2016-01-20,85.3336410522461,85.64858465341531,85.2706571376519,85.32577181732779,4949100
2016-01-21,85.12103271484375,85.5304550718521,85.06591805126477,85.44384545664975,2385700
2016-01-22,84.9321517944336,85.00301099936591,84.73531266021672,84.83766684747017,1735600
2016-01-25,85.21556091308594,85.22343014970848,85.03446635090295,85.12107601015774,1190900
2016-01-26,85.278564453125,85.37304937778222,85.13684006966528,85.21558051040576,1288000
2016-01-27,85.341552734375,85.36517246331445,84.91637959230846,85.2155788443472,1802300
2016-01-28,85.45181274414062,85.49905221893768,85.1762391294007,85.2156093631011,2222900
2016-01-29,85.9084243774414,85.96353906404768,85.64859542327595,85.75095556058069,3805500
2016-02-01,85.71054077148438,85.90766713573876,85.60015048876744,85.79727685302184,6813000
2016-02-02,86.31765747070312,86.38073932484585,86.11264445264766,86.12053118836967,4141600
2016-02-03,86.2230453491211,86.79077007495911,86.19939115484742,86.23881882251519,12145000
2016-02-04,86.42805480957031,86.45959573923348,86.17573338808224,86.32555130002795,2431100
2016-02-05,86.53841400146484,86.59360910461449,86.19146991548699,86.26243848571657,1440200
2016-02-08,87.18504333496094,87.24812521184101,86.79867736675352,86.84598576650413,2824800
2016-02-09,87.2007827758789,87.46099092253189,87.12193346302506,87.46099092253189,2679600
2016-02-10,87.46098327636719,87.49252420191469,86.97999468944644,87.18500769759703,2027200
2016-02-11,87.86315155029297,88.32048609791784,87.76064802030191,88.10758628417386,3743000
2016-02-12,87.19292449951172,87.59505790332238,87.03521981739317,87.47678691150661,3258700
2016-02-16,86.93267822265625,87.0509551785033,86.82228800141655,87.03518170928857,2816800
2016-02-17,86.71980285644531,86.76711124246374,86.47536215844342,86.75133776991284,4856500
2016-02-18,87.12194061279297,87.16136828036404,86.6409519443495,86.6409519443495,3125700
2016-02-19,87.12194061279297,87.23233086301106,86.96424197414353,87.04309129346825,1340000
2016-02-22,87.03521728515625,87.10618589399944,86.97214142996249,87.03521728515625,1012200
2016-02-23,87.20865631103516,87.28750561195349,86.76709541323959,86.80651705579074,2257800
2016-02-24,87.20865631103516,87.83157601517735,87.12192027528016,87.53982698438183,2947700
2016-02-25,87.46888732910156,87.65024618295168,87.28752847525145,87.46100059219913,1983600
2016-02-26,87.0430679321289,87.12980396485239,86.91691025823208,87.01152700970074,2957900
2016-02-29,87.18504333496094,87.23235173471156,87.00368444288544,87.05099885845495,3861600
2016-03-01,86.50358581542969,87.28531436659384,86.46410208052991,87.28531436659384,5901200
2016-03-02,86.35358428955078,86.3851700833636,86.1956613448608,86.28251474737836,3011200
2016-03-03,86.4561767578125,86.55883202630379,86.26666814390812,86.33773161498344,2093000
2016-03-04,86.16405487060547,86.41673513608754,86.01402389209736,86.282494038509,1781200
2016-03-07,85.99031066894531,86.05348222275693,85.91924116481451,86.02978837179936,2349400
2016-03-08,86.48774719238281,86.66146590114064,86.43247360544797,86.49564514033611,1747600
2016-03-09,86.14822387695312,86.32194261828593,86.0534725812227,86.21929337312122,1537800
2016-03-10,85.84032440185547,86.25882562097588,85.70608929843459,86.15617631089653,2798700
2016-03-11,85.59550476074219,85.85608292405847,85.524435250578,85.85608292405847,1785000
2016-03-14,85.65865325927734,85.82447403919032,85.61916953933003,85.70602890371823,2661800
2016-03-15,85.64289093017578,85.91136707743586,85.61920309867065,85.84029755854823,2960800
2016-03-16,86.09294891357422,87.61692781421631,85.4375576814436,85.52441705073176,2052300
2016-03-17,86.1877212524414,86.28247256318105,86.12454969570082,86.1877212524414,2745500
2016-03-18,86.3377456665039,86.4404009517024,86.2350964056766,86.30616591268873,2434600
2016-03-21,86.09294891357422,86.21139405572809,86.06136314070851,86.14822250999667,1725000
2016-03-22,85.911376953125,86.30619025525448,85.887683094524,86.29039434952048,1437700
2016-03-23,86.30615997314453,86.38512140099078,86.00609811320972,86.00609811320972,1405400
2016-03-24,86.21932220458984,86.52727606743306,86.0771891890951,86.44831461979649,1548200
2016-03-28,86.34564208984375,86.47987712648305,86.25089078133182,86.31405631221608,1291400
2016-03-29,86.9299545288086,86.9299545288086,86.48776573850846,86.54303933729598,2981000
2016-03-30,86.81153869628906,86.8747042372995,86.55096050736535,86.73257122737492,2808800
2016-03-31,87.12735748291016,87.20632492736064,86.79571590395082,86.91416104625635,3759100
2016-04-01,87.10205841064453,87.23649812848758,86.92017080028207,87.13369235017649,5489100
2016-04-04,87.20486450195312,87.26022238794349,87.07833477692819,87.1890505489089,3035600
2016-04-05,87.55281829833984,87.59236222518582,87.42628859283376,87.5290943556547,1951500
2016-04-06,87.36305236816406,87.51331210433887,87.25233657315894,87.4421342169451,1646000
2016-04-07,87.81383514404297,87.85337305597713,87.5765835382022,87.6082174878849,2069600
2016-04-08,87.67938995361328,87.69520391069588,87.52913021031485,87.63193601524827,1309500
2016-04-11,87.66356658935547,87.71892448735211,87.44213499736894,87.46585894885915,879600
2016-04-12,87.31563568115234,87.51334339056508,87.25236776608575,87.4184415179652,1363200
2016-04-13,87.37885284423828,87.43421073320057,87.16533128211438,87.18905522973289,1466400
2016-04-14,87.17327117919922,87.3235249101776,87.10209327836992,87.20489909783508,1403900
2016-04-15,87.4342269897461,87.51331487458899,87.23651934475585,87.2681532919813,1657800
2016-04-18,87.34722900390625,87.37095898782631,87.21278926281627,87.37095898782631,1297800
2016-04-19,87.20486450195312,87.29976632088962,87.0941487299724,87.22859448185504,1219600
2016-04-20,86.76200866699219,87.34722151546275,86.73828471866409,87.21278178589854,1939800
2016-04-21,86.61963653564453,86.72244832987973,86.51683077496534,86.57218865126275,1636600
2016-04-22,86.52476501464844,86.66710870768429,86.4694010892798,86.61966081000567,952100
2016-04-25,86.42989349365234,86.5959672273214,86.42198349674625,86.48525140487536,1416300
2016-04-26,86.24797058105469,86.39823030362557,86.20052268279348,86.3903203093961,1127100
2016-04-27,86.72242736816406,86.80150916753746,86.35073627419906,86.4772659464856,1734000
2016-04-28,87.02300262451172,87.046726577872,86.69875917243111,86.73830311707079,2807300
2016-04-29,86.99134063720703,87.07042246743858,86.76990909913597,86.84899092936752,2858500
2016-05-02,86.73876190185547,86.95260263431824,86.73084635058319,86.84964608612854,2226800
2016-05-03,87.25349426269531,87.33269201555923,87.18221809783815,87.22973554107625,2330900
2016-05-04,87.41191101074219,87.42774814710837,87.11887262754834,87.26935261383738,1176900
2016-05-05,87.64954376220703,87.64954376220703,87.22978997194328,87.38027002596425,1257500
2016-05-06,87.44356536865234,87.62571957360211,87.34852445146085,87.58611768083887,1675600
2016-05-09,87.60989379882812,87.61780934448649,87.48317255947923,87.5544547672133,1459900
2016-05-10,87.59402465820312,87.63362654436123,87.49898979926283,87.57026594346806,1506900
2016-05-11,87.72869110107422,87.8237320345871,87.50693496527903,87.55445845323622,1606800
2016-05-12,87.4911117553711,87.5940682512614,87.40399239638602,87.46735302881198,1261500
2016-05-13,87.82374572753906,87.84750445402122,87.50694860883787,87.54655051457644,5007300
2016-05-16,87.50691986083984,87.60988236497364,87.47523955513718,87.60988236497364,1708100
2016-05-17,87.38814544677734,87.57030574654218,87.38022989986747,87.44359052955978,1158700
2016-05-18,86.68326568603516,87.21390334933396,86.58030920571827,87.1980601724227,2946500
2016-05-19,86.77045440673828,86.90509734852768,86.73085851760548,86.77837600152739,1345000
2016-05-20,86.82585906982422,86.91297845075334,86.70706540710633,86.78626319638626,1059400
2016-05-23,86.88124084472656,86.9604446241905,86.77828439078347,86.89708401757936,892300
2016-05-24,86.73876190185547,86.82588130509504,86.61204661503783,86.73084635058319,965200
2016-05-25,86.69910430908203,86.82581950570852,86.65950241128554,86.71494144275988,890300
2016-05-26,86.96839141845703,87.03967363710832,86.78623716199677,86.84167620210235,998200
2016-05-27,86.80213165283203,87.03180955428739,86.69917509386495,87.00012921866532,1995300
2016-05-31,86.90509796142578,86.99221133509484,86.58830063409725,86.58830063409725,1734700
2016-06-01,86.87565612792969,87.16913035176512,86.83600137425846,87.12946954670466,2786400
2016-06-02,87.14537811279297,87.20882695939567,87.01053494170591,87.01053494170591,5038500
2016-06-03,87.95440673828125,87.97027348845003,87.79577554494615,87.8195696188072,1971300
2016-06-06,87.72435760498047,87.89092211707047,87.7005635391662,87.7719517879991,1715700
2016-06-07,87.85128784179688,87.95439750149711,87.84335446754562,87.89094261027012,2672900
2016-06-08,87.95440673828125,87.99406756231109,87.8750911416137,87.91474591425141,1284200
2016-06-09,88.08919525146484,88.2398990379516,88.08126793214676,88.20817160651288,1328400
2016-06-10,88.39856719970703,88.50168290795536,88.25579672407895,88.35097905829478,1878900
2016-06-13,88.57305908203125,88.63651396718274,88.42236129403511,88.55719838643884,1026200
2016-06-14,88.54930114746094,88.80311474025027,88.52550706866715,88.80311474025027,1390600
2016-06-15,88.81896209716797,88.91413839155823,88.54928180981408,88.54928180981408,2377600
2016-06-16,88.91412353515625,89.2551859863157,88.82687457894863,89.0568940042786,3088700
2016-06-17,88.61266326904297,88.83474917375543,88.54920842444311,88.83474917375543,3140900
2016-06-20,88.23198699951172,88.28750850510599,88.16853817268273,88.224059678277,1956500
2016-06-21,88.03372192382812,88.32719628665888,88.01786122512554,88.21615324156446,1494500
2016-06-22,88.2082290649414,88.22409581669069,88.00993702782445,88.03373110405565,1378700
2016-06-23,87.78783416748047,88.02578698718445,87.76404009578839,87.84335568522586,1715000
2016-06-24,89.00135803222656,89.21551672681345,88.90617571781127,89.20758335443132,4390000
2016-06-27,89.77076721191406,89.81835536221693,89.548681108644,89.59626925894689,4493700
2016-06-28,89.75487518310547,89.81039668954305,89.58830461240235,89.74694181036,1799700
2016-06-29,89.3900146484375,89.75487718618763,89.38208732690546,89.68348893266591,2670900
2016-06-30,89.58831787109375,89.78660985934441,89.40589263068223,89.5327963564392,5690800
2016-07-01,89.82502746582031,90.00771433930878,89.65029114057933,89.99183142242107,5292300
2016-07-05,90.3174819946289,90.47634146156223,90.12685669417796,90.15862858756462,2926300
2016-07-06,90.33335876464844,90.42072388481995,90.19038829366235,90.40484097020737,1921600
2016-07-07,90.2142562866211,90.36516525287952,90.00774194452896,90.16659540160232,1323000
2016-07-08,90.38896179199219,90.41278919483013,90.08713186306251,90.22215785238976,2097900
2016-07-11,89.91236114501953,90.21419097877767,89.91236114501953,90.13476430773952,2728800
2016-07-12,89.38019561767578,89.61848169021545,89.26105258140593,89.54699344450692,4116200
2016-07-13,89.61056518554688,89.76941857693001,89.57879329529656,89.64233707579719,3077200
2016-07-14,89.23726654052734,89.34846514327985,89.10224053145205,89.11812344904412,2761900
2016-07-15,88.89572143554688,89.0386919256202,88.80041181541068,88.98309262725107,2811600
2016-07-18,88.87185668945312,89.11808118450816,88.78448553445944,89.03865451447749,4173500
2016-07-19,89.11017608642578,89.18960278616187,89.00691592288699,89.08634868249183,4171900
2016-07-20,88.9275131225586,88.98311243330313,88.84014191140713,88.98311243330313,2213700
2016-07-21,89.12602996826172,89.15780184977973,88.68918023208931,88.70506314291494,1944700
2016-07-22,89.0545654296875,89.21341880889432,88.89570599061271,88.92747787842767,1140000
2016-07-25,88.98310852050781,89.14196801555705,88.96722560093795,89.03076333908753,889100
2016-07-26,89.0386734008789,89.11810008775714,88.87187554047429,89.11810008775714,1694100
2016-07-27,89.4199447631836,89.4199447631836,89.04663260729136,89.1498867113146,1962700
2016-07-28,89.46760559082031,89.54703229617212,89.24520839188757,89.27698028600213,1220200
2016-07-29,89.80915069580078,89.8329781026977,89.56292607803994,89.6344082987307,2386800
2016-08-01,89.49732971191406,89.69617732207668,89.46551943443383,89.52914605774178,2479100
2016-08-02,89.28256225585938,89.46550469714651,89.09961981457225,89.09961981457225,2920500
2016-08-03,89.33028411865234,89.36210045937659,89.09962019966142,89.33823972092003,1148600
2016-08-04,89.5450668334961,89.72005372007365,89.51325048426853,89.52120608866245,1065000
2016-08-05,88.98827362060547,89.37006367346777,88.98032408600722,89.290525849056,2368100
2016-08-08,88.94055938720703,89.07577430656012,88.79738886426038,88.88488229874709,1304000
2016-08-09,89.25870513916016,89.29052148103784,88.99622486992934,89.04394634857249,1817000
2016-08-10,89.49732971191406,89.56096240356949,89.29053256655513,89.30643770529525,1262500
2016-08-11,89.06782531738281,89.48142568157137,88.98033188235969,89.42574859277008,1823600
2016-08-12,89.38597106933594,89.64049575489233,89.36211032824427,89.51323644628772,1377100
2016-08-15,89.12351989746094,89.30645633870486,89.10760868705354,89.25077923897643,1031800
2016-08-16,88.97239685058594,89.12352301299553,88.90080853794757,89.04397909487535,1433500
2016-08-17,89.11557006835938,89.23487988075308,88.8849060492913,88.99626025596567,1733900
2016-08-18,89.27464294433594,89.33827565137652,89.04397893257556,89.17919995212401,1245600
2016-08-19,88.97239685058594,89.11556740751372,88.86104264723645,89.0280739522607,1396700
2016-08-22,89.17120361328125,89.24278582474146,89.07575459632146,89.17120361328125,1084600
2016-08-23,89.16327667236328,89.32235841843199,89.08373883350299,89.23486497518124,939900
2016-08-24,89.1314468383789,89.25871221597978,89.05986461473881,89.23485147476642,1345600
2016-08-25,88.98827362060547,89.14735533777602,88.97236848306193,89.05190630747369,1037700
2016-08-26,88.64627838134766,89.33827037576523,88.5826517464133,89.12351758762107,1988300
2016-08-29,89.01216888427734,89.06784598599877,88.79741001453112,88.80536562001961,1497400
2016-08-30,89.00420379638672,89.08374163775076,88.95647623688964,89.05192528753548,2498400
2016-08-31,88.90081024169922,89.12352472101543,88.90081024169922,89.01217051553186,2008100
2016-09-01,89.04017639160156,89.06407026921362,88.62599559041081,88.67378942240948,1775900
2016-09-02,88.80921936035156,88.94462209287822,88.6578833200121,88.87294043804991,1550100
2016-09-06,89.22335052490234,89.28707157140059,88.7454548297124,88.78528200296718,1284000
2016-09-07,89.2711410522461,89.41451036318718,89.22334723075024,89.35078931904152,836800
2016-09-08,88.83309173583984,89.1835515015463,88.72954956723338,89.10390321209711,1287300
2016-09-09,88.41096496582031,88.53044045815635,88.37113777611631,88.51450715156436,1700700
2016-09-12,88.49060821533203,88.56229593735043,88.28351777889355,88.31537831348221,1446600
2016-09-13,88.1640396118164,88.56228713944876,87.96491584800023,88.5543204873991,1993700
2016-09-14,88.36315155029297,88.48262093117448,88.17995503831764,88.17995503831764,1062100
2016-09-15,88.38709259033203,88.45081367865359,88.14814154751495,88.31540484677593,994100
2016-09-16,88.48263549804688,88.54635656285686,88.37112667301699,88.49060215034193,833600
2016-09-19,88.33131408691406,88.47468345818059,88.33131408691406,88.40299573415943,490400
2016-09-20,88.46670532226562,88.58618079560928,88.402984259579,88.43484479092231,1177800
2016-09-21,88.610107421875,88.64993461996652,88.27558083430435,88.37115638688039,1108300
2016-09-22,88.87295532226562,88.9764975332841,88.73755256706207,88.76144645600652,1012300
2016-09-23,88.9127426147461,88.9684970266618,88.8092004431241,88.83309432297725,952500
2016-09-26,89.16761779785156,89.24727216371865,89.01628787160898,89.03221509871743,764000
2016-09-27,89.3189697265625,89.4225119131665,89.2313547699068,89.4225119131665,1583700
2016-09-28,89.27911376953125,89.44638305235998,89.2472593198986,89.35876812393505,594800
2016-09-29,89.33491516113281,89.47031790279131,89.06410360103895,89.1198580285911,1123900
2016-09-30,89.11188507080078,89.3667633039784,88.98444899260019,89.34286941911431,1774600
2016-10-03,88.90450286865234,89.11187131229838,88.88854817340777,89.08793926943152,3112000
2016-10-04,88.49772644042969,88.8725826030076,88.48974909432977,88.79282739680494,3949600
2016-10-05,88.29833221435547,88.48974591936046,88.20262231938699,88.45784870596961,1490600
2016-10-06,88.11491394042969,88.34620225211032,88.09895924552765,88.20264042265804,1577400
2016-10-07,88.24252319335938,88.30632980463287,88.03515474918721,88.19467127737094,1601100
2016-10-10,88.0112075805664,88.05108822423448,87.875623127986,88.05108822423448,1067000
2016-10-11,87.98728942871094,88.13882858616579,87.89157952638169,87.99526677513815,1942600
2016-10-12,87.98728942871094,87.98728942871094,87.81182431690688,87.91551156566334,1037800
2016-10-13,88.17073822021484,88.28239673848645,88.13883491714682,88.13883491714682,1188400
2016-10-14,87.89958190917969,88.1867056130162,87.87565594801568,87.94743383150771,2105300
2016-10-17,88.09097290039062,88.17073419688751,87.98729173385031,87.98729173385031,1490800
2016-10-18,88.26643371582031,88.26643371582031,87.97133883891833,87.97931010023353,1484400
2016-10-19,88.30632781982422,88.37013442966357,88.13884003269585,88.13884003269585,1264200
2016-10-20,88.22659301757812,88.43395542014441,88.19468970527532,88.43395542014441,979900
2016-10-21,88.32225036621094,88.35415366171605,88.20261452929961,88.35415366171605,571100
2016-10-24,88.2026596069336,88.3781247794208,88.0989784072523,88.3781247794208,900800
2016-10-25,88.18672180175781,88.32230632986638,88.07506323920542,88.09101185459778,735100
2016-10-26,87.99530029296875,88.09898149628543,87.96339698004022,88.05910691882583,1136600
2016-10-27,87.69217681884766,87.732057460757,87.5087404699005,87.69217681884766,3668500
2016-10-28,87.70813751220703,87.77991537063829,87.5725530563266,87.61242761603329,1313200
2016-10-31,87.77992248535156,87.84372908797236,87.70016727454184,87.81182578666197,4413900
2016-11-01,87.78314208984375,87.95086457966981,87.47963902814507,87.52755799853533,2004000
2016-11-02,88.04669189453125,88.19844340706645,87.87896942494677,87.94286544006259,1455900
2016-11-03,87.99077606201172,88.03870111553437,87.86299013735524,87.91889762191597,686600
2016-11-04,88.26229858398438,88.30222900486176,88.07859914888739,88.0945761920036,1699800
2016-11-07,87.89495849609375,87.99079643841502,87.8630104841666,87.93488894090754,2617900
2016-11-08,87.58344268798828,87.94284703423997,87.54350616353449,87.91089903336857,1182200
2016-11-09,86.24967193603516,87.18413455541008,86.18578200375941,87.18413455541008,6381300
2016-11-10,85.73052978515625,86.28162235896815,85.7145588250063,85.9940963285846,5445300
2016-11-11,85.55479431152344,85.97010615524582,85.52284630916658,85.89822772003667,2482900
2016-11-14,85.05964660644531,85.37912067624154,84.88393556338433,85.05964660644531,3753800
2016-11-15,85.05964660644531,85.21139816062725,84.99575057379386,85.05165807899861,1391700
2016-11-16,85.1395034790039,85.1954109775623,84.87593694574566,84.87593694574566,2765700
2016-11-17,84.76410675048828,85.04365028661859,84.70021683034864,84.99572522968981,2499200
2016-11-18,84.38876342773438,84.82803497775795,84.30889033367413,84.74017944906092,4093700
2016-11-21,84.46061706542969,84.57243205208208,84.36477303681632,84.4526285396803,1364300
2016-11-22,84.54046630859375,84.7241658015367,84.46059934823275,84.57241431142985,1744700
2016-11-23,84.23699951171875,84.33283746100236,83.86161796112951,84.06128848008458,4607100
2016-11-25,84.16505432128906,84.30881723510407,84.05323939870587,84.26888681615651,948200
2016-11-28,84.54845428466797,84.58040228729699,84.35677236235225,84.44462784621746,2474800
2016-11-29,84.63631439208984,84.66027387200587,84.34878844617991,84.40469593047024,1745000
2016-11-30,84.06924438476562,84.28488578043688,83.99735985723635,84.09320386278928,3362500
2016-12-01,83.74850463867188,83.82848480051902,83.42857788918809,83.676524323638,3467600
2016-12-02,84.12442779541016,84.23640125530471,83.9244743167276,83.9244743167276,1660400
2016-12-05,84.09244537353516,84.30039872682494,83.74852510167374,83.84450498059903,2281600
2016-12-06,84.12442779541016,84.20440796646399,84.04444762435631,84.116427947676,989400
2016-12-07,84.4044189453125,84.44441210913256,84.26845195168441,84.27645180486844,1237600
2016-12-08,84.08445739746094,84.18843713983608,84.00447720477837,84.13245039474853,1357500
2016-12-09,83.65250396728516,84.14039076587179,83.61251694735948,84.0444170363752,3261000
2016-12-12,83.66857147216797,83.75655153024542,83.47661775549834,83.59658501460521,1538200
2016-12-13,83.71654510498047,83.86851174522411,83.56458456683448,83.81252499914976,1993500
2016-12-14,83.02068328857422,84.06043767261602,83.00468359378067,83.99645109763311,3941000
2016-12-15,82.78878021240234,83.03672069366155,82.72479360365838,83.00472738928958,1999200
2016-12-16,82.89273834228516,83.14867862720304,82.74877155063776,82.93273149078078,1811800
2016-12-19,83.27662658691406,83.31661362119542,83.08466685481842,83.18064672086625,1691800
2016-12-20,83.10073852539062,83.14872544892901,82.92477833628165,82.98076511444349,969400
2016-12-21,83.23664855957031,83.28463545025681,83.13267492905055,83.18066181973707,1870500
2016-12-22,83.20059967041016,83.27269430969994,83.08043582647352,83.14452402481132,1872100
2016-12-23,83.2806625366211,83.37679478296178,83.26464355145619,83.28867508509542,830400
2016-12-27,83.16051483154297,83.16051483154297,83.0723951166431,83.08040766666625,1148800
2016-12-28,83.4649887084961,83.55310848472975,83.14455371417272,83.20062937979512,1369800
2016-12-29,83.7213134765625,83.84147733182394,83.60114962130106,83.60114962130106,1328600
2016-12-30,83.96963500976562,84.08178629467876,83.73731988764936,83.76135143273267,2439500
2017-01-03,83.92958068847656,84.02571298326329,83.54506373290329,83.59312682440324,3230500
2017-01-04,84.02571105957031,84.06576770942776,83.80942104098547,83.8975407812425,1523000
2017-01-05,84.57046508789062,84.658584845438,84.13787885405479,84.19395450778605,3344400
2017-01-06,84.18592834472656,84.41824347599741,84.14587780527172,84.2580290946043,1601400
2017-01-09,84.50639343261719,84.53843754270983,84.40225465865792,84.4903744334654,1275000
2017-01-10,84.46630096435547,84.59447122933535,84.4262443186696,84.46630096435547,1352700
2017-01-11,84.56248474121094,84.85888823056004,84.36221359992403,84.51442162307495,1833700
2017-01-12,84.61053466796875,84.93897608661727,84.58649700259454,84.77074909973064,1544700
2017-01-13,84.42626953125,84.56245238839314,84.15390381696372,84.41025053526346,1833200
2017-01-17,84.850830078125,84.93894982188239,84.69862824855153,84.8908867295736,1656800
2017-01-18,84.25001525878906,84.66658242292549,84.21797116064113,84.59448167414592,3640400
2017-01-19,83.92958068847656,84.02571298326329,83.7613537564399,83.97764989176333,1840000
2017-01-20,83.96963500976562,84.04974219730548,83.69726934977275,83.82543962747921,1306400
2017-01-23,84.41023254394531,84.57044691681388,83.98565284344916,84.12184178335265,1720200
2017-01-24,84.08980560302734,84.33813973788892,83.9776543091036,84.22598844396516,1344000
2017-01-25,83.67322540283203,83.85747742093069,83.56107412634978,83.75333869613608,1816000
2017-01-26,83.78534698486328,83.809384631407,83.45690582350734,83.64115777630508,2212900
2017-01-27,83.8895263671875,83.95361456082246,83.82543817355254,83.83345072570354,2285200
2017-01-30,83.86547088623047,84.07374828841921,83.86547088623047,83.90552141198148,1909300
2017-01-31,84.15388488769531,84.29006771420599,83.94560131599363,83.94560131599363,1411700
2017-02-01,83.99260711669922,84.1209716558401,83.75191518936634,83.88830442503165,2055100
2017-02-02,84.02469635009766,84.32154277782806,84.01667165390096,84.26538214655069,1423500
2017-02-03,84.08890533447266,84.41785066347744,83.93647277905386,84.24134401094335,1711100
2017-02-06,84.49005889892578,84.57029365129662,84.24134830552238,84.43389824489752,1500500
2017-02-07,84.64249420166016,84.79493287981211,84.38575891906592,84.44191957085054,1540600
2017-02-08,84.98745727539062,85.04361791030071,84.64246876921439,84.64246876921439,3182200
2017-02-09,84.48202514648438,84.98747094195421,84.465975750472,84.98747094195421,1530200
2017-02-10,84.42585754394531,84.49003675955167,84.2974868706314,84.2974868706314,1646400
2017-02-13,84.29753112792969,84.30555582948753,84.14509240359975,84.24137045913241,1045200
2017-02-14,83.99260711669922,84.32154622160083,83.80807582293735,84.2573608915054,2318100
2017-02-15,83.83219146728516,83.88835213279503,83.6958021540545,83.70382685514262,2750900
2017-02-16,84.16912841796875,84.24935703407868,83.92041175066159,83.92041175066159,2459800
2017-02-17,84.39378356933594,84.49808017371785,84.33762291758383,84.40180214740626,2237700
2017-02-21,84.3536605834961,84.4659818795286,84.17715394085889,84.19320333803584,2832700
2017-02-22,84.49005889892578,84.57831222969193,84.20925562878448,84.5301762751112,2812800
2017-02-23,84.71469116210938,84.71469116210938,84.58632659189738,84.64248723906228,1842700
2017-02-24,85.10783386230469,85.17201921702335,84.8992345199952,84.9955125520732,2677000
2017-02-27,84.8029556274414,85.04364764466798,84.754819672417,85.03562294514649,3292600
2017-02-28,84.76282501220703,84.97142430475607,84.74677561682972,84.84305362594101,2482500
2017-03-01,84.17232513427734,84.19643231447598,84.07592093133705,84.12412303280719,2249000
2017-03-02,83.93131256103516,84.03575249576484,83.81883689918355,84.00361571674097,2023300
2017-03-03,84.01165771484375,84.0196934425655,83.76260532064828,83.95541987972011,2509000
2017-03-06,83.99559783935547,84.035764221642,83.8991874888313,84.02772849339881,1401700
2017-03-07,83.87513732910156,83.93941093511897,83.83496479297357,83.89923839899097,1596300
2017-03-08,83.59385681152344,83.67419566670723,83.47334546401686,83.48941078326891,2392800
2017-03-09,83.3608627319336,83.53761187594202,83.31265451936507,83.50547511071674,2322900
2017-03-10,83.53763580322266,83.56173685167946,83.35285088261556,83.53763580322266,1333000
2017-03-13,83.32878875732422,83.4894665750647,83.30468769760972,83.40109193646768,1342600
2017-03-14,83.41712188720703,83.50549648182849,83.35284834030729,83.36891366230083,864600
2017-03-15,84.1482162475586,84.1482162475586,83.48942769447167,83.54566551743775,3701900
2017-03-16,83.91519927978516,84.05178205492373,83.89109823989624,83.94733604279065,2749900
2017-03-17,84.14019775390625,84.2125009089194,84.00361491199729,84.01968636608719,1186700
2017-03-20,84.34107971191406,84.36518077264023,84.15629469723667,84.15629469723667,1362700
2017-03-21,84.62223815917969,84.65437493826919,84.28481117293586,84.28481117293586,1407000
2017-03-22,84.78294372558594,84.94362767372182,84.71867014633158,84.78294372558594,2231300
2017-03-23,84.69453430175781,84.87128350738205,84.54992187256192,84.83111100448077,2584700
2017-03-24,84.74275207519531,84.84719201325237,84.63830600767422,84.67044278772194,2540000
2017-03-27,84.95161437988281,85.12836356885437,84.89537655879757,85.09622679545383,2614000
2017-03-28,84.66242218017578,85.04805748015482,84.65439258082789,85.04805748015482,1356800
2017-03-29,84.9034423828125,84.93557916760554,84.8070320284334,84.8070320284334,1860400
2017-03-30,84.66242218017578,84.87130822305882,84.64635685201485,84.86327249424578,1487800
2017-03-31,84.8310775756836,84.86321433944802,84.71860196723854,84.78287549476741,1698500
2017-04-03,85.24872589111328,85.28895898762865,84.9107899797354,84.93492738216115,4175500
2017-04-04,85.12802124023438,85.30503086758262,85.12802124023438,85.22457082993208,1319600
2017-04-05,85.28895568847656,85.36941573968626,84.98320503839629,85.02343199464694,2551100
2017-04-06,85.23262023925781,85.36940291964432,85.12802280226357,85.31308027838472,1496300
2017-04-07,84.97512817382812,85.54640232265577,84.97512817382812,85.44180490567256,1185400
2017-04-10,85.12802124023438,85.22457082993208,85.04755506387646,85.08778815205542,1752500
2017-04-11,85.52229309082031,85.61080098768383,85.31309204926032,85.32918774253096,2219200
2017-04-12,85.78780364990234,85.8360784449082,85.52227999995539,85.58665048576812,2273600
2017-04-13,86.04530334472656,86.1016260007737,85.77977962105756,85.93265803263228,1868200
2017-04-17,85.90849304199219,86.12574190301409,85.8360808474566,86.05332356977092,1110500
2017-04-18,86.3992919921875,86.47171031262732,86.09354143813593,86.14181622595815,1678400
2017-04-19,86.17403411865234,86.2303567720232,86.0855262149683,86.19012981316334,1750000
2017-04-20,85.98094177246094,86.10163494473035,85.86829644866542,86.03726443435869,1694700
2017-04-21,86.02116394042969,86.19013190464243,85.99702039807732,86.06139090026569,2792500
2017-04-24,85.84412384033203,85.84412384033203,85.58664804313683,85.63492283676493,3558000
2017-04-25,85.40164184570312,85.66716566656446,85.36140873149577,85.5706098756936,1985700
2017-04-26,85.62688446044922,85.62688446044922,85.38550432690906,85.40159388032856,1314400
2017-04-27,85.68319702148438,85.78780059187818,85.55446219315525,85.5946891413237,1988200
2017-04-28,85.7717056274414,85.8119387146575,85.50618198471254,85.54641507192864,5489800
2017-05-01,85.58637237548828,85.81200160057212,85.4574440245555,85.67501330647626,2044400
2017-05-02,85.76366424560547,85.81201161435521,85.52997505008832,85.54609493829558,1585300
2017-05-03,85.58637237548828,85.81200160057212,85.53802501238039,85.7797679758551,1861300
2017-05-04,85.39299774169922,85.40911148404649,85.27212315631583,85.29629684380515,1237100
2017-05-05,85.40913391113281,85.43330760496976,85.25603180085268,85.40108011181277,980000
2017-05-08,85.19962310791016,85.32855152229833,85.15126957306856,85.32855152229833,4887400
2017-05-09,85.1028823852539,85.14317595412102,84.99006776994852,85.08676249853288,1457900
2017-05-10,85.07061004638672,85.30429911401235,85.01420276440346,85.28817923462705,995500
2017-05-11,85.13513946533203,85.17542689736283,84.94174380694773,84.94174380694773,1088800
2017-05-12,85.57025909423828,85.64278013928752,85.46549827636449,85.46549827636449,2005600
2017-05-15,85.51387786865234,85.55416530109969,85.4574705448763,85.52999161204384,672200
2017-05-16,85.62664794921875,85.74752247952237,85.50577341891513,85.50577341891513,1314500
2017-05-17,86.31165313720703,86.36000052248305,86.00544278389542,86.06185011603014,5644700
2017-05-18,86.28749084472656,86.42447921973267,86.19884986138402,86.38418562805374,1715200
2017-05-19,86.26323699951172,86.27935073244826,86.0617815241723,86.19876977189914,3503100
2017-05-22,86.16657257080078,86.23103982565627,86.12627899953216,86.16657257080078,1425800
2017-05-23,85.94093322753906,86.2632633160026,85.90063966100547,86.2632633160026,2984700
2017-05-24,86.11824035644531,86.16658773212592,85.86037743958727,85.94095844836724,1776300
2017-05-25,86.16657257080078,86.20686614206942,86.06181789261248,86.16657257080078,1361000
2017-05-26,86.22294616699219,86.28741339663975,86.17459881872321,86.24711984112668,1016600
2017-05-30,86.4405288696289,86.4405288696289,86.30354059620333,86.36800783590985,2335200
2017-05-31,86.48085021972656,86.5453174801479,86.35192184682022,86.40026921816805,1752300
2017-06-01,86.43563079833984,86.4517753542078,86.2742221837241,86.30650513811604,1769300
2017-06-02,86.8149642944336,86.91181317599266,86.68583860969996,86.75847065286041,1803200
2017-06-05,86.66966247558594,86.7503667688107,86.65352407987814,86.67773475211128,1414900
2017-06-06,86.94413757324219,87.02484193433176,86.88764390474468,86.98448667511293,2078900
2017-06-07,86.78269958496094,86.92796985917839,86.70199524536156,86.85533780074287,1795800
2017-06-08,86.6454849243164,86.7019785669032,86.49214239843288,86.7019785669032,3863000
2017-06-09,86.56477355957031,86.62933331917199,86.44371400463197,86.47599696310517,1203400
2017-06-12,86.54863739013672,86.71811832053895,86.45179466267564,86.45179466267564,766700
2017-06-13,86.58092498779297,86.61320795112373,86.46793769480814,86.46793769480814,682300
2017-06-14,87.0328598022461,87.29918958778018,86.92794480673781,87.09742571825642,3712100
2017-06-15,86.8795394897461,86.93603313734988,86.81497356181438,86.91182245371195,2000400
2017-06-16,86.92796325683594,87.0248121514072,86.89568029197886,86.89568029197886,3460300
2017-06-19,86.68584442138672,86.86339148013062,86.68584442138672,86.83110851744658,1105900
2017-06-20,86.90371704101562,86.96828294433134,86.758446837227,86.758446837227,1252000
2017-06-21,86.89568328857422,86.95217693968581,86.79076826718017,86.80690667149227,1159800
2017-06-22,86.97637939453125,87.04901760042759,86.87146438306496,87.02480691757734,1160100
2017-06-23,87.00057220458984,87.03284900124471,86.89565106475789,86.93600629659231,1581000
2017-06-26,87.0732421875,87.17009109171183,87.06516990614571,87.0813144688543,3625000
2017-06-27,86.6454849243164,86.79882745019994,86.56478060024175,86.77461061136682,1755200
2017-06-28,86.56477355957031,86.60512263965326,86.427569446723,86.60512263965326,1530900
2017-06-29,86.24195861816406,86.33073522336458,86.06440540776303,86.112826771565,1997200
2017-06-30,86.04015350341797,86.22577274729095,85.98365988693371,86.22577274729095,1909600
2017-07-03,85.72412872314453,86.04743423967496,85.68371938766562,86.03934990596325,1255300
2017-07-05,85.78884887695312,85.8858424472428,85.65953028311088,85.70802398498373,10477800
2017-07-06,85.62713623046875,85.65138306360454,85.45740223197882,85.62713623046875,1794300
2017-07-07,85.4897689819336,85.58676252838434,85.44935962915262,85.52210016408384,1799900
2017-07-10,85.60295104980469,85.68377594064836,85.53828867051219,85.54636684301582,1247700
2017-07-11,85.71611022949219,85.74035708096758,85.54636993607618,85.5706229540957,1112600
2017-07-12,85.96663665771484,86.08787703567023,85.93430547915729,86.03937718456301,2451700
2017-07-13,85.87773895263672,85.95856382657774,85.71608920475468,85.95856382657774,2095900
2017-07-14,85.99897003173828,86.27377580668036,85.98280135877584,86.23336645735813,1260400
2017-07-17,86.10403442382812,86.16869677709984,85.99896272466765,86.04745640635073,1289200
2017-07-18,86.41928100585938,86.45969653012997,86.30612493775358,86.378871648132,1776100
2017-07-19,86.41928100585938,86.4920277162378,86.36270297180648,86.42736534402215,2466000
2017-07-20,86.4435043334961,86.6132445560136,86.41117932272675,86.56474470677651,2317200
2017-07-21,86.59709167480469,86.70216339531841,86.58092916647284,86.60517601224196,1664200
2017-07-24,86.54051971435547,86.60518208530257,86.47585734340836,86.54860405235964,2342700
2017-07-25,86.05558013916016,86.24147678174471,86.03133328721819,86.24147678174471,2513600
2017-07-26,86.33036804199219,86.41927725829738,86.00706852802017,86.05556222180738,3010400
2017-07-27,86.19294738769531,86.26569407994302,86.09595385354562,86.16061620964541,1853000
2017-07-28,86.33843231201172,86.36267915326958,86.16061392073198,86.18486076198984,1001600
2017-07-31,86.36270141601562,86.37078575403275,86.23338284045715,86.28996087349081,921800
2017-08-01,86.57723236083984,86.6096135544544,86.18867038962753,86.22914224958484,1958300
2017-08-02,86.49625396728516,86.65815988201547,86.48815712752885,86.53673198998753,516100
2017-08-03,86.79579162597656,86.82007597374043,86.60151066778536,86.67436371107695,1576200
2017-08-04,86.5610122680664,86.59339344949177,86.37482201889027,86.59339344949177,1266100
2017-08-07,86.6095962524414,86.61769309324782,86.47198083913187,86.52054953181054,554100
2017-08-08,86.53673553466797,86.58530422303694,86.39912013356962,86.57720738294898,1277800
2017-08-09,86.6419677734375,86.87672672199359,86.6419677734375,86.85244237836352,1268000
2017-08-10,86.96578979492188,86.99817098454743,86.79579318144802,86.81198068822059,1412000
2017-08-11,87.06289672851562,87.1195622424959,86.87670651053595,86.91718452455521,911000
2017-08-14,86.8524169921875,86.98193551238387,86.82003581811905,86.89288882771498,1386100
2017-08-15,86.59342193603516,86.66627498614947,86.4800908518034,86.5043752018415,1146300
2017-08-16,86.75528717041016,86.88481188713855,86.49624391303178,86.51243759066203,2160100
2017-08-17,87.06289672851562,87.09527172843765,86.75527864455597,86.78765982055582,1637300
2017-08-18,87.07910919189453,87.27339012751132,86.9495906268432,87.21672459728644,1235700
2017-08-21,87.1357650756836,87.19243059963527,87.07100271228771,87.10338389398565,718800
2017-08-22,86.96578979492188,87.05483652237204,86.91722109852375,87.05483652237204,984500
2017-08-23,87.26528930664062,87.26528930664062,87.07909905695509,87.15195825938122,1246100
2017-08-24,87.127685546875,87.22482911126944,87.07911685271785,87.127685546875,2520900
2017-08-25,87.27339935302734,87.321974224126,87.07911839687345,87.13578393308835,1007500
2017-08-28,87.35433959960938,87.36243026326102,87.20053052512054,87.23291170796446,921700
2017-08-29,87.55670928955078,87.7752745335015,87.45956574997349,87.75908703161123,1590200
2017-08-30,87.48387908935547,87.53244778720403,87.41911670817032,87.41911670817032,1299900
2017-08-31,87.62150573730469,87.62960258000979,87.48389029172495,87.49198713443005,1023600
2017-09-01,87.36367797851562,87.55014115853446,87.31503030018855,87.5258204120396,3460000
2017-09-05,87.9717025756836,87.97980536589144,87.6636233583768,87.68795028500841,3054800
2017-09-06,87.76089477539062,88.00411450987204,87.6636056445311,87.94736406320435,1601500
2017-09-07,88.1419677734375,88.21493000876694,87.84199748463008,87.84199748463008,4292500
2017-09-08,88.07714080810547,88.10957054198938,87.9636398321814,88.10957054198938,1249100
2017-09-11,87.5744400024414,87.75280034591182,87.5744400024414,87.72037063025032,2206200
2017-09-12,87.36367797851562,87.4366402180002,87.28260676175364,87.4366402180002,3167800
2017-09-13,87.18534088134766,87.3799130906224,87.16912292246033,87.3799130906224,1590900
2017-09-14,87.20153045654297,87.21774841130178,87.07181774515963,87.09613849196042,1377700
2017-09-15,87.30696105957031,87.30696105957031,87.05563215008603,87.2096718508661,1477000
2017-09-18,86.96641540527344,87.03938382749767,86.88534419139762,86.95831261362186,3032500
2017-09-19,86.86912536621094,87.03126778079144,86.84480462255753,86.99073526981464,673300
2017-09-20,86.69890594482422,86.96644040899956,86.56107803773756,86.9502286356982,2397500
2017-09-21,86.58535766601562,86.85289198401193,86.58535766601562,86.73939107690185,2390000
2017-09-22,86.73942565917969,86.87725354590891,86.71510491015042,86.86103558966407,826600
2017-09-25,86.99885559082031,87.06371504385615,86.74753294197878,86.83671314356859,1927000
2017-09-26,86.92589569091797,86.97453718933853,86.84482446510434,86.9177867127352,1061000
2017-09-27,86.47997283935547,86.6096917161806,86.45565209628487,86.49619079162684,4039100
2017-09-28,86.46379089355469,86.52865035433713,86.325969178396,86.3746106813135,1873300
2017-09-29,86.3583755493164,86.56105668495023,86.30973405607224,86.5529538929678,2037800
2017-10-02,86.26012420654297,86.44687231023227,86.26012420654297,86.4062730110788,3221600
2017-10-03,86.38188934326172,86.41436753367938,86.26009767784083,86.28445477200871,2521700
2017-10-04,86.35757446289062,86.46312398740727,86.27638204444824,86.46312398740727,2198300
2017-10-05,86.26827239990234,86.4387783596484,86.21955818128498,86.39006414103103,1779900
2017-10-06,86.16268157958984,86.26010997014522,85.94345531167562,86.04088989681331,2350600
2017-10-09,86.26012420654297,86.29260240694909,86.17893180281936,86.23576710488423,893100
2017-10-10,86.29259490966797,86.49557899863296,86.26823781012541,86.30883710575154,1123100
2017-10-11,86.39006042480469,86.42253863401424,86.29262579717602,86.4144175330656,2841200
2017-10-12,86.47123718261719,86.50371538594194,86.35756656827247,86.44688007876958,1349300
2017-10-13,86.7635269165039,86.81224111976276,86.62549921088163,86.73104871613691,1521700
2017-10-16,86.61735534667969,86.70666882556904,86.52804186779032,86.60923425007655,1666100
2017-10-17,86.5848388671875,86.61731704465655,86.47116834333535,86.4874043347804,673800
2017-10-18,86.36568450927734,86.39816271141434,86.284485906643,86.31696410878001,1788500
2017-10-19,86.45497131347656,86.63359207818463,86.39813602593723,86.6011200806608,1518700
2017-10-20,86.09776306152344,86.23579080524635,86.06528485219127,86.17895548756132,2651400
2017-10-23,86.178955078125,86.23579039554,86.13835576800642,86.13835576800642,709800
2017-10-24,85.91913604736328,86.03280668278609,85.87042183063494,85.96785026409161,1605600
2017-10-25,85.78108215332031,85.85415345613711,85.63493335310355,85.63493335310355,1838800
2017-10-26,85.66744232177734,85.87854140212414,85.65932122035312,85.86230539386106,2062400
2017-10-27,85.94346618652344,85.9515872849581,85.691767886297,85.75672428460804,1315000
2017-10-30,86.25204467773438,86.26015958522665,86.08965360910088,86.13836783239799,1692700
2017-10-31,86.19517517089844,86.26824647686703,86.17893297318314,86.26012537800939,1178000
2017-11-01,86.24722290039062,86.37733672113819,86.13337640932073,86.13337640932073,1321500
2017-11-02,86.36104583740234,86.4830259600423,86.2959951489389,86.34478471632818,1997900
2017-11-03,86.49930572509766,86.5237005123006,86.32040234671916,86.47490473372706,2532400
2017-11-06,86.60502624511719,86.65381582386512,86.52370821248122,86.58063145574322,858400
2017-11-07,86.6375732421875,86.70263016388779,86.57251632048722,86.62130590967767,734800
2017-11-08,86.53181457519531,86.71071170888298,86.50741358935194,86.67818326525807,947800
2017-11-09,86.49930572509766,86.57249008670651,86.38545924870546,86.41798149553095,925900
2017-11-10,86.0601806640625,86.22281671433358,86.02765221317476,86.19842192720968,1862000
2017-11-13,86.01953887939453,86.16591384090003,86.01140521370836,86.12525792080739,868300
2017-11-14,86.14151763916016,86.19844088969414,86.02767113809219,86.04393226502948,1629200
2017-11-15,86.45052337646484,86.48305183251124,86.271619970294,86.4261285854722,1933100
2017-11-16,86.2309799194336,86.3610875633897,86.21471258633298,86.31229797242739,1749200
2017-11-17,86.3448257446289,86.42614379697302,86.27976882108574,86.38548787288582,941200
2017-11-20,86.20655822753906,86.32040470704426,86.15776244763126,86.23908667942166,1153400
2017-11-21,86.22278594970703,86.38542814611436,86.15772907114409,86.34476604597118,835600
2017-11-22,86.49930572509766,86.53996163571337,86.2797402319358,86.31226868292896,1657900
2017-11-24,86.42610931396484,86.47489888507091,86.39358086517173,86.41797565072476,614400
2017-11-27,86.4830551147461,86.5399783639455,86.35294748979125,86.46679398819005,1927500
2017-11-28,86.49930572509766,86.64568065248301,86.42611515932116,86.61315220148987,1388000
2017-11-29,86.22278594970703,86.26344804985021,86.10080585344288,86.2146522888453,3193600
2017-11-30,85.9544906616211,86.20658469005367,85.86503894252724,86.16592256167657,3306400
2017-12-01,86.2721176147461,86.60602893216375,85.92191430316647,86.08479696333482,4341500
2017-12-04,86.23135375976562,86.23135375976562,86.03589341570493,86.04403940899938,2356200
2017-12-05,86.29651641845703,86.32094818678937,86.07662428989318,86.09291006425713,1586000
2017-12-06,86.47572326660156,86.58159637339833,86.45943748616173,86.49200904704139,1459000
2017-12-07,86.32091522216797,86.548953257616,86.2150421953015,86.47565798060933,1953400
2017-12-08,86.25582122802734,86.34540233060228,86.19066568654155,86.30468477735448,2519500
2017-12-11,86.19883728027344,86.3454341959301,86.17440549659345,86.30471662765568,702200
2017-12-12,86.12548828125,86.13363427526139,86.00332322537054,86.1173422872386,2557500
2017-12-13,86.47572326660156,86.50830104105637,86.15809773263612,86.24768505899306,1477800
2017-12-14,86.44315338134766,86.5164549339546,86.21511515292734,86.32098826938658,982100
2017-12-15,86.42682647705078,86.46754401928038,86.26393766741418,86.31280741709153,1845200
2017-12-18,86.23135375976562,86.37795057120422,86.19877600016012,86.35351880489317,1610300
2017-12-19,85.84044647216797,86.02776085217579,85.71828140796927,86.01962107118295,4535100
2017-12-20,85.58798217773438,85.75087102370215,85.54726462642303,85.5961281734263,3027000
2017-12-21,85.6483154296875,85.65647415462881,85.54227689858526,85.59937552660703,2098800
2017-12-22,85.68099212646484,85.68099212646484,85.60757600741405,85.6402047021825,696900
2017-12-26,85.71361541748047,85.81149527232785,85.67282799576954,85.68914545376863,2584800
2017-12-27,86.08068084716797,86.11330954121642,85.83597497673513,85.83597497673513,2291500
2017-12-28,85.97461700439453,86.03987437332245,85.92567086605598,85.9990869619212,1540500
2017-12-29,86.11328125,86.17037989000414,86.02355392666706,86.03171265332051,1849600
2018-01-02,85.8277587890625,86.03168332288055,85.72171404857608,86.00721337454765,3902000
2018-01-03,85.91749572753906,85.982753079275,85.82776842472303,85.93380695383125,2135900
2018-01-04,85.87671661376953,85.88487533934472,85.66463331180402,85.72989066983713,2430000
2018-01-05,85.77069091796875,85.90935815709038,85.69727482336693,85.87672947318791,2163600
2018-01-08,85.72987365722656,85.82775967485131,85.65646381147023,85.81144222693904,2450600
2018-01-09,85.32202911376953,85.58305228467277,85.30571788827451,85.58305228467277,5924200
2018-01-10,85.29761505126953,85.33840247665611,85.02028047316041,85.0692204049944,2142500
2018-01-11,85.35467529296875,85.42809138096105,85.17522065930379,85.2567892500739,1798700
2018-01-12,85.29761505126953,85.33024374692133,85.15894776221496,85.17525899839718,1430700
2018-01-16,85.3383560180664,85.45255327903446,85.22415875709835,85.43623582844818,5927500
2018-01-17,85.1507797241211,85.34654565334407,85.09368106879413,85.20787837944808,2186100
2018-01-18,84.88160705566406,85.00396310867313,84.81635588757494,84.92239448109622,3326100
2018-01-19,84.6613540649414,84.83265001529332,84.6124141429226,84.83265001529332,2921600
2018-01-22,84.62869262695312,84.79182978607714,84.56343527399004,84.72657865639776,8047400
2018-01-23,84.87345123291016,84.92239116288658,84.75109518468196,84.8245050796466,1780100
2018-01-24,84.71028900146484,84.79185760779096,84.6124091631878,84.72660645670152,1952200
2018-01-25,84.89788818359375,84.90604068656147,84.52266767868343,84.6205475005737,3342000
2018-01-26,84.64500427246094,84.79998893069437,84.5552831907973,84.79998893069437,3324500
2018-01-29,84.43296813964844,84.46559683210883,84.2698246773465,84.42480941071166,2328200
2018-01-30,84.2371826171875,84.40848478124207,84.1964014255487,84.35953863867543,2346900
2018-01-31,84.26162719726562,84.41660562462468,84.03322647195124,84.37582444828111,2966400
2018-02-01,83.82698059082031,84.2354941475333,83.80247077476508,84.2354941475333,8958300
2018-02-02,83.51654815673828,83.63910352271408,83.42667463725101,83.57373982973701,5753500
2018-02-05,84.20283508300781,84.40709191659433,83.41031757134434,83.54104493688315,6902000
2018-02-06,83.83518981933594,84.18651188338772,83.83518981933594,84.11297616915947,5382900
2018-02-07,83.59007263183594,83.96590449381624,83.49203333166467,83.94956668826252,4773700
2018-02-08,83.66356658935547,83.76977785601272,83.24688107129474,83.36126435336296,5685300
2018-02-09,83.51654815673828,83.99859136723828,83.42667463725101,83.42667463725101,4376900
2018-02-12,83.49201965332031,83.63091279475798,83.40214615393747,83.51652947434772,2836300
2018-02-13,83.63091278076172,83.65542260178503,83.48384762119836,83.55737708426832,2698100
2018-02-14,83.12433624267578,83.38578466796216,83.03446276210026,83.38578466796216,4141900
2018-02-15,83.14885711669922,83.30409428259715,83.12434729754122,83.1406913325952,3057300
2018-02-16,83.34494018554688,83.48383330314016,83.30408633523243,83.41029761925864,2277800
2018-02-20,83.25506591796875,83.30408555114678,83.10800078501231,83.18153023477936,2138300
2018-02-21,83.00996398925781,83.33677612269808,82.90375269509448,83.33677612269808,2253900
2018-02-22,83.12433624267578,83.23055375613166,83.09165441033721,83.14068027555614,4411800
2018-02-23,83.44300079345703,83.508364477308,83.32045167801641,83.34496150110454,4484700
2018-02-26,83.54100799560547,83.70441089684945,83.50015415358392,83.630881461316,2725600
2018-02-27,83.27957916259766,83.60639127522258,83.12434200658075,83.57370944061782,3308900
2018-02-28,83.47566986083984,83.4920138960134,83.31226690964243,83.3776305834906,2521400
2018-03-01,83.83493041992188,83.9658615695504,83.49124551685824,83.59762863671664,5352600
2018-03-02,83.52397155761719,83.73673153700743,83.47487550204264,83.72854678003156,2140800
2018-03-05,83.41755676269531,83.75305672848282,83.31935845305293,83.75305672848282,2059300
2018-03-06,83.40937805175781,83.58940517757489,83.40119329791032,83.44211082400982,2331300
2018-03-07,83.40937805175781,83.64668596823142,83.40119329791032,83.59758993142238,1258100
2018-03-08,83.58118438720703,83.66301316098713,83.48298611278977,83.52390362124744,1636700
2018-03-09,83.40120697021484,83.4666725254509,83.27846061493197,83.37665894778607,1604500
2018-03-12,83.59756469726562,83.60574320550647,83.41753762579022,83.46663364777949,1885700
2018-03-13,83.73672485351562,83.77763614884894,83.57306094276285,83.72854009719303,1742100
2018-03-14,83.9003677368164,84.00675082084462,83.67124454527676,83.68760781189872,2598900
2018-03-15,83.86764526367188,83.97402836076937,83.78581643423192,83.88401477544356,2758000
2018-03-16,83.76946258544922,83.78582585592146,83.66307947638897,83.761277828643,3595300
2018-03-19,83.68760681152344,83.84308593669766,83.58122997190556,83.58941472668805,2825000
2018-03-20,83.52397155761719,83.59762188411933,83.49942352982991,83.54033482842858,2600600
2018-03-21,83.58118438720703,83.64664990348521,83.2047670333104,83.41752683964685,3365600
2018-03-22,83.92496490478516,84.09680739907085,83.7858552060504,83.8922321092342,5026500
2018-03-23,84.0394287109375,84.08034621851685,83.84303840945383,83.84303840945383,2519000
2018-03-26,83.81037139892578,83.99858334104871,83.78582337237496,83.89220023514183,4184900
2018-03-27,84.28494262695312,84.3258601449005,83.8921556813231,83.90034043353991,3495900
2018-03-28,84.26862335205078,84.49774658862536,84.19497302992897,84.45682904931992,2762500
2018-03-29,84.44044494628906,84.53863702737219,84.29315058152595,84.29315058152595,2572100
2018-04-02,84.52655029296875,84.70687708568204,84.3380185842839,84.37900564166011,2748800
2018-04-03,84.25601196289062,84.42814626793907,84.22322358282271,84.39535788787117,4229600
2018-04-04,84.20686340332031,84.42817723276752,84.16587634976703,84.42817723276752,2216900
2018-04-05,83.99371337890625,84.10846958528147,83.96092499797844,84.07568120435366,1789300
2018-04-06,84.36258697509766,84.39537536195441,84.14947184114682,84.26422806827276,2651200
2018-04-09,84.37894439697266,84.37894439697266,84.14123339497145,84.21500254020852,2071100
2018-04-10,84.23140716552734,84.32157363114005,84.16583041712846,84.27238794296943,1622400
2018-04-11,84.3133544921875,84.42811064713672,84.23138670347254,84.39532228090246,2520600
2018-04-12,84.01013946533203,84.20686983291345,83.98554973282106,84.19867117082752,2188600
2018-04-13,84.0838851928711,84.12486598132035,83.9363405962156,83.9363405962156,2937700
2018-04-16,84.04290771484375,84.05930503508517,83.86257471466001,83.87897203490144,1637400
2018-04-17,84.09207153320312,84.14945588963357,83.96912292297836,84.00191130361968,1301800
2018-04-18,83.76421356201172,84.01831573523202,83.76421356201172,83.91995057765715,2127600
2018-04-19,83.53467559814453,83.62483581453293,83.43631047061639,83.567457720244,3181500
2018-04-20,83.25592803955078,83.477241627752,83.25592803955078,83.42806222009384,2309400
2018-04-23,83.17398071289062,83.22316013263304,83.06741696512728,83.18217936742805,5022800
2018-04-24,83.07565307617188,83.15762089727995,83.00188391329777,83.05926201344782,3178800
2018-04-25,82.89533996582031,82.99370512694874,82.83796185193175,82.94452567325722,3295800
2018-04-26,83.13300323486328,83.16579160303495,83.04283678582668,83.09202246495505,1989500
2018-04-27,83.2723617553711,83.32154744196902,83.19859260608831,83.20679126281176,2409300
2018-04-30,83.36251068115234,83.45267712491372,83.29694020238705,83.31333125864302,3504400
2018-05-01,83.23196411132812,83.35515031563561,83.19911403914541,83.35515031563561,1894000
2018-05-02,83.24842071533203,83.36339287448723,83.19093463575443,83.2648426242773,3852600
2018-05-03,83.46192169189453,83.57689383015618,83.40443562276371,83.4208637942363,6026900
2018-05-04,83.4701156616211,83.59330185593159,83.34692946731059,83.56045178641477,2370500
2018-05-07,83.4290771484375,83.4865694868935,83.38801924805583,83.46192722805006,1854900
2018-05-08,83.28945922851562,83.37158128514737,83.20733717188386,83.29767331383219,1654600
2018-05-09,83.1005859375,83.19092208685419,83.07594994504191,83.1005859375,2838400
2018-05-10,83.27301788330078,83.338718019473,83.19089584584042,83.2976538679879,4183700
2018-05-11,83.28125,83.33052198004336,83.19091385957972,83.33052198004336,2816300
2018-05-14,83.1005859375,83.17449391487426,83.09237185151004,83.14985792241617,4762000
2018-05-15,82.64067840576172,82.78029278409005,82.52570628161664,82.78029278409005,6812500
2018-05-16,82.46821594238281,82.69816017874707,82.46821594238281,82.53391608577562,4784200
2018-05-17,82.41898345947266,82.55037754370652,82.39434746027341,82.50110554530801,1702300
2018-05-18,82.73920440673828,82.7884763696603,82.57496035332554,82.57496035332554,2642300
2018-05-21,82.79669952392578,82.80491360714913,82.64887735345398,82.69814932177468,2845100
2018-05-22,82.76387786865234,82.80494203335635,82.68996989079935,82.79672794731319,1977000
2018-05-23,83.14163970947266,83.19091795745459,83.00203158213212,83.01845348778508,5102500
2018-05-24,83.35514068603516,83.47011279263717,83.29765463273415,83.33050470112185,2994100
2018-05-25,83.68363189697266,83.69184598013221,83.56865979477729,83.60971767955583,2838400
2018-05-29,84.58699798583984,84.7512420776664,83.96285915898004,84.05319528913779,11256200
2018-05-30,84.22570037841797,84.35710073747681,84.07787810723374,84.23391446723764,4512200
2018-05-31,84.18460845947266,84.37348856743029,84.04499406799054,84.23388044145962,5321700
2018-06-01,83.87352752685547,84.00518093227015,83.74186784356155,83.80769768520851,7891000
2018-06-04,83.57735443115234,83.79129841813553,83.57735443115234,83.78306811305218,3131800
2018-06-05,83.79124450683594,83.90644359235007,83.70073004280636,83.79946852874458,4305500
2018-06-06,83.4538803100586,83.59376403220635,83.40451106174291,83.56907940804852,3910500
2018-06-07,83.80773162841797,84.03812988961735,83.42921930246445,83.45390393360984,4400400
2018-06-08,83.69253540039062,83.81596483828008,83.66785076838914,83.71722003239212,7342800
2018-06-11,83.61023712158203,83.63492174942677,83.52795293613927,83.54440726207545,1875800
2018-06-12,83.56088256835938,83.60202152937865,83.47859209055675,83.49505269727008,1664800
2018-06-13,83.46216583251953,83.6431948999595,83.23999779022404,83.58559531285442,3294700
2018-06-14,83.72544860839844,83.73367891152314,83.55264991007091,83.61847977930478,3626400
2018-06-15,83.79124450683594,84.01341237807625,83.76655988535138,83.90644359235007,5826500
2018-06-18,83.83243560791016,83.91472610122965,83.76661200229108,83.89826549141246,4600500
2018-06-19,84.05460357666016,84.16157242089785,84.00522802880351,84.07928821164711,4172800
2018-06-20,83.78306579589844,84.03814874547685,83.77483549104274,84.0216944136486,3059000
2018-06-21,84.0052261352539,84.07105601232374,83.91471790163615,83.91471790163615,2680500
2018-06-22,84.02169036865234,84.0628356130669,83.89003060883209,83.89826091329158,2309500
2018-06-25,84.13688659667969,84.26031604775257,84.10397165786807,84.11220196204165,8110800
2018-06-26,84.17805480957031,84.22742409231793,84.1039946075645,84.15336389031212,3873200
2018-06-27,84.49893951416016,84.53185445097287,84.32614080430514,84.39196440004828,3044200
2018-06-28,84.41665649414062,84.51540131330607,84.35083289257983,84.49071667798542,3705600
2018-06-29,84.350830078125,84.49071385886322,84.34259977399844,84.4084296512456,2721200
2018-07-02,84.29313659667969,84.45801063166353,84.26840612038623,84.43328015537008,3911500
2018-07-03,84.50743103027344,84.50743103027344,84.31782033455843,84.32606591859938,1463800
2018-07-05,84.51571655273438,84.61464474672357,84.4662556005104,84.48274677761253,1682300
2018-07-06,84.58988189697266,84.67231888231,84.51568420749186,84.61461236361997,3206500
2018-07-09,84.37560272216797,84.44980046618642,84.35911782879911,84.39209390508027,2258800
2018-07-10,84.30957794189453,84.38377562199607,84.26011701485218,84.29309306272643,4461100
2018-07-11,84.48274230957031,84.50747278437439,84.35083805789408,84.46625113334034,2198700
2018-07-12,84.44976043701172,84.48273649766222,84.35907784260796,84.37556272816298,1385900
2018-07-13,84.58988189697266,84.61461236361997,84.48271444498798,84.540420963678,2891800
2018-07-16,84.44976043701172,84.48273649766222,84.3013713088547,84.40853878881347,1782600
2018-07-17,84.40027618408203,84.49920434608717,84.37554571596554,84.49920434608717,1034700
2018-07-18,84.3343505859375,84.45800295616729,84.30961382235084,84.44151806998354,1355300
2018-07-19,84.56514739990234,84.63933879630831,84.37553668207846,84.39202785208325,4201700
2018-07-20,84.26844024658203,84.4662904265943,84.23546416832268,84.4662904265943,3362700
2018-07-23,83.85615539550781,84.17766393886257,83.83966422995603,84.16941835608668,5285700
2018-07-24,83.91386413574219,83.95507947164815,83.78195996595434,83.83966646785228,3293800
2018-07-25,83.85615539550781,84.07049652092326,83.8066944779261,84.01279002056566,2403800
2018-07-26,83.7655029296875,83.97984413206241,83.74901175821454,83.9386224929191,2598200
2018-07-27,83.89739227294922,83.95509878812433,83.82320087752626,83.95509878812433,1435100
2018-07-30,83.7902603149414,83.88918850694256,83.72430818694063,83.73255377532601,3832700
2018-07-31,83.90565490722656,83.94687655052995,83.84794838032565,83.9221460803638,3053600
2018-08-01,83.70743560791016,83.76526207126017,83.58353976337429,83.64135992479935,5366800
2018-08-02,83.80654907226562,83.82307271761138,83.69090876254228,83.76525256274971,3370800
2018-08-03,84.02127838134766,84.04605753742469,83.8643353236309,83.8725971429638,2174800
2018-08-06,84.06256866455078,84.21124989195171,84.0543131477494,84.07909230199601,3867200
2018-08-07,83.88911437988281,84.01301646204222,83.87259704315835,84.01301646204222,2181400
2018-08-08,83.96347045898438,84.0130287783447,83.90565031908979,83.91390583770144,2777900
2018-08-09,84.19474029541016,84.19474029541016,84.07910003034908,84.09561736739131,4318000
2018-08-10,84.55821228027344,84.6655907608385,84.39300734641505,84.41778651101285,4327800
2018-08-13,84.53340148925781,84.63252441987763,84.44254668025877,84.50862233208335,1764700
2018-08-14,84.45083618164062,84.52517998500244,84.40953967037251,84.51691816197902,2487600
2018-08-15,84.6573486328125,84.81429178100726,84.60779029208797,84.63256946245023,4810700
2018-08-16,84.63252258300781,84.68208089628112,84.48384134126607,84.67382537868346,2594400
2018-08-17,84.66556549072266,84.78120575894647,84.58296619940879,84.70686828734058,3043400
2018-08-20,84.92990112304688,84.96294210544963,84.81426083559872,84.83077817583859,2901100
2018-08-21,84.81428527832031,84.85558809370762,84.75646511793298,84.85558809370762,2516700
2018-08-22,84.97122192382812,85.0455594235371,84.88861629936346,85.0455594235371,2396500
2018-08-23,84.96294403076172,85.03728151641019,84.93816486887889,85.00424683518187,871000
2018-08-24,84.98771667480469,85.00424031607479,84.78121527238716,84.81425625300469,1296600
2018-08-27,84.7977523803711,84.89686903604169,84.78122873647688,84.87208987212404,1851900
2018-08-28,84.60775756835938,84.68209505069467,84.57471658668051,84.64906037093868,1506300
2018-08-29,84.5829849243164,84.64080507122848,84.50038561471678,84.63254324969152,1420400
2018-08-30,84.73993682861328,84.81428063185261,84.67386115030824,84.6986403174132,2780900
2018-08-31,84.75643157958984,84.9381538123063,84.74816975939663,84.9298919921131,2132200
2018-09-04,84.562744140625,84.68689546568058,84.52136457533894,84.63723746149783,3419500
2018-09-05,84.55447387695312,84.61241032130746,84.46342999088218,84.54619543787426,1332300
2018-09-06,84.72830963134766,84.79451822082824,84.59587982318487,84.60415826484525,1656700
2018-09-07,84.3475570678711,84.45515151745715,84.31444962616796,84.43032251482951,4405000
2018-09-10,84.3972396850586,84.43034713641653,84.33102478234272,84.33102478234272,3110800
2018-09-11,84.09100341796875,84.25654068051057,84.09100341796875,84.23170535517862,3360500
2018-09-12,84.19032287597656,84.26480990560438,84.19032287597656,84.22343032734472,1398800
2018-09-13,84.18203735351562,84.306188707053,84.16548678652404,84.306188707053,1281600
2018-09-14,84.02476501464844,84.10753678007191,83.97510700707366,84.0164928897854,3749900
2018-09-17,84.04130554199219,84.07441297880015,83.90887579476026,83.93371110831468,3808400
2018-09-18,83.6937026977539,83.94199904870321,83.6688673795198,83.93372692389093,4972900
2018-09-19,83.55300903320312,83.65233137963489,83.42886399341369,83.64405293878218,5515900
2018-09-20,83.561279296875,83.64404475350206,83.42885582919162,83.45368483471978,2973500
2018-09-21,83.59442901611328,83.64408705228165,83.51166351763175,83.51166351763175,1024100
2018-09-24,83.5033950805664,83.60271747940885,83.4620091690645,83.4702876142856,2389800
2018-09-25,83.42059326171875,83.43714383035343,83.32954934772603,83.40403637848328,2878300
2018-09-26,83.6937026977539,83.71025326197756,83.46195059642916,83.50333647888692,2502900
2018-09-27,83.6937026977539,83.71853170138893,83.58610192920337,83.6357662510725,6342800
2018-09-28,83.73512268066406,83.84272350114853,83.70201522163823,83.83444505774153,3931000
2018-10-01,83.52278137207031,83.67206273710629,83.52278137207031,83.62230439121375,6408000
2018-10-02,83.73838806152344,83.79644155799281,83.64716023459206,83.64716023459206,2915000
2018-10-03,83.11637115478516,83.58909422020193,83.00855301509084,83.58079905698953,6612700
2018-10-04,82.9007339477539,83.04172007324827,82.83438530257241,82.9173242727268,6427500
2018-10-05,82.70169830322266,82.85927476124212,82.60217533068057,82.78463094999671,5676600
2018-10-08,82.73486328125,82.81779591865556,82.71827295735609,82.7846215982224,1947800
2018-10-09,82.89248657226562,82.89248657226562,82.73491635831517,82.75979553276215,3066300
2018-10-10,82.93397521972656,82.95885439991486,82.66029158293503,82.69346593230614,3001900
2018-10-11,83.27398681640625,83.39009384660933,83.00859208753222,83.11641027797694,5821500
2018-10-12,83.17447662353516,83.37351637353586,83.13300710891187,83.17447662353516,2647900
2018-10-15,83.22423553466797,83.29887939601616,83.14959800067938,83.2574098811161,1860000
2018-10-16,83.2159423828125,83.22423755146545,83.09983533111019,83.15788885696134,2703900
2018-10-17,82.97541809082031,83.28226965107775,82.97541809082031,83.1993369679638,3336200
2018-10-18,83.12468719482422,83.26567336806568,82.8924668580441,82.93393635716558,2587700
2018-10-19,83.02519989013672,83.1330117759063,82.95885119395855,83.11642776554172,5531900
2018-10-22,83.04179382324219,83.14961204925498,83.03350498074941,83.11643769720187,1690100
2018-10-23,83.25739288330078,83.5891299526951,83.21592337686711,83.47302292751084,4420100
2018-10-24,83.70526885986328,83.73014804225623,83.4315851988194,83.4896387335232,4881200
2018-10-25,83.50621032714844,83.61402220243555,83.43156646936558,83.55596868076414,3559900
2018-10-26,83.87939453125,84.01209188522972,83.79646184869172,83.8213410207234,4220800
2018-10-29,83.8711166381836,83.96234450599366,83.63890254825229,83.77159992956126,3766900
2018-10-30,83.68863677978516,83.8130326203016,83.6554624465284,83.71351594788844,5746600
2018-10-31,83.48133850097656,83.54768086918591,83.39011062640884,83.43986898440583,3956700
2018-11-01,83.5528564453125,83.58610215100553,83.38663425781735,83.41156695184462,4834300
2018-11-02,83.08735656738281,83.37824831152852,83.05411089077124,83.35331563931095,5250900
2018-11-05,83.13725280761719,83.27854222999957,83.13725280761719,83.24530288199992,2446700
2018-11-06,83.04580688476562,83.19540927524558,83.037500220436,83.19540927524558,2456700
2018-11-07,83.04580688476562,83.25358763037862,83.037500220436,83.18709626995083,3297600
2018-11-08,82.9294662475586,83.12893402653687,82.9045335678071,83.11231435369133,2188900
2018-11-09,83.25357818603516,83.29513686682937,83.04579746399295,83.05411046834469,2772700
2018-11-12,83.50292205810547,83.53616773632733,83.38656535481137,83.42811769686512,3704900
2018-11-13,83.56942749023438,83.59436016785901,83.40319907112709,83.46137743257319,3265000
2018-11-14,83.74393463134766,83.91015665402504,83.4364169143344,83.46966258706261,4626400
2018-11-15,83.80216979980469,83.9933246214098,83.7024327139881,83.95177225804557,2621300
2018-11-16,84.05976104736328,84.09300672089695,83.92678469419245,83.99326970029593,7226700
2018-11-19,84.1844711303711,84.20940381224332,83.99331000107253,83.99331000107253,3447800
2018-11-20,84.16783142089844,84.29250115094248,84.13459207778817,84.20939011123508,3658600
2018-11-21,84.15122985839844,84.15122985839844,84.00162741834481,84.09305148398687,1897000
2018-11-23,84.20103454589844,84.33401721498744,84.20103454589844,84.3257042129287,531200
2018-11-26,84.13459014892578,84.13459014892578,84.05147277015803,84.10134446561183,2345600
2018-11-27,84.21771240234375,84.27589077064958,84.10135566573209,84.10966233194252,2334400
2018-11-28,84.20940399169922,84.32576073466217,84.08473424110551,84.15122562021774,3582500
2018-11-29,84.42547607421875,84.55014579272543,84.32573903122034,84.43378273874465,4313000
2018-11-30,84.59172821044922,84.62497390326746,84.49199747296201,84.55017585015206,3069700
2018-12-03,84.77659606933594,84.77659606933594,84.46011239342747,84.48509711070962,6008500
2018-12-04,85.16804504394531,85.33461407133346,84.90153078760362,84.92651550629172,7748800
2018-12-06,85.38458251953125,85.75937235811429,85.36792815866582,85.49285810486016,9429900
2018-12-07,85.63443756103516,85.66775263507986,85.25132374082193,85.35959296581676,7319100
2018-12-10,85.68441009521484,85.81767039621529,85.54282579105254,85.65109501996473,9045700
2018-12-11,85.46784210205078,85.65939577579212,85.36789691083875,85.48449645682011,5290100
2018-12-12,85.23466491699219,85.36792521612642,85.20968019945472,85.32627978409678,3727200
2018-12-13,85.2846450805664,85.36792959469662,85.23466928872739,85.33461451820432,4116000
2018-12-14,85.41790008544922,85.55116039306141,85.38458500854617,85.42623044322528,3530000
2018-12-17,85.66777038574219,85.7260701888502,85.49287097641816,85.50120133520558,7627000
2018-12-18,85.87891387939453,85.9206393653793,85.69530391237842,85.75372468666656,4461400
2018-12-19,86.17935180664062,86.36296174470601,85.7787477265538,85.97070530745465,7710900
2018-12-20,86.07087707519531,86.35463970927518,86.03749286133957,86.33794441865345,9245200
2018-12-21,86.14598846435547,86.15433610921247,86.01245161619309,86.12929317464148,4918800
2018-12-24,86.36293029785156,86.37127157026394,86.17932042664302,86.27946663465967,6373000
2018-12-26,85.95404052734375,86.4798339670263,85.92065631153945,86.3546447496072,5477700
2018-12-27,86.17103576660156,86.48817626941502,86.15434684219588,86.32126155580545,4602100
2018-12-28,86.63835906982422,86.64670671157917,86.2878345247368,86.31287108261661,4543100
2018-12-31,86.96385955810547,87.34777472540055,86.48814578785,86.53822527819358,7227500
2019-01-02,87.14749145507812,87.15583910013618,86.9471925453975,87.0556864616021,18668600
2019-01-03,87.84014892578125,87.89856967274675,87.16413651555423,87.18082542866557,10616700
2019-01-04,87.13079833984375,87.2893653839918,87.02229806147237,87.2559875401407,6616700
2019-01-07,86.8887939453125,87.27270293994756,86.85540972394564,87.2309710713917,5459200
2019-01-08,86.67176818847656,86.87206707648807,86.67176818847656,86.79695738125382,6879500
2019-01-09,86.72183227539062,86.78859431460616,86.60498438014558,86.66340514407524,3248700
2019-01-10,86.68009948730469,86.91378254048347,86.62167872401,86.85536177718878,14413000
2019-01-11,86.93883514404297,87.01395120636086,86.8553778049906,86.91379857906594,3825700
2019-01-14,86.8887939453125,87.03901975776876,86.83872079695679,86.97225131503505,3090100
2019-01-15,86.8052749633789,87.03895797969537,86.77189076570733,87.03895797969537,4148000
2019-01-16,86.75518035888672,86.79691219054712,86.63833887109782,86.70510725480105,4820800
2019-01-17,86.59664154052734,86.75520854410871,86.52987313513225,86.71348306627597,5328100
2019-01-18,86.32124328613281,86.56327402681323,86.25447486786508,86.4714690435418,6617500
2019-01-22,86.62169647216797,86.72184910150185,86.52154384283409,86.56327569690328,5814400
2019-01-23,86.57997131347656,86.67177630561865,86.44644083142553,86.47147739884839,3507300
2019-01-24,86.85538482666016,86.9471898172556,86.78027512565696,86.84703718186402,6030700
2019-01-25,86.65507507324219,86.7468800523428,86.57161773789251,86.70514820097469,2763300
2019-01-28,86.68009948730469,86.78025209611802,86.62167872401,86.62167872401,3116100
2019-01-29,86.93048858642578,86.93048858642578,86.73853098761832,86.74687863123249,2836700
2019-01-30,87.13079833984375,87.1558349064257,86.76357838360933,86.83869445074238,5788300
2019-01-31,87.5313949584961,87.57312681382754,87.30605949491279,87.33109606115681,10206500
2019-02-01,87.06304168701172,87.3892139599855,87.05467649569225,87.37248995811797,9191900
2019-02-04,86.87069702148438,86.95432980205894,86.82051224852192,86.95432980205894,7283500
2019-02-05,87.021240234375,87.12996221311312,86.9710554604578,86.97942065290604,3331100
2019-02-06,87.08815002441406,87.22196759185647,87.03797162700957,87.21360239869811,3489800
2019-02-07,87.37251281738281,87.43942160390108,87.27214963760541,87.33069323061562,6937400
2019-02-08,87.48957061767578,87.58993376374353,87.47284023627903,87.50629461830161,2602700
2019-02-11,87.35575103759766,87.43102499057301,87.28884865589497,87.35575103759766,2637200
2019-02-12,87.23863983154297,87.30554857556172,87.16337228009864,87.29718338736711,3305300
2019-02-13,87.021240234375,87.12159702066488,86.97942065290604,87.03796423849923,3772100
2019-02-14,87.43102264404297,87.4979314047207,87.32230069351961,87.48956621444333,10568700
2019-02-15,87.34736633300781,87.37245551630477,87.2637272143261,87.27209240234804,6879000
2019-02-19,87.49793243408203,87.56483481477622,87.43938886299293,87.50629124368712,8557400
2019-02-20,87.48123168945312,87.56486447923126,87.41432290532147,87.49796207587246,4751100
2019-02-21,87.22193908691406,87.26375227749526,87.1633955154838,87.23030427733859,4140200
2019-02-22,87.48123168945312,87.58159486565059,87.36414450760917,87.39759889967499,3351000
2019-02-25,87.34736633300781,87.39754469960172,87.28045759036999,87.33900114498586,2849600
2019-02-26,87.60669708251953,87.64015147955655,87.48124468882418,87.60669708251953,2647700
2019-02-27,87.29721069335938,87.4644826057278,87.23030830918303,87.45611741491662,2530600
2019-02-28,87.0714340209961,87.27215400983366,87.0296144321338,87.26378881590652,4949900
2019-03-01,86.7856674194336,87.02029019639127,86.7856674194336,86.92811604930202,9003000
2019-03-04,87.05381774902344,87.10409223705781,86.8610946162304,86.91975031660112,3506600
2019-03-05,87.10403442382812,87.11241563060165,86.89454900540335,86.95320466684278,2112200
2019-03-06,87.34705352783203,87.38895317602804,87.13756807282947,87.13756807282947,2401600
2019-03-07,87.64035034179688,87.70738723583182,87.50628294671708,87.51466415671896,4822900
2019-03-08,87.76605987548828,87.84147799409523,87.63199245450785,87.7241666033656,5212000
2019-03-11,87.69901275634766,87.75766844060647,87.62359465202057,87.75766844060647,4654100
2019-03-12,87.94204711914062,87.98394679385862,87.73256153153619,87.76607999271204,4942800
2019-03-13,87.90853118896484,87.9336684354942,87.81635702302886,87.84986908973967,1715000
2019-03-14,87.78282165527344,87.90851425670279,87.69064750709134,87.86661459189591,2514700
2019-03-15,88.05936431884766,88.12640124560107,87.95881532171074,88.05098949774838,7846600
2019-03-18,87.94204711914062,88.05098371621031,87.93367229859125,87.97556558031647,4166200
2019-03-19,87.88339233398438,87.97556650493848,87.77446212876262,87.7995993766605,2138000
2019-03-20,88.49503326416016,88.52017049507029,87.992269466992,88.00902548993591,8061700
2019-03-21,88.4531478881836,88.61235890028593,88.38611739260486,88.59560287463863,4633500
2019-03-22,89.10675811767578,89.2492131305868,88.85537932834428,88.8972725967375,4721900
2019-03-25,89.33300018310547,89.54248569026161,89.03134054136139,89.10675225530224,7828800
2019-03-26,89.25762176513672,89.40007683201908,89.10679187719722,89.14869155445554,7483700
2019-03-27,89.51734161376953,89.72682710492242,89.45030472228305,89.50057919440299,3555900
2019-03-28,89.52571868896484,89.5843807652378,89.37489526880013,89.49220663536602,3769600
2019-03-29,89.38325500488281,89.39163621336344,89.19053196075097,89.21566919320391,2748900
2019-04-01,88.76866912841797,89.11292567166231,88.73508203047736,89.08773694972784,9430400
2019-04-02,88.91978454589844,88.93657488742332,88.8022329369775,88.8526103676344,7318600
2019-04-03,88.64270782470703,88.74346910569768,88.60072235610681,88.64270782470703,5207300
2019-04-04,88.7350845336914,88.7686716325795,88.62593126686816,88.68470708840131,2293700
2019-04-05,88.77708435058594,88.8358601816142,88.65952628244428,88.66792466004406,1749900
2019-04-08,88.63429260253906,88.80222803893636,88.63429260253906,88.76024257831656,3591500
2019-04-09,88.79383850097656,88.90299174093462,88.76864978453105,88.8526143080436,3210600
2019-04-10,89.00374603271484,89.0625218351724,88.92817988930454,88.9365718567399,2059800
2019-04-11,88.80226135253906,88.89462427568647,88.76867425265962,88.86103717580703,1547500
2019-04-12,88.39080047607422,88.54193918195232,88.39080047607422,88.49156174868713,6032100
2019-04-15,88.50837707519531,88.51676904511262,88.40761578143245,88.40761578143245,2410700
2019-04-16,88.20609283447266,88.37402190511314,88.18929608375856,88.32364446513768,5003600
2019-04-17,88.2228775024414,88.31524040717565,88.1641016908908,88.1641016908908,2348800
2019-04-18,88.43276977539062,88.55032136890894,88.40758106336261,88.44116814809377,4893200
2019-04-22,88.30682373046875,88.3907882429844,88.26484467725176,88.38239627599,3630000
2019-04-23,88.46638488769531,88.49157360770351,88.39921069695116,88.43279779232323,2462100
2019-04-24,88.80226135253906,88.81065332294571,88.70150005290073,88.71829680588259,3266700
2019-04-25,88.69306945800781,88.82741780872259,88.65948237032912,88.77704038024552,1457600
2019-04-26,88.92819213867188,88.9953599178168,88.87780829670957,88.97856957455129,2156100
2019-04-29,88.74346160888672,88.81062938445658,88.67628742723431,88.76865032548574,2715000
2019-04-30,88.91978454589844,88.94497326122689,88.68468132805657,88.6930732957779,3621900
2019-05-01,88.87940979003906,89.27484174136474,88.80369205583614,88.9298882795077,6870700
2019-05-02,88.62699127197266,88.82050281759767,88.56809757007498,88.78684835666584,3126200
2019-05-03,88.74482727050781,88.86261473028145,88.70275756961647,88.72799682257723,2625200
2019-05-06,88.97196197509766,89.11498864765782,88.95513795082783,89.08133418018485,3370100
2019-05-07,89.27485656738281,89.34216551047444,89.14865390381952,89.19072359798533,3965800
2019-05-08,89.1065673828125,89.3926206879263,89.06449769962167,89.35896622516012,4226600
2019-05-09,89.34217834472656,89.54409878407378,89.22439088686276,89.43472655003883,4224100
2019-05-10,89.28326416015625,89.53566304677955,89.22437044471747,89.38422114723214,2855400
2019-05-13,89.72916412353516,89.8048818549704,89.6197855084405,89.66185519408195,5653400
2019-05-14,89.64505004882812,89.70394376976843,89.55250185607417,89.66187407526786,2573200
2019-05-15,89.93108367919922,89.99839260804336,89.80488104234965,89.97315336446,5512300
2019-05-16,89.7544174194336,89.78807188942919,89.64504520614827,89.72917817167034,3898400
2019-05-17,89.79645538330078,89.94789723530413,89.70390722824699,89.94789723530413,2128400
2019-05-20,89.64505004882812,89.88903373634216,89.62821960345423,89.81331598896212,2439600
2019-05-21,89.54405212402344,89.61976984222265,89.46832798689253,89.5861218023108,2675300
2019-05-22,89.81330108642578,89.85537077394582,89.66185919785997,89.68709844279874,3561900
2019-05-23,90.36014556884766,90.494756971093,90.03202265339404,90.03202265339404,6184500
2019-05-24,90.3349380493164,90.3349380493164,90.21715062389664,90.30128358220601,2422800
2019-05-28,90.73033905029297,90.73033905029297,90.46952502441107,90.5452491596574,7039000
2019-05-29,90.69670104980469,91.06688729098069,90.6798706094731,90.94068466422269,5251800
2019-05-30,91.02479553222656,91.06685878202296,90.62936375434516,90.74715112406342,3461100
2019-05-31,91.63058471679688,91.66423275710422,91.2772161042521,91.33610980318761,6020600
2019-06-03,92.07148742675781,92.17264224089371,91.69213757921351,91.78486711317913,23830900
2019-06-04,91.73426818847656,91.87757509589535,91.5488091640475,91.68369079327229,5503200
2019-06-05,91.73426818847656,91.995593305712,91.68369079327229,91.85228639829322,7712300
2019-06-06,91.71741485595703,91.97030827356743,91.65840574869691,91.81014437186727,2392400
2019-06-07,92.07992553710938,92.2400894811249,92.00405298972346,92.22323248810139,2805900
2019-06-10,91.62472534179688,91.78488931342181,91.61629362807562,91.76803231749244,6071200
2019-06-11,91.62472534179688,91.69215975702747,91.53199578540253,91.56571620877439,2735800
2019-06-12,91.8607177734375,91.87757476127418,91.68369045935725,91.69211573752057,2062800
2019-06-13,92.08834075927734,92.16421329837587,91.92817683275612,91.9450338239384,1684700
2019-06-14,92.15579986572266,92.20637728081259,92.0124929019594,92.0209246149786,3880700
2019-06-17,92.13890838623047,92.20634277060742,92.0293154525363,92.13890838623047,3038800
2019-06-18,92.31594848632812,92.56041665413535,92.23165067055244,92.51826453049198,4564900
2019-06-19,92.56881713867188,92.64468965460495,92.06302394798574,92.12203304637397,4541500
2019-06-20,92.72056579589844,92.96503392473981,92.70370880803458,92.76271791282318,4575000
2019-06-21,92.3412094116211,92.53509368643356,92.26533689818773,92.50137971547333,4305200
2019-06-24,92.66158294677734,92.67844637092952,92.4845555822508,92.50984428696718,3046300
2019-06-25,92.80487823486328,92.92290289456469,92.68686000667294,92.75430083178487,5251000
2019-06-26,92.42554473876953,92.68686992465257,92.3918243226053,92.68686992465257,6675000
2019-06-27,92.70369720458984,92.75427459336088,92.45922910634779,92.53509518950433,2538400
2019-06-28,92.74590301513672,92.82177557899334,92.56887560815582,92.61945946123139,4341500
2019-07-01,92.62936401367188,92.78136796498555,92.46891360874179,92.73914213965982,8183600
2019-07-02,92.95870208740234,93.01781437545772,92.71380648181402,92.73069294579147,3117100
2019-07-03,93.13599395751953,93.22888557141002,93.05998879944865,93.06843524873499,2607000
2019-07-05,92.54489135742188,92.59556362486256,92.33377516422463,92.59556362486256,3664100
2019-07-08,92.45199584960938,92.73911074781655,92.45199584960938,92.67999847802365,3254100
2019-07-09,92.39285278320312,92.46885148642441,92.33373409036162,92.46040503848246,2061800
2019-07-10,92.44357299804688,92.57024402072686,92.33378843843818,92.47735236694527,4343700
2019-07-11,91.98756408691406,92.3844636305589,91.94533826376868,92.32535134380899,4769800
2019-07-12,92.08887481689453,92.19020645390579,91.95375737720732,91.97909028646015,4141900
2019-07-15,92.2831039428711,92.2831039428711,92.10576712408657,92.16487939701474,1753200
2019-07-16,92.0804672241211,92.11424659829777,91.9031303417612,91.98757555582445,2766100
2019-07-17,92.5111083984375,92.51954840646609,92.23243350739291,92.24087995817573,2624400
2019-07-18,92.73912048339844,92.79823275939684,92.38444682740806,92.40977973958525,2386700
2019-07-19,92.57023620605469,92.66312785199447,92.4773445601149,92.54489684945314,1728100
2019-07-22,92.6124496459961,92.7222341893008,92.57867028211425,92.71378773764162,1629800
2019-07-23,92.46044921875,92.60401313135371,92.40133694041499,92.51112148786225,2329800
2019-07-24,92.59557342529297,92.68001862295867,92.51956823746491,92.58712697269972,2268500
2019-07-25,92.43513488769531,92.49424717791359,92.24091155244514,92.48580072423772,3172000
2019-07-26,92.418212890625,92.4773251581161,92.3168748137457,92.46887870768767,3004100
2019-07-29,92.50265502929688,92.6039931028487,92.4857621289947,92.5702137449981,2505600
2019-07-30,92.54489135742188,92.61245008550617,92.42666680465182,92.57867072146402,2514800
2019-07-31,92.78136444091797,92.88269610944066,92.37601843855879,92.51957593080336,6669300
2019-08-01,93.83373260498047,93.83373260498047,92.87780164688503,92.92009570720735,16938700
2019-08-02,94.02830505371094,94.07059911363652,93.7660534839023,93.85065451205803,8503000
2019-08-05,94.84038543701172,94.91651858594578,94.54430132312986,94.59505675575257,7626200
2019-08-06,94.99266052246094,95.00112191282244,94.56968136248247,94.64581451328671,6462400
2019-08-07,94.99266052246094,95.82169606169485,94.89114320057219,95.65250697936338,9665300
2019-08-08,95.00114440917969,95.09420036274267,94.45973147253217,94.7388928790698,5178800
2019-08-09,94.85733032226562,95.2549318752501,94.79811348166058,95.06881996073383,2869000
2019-08-12,95.45796203613281,95.57640217387065,95.17880061290931,95.2041783373704,4739900
2019-08-13,95.11957550048828,95.50025424260781,94.87424676177638,95.47487652035333,5888000
2019-08-14,95.75405883789062,95.83865340956798,95.59332463379715,95.66945781206115,8124300
2019-08-15,96.36312866210938,96.58307320875332,95.83017071611282,95.88092615700748,5240200
2019-08-16,96.1093521118164,96.16010755987342,95.73712828166074,96.02475754700419,4957800
2019-08-19,95.65250396728516,95.81323810834343,95.60174853501395,95.62712625114956,3691400
2019-08-20,96.07550811767578,96.15164774004757,95.98245216486096,96.03320761034131,3161800
2019-08-21,95.82171630859375,96.07550643986598,95.77096086399976,95.82171630859375,4921700
2019-08-22,95.6102523803711,95.90634309781717,95.593336045677,95.63563656364155,5860400
2019-08-23,96.25314331054688,96.38849974915169,95.60175819867432,95.7032690734777,8192600
2019-08-26,96.16011810302734,96.38006915897618,96.08398492259447,96.21088001080157,7581600
2019-08-27,96.57464599609375,96.60002372382654,96.27855529480453,96.27855529480453,3266900
2019-08-28,96.60845947265625,96.76919365523788,96.54078769686247,96.73535454026538,2505400
2019-08-29,96.4223861694336,96.52389709404436,96.17705734470194,96.52389709404436,4232400
2019-08-30,96.4477310180664,96.48157013278414,96.21931860725947,96.2531577219772,3651100
2019-09-03,96.65957641601562,96.97310590539112,96.34604692664013,96.49857391269774,11754000
2019-09-04,96.8121109008789,96.85448202553675,96.55789708278368,96.55789708278368,3447000
2019-09-05,96.03252410888672,96.27826239055987,95.82068143140215,96.25283583872434,4597800
2019-09-06,96.09183502197266,96.20199088141415,95.98167269760603,96.04098838575531,3111000
2019-09-09,95.49866485595703,95.70203845645312,95.49019580462986,95.63424725628776,4818700
2019-09-10,94.80381774902344,95.43934568124813,94.80381774902344,95.35460991660305,4797200
2019-09-11,94.71062469482422,94.88010272165364,94.69368012460411,94.71910021239711,4737000
2019-09-12,94.49878692626953,95.0411101754123,94.35473544466453,94.99026353225534,8612500
2019-09-13,93.63446807861328,94.23610053663047,93.63446807861328,94.14288923673371,24187700
2019-09-16,94.04117584228516,94.14285615922795,93.8462777932723,93.97338465437429,5388300
2019-09-17,94.28694152832031,94.38015282902312,94.00731409113773,94.0920498740696,8211700
2019-09-18,94.32081604003906,94.73603227391786,94.22760476018256,94.5411341983294,5170400
2019-09-19,94.3631820678711,94.55807366802958,94.32928647112091,94.54960461753507,7131900
2019-09-20,94.90550231933594,94.9224468858977,94.46487247456284,94.51571263917243,9915000
2019-09-23,95.04110717773438,95.31226556129018,94.95636493012096,95.02415614224137,13163900
2019-09-24,95.5156478881836,95.60038368431621,95.08348692350233,95.09196244259365,10459100
2019-09-25,94.8885726928711,95.49020510686658,94.82078148610181,95.40546286594233,8430900
2019-09-26,95.09195709228516,95.2699041936296,95.04111691045146,95.11737718320201,4233000
2019-09-27,95.22750854492188,95.32071983089992,95.06651252226193,95.1004081230653,4545500
2019-09-30,95.30377960205078,95.33767520439739,95.04956581691386,95.08346141926046,2797900
2019-10-01,95.56771087646484,95.77987611569422,94.88877952102311,94.92272673627212,8555100
2019-10-02,95.89869689941406,96.05145614461631,95.65258442243433,95.66956126899562,3908600
2019-10-03,96.3993911743164,96.64550361905732,96.01749634872095,96.0344731930584,6128300
2019-10-04,96.58610534667969,96.6539997799275,96.3315109341547,96.39091694455415,4707600
2019-10-07,96.26360321044922,96.47576842897928,96.23814442018859,96.37392679316814,3193100
2019-10-08,96.46728515625,96.6370212249949,96.30604398440357,96.59458558911643,4304900
2019-10-09,96.22116088867188,96.36543814806801,96.0684016829575,96.36543814806801,3336800
2019-10-10,95.61861419677734,95.96656824509212,95.52526098746208,95.94959140261572,3924400
2019-10-11,94.96516418457031,95.20278822107453,94.81240495042198,95.16035258251189,8685300
2019-10-14,95.2282485961914,95.2961430291117,95.18581943169335,95.26219581265156,1932200
2019-10-15,94.76998138427734,95.2537179415737,94.74452258780441,95.18582997590262,6638500
2019-10-16,94.95668029785156,95.06700389870727,94.83786827392397,94.91424465726185,2755500
2019-10-17,94.92276000976562,95.12643689788577,94.81243637761128,94.88033083190851,3188700
2019-10-18,95.00761413574219,95.15189145356094,94.93972616386543,94.98215533694206,2406400
2019-10-21,94.65963745117188,94.8718026759213,94.63417866016496,94.76147908996838,1735300
2019-10-22,94.88027954101562,94.92270869593615,94.62567871242028,94.88876148713891,3334400
2019-10-23,94.91424560546875,95.10944048945393,94.87181643922484,95.06700484844026,3305600
2019-10-24,94.89728546142578,95.10945073982056,94.86333823991016,94.9566914803855,2645400
2019-10-25,94.69356536865234,94.98210690762718,94.557776544593,94.96513654200352,2381000
2019-10-28,94.33715057373047,94.38806815678777,94.24379735494612,94.36260936525912,5837600
2019-10-29,94.42200469970703,94.49838106566162,94.32865149147261,94.45595190949848,2199500
2019-10-30,94.88027954101562,94.88876148713891,94.46443108932536,94.49837829812262,5276700
2019-10-31,95.48287963867188,95.54228566754699,95.10946661444453,95.14341384162624,5540700
2019-11-01,95.30268096923828,95.5491615311777,95.09019839699258,95.34518007746881,8149400
2019-11-04,94.8182144165039,94.92870949649199,94.76722067771128,94.87770927324631,4145200
2019-11-05,94.3082504272461,94.48673498394533,94.21475759024375,94.45273699917607,6853500
2019-11-06,94.5802230834961,94.67371591581545,94.32524793717694,94.50373248493601,4129800
2019-11-07,93.82377624511719,94.09575359751953,93.47530830193836,94.09575359751953,5890100
2019-11-08,93.69630432128906,94.03627770140508,93.69630432128906,93.73880342547339,3037300
2019-11-11,93.79827117919922,93.93425660128317,93.696277249298,93.90875973992061,1563000
2019-11-12,93.8407974243164,93.91728803053692,93.64531062322027,93.78979720238317,4446200
2019-11-13,94.09574890136719,94.22323969741673,94.02775294554726,94.18924171950677,2475200
2019-11-14,94.57173156738281,94.68222664467874,94.46124297453979,94.5037420788002,3189600
2019-11-15,94.4952163696289,94.58870918710895,94.4102246676792,94.41871929875833,2104500
2019-11-18,94.65670013427734,94.75868757744048,94.62270215840601,94.6481990191968,1893600
2019-11-19,94.83518981933594,94.86918779706251,94.67370104624753,94.67370104624753,8306500
2019-11-20,95.18365478515625,95.20915164654599,94.95417654819758,95.02217250153757,3838000
2019-11-21,94.94572448730469,95.04771847001058,94.82673474970832,94.9542256069771,3034700
2019-11-22,94.92868041992188,95.03066786626846,94.85218335071086,94.9966698893359,1879700
2019-11-25,94.97118377685547,95.00518175763601,94.92019004791057,94.93718579607493,3573100
2019-11-26,95.1496810913086,95.1836790766551,95.06468937016868,95.11568959041476,3579300
2019-11-27,94.90315246582031,94.99663876619267,94.86065338746556,94.95414617228687,2351800
2019-11-29,94.82669830322266,94.87769203274907,94.7162097277648,94.86919740079591,2882300
2019-12-02,94.4862289428711,94.57985602739973,94.31599492838099,94.36706837960985,6826400
2019-12-03,95.32890319824219,95.47359729637849,94.962908042284,94.97142136975266,6561900
2019-12-04,94.96287536621094,95.20970982773856,94.80966799332357,95.13310289441291,2072200
2019-12-05,94.74160766601562,94.83523478754587,94.59691356683842,94.60542689436832,3062000
2019-12-06,94.45223999023438,94.63949427398146,94.33307935398943,94.37563301335254,2717400
2019-12-09,94.52880096435547,94.66498820243933,94.51178080647745,94.65647487661785,1928500
2019-12-10,94.41813659667969,94.63943757158731,94.40111644188545,94.60539076823507,1707000
2019-12-11,94.8096694946289,94.87776310449354,94.54581487360853,94.56283502919267,2462600
2019-12-12,94.06065368652344,94.73306343307154,93.89041967196232,94.7160367847336,5490400
2019-12-13,94.6139144897461,94.6734947787189,94.03513175668262,94.3160065511176,4162000
2019-12-16,94.17134857177734,94.3756229988399,94.11176825997714,94.3756229988399,3028500
2019-12-17,94.17984008789062,94.32453416964135,94.12025978988942,94.28197403088386,3471400
2019-12-18,93.92449188232422,94.14579291423581,93.82235793972305,94.12025942858551,2249500
2019-12-19,93.99773406982422,94.11706328222698,93.82726562437865,93.86136061405864,1962500
2019-12-20,93.99773406982422,94.01478481614139,93.82726562437865,93.85283524090005,4660500
2019-12-23,93.91256713867188,94.08303570626401,93.8358517311841,94.02337105731085,1809400
2019-12-24,94.07452392578125,94.10861894246318,93.79324491537488,93.79324491537488,857600
2019-12-26,94.21085357666016,94.21085357666016,93.98923932300457,94.10857507724717,1285100
2019-12-27,94.34723663330078,94.38133163519407,94.28757200572672,94.28757200572672,1771100
2019-12-30,94.28763580322266,94.28763580322266,93.96373631755591,94.02340098550067,2035400
2019-12-31,93.9466781616211,94.17681141738188,93.93815278090104,94.1341975197018,2801600
2020-01-02,94.38136291503906,94.56887573316253,94.29612213057705,94.34726790184602,4022300
2020-01-03,95.0120620727539,95.0291063202776,94.64554897291305,94.73930859168321,3839600
2020-01-06,94.90982818603516,95.18258181397893,94.83311927643821,95.17406293710779,2714300
2020-01-07,94.77344512939453,94.97800870411987,94.77344512939453,94.89277442323088,2038800
2020-01-08,94.5517807006836,94.96943300782759,94.43245147007103,94.85862915167458,5081100
2020-01-09,94.61996459960938,94.64553421838677,94.29606542054917,94.33868578714812,3680600
2020-01-10,94.82457733154297,94.88424197401527,94.68819728991582,94.68819728991582,2600000
2020-01-13,94.7137680053711,94.73081225812005,94.59443872725457,94.70524262751765,2672600
2020-01-14,94.9012451171875,94.91829586648377,94.74782739125389,94.76487163759468,2376300
2020-01-15,95.13995361328125,95.13995361328125,94.97800393565186,95.0802889693586,2734800
2020-01-16,94.94393157958984,95.04621663770348,94.86722266322464,94.99507085716665,2200500
2020-01-17,94.86720275878906,94.86720275878906,94.68820231890695,94.72229733112457,2627000
2020-01-21,95.24224090576172,95.27633592013383,95.07177233686016,95.08029771619296,2355600
2020-01-22,95.25928497314453,95.31042423963102,95.19109494919014,95.24223421567663,1787600
2020-01-23,95.49789428710938,95.66836275609285,95.45527391838588,95.48936891277363,1891300
2020-01-24,95.83887481689453,95.9837737219007,95.60021626677666,95.61726051908889,7932600
2020-01-27,96.48666381835938,96.4951891962918,96.34176490829789,96.47814494338493,3824600
2020-01-28,96.16278076171875,96.41849010201364,96.12868574948219,96.39291396561723,1923600
2020-01-29,96.6230697631836,96.66569016131656,96.29065146721757,96.29065146721757,2429500
2020-01-30,96.71680450439453,97.02365308356316,96.65713986416498,96.78499452264491,4405500
2020-01-31,97.20264434814453,97.27083436453158,96.90432115514854,96.9298907855542,9764500
2020-02-03,97.11985778808594,97.16252892149758,96.718711366189,96.96622738207635,5722100
2020-02-04,96.55653381347656,96.65895624377241,96.41144025432773,96.65041941332433,2569600
2020-02-05,96.13833618164062,96.33464424424365,96.12126902961613,96.19808098126853,9027500
2020-02-06,96.20659637451172,96.27487799078344,96.07003314196827,96.11271078006143,1697100
2020-02-07,96.66751098632812,96.7528597715426,96.5224108885991,96.59922935347858,6177900
2020-02-10,96.85525512695312,96.9747446951669,96.76136953597187,96.87232227454378,1909100
2020-02-11,96.62479400634766,96.76135721645812,96.56504922984739,96.7272164139305,1657100
2020-02-12,96.37735748291016,96.43710230863779,96.30054549770217,96.42003514915744,1473800
2020-02-13,96.46265411376953,96.56507655033006,96.39437900108996,96.4285198132768,1868000
2020-02-14,96.70164489746094,96.7613896940143,96.62482643806695,96.67603440319998,2043600
2020-02-18,96.85525512695312,97.00034867239941,96.74429587668814,96.82964463802753,8356600
2020-02-19,96.83818817138672,96.88086581085736,96.70163144612903,96.75283940413897,1681800
2020-02-20,97.11985778808594,97.24788421170966,96.97476421343644,96.98329453310213,3452900
2020-02-21,97.5124740600586,97.75145326096042,97.36738047546746,97.37591079571763,5381000
2020-02-24,98.27205657958984,98.4000829693444,98.16963416544768,98.3232645308146,6803600
2020-02-25,98.54520416259766,98.75857936817535,98.22087619432959,98.2464801771278,10014300
2020-02-26,98.4939956665039,98.82686046447671,98.22940598506041,98.33182842739608,19649400
2020-02-27,98.97193145751953,99.29625935003644,98.64760356500263,99.1255618301208,8629700
2020-02-28,100.08151245117188,100.2436731862699,99.65476202209163,99.76571478944237,13437000
2020-03-02,100.01315307617188,100.78222339121298,99.95333685830639,100.4489606746083,19402100
2020-03-03,101.17532348632812,101.93584692374239,100.00462695527868,100.11571889703411,11462300
2020-03-04,100.95308685302734,101.611071520342,100.8761831103283,101.32053105803419,7627100
2020-03-05,101.85035705566406,101.96144243535758,101.61963274159903,101.68799598424627,5284200
2020-03-06,102.88431549072266,103.66192610316949,102.61940958407371,103.37993916692835,11614800
2020-03-09,103.80722045898438,105.45644635319698,103.78157935101487,105.31971985527262,24791700
2020-03-10,101.9016342163086,104.04648385629443,101.9016342163086,103.29450116717976,15072900
2020-03-11,100.8847427368164,103.04667972861711,100.4916638764415,102.7732332814225,13316100
2020-03-12,100.9360580444336,103.20053426804833,97.75723777346032,102.67073523587285,10671600
2020-03-13,100.27803802490234,101.67091142707366,99.98750401431313,100.66257638650775,8697200
2020-03-16,102.92706298828125,103.1236057081353,101.68801001189412,102.5681656940906,6971700
2020-03-17,100.34640502929688,102.79033570190649,100.33785799352465,102.46562005682085,5680300
2020-03-18,98.95352935791016,100.66257127069287,98.56044398082992,99.63714221133674,13256300
2020-03-19,99.27826690673828,100.51731995944456,99.05608958353973,99.24408527859397,6702900
2020-03-20,101.80765533447266,102.4399991975652,100.32933730810282,100.52587353336432,9641600
2020-03-23,103.01248168945312,103.44828258922252,102.07250362451654,102.07250362451654,12234700
2020-03-24,102.3117904663086,102.51687365733757,101.91016459924724,102.1323353397465,5235500
2020-03-25,102.37162780761719,102.76470672137259,102.02981807233643,102.33744618214126,5527600
2020-03-26,102.61941528320312,102.96977199360933,102.46560777460799,102.70487259172573,3384400
2020-03-27,103.37995147705078,103.7303016902409,103.12359257414856,103.23467795501807,5282300
2020-03-30,103.61923217773438,104.32847974802038,103.5508689238942,104.07212732533779,4649400
2020-03-31,103.80722045898438,104.08920745186641,103.66194692507018,103.78157935101487,6356500
2020-04-01,104.22984313964844,104.59772349493748,104.14429093481223,104.48649975415707,9256400
2020-04-02,104.24693298339844,104.56348326661245,104.09293643037726,104.52070390796791,4789400
2020-04-03,104.32398223876953,104.62341830459502,104.22131564739364,104.40953446797444,3441100
2020-04-06,103.8533935546875,104.03305512216026,103.75928418212357,103.97316793300267,4697500
2020-04-07,103.39141845703125,103.42564064526601,102.89520651844971,103.13476183609305,9340600
2020-04-08,103.26309967041016,103.40854562022275,103.05777304279022,103.17754745283649,3341000
2020-04-09,103.48553466796875,103.6138662505091,103.11765427920132,103.21176367124987,4543600
2020-04-13,103.26309967041016,103.53687068297533,103.23743465785964,103.39143126037854,2103100
2020-04-14,103.3999252319336,103.56247891500554,103.34859523821058,103.38281088255138,2180100
2020-04-15,104.32398223876953,104.40097728688893,103.93043676265364,103.96465243256225,3137400
2020-04-16,104.4351806640625,104.58917725976673,104.36673628214606,104.46940285502072,1901600
2020-04-17,104.161376953125,104.63192377201217,104.06726758934757,104.34959568067987,2375000
2020-04-20,104.4351806640625,104.44373784360593,104.19563185457048,104.35818562981814,4230700
2020-04-21,104.72608947753906,104.96563834067926,104.63198006313156,104.8629717448119,3287700
2020-04-22,104.40089416503906,104.58911283576401,104.21267549431411,104.48644632612908,3168700
2020-04-23,104.46940612792969,104.49507114014853,104.26407950296324,104.34963171943129,2345900
2020-04-24,104.49506378173828,104.50362096094722,104.2726228128128,104.28117999202173,2373500
2020-04-27,103.93898010253906,104.27263834201098,103.91331508830527,104.24697332777717,2508100
2020-04-28,104.39241027832031,104.45229748584764,104.15286144821101,104.16141862849094,2847600
2020-04-29,104.34107971191406,104.55496352729448,104.12719589653365,104.40096691913195,2600100
2020-04-30,104.09298706054688,104.59775632377153,104.09298706054688,104.41809467906282,5371500
2020-05-01,104.23683166503906,104.40812279681276,104.11693113984175,104.30534811774855,8357700
2020-05-04,104.25397491455078,104.33105103131831,104.09981614692647,104.21115049362044,3580500
2020-05-05,104.17688751220703,104.21114574057094,103.94565263836178,104.01416256100066,3487600
2020-05-06,103.7915267944336,103.86860293212978,103.5003350280356,103.62023559829035,3279500
2020-05-07,104.42529296875,104.46811740339342,103.85148213543968,103.88574037633614,3252800
2020-05-08,104.08265686035156,104.468056946834,104.00558076350762,104.15973949128308,3486800
2020-05-11,103.7915267944336,104.12553645929913,103.70587792931646,104.06558617417176,4569400
2020-05-12,104.13407897949219,104.1683372130824,103.72299324458955,103.74011909433968,4267700
2020-05-13,104.3481674194336,104.47663413648908,104.18544900964604,104.26252511942614,2615800
2020-05-14,104.5108642578125,104.66502297000436,104.46804638636786,104.52799663365987,2257600
2020-05-15,104.4423828125,104.68219041609439,104.36530669762575,104.6564918437139,1828900
2020-05-18,103.80009460449219,104.20262077942307,103.68019402482233,104.19406111951204,3091200
2020-05-19,104.09126281738281,104.10838866741746,103.7743790519763,103.7743790519763,1941700
2020-05-20,104.1169204711914,104.23682098410275,103.86855325613566,103.94563589105745,2366700
2020-05-21,104.18546295166016,104.35674757459621,104.14263852888138,104.21972118306527,2063800
2020-05-22,104.38245391845703,104.38245391845703,104.21973546459685,104.23686131560146,1352400
2020-05-26,104.10834503173828,104.16829528286726,103.96275249815179,104.05696096908125,3484800
2020-05-27,104.19403839111328,104.3481906449843,104.03987960315214,104.04843926119602,2542900
2020-05-28,104.09978485107422,104.15116891347148,103.94562612979514,104.00557638062105,3873900
2020-05-29,104.43383026123047,104.47664814993301,104.16833060128069,104.27110529552797,2993800
2020-06-01,104.39268493652344,104.39268493652344,104.15264366892426,104.26409607219102,8531700
2020-06-02,104.22122192382812,104.366960320939,104.15263684025821,104.27265746618878,4711800
2020-06-03,103.60395812988281,103.89544143344403,103.51823005494111,103.87829189407597,4226600
2020-06-04,103.19247436523438,103.44965862398269,103.14103228097774,103.44109039380135,4744100
2020-06-05,102.6781005859375,102.71239313117557,102.31803867188907,102.53236217415136,10611700
2020-06-08,102.78955078125,102.88385364346689,102.58380205488318,102.59237028553265,3314700
2020-06-09,103.1581802368164,103.32963640667958,103.08959515261769,103.19247277891577,3238600
2020-06-10,103.9297103881836,103.9297103881836,103.34675045397722,103.3981859791441,4944600
2020-06-11,104.29834747314453,104.46122881725766,104.23833063928588,104.3154904680817,6365800
2020-06-12,104.06688690185547,104.29835987513572,104.01545137029639,104.10975420524284,3051000
2020-06-15,103.98118591308594,104.36696558150297,103.98118591308594,104.29838703510995,2658000
2020-06-16,103.76686096191406,103.9640349085504,103.50110192921561,103.59539824675876,5252000
2020-06-17,103.9297103881836,103.96399637787393,103.70681221140815,103.86970009527845,2308300
2020-06-18,104.1612319946289,104.2126675470552,104.09264689763728,104.16980676691156,1694600
2020-06-19,104.19548797607422,104.25549827972277,103.92972899429243,103.92972899429243,2033200
2020-06-22,104.10118103027344,104.34122223540054,104.04974549792685,104.29836147198915,2284900
2020-06-23,104.06688690185547,104.10117943643893,103.93829153232556,103.99830183268857,2010600
2020-06-24,104.26409912109375,104.29839166612985,103.98119053002159,103.98119053002159,2310700
2020-06-25,104.28121948242188,104.44410740081962,104.25550171438704,104.41838963278477,1650900
2020-06-26,104.56414031982422,104.64986840357528,104.40125238225372,104.41840192338405,3413900
2020-06-29,104.6669921875,104.70985949182199,104.521253817817,104.52982858680787,28632400
2020-06-30,104.47840881347656,104.75274259687323,104.40982373246906,104.71845005636948,4126700
2020-07-01,104.31537628173828,104.39260584279586,104.12660018420026,104.28105275977296,8416500
2020-07-02,104.44410705566406,104.46126554653029,104.12661932901811,104.20384890427519,3054100
2020-07-06,104.28961181640625,104.3067703002578,104.07509476228657,104.17806530501876,2821900
2020-07-07,104.62432098388672,104.6329035042581,104.31541571596622,104.36689774510467,2920400
2020-07-08,104.46123504638672,104.57278811734908,104.34968852196607,104.44407656053036,2096700
2020-07-09,104.79588317871094,104.89027121908786,104.47840208520843,104.48697805503043,2769400
2020-07-10,104.5899429321289,104.93317155608435,104.5556194150792,104.89884803903466,1939000
2020-07-13,104.7015151977539,104.71868023377023,104.40977505090758,104.43551605838896,2051100
2020-07-14,104.69293212890625,104.88170823302951,104.67576709405358,104.83880219244053,1721500
2020-07-15,104.65859985351562,104.76156386785041,104.52988828905504,104.53847080576364,2085400
2020-07-16,104.73583984375,104.89887495493369,104.73583984375,104.82165193166341,1907100
2020-07-17,104.71003723144531,104.81300774843439,104.65855524622044,104.78726675582195,2405200
2020-07-20,104.77871704101562,104.87310507449982,104.7014874924643,104.85594004302558,2695900
2020-07-21,104.8902587890625,104.92458230390858,104.78729479106532,104.8216183059114,3228400
2020-07-22,104.92454528808594,105.01893328397873,104.89022178534869,105.01893328397873,2431500
2020-07-23,105.02754974365234,105.07044922603596,104.93316171725115,105.05329074239069,2006500
2020-07-24,104.97607421875,105.05330377108392,104.91600969873105,104.94175724720347,3395600
2020-07-27,104.8130111694336,105.07901016382984,104.78727017598099,105.06185168370794,1976500
2020-07-28,105.0618896484375,105.08763065119176,104.90743708537002,104.94176060455634,1870300
2020-07-29,105.19915008544922,105.19915008544922,104.95030954534172,105.07043855828462,1874200
2020-07-30,105.34506225585938,105.35364477351598,105.25925671892185,105.327903767089,28331800
2020-07-31,105.37081146240234,105.44803448289512,105.19061132149997,105.23351736391348,4039200
2020-08-03,105.31926727294922,105.3278567842359,105.16468882917583,105.21621279314115,6595900
2020-08-04,105.67993927001953,105.70570124984371,105.44807489972501,105.48242639011622,3842000
2020-08-05,105.32785034179688,105.43948777418585,105.29349885062865,105.41372579377894,2423700
2020-08-06,105.44808197021484,105.67994635605628,105.3965580071117,105.5339574260125,2286500
2020-08-07,105.2248306274414,105.54257711180162,105.19047912492577,105.48246362036906,2363400
2020-08-10,105.11316680908203,105.38797220844147,105.11316680908203,105.37079318555038,1994900
2020-08-11,104.75247192382812,104.80399588184689,104.5034285402764,104.73529290323744,7166500
2020-08-12,104.44332122802734,104.56354817174191,104.31450477351115,104.46908320855518,5538100
2020-08-13,104.22864532470703,104.520623218023,104.12559083489538,104.42615824033183,5748400
2020-08-14,104.28015899658203,104.4175584175521,104.27156948530971,104.32310000106621,2722800
2020-08-17,104.451904296875,104.62366175370303,104.42614231632005,104.50343480986193,3357700
2020-08-18,104.63223266601562,104.70093564083686,104.50342277807118,104.56353624307069,1853600
2020-08-19,104.49484252929688,104.74388592118856,104.46908054942479,104.68377245086138,4493800
2020-08-20,104.79541015625,104.83835115740088,104.72670717515933,104.8125891774611,2880300
2020-08-21,104.87271118164062,104.89847316367671,104.70095371493775,104.86412167033613,2103700
2020-08-24,104.72673797607422,104.95001945434916,104.70956550168944,104.84696495240406,1974900
2020-08-25,104.47767639160156,104.52920035446822,104.24580545494705,104.39179438432076,3562800
2020-08-26,104.43475341796875,104.4862773897307,104.2372339397506,104.37463993362034,3337400
2020-08-27,104.06547546386719,104.65802730373629,104.06547546386719,104.65802730373629,4672900
2020-08-28,104.23721313476562,104.36602959033809,104.13416521180933,104.2629816673818,2277200
2020-08-31,104.34886169433594,104.52061260804274,104.23721770373687,104.25439672623398,3273300
2020-09-01,104.69090270996094,104.69090270996094,104.24402273864959,104.32996043813722,4622900
2020-09-02,104.83702087402344,104.87999301167977,104.5877969001975,104.6049883779111,3013400
2020-09-03,104.97449493408203,105.18074670829202,104.86277003238962,104.91433789341139,5750500
2020-09-04,104.39009857177734,104.77682142772471,104.31275006661286,104.69947947918524,7512800
2020-09-08,104.61357116699219,104.77685084529358,104.58778395361391,104.6221603481581,3442700
2020-09-09,104.56196594238281,104.69947147143613,104.45024761749536,104.63931444163143,3964300
2020-09-10,104.69090270996094,104.70808762720799,104.36433682925751,104.42449387456146,3164200
2020-09-11,104.85417175292969,104.85417175292969,104.70807047544412,104.74244686093337,4905000
2020-09-14,104.75965881347656,104.9315342179009,104.6995017662654,104.8627814334806,1797100
2020-09-15,104.70809173583984,104.75965960285684,104.63934550752793,104.69950255519238,2897600
2020-09-16,104.64791107177734,104.84557364471105,104.5533842096025,104.84557364471105,4015700
2020-09-17,104.68229675292969,104.88855507951448,104.64792036516555,104.88855507951448,3426800
2020-09-18,104.58775329589844,104.74244374768963,104.58775329589844,104.71666309849526,5606900
2020-09-21,104.77682495117188,104.97448753179478,104.7596400364602,104.85417345893744,5838100
2020-09-22,104.77682495117188,104.8713583736491,104.74244856512331,104.77682495117188,3387900
2020-09-23,104.77682495117188,104.81120133722042,104.63932596360286,104.77682495117188,3172000
2020-09-24,104.82842254638672,104.86279238556013,104.76826549289264,104.81982680827983,2866900
2020-09-25,104.91432189941406,104.94869828264606,104.84556913295008,104.89713042948573,2187400
2020-09-28,104.89714050292969,104.91433197450895,104.84557920144252,104.87995558797573,4167200
2020-09-29,104.97449493408203,105.03465197475268,104.92292707306027,104.95730346153289,2577100
2020-09-30,104.69090270996094,104.87137384587281,104.55340370210598,104.87137384587281,4276400
2020-10-01,104.7502212524414,104.82761995267686,104.42344350702929,104.50943695993986,8733800
2020-10-02,104.64705657958984,104.8534422277532,104.56965786097767,104.8362461574402,7509700
2020-10-05,103.98487091064453,104.3632499857589,103.98487091064453,104.35464867199356,6132200
2020-10-06,104.22565460205078,104.3976480719557,103.94187685824771,104.01066768532965,8516400
2020-10-07,103.92467498779297,104.13966190608004,103.86447891310779,104.02787107048759,7116700
2020-10-08,104.11387634277344,104.13107241140096,104.00208549449249,104.0450789465017,3499000
2020-10-09,104.06228637695312,104.16547591524058,103.86449549376697,104.02788767723027,4358500
2020-10-12,104.1740493774414,104.1740493774414,104.04505592818987,104.10525199639001,3287900
2020-10-13,104.4062728881836,104.42346895860501,104.28587415170762,104.28587415170762,6583300
2020-10-14,104.44064331054688,104.52664332741476,104.39764986299308,104.46644725213532,5200600
2020-10-15,104.32884979248047,104.56963408740977,104.30305241243518,104.55243802100624,3839200
2020-10-16,104.26863098144531,104.4492191632624,104.23423229525942,104.328827042051,2726200
2020-10-19,104.09668731689453,104.16547815693954,103.96769383037807,104.07088337088622,3635800
2020-10-20,103.87309265136719,104.03648482829067,103.83869395302115,103.96768743159859,6129700
2020-10-21,103.73546600341797,103.84726337893265,103.67526994001732,103.74406731558345,6425300
2020-10-22,103.37431335449219,103.68389505473112,103.36571204035212,103.6494963590512,6749000
2020-10-23,103.52052307128906,103.61511786262953,103.3485361202418,103.35713743605865,5049900
2020-10-26,103.7956771850586,103.90747457685698,103.70108242009678,103.74408242630845,4817800
2020-10-27,104.02786254882812,104.06226124024182,103.89886909624664,103.94186910073365,3620100
2020-10-28,104.01929473876953,104.20848432204016,103.95049733378355,104.18268693539083,5586600
2020-10-29,103.58069610595703,104.0020751957339,103.5119052773781,103.98487256792903,7504800
2020-10-30,103.24530792236328,103.58068696528001,103.24530792236328,103.53769352132224,7246800
2020-11-02,103.42261505126953,103.62052468692583,103.37098102737127,103.55168369842016,7674300
2020-11-03,103.19023895263672,103.28489363442817,103.11279779391762,103.26768667639132,9203500
2020-11-04,104.05934143066406,104.17120307412996,103.93026626356604,104.05934143066406,14922300
2020-11-05,104.04212951660156,104.13677763192732,103.92165455202205,104.10236371637363,6250700
2020-11-06,103.68933868408203,103.76677985221372,103.56887026807522,103.7151524067926,10402200
2020-11-09,102.92349243164062,102.94069939034642,102.56208721349698,102.90627890789906,11195800
2020-11-10,102.63092803955078,102.82884418475659,102.57930059516498,102.58790735757466,4810500
2020-11-11,102.79439544677734,102.83742268196343,102.62229963610169,102.63950659115551,1699900
2020-11-12,103.37954711914062,103.38815388057714,103.06976935778027,103.10418983849091,6324000
2020-11-13,103.24186706542969,103.3709356559297,103.2246535433396,103.33651517678466,6766000
2020-11-16,103.16444396972656,103.25909866870914,103.15583720662723,103.1730507328259,3911400
2020-11-17,103.43119812011719,103.47422537206629,103.3365434178587,103.36236370805031,4707900
2020-11-18,103.39676666259766,103.50002154570649,103.25047796980049,103.50002154570649,7931200
2020-11-19,103.50860595703125,103.61186738287864,103.47418548174879,103.50860595703125,9323000
2020-11-20,103.68933868408203,103.70654564421031,103.54305654536466,103.56026350549293,16772200
2020-11-23,103.48281860351562,103.56886653112483,103.43118459492125,103.55165300658136,2511900
2020-11-24,103.3193359375,103.42259740263738,103.26770848744977,103.40538387592937,4349300
2020-11-25,103.3537368774414,103.54304624520198,103.3451301157153,103.39676412103631,2125500
2020-11-27,103.66352844238281,103.66352844238281,103.51724629875329,103.52584649658807,2988100
2020-11-30,103.59468078613281,103.697942238817,103.56026030190475,103.62049450804483,2390900
2020-12-01,103.04358673095703,103.33635207588799,102.9230382269857,103.30190870769607,13902200
2020-12-02,102.87136840820312,102.96608602096768,102.72498903189437,102.94886105351944,5578500
2020-12-03,103.14690399169922,103.24162160008258,102.98329965550975,103.02635550273854,4484900
2020-12-04,102.74221801757812,102.84554812471501,102.63888791044124,102.81971724028101,4709100
2020-12-07,103.06082153320312,103.1210957909398,102.97470981980666,102.99193479024652,4441600
2020-12-08,103.1641845703125,103.3622323897767,103.15557865119955,103.25029631667321,4735700
2020-12-09,103.01773834228516,103.12967434283806,102.871358979393,102.97468249701116,3444100
2020-12-10,103.250244140625,103.28468093848245,103.01775305398338,103.10385818742819,3557600
2020-12-11,103.45691680908203,103.56024036046533,103.37081165979535,103.39664254764118,4336600
2020-12-14,103.39663696289062,103.46552370635992,103.1383149595815,103.18997673248275,2870600
2020-12-15,103.29331970214844,103.35359396783461,103.18998957408546,103.26748881248325,2889200
2020-12-16,103.20720672607422,103.32775524831177,103.0177714570147,103.06082731612887,5058400
2020-12-17,103.13223266601562,103.45102306134089,103.0633105204193,103.38209434234011,3233200
2020-12-18,103.04608154296875,103.26147887335681,103.02885264883584,103.20978561755324,3189500
2020-12-21,103.11503601074219,103.24427575592291,103.0288783717572,103.20981138564761,2850500
2020-12-22,103.2873306274414,103.30456609583457,103.1408620131254,103.24425510326886,3688500
2020-12-23,103.0719223022461,103.09777550208074,102.89098934383053,103.08915776880252,3047100
2020-12-24,103.21841430664062,103.21841430664062,103.14086784129982,103.1667144719449,1529300
2020-12-28,103.22698974609375,103.22698974609375,102.99436357738304,103.05467455248606,3677500
2020-12-29,103.20979309082031,103.2442574549865,103.08055336854845,103.08055336854845,2157300
2020-12-30,103.27872467041016,103.27872467041016,103.15810267920112,103.1667138404264,2549100
2020-12-31,103.34764099121094,103.39072308852656,103.26148336998486,103.26148336998486,2626200
2021-01-04,103.37348937988281,103.44241152961112,103.08916332701226,103.11500995483597,5499000
2021-01-05,103.13223266601562,103.29593673029136,103.0288461609189,103.27870783724339,5004400
2021-01-06,102.52912902832031,102.63252211309394,102.33096059252208,102.63252211309394,10039300
2021-01-07,102.16726684570312,102.23619557141824,102.0811092252618,102.16726684570312,7751700
2021-01-08,101.87431335449219,102.03801741913739,101.77953800900333,101.96908869998106,8378700
2021-01-11,101.67613983154297,101.80537952177366,101.65890436703025,101.79676178951729,6061000
2021-01-12,101.658935546875,101.70201764796685,101.29706956196402,101.46938481952,6516600
2021-01-13,102.01219940185547,102.14143914316745,101.78818428847514,101.81403092205628,7562900
2021-01-14,101.7795181274414,102.07246183993014,101.69336053202818,102.00353313423831,8113000
2021-01-15,102.05522155761719,102.12415026005412,101.84844202370924,101.99491058633558,5978400
2021-01-19,102.11554718017578,102.11554718017578,101.86569210144833,101.90876761659963,4035700
2021-01-20,102.15864562988281,102.15864562988281,101.97771266110101,102.003559289012,4277700
2021-01-21,102.01219940185547,102.0811281403427,101.92604176544958,101.98635276827433,4254500
2021-01-22,102.16726684570312,102.18449574042936,102.04664486240424,102.09833811998803,4706200
2021-01-25,102.58082580566406,102.58082580566406,102.27927084814448,102.31373521091886,5689200
2021-01-26,102.54635620117188,102.5808205621846,102.46019858534243,102.47743405255116,4257100
2021-01-27,102.66696166992188,102.82204139950716,102.63249731665739,102.71865491311696,5764700
2021-01-28,102.39994049072266,102.53779800598267,102.28793618963,102.52918026792689,5394200
2021-01-29,102.2189712524414,102.34821098390229,102.0725026243751,102.10696699099174,7952100
2021-02-01,102.34652709960938,102.39825434924195,102.19133877298407,102.2258257986483,3640700
2021-02-02,102.08792877197266,102.13103263954547,101.99309105448987,102.02757151745594,3609800
2021-02-03,101.83789825439453,102.00170346845319,101.82065144592721,101.94997619851152,3844200
2021-02-04,101.80339050292969,101.84649435986806,101.63957874446896,101.71717621132413,2146000
2021-02-05,101.58787536621094,101.88962874663062,101.58787536621094,101.77755079896913,5498000
2021-02-08,101.63099670410156,101.7689448889961,101.51029533118458,101.57064601764307,2861300
2021-02-09,101.70855712890625,101.84649868578843,101.66544669240795,101.74304416255907,4458500
2021-02-10,101.9671859741211,101.9671859741211,101.81199763291696,101.82062103457501,6726800
2021-02-11,101.88960266113281,102.00168058010043,101.84649222736829,101.96719354863454,5949900
2021-02-12,101.55335235595703,101.75164454525661,101.5188653278771,101.63956663729284,8802400
2021-02-16,100.8205337524414,101.19987795347777,100.7515596876243,101.10504025878646,8909000
2021-02-17,100.8895034790039,101.01882820897443,100.76880215175916,100.8895034790039,4789700
2021-02-18,100.88091278076172,100.95850369220159,100.64812689098066,100.72572438015125,4469900
2021-02-19,100.47570037841797,100.67399265254693,100.32913537967382,100.57916150691841,5851800
2021-02-22,100.31185150146484,100.5877411644532,100.23426061705956,100.39806578782463,3828000
2021-02-23,100.38947296142578,100.51017430672849,100.15668709710629,100.24290140407537,7344900
2021-02-24,100.25150299072266,100.30323024810089,99.82904837410045,99.8893990336179,7133700
2021-02-25,98.9151840209961,99.76871681982729,98.3720214035973,99.67387911132052,35760600
2021-02-26,99.80319213867188,99.84629599710395,98.89792560112075,99.26865298782762,28188400
2021-03-01,99.69105529785156,99.803207636336,99.42362725693023,99.61341744663311,9616500
2021-03-02,99.87220001220703,99.88082863256743,99.56164207803018,99.60477201641443,6271000
2021-03-03,99.33733367919922,99.4149715092338,99.14754354128154,99.39772085201774,8377300
2021-03-04,98.84562683105469,99.4408700551213,98.69897318032157,99.32872430721528,12327900
2021-03-05,98.70761108398438,98.83701409495626,98.36253858196285,98.44881164375114,8634600
2021-03-08,98.31938171386719,98.5005432469433,98.28487381494192,98.47466396817653,7416400
2021-03-09,98.78524780273438,98.87151427607,98.59545761236998,98.75073989705811,7035000
2021-03-10,98.99229431152344,99.08718941212796,98.73348829501829,98.78525344734557,5683100
2021-03-11,98.957763671875,99.09579527075937,98.81111003434204,98.9836429512386,7576500
2021-03-12,98.24174499511719,98.33664007917147,98.13822787193742,98.328018040046,7332600
2021-03-15,98.36254119873047,98.45743630385367,98.27627471635775,98.30215400289849,4465500
2021-03-16,98.34526062011719,98.55230143117583,98.2331148853164,98.47466359516962,5479400
2021-03-17,98.18138122558594,98.3884286847377,97.79317875767032,97.974340348145,8975900
2021-03-18,97.56884002685547,97.68099233264658,97.30141206389162,97.39630713108036,8281400
2021-03-19,97.50846862792969,97.65512227123173,97.33593570424601,97.36181498462764,8748100
2021-03-22,97.82763671875,97.87939526625568,97.68098311301226,97.75862093427078,4679800
2021-03-23,98.31076049804688,98.32801773966362,97.97431668532192,98.04333248837044,7544000
2021-03-24,98.44017791748047,98.45742857991742,98.08647681127607,98.1123626774968,14634800
2021-03-25,98.31076049804688,98.55230922700744,98.16410685285072,98.49192204476729,10573800
2021-03-26,97.98294830322266,98.25037632107916,97.97431968215035,98.04333548730992,6409700
2021-03-29,97.6465072631836,98.07784618516007,97.56023421342059,98.06921756384185,6298000
2021-03-30,97.56022644042969,97.62062020313583,97.29279843625834,97.37906489743854,5784900
2021-03-31,97.42220306396484,97.64650113218816,97.30142869993135,97.5343488072219,8620000
2021-04-01,97.85381317138672,97.90560383703388,97.65527131008652,97.72432992147716,8535300
2021-04-05,97.57756805419922,97.65525403893052,97.37039884245856,97.51714342636691,9944500
2021-04-06,98.05233001708984,98.06959795958768,97.75020688128205,97.78473618048729,8765200
2021-04-07,97.99190521240234,98.23361030640112,97.95738249905007,98.0350684827783,6316800
2021-04-08,98.32857513427734,98.33720252067673,98.1472946472321,98.16456259161315,6334700
2021-04-09,98.0696029663086,98.2508768570478,97.92285837653745,98.00917833606219,5887400
2021-04-12,98.00914001464844,98.03503533380176,97.90555215224695,97.99187207802076,5466000
2021-04-13,98.4148941040039,98.4148941040039,98.00918303043528,98.03507836095395,7663800
2021-04-14,98.2940673828125,98.32859669335419,98.16458411472934,98.25090409818725,4876900
2021-04-15,98.9241714477539,99.07091602222567,98.60478697223182,98.60478697223182,9958500
2021-04-16,98.6566162109375,98.81199481696888,98.60482553752459,98.63072087423105,7334900
2021-04-19,98.55299377441406,98.71700629719018,98.44077849270903,98.49256914798976,5738600
2021-04-20,98.84651947021484,98.91557150291412,98.52712829903538,98.52712829903538,6468300
2021-04-21,98.89826965332031,98.95006030309032,98.69972785288584,98.83784503332541,7976500
2021-04-22,98.97599029541016,99.00188562764224,98.65659916436766,98.88966374024788,7681300
2021-04-23,98.84651947021484,98.967368759679,98.69114087150489,98.95873478591946,5509900
2021-04-26,98.74291229248047,98.88102950253766,98.74291229248047,98.80333692543273,7145300
2021-04-27,98.3544692993164,98.69112176705403,98.3544692993164,98.60480180354534,7720500
2021-04-28,98.48394012451172,98.50120806766637,98.11276496196545,98.36309086559184,8692900
2021-04-29,98.31130981445312,98.31994378687415,97.92286667079449,98.01782061005173,5547800
2021-04-30,98.3976058959961,98.43213519150711,98.20769806358035,98.35444921594961,5160000
2021-05-03,98.56520080566406,98.77250461347096,98.40108172152942,98.43563345450877,8593300
2021-05-04,98.69477844238281,98.9539065816294,98.64294754247756,98.76387532547328,11171000
2021-05-05,98.81568908691406,98.84160123733756,98.59110613312912,98.59110613312912,6810000
2021-05-06,98.85887145996094,98.9711662292211,98.72931071092017,98.7465832807694,6546200
2021-05-07,98.8934326171875,99.2907676622837,98.80705657956993,99.09210343477022,10657600
2021-05-10,98.69477844238281,99.01437047312727,98.65158712414008,98.93663400837427,5906800
2021-05-11,98.53063201904297,98.61700804150682,98.487440712777,98.54790458750851,6591300
2021-05-12,98.05558776855469,98.23698604526832,98.01240303748935,98.16788256747935,14509800
2021-05-13,98.38378143310547,98.41833315635081,98.11600722547091,98.17647768370078,8242700
2021-05-14,98.59976196289062,98.63431369917247,98.42700328148142,98.53065849032694,7943100
2021-05-17,98.50471496582031,98.5738184163773,98.46152366170526,98.53062711226225,6711100
2021-05-18,98.50471496582031,98.54789967986761,98.40105978998483,98.49607538698375,4319600
2021-05-19,98.21104431152344,98.68612237253912,98.12466827953935,98.4874515679138,13156500
2021-05-20,98.61701965332031,98.62565923360441,98.35789155541732,98.38380370620074,8412700
2021-05-21,98.65159606933594,98.73797212358359,98.53930785782106,98.71205996631635,6648700
2021-05-24,98.74658966064453,98.84160527612565,98.66021362568051,98.70339834812799,4826000
2021-05-25,99.1093521118164,99.12663126921561,98.85022406143736,98.85022406143736,5748200
2021-05-26,98.99707794189453,99.16982999989848,98.95388663235924,99.0402692514298,4501600
2021-05-27,98.82432556152344,98.82432556152344,98.64292733412184,98.78113425212905,5998100
2021-05-28,98.81568908691406,99.02299288037081,98.78113735632647,98.78113735632647,5575700
2021-06-01,98.79753112792969,98.81481563285584,98.58143854593038,98.70244986428021,9498100
2021-06-02,98.90991973876953,98.97907096368843,98.85805961739223,98.90127418699872,4269900
2021-06-03,98.65924835205078,98.82348085734634,98.61602718919714,98.82348085734634,3591200
2021-06-04,99.20378875732422,99.21243430789276,98.89262147770805,98.90990598422228,6326000
2021-06-07,99.1259994506836,99.1605750586365,99.05684823477779,99.08277829208673,3068500
2021-06-08,99.4112548828125,99.4631150034883,99.36803371916686,99.4371849431504,4760500
2021-06-09,99.7224349975586,99.87802196388519,99.5927780931824,99.76564956926792,5679300
2021-06-10,100.07682037353516,100.0854659254564,99.46311807960448,99.50633924458683,6494800
2021-06-11,99.92988586425781,100.0249671580853,99.84345012294854,100.00767605304885,3914200
2021-06-14,99.61869049072266,99.834783094824,99.57546933205322,99.82613754416553,3730900
2021-06-15,99.63594055175781,99.65323164709696,99.51492926286633,99.56679595426314,4212700
2021-06-16,98.95311737060547,99.73104538475812,98.80616940394307,99.67918527571386,13529000
2021-06-17,99.3075180053711,99.62733743798867,99.03956528280851,99.10871649979983,8838100
2021-06-18,99.86940002441406,99.90397564673091,99.23840645772655,99.437214637392,13435000
2021-06-21,99.54953002929688,99.70511695358503,99.47173986446396,99.62732678875211,6460000
2021-06-22,99.7310791015625,99.75701575947544,99.41126619483855,99.43719625812703,5459700
2021-06-23,99.53224182128906,99.72240434330241,99.48902066824164,99.61867753276184,5429800
2021-06-24,99.51496887207031,99.64462576023774,99.47175430576335,99.53225997429172,3631700
2021-06-25,99.3075180053711,99.61869188720901,99.13464655751581,99.58411627871334,6716800
2021-06-28,99.61869049072266,99.71377176409709,99.48903360933727,99.49767915999574,4968900
2021-06-29,99.6705551147461,99.67920066579572,99.48039255939386,99.48903811044347,3373200
2021-06-30,99.8261489868164,99.97309698636278,99.80021892649167,99.81751002979061,6572800
2021-07-01,99.75434875488281,99.8581381815607,99.6159540539489,99.79759214965775,11966200
2021-07-02,100.11764526367188,100.11764526367188,99.84951372497734,99.87546108691244,5071900
2021-07-06,100.64523315429688,100.71443049786025,100.23870700963937,100.23870700963937,9095300
2021-07-07,100.93932342529297,101.12096812252398,100.74038928874113,100.83553399718683,7456400
2021-07-08,101.19879150390625,101.36313353341995,101.04310079147784,101.12959416526664,7368000
2021-07-09,100.68850708007812,100.80094784083231,100.67985576032058,100.78364520131723,5531200
2021-07-12,100.63660430908203,100.81824242722989,100.55876222945726,100.7749990271128,3867700
2021-07-13,100.3252182006836,100.79229045412461,100.23872480538483,100.68850101937532,6926500
2021-07-14,100.7576904296875,100.78363778802807,100.51550628647824,100.60199968062113,6029200
2021-07-15,101.18153381347656,101.23342853761207,100.79230358538844,101.01719172168221,5704500
2021-07-16,101.16422271728516,101.18152535656675,100.90474251927142,100.91338723988885,3577900
2021-07-19,102.02916717529297,102.15891057033562,101.78698302402572,101.8388777424335,20557500
2021-07-20,101.89940643310547,102.51351802613753,101.81291305080921,102.47027463450046,8729000
2021-07-21,101.3112564086914,101.55344715173084,101.21611169511024,101.48424979657672,7438300
2021-07-22,101.5447769165039,101.75236234427362,101.30259281760229,101.31123753611894,6363500
2021-07-23,101.38908386230469,101.41503121530097,101.17284712197356,101.18149843931286,6804600
2021-07-26,101.3199234008789,101.56210758235846,101.30262735892637,101.54481154040593,6179600
2021-07-27,101.75238800048828,101.81293404047999,101.63994724022467,101.73509196007213,8621200
2021-07-28,101.8388900756836,101.84754139614036,101.42371908009545,101.5621072122835,11533500
2021-07-29,101.52749633789062,101.65723973306612,101.44100294078136,101.46695030001182,6203800
2021-07-30,101.81291961669922,101.8734656481134,101.69182755387085,101.70047887236503,5656400
2021-08-02,102.25953674316406,102.45859942828726,101.87871198444233,101.97391817412277,19495800
2021-08-03,102.28547668457031,102.44992490119144,102.23354844912586,102.28547668457031,6627300
2021-08-04,102.25953674316406,102.67497593150881,101.9392971412129,102.58842665087757,7545000
2021-08-05,101.88734436035156,102.09506390450778,101.8181023112044,102.04313566929004,5164600
2021-08-06,101.29015350341797,101.48056585621978,101.2641893831788,101.38535967981888,7807600
2021-08-09,101.07379913330078,101.53251629993466,101.07379913330078,101.43731010271397,10842500
2021-08-10,100.88335418701172,101.16031577957231,100.87470388335547,101.15166547591606,7192400
2021-08-11,100.99588775634766,101.25553556996077,100.77951127669367,100.9526098191024,7254300
2021-08-12,100.89201354980469,101.00452692964186,100.7708432628153,100.89201354980469,6932200
2021-08-13,101.47189331054688,101.47189331054688,101.03049012793377,101.04779733766404,6896500
2021-08-16,101.69693756103516,101.97389916941039,101.69693756103516,101.74021549492858,6928100
2021-08-17,101.64502716064453,101.87005396718043,101.62771334273454,101.67964819317777,7785500
2021-08-18,101.59308624267578,101.68829242563442,101.37670975473094,101.60174315111375,7025800
2021-08-19,101.81812286376953,101.8873649268936,101.7229166777956,101.80946595505738,6242600
2021-08-20,101.7229232788086,101.87871462930407,101.61906678066963,101.81812947096067,6510200
2021-08-23,101.7488784790039,101.76619229603315,101.61040095920205,101.69695023448901,3958500
2021-08-24,101.47189331054688,101.70558356325725,101.44592919430903,101.61903430803615,3649700
2021-08-25,101.07379913330078,101.4719311383658,101.02187088146671,101.43731010271397,5874700
2021-08-26,101.07379913330078,101.11707707868742,100.90935086477643,101.02187088146671,6850600
2021-08-27,101.40265655517578,101.40265655517578,100.94393296220308,101.07376014499593,6360700
2021-08-30,101.60174560546875,101.61040251411585,101.35074808099513,101.385369112297,6546200
2021-08-31,101.41134643554688,101.68830811872704,101.36807509325186,101.54983057878066,7418400
2021-09-01,101.45462799072266,101.58454389549797,101.36801959013826,101.54989921370472,11908600
2021-09-02,101.57588958740234,101.57588958740234,101.45463649486102,101.56722676427854,2976200
2021-09-03,101.3333740234375,101.37668152725021,101.22943997896539,101.34203684575951,4988900
2021-09-07,100.93501281738281,101.05626595002038,100.84840438089887,100.97831373172473,7098600
2021-09-08,101.21214294433594,101.28143232237997,101.01293763440907,101.0735641882479,6046200
2021-09-09,101.49794006347656,101.61053032852439,101.16881887552526,101.25543388780574,7009500
2021-09-10,101.17747497558594,101.35935459525409,101.08220375464586,101.272746196526,8147100
2021-09-13,101.29871368408203,101.38532207052295,101.25541279475974,101.27273182892938,4269300
2021-09-14,101.6798324584961,101.78375991380173,101.42000060463494,101.47197094008628,6991000
2021-09-15,101.50659942626953,101.63651534092133,101.3333826119324,101.61919630260678,5108900
2021-09-16,101.18614959716797,101.34204737617675,101.05623368002766,101.15150491207736,5682700
2021-09-17,100.89167022705078,100.9609595952742,100.79639899769302,100.93497773413988,7611700
2021-09-20,101.4026870727539,101.51527735805028,101.17749989436224,101.25545209787427,8781600
2021-09-21,101.3420181274414,101.46327118636421,101.28139159797999,101.43728933199449,4867900
2021-09-22,101.43733215332031,101.5239405737128,101.15151841900604,101.34206090854889,10966400
2021-09-23,100.5192642211914,100.99562044422332,100.5192642211914,100.96963857893047,10650100
2021-09-24,100.21613311767578,100.38935656884834,100.15550656171514,100.38069374433995,10528000
2021-09-27,99.94760131835938,100.12081808598062,99.9216194639958,99.94760131835938,6742100
2021-09-28,99.56657409667969,99.79176131108862,99.36737535946405,99.58389974814189,10295500
2021-09-29,99.67046356201172,99.9129697115188,99.48858394988142,99.77439099305933,8364000
2021-09-30,99.79170989990234,99.82635457717838,99.53187812423039,99.57518562277457,7307900
2021-10-01,100.19906616210938,100.24240375457488,99.89572285201551,99.9823914245583,19830100
2021-10-04,100.07774353027344,100.25108070080627,99.89573751749721,100.02574370159142,7691800
2021-10-05,99.7657470703125,99.94775311179811,99.66174078415347,99.92175319335591,6861900
2021-10-06,99.79171752929688,99.89572378475228,99.71371779699655,99.80038637034856,7473500
2021-10-07,99.39305877685547,99.59240249078763,99.38438993388718,99.56639596188276,8160200
2021-10-08,99.17634582519531,99.3410207162753,99.06367735952266,99.3410207162753,9455100
2021-10-11,98.93367767333984,99.0810148947737,98.91633999294312,99.00301517015141,2261300
2021-10-12,99.38439178466797,99.41906054479699,99.04637963889732,99.10704831602564,7938400
2021-10-13,99.57508087158203,99.7137559318913,99.39307481421925,99.44507465563981,11662400
2021-10-14,99.80908966064453,99.85242065608215,99.58374600224097,99.68774568120371,9518200
2021-10-15,99.31505584716797,99.47106196403988,99.26305601234067,99.44506204662622,8689700
2021-10-18,99.17634582519531,99.25434554472548,98.86433372230019,99.02033977374775,8703300
2021-10-19,98.82103729248047,99.08104969064273,98.80370621838496,99.03771208681903,7445200
2021-10-20,98.77767944335938,98.98568533789832,98.75167953309052,98.8210104230114,6230000
2021-10-21,98.5176773071289,98.76035197792605,98.48300855238806,98.7170209937916,7103900
2021-10-22,98.76904296875,98.84704933750713,98.51769939980643,98.61303684362608,10204600
2021-10-25,98.890380859375,98.9943871474764,98.78638118366398,98.78638118366398,4835000
2021-10-26,99.01168823242188,99.01168823242188,98.71701375730909,98.9076885882119,5603100
2021-10-27,99.56640625,99.72241237760045,99.08105679186103,99.35840028399622,16140300
2021-10-28,99.30640411376953,99.59241646033347,99.20239782073064,99.46241024713252,9940400
2021-10-29,99.34970092773438,99.5490446010419,98.96835787591104,99.03768876835902,11254300
2021-11-01,99.3418960571289,99.41995094426694,99.03833824537428,99.06435654108695,14479000
2021-11-02,99.58475494384766,99.70617808395812,99.4459884767492,99.45465683171078,12191100
2021-11-03,99.27249908447266,99.63676842027208,99.10770773953625,99.60207515728213,17031100
2021-11-04,99.81023406982422,99.88828894823374,99.44596473645323,99.44596473645323,12665400
2021-11-05,100.35664367675781,100.44337352996837,99.93166276408152,100.03573594110874,12955100
2021-11-08,99.92298126220703,100.1918457747046,99.8796196469679,100.1918457747046,7404300
2021-11-09,100.38268280029297,100.59084243166754,100.30462790132627,100.3479895283972,12345400
2021-11-10,99.52405548095703,100.23525108114922,99.34192074863452,100.20923277896966,19425100
2021-11-11,99.203125,99.56740099854822,99.203125,99.52403276010597,3746100
2021-11-12,99.41130065917969,99.68884022566661,99.32456416828704,99.56741707889516,10613400
2021-11-15,99.0209732055664,99.37657417159112,98.98627994421793,99.3505558798455,8021400
2021-11-16,98.93428039550781,99.2204949459763,98.91693706687282,99.02968524566397,6573700
2021-11-17,99.28985595703125,99.29852431058649,98.91691162517911,98.93425494935335,10006200
2021-11-18,99.3506088256836,99.37662713129485,99.12510581527508,99.14244914666041,10183400
2021-11-19,99.61942291259766,99.83625083873216,99.55871135796252,99.67145949740971,10731600
2021-11-22,98.89093017578125,99.25520631417714,98.83021858889305,99.15980144662902,10876200
2021-11-23,98.48326110839844,98.76946898380943,98.48326110839844,98.71743239138273,11543700
2021-11-24,98.7868423461914,98.80418567542398,98.43991620794849,98.50062778586107,8322900
2021-11-26,100.06177520751953,100.0791185338243,99.67148088648405,99.72352409952754,13878500
2021-11-29,99.83628845214844,99.91434335877379,99.44600068489034,99.47201898709879,13908200
2021-11-30,100.43473052978516,100.73828840118242,99.9316879902895,100.45207385797985,19416800
2021-12-01,100.6239242553711,100.6239242553711,99.95558919382667,100.07710465956202,24991000
2021-12-02,100.4069595336914,100.64130896265996,100.17261010472284,100.59791435393888,11448900
2021-12-03,100.99713897705078,101.24016987665301,100.15520577336062,100.24200157720493,19790900
2021-12-06,100.49376678466797,100.92775265374813,100.3809328426627,100.84963837592115,9863200
2021-12-07,100.1118392944336,100.42430959436176,100.04240660052551,100.21599826844219,7678400
2021-12-08,99.79068756103516,99.99031730395535,99.6604905075105,99.96427921766987,11126500
2021-12-09,100.0423812866211,100.19861639705272,99.90350268975031,100.03369971879268,9198400
2021-12-10,100.1118392944336,100.38959655845655,100.05976311847812,100.19864175048959,5051500
2021-12-13,100.5892105102539,100.6760063305753,100.34617956451534,100.36353607974098,5706900
2021-12-14,100.4156494140625,100.51980178129062,100.18997491490387,100.38092975095358,4749500
2021-12-15,100.26806640625,100.45034625167672,100.05975509703005,100.17259563201775,8428000
2021-12-16,100.55998229980469,100.69898848062216,100.39491411712882,100.41229320382075,9085400
2021-12-17,100.78585052490234,101.07253913510984,100.72503698598818,100.88141560436438,7933100
2021-12-20,100.69898223876953,101.08123595596446,100.67291361034749,100.95091932657067,13772100
2021-12-21,100.29936981201172,100.37756246197193,100.1082462160464,100.33412136441838,7672800
2021-12-22,100.39491271972656,100.46441580916789,100.20378253785265,100.45572626594286,5538200
2021-12-23,100.18643188476562,100.33412101083782,100.06480476586137,100.32543809390242,7209700
2021-12-27,100.22116088867188,100.27328489128055,100.12559579843636,100.15165779974072,3471800
2021-12-28,100.20375061035156,100.41225981223911,100.15162662396833,100.3861978190475,8314500
2021-12-29,99.69121551513672,99.96922125406046,99.62171242336088,99.88234570343047,11879900
2021-12-30,100.02132415771484,100.03001369939854,99.72594602225168,99.89101417335064,10296000
2021-12-31,99.90839385986328,100.1777100179466,99.90839385986328,100.04740002415062,7584500
2022-01-03,98.97882843017578,99.39584036543933,98.97882843017578,99.36108881848571,27744600
2022-01-04,98.92670440673828,98.94407686612216,98.67476066250299,98.75294667200022,15911800
2022-01-05,98.50969696044922,98.9527709189965,98.44019386338688,98.94408137481868,13715700
2022-01-06,98.26641082763672,98.35328635665356,98.1534733027326,98.28378328216888,10957400
2022-01-07,97.94497680664062,98.1708585139788,97.71041218499707,98.1361069722207,13318200
2022-01-10,97.91893005371094,97.95368160087997,97.63223476070128,97.69304831120212,8430700
2022-01-11,98.1534652709961,98.16214818346266,97.7885774738987,97.87545962398413,8086500
2022-01-12,98.17085266113281,98.54442342753683,98.15348020537893,98.31854173366548,7996500
2022-01-13,98.4836196899414,98.51837123308567,98.15348997233959,98.23167597327983,8431100
2022-01-14,97.80596160888672,98.24902878196417,97.77989961378543,98.2316563279559,10595700
2022-01-18,97.06756591796875,97.47588179136605,97.03281436164484,97.38900621464708,11594100
2022-01-19,97.30209350585938,97.49322367861168,97.16308733361075,97.22390750510385,10349700
2022-01-20,97.51061248779297,97.51061248779297,97.32817182725715,97.45848847854852,8297300
2022-01-21,98.0752944946289,98.21430066316853,97.8667918699984,98.05792203765091,13250000
2022-01-24,97.98844909667969,98.42283356472339,97.9710700061766,98.37939246664664,22377400
2022-01-25,97.85810852050781,98.24905179495379,97.79729497496778,98.0753007014621,13534000
2022-01-26,97.16309356689453,97.96236585224148,97.16309356689453,97.87549030310232,12694700
2022-01-27,97.57142639160156,97.75386705279237,97.38029618611208,97.39767527470944,11609400
2022-01-28,97.79730987548828,97.87550251919862,97.4063665414777,97.43242854665435,6713500
2022-01-31,97.79730987548828,97.86681297474628,97.55405565626566,97.61486921107132,8258600
2022-02-01,97.66512298583984,97.86513461998092,97.50859416093884,97.8303496994979,16338700
2022-02-02,97.86512756347656,98.0999174666261,97.74338366783685,97.74338366783685,5997100
2022-02-03,97.4477310180664,97.53469664440831,97.3259871026427,97.4303418735255,8032600
2022-02-04,96.6998519897461,96.91725274209223,96.60419512795023,96.8911657133378,8616400
2022-02-07,96.7259750366211,96.83032318333784,96.60422447454077,96.7259750366211,10294700
2022-02-08,96.41288757324219,96.5172356877559,96.36070688144092,96.46506163049905,8111500
2022-02-09,96.54332733154297,96.84769370554301,96.50854904807213,96.6389841974496,10113400
2022-02-10,95.65635681152344,96.24768728264925,95.62157188562824,96.18681532096923,16633900
2022-02-11,96.64766693115234,96.7259346430511,95.5867503189367,96.06503457347446,18315600
2022-02-14,95.97809600830078,96.37811263595837,95.8389563284833,96.12592694219803,11090000
2022-02-15,95.69111633300781,95.8650342817652,95.62154649968707,95.69981422080902,8490500
2022-02-16,95.89111328125,95.95198522167246,95.60414935328347,95.93459608207058,9007700
2022-02-17,96.40420532226562,96.43899024426044,96.1085368025824,96.11723469171748,8749500
2022-02-18,96.71725463867188,96.72595252705631,96.49985387087574,96.56072582047686,8486800
2022-02-22,96.70858001708984,96.71727790756687,96.38682441490526,96.49987708746697,8392500
2022-02-23,96.20418548583984,96.43898203067117,96.09983736328807,96.35202305036306,7941800
2022-02-24,96.43026733398438,97.00420844615789,96.29113431665198,96.97811478552329,19162100
2022-02-25,96.40420532226562,96.42159446599028,96.07375851513308,96.2824614125565,8101900
2022-02-28,97.4999008178711,97.51728996046747,97.03031435322859,97.06509927296638,12291800
2022-03-01,98.44949340820312,98.78023814247628,97.96207871758433,98.00559409180266,28285600
2022-03-02,96.9698257446289,97.97076555329892,96.95241428469782,97.88372817522234,12303800
2022-03-03,97.38760375976562,97.57038423827215,97.03944762143249,97.21352901086206,12247400
2022-03-04,98.35374450683594,98.61486329890548,98.15355254751238,98.24929566190276,20102300
2022-03-07,97.9359359741211,98.42335717810472,97.86631006543091,97.8924206112554,13633200
2022-03-08,97.30055236816406,97.5442596377309,97.17869873338064,97.37018491390461,10819400
2022-03-09,96.69999694824219,96.98722625962094,96.59555475539608,96.90018888540719,7932300
2022-03-10,96.25611877441406,96.4650164868792,96.05593343396097,96.36927336213121,11100100
2022-03-11,96.23001861572266,96.35187230756016,96.04723807796643,96.15168694548206,5567600
2022-03-14,95.01144409179688,95.51626348366108,95.01144409179688,95.45533666185719,8622500
2022-03-15,94.9678955078125,95.5684644693105,94.89826297651807,95.51623675057783,9294400
2022-03-16,94.83737182617188,94.97663694111787,94.21939781978286,94.87218810490837,12847300
2022-03-17,94.65459442138672,95.08108222885753,94.48051966256944,94.89830173994147,7215900
2022-03-18,94.93312072753906,95.06368012063909,94.81126706478611,94.81126706478611,7509200
2022-03-21,93.69713592529297,94.3934413481105,93.62750339085403,94.24547719282072,11003600
2022-03-22,93.18363952636719,93.34030946784516,93.10530787589146,93.30549318745823,7710300
2022-03-23,93.8103256225586,93.8103256225586,93.20975636627915,93.40994833188128,11222700
2022-03-24,93.28811645507812,93.56664014150611,93.22718960618852,93.26200589705807,11112300
2022-03-25,92.33065032958984,92.87028599496493,92.23490723272803,92.8615869065415,9055600
2022-03-28,92.53954315185547,92.87028781260786,92.36546841262276,92.47861632907146,12858500
2022-03-29,93.0008544921875,93.11400905804973,92.56566096939717,92.76585291171223,7539900
2022-03-30,93.3664321899414,93.39254938403131,92.74845807369422,92.80938491218262,6430100
2022-03-31,93.5405044555664,93.67106385112278,93.36642304798234,93.5056881740496,9147200
2022-04-01,92.93138885498047,93.24508183416428,92.53926930699592,92.63512030885818,10237000
2022-04-04,92.87044525146484,93.04471627147879,92.69616758343761,93.0272918286827,7372100
2022-04-05,91.76378631591797,92.61773010776452,91.6679352786287,92.60029902025083,9675600
2022-04-06,91.44137573242188,91.7724932359352,91.1886781713151,91.1886781713151,9054400
2022-04-07,91.2148208618164,91.46751843043002,91.02311879955701,91.2148208618164,5518900
2022-04-08,90.75299072265625,90.9882571891408,90.6222841754932,90.69199522038164,8091800
2022-04-11,90.31732940673828,90.53517149086065,90.20404726826644,90.4306048971973,7356400
2022-04-12,90.75299072265625,91.13638817352037,90.64842415532358,90.78784624510047,12211000
2022-04-13,90.95343017578125,91.41526100691831,90.89243465438778,91.00571679984223,6346100
2022-04-14,90.13433074951172,90.85756131918413,90.02976416989083,90.82271244065575,6158700
2022-04-18,89.87293243408203,90.23019665398255,89.84679244687234,90.21276556383407,4591500
2022-04-19,89.2803726196289,89.68991668063812,89.21937711998993,89.52435461818482,7004900
2022-04-20,89.97746276855469,90.1168781934907,89.54177876261284,89.64633866931226,7479300
2022-04-21,89.48080444335938,89.73350202436785,89.11482473927116,89.72478648074357,9137500
2022-04-22,89.52436065673828,89.76834267175114,89.21066759514709,89.25423866126137,5451600
2022-04-25,90.09944915771484,90.60484417432338,90.04716255902466,90.23015568242533,8617400
2022-04-26,90.70068359375,90.85753008525654,90.4131372326627,90.70939913439193,9575400
2022-04-27,90.19530487060547,90.73554878384022,90.15173381075928,90.6484133121582,7908900
2022-04-28,90.06460571289062,90.09074569173434,89.71605714961565,89.89033475525858,6943500
2022-04-29,89.58535766601562,89.93390625675352,89.35880673284571,89.40237115168081,10012500
2022-05-02,88.91793060302734,89.17966187280895,88.83068906513437,89.1185921306736,11327000
2022-05-03,89.02263641357422,89.51119441635639,89.0051841099871,89.44139851421505,8129100
2022-05-04,89.59842681884766,89.6682227138635,88.82196579107935,88.98772937771625,11934700
2022-05-05,88.69983673095703,89.01391163935004,88.24617667222473,88.89177213676427,11675700
2022-05-06,88.19385528564453,88.64752214898131,88.10661370611234,88.24620555824853,12538400
2022-05-09,88.84813690185547,88.89176099992936,88.19381536736422,88.23743946543811,7301200
2022-05-10,89.14480590820312,89.49377888022272,89.09246229203723,89.25821929526452,8054600
2022-05-11,89.6944351196289,89.72933308293688,88.80456035164617,88.92669989517114,7167900
2022-05-12,89.99105072021484,90.35746929476497,89.8689111953648,89.96487891576197,8132400
2022-05-13,89.51992797851562,89.80783110660325,89.46758437562846,89.74676135120019,6016900
2022-05-16,89.8950424194336,90.14804750844148,89.74673115708129,89.84269883415675,3315600
2022-05-17,89.214599609375,89.55484641818138,89.18842780194461,89.29311503166618,4286800
2022-05-18,89.85145568847656,89.94742340545606,89.15351652220394,89.2145862824541,4465500
2022-05-19,90.17424774169922,90.67153192697644,90.10445183524881,90.64536012608353,5137600
2022-05-20,90.59302520751953,90.72389089024641,90.0957409380415,90.12191939947097,5908800
2022-05-23,90.04338836669922,90.53194643374843,90.03466221375778,90.35746331154641,5720600
2022-05-24,90.81983184814453,91.14263288292346,90.4795851669925,90.50575696460372,6786600
2022-05-25,91.0030517578125,91.14264356957725,90.79367069626934,91.14264356957725,4274500
2022-05-26,90.95941162109375,91.09027724795594,90.62788447889588,91.0553793037192,3478900
2022-05-27,91.09030151367188,91.24733232041551,90.92453789841485,91.12519281110109,2508200
2022-05-31,90.13934326171875,90.40979405950148,89.99103196332845,90.40107456390453,6773200
2022-06-01,89.63182067871094,90.2956972480984,89.46584987025814,90.20833998190827,5555900
2022-06-02,89.76285552978516,89.90261516847106,89.5532060751201,89.89388477284479,3014300
2022-06-03,89.58816528320312,89.6667855102822,89.38725951347132,89.41346403435587,2687800
2022-06-06,88.91553497314453,89.45711936651642,88.86312594503309,89.3697621004324,4800600
2022-06-07,89.27367401123047,89.47458639206721,89.13391438212884,89.15138183660765,3230000
2022-06-08,88.94176483154297,89.24749535668516,88.93302776956016,89.10773568708828,2917900
2022-06-09,88.86315155029297,89.04658986596313,88.67097617261213,88.82820996667594,4178600
2022-06-10,87.98963165283203,88.49626795248567,87.87606984035787,88.40891732595405,4443400
2022-06-13,86.426025390625,87.17725272792181,85.97179149790242,87.0549605255177,9200800
2022-06-14,85.73594665527344,86.74049548811519,85.5961803259205,86.61820328214405,7829800
2022-06-15,86.93264770507812,86.9675892807887,85.95431024287875,86.43474191394476,10256200
2022-06-16,87.50044250488281,87.5441211435509,85.98052051406276,86.0853452482114,9168800
2022-06-17,87.52664947509766,87.75376640657198,86.958867143049,87.57906517585313,7029700
2022-06-21,87.07243347167969,87.30828082991606,86.95887832355486,87.05496601213189,10342000
2022-06-22,88.17306518554688,88.330298970546,87.97215275743818,88.08570789932772,9501900
2022-06-23,88.67095184326172,89.24747115369442,88.57486418078564,88.71462381248115,9247200
2022-06-24,88.35649871826172,88.88934614617675,88.28661555883107,88.55740447109368,5127000
2022-06-27,87.85858154296875,88.24292554143624,87.7450197574286,87.84984448306011,5439400
2022-06-28,87.9721450805664,87.99834959837531,87.64021008094574,87.76250227367044,3763300
2022-06-29,88.67969512939453,88.67969512939453,88.0420296378212,88.12064319249814,3559600
2022-06-30,89.36103820800781,89.57068100013265,89.10771677966255,89.1863303275503,5409500
2022-07-01,90.31903076171875,90.95767079480017,90.09157577967024,90.2140535929395,63222900
2022-07-05,90.65147399902344,91.00140678560713,90.49400157524474,90.76520148720913,6651400
2022-07-06,89.88157653808594,90.99263346423318,89.86408257427779,90.98388314506016,4754700
2022-07-07,89.3304214477539,89.90781566383312,89.2604322474602,89.90781566383312,4058100
2022-07-08,88.78800201416016,89.0941963769478,88.68302490379669,89.08545273410853,3664900
2022-07-11,89.48788452148438,89.63660655076664,89.2166847416712,89.26042298141121,2765700
2022-07-12,89.69786071777344,90.13528323696636,89.62787151281346,89.96031689910437,3669200
2022-07-13,90.08277893066406,90.15276812339508,89.0417113810349,89.15544548785698,6809400
2022-07-14,89.58411407470703,89.79407497007071,89.17293592682313,89.4091410997902,5370400
2022-07-15,89.89033508300781,90.1002960406083,89.6191352346681,89.64537952005084,3834000
2022-07-18,89.62788391113281,89.7591120199512,89.26045054607243,89.60163962427691,3150700
2022-07-19,89.2166976928711,89.59288131683547,89.12920785161695,89.51414179461429,2996100
2022-07-20,89.12920379638672,89.6628597659752,89.05922127092039,89.65411612187783,53057500
2022-07-21,90.14400482177734,90.14400482177734,89.40038811109339,89.48787125213813,5344300
2022-07-22,91.17634582519531,91.38630675369329,90.82640649467365,90.98387885968151,7747100
2022-07-25,90.8526382446289,90.89638315786173,90.59018878884189,90.61643306696692,2994500
2022-07-26,90.88766479492188,91.59628725158453,90.85267018693942,91.46506581482404,4736300
2022-07-27,91.07135772705078,91.51753051927952,91.00136852934094,91.1063523259057,7475300
2022-07-28,91.97245025634766,92.13867293824022,91.64001156710003,91.94620597489883,5768100
2022-07-29,92.00746154785156,92.36615125815666,91.69251676425543,91.78875026338417,5961100
2022-08-01,92.54552459716797,92.6068707957736,92.13362582671543,92.27384952994785,9672400
2022-08-02,91.26603698730469,92.67700660623225,91.20469077283984,92.51049258715511,9269700
2022-08-03,91.64287567138672,91.6516413262561,90.64380497581531,91.12581570009783,7829500
2022-08-04,92.10736846923828,92.13365875143086,91.60783304886951,91.73929114606898,9873200
2022-08-05,90.77528381347656,90.94179117666027,90.57371382279676,90.90674192163843,10047200
2022-08-08,91.30985260009766,91.35366750114096,91.0644677583017,91.14333859192091,6681300
2022-08-09,91.03816986083984,91.21344952192241,90.95053337341626,91.0557011700658,3814700
2022-08-10,91.0907974243164,91.7656060310461,91.08203176582325,91.4501091876758,7260300
2022-08-11,90.4860610961914,91.3974953468694,90.38965894656536,91.30109319724335,8309300
2022-08-12,90.8453598022461,90.8804090434197,90.5473877623946,90.83659414883546,4128600
2022-08-15,91.13457489013672,91.43254698029952,91.09951895680959,91.292323246991,3441100
2022-08-16,91.02941131591797,91.06446724829756,90.60874681359834,90.9592994511588,3241800
2022-08-17,90.41593933105469,90.58245333241008,90.23190070724698,90.5386317469265,6366700
2022-08-18,90.59122467041016,90.90672138422757,90.51234714883799,90.661329850853,3709200
2022-08-19,89.81126403808594,89.99530270519683,89.7060962199211,89.93395648282653,6678000
2022-08-22,89.4168701171875,89.78494737065563,89.37305521724242,89.74113247071055,4125800
2022-08-23,89.19780731201172,89.82003527711343,89.13646108126191,89.26791920036513,7755000
2022-08-24,88.8998031616211,89.07507612005705,88.76834509967675,88.98743964083907,3504600
2022-08-25,89.46946716308594,89.50452310124487,88.8560049608959,88.96993174523504,6645300
2022-08-26,89.36429595947266,89.59215618869739,89.05756489296002,89.26789381196357,5535900
2022-08-29,88.8559799194336,89.0224939072023,88.73328751357286,89.0224939072023,4416900
2022-08-30,88.82967376708984,89.14517037897737,88.53170177309232,88.85596403704156,4474200
2022-08-31,88.46160888671875,88.8997979433223,88.31261952593542,88.69822803534153,5797600
2022-09-01,87.75840759277344,88.06568359347459,87.55648623436173,87.87253676500116,10324200
2022-09-02,88.25003051757812,88.48707673803479,87.98665401476445,88.10956438903344,5741900
2022-09-06,87.26673889160156,87.74082458750853,87.22283946308498,87.71448760964354,6769400
2022-09-07,87.83741760253906,87.94276553754324,87.56525314151257,87.60915257984023,7169700
2022-09-08,87.5125732421875,88.02177722057213,87.5125732421875,87.82863042200462,5773600
2022-09-09,87.52133178710938,87.8725003864642,87.41597718843592,87.70569731120416,5780600
2022-09-12,87.31063842773438,87.83740481854433,87.15260985011396,87.76716840668794,4034200
2022-09-13,86.8189926147461,86.87166657195716,86.60829008778923,86.70486347475124,5100500
2022-09-14,86.8629150390625,87.07361762179708,86.64343122843064,86.68732397168841,3866600
2022-09-15,86.5644302368164,86.7312401084033,86.47663803528695,86.6258854476986,4622600
2022-09-16,86.63463592529297,86.90679366286334,86.43270790514792,86.49416309421585,4718200
2022-09-19,86.3888168334961,86.5731824042521,86.24834399971245,86.30979918996445,3879000
2022-09-20,85.85328674316406,86.07277055014686,85.63380293618127,85.77426908963086,4869100
2022-09-21,86.19566345214844,86.28345561750062,85.42308301969113,86.0025166695059,5414900
2022-09-22,84.89633178710938,85.35286184542144,84.79975837854775,85.3001878764293,6662400
2022-09-23,85.0016860961914,85.13337771627917,84.52760028274388,84.86121994671475,7630600
2022-09-26,83.58821105957031,84.54516392743416,83.46530066525592,84.53638269980767,8015500
2022-09-27,83.0175552368164,83.71112488926154,82.97366249311091,83.61455147574928,8668400
2022-09-28,84.8875503540039,84.98412375471146,83.86036115539738,84.19398079351934,8471700
2022-09-29,84.49247741699219,84.79097885262391,84.18520145245488,84.26421909940085,6056500
2022-09-30,84.27297973632812,85.05434135939673,83.98326627358715,84.86120128360693,8847200
2022-10-03,85.2731704711914,85.89772041383476,84.8773244211067,85.07964663041962,10579900
2022-10-04,85.44908142089844,85.94168258705493,85.29074437303562,85.61621683563905,7361400
2022-10-05,84.63980865478516,84.96527441579802,84.4286948218055,84.93888602557404,8603700
2022-10-06,84.173583984375,84.61340832253362,84.05922536129421,84.49904969945283,11298400
2022-10-07,83.7601547241211,84.03284368798414,83.62820606989507,83.73376633551335,5085300
2022-10-10,83.26756286621094,83.68979055342969,82.96847876917523,83.63701377032437,3829100
2022-10-11,83.47866821289062,83.94488097936878,83.2499576574002,83.54904172399344,5498500
2022-10-12,83.75135803222656,83.86570995554247,83.31153365013661,83.36431042840742,5847400
2022-10-13,83.3995132446289,83.77776255451354,82.66061136179684,82.66940973026544,6220100
2022-10-14,82.93328094482422,83.85691479306176,82.88930253516688,83.84811642665542,5886200
2022-10-17,83.02125549316406,83.66340210230328,82.9772770776703,83.53145343344585,3215200
2022-10-18,83.23239135742188,83.3907284469374,82.74858171968292,83.2411830154249,4006600
2022-10-19,82.36150360107422,82.74855116836483,82.29992846184042,82.58141577136446,5762600
2022-10-20,81.7457504272461,82.37909853766928,81.6841752893542,82.16798473792379,5738400
2022-10-21,81.93048858642578,82.09762400578416,81.34992386901351,81.45547742971334,7528500
2022-10-24,81.82495880126953,82.18561816453742,81.5346796900037,81.90413071248038,6210800
2022-10-25,82.84532165527344,83.074032215236,82.6517978515503,82.72217136402918,6301500
2022-10-26,83.26756286621094,83.4083031915545,83.03885228744106,83.0476506550213,6692700
2022-10-27,83.85691833496094,83.98006862510253,83.27634692898987,83.53144587605102,7238100
2022-10-28,83.42589569091797,83.73377816466932,83.19719181655013,83.32034212157537,5659800
2022-10-31,83.04765319824219,83.17959516004603,82.6957923073259,83.06524322275327,4586900
2022-11-01,83.03264617919922,83.73787746838399,82.89159588597337,83.71143221981617,6066400
2022-11-02,82.8916244506836,83.63212529400187,82.68005566358572,83.13845582323952,7581400
2022-11-03,82.5301742553711,82.68003516217034,82.1422926371624,82.15110996275318,8403900
2022-11-04,82.3538589477539,82.82107630558089,82.33623102274002,82.5477997511497,5287000
2022-11-07,82.0629653930664,82.50373759535118,82.04533746426104,82.45966441051273,4289300
2022-11-08,82.60950469970703,82.75936559687523,82.26570300589842,82.29214825532242,4679200
2022-11-09,82.8916244506836,82.94451496604543,82.4596695487107,82.5213773918497,3658100
2022-11-10,84.75166320800781,84.7869257848989,84.12576760090113,84.12576760090113,9608300
2022-11-11,84.57535552978516,84.68113653290915,84.31970689615429,84.3637800722397,2840200
2022-11-14,84.37260437011719,84.49602003439318,84.21392612666958,84.48720270818797,4130800
2022-11-15,84.9985122680664,85.06022010909803,84.57537470832116,84.78694348819378,6841600
2022-11-16,85.62440490722656,85.71256472749583,85.19245003563717,85.39520820634648,6140100
2022-11-17,85.04258728027344,85.18363088351255,84.85746376784405,85.09547779078187,5986800
2022-11-18,84.74285125732422,85.14836082881841,84.72522333058502,85.0425798170847,3102100
2022-11-21,84.68994903564453,85.1659836995405,84.66350378636947,85.10427587601593,4477700
2022-11-22,85.17484283447266,85.2629959505442,84.963267285119,85.05142712684219,5532800
2022-11-23,85.63320922851562,85.66847180613769,85.201254422531,85.28940750376168,5236500
2022-11-25,85.60675811767578,85.61557544289008,85.3775547416438,85.39518939207238,1345400
2022-11-28,85.64204406738281,85.81835026589725,85.51862838329264,85.70375190942791,4218400
2022-11-29,85.28060150146484,85.58033008822576,85.25415624614915,85.29823615544188,3356600
2022-11-30,86.04755401611328,86.04755401611328,84.9808860422421,85.13074698408714,7127100
2022-12-01,86.98737335205078,87.00503638410716,86.18356724310158,86.2100651607077,17629100
2022-12-02,87.16404724121094,87.17288212844451,86.21891647855074,86.49273733139187,5783700
2022-12-05,86.28072357177734,86.67820578080811,86.23655588675501,86.64287298059877,6295800
2022-12-06,86.81072235107422,86.9255556633076,86.43090308400932,86.50156870091539,5745500
2022-12-07,87.57035064697266,87.66751417409765,87.11103766887183,87.16403350583333,5386200
2022-12-08,87.07569885253906,87.34068475809437,86.96086556165983,87.11103165442168,5325800
2022-12-09,86.43090057373047,86.89022033123534,86.43090057373047,86.81955471638167,4343100
2022-12-12,86.30723571777344,86.90787994228342,86.19240915244201,86.82838618298712,5192200
2022-12-13,87.08452606201172,87.67634206337615,87.00503231291306,87.57034365886845,7856600
2022-12-14,87.32300567626953,87.43783220700018,86.74885954453296,87.13751355476234,6533200
2022-12-15,87.49292755126953,87.62568167381936,87.21857398291365,87.44867392636786,4344200
2022-12-16,87.27171325683594,87.43101692707437,86.79380224612062,86.88230278466236,4432800
2022-12-19,86.56369018554688,86.78494489453941,86.49289381030924,86.77609956773337,3951100
2022-12-20,85.93533325195312,86.12118640942327,85.83798063344614,85.91763584502381,4199800
2022-12-21,86.04150390625,86.3247095701721,85.92644717417951,86.28930801816239,4406600
2022-12-22,86.01497650146484,86.27163275527579,85.97072286205844,86.05922338871387,2143100
2022-12-23,85.62554931640625,85.80255033506094,85.57245036124105,85.6078519154032,3164900
2022-12-27,84.90869140625,85.32465125192142,84.873289850006,85.15649554780154,4780800
2022-12-28,84.70516967773438,85.10343228842392,84.68747226826694,85.03262914623565,3161200
2022-12-29,85.12110137939453,85.20074982373905,84.89099461991532,84.9352482571003,4021800
2022-12-30,84.7671127319336,85.20077012059433,84.62551321309196,84.83791586743374,5043800
2023-01-03,85.43085479736328,85.84681467044145,85.26269908216396,85.7671662277619,6808300
2023-01-04,86.08575439453125,86.21850853209949,85.83795027222035,86.14770542510898,7800100
2023-01-05,85.96188354492188,86.04153875724687,85.46627512035165,85.58132514686734,3177900
2023-01-06,87.06812286376953,87.11237649230743,85.91760279549689,85.99725122427826,6807700
2023-01-09,87.28942108154297,87.44872477079407,86.90886264345197,86.96196837464173,4988000
2023-01-10,86.74068450927734,87.02389022264148,86.58138087350021,86.92653762565786,4026900
2023-01-11,87.2982406616211,87.31594481614626,86.94423184484026,86.99733755625915,7118700
2023-01-12,88.0770492553711,88.0770492553711,87.15663584120568,87.58144099356569,5768000
2023-01-13,87.60800170898438,88.05936314939933,87.49295170549536,87.8469605459746,5573500
2023-01-17,87.33365631103516,87.63455946495208,87.29825474842887,87.31595890581085,3709000
2023-01-18,88.51957702636719,88.55497858847464,88.10362386395899,88.38682960866115,7926400
2023-01-19,88.3514175415039,88.48417169558294,88.17440975201295,88.34256546399017,4234100
2023-01-20,87.76729583740234,88.01509997323377,87.66994324801767,87.90004998221384,8822700
2023-01-23,87.48411560058594,87.74077188799005,87.44871403485865,87.47526352111456,4334900
2023-01-24,87.98857116699219,88.00627532494322,87.3071096333512,87.59916747012214,3540300
2023-01-25,88.08592987060547,88.26293770156681,87.80272409322568,88.0505283044132,2924700
2023-01-26,87.76729583740234,88.08590308408742,87.64339376948662,87.9177473838491,2875400
2023-01-27,87.63458251953125,87.63458251953125,87.41332775915335,87.43988400221262,5524100
2023-01-30,87.3602066040039,87.57260922945103,87.31595971445452,87.38675608816509,2584600
2023-01-31,87.80274200439453,87.83814357780848,87.38678195698026,87.75849510174687,4856400
2023-02-01,88.4342041015625,88.48741678224641,87.65372212952227,87.98187601589649,20159100
2023-02-02,88.3987045288086,88.87763883455699,88.37209819514744,88.70912303254852,5823000
2023-02-03,87.44970703125,87.80447393582905,87.33441066307356,87.63595813366543,5267000
2023-02-06,86.69584655761719,86.95305243868243,86.65149814940636,86.8288850156326,5500400
2023-02-07,86.48298645019531,87.03286880220267,86.43863804333549,86.60715386946258,5678900
2023-02-08,86.8022689819336,86.81113324929201,86.3854183511336,86.57166946490494,6137600
2023-02-09,86.4120101928711,87.04171816713168,86.31444913536163,87.02398286877322,7358300
2023-02-10,85.99519348144531,86.36769579313406,85.93310976283053,86.34108945181599,5290000
2023-02-13,86.19917297363281,86.2435146132246,85.98630874377189,86.00405081290201,17262300
2023-02-14,85.80890655517578,86.13706708340953,85.57830708218408,85.93307394064476,7133600
2023-02-15,85.55172729492188,85.85328158648782,85.4364309059621,85.65815941546582,4964700
2023-02-16,85.26789093017578,85.5250967403674,85.18807193733106,85.34771668963569,27126400
2023-02-17,85.50739288330078,85.53399922403226,85.05506479101257,85.08167113174406,4540500
2023-02-21,84.57611846923828,84.9929691264158,84.55837640016615,84.92201438336075,11382100
2023-02-22,84.72688293457031,84.97521774142106,84.68254129998468,84.8244440039211,30136400
2023-02-23,85.0550308227539,85.14372084531144,84.70913499814903,84.7534766261203,7059800
2023-02-24,84.54063415527344,84.65593052830727,84.35438304501132,84.51402782046686,10757200
2023-02-27,84.7978515625,84.93089002128494,84.65594206869817,84.84219997096734,3693200
2023-02-28,84.93090057373047,84.9575069154698,84.4342240503304,84.5406561839057,4690000
2023-03-01,84.25188446044922,84.69625092536616,84.20744510175986,84.55405040195555,8328600
2023-03-02,83.90528869628906,83.97638218558015,83.727538021824,83.79863829161002,12952800
2023-03-03,84.5807113647461,84.5807113647461,84.10079476863734,84.34964568478178,5696900
2023-03-06,84.42962646484375,84.80289265979081,84.36741543235257,84.77623175736517,3766400
2023-03-07,84.43852996826172,84.68737414029779,84.23411838094914,84.58072373207013,5053300
2023-03-08,84.41185760498047,84.92731755688494,84.30520721122735,84.76734535650239,5163500
2023-03-09,84.93621063232422,85.06952193543088,84.50073337063735,84.5540551796822,12498800
2023-03-10,86.50037384033203,86.5803565458221,85.91380687809621,86.03822894029886,11041300
2023-03-13,87.54910278320312,88.35784640793966,87.22026908319182,87.94014075077538,23930600
2023-03-14,86.72257232666016,87.25581079859563,86.5448216490183,87.17582129853304,47886700
2023-03-15,87.9756851196289,88.67778506193115,87.5579794898609,88.21564684674873,25157400
2023-03-16,87.18470764160156,88.66000770496673,87.07806401904155,88.45559612756867,13961000
2023-03-17,88.21563720703125,88.54446406904752,87.78015316628857,87.86014266008611,12293700
2023-03-20,87.860107421875,88.36668474443722,87.65569593570451,88.35779551969281,7982400
2023-03-21,87.09583282470703,87.504649185531,86.97141074882559,87.25580503376811,9851600
2023-03-22,88.2423095703125,88.31340984503328,86.87365979416694,86.94476006888772,10705200
2023-03-23,88.74889373779297,88.81999401778201,87.96681099940126,88.10011554876084,7118800
2023-03-24,88.77554321289062,89.38877118294113,88.66001035816163,89.26434909923451,9135800
2023-03-27,87.68240356445312,88.10899161968403,87.65573587806816,87.93124772675363,8284400
2023-03-28,87.62907409667969,87.76238540529302,87.41578007119524,87.49576278806636,13324800
2023-03-29,87.4780044555664,87.64686592426875,87.2647103975448,87.30026053729772,13404700
2023-03-30,87.6113052368164,87.69128795625927,87.3713435174977,87.39800442397866,4157500
2023-03-31,88.09123229980469,88.15344334910662,87.61131558497725,87.75350936316917,6330100
2023-04-03,88.50618743896484,88.65756977015863,87.92736505000885,87.98969935073154,7226600
2023-04-04,89.07609558105469,89.17405044460787,88.11436062649372,88.13217430746448,6763200
2023-04-05,89.45011901855469,89.73507682500117,89.31655035454072,89.40559839519337,6257100
2023-04-06,89.47683715820312,89.6905538088539,89.45902347418982,89.48573720627995,4264700
2023-04-10,88.59523010253906,88.83566724356805,88.48837519001846,88.77333294662144,6025100
2023-04-11,88.55961608886719,88.67538464457208,88.35480629542356,88.66647780322647,5459000
2023-04-12,88.81787109375,89.00487402150195,88.41715150484299,88.96926023958457,5857200
2023-04-13,88.52400970458984,89.11173219782731,88.45276855573383,88.96034985195567,39858200
2023-04-14,88.08765411376953,88.24794328599148,87.97189235369282,88.23013639749092,4968500
2023-04-17,87.52664947509766,87.8027004202237,87.49993574414088,87.74927295831016,5681000
2023-04-18,87.66910552978516,87.86501523859543,87.53553690462181,87.55334379000091,5061300
2023-04-19,87.48212432861328,87.54445863377144,87.25060079169995,87.46431743882368,4648100
2023-04-20,87.98968505859375,88.06092618897065,87.87392331717739,87.96297133318444,4608000
2023-04-21,87.77599334716797,88.24795408034846,87.70475219659316,88.17671292977366,5948100
2023-04-24,88.20340728759766,88.2212141729932,87.95406333456376,88.01639762434021,5143700
2023-04-25,89.07609558105469,89.11171614906755,88.684276126842,88.70208980781275,13076800
2023-04-26,88.72879791259766,89.16513795372906,88.59522248949631,89.05828305039057,5903000
2023-04-27,88.1500015258789,88.40824560808832,88.05204663973291,88.3637249832503,5065800
2023-04-28,88.80896759033203,88.81786763850006,88.48838921410571,88.68429218275077,8525900
2023-05-01,87.763671875,88.5224085248023,87.64763204252402,88.46885272677477,17442000
2023-05-02,88.90625762939453,88.93303553342662,88.01362450699047,88.0671871253049,8540700
2023-05-03,89.48644256591797,89.51322046158478,88.9865703528092,89.14724453705819,9534800
2023-05-04,89.46862030029297,89.9774209044983,89.2276055449982,89.24546202107571,12014100
2023-05-05,88.98658752441406,89.02229366227601,88.76342927046399,88.95088138655211,11254400
2023-05-08,88.44207763671875,88.62952974601765,88.39744326344555,88.43314940001427,7022400
2023-05-09,88.3349609375,88.52241305042867,88.31711127399461,88.43315111240302,7317200
2023-05-10,88.9955062866211,89.06691856020687,88.72772047604832,88.73664871280884,9930800
2023-05-11,89.3257827758789,89.6292815329217,89.22759260244588,89.52216312274497,5979600
2023-05-12,88.79022216796875,89.32580070585828,88.76344426261187,89.25438841807285,5107300
2023-05-15,88.59381866455078,88.59381866455078,88.47777883486613,88.54026286781153,4459100
2023-05-16,88.3082046508789,88.370688703815,88.05826843913455,88.2546488370054,7194000
2023-05-17,88.02252960205078,88.38850554468328,87.91541120383594,88.3617276476917,5542600
2023-05-18,87.4780502319336,87.71013676186807,87.44234408807824,87.70120852334159,9448900
2023-05-19,87.14775085449219,87.5672894229183,86.99600489024198,87.16560732690328,12923500
2023-05-22,86.98707580566406,87.38876470801027,86.94244824556921,87.16560647678975,7034700
2023-05-23,87.1299057006836,87.23702410994633,86.7907076200587,86.86211308265135,8264200
2023-05-24,86.90674591064453,87.27272188451622,86.86211153834964,87.23702255897916,7415400
2023-05-25,86.36225128173828,86.81749606358179,86.29083900022361,86.74608378206712,11647700
2023-05-26,86.52291870117188,86.52291870117188,86.04089605425524,86.22834817079236,7408900
2023-05-30,87.20130157470703,87.20130157470703,86.71927903904621,86.78176306346995,7883000
2023-05-31,87.53158569335938,87.66548199912624,87.13883182275863,87.25487165562379,10817900
2023-06-01,87.77497100830078,88.02549990858029,87.65865596928545,87.79286983054963,18161600
2023-06-02,87.0770492553711,87.64968857463312,87.00546763386355,87.62284717316757,7585400
2023-06-05,87.05021667480469,87.29179613887322,86.62968313883368,86.719156761585,6243100
2023-06-06,87.10391998291016,87.13076139341264,86.84444163738374,87.08602798470899,3986200
2023-06-07,86.4686279296875,87.07705812165433,86.37915430689235,86.98758449885918,8226600
2023-06-08,87.05021667480469,87.06810866879502,86.5849429142581,86.6207337286386,5841900
2023-06-09,86.7370376586914,86.86230206993866,86.5849250224068,86.75492964898454,6421900
2023-06-12,86.88021087646484,86.89810969662085,86.49546815990783,86.87126146638684,5261700
2023-06-13,86.26285552978516,87.0770745249205,86.12864165710977,87.01444229452548,9173500
2023-06-14,86.37914276123047,86.63862101113376,86.05703230110217,86.52229917328809,7704400
2023-06-15,87.05021667480469,87.1128488933706,86.77284639635566,86.88916142329238,5959100
2023-06-16,86.67442321777344,86.83547846901513,86.42388751753094,86.62073358309298,6538100
2023-06-20,86.93390655517578,87.13969521648032,86.83548351667352,86.83548351667352,5477300
2023-06-21,87.01444244384766,87.08602408625084,86.56706741842942,86.70128129133512,5119600
2023-06-22,86.52229309082031,86.90703573412644,86.45966088499831,86.75492992375851,4102100
2023-06-23,86.88021087646484,87.23811218918762,86.77284526112784,87.21127078535336,4112100
2023-06-26,87.09495544433594,87.17548648825856,86.93390700929123,87.10390485508296,2976600
2023-06-27,86.79074096679688,87.23811592023397,86.67442593640725,87.07706066394061,4752500
2023-06-28,87.13971710205078,87.17550792744066,86.746024849164,86.91602956316547,5257300
2023-06-29,86.24494171142578,86.41494637568424,86.09283586782607,86.35231415617848,8268700
2023-06-30,86.4328384399414,86.48652807556121,86.17336015137884,86.27178318588189,7450600
2023-07-03,86.05792999267578,86.65886083084267,86.05792999267578,86.3897869126883,4687100
2023-07-05,85.64531707763672,86.10273979881056,85.53769303230001,86.05789188469963,10181200
2023-07-06,84.94576263427734,85.08029958006196,84.63184765600211,84.99061056381665,9285100
2023-07-07,84.83815002441406,85.16103602687025,84.79330892802751,84.82918591083762,6577600
2023-07-10,85.27762603759766,85.4031920385023,84.96371103533606,84.97267514766222,6622700
2023-07-11,85.45698547363281,85.58255144719267,85.32244854686658,85.43905041005242,6327100
2023-07-12,86.29109954833984,86.40769455969466,85.89645975170538,86.02203255840601,8255100
2023-07-13,87.0086441040039,87.0624561451114,86.62297517612251,86.7126641922461,9742600
2023-07-14,86.578125,86.92791694378845,86.54224802591489,86.82029286436624,7491100
2023-07-17,86.72164916992188,86.80236724463552,86.53330015275561,86.64092425237381,3182400
2023-07-18,86.82029724121094,87.1073062055276,86.76647835595355,86.99967527784631,3626500
2023-07-19,87.11628723144531,87.17010612715191,86.81134314139204,86.9817570992658,5059300
2023-07-20,86.42566680908203,86.70370484915001,86.27319477696953,86.66782786932927,9486600
2023-07-21,86.49742889404297,86.69474888017562,86.4705228673585,86.61402395728733,4560100
2023-07-24,86.29109954833984,86.73955137439472,86.25522258111563,86.64986237775011,7451100
2023-07-25,86.12966918945312,86.18348122672838,85.9413202161569,85.95029116998039,4079300
2023-07-26,86.42566680908203,86.47051474456651,86.07587480937255,86.32700682528355,4880100
2023-07-27,85.4839096069336,86.19246451808883,85.36731456187024,86.09380454040684,8522800
2023-07-28,85.76194763183594,85.86957171320712,85.60050466694592,85.6812227279743,5794100
2023-07-31,85.86956787109375,86.02204671760255,85.71709586741788,85.72606682140851,6347000
2023-08-01,85.36786651611328,85.58366707511448,85.22399490332843,85.45778284401577,7714000
2023-08-02,85.19698333740234,85.23295122482888,84.84630501020999,85.11606073582244,8009200
2023-08-03,84.56757354736328,84.74740614790463,84.48664407499788,84.62152195549089,11057900
2023-08-04,85.46675872802734,85.53868765925743,84.88229242816945,84.88229242816945,10189900
2023-08-07,85.25993347167969,85.40380503496355,85.16102348696545,85.35884345639391,4007400
2023-08-08,85.69155883789062,85.90735936680566,85.59264883293474,85.70054566730471,5401400
2023-08-09,85.74549102783203,85.88935573315744,85.65557472948193,85.69154262085674,5317200
2023-08-10,85.089111328125,85.90736563607838,85.08012449805508,85.74551351253682,8462100
2023-08-11,84.63951110839844,85.0261574131737,84.60354321258508,84.7384211068415,5915000
2023-08-14,84.50463104248047,84.75639942609037,84.32479158263487,84.50463104248047,6218400
2023-08-15,84.34280395507812,84.68448873978772,84.29784236174814,84.41473290015973,9602600
2023-08-16,84.01907348632812,84.52261024572789,83.95613139140315,84.32479027305689,7199600
2023-08-17,83.91117858886719,84.0460564807209,83.67739070033238,83.99210806804923,9858300
2023-08-18,84.16294860839844,84.35177491654383,84.01908388512443,84.06403860982114,7510500
2023-08-21,83.64144134521484,83.80329347928071,83.54253818678532,83.76733243631148,10864000
2023-08-22,83.67738342285156,83.76730658304973,83.48855713474853,83.56948660689208,6330500
2023-08-23,84.58554077148438,84.58554077148438,84.16292668043087,84.18990088025592,8550500
2023-08-24,84.27086639404297,84.5675964394162,84.24389218267737,84.32481481677416,5735800
2023-08-25,84.24386596679688,84.45966645074245,83.92914863833302,84.15394280999367,7895700
2023-08-28,84.4776382446289,84.5046193049886,84.26183778296232,84.44167721782863,3301700
2023-08-29,85.08010864257812,85.1160765366817,84.26185448711409,84.27984186425304,7064200
2023-08-30,85.07112121582031,85.23297332111264,85.01717280078115,85.1880117351301,6346700
2023-08-31,85.24193572998047,85.3678198923273,85.08907050984016,85.16999996287589,6167300
2023-09-01,84.72090911865234,85.2617945664245,84.61272927800526,85.252777860271,7746600
2023-09-05,84.20706176757812,84.48651774168052,84.17100182289859,84.47750103607783,4993400
2023-09-06,83.99071502685547,84.3693341876686,83.94564524736758,84.35130765141989,7344100
2023-09-07,84.27915954589844,84.31521948406021,84.09886673281957,84.189013139359,7137500
2023-09-08,84.29719543457031,84.61271130560841,84.26113549534736,84.48650495719318,4648500
2023-09-11,84.15296936035156,84.23410595622796,84.05380623079778,84.11690941526552,4321700
2023-09-12,84.2701416015625,84.28816813004184,84.08082522501839,84.17998832597794,4998400
2023-09-13,84.36930847167969,84.48650499363737,84.1259124789825,84.14393900973667,6675400
2023-09-14,84.17998504638672,84.50451756820553,84.1258985853266,84.43240457936837,6421000
2023-09-15,83.91858673095703,84.0988864640677,83.85548354380118,84.04479998300029,9367700
2023-09-18,83.999755859375,84.0628590709677,83.81044622459692,83.81044622459692,4622200
2023-09-19,83.69322204589844,83.9636682222838,83.65716897493023,83.81041859860701,7536800
2023-09-20,83.63008117675781,84.05377678592991,83.6120546493953,83.92757046120573,10751800
2023-09-21,83.00810241699219,83.13430879669639,82.95400905588191,83.05317219389691,8702500
2023-09-22,83.33264923095703,83.40476226180297,83.0261430583629,83.08924625893624,8637800
2023-09-25,82.7196044921875,82.95398376719756,82.68354455501755,82.80073419252257,11712000
2023-09-26,82.69261169433594,82.92699111229787,82.59344852606975,82.87290461241957,8281800
2023-09-27,82.3229751586914,82.94499721336891,82.1066223526986,82.9089372660815,10586100
2023-09-28,82.54833984375,82.56636637747371,81.89927458599533,82.13366079079147,11654600
2023-09-29,82.56639862060547,82.97206800398637,82.44019220206047,82.8909313762166,13488300
2023-10-02,81.89663696289062,82.24009239717424,81.79721438270107,82.14971011401815,21010000
2023-10-03,81.21873474121094,81.87853141330648,81.17354016554452,81.72488088919918,21364700
2023-10-04,81.73392486572266,81.77911944342516,81.28200667159518,81.4718114856418,14054000
2023-10-05,81.88758850097656,81.9418233820435,81.7158642488202,81.92374278977935,11315900
2023-10-06,81.40856170654297,81.67067514616384,81.06510628344974,81.13740797018318,12257100
2023-10-09,82.44795989990234,82.44795989990234,81.89661912827158,82.0231556762795,5816700
2023-10-10,82.2852554321289,82.51121450123216,81.9327598359857,82.03218237804903,11508300
2023-10-11,82.7371826171875,82.79141059307028,82.42987466382841,82.6106460763115,14815800
2023-10-12,81.94181823730469,82.6016150032849,81.84239567327067,82.55642042118761,12855900
2023-10-13,82.46601867675781,82.57448151074068,82.30332787364522,82.5383272327464,9872500
2023-10-16,81.97797393798828,82.04124222190279,81.86951796312098,81.98701423446914,7248000
2023-10-17,81.17354583740234,81.38143124597977,81.02893559746879,81.2548947001412,11191600
2023-10-18,80.79393768310547,81.06509136958003,80.65836083986818,80.94758822076953,13794200
2023-10-19,80.3962631225586,80.89337601277107,80.31492113819257,80.56799428385492,27116700
2023-10-20,80.86625671386719,80.98375298215339,80.66741157082468,80.68548526758964,12587100
2023-10-23,81.24588775634766,81.34531035399407,80.4505138709038,80.57705046868516,12365000
2023-10-24,81.3904800415039,81.39951344163258,80.9927897726329,81.18259461121444,10906000
2023-10-25,80.67645263671875,80.99279405106533,80.57703006424902,80.96568005779643,15170200
2023-10-26,81.29105377197266,81.32720805801662,80.7397129773209,80.7577866724804,15901300
2023-10-27,81.41761016845703,81.42664357037592,81.08318811283837,81.22780529226048,11628200
2023-10-30,81.14645385742188,81.2820307349422,80.87530699810766,81.01991727726329,11022500
2023-10-31,80.9747085571289,81.36335852715195,80.9566348612855,81.19163428160122,11574700
2023-11-01,81.9073715209961,81.95268515947569,81.17321866219251,81.20947372194354,22448900
2023-11-02,82.41490936279297,82.67775329865681,82.2336410211357,82.5327330933758,14046200
2023-11-03,83.04934692382812,83.60222429839276,83.0402883481386,83.42095597539657,23133700
2023-11-06,82.56897735595703,82.76837665469225,82.47834319697095,82.74118709849074,11246700
2023-11-07,83.04029846191406,83.22156680698757,82.83183364162983,82.83183364162983,13189400
2023-11-08,83.37564849853516,83.4572240971231,83.04935993407209,83.05842542612505,11117600
2023-11-09,82.55084991455078,83.23967502663268,82.5055293794394,83.23061645156464,17067900
2023-11-10,82.6415023803711,82.91341182139962,82.55086820500969,82.89528083736074,10674700
2023-11-13,82.5961685180664,82.62336498973978,82.19737682778539,82.32426603582161,8930200
2023-11-14,83.837890625,83.90133523860493,83.63849129225757,83.77444601139507,14313600
2023-11-15,83.18531036376953,83.43908880860583,83.11280026097516,83.43003023196454,12969400
2023-11-16,83.8106918334961,83.93758104673076,83.66567163840305,83.67473712933224,10375600
2023-11-17,83.86506652832031,83.95570068800403,83.70192227491239,83.91038706563374,8462000
2023-11-20,83.98290252685547,84.03728164315254,83.66567257527305,83.69286213342158,7481200
2023-11-21,84.0916519165039,84.20948254268143,83.87412855924649,84.08258642642652,9153300
2023-11-22,84.06446838378906,84.28199175663036,83.85600358673128,84.21854715142902,7255100
2023-11-24,83.62944030761719,83.76539505033891,83.62038172906242,83.70195042572817,4125800
2023-11-27,84.26387786865234,84.27294336047426,83.82882415547472,83.88321019146203,9539800
2023-11-28,84.63545989990234,84.66265636889183,84.11883762818252,84.1641581615558,13563300
2023-11-29,85.07960510253906,85.1702392821507,84.82581971870394,84.94365037564927,19075400
2023-11-30,84.6626968383789,84.7895860945472,84.4904870271737,84.76238961255757,18446700
2023-12-01,85.46148681640625,85.50692155787354,84.61632297074203,84.64358520230763,21393200
2023-12-04,85.10706329345703,85.3251680777531,84.92530352868857,85.13432552481578,16402000
2023-12-05,85.70687103271484,85.79775440073925,85.41606228194834,85.47059368944848,25452100
2023-12-06,86.06127166748047,86.14306529080986,85.79773215550708,85.89769135424743,14023400
2023-12-07,85.93404388427734,86.20668005264439,85.84316747263024,85.87951942397424,13730100
2023-12-08,85.37969207763672,85.56145184141988,85.17976673761432,85.45239598314998,13825300
2023-12-11,85.3887939453125,85.42514590324001,85.02528129946437,85.19795136626331,10484600
2023-12-12,85.57054138183594,85.62506584414245,85.29790520345132,85.3796918969111,7248000
2023-12-13,86.84283447265625,86.95189034251746,85.7613932302631,85.8250074209921,16155200
2023-12-14,87.56470489501953,87.74699566017371,87.24569257902624,87.2912617933413,32373200
2023-12-15,87.49179077148438,87.63762895503984,87.35506921288797,87.40064538373588,9407100
2023-12-18,87.30037689208984,87.33683643527289,87.16365534364013,87.32771981099043,8634100
2023-12-19,87.46443939208984,87.62850385574981,87.40063693144134,87.4462130978817,9047100
2023-12-20,87.892822265625,87.94750809718326,87.48266462104598,87.66495536220421,12659100
2023-12-21,87.75611114501953,88.13892591924026,87.63762284460269,88.08424008119356,8939700
2023-12-22,87.67407989501953,87.93840636130754,87.5464749739076,87.92017311317919,4956400
2023-12-26,87.72876739501953,87.81079615131262,87.61938876601528,87.63762201448938,3342500
2023-12-27,88.41236114501953,88.44882068511988,88.03865607445051,88.10246548508582,7362400
2023-12-28,88.07511138916016,88.3758973650983,87.98396602025507,88.23006616563931,4858500
2023-12-29,87.85636901855469,88.08423593829447,87.76522364144807,87.81990947692273,7820500
2024-01-02,87.52824401855469,87.63762264835003,87.42798201306232,87.4462152616683,9444000
2024-01-03,87.73788452148438,87.81079665395778,87.0725100273067,87.14542911372693,11040500
2024-01-04,87.20924377441406,87.34596534208947,87.11809838061305,87.21836039997851,7354800
2024-01-05,86.89022064208984,87.51912864907642,86.8264181789478,86.89022064208984,10001000
2024-01-08,87.18189239501953,87.46444517457937,86.91756591087284,86.9449088309661,7044700
2024-01-09,87.14542388916016,87.27302880577194,87.06338818336891,87.06338818336891,7360800
2024-01-10,87.00872039794922,87.37330892987612,86.99049410062942,87.30950645833501,9212700
2024-01-11,87.47354888916016,87.53735134461029,87.02693170100926,87.13630336524028,10305400
2024-01-12,87.71055603027344,87.9384229973589,87.51914165844744,87.71055603027344,8469600
2024-01-16,86.99958801269531,87.46443848054504,86.88109971671058,87.3550598545961,9847100
2024-01-17,86.71702575683594,86.79906145579909,86.54384468987158,86.74436867184171,9170700
2024-01-18,86.5256118774414,86.74436213494883,86.43446651630875,86.68055968676144,8910100
2024-01-19,86.53475952148438,86.55298581866671,86.17017099230753,86.38892132823452,17711100
2024-01-22,86.79908752441406,86.94491876622472,86.72616842653477,86.84465674512768,9831500
2024-01-23,86.58032989501953,86.60767281813125,86.47095820257266,86.58944652070608,6428600
2024-01-24,86.33422088623047,86.92667627673305,86.2795350499814,86.89932640466189,9718000
2024-01-25,86.70791625976562,86.73526613096493,86.49828259152913,86.63500413174003,11588100
2024-01-26,86.552978515625,86.6350142308931,86.4435998799166,86.6350142308931,9134600
2024-01-29,87.07252502441406,87.15456074925312,86.75351265881336,86.81731513193351,6947500
2024-01-30,87.19100952148438,87.26392165750363,86.72615901538241,87.218352441735,7265800
2024-01-31,87.92018127441406,87.93841452423493,87.49179030493845,87.5829356922009,15778300
2024-02-01,88.46473693847656,88.72971168320811,88.02615636798947,88.26372113412839,33372900
2024-02-02,87.3134994506836,87.62416224860361,87.14903255084455,87.47796635052264,13809200
2024-02-05,86.46375274658203,86.79268653782688,86.372383798126,86.71045657551763,12147700
2024-02-06,86.92971801757812,87.0119549268356,86.53682538024151,86.56423535966003,9327000
2024-02-07,86.7744140625,87.12161884913651,86.7470040755292,86.7744140625,8619800
2024-02-08,86.49114227294922,86.65560214540659,86.40890536571882,86.58251119242611,7808000
2024-02-09,86.33582305908203,86.40892099628697,86.25359310797872,86.28100309167982,8492500
2024-02-12,86.41803741455078,86.51854530921085,86.25357058428895,86.40889843203591,7023600
2024-02-13,85.4677963256836,85.86068897207062,85.44951835831561,85.7784520609188,11978400
2024-02-14,85.78760528564453,85.9429331790471,85.55917945263961,85.55917945263961,8979600
2024-02-15,86.02515411376953,86.25357990431539,85.91550722474683,86.16221098229742,6788300
2024-02-16,85.65052795410156,85.69621589820197,85.47692910272337,85.52261007582224,7147400
2024-02-20,85.7967300415039,85.99774585657038,85.7875910578185,85.82414002155805,8286300
2024-02-21,85.52262115478516,85.90637483933617,85.46780119156428,85.86069386031959,6433900
2024-02-22,85.53175354003906,85.69622038801518,85.37642567556215,85.49520457704416,8688500
2024-02-23,85.92464447021484,85.98860341143389,85.55916181853387,85.55916181853387,6426700
2024-02-26,85.7967300415039,85.94291892546003,85.59571422643744,85.93378691277668,6417200
2024-02-27,85.6048583984375,85.8150062389239,85.55003146400423,85.6688173461076,7540600
2024-02-28,85.91553497314453,85.91553497314453,85.6505601340114,85.70538708173132,5293600
2024-02-29,86.0891342163086,86.18964214653298,85.96121629984185,85.97948730033555,11919200
2024-03-01,86.48213195800781,86.53709717724078,85.76755615008534,85.97826081679405,11857200
2024-03-04,86.28975677490234,86.38136781414335,86.17981933412857,86.18898253489495,6641600
2024-03-05,86.82107543945312,86.97682184407103,86.62869022260136,86.72946442992448,7673100
2024-03-06,87.03180694580078,87.20587279632393,86.93103271544248,86.97684172541393,9499200
2024-03-07,87.17839050292969,87.23335572351627,86.95851564163608,87.20587311322298,8420900
2024-03-08,87.24250793457031,87.38908416749668,87.16921632337076,87.32495575506525,8103600
2024-03-11,87.1325912475586,87.29749391725336,87.05013641797402,87.2700113038833,5568200
2024-03-12,86.77530670166016,86.91272676338006,86.6745324556972,86.88523715945634,6556500
2024-03-13,86.5829086303711,86.71116547185085,86.5462628200235,86.64703705111097,9708400
2024-03-14,85.94163513183594,86.27144050340891,85.92331571762637,86.26228429104167,10055900
2024-03-15,85.79505157470703,85.9507910454452,85.77672517257636,85.87749941587153,6591400
2024-03-18,85.69428253173828,85.84085881030605,85.61182769609555,85.76757416575963,5319700
2024-03-19,85.94163513183594,86.06073578736095,85.81337826394368,85.86835048552257,5470300
2024-03-20,86.1431655883789,86.43632508064024,85.84084289619494,86.03323514720192,10190800
2024-03-21,86.15234375,86.37221166001109,86.07905211683803,86.30808322836307,8271200
2024-03-22,86.57374572753906,86.62871094851226,86.49129789607925,86.62871094851226,6119800
2024-03-25,86.34473419189453,86.49131746695622,86.28976895848402,86.49131746695622,4488900
2024-03-26,86.47296905517578,86.49129545463198,86.21645537857668,86.31722960716539,5477600
2024-03-27,86.80278015136719,86.83942596325504,86.56458586883316,86.57374906917362,4838500
2024-03-28,86.7203369140625,86.82110416525366,86.55543424656211,86.6103994725708,7561400
2024-04-01,85.93565368652344,86.35830227558885,85.87133774927243,86.35830227558885,10854000
2024-04-02,85.75190734863281,85.78866031911245,85.46707357989371,85.54976951595098,7214900
2024-04-03,85.85295867919922,85.85295867919922,85.32005123127163,85.40274014047888,12908000
2024-04-04,86.14700317382812,86.16537615627756,85.7978534180703,86.036744249392,6960500
2024-04-05,85.57731628417969,85.94483890946005,85.56812629082215,85.67838518137957,6334600
2024-04-08,85.38439178466797,85.50383369126777,85.27413286402073,85.3660188028499,7115100
2024-04-09,85.72433471679688,85.79783363956449,85.63244879599213,85.63244879599213,5151100
2024-04-10,84.58502197265625,85.05361357642747,84.4563900829798,84.99848762654105,14993700
2024-04-11,84.465576171875,84.77796588666806,84.3553172672888,84.74121992838457,9371400
2024-04-12,84.8147201538086,85.04442095111382,84.8147201538086,84.90660608066031,11675600
2024-04-15,84.27265167236328,84.29102465659054,83.93269187989125,84.23589869399491,12315300
2024-04-16,83.94186401367188,84.09805888106293,83.77647915116594,83.90511104312473,12027200
2024-04-17,84.47478485107422,84.539100807164,84.10726209774107,84.24508400648018,10515400
2024-04-18,84.18077087402344,84.39209173258664,84.0705119413511,84.39209173258664,6964500
2024-04-19,84.291015625,84.40127454829111,84.19913669388062,84.38289455611937,6125800
2024-04-22,84.30020141601562,84.36451736558229,84.11644356294309,84.13481654428524,4002900
2024-04-23,84.41047668457031,84.62179755554644,84.10726985934636,84.18995880627247,8319800
2024-04-24,84.15319061279297,84.24507655042906,84.01537572616454,84.21751357310337,7567400
2024-04-25,83.83159637451172,83.91429230211158,83.62945856250276,83.69377450178638,5784300
2024-04-26,84.06130981445312,84.18994171238579,83.9969938654868,84.02455684219912,5432600
2024-04-29,84.4012680053711,84.41964098620542,84.18075718579631,84.25425611904619,4846500
2024-04-30,84.00617980957031,84.20831764226226,83.93267386860737,84.07968575053327,7516700
2024-05-01,84.3388442993164,84.65216972228215,84.03474322179957,84.25590955928939,12392500
2024-05-02,84.73512268066406,84.79041954998887,84.27435527722217,84.33886243247393,8661500
2024-05-03,85.20509338378906,85.42625973244661,84.98392703513152,85.34332498823183,8501100
2024-05-06,85.27882385253906,85.37097591841034,85.1590268699816,85.24196162004016,4043400
2024-05-07,85.4999771118164,85.7211434421587,85.42625265811868,85.58291887991408,7776200
2024-05-08,85.26040649414062,85.38942784940167,85.25119620721392,85.31570336946776,9024000
2024-05-09,85.51842498779297,85.5829321370832,85.21431684224534,85.24196175897659,9625200
2024-05-10,85.24195861816406,85.37097291199088,85.19587907147518,85.3341106807901,3205000
2024-05-13,85.34333038330078,85.49077228147603,85.33411306755485,85.46312736499016,3228700
2024-05-14,85.59212493896484,85.62898716399428,85.41703815851317,85.5091902057115,4688800
2024-05-15,86.23721313476562,86.30172027821304,85.979184560976,86.08976421788508,11384500
2024-05-16,86.07133483886719,86.26485626520778,86.04368992521155,86.26485626520778,4278400
2024-05-17,85.80409240722656,86.00683115652494,85.78565777688046,85.93310669664345,3883900
2024-05-20,85.67509460449219,85.75802936475462,85.6474496844047,85.68431192143895,4575900
2024-05-21,85.89624786376953,85.96997232656672,85.85017534758511,85.93311009516813,2669700
2024-05-22,85.7856674194336,85.887036805477,85.67508774793335,85.68430506414246,3616300
2024-05-23,85.4815673828125,85.83174806495205,85.3525530772478,85.82253074862534,6005500
2024-05-24,85.59212493896484,85.60134225290984,85.37095861953873,85.39860353062318,3926400
2024-05-28,85.11294555664062,85.6842996023972,85.09451092539749,85.66586497115406,8761400
2024-05-29,84.69828033447266,84.91022943501291,84.52318644474089,84.90101211693394,10126800
2024-05-30,85.12215423583984,85.14058183446153,84.93784309586755,84.98392263854839,5069500
2024-05-31,85.51842498779297,85.53685258869648,85.3433311408258,85.38019337338478,4807400
2024-06-03,86.07852935791016,86.12474635872255,85.63487717769787,85.63487717769787,7675900
2024-06-04,86.54994201660156,86.6331312327546,86.30962623315841,86.36508806116922,8752000
2024-06-05,86.86416625976562,86.87340401750632,86.4112622684267,86.66082276189483,6466800
2024-06-06,86.82721710205078,86.91039925411953,86.68857313021088,86.7163005142338,5849400
2024-06-07,85.91215515136719,86.1062609069019,85.90291739289337,86.0877712865062,7125100
2024-06-10,85.72731018066406,85.81049232593062,85.6441280353975,85.75503756241959,3938900
2024-06-11,86.18021392822266,86.19870355198563,85.79201644990383,85.8752056533866,3954700
2024-06-12,86.66085815429688,87.1784548681017,86.64236852781735,86.95662871243196,9243200
2024-06-13,87.23388671875,87.3632858631947,86.9566058599647,87.04903281289313,6529900
2024-06-14,87.43722534179688,87.52041453097345,87.30782620461028,87.35404320434439,5424600
2024-06-17,87.03056335449219,87.08601812425883,86.9104019510304,87.01207373008627,4957200
2024-06-18,87.40951538085938,87.51118715915541,87.14147224278122,87.17844443959119,5232600
2024-06-20,87.18767547607422,87.2154028563694,86.92887719102006,86.97508714093722,3573100
2024-06-21,87.2061538696289,87.43722476332253,87.04902735433102,87.35404262642037,6908700
2024-06-24,87.28010559082031,87.28010559082031,87.09525168100345,87.22465082822018,5276000
2024-06-25,87.35404205322266,87.39101424217792,87.18767072878597,87.22464291774124,3790100
2024-06-26,86.82721710205078,86.96585402216535,86.80872747821861,86.90115444220343,4196400
2024-06-27,87.02130126953125,87.10448340767049,86.98432907978355,86.99357389015151,4946600
2024-06-28,86.55918884277344,87.23391214234552,86.55918884277344,87.21542956706304,6032400
2024-07-01,85.91483306884766,86.32276160073762,85.83139700000707,86.07243924771386,13662800
2024-07-02,86.23930358886719,86.34128570425545,86.10950945532754,86.27638863748562,8195700
2024-07-03,86.81412506103516,86.8512101155608,86.40619653450395,86.45255462097373,3861000
2024-07-05,87.29622650146484,87.35185054841507,87.00881908796934,87.12007425512094,5111500
2024-07-08,87.32402801513672,87.3889250865184,87.1386027588674,87.26839690163078,5294600
2024-07-09,87.2035140991211,87.3054962384437,86.99028386108397,87.18497510708582,3006900
2024-07-10,87.28694152832031,87.33329253668761,87.1571473876916,87.27766849734678,4076600
2024-07-11,87.84320068359375,88.05643795051742,87.80611563398746,87.90809775209226,9658400
2024-07-12,88.02861785888672,88.02861785888672,87.80611463702529,87.86173867417817,4304500
2024-07-15,87.75048828125,87.91736746154912,87.67631818483935,87.80611231693314,3754500
2024-07-16,88.1398696899414,88.14914272020127,87.82465739360258,87.90809344619241,4705800
2024-07-17,88.21405792236328,88.26968196885949,87.92665051121371,88.01009365420909,5113500
2024-07-18,87.96371459960938,88.21403689567767,87.9080905663717,88.01934570609643,8640600
2024-07-19,87.68559265136719,87.79684072455555,87.63923457203883,87.73194365744573,5274400
2024-07-22,87.6021499633789,87.85247227581009,87.4630827979449,87.7875752083742,3869800
2024-07-23,87.66705322265625,87.84320544953079,87.65778726468943,87.72268433670894,5095600
2024-07-24,87.47236633300781,87.96373091306575,87.463093301332,87.82467080418196,4733500
2024-07-25,87.66705322265625,87.96372656235262,87.60215615063674,87.64851423347226,4335600
2024-07-26,88.08424377441406,88.11205579135026,87.9544496465455,88.03788569735408,5217500
2024-07-29,88.23260498046875,88.31604813109327,88.14916890309595,88.30677509807904,6165600
2024-07-30,88.41801452636719,88.51072362024178,88.17696522369286,88.33457139060472,4419200
2024-07-31,89.06697845458984,89.07625148524426,88.49217079926534,88.67759604610384,10982900
2024-08-01,89.44732666015625,89.67050128094296,89.25204798014373,89.27064290912875,10492600
2024-08-02,90.83287811279297,90.89797100517663,90.32142889078335,90.37722786610732,18286500
2024-08-05,90.92586517333984,91.66979001001914,90.57250477794334,91.49310626502438,19098200
2024-08-06,90.11685180664062,90.73988475907021,90.05175182290729,90.70268780890522,9507000
2024-08-07,89.79138946533203,89.94947829337735,89.62400671973793,89.8564823611412,8419700
2024-08-08,89.52172088623047,89.58681378495996,89.33574320260162,89.4194381264503,4856100
2024-08-09,89.88436126708984,90.00524601411298,89.80996737911023,89.99594500446763,5174900
2024-08-12,90.13545227050781,90.18195023471813,89.71699897098799,89.77279085236577,4166400
2024-08-13,90.53530883789062,90.53530883789062,90.3772271140733,90.50741289775735,6458700
2024-08-14,90.65619659423828,90.7863823822078,90.47951993604727,90.49811486521719,4275700
2024-08-15,90.08892822265625,90.08892822265625,89.84715874362377,89.92154553239234,5507000
2024-08-16,90.265625,90.28421992623845,90.02384839134683,90.27492601041534,4437000
2024-08-19,90.3864974975586,90.48878731447665,90.21911480574643,90.23771682405405,4437600
2024-08-20,90.74918365478516,90.78638060699102,90.53531004784298,90.6097039522547,4886000
2024-08-21,90.93516540527344,91.13974508833616,90.62829588067937,90.84217657513393,5386000
2024-08-22,90.51669311523438,90.730573781541,90.38650735125367,90.71197885579748,4819500
2024-08-23,90.93516540527344,91.00025829583039,90.60039994109681,90.70268978262817,5475400
2024-08-26,90.82356262207031,91.10253617043679,90.82356262207031,91.0932351602667,3062400
2024-08-27,90.786376953125,90.85146984321717,90.53530640408177,90.581804366116,4433700
2024-08-28,90.73987579345703,90.87936256914541,90.70267884696732,90.804968676166,8147000
2024-08-29,90.5818099975586,90.61899985598654,90.44232319737698,90.5353120326336,6199800
2024-08-30,90.265625,90.7119812702372,90.24703007376155,90.60039042902984,4802600
2024-09-03,90.86068725585938,91.00058914445466,90.70213510278067,90.75809301193654,8232700
2024-09-04,91.39230346679688,91.43893979887302,90.93529729841256,90.96327625137617,9914900
2024-09-05,91.60680389404297,91.68141916544909,91.31767861197422,91.63478284189428,33635000
2024-09-06,91.73738861083984,92.19439475325721,91.4202772252917,91.64412306769209,17777600
2024-09-09,91.8679428100586,91.93322938834116,91.56948886423781,91.68141176230937,8532500
2024-09-10,92.25965881347656,92.30629513151338,91.85861067175043,91.8772680452464,7921400
2024-09-11,92.19439697265625,92.47420072454007,92.01719457112117,92.07315247521593,7286200
2024-09-12,92.04515838623047,92.2223607586244,91.87727758584938,92.11976654085242,5929800
2024-09-13,92.22237396240234,92.33429688391537,92.11045815659415,92.29698924341103,5305500
2024-09-16,92.46485137939453,92.50215901235849,92.21303375151712,92.32494953470557,6666900
2024-09-17,92.29698944091797,92.46487026569436,92.23170284882187,92.40891236267052,7807000
2024-09-18,91.89592742919922,92.38091956841545,91.84929822223475,92.08246560416846,8584500
2024-09-19,91.82133483886719,91.83999221882435,91.60682477929882,91.64413242350757,16770800
2024-09-20,91.79335021972656,91.9146018348485,91.56951148399354,91.69075598341037,6580600
2024-09-23,91.73738861083984,91.82132546496138,91.39229827391786,91.60681542729203,7491700
2024-09-24,91.8399658203125,91.8679447665004,91.41093870878991,91.48554686005647,6580800
2024-09-25,91.46691131591797,91.65344239764784,91.46691131591797,91.65344239764784,10455100
2024-09-26,91.40161895751953,91.58815002747768,91.25238840898965,91.54152081784025,8026500
2024-09-27,91.76535034179688,91.81198666247153,91.54151165710621,91.61612692390426,6207700
2024-09-30,91.5135498046875,91.72805984217061,91.36431924321681,91.70008089082106,8902400
2024-10-01,91.8465576171875,92.10846741834857,91.7436634615161,91.82784569624351,11665600
2024-10-02,91.58463287353516,91.62204243630589,91.33207193754582,91.43496607642953,7742100
2024-10-03,91.11695098876953,91.4069215389299,91.08888310695764,91.34144408771604,11556100
2024-10-04,90.23765563964844,90.52762612360766,90.1908829838139,90.33119381481218,8878300
2024-10-07,89.91028594970703,90.05058967149506,89.86351328477322,89.90092998941893,10152600
2024-10-08,89.98509979248047,89.98509979248047,89.7325459916416,89.76996269111879,5975200
2024-10-09,89.64835357666016,89.87285376586776,89.60158805628768,89.82608110898981,6769200
2024-10-10,89.63899993896484,89.68576545682502,89.35837828578343,89.5828713264255,5959000
2024-10-11,89.66708374023438,89.75126597593824,89.49871213231972,89.54548479871538,5394100
2024-10-14,89.50804901123047,89.50804901123047,89.24613926286636,89.29290478278544,3850900
2024-10-15,89.9664077758789,90.00382448066496,89.80739213291821,89.85415766152073,7736900
2024-10-16,90.1067123413086,90.2283112709903,90.05058371979638,90.1347730838116,5041100
2024-10-17,89.63899993896484,89.75124289103333,89.56416654658246,89.71383333134723,5460200
2024-10-18,89.7419204711914,89.84481463186209,89.72320854933827,89.78868600280987,5174700
2024-10-21,89.04971313476562,89.42387303261049,89.0403643112867,89.39581228916076,6633600
2024-10-22,88.96552276611328,89.21807657056446,88.89068936608855,89.16195508879883,5433900
2024-10-23,88.7597427368164,88.86263688729062,88.61943188285096,88.70362124983282,6914300
2024-10-24,88.9561538696289,89.10582064791154,88.74101679647859,88.84391092242171,5486300
2024-10-25,88.7597427368164,89.16196337871388,88.6942652898334,89.15260741871445,6455300
2024-10-28,88.55394744873047,88.78779647471941,88.3855758645582,88.77844765196411,5447300
2024-10-29,88.59135437011719,88.6100662865741,88.13301232799458,88.17977784612661,8475400
2024-10-30,88.46039581298828,89.02163196271034,88.4229791181395,88.79713893012249,6341100
2024-10-31,88.41361999511719,88.58199154765664,88.1330054985545,88.32008182959629,8662900
2024-11-01,87.89006805419922,88.63132177028605,87.86192035690569,88.54687867840545,15659500
2024-11-04,88.35922241210938,88.61256602500607,88.1903290563854,88.49996806831626,8179300
2024-11-05,88.40613555908203,88.51872635147288,87.95575091365536,88.24662716411427,8118500
2024-11-06,87.4959716796875,87.73993028074143,87.27078297950987,87.2989306722046,15261400
2024-11-07,88.19970703125,88.35921542164175,87.80562495194533,87.85253539455539,15674000
2024-11-08,88.38736724853516,88.65009580563425,88.28415424790153,88.38736724853516,12335300
2024-11-11,88.14342498779297,88.16218773595482,87.99329436801034,88.12465508100917,3980000
2024-11-12,87.5898208618164,87.97452517787276,87.48660785792916,87.7962468695909,8037600
2024-11-13,87.53350067138672,87.99326300300129,87.42090274668504,87.98387805295464,6661800
2024-11-14,87.52413940429688,87.88069601635567,87.42092640171369,87.67427001118928,7510000
2024-11-15,87.5616683959961,87.8525374864153,87.16758630730793,87.35524239945819,16761500
2024-11-18,87.75869750976562,87.81499289803328,87.42091086291958,87.52412384715699,4788200
2024-11-19,87.94638061523438,88.08711911771732,87.90884796169836,88.03082371672414,4951500
2024-11-20,87.81500244140625,87.97451798986688,87.67426395544224,87.70241165263505,5752900
2024-11-21,87.76810455322266,88.04021092937631,87.6555065897247,87.88070251672062,5098200
2024-11-22,87.82438659667969,87.94636949490311,87.73055855401452,87.89006694240737,5373900
2024-11-25,88.77205657958984,88.80020427344759,88.49995027459835,88.63131095168114,7716000
2024-11-26,88.58442687988281,88.61257458211806,88.40614855423006,88.58442687988281,5093100
2024-11-27,88.94097137451172,89.0629471302174,88.76269305887735,88.94097137451172,5587600
2024-11-29,89.3162612915039,89.32563908288056,89.13798303467635,89.25995875014715,5136200
2024-12-02,89.30874633789062,89.42169074639817,88.9416859860508,89.04521656535411,5950600
2024-12-03,89.05464172363281,89.44052260232313,88.99816592187061,89.40287446136455,5364800
2024-12-04,89.39347839355469,89.4217127074537,88.80052907907752,88.82876339297653,5908800
2024-12-05,89.38404846191406,89.44051707954077,89.1299253212974,89.1299253212974,5210300
2024-12-06,89.66638946533203,89.80756817545883,89.47815597226129,89.7510995636671,6880200
2024-12-09,89.35579681396484,89.5628579459477,89.35579681396484,89.55344411795389,4303100
2024-12-10,89.19579315185547,89.26167558850628,89.08285593510954,89.16755884766899,3543400
2024-12-11,88.93228912353516,89.41229397545885,88.9040548111836,89.3275910384042,6452800
2024-12-12,88.59345245361328,88.9040442137558,88.5652181446273,88.82874793602763,4518000
2024-12-13,88.1793441772461,88.48052213104287,88.13228220482677,88.45228781985081,5230100
2024-12-16,88.20756530761719,88.34874402313008,88.11344855749118,88.33933019392316,4607600
2024-12-17,88.20756530761719,88.34874402313008,88.1605033422303,88.18873764920333,4881100
2024-12-18,87.52579498291016,88.30954620114358,87.45969530897905,88.19623659116118,11553900
2024-12-19,87.12918090820312,87.28971484662188,86.98754391007395,87.23305284304679,9273800
2024-12-20,87.45024871826172,87.72409227753447,87.43135898075381,87.58244806352111,6070900
2024-12-23,87.06310272216797,87.42193575082634,86.99700303862434,87.38416347389781,5954500
2024-12-24,87.11032104492188,87.11976591536276,86.84592230717948,86.88369458461771,3076100
2024-12-26,87.1764144897461,87.2141867644808,86.80814381648864,86.83647122145848,3703300
2024-12-27,86.94979095458984,87.2425170881711,86.93090121442815,87.1197625944201,3752500
2024-12-30,87.45970153808594,87.50691147749964,87.36526725060924,87.37471212022183,4797700
2024-12-31,87.29914855957031,87.64853661589872,87.23304889532689,87.58243695165531,5856000
2025-01-02,87.34637451171875,87.61077319538674,87.1669580316624,87.48801872206197,5034800
2025-01-03,87.20472717285156,87.50689811539209,87.17639977266394,87.44079844684646,2863700
2025-01-06,87.1197280883789,87.18582774411433,86.93086678319041,87.10083835569898,3894600
2025-01-07,86.72313690185547,87.0725249694229,86.63815470409013,87.0064253030532,5524400
2025-01-08,86.87423706054688,86.89311959435302,86.581510958444,86.60039349225016,6402900
2025-01-10,86.24156188964844,86.52484310355023,86.14713481834784,86.36431636190683,8210900
2025-01-13,86.0904769897461,86.2226763368468,86.00549478274881,86.19434893451438,5094300
2025-01-14,86.11878967285156,86.19433420237553,86.00548008288848,86.12823454012278,4365500
2025-01-15,87.02532196044922,87.09142163207625,86.85535034707631,86.99698735461716,7846600
2025-01-16,87.23307037353516,87.4219317495336,86.82702742054457,86.94978911602476,7550900
2025-01-17,87.29914855957031,87.42191022482459,87.21416636453867,87.36524822381374,3912800
2025-01-21,87.5918960571289,87.65799573211672,87.45025183806239,87.58245118803801,4431300
2025-01-22,87.36526489257812,87.5635711274671,87.26140014694148,87.55412625810942,3656400
2025-01-23,87.13862609863281,87.20472576611216,86.99698189565609,86.99698189565609,4860900
2025-01-24,87.31805419921875,87.42192614828146,87.06309315903779,87.11031030109335,4468700
2025-01-27,87.88459777832031,87.96014230144081,87.69574367484132,87.89404264479094,4297100
2025-01-28,87.8940658569336,87.91294839053933,87.61077742257856,87.66743222771991,3906600
2025-01-29,87.79019165039062,88.05459034000658,87.5352306251724,87.9884906676026,4918400
2025-01-30,87.97905731201172,88.12070154407726,87.89407509536733,87.97905731201172,4365600
2025-01-31,87.83739471435547,88.13956565089725,87.63909571265525,88.00736631643043,6277400
2025-02-03,87.89991760253906,88.364092313454,87.77677127479629,88.08937460326968,8294000
2025-02-04,88.11780548095703,88.11780548095703,87.71994138410598,87.71994138410598,6742300
2025-02-05,88.62936401367188,88.79041046705662,88.44938197226631,88.4777998089449,6576300
2025-02-06,88.525146484375,88.64830006030326,88.39252511593114,88.53462150421315,5268500
2025-02-07,88.23149108886719,88.31675181776478,88.0799268991824,88.24096610926091,4565300
2025-02-10,88.21253967285156,88.44936456833861,88.16517180282526,88.32621099719911,3229100
2025-02-11,87.98517608642578,88.0609617819548,87.92834042843988,87.99465110519733,3379500
2025-02-12,87.37892150878906,87.45470721865661,87.22735731637705,87.3978715499175,7280200
2025-02-13,88.03255462646484,88.09886531126213,87.81467253223225,87.83362257207297,6121900
2025-02-14,88.40199279785156,88.58198202322338,88.36409994896687,88.44936066578792,5157900
2025-02-18,87.92835235595703,88.22201293181499,87.91887733590018,88.12728441321461,4484100
2025-02-19,88.0704345703125,88.10832741711737,87.88097033628821,87.88097033628821,4607000
2025-02-20,88.25043487548828,88.34516339074338,88.20306700419951,88.21254202392176,7545400
2025-02-21,88.77143096923828,88.88510950555673,88.35461689672525,88.36409191491543,6156500
2025-02-24,88.9609146118164,89.01775027871916,88.65777178214078,88.68619684291501,4109500
2025-02-25,89.66190338134766,89.70926402220533,89.44402130597202,89.51980700413067,7697100
2025-02-26,89.908203125,89.96503878485579,89.51033182404365,89.62401037107716,7379800
2025-02-27,89.80397033691406,89.8323881575828,89.56714552824849,89.60503113759373,5907900
2025-02-28,90.29660034179688,90.33449319423333,89.89873623219805,90.07871824711793,11831500
2025-03-03,90.6243667602539,90.68136687336336,89.97833890148843,89.98784133641804,9637400
2025-03-04,90.33934020996094,90.99487042029352,90.1873375115876,90.76686274861692,12745500
2025-03-05,89.83580780029297,90.4818354895604,89.8073077512158,90.35833286081524,15590000
2025-03-06,89.78832244873047,89.95933001487882,89.45580975017344,89.78832244873047,9318900
2025-03-07,89.67432403564453,90.27284695343114,89.58882386806098,90.23485171110553,9210200
2025-03-10,90.30135345458984,90.44385373262867,90.11134100348161,90.19684841853879,7698500
2025-03-11,89.97833251953125,90.54835535489764,89.85482986714251,90.30135005012015,10408600
2025-03-12,89.71232604980469,89.93083855730328,89.67432355944693,89.69332842874276,7610300
2025-03-13,90.0733413696289,90.11134386105567,89.49381605978043,89.57932347754918,6902300
2025-03-14,89.75981903076172,89.92132415711576,89.73131173061135,89.845319186514,4390900
2025-03-17,89.83580780029297,90.11132035509269,89.74080522062498,89.92131519575672,6734000
2025-03-18,89.94032287597656,90.09233281903977,89.69331759084838,89.70281277611507,8993300
2025-03-19,90.2158432006836,90.24434325539454,89.72182533981535,89.86432561337008,5854500
2025-03-20,90.34883880615234,90.7193539749768,90.24433378435745,90.70035635657449,4409100
2025-03-21,90.2728500366211,90.57686272324688,90.25385241480944,90.49136255274315,4919600
2025-03-24,89.75032043457031,90.0448306479525,89.7218203814344,90.0258330286063,4823500
2025-03-25,89.90233612060547,90.00684116268863,89.73132852885432,89.75033339917906,6825800
2025-03-26,89.69332885742188,89.84533157134545,89.61732387634312,89.75032896911397,8281700
2025-03-27,89.61732482910156,89.69332981098836,89.50331735627137,89.5888247729525,5085100
2025-03-28,90.33934020996094,90.39634756405499,90.01632994577184,90.04482999870227,6224500
2025-03-31,90.60535430908203,90.78585705379676,90.33933691223125,90.7193545166423,13255800
2025-04-01,90.92369079589844,91.17149324309734,90.79978593659301,90.79978593659301,18128800
2025-04-02,90.83792114257812,91.30493490280934,90.552001918805,91.30493490280934,7635900
2025-04-03,91.77193450927734,92.11504336920422,91.66709528699901,91.88630655305707,18188000
2025-04-04,92.02925872802734,92.9442132263432,92.01973317833058,92.63922839357124,27006500
2025-04-07,90.93321990966797,92.12456799188408,90.72354148377208,91.96253912642985,68670600
2025-04-08,90.47575378417969,91.10478189291749,90.4280969445636,90.45669541118095,19508000
2025-04-09,90.18981170654297,90.23746853792503,89.21767488048867,89.80858614113285,24170800
2025-04-10,89.62749481201172,90.33277080148645,89.57983798280736,90.08496837816405,12093800
2025-04-11,89.12238311767578,89.33206157591489,88.43616535304335,89.08425910059478,55446600
2025-04-14,89.83720397949219,89.93251039911513,89.3987886320957,89.51315342707774,12630900
2025-04-15,90.10403442382812,90.31371283901272,89.81810799013799,89.82764081030399,7708100
2025-04-16,90.49480438232422,90.6187092461156,90.02779793414338,90.21841800481774,8708400
2025-04-17,90.23747253417969,90.53292454188038,90.15169168817543,90.44715096728801,6987000
2025-04-21,89.75141143798828,90.30419877988017,89.73235306510807,89.97062271888085,4901300
2025-04-22,89.81810760498047,90.00872765042689,89.80858205626657,89.98966201017664,5233000
2025-04-23,89.9134292602539,90.75214305981825,89.79906448497692,90.58058862549032,8041300
2025-04-24,90.39949798583984,90.42808917858893,90.18029399382193,90.27560039345634,7308900
2025-04-25,90.74259948730469,90.80931468878298,90.52339551305245,90.64729309539452,5341300
2025-04-28,91.10478210449219,91.13338057117595,90.60918441983307,90.63777561510399,4950500
2025-04-29,91.4192886352539,91.4288214563181,91.04758859928178,91.05712142034598,5350200
2025-04-30,91.56224822998047,91.64802907332829,91.30492024276033,91.40022663538217,13923200
2025-05-01,91.16350555419922,91.69897899689391,90.98183370853735,91.67985103723743,13703300
2025-05-02,90.55154418945312,90.82884124925882,90.39855698466542,90.69497470937735,9331600
2025-05-05,90.38899993896484,90.53243046989257,90.19776409451441,90.5228664891161,10089400
2025-05-06,90.61848449707031,90.63761245864136,90.26469745498434,90.3507513965145,6081200
2025-05-07,90.85753631591797,90.972282204055,90.69498511244227,90.71411307472184,9471100
2025-05-08,90.14994049072266,90.81928045502313,90.1308198266816,90.80015249580312,6409000
2025-05-09,90.2168960571289,90.4655085221876,90.18821140638767,90.31251399132664,3698700
2025-05-12,89.64317321777344,89.85353703148664,89.62405255069956,89.62405255069956,9483700
2025-05-13,89.57624053955078,89.80572502187322,89.43281000240671,89.75791970627863,13166800
2025-05-14,89.2415771484375,89.60492819892264,89.18420055454375,89.53799491869695,6994700
2025-05-15,89.82484436035156,89.87264967135646,89.49973468769278,89.61448056542754,9024900
2025-05-16,89.85354614257812,90.19777654625352,89.84398216048135,90.17864858205998,6819200
2025-05-19,89.80573272705078,89.8248606910739,89.29895110815019,89.33719974101562,11704900
2025-05-20,89.69099426269531,89.75792754651839,89.43281781424857,89.56668438189473,8929600
2025-05-21,89.0694580078125,89.46149369027161,88.95471212029321,89.3371911168441,11383500
2025-05-22,89.40412139892578,89.4423700268175,88.98339378729682,89.09813967097195,10981200
2025-05-23,89.66230010986328,89.80573065600575,89.53799752730282,89.79617396939537,9860700
2025-05-27,90.03521728515625,90.13083521204148,89.75792019056293,89.86310209869075,10834400
2025-05-28,89.78660583496094,89.92047239312106,89.68142392566652,89.853539114041,8591500
2025-05-29,90.15951538085938,90.24556932222629,89.97783622217834,90.0256488308354,9679100
2025-05-30,90.42724609375,90.47505870114487,90.16907698128475,90.22644627401488,10268600
2025-06-02,90.1202621459961,90.31212692069873,89.9667644708964,90.17782011457248,13341900
2025-06-03,90.03392028808594,90.36968731240464,89.95717144847818,90.24497593742117,8508900
2025-06-04,90.69586181640625,90.77261065228662,90.30252952189825,90.37927835777862,10115900
2025-06-05,90.42726135253906,90.81099826854071,90.39848236469419,90.69587499798835,8762800
2025-06-06,89.70774841308594,90.04351543633632,89.67896942811764,89.96676659697276,7624200
2025-06-09,89.87084197998047,89.98596524898244,89.70775617160727,89.71734428797784,6061200
2025-06-10,90.02434539794922,90.19702666688846,89.92841298613271,90.15865955750095,5579900
2025-06-11,90.3984603881836,90.43682748320083,90.12025137469631,90.19699288390191,6594900
2025-06-12,90.79179382324219,90.8013892574802,90.58073818503681,90.74382397122395,7795400
2025-06-13,90.4560317993164,90.65749201438103,90.21619716435772,90.59033860935949,9195200
2025-06-16,90.197021484375,90.54238400240975,90.17783793078348,90.35051918980086,7508400
2025-06-17,90.63831329345703,90.67668039622316,90.28335537990314,90.42725763238026,5285000
2025-06-18,90.69586181640625,90.98365897219986,90.54236414464552,90.79179420167078,6732400
2025-06-20,90.75343322753906,90.8877400506394,90.45604059341302,90.51359856926376,6261700
2025-06-23,91.07003021240234,91.36742289054568,90.94531880654282,91.01247222803241,9310300
2025-06-24,91.38658905029297,91.4345515845723,90.9452942113941,90.98366131114877,7694500
2025-06-25,91.42496490478516,91.46333200514226,91.11797686772333,91.21390925696038,6393300
2025-06-26,91.75112915039062,91.76072458429817,91.47292012044409,91.59763880372759,7131900
2025-06-27,91.51129913330078,91.7895081772211,91.45374116530759,91.51129913330078,8402400
2025-06-30,91.8758544921875,91.9142289144843,91.5784618683531,91.71276868680557,10542300
2025-07-01,91.70550537109375,91.9172308714925,91.54190197256813,91.83061255660125,10659800
2025-07-02,91.5130386352539,91.56116074466206,91.35906110147323,91.4168017588406,6026200
2025-07-03,91.19544982910156,91.29168669723276,91.07996118190269,91.23394604483452,7398900
2025-07-07,90.90673828125,91.06072315502087,90.82974584436457,91.05109726480947,8518600
2025-07-08,90.77198791503906,90.78161380341876,90.61801041297124,90.66612517006678,5282800
2025-07-09,91.24356842041016,91.25319431034788,90.90673569661675,90.90673569661675,6900800
2025-07-10,91.19544982910156,91.21469426576685,91.0125946399706,91.17619805003389,4451900
2025-07-11,90.77198791503906,90.91634687112868,90.72386581554203,90.88747654839105,6004300
2025-07-14,90.73348999023438,90.90671926578982,90.62762724726153,90.77198620062462,5101600
2025-07-15,90.37743377685547,90.84899961389844,90.32931166714773,90.83937372347629,5628100
2025-07-16,90.62764739990234,90.69501394746507,90.396677428602,90.52178463338906,12786300
2025-07-17,90.59877014160156,90.7816253320298,90.52177770958941,90.67576257361371,4747200
2025-07-18,90.84899139404297,90.92598382564799,90.7527545257379,90.8586172835942,4035000
2025-07-21,91.16658782958984,91.33019125459582,91.11846571992781,91.23395437767483,5232300
2025-07-22,91.4264144897461,91.48415513880258,91.24355931119798,91.26281108915144,6098000
2025-07-23,91.0992202758789,91.27244224698268,91.05109816674809,91.21470158994809,5074000
2025-07-24,90.96448516845703,91.06072939235766,90.77201140546258,90.78163729633333,5867400
2025-07-25,91.17618560791016,91.17618560791016,90.89709358873357,90.93558979921325,3614000
2025-07-28,90.9740982055664,91.07996096297698,90.93560198992597,91.01259442120683,5073200
2025-07-29,91.57078552246094,91.57078552246094,91.08959380383781,91.10883824192544,7864000
2025-07-30,91.25318145751953,91.50340316383827,91.18581492224929,91.25318145751953,7425600
2025-07-31,91.33018493652344,91.55152900388919,91.29168871993754,91.39755147994813,10411800
2025-08-01,92.38165283203125,92.42993214383412,92.05336971782695,92.0726843891036,11870100
2025-08-04,92.50716400146484,92.5457859756553,92.23681754851994,92.46854202727438,8449500
2025-08-05,92.4395751953125,92.55544111513525,92.32371664187794,92.34302394532097,8218700
2025-08-06,92.37197875976562,92.42025806282089,91.97611646698451,92.30439215532068,10107500
2025-08-07,92.30439758300781,92.46853543682754,92.23681097458864,92.37198419142699,5725900
2025-08-08,92.09197235107422,92.17887362078896,92.04370041579908,92.17887362078896,5623800
2025-08-11,92.12094116210938,92.24645702914323,92.07266186211878,92.15955576243753,4920200
2025-08-12,92.10163879394531,92.10163879394531,91.89887896640664,92.0050875474585,6724600
2025-08-13,92.429931640625,92.52648289731636,92.34303035313069,92.36234502430219,5925200
2025-08-14,92.1305923461914,92.30438751551198,92.0630057451438,92.27542288168972,5527500
2025-08-15,91.9471664428711,92.14992628842613,91.88922979672067,92.0919896422757,7428500
2025-08-18,91.86026763916016,92.02440551384657,91.77337371716926,92.0147555445512,9669600
2025-08-19,92.09197235107422,92.13059431912664,91.98576378052685,91.99542111413675,6499300
2025-08-20,92.22716522216797,92.31406651041316,92.07268468340473,92.09199198835435,6270700
2025-08-21,91.9568099975586,92.14991986060888,91.83129411136696,92.10164055324928,5351300
2025-08-22,92.46854400634766,92.5747525960475,92.0823389889539,92.11130362861958,10867700
2025-08-25,92.28510284423828,92.41061874370804,92.23682353177131,92.30441014939177,9936400
2025-08-26,92.52648162841797,92.55544626838929,92.30440711132353,92.36234375765477,5871200
2025-08-27,92.70026397705078,92.70026397705078,92.34301627871494,92.40094555062275,5222800
2025-08-28,92.91268920898438,92.91268920898438,92.63268542643466,92.67130739986099,6544700
2025-08-29,92.83544158935547,92.91268553315219,92.7195756736604,92.80647695202867,6818900
2025-09-02,92.55840301513672,92.63589265741464,92.4421574659341,92.4712170056038,8623200
2025-09-03,92.8780517578125,93.01366785011862,92.5680710624667,92.5680710624667,7586100
2025-09-04,93.29459381103516,93.29459381103516,92.99430207555027,93.11054761373302,6395300
2025-09-05,93.74989318847656,93.98237690802243,93.74989318847656,93.87582772072889,9566300
2025-09-08,94.04048919677734,94.0501707820102,93.88549514677489,93.98236273276488,7599600
2025-09-09,93.81768798828125,94.09860916368561,93.73050937721945,93.99205260092798,8223100
2025-09-10,94.0695571899414,94.1858027378932,93.92425210263261,94.01143811122739,8864500
2025-09-11,94.2148666381836,94.40860183654694,94.1858070974815,94.19548868403281,8554300
2025-09-12,93.94361877441406,94.0017378461487,93.80799528949515,93.99204887068531,36502700
2025-09-15,94.0986099243164,94.17610695067987,94.05986141113468,94.10829890024264,4990100
2025-09-16,94.15673065185547,94.2439166556758,94.06955203855846,94.10830055242046,5847700
2025-09-17,93.95330810546875,94.46671298951404,93.83706995241606,94.25360724540961,10701700
2025-09-18,93.64332580566406,93.7789419089615,93.48833914069128,93.62395524398872,7589200
2025-09-19,93.60458374023438,93.67239179655441,93.47865660436113,93.59490215399141,5528800
2025-09-22,93.44960021972656,93.63365383189108,93.43991124263262,93.60458690060923,5282700
2025-09-23,93.71114349365234,93.72083247074801,93.46897079992948,93.58521635350513,7077500
2025-09-24,93.45928192138672,93.6045796138646,93.42053340655144,93.59489802804842,5419700
2025-09-25,93.25585174560547,93.30428923749449,93.09117609802063,93.24617015964658,6517500
2025-09-26,93.2074203491211,93.41084450928585,93.12023434303704,93.23647988764127,7295300
2025-09-29,93.47864532470703,93.52708281217254,93.31396969216104,93.32365127723577,6357500
2025-09-30,93.43990325927734,93.73051342307373,93.40115474473626,93.5561488029006,9257800
2025-10-01,93.75472259521484,93.89075331581368,93.60897327653944,93.82273795551426,8347000
2025-10-02,93.85187530517578,93.91017947366377,93.65754784519555,93.71584460056614,9420600
2025-10-03,93.66726684570312,93.90046128130761,93.6478296517509,93.86159430652063,5154300
2025-10-06,93.39520263671875,93.60895987196578,93.38548404003386,93.44378079390876,6319600
2025-10-07,93.6283950805664,93.75470718232349,93.45349740953205,93.51179416217114,5119900
2025-10-08,93.64783477783203,93.82273246738828,93.58953801901923,93.80330268548997,5141900
2025-10-09,93.57981872558594,93.62840429964719,93.50209218545285,93.56038894383212,7130600
2025-10-10,94.16281127929688,94.26968619330489,93.83244570096802,93.91017965035333,10417700
2025-10-13,94.21138000488281,94.24052837970446,94.03648234283627,94.15308325523952,5607600
2025-10-14,94.45430755615234,94.4834559354621,94.23083170603226,94.30855824648569,7650600
2025-10-15,94.34742736816406,94.57091063648265,94.2696934128256,94.45430970347495,7769300
2025-10-16,94.78467559814453,94.82353516281509,94.25026391994916,94.26969370228444,11627200
2025-10-17,94.62921142578125,94.71666398254028,94.51261048780863,94.69722678631902,12491000
2025-10-20,94.7555160522461,94.76523464958785,94.60977415770846,94.68750069708929,10437800
2025-10-21,94.93042755126953,94.99844291632263,94.86241218621643,94.92071636563252,7642000
2025-10-22,94.94985961914062,94.99843778405767,94.7943916999219,94.88184425776204,6523500
2025-10-23,94.63893127441406,94.81382897712486,94.61949407793597,94.75552480080898,6138300
2025-10-24,94.72637176513672,94.77495734082645,94.57091126654207,94.75552014530334,7555200
2025-10-27,94.72637176513672,94.72637176513672,94.45431033275754,94.58062245118558,7272300
2025-10-28,94.8138198852539,94.86239804555407,94.668070578118,94.668070578118,5539600
2025-10-29,94.20169067382812,94.76525080584584,94.15311250507287,94.76525080584584,11223300
2025-10-30,94.06564331054688,94.21139261728374,93.91018281964718,93.92961260109051,8958800
2025-10-31,94.1045150756836,94.20167881408042,94.0462183152691,94.12395227123379,9739900
2025-11-03,94.05968475341797,94.11816507929676,93.9329749018604,93.98170602793921,8012500
2025-11-04,94.17664337158203,94.22537449276061,94.10841385276417,94.12790481394363,6119000
2025-11-05,93.72827911376953,94.03043735617725,93.69903151661977,94.0109389580774,11749200
2025-11-06,94.20588684082031,94.27411636203492,94.06942779839109,94.07916956109311,7665000
2025-11-07,94.244873046875,94.41057224478494,94.1084140090127,94.1181557713887,11460300
2025-11-10,94.1181640625,94.20589198683098,94.06943293694766,94.12791326219465,9097300
2025-11-11,94.41057586669922,94.43981602786863,94.28386602281174,94.36183730711012,4937700
2025-11-12,94.43006134033203,94.49829085791517,94.33259166327895,94.3618318227489,7188200
2025-11-13,94.15715026855469,94.35209707361064,94.15715026855469,94.20588882893374,46965300
2025-11-14,94.0011978149414,94.47880446109514,93.98169941671306,94.43006590198434,11288500
2025-11-17,94.10841369628906,94.17664321499348,94.04992593992827,94.09866449748563,6648500
2025-11-18,94.26437377929688,94.47881155715423,94.12791472728958,94.39108363145778,8769000
2025-11-19,94.19612884521484,94.41056658799566,94.15713948866748,94.36182803319662,13075900
2025-11-20,94.42032623291016,94.49829751817225,94.25461959013522,94.29360895099637,9076400
2025-11-21,94.73223114013672,94.77122049995116,94.54703354013319,94.73223114013672,12551100
2025-11-24,94.87842559814453,94.89792399497765,94.72247560577716,94.82969447898076,6903900
2025-11-25,95.12210083007812,95.2293197002685,94.9661508420935,94.97590004023607,9193400
2025-11-26,95.2000961303711,95.2000961303711,94.86869770037242,95.01490595214972,7747100
2025-11-28,95.03438568115234,95.18059391564606,94.92716680495427,95.16109551826838,7798000
2025-12-01,94.52407836914062,94.670712296829,94.51430028779782,94.60228064441085,9898100
2025-12-02,94.60228729248047,94.65117024413894,94.43609719042766,94.49475822411608,7317200
2025-12-03,94.79780578613281,94.85645935770766,94.6413863172788,94.75870091891932,6855100
2025-12-04,94.50452423095703,94.6609437018298,94.45564874017747,94.65116562027752,8928900
2025-12-05,94.30901336669922,94.53385704730768,94.26013041431058,94.52408642362303,9118700
2025-12-08,94.11348724365234,94.2601286395659,93.93751906025432,94.25035801606523,14728300
2025-12-09,93.97663116455078,94.25036527195883,93.95708245755324,94.25036527195883,8509200
2025-12-10,94.2796859741211,94.30901276196968,93.92774960295543,93.9375202265774,13356900
2025-12-11,94.2894515991211,94.56318567434268,94.26012481282723,94.51430272485895,8672800
2025-12-12,94.03528594970703,94.11348823098895,94.01572978551808,94.03528594970703,8348700
2025-12-15,94.11348724365234,94.34811646051052,94.09393853815978,94.25035801606523,6117000
2025-12-16,94.37744140625,94.39699011136108,94.0743879968362,94.0841586201462,7456400
2025-12-17,94.35787963867188,94.40676258628301,94.24057249799016,94.26012120194024,5673200
2025-12-18,94.60228729248047,94.66094832616888,94.47520206005619,94.60228729248047,7357600
2025-12-19,94.38945007324219,94.53656729946967,94.35021831406866,94.44830145334896,5806600
2025-12-22,94.2913818359375,94.34042340943647,94.23253793389358,94.31100145841451,4672800
2025-12-23,94.25215148925781,94.28157344072166,94.03638053493135,94.08542210916687,5093900
2025-12-24,94.4973373413086,94.51695696261577,94.32079816300957,94.36983973358439,3967700
2025-12-26,94.58561706542969,94.6542707792593,94.4777315890269,94.63465115662594,3491500
2025-12-29,94.72291564941406,94.74252778752277,94.59541056228224,94.69349370090453,5034600
2025-12-30,94.6248550415039,94.7033110891084,94.54639151120531,94.58562327635461,4108600
2025-12-31,94.31099700927734,94.61503379908602,94.30118719850162,94.4875287070812,6802100
2026-01-02,94.23252868652344,94.43848980615903,94.2227188762476,94.43848980615903,6611800
2026-01-05,94.5169677734375,94.52677010251917,94.32080895139471,94.37966033935453,8693200
2026-01-06,94.44830322265625,94.46791536126393,94.25214442311396,94.39926165209741,12834100
2026-01-07,94.6248550415039,94.69350875984165,94.48754012213432,94.6640793239591,7990900
2026-01-08,94.34042358398438,94.45811138828996,94.33061377272773,94.37965534631742,6931700
2026-01-09,94.44830322265625,94.52675925978008,94.22272247385588,94.3109958043232,10277300
2026-01-12,94.33061981201172,94.44831510654602,94.27177590609159,94.30119785905165,6360600
2026-01-13,94.44830322265625,94.51695693182278,94.35022008153855,94.48752749987162,7622500
2026-01-14,94.64445495605469,94.74253061491093,94.51695734781087,94.5267596758113,7331200
2026-01-15,94.44830322265625,94.66406667811313,94.42868360135547,94.65426435015584,6172500
2026-01-16,94.0854263305664,94.40908277657783,94.06581418960845,94.37966082379388,11979300
2026-01-20,93.71273040771484,93.87945978570919,93.69311078518987,93.76176449864012,13607700
2026-01-21,93.95792388916016,93.99714816906454,93.72253331357211,93.82061646141393,11969000
2026-01-22,93.94811248779297,94.01676620050414,93.81080506237065,93.85983915276806,10209500
2026-01-23,94.10503387451172,94.12465349720526,93.90888254373802,93.98734606912495,8147500
2026-01-26,94.24234008789062,94.31100128373943,94.19330599717603,94.25214989911096,6803800
2026-01-27,94.13446807861328,94.30119746648894,94.10503864308168,94.18350217244459,9857200
2026-01-28,94.0560073852539,94.10504148056371,93.88927799235098,94.07561952683898,17032400
2026-01-29,94.15406799316406,94.242333840215,93.93829705678218,93.95791667792219,11049100
2026-01-30,94.09523010253906,94.21291790612062,94.06580815164368,94.14426419313355,8238500
2026-02-02,93.91024780273438,94.1660750024382,93.91024780273438,94.13655705686524,8987100
2026-02-03,93.99879455566406,94.03815431583092,93.84136302210328,93.8610391486334,7313800
2026-02-04,93.97913360595703,94.0775292687109,93.88073794320316,93.92009020261841,7268600
2026-02-05,94.5301513671875,94.55966931406762,94.17592099041103,94.26448233815893,12086800
2026-02-06,94.5301513671875,94.58918726094774,94.38255412567938,94.57935295005939,7759900
2026-02-09,94.54981231689453,94.58917207545166,94.39238078977237,94.47110030688663,8165100
2026-02-10,94.96308898925781,95.00244874904222,94.86469334335007,94.88436946968899,9752300
2026-02-11,94.6974105834961,94.90404368787972,94.61869857261644,94.63837469855974,9106600
2026-02-12,95.27796173095703,95.29763785774419,94.84501187057205,94.854853687519,13099900
2026-02-13,95.65186309814453,95.70106467314992,95.53378382239542,95.56330927166246,11681500
2026-02-17,95.64202117919922,95.75025863840996,95.59282711135292,95.69122275415185,8623800
2026-02-18,95.44523620605469,95.53379003829852,95.41571826197342,95.47475415013596,7778800
2026-02-19,95.5337905883789,95.58299216686889,95.38620086712272,95.40587699425458,4993000
2026-02-20,95.5337905883789,95.58299216686889,95.33699928863274,95.57315034974951,11200200
2026-02-23,95.878173828125,95.96672764906072,95.6124973511061,95.6124973511061,9862900
2026-02-24,95.85850524902344,95.91754864602461,95.76995141418226,95.87818888372618,9493300
2026-02-25,95.77978515625,95.8585046803799,95.71090744941309,95.71090744941309,8762700
2026-02-26,96.03561401367188,96.03561401367188,95.85849884870814,95.85849884870814,8177300
2026-02-27,96.41937255859375,96.47841595794289,96.26194101024657,96.3111350847456,9970300
2026-03-02,95.84010314941406,96.10654163159779,95.67233777886105,96.09667130889461,17709600
2026-03-03,95.73155975341797,95.86971416678196,95.36643307304118,95.39603651464049,13708500
2026-03-04,95.53418731689453,95.71181548862702,95.51445419952451,95.69208237125702,12535500
2026-03-05,95.2381362915039,95.30721348898052,95.11971501203692,95.17892188734548,12599700
2026-03-06,95.17892456054688,95.46510368065903,94.90261576288,94.95195984625626,12758200
2026-03-09,95.47498321533203,95.52432730346942,94.98157244936132,95.09012342018293,12134400
2026-03-10,95.1690673828125,95.49471275422167,95.1394639425799,95.42563555072876,10571300
2026-03-11,94.73485565185547,95.04076788066595,94.71512253628862,94.99143132732388,12197600
2026-03-12,94.42894744873047,94.71512657417446,94.33025928013927,94.586834966546,11401400
2026-03-13,94.33026123046875,94.66578444714546,94.29079499683654,94.57696659934707,11839700
2026-03-16,94.75460052490234,94.79407428978398,94.60658331765974,94.71513428887152,9092100
2026-03-17,94.92235565185547,95.0111659666054,94.86314124650549,94.90261500712214,7209700
2026-03-18,94.4881591796875,94.85328584721715,94.4684260622659,94.78420864296567,13048700
2026-03-19,94.47827911376953,94.61643350802576,94.22171096949356,94.231573762762,18464600
2026-03-20,93.62962341308594,94.08356041030679,93.60001997200534,94.05395696922619,20761500
2026-03-23,93.92566680908203,94.1723721739379,93.63948768238718,93.74803864523179,28336300
2026-03-24,93.6098861694336,93.82698809959011,93.37305112237667,93.54080896700656,19785600
2026-03-25,94.1032943725586,94.14276813414573,93.88619244825449,94.03421717199367,15939200
2026-03-26,93.34343719482422,93.87632168044802,93.34343719482422,93.7579079250984,12897300
2026-03-27,93.35330963134766,93.5309377972446,93.11647458643517,93.1263449092212,11401900
2026-03-30,94.01447296142578,94.13289424169623,93.87631856553521,93.9453957634805,15430000
2026-03-31,94.18224334716797,94.41907839149039,94.09342550001561,94.28092398823145,18649700
2026-04-01,94.10006713867188,94.34759466979614,94.0802607059751,94.13967245012465,13557600
2026-04-02,94.31788635253906,94.4465979408139,94.0703588377442,94.09015771519407,13171300
2026-04-06,94.07035827636719,94.23867517247757,93.97134878182814,94.06045506073121,6104900
2026-04-07,94.30799102783203,94.34759633998591,93.82283917334348,94.12977090010999,6737500
2026-04-08,94.51591491699219,94.78324889025737,94.42680862853115,94.77334567355913,12107400
2026-04-09,94.48621368408203,94.70403912978715,94.28819467195434,94.42680949123194,11065900
2026-04-10,94.3277816772461,94.51590500507889,94.31788601552665,94.48620291204008,4404800
2026-04-13,94.53571319580078,94.5456088577044,94.22877393616007,94.32778343277884,4300200
2026-04-14,94.8426513671875,94.85255458370662,94.46641223281071,94.49611432842718,5239800
2026-04-15,94.63472747802734,94.75353585840178,94.55551685515054,94.74364019599776,5592900
2026-04-16,94.46640014648438,94.75352540333515,94.43669050072815,94.72382331151886,6618900
2026-04-17,94.98126220703125,95.10007813846471,94.89214836997101,94.94165689655343,6912900
2026-04-20,94.89215087890625,94.97136150195621,94.76343928190565,94.96146583953055,3868800
2026-04-21,94.47630310058594,94.80304124366648,94.46640743850993,94.74363705544839,4872900
2026-04-22,94.57530975341797,94.76343308236918,94.55551087592113,94.73373098915378,4121400
2026-04-23,94.42679595947266,94.6842191275606,94.248575852521,94.61491172785384,6795600
2026-04-24,94.61492156982422,94.64462366508248,94.26838453524319,94.34759515855909,5490000
2026-04-27,94.39708709716797,94.58521042105122,94.33768291233751,94.47629771290198,4055500
2026-04-28,94.30799102783203,94.32778990693852,94.16937621226387,94.24858683657165,4867700
2026-04-29,93.86243438720703,94.09015546516615,93.76341734050472,94.09015546516615,7200300
2026-04-30,94.04065704345703,94.14956220068781,93.93174433228594,94.10006122993569,10382400
2026-05-01,94.1121826171875,94.41019763333036,93.99298267379972,94.06251850038815,5359200
2026-05-04,93.76449584960938,93.97310331238914,93.59562422433567,93.96316745830362,6593900
2026-05-05,93.90357208251953,94.0128437462946,93.84397211276456,93.87377209764205,11281600
2026-05-06,94.37045288085938,94.4002528638922,94.23138124081551,94.30091706083743,9031100
2026-05-07,94.08238220214844,94.54926885518523,94.06251807128665,94.54926885518523,5610100
2026-05-08,94.33072662353516,94.45986242273702,94.29099078251072,94.41019830558403,3215100
2026-05-11,94.01284790039062,94.25125536878133,94.01284790039062,94.23139123759742,4025400
2026-05-12,93.6949691772461,93.80424084634825,93.67510504597152,93.79430499129256,5686700
2026-05-13,93.6949691772461,93.75456914990662,93.48636169409748,93.67510504597152,3459200
2026-05-14,93.63536071777344,93.93336813290239,93.6254248636183,93.91350400342823,5167300
2026-05-15,92.89034271240234,93.12875019081645,92.87047100154619,93.09895020336931,12498700
2026-05-18,92.85060119628906,93.12874450058361,92.72145782012615,92.99960870325732,8422900
2026-05-19,92.49298095703125,92.65191673095552,92.33403760427079,92.51284508670821,10069800
2026-05-20,93.11881256103516,93.18834839003249,92.53272594217714,92.55259007381768,14892500
2026-05-21,93.17841339111328,93.21814165152811,92.69165504441297,92.85059840141791,7762000
2026-05-22,93.25788116455078,93.36715283208719,93.00953784357472,93.33735284618393,6321900
2026-05-26,93.65523529052734,93.72477111969482,93.50622777692932,93.71483526443177,5494400
2026-05-27,93.6949691772461,93.85391254278989,93.66516919091583,93.72476916357635,5958800
2026-05-28,93.91350555419922,94.04264134500387,93.66516224807287,93.7247622163156,5938300
2026-05-29,94.02278137207031,94.11218132838688,93.9035738514783,94.01284551731183,9639700
2026-06-01,93.86031341552734,93.89021354169955,93.50149669285142,93.60117391916508,8054100
2026-06-02,93.93008422851562,94.01979221259492,93.85035309237328,94.01979221259492,15426600
2026-06-03,93.69087219238281,93.79054181215209,93.60117181588181,93.68090294911451,7056500
2026-06-04,93.81048583984375,93.96995572003318,93.78057810827228,93.89021697778597,4417900
2026-06-05,93.31212615966797,93.4815652765464,93.28221842936176,93.40182653767255,9880800
2026-06-08,93.21244812011719,93.55133395522003,93.21244812011719,93.49153370373908,5352200
2026-06-09,93.47159576416016,93.54136525939786,93.30215664776927,93.40182626892246,8007300
2026-06-10,93.38189697265625,93.5912054619248,93.29218898908128,93.5114667219259,5804900
2026-06-11,94.02975463867188,94.06962400922905,93.44169853263948,93.5014987863228,11281600
2026-06-12,93.87028503417969,93.95998541496596,93.71080755148644,93.85035415099549,8861800
2026-06-15,93.96995544433594,94.15933305554123,93.95002456098511,94.07959431352795,3787600
2026-06-16,94.20915985107422,94.30883707628365,94.03972073510559,94.06962086094656,4675000
2026-06-17,93.71080780029297,94.2689713868964,93.70084616082687,94.2191327723462,11508300
2026-06-18,94.04969024658203,94.28889885829636,94.01979012065583,94.11945974184474,6836500
2026-06-22,93.69087219238281,93.82044193765242,93.66097206688248,93.80051105542039,4572200
2026-06-23,93.81048583984375,93.95002483662388,93.78057810827228,93.85035521096735,6504600
2026-06-24,94.4184799194336,94.46831092983359,94.24903319201972,94.2590024358217,5179800
2026-06-25,94.47827911376953,94.7075184885088,94.46830987007938,94.54804861099082,5630500
2026-06-26,94.71748352050781,94.76732213243756,94.5181442813979,94.5181442813979,5584100
2026-06-29,94.74738311767578,94.75735236086706,94.61781337340722,94.66765198505908,5901500
2026-06-30,94.25900268554688,94.5879192931391,94.23907180219506,94.5679808054823,8034000
2026-07-01,94.02999877929688,94.19999694824219,94.0,94.04000091552734,7890500
2026-07-02,94.12000274658203,94.26000213623047,94.02999877929688,94.08999633789062,7605500
2026-07-06,94.18000030517578,94.19000244140625,94.02999877929688,94.13999938964844,4600500
2026-07-07,93.69999694824219,94.0199966430664,93.69000244140625,94.0,5813600
2026-07-08,93.51000213623047,93.58999633789062,93.36000061035156,93.52999877929688,5509600
2026-07-09,93.70999908447266,93.8499984741211,93.58999633789062,93.58999633789062,3223100
2026-07-10,93.62999725341797,93.77999877929688,93.58999633789062,93.73999786376953,6507600
