Price,Close,Close,High,High,Low,Low,Open,Open,Volume,Volume
Ticker,COMP,OIL,COMP,OIL,COMP,OIL,COMP,OIL,COMP,OIL
Date,,,,,,,,,,
2011-04-20,,50.349998474121094,,50.349998474121094,,50.349998474121094,,50.349998474121094,,0.0
2011-04-21,,50.349998474121094,,50.349998474121094,,49.900001525878906,,49.939998626708984,,10478.0
2011-04-25,,50.04999923706055,,50.56999969482422,,49.90999984741211,,50.56999969482422,,14900.0
2011-04-26,,50.29999923706055,,50.43000030517578,,50.099998474121094,,50.18000030517578,,15000.0
2011-04-27,,50.810001373291016,,50.849998474121094,,49.79999923706055,,50.349998474121094,,35200.0
2011-04-28,,50.70000076293945,,51.15999984741211,,50.16999816894531,,50.779998779296875,,44765.0
2011-04-29,,51.040000915527344,,51.130001068115234,,50.56999969482422,,50.779998779296875,,12197.0
2011-05-02,,50.95000076293945,,51.040000915527344,,50.95000076293945,,51.040000915527344,,1000.0
2011-05-03,,49.81999969482422,,50.54999923706055,,49.65999984741211,,50.36000061035156,,13599.0
2011-05-04,,48.88999938964844,,49.220001220703125,,48.83000183105469,,49.13999938964844,,9200.0
2011-05-05,,44.42100143432617,,47.52000045776367,,44.2400016784668,,47.52000045776367,,31204.0
2011-05-06,,44.06880187988281,,45.7400016784668,,43.77000045776367,,45.66999816894531,,16751.0
2011-05-09,,46.220001220703125,,48.52000045776367,,44.709999084472656,,48.52000045776367,,12680.0
2011-05-10,,46.70000076293945,,46.779998779296875,,46.119998931884766,,46.119998931884766,,4145.0
2011-05-11,,44.79999923706055,,45.38999938964844,,44.619998931884766,,45.38999938964844,,3800.0
2011-05-12,,44.5099983215332,,45.150001525878906,,43.36000061035156,,43.369998931884766,,22840.0
2011-05-13,,44.150001525878906,,44.849998474121094,,44.119998931884766,,44.529998779296875,,2400.0
2011-05-16,,43.880001068115234,,43.880001068115234,,43.880001068115234,,43.880001068115234,,0.0
2011-05-17,,43.689998626708984,,43.689998626708984,,42.93000030517578,,43.52000045776367,,3300.0
2011-05-18,,45.040000915527344,,45.25,,44.470001220703125,,44.470001220703125,,2781.0
2011-05-19,,44.970001220703125,,44.970001220703125,,44.970001220703125,,44.970001220703125,,600.0
2011-05-20,,44.849998474121094,,44.869998931884766,,43.63999938964844,,43.63999938964844,,1800.0
2011-05-23,,43.68000030517578,,43.720001220703125,,43.27000045776367,,43.4900016784668,,1500.0
2011-05-24,,44.68230056762695,,44.68230056762695,,44.04999923706055,,44.630001068115234,,2378.0
2011-05-25,,45.4900016784668,,45.4900016784668,,45.4900016784668,,45.4900016784668,,0.0
2011-05-26,,45.060001373291016,,45.15999984741211,,44.849998474121094,,44.849998474121094,,900.0
2011-05-27,,45.11920166015625,,45.11920166015625,,45.11920166015625,,45.11920166015625,,510.0
2011-05-31,,46.11000061035156,,46.11000061035156,,46.11000061035156,,46.11000061035156,,1000.0
2011-06-01,,46.068199157714844,,46.11000061035156,,46.068199157714844,,46.11000061035156,,690.0
2011-06-02,,45.150001525878906,,45.150001525878906,,45.150001525878906,,45.150001525878906,,0.0
2011-06-03,,44.869998931884766,,44.869998931884766,,44.349998474121094,,44.369998931884766,,500.0
2011-06-06,,44.4900016784668,,44.58000183105469,,44.4900016784668,,44.58000183105469,,300.0
2011-06-07,,44.29499816894531,,44.38999938964844,,44.15999984741211,,44.15999984741211,,525.0
2011-06-08,,45.400001525878906,,45.400001525878906,,45.400001525878906,,45.400001525878906,,300.0
2011-06-09,,45.61000061035156,,45.810001373291016,,45.61000061035156,,45.810001373291016,,300.0
2011-06-10,,44.66999816894531,,44.66999816894531,,44.66999816894531,,44.66999816894531,,0.0
2011-06-13,,43.65999984741211,,43.66999816894531,,43.52000045776367,,43.540000915527344,,1300.0
2011-06-14,,44.45000076293945,,44.45000076293945,,44.0099983215332,,44.0099983215332,,1800.0
2011-06-15,,42.97999954223633,,42.97999954223633,,42.97999954223633,,42.97999954223633,,200.0
2011-06-16,,42.52000045776367,,42.650001525878906,,42.41999816894531,,42.54999923706055,,2000.0
2011-06-17,,41.2400016784668,,41.45000076293945,,41.2400016784668,,41.45000076293945,,300.0
2011-06-20,,41.81999969482422,,41.81999969482422,,41.81999969482422,,41.81999969482422,,0.0
2011-06-21,,41.9203987121582,,41.95000076293945,,41.9203987121582,,41.95000076293945,,282.0
2011-06-22,,42.54999923706055,,42.560001373291016,,42.29999923706055,,42.320098876953125,,1850.0
2011-06-23,,40.75,,40.75,,40.75,,40.75,,0.0
2011-06-24,,40.83000183105469,,40.83000183105469,,40.83000183105469,,40.83000183105469,,0.0
2011-06-27,,40.400001525878906,,40.739898681640625,,40.400001525878906,,40.739898681640625,,330.0
2011-06-28,,41.57600021362305,,41.57600021362305,,41.57600021362305,,41.57600021362305,,100.0
2011-06-29,,42.4228401184082,,42.4228401184082,,42.4228401184082,,42.4228401184082,,0.0
2011-06-30,,42.43000030517578,,42.43000030517578,,42.43000030517578,,42.43000030517578,,140.0
2011-07-01,,42.630001068115234,,42.650001525878906,,42.59400177001953,,42.59400177001953,,1760.0
2011-07-05,,43.4900016784668,,43.4900016784668,,43.4900016784668,,43.4900016784668,,200.0
2011-07-06,,43.2599983215332,,43.2599983215332,,43.2599983215332,,43.2599983215332,,200.0
2011-07-07,,43.880001068115234,,44.209999084472656,,43.83000183105469,,43.88999938964844,,2051.0
2011-07-08,,43.011661529541016,,43.011661529541016,,43.011661529541016,,43.011661529541016,,0.0
2011-07-11,,42.53538131713867,,42.53538131713867,,42.53538131713867,,42.53538131713867,,0.0
2011-07-12,,43.46669006347656,,43.46669006347656,,43.46669006347656,,43.46669006347656,,0.0
2011-07-13,,43.74272918701172,,43.74272918701172,,43.74272918701172,,43.74272918701172,,0.0
2011-07-14,,42.630001068115234,,43.5099983215332,,42.630001068115234,,43.45000076293945,,6100.0
2011-07-15,,43.20000076293945,,43.209598541259766,,43.20000076293945,,43.20000076293945,,555.0
2011-07-18,,42.7400016784668,,42.7400016784668,,42.7400016784668,,42.7400016784668,,0.0
2011-07-19,,43.459999084472656,,43.779998779296875,,43.45000076293945,,43.45000076293945,,1500.0
2011-07-20,,43.29999923706055,,43.7401008605957,,43.29999923706055,,43.7400016784668,,1350.0
2011-07-21,,43.88759994506836,,43.88759994506836,,43.88759994506836,,43.88759994506836,,0.0
2011-07-22,,44.189998626708984,,44.189998626708984,,44.189998626708984,,44.189998626708984,,0.0
2011-07-25,,43.900001525878906,,43.900001525878906,,43.70000076293945,,43.70000076293945,,285.0
2011-07-26,,44.36989974975586,,44.400001525878906,,43.91999816894531,,43.91999816894531,,1270.0
2011-07-27,,43.709999084472656,,43.709999084472656,,43.709999084472656,,43.709999084472656,,112.0
2011-07-28,,43.25,,43.25,,43.25,,43.25,,0.0
2011-07-29,,42.4900016784668,,42.4900016784668,,42.4900016784668,,42.4900016784668,,0.0
2011-08-01,,42.91999816894531,,43.619998931884766,,42.91999816894531,,43.619998931884766,,3300.0
2011-08-02,,41.47999954223633,,41.5099983215332,,41.47999954223633,,41.5099983215332,,800.0
2011-08-03,,40.779998779296875,,41.16999816894531,,40.66999816894531,,41.08000183105469,,5000.0
2011-08-04,,39.20000076293945,,39.599998474121094,,39.20000076293945,,39.439998626708984,,2798.0
2011-08-05,,38.86000061035156,,38.86000061035156,,38.86000061035156,,38.86000061035156,,600.0
2011-08-08,,37.029998779296875,,37.029998779296875,,37.029998779296875,,37.029998779296875,,400.0
2011-08-09,,35.86000061035156,,35.86000061035156,,35.86000061035156,,35.86000061035156,,300.0
2011-08-10,,36.540000915527344,,36.54999923706055,,35.58000183105469,,35.58000183105469,,6000.0
2011-08-11,,37.810001373291016,,37.810001373291016,,37.27000045776367,,37.27000045776367,,1300.0
2011-08-12,,38.0,,38.0,,38.0,,38.0,,600.0
2011-08-15,,38.810001373291016,,38.849998474121094,,38.38999938964844,,38.400001525878906,,2711.0
2011-08-16,,38.380001068115234,,38.630001068115234,,38.209999084472656,,38.31999969482422,,3258.0
2011-08-17,,39.04999923706055,,39.04999923706055,,39.04999923706055,,39.04999923706055,,100.0
2011-08-18,,36.689998626708984,,37.040000915527344,,36.689998626708984,,37.040000915527344,,1345.0
2011-08-19,,36.400001525878906,,36.7400016784668,,36.400001525878906,,36.5099983215332,,300.0
2011-08-22,,36.78799819946289,,36.78799819946289,,36.18000030517578,,36.77000045776367,,4390.0
2011-08-23,,37.529998779296875,,37.95000076293945,,37.27000045776367,,37.310001373291016,,3000.0
2011-08-24,,37.91400146484375,,37.91400146484375,,37.7599983215332,,37.7599983215332,,785.0
2011-08-25,,37.599998474121094,,37.599998474121094,,37.599998474121094,,37.599998474121094,,0.0
2011-08-26,,37.57279968261719,,37.58000183105469,,37.400001525878906,,37.560001373291016,,3415.0
2011-08-29,,38.33599853515625,,38.36360168457031,,38.33599853515625,,38.36000061035156,,559.0
2011-08-30,,39.06489944458008,,39.06489944458008,,39.06489944458008,,39.06489944458008,,0.0
2011-08-31,,39.11000061035156,,39.11000061035156,,39.029998779296875,,39.04999923706055,,500.0
2011-09-01,,39.189998626708984,,39.189998626708984,,39.189998626708984,,39.189998626708984,,200.0
2011-09-02,,38.11000061035156,,38.2400016784668,,37.70000076293945,,37.70000076293945,,400.0
2011-09-06,,36.900001525878906,,36.900001525878906,,36.900001525878906,,36.900001525878906,,100.0
2011-09-07,,39.04999923706055,,39.08000183105469,,39.04999923706055,,39.08000183105469,,6000.0
2011-09-08,,38.900001525878906,,39.22999954223633,,38.849998474121094,,39.22999954223633,,2500.0
2011-09-09,,38.238399505615234,,38.238399505615234,,38.238399505615234,,38.238399505615234,,0.0
2011-09-12,,38.51319885253906,,38.56999969482422,,38.51319885253906,,38.56999969482422,,1115.0
2011-09-13,,39.36119842529297,,39.36119842529297,,39.36119842529297,,39.36119842529297,,0.0
2011-09-14,,38.855899810791016,,38.855899810791016,,38.855899810791016,,38.855899810791016,,0.0
2011-09-15,,39.14630126953125,,39.14630126953125,,39.14630126953125,,39.14630126953125,,0.0
2011-09-16,,38.40999984741211,,38.40999984741211,,38.40999984741211,,38.40999984741211,,100.0
2011-09-19,,37.507999420166016,,37.507999420166016,,37.507999420166016,,37.507999420166016,,0.0
2011-09-20,,38.01139831542969,,38.01139831542969,,38.01139831542969,,38.01139831542969,,0.0
2011-09-21,,37.970001220703125,,38.400001525878906,,37.810001373291016,,37.900001525878906,,7900.0
2011-09-22,,35.709999084472656,,35.90999984741211,,35.709999084472656,,35.709999084472656,,3500.0
2011-09-23,,34.952598571777344,,34.952598571777344,,34.952598571777344,,34.952598571777344,,0.0
2011-09-26,,35.09370040893555,,35.09370040893555,,35.09370040893555,,35.09370040893555,,0.0
2011-09-27,,36.92290115356445,,36.92290115356445,,36.92290115356445,,36.92290115356445,,0.0
2011-09-28,,35.56999969482422,,36.411598205566406,,35.41999816894531,,36.411598205566406,,13365.0
2011-09-29,,36.04999923706055,,36.31010055541992,,36.04999923706055,,36.310001373291016,,600.0
2011-09-30,,34.53850173950195,,34.53850173950195,,34.53850173950195,,34.53850173950195,,0.0
2011-10-03,,33.91889953613281,,33.91889953613281,,33.91889953613281,,33.91889953613281,,0.0
2011-10-04,,33.59000015258789,,33.59000015258789,,33.34000015258789,,33.34000015258789,,1100.0
2011-10-05,,34.75189971923828,,34.75189971923828,,34.75189971923828,,34.75189971923828,,0.0
2011-10-06,,36.04180145263672,,36.04180145263672,,36.04180145263672,,36.04180145263672,,0.0
2011-10-07,,36.18009948730469,,36.18009948730469,,36.18009948730469,,36.18009948730469,,0.0
2011-10-10,,37.22930145263672,,37.22930145263672,,37.22930145263672,,37.22930145263672,,0.0
2011-10-11,,37.439998626708984,,37.439998626708984,,37.439998626708984,,37.439998626708984,,0.0
2011-10-12,,37.560001373291016,,37.560001373291016,,37.290000915527344,,37.31999969482422,,1400.0
2011-10-13,,36.77479934692383,,36.77479934692383,,36.77479934692383,,36.77479934692383,,0.0
2011-10-14,,37.847198486328125,,37.847198486328125,,37.847198486328125,,37.847198486328125,,0.0
2011-10-17,,37.714298248291016,,37.714298248291016,,37.714298248291016,,37.714298248291016,,0.0
2011-10-18,,38.580101013183594,,38.580101013183594,,38.58000183105469,,38.58000183105469,,200.0
2011-10-19,,37.54999923706055,,38.81999969482422,,37.54999923706055,,38.81999969482422,,1200.0
2011-10-20,,36.95000076293945,,36.95000076293945,,36.81999969482422,,36.95000076293945,,800.0
2011-10-21,,38.00199890136719,,38.00199890136719,,38.00199890136719,,38.00199890136719,,0.0
2011-10-24,,39.47999954223633,,39.47999954223633,,39.349998474121094,,39.349998474121094,,600.0
2011-10-25,,40.43000030517578,,40.630001068115234,,40.25,,40.25,,5000.0
2011-10-26,,39.77000045776367,,40.0099983215332,,39.77000045776367,,40.0099983215332,,1651.0
2011-10-27,,40.41999816894531,,40.41999816894531,,40.189998626708984,,40.349998474121094,,1500.0
2011-10-28,,40.50239944458008,,40.50239944458008,,40.50239944458008,,40.50239944458008,,0.0
2011-10-31,,40.290000915527344,,40.290000915527344,,40.290000915527344,,40.290000915527344,,200.0
2011-11-01,,39.9818000793457,,39.9818000793457,,39.9818000793457,,39.9818000793457,,0.0
2011-11-02,,40.11119842529297,,40.11119842529297,,40.11119842529297,,40.11119842529297,,0.0
2011-11-03,,40.27000045776367,,40.27000045776367,,40.27000045776367,,40.27000045776367,,100.0
2011-11-04,,40.31999969482422,,40.349998474121094,,40.31999969482422,,40.349998474121094,,400.0
2011-11-07,,41.45289993286133,,41.45289993286133,,41.45289993286133,,41.45289993286133,,0.0
2011-11-08,,41.95000076293945,,41.95000076293945,,41.58000183105469,,41.75,,3800.0
2011-11-09,,41.529998779296875,,41.619998931884766,,41.189998626708984,,41.189998626708984,,2000.0
2011-11-10,,42.5099983215332,,42.5099983215332,,42.5099983215332,,42.5099983215332,,600.0
2011-11-11,,42.904998779296875,,42.904998779296875,,42.904998779296875,,42.904998779296875,,0.0
2011-11-14,,42.67150115966797,,42.67150115966797,,42.67150115966797,,42.67150115966797,,0.0
2011-11-15,,43.17940139770508,,43.17940139770508,,43.17940139770508,,43.17940139770508,,0.0
2011-11-16,,44.209999084472656,,44.209999084472656,,44.209999084472656,,44.209999084472656,,545.0
2011-11-17,,42.79999923706055,,42.79999923706055,,42.779998779296875,,42.779998779296875,,959.0
2011-11-18,,42.18000030517578,,42.18000030517578,,42.18000030517578,,42.18000030517578,,200.0
2011-11-21,,42.21229934692383,,42.21229934692383,,42.21229934692383,,42.21229934692383,,0.0
2011-11-22,,42.77669906616211,,42.77669906616211,,42.77669906616211,,42.77669906616211,,0.0
2011-11-23,,41.99290084838867,,41.99290084838867,,41.99290084838867,,41.99290084838867,,0.0
2011-11-25,,41.790000915527344,,41.790000915527344,,41.790000915527344,,41.790000915527344,,690.0
2011-11-28,,42.801300048828125,,42.801300048828125,,42.801300048828125,,42.801300048828125,,0.0
2011-11-29,,43.27000045776367,,43.27000045776367,,43.27000045776367,,43.27000045776367,,1000.0
2011-11-30,,43.721099853515625,,43.721099853515625,,43.721099853515625,,43.721099853515625,,0.0
2011-12-01,,43.630001068115234,,43.650001525878906,,43.107601165771484,,43.63999938964844,,8596.0
2011-12-02,,43.95000076293945,,43.95000076293945,,43.59000015258789,,43.59000015258789,,4247.0
2011-12-05,,44.029300689697266,,44.029300689697266,,44.029300689697266,,44.029300689697266,,0.0
2011-12-06,,44.18040084838867,,44.18040084838867,,44.18040084838867,,44.18040084838867,,0.0
2011-12-07,,43.8489990234375,,43.8489990234375,,43.8489990234375,,43.8489990234375,,0.0
2011-12-08,,42.83000183105469,,43.40999984741211,,42.83000183105469,,43.40999984741211,,2073.0
2011-12-09,,43.344200134277344,,43.344200134277344,,43.344200134277344,,43.344200134277344,,0.0
2011-12-12,,42.83000183105469,,42.83000183105469,,42.689998626708984,,42.689998626708984,,2189.0
2011-12-13,,43.489898681640625,,43.939998626708984,,43.489898681640625,,43.939998626708984,,385.0
2011-12-14,,41.5281982421875,,41.5281982421875,,41.5281982421875,,41.5281982421875,,0.0
2011-12-15,,40.96500015258789,,41.720001220703125,,40.96500015258789,,41.720001220703125,,741.0
2011-12-16,,40.98379898071289,,40.98379898071289,,40.98379898071289,,40.98379898071289,,0.0
2011-12-19,,41.040000915527344,,41.04999923706055,,41.040000915527344,,41.04999923706055,,600.0
2011-12-20,,42.369998931884766,,42.369998931884766,,42.36000061035156,,42.36000061035156,,200.0
2011-12-21,,42.540000915527344,,42.68000030517578,,42.540000915527344,,42.68000030517578,,200.0
2011-12-22,,43.317100524902344,,43.317100524902344,,43.317100524902344,,43.317100524902344,,0.0
2011-12-23,,43.439998626708984,,43.54999923706055,,43.439998626708984,,43.54999923706055,,200.0
2011-12-27,,43.970699310302734,,43.970699310302734,,43.970699310302734,,43.970699310302734,,100.0
2011-12-28,,43.28950119018555,,43.28950119018555,,43.28950119018555,,43.28950119018555,,0.0
2011-12-29,,43.457698822021484,,43.457698822021484,,43.457698822021484,,43.457698822021484,,0.0
2011-12-30,,43.16170120239258,,43.16170120239258,,43.16170120239258,,43.16170120239258,,0.0
2012-01-03,,44.836700439453125,,44.836700439453125,,44.836700439453125,,44.836700439453125,,0.0
2012-01-04,,44.849998474121094,,44.849998474121094,,44.849998474121094,,44.849998474121094,,245.0
2012-01-05,,44.47460174560547,,44.47460174560547,,44.47460174560547,,44.47460174560547,,0.0
2012-01-06,,44.4474983215332,,44.4474983215332,,44.4474983215332,,44.4474983215332,,0.0
2012-01-09,,44.35770034790039,,44.35770034790039,,44.35770034790039,,44.35770034790039,,0.0
2012-01-10,,44.67770004272461,,44.67770004272461,,44.67770004272461,,44.67770004272461,,0.0
2012-01-11,,44.13880157470703,,44.13880157470703,,44.13880157470703,,44.13880157470703,,0.0
2012-01-12,,44.77000045776367,,44.77000045776367,,44.77000045776367,,44.77000045776367,,491.0
2012-01-13,,43.22600173950195,,43.22600173950195,,43.22600173950195,,43.22600173950195,,0.0
2012-01-17,,44.06999969482422,,44.06999969482422,,44.06999969482422,,44.06999969482422,,140.0
2012-01-18,,44.29999923706055,,44.29999923706055,,44.29999923706055,,44.29999923706055,,570.0
2012-01-19,,44.25,,44.25,,44.15999984741211,,44.15999984741211,,631.0
2012-01-20,,43.220001220703125,,43.220001220703125,,43.220001220703125,,43.220001220703125,,820.0
2012-01-23,,43.56999969482422,,43.61000061035156,,43.52000045776367,,43.61000061035156,,2414.0
2012-01-24,,43.2598991394043,,43.2598991394043,,43.2598991394043,,43.2598991394043,,100.0
2012-01-25,,43.0900993347168,,43.2599983215332,,43.09000015258789,,43.09000015258789,,880.0
2012-01-26,,43.67720031738281,,43.67720031738281,,43.67720031738281,,43.67720031738281,,0.0
2012-01-27,,43.5,,43.689998626708984,,43.5,,43.689998626708984,,1704.0
2012-01-30,,43.5,,43.5,,43.5,,43.5,,150.0
2012-01-31,,43.199798583984375,,43.199798583984375,,43.199798583984375,,43.199798583984375,,0.0
2012-02-01,,42.830299377441406,,42.830299377441406,,42.830299377441406,,42.830299377441406,,0.0
2012-02-02,,42.300498962402344,,42.300498962402344,,42.300498962402344,,42.300498962402344,,0.0
2012-02-03,,42.5099983215332,,42.5099983215332,,42.5099983215332,,42.5099983215332,,1318.0
2012-02-06,,42.75,,42.75,,42.75,,42.75,,300.0
2012-02-07,,43.33190155029297,,43.33190155029297,,43.33190155029297,,43.33190155029297,,0.0
2012-02-08,,43.70000076293945,,43.70000076293945,,43.70000076293945,,43.70000076293945,,1151.0
2012-02-09,,43.959999084472656,,43.959999084472656,,43.959999084472656,,43.959999084472656,,209.0
2012-02-10,,43.467899322509766,,43.467899322509766,,43.467899322509766,,43.467899322509766,,0.0
2012-02-13,,44.3927001953125,,44.3927001953125,,44.3927001953125,,44.3927001953125,,0.0
2012-02-14,,44.27909851074219,,44.27909851074219,,44.27909851074219,,44.27909851074219,,0.0
2012-02-15,,44.70289993286133,,44.70289993286133,,44.70289993286133,,44.70289993286133,,0.0
2012-02-16,,44.962100982666016,,44.962100982666016,,44.962100982666016,,44.962100982666016,,0.0
2012-02-17,,45.299198150634766,,45.299198150634766,,45.299198150634766,,45.299198150634766,,0.0
2012-02-21,,45.859901428222656,,45.939998626708984,,45.859901428222656,,45.939998626708984,,200.0
2012-02-22,,46.380001068115234,,46.439998626708984,,46.349998474121094,,46.349998474121094,,600.0
2012-02-23,,47.04800033569336,,47.04800033569336,,46.2400016784668,,46.439998626708984,,1282.0
2012-02-24,,47.939998626708984,,47.939998626708984,,47.90999984741211,,47.90999984741211,,800.0
2012-02-27,,47.45000076293945,,47.56999969482422,,47.45000076293945,,47.56999969482422,,200.0
2012-02-28,,47.31990051269531,,47.31990051269531,,47.31990051269531,,47.31990051269531,,168.0
2012-02-29,,46.560001373291016,,46.560001373291016,,46.560001373291016,,46.560001373291016,,500.0
2012-03-01,,47.70000076293945,,48.0099983215332,,47.040000915527344,,47.06999969482422,,438269.0
2012-03-02,,46.630001068115234,,47.08000183105469,,46.29999923706055,,47.08000183105469,,45220.0
2012-03-05,,46.61000061035156,,46.779998779296875,,46.61000061035156,,46.63999938964844,,13651.0
2012-03-06,,45.88999938964844,,46.060001373291016,,45.81999969482422,,45.86000061035156,,5400.0
2012-03-07,,46.40999984741211,,46.40999984741211,,45.79999923706055,,45.79999923706055,,500.0
2012-03-08,,46.599998474121094,,46.599998474121094,,46.599998474121094,,46.599998474121094,,250.0
2012-03-09,,47.14799880981445,,47.15999984741211,,46.849998474121094,,46.849998474121094,,1805.0
2012-03-12,,46.43000030517578,,46.43009948730469,,46.43000030517578,,46.43000030517578,,2200.0
2012-03-13,,46.66999816894531,,46.91999816894531,,46.66999816894531,,46.91999816894531,,2880.0
2012-03-14,,46.22999954223633,,46.52840042114258,,46.16999816894531,,46.52840042114258,,1185.0
2012-03-15,,46.11859893798828,,46.11859893798828,,46.11859893798828,,46.11859893798828,,0.0
2012-03-16,,46.27000045776367,,46.27000045776367,,46.27000045776367,,46.27000045776367,,100.0
2012-03-19,,47.130001068115234,,47.130001068115234,,47.130001068115234,,47.130001068115234,,800.0
2012-03-20,,46.27000045776367,,46.27000045776367,,46.27000045776367,,46.27000045776367,,100.0
2012-03-21,,46.47999954223633,,46.47999954223633,,46.27370071411133,,46.27370071411133,,1164.0
2012-03-22,,45.86280059814453,,45.86280059814453,,45.86280059814453,,45.86280059814453,,0.0
2012-03-23,,46.599998474121094,,46.599998474121094,,46.599998474121094,,46.599998474121094,,300.0
2012-03-26,,46.61920166015625,,46.61920166015625,,46.61920166015625,,46.61920166015625,,0.0
2012-03-27,,46.779998779296875,,46.779998779296875,,46.779998779296875,,46.779998779296875,,200.0
2012-03-28,,45.96879959106445,,45.96879959106445,,45.96879959106445,,45.96879959106445,,0.0
2012-03-29,,45.130001068115234,,45.130001068115234,,45.130001068115234,,45.130001068115234,,105.0
2012-03-30,,45.099998474121094,,45.125999450683594,,45.060001373291016,,45.060001373291016,,705.0
2012-04-02,,46.020999908447266,,46.020999908447266,,44.599998474121094,,44.599998474121094,,971.0
2012-04-03,,45.61000061035156,,45.7400016784668,,45.61000061035156,,45.7400016784668,,550.0
2012-04-04,,44.68000030517578,,44.72999954223633,,44.68000030517578,,44.72999954223633,,18908.0
2012-04-05,,45.150001525878906,,45.150001525878906,,44.619998931884766,,44.619998931884766,,1285.0
2012-04-09,,44.869998931884766,,44.869998931884766,,44.869998931884766,,44.869998931884766,,225.0
2012-04-10,,44.248199462890625,,44.790000915527344,,44.13999938964844,,44.709999084472656,,14769.0
2012-04-11,,44.854000091552734,,44.854000091552734,,44.380001068115234,,44.380001068115234,,500.0
2012-04-12,,45.2400016784668,,45.25,,45.21889877319336,,45.25,,1950.0
2012-04-13,,44.832698822021484,,44.88999938964844,,44.821998596191406,,44.88999938964844,,1195.0
2012-04-16,,44.91999816894531,,44.95000076293945,,44.4900016784668,,44.95000076293945,,1580.0
2012-04-17,,45.28200149536133,,45.56999969482422,,45.28200149536133,,45.56999969482422,,2485.0
2012-04-18,,45.18000030517578,,45.20000076293945,,45.18000030517578,,45.20000076293945,,606.0
2012-04-19,,44.683998107910156,,44.790000915527344,,44.65399932861328,,44.790000915527344,,890.0
2012-04-20,,45.06999969482422,,45.159000396728516,,45.06370162963867,,45.150001525878906,,1813.0
2012-04-23,,44.72999954223633,,44.7400016784668,,44.240699768066406,,44.33000183105469,,3777.0
2012-04-24,,44.95399856567383,,45.099998474121094,,44.95399856567383,,45.099998474121094,,384.0
2012-04-25,,44.81399917602539,,45.040000915527344,,44.81399917602539,,45.040000915527344,,1542.0
2012-04-26,,45.220001220703125,,45.310001373291016,,45.220001220703125,,45.310001373291016,,755.0
2012-04-27,,45.33599853515625,,45.35900115966797,,45.209999084472656,,45.2400016784668,,1817.0
2012-04-30,,45.349998474121094,,45.38999938964844,,45.119998931884766,,45.13999938964844,,1433.0
2012-05-01,,45.959999084472656,,45.959999084472656,,45.959999084472656,,45.959999084472656,,200.0
2012-05-02,,45.65999984741211,,45.68000030517578,,45.65999984741211,,45.68000030517578,,444.0
2012-05-03,,44.90999984741211,,45.20000076293945,,44.90999984741211,,45.20000076293945,,300.0
2012-05-04,,42.645999908447266,,42.645999908447266,,42.645999908447266,,42.645999908447266,,0.0
2012-05-07,,42.400001525878906,,42.400001525878906,,42.06999969482422,,42.22999954223633,,683.0
2012-05-08,,42.02149963378906,,42.02149963378906,,42.02149963378906,,42.02149963378906,,0.0
2012-05-09,,41.91999816894531,,41.91999816894531,,41.91999816894531,,41.91999816894531,,100.0
2012-05-10,,42.00429916381836,,42.00429916381836,,42.00429916381836,,42.00429916381836,,0.0
2012-05-11,,41.470001220703125,,41.9900016784668,,41.470001220703125,,41.9900016784668,,3728.0
2012-05-14,,40.83100128173828,,40.86000061035156,,40.83100128173828,,40.84400177001953,,1065.0
2012-05-15,,41.01279830932617,,41.13999938964844,,41.01279830932617,,41.13999938964844,,895.0
2012-05-16,,40.2760009765625,,40.2760009765625,,40.2760009765625,,40.2760009765625,,0.0
2012-05-17,,40.05220031738281,,40.38999938964844,,40.05220031738281,,40.38999938964844,,955.0
2012-05-18,,39.92599868774414,,40.060001373291016,,39.88600158691406,,40.060001373291016,,600.0
2012-05-21,,40.088401794433594,,40.088401794433594,,40.088401794433594,,40.088401794433594,,0.0
2012-05-22,,39.79199981689453,,39.95909881591797,,39.79199981689453,,39.95909881591797,,804.0
2012-05-23,,39.150001525878906,,39.2599983215332,,38.83000183105469,,39.2599983215332,,1664.0
2012-05-24,,39.177398681640625,,39.177398681640625,,39.177398681640625,,39.177398681640625,,0.0
2012-05-25,,39.43000030517578,,39.43000030517578,,39.43000030517578,,39.43000030517578,,383.0
2012-05-29,,39.28839874267578,,39.28839874267578,,39.28839874267578,,39.28839874267578,,0.0
2012-05-30,,37.90700149536133,,37.90700149536133,,37.90700149536133,,37.90700149536133,,431.0
2012-05-31,,37.470001220703125,,37.790000915527344,,37.470001220703125,,37.790000915527344,,535.0
2012-06-01,,36.12590026855469,,36.12590026855469,,36.12590026855469,,36.12590026855469,,0.0
2012-06-04,,36.20000076293945,,36.20000076293945,,36.150001525878906,,36.150001525878906,,600.0
2012-06-05,,36.415000915527344,,36.43000030517578,,36.28120040893555,,36.36000061035156,,3301.0
2012-06-06,,36.90800094604492,,37.209999084472656,,36.81999969482422,,36.86000061035156,,2473.0
2012-06-07,,36.9379997253418,,37.2400016784668,,36.90999984741211,,37.2400016784668,,2546.0
2012-06-08,,36.05400085449219,,36.08000183105469,,36.029998779296875,,36.08000183105469,,1519.0
2012-06-11,,36.27949905395508,,36.5994987487793,,36.27949905395508,,36.5994987487793,,595.0
2012-06-12,,36.189998626708984,,36.220001220703125,,36.189998626708984,,36.220001220703125,,990.0
2012-06-13,,35.85540008544922,,36.380001068115234,,35.85540008544922,,36.380001068115234,,421.0
2012-06-14,,36.54800033569336,,36.54800033569336,,35.83000183105469,,35.83000183105469,,2870.0
2012-06-15,,36.525001525878906,,36.540000915527344,,36.31999969482422,,36.31999969482422,,2050.0
2012-06-18,,36.11000061035156,,36.11000061035156,,36.11000061035156,,36.11000061035156,,451.0
2012-06-19,,36.568199157714844,,36.56999969482422,,36.568199157714844,,36.56999969482422,,216.0
2012-06-20,,35.399600982666016,,35.399600982666016,,35.399600982666016,,35.399600982666016,,0.0
2012-06-21,,34.2400016784668,,34.83000183105469,,34.2400016784668,,34.7599983215332,,3685.0
2012-06-22,,34.77000045776367,,34.790000915527344,,34.27399826049805,,34.45000076293945,,8968.0
2012-06-25,,34.53499984741211,,34.53900146484375,,34.060001373291016,,34.18000030517578,,3936.0
2012-06-26,,34.56399917602539,,34.58000183105469,,34.172000885009766,,34.25,,4260.0
2012-06-27,,35.029998779296875,,35.029998779296875,,34.880001068115234,,34.880001068115234,,725.0
2012-06-28,,34.2400016784668,,34.25899887084961,,33.869998931884766,,33.9900016784668,,3700.0
2012-06-29,,36.849998474121094,,36.959999084472656,,35.560001373291016,,35.7400016784668,,9015.0
2012-07-02,,36.388999938964844,,36.388999938964844,,36.0,,36.310001373291016,,640.0
2012-07-03,,38.0,,38.189998626708984,,37.75,,37.93000030517578,,2430.0
2012-07-05,,37.81399917602539,,38.790000915527344,,37.748600006103516,,37.84000015258789,,1376.0
2012-07-06,,36.7047004699707,,36.7047004699707,,36.7047004699707,,36.7047004699707,,0.0
2012-07-09,,37.2599983215332,,37.54999923706055,,36.65999984741211,,36.65999984741211,,4620.0
2012-07-10,,37.071998596191406,,37.11000061035156,,37.071998596191406,,37.11000061035156,,390.0
2012-07-11,,37.53300094604492,,37.53300094604492,,37.37799835205078,,37.37799835205078,,360.0
2012-07-12,,37.38850021362305,,37.38850021362305,,37.38850021362305,,37.38850021362305,,0.0
2012-07-13,,37.89799880981445,,37.93000030517578,,37.54819869995117,,37.56999969482422,,840.0
2012-07-16,,38.32640075683594,,38.380001068115234,,37.90999984741211,,37.90999984741211,,2419.0
2012-07-17,,38.58399963378906,,38.61899948120117,,38.56999969482422,,38.56999969482422,,1910.0
2012-07-18,,38.80860137939453,,38.86000061035156,,38.65999984741211,,38.65999984741211,,490.0
2012-07-19,,39.91299819946289,,39.979000091552734,,39.400001525878906,,39.400001525878906,,1300.0
2012-07-20,,39.42499923706055,,39.43000030517578,,39.29999923706055,,39.29999923706055,,550.0
2012-07-23,,37.93000030517578,,37.93000030517578,,37.93000030517578,,37.93000030517578,,105.0
2012-07-24,,38.11000061035156,,38.150001525878906,,37.95000076293945,,38.08000183105469,,1468.0
2012-07-25,,38.375999450683594,,38.375999450683594,,37.47999954223633,,38.029998779296875,,2075.0
2012-07-26,,38.829898834228516,,38.84000015258789,,38.81999969482422,,38.81999969482422,,1755.0
2012-07-27,,38.92399978637695,,38.93000030517578,,38.630001068115234,,38.66999816894531,,3266.0
2012-07-30,,38.61000061035156,,38.90999984741211,,38.61000061035156,,38.849998474121094,,2910.0
2012-07-31,,37.720001220703125,,37.720001220703125,,37.720001220703125,,37.720001220703125,,764.0
2012-08-01,,38.4379997253418,,38.4900016784668,,38.4379997253418,,38.4900016784668,,300.0
2012-08-02,,37.63999938964844,,37.66999816894531,,37.560001373291016,,37.58000183105469,,1345.0
2012-08-03,,39.266998291015625,,39.347999572753906,,38.63999938964844,,38.650001525878906,,6941.0
2012-08-06,,39.6609992980957,,39.6609992980957,,39.52299880981445,,39.560001373291016,,700.0
2012-08-07,,40.439998626708984,,40.439998626708984,,39.790000915527344,,39.959999084472656,,1900.0
2012-08-08,,40.529998779296875,,40.589900970458984,,40.52989959716797,,40.589900970458984,,310.0
2012-08-09,,40.168701171875,,40.168701171875,,40.168701171875,,40.168701171875,,0.0
2012-08-10,,39.951900482177734,,39.951900482177734,,39.951900482177734,,39.951900482177734,,0.0
2012-08-13,,39.779998779296875,,39.849998474121094,,39.779998779296875,,39.849998474121094,,1100.0
2012-08-14,,40.18199920654297,,40.349998474121094,,40.18199920654297,,40.349998474121094,,1006.0
2012-08-15,,40.74800109863281,,40.7599983215332,,40.45000076293945,,40.45000076293945,,450.0
2012-08-16,,40.97999954223633,,40.97999954223633,,40.78850173950195,,40.810001373291016,,2944.0
2012-08-17,,41.18470001220703,,41.19900131225586,,40.90999984741211,,40.91999816894531,,15623.0
2012-08-20,,41.23899841308594,,41.23899841308594,,41.150001525878906,,41.150001525878906,,340.0
2012-08-21,,41.63999938964844,,41.79999923706055,,41.63999938964844,,41.79999923706055,,2800.0
2012-08-22,,41.611698150634766,,41.630001068115234,,41.369998931884766,,41.43000030517578,,11775.0
2012-08-23,,41.422000885009766,,41.82789993286133,,41.422000885009766,,41.82789993286133,,863.0
2012-08-24,,41.380001068115234,,41.38010025024414,,41.380001068115234,,41.38010025024414,,1280.0
2012-08-27,,40.91619873046875,,40.93000030517578,,40.68000030517578,,40.68000030517578,,1370.0
2012-08-28,,41.11109924316406,,41.197898864746094,,41.11109924316406,,41.17789840698242,,370.0
2012-08-29,,40.87630081176758,,40.87630081176758,,40.87630081176758,,40.87630081176758,,0.0
2012-08-30,,40.428001403808594,,40.439998626708984,,40.40999984741211,,40.40999984741211,,995.0
2012-08-31,,41.2401008605957,,41.36000061035156,,40.959999084472656,,40.959999084472656,,6990.0
2012-09-04,,40.82059860229492,,40.82059860229492,,40.82059860229492,,40.82059860229492,,0.0
2012-09-05,,40.810001373291016,,40.810001373291016,,40.52119827270508,,40.52119827270508,,220.0
2012-09-06,,41.49689865112305,,41.6245002746582,,41.49689865112305,,41.540000915527344,,560.0
2012-09-07,,41.2400016784668,,41.2400016784668,,40.4900016784668,,40.4900016784668,,1815.0
2012-09-10,,41.220001220703125,,41.220001220703125,,41.150001525878906,,41.150001525878906,,2200.0
2012-09-11,,41.45009994506836,,41.52000045776367,,41.4119987487793,,41.47999954223633,,2752.0
2012-09-12,,41.51900100708008,,41.560001373291016,,41.25,,41.279998779296875,,2310.0
2012-09-13,,41.96900177001953,,42.02000045776367,,41.619998931884766,,42.02000045776367,,2760.0
2012-09-14,,42.28300094604492,,42.5,,42.13399887084961,,42.470001220703125,,5475.0
2012-09-17,,41.119998931884766,,42.38999938964844,,40.5099983215332,,42.38999938964844,,7125.0
2012-09-18,,41.0099983215332,,41.0099983215332,,41.0099983215332,,41.0099983215332,,100.0
2012-09-19,,39.16999816894531,,40.0,,39.09000015258789,,40.0,,2530.0
2012-09-20,,39.57400131225586,,39.57400131225586,,39.08000183105469,,39.08000183105469,,900.0
2012-09-21,,39.6161994934082,,39.88999938964844,,39.529998779296875,,39.88999938964844,,2150.0
2012-09-24,,38.90999984741211,,39.189998626708984,,38.90999984741211,,39.189998626708984,,1260.0
2012-09-25,,38.86800003051758,,39.650001525878906,,38.86800003051758,,39.650001525878906,,990.0
2012-09-26,,38.09000015258789,,38.25,,38.09000015258789,,38.25,,605.0
2012-09-27,,39.45899963378906,,39.45899963378906,,38.84600067138672,,38.93000030517578,,1285.0
2012-09-28,,39.459999084472656,,39.459999084472656,,39.459999084472656,,39.459999084472656,,100.0
2012-10-01,,39.70899963378906,,39.70899963378906,,39.66999816894531,,39.66999816894531,,300.0
2012-10-02,,39.550899505615234,,39.550899505615234,,39.349998474121094,,39.349998474121094,,2563.0
2012-10-03,,37.649898529052734,,37.9900016784668,,37.649898529052734,,37.9900016784668,,8200.0
2012-10-04,,39.1875,,39.1875,,39.1875,,39.1875,,0.0
2012-10-05,,38.21989822387695,,38.75,,38.21989822387695,,38.75,,1595.0
2012-10-08,,38.25559997558594,,38.25559997558594,,38.25559997558594,,38.25559997558594,,0.0
2012-10-09,,39.43199920654297,,39.540000915527344,,38.65999984741211,,38.820098876953125,,453270.0
2012-10-10,,39.040000915527344,,39.96799850463867,,39.040000915527344,,39.459999084472656,,47747.0
2012-10-11,,39.56999969482422,,39.689998626708984,,39.029998779296875,,39.31999969482422,,12300.0
2012-10-12,,39.150001525878906,,39.619998931884766,,38.9900016784668,,39.619998931884766,,2900.0
2012-10-15,,38.79999923706055,,39.15999984741211,,38.75,,38.75,,1900.0
2012-10-16,,39.38999938964844,,39.56999969482422,,39.150001525878906,,39.380001068115234,,3985.0
2012-10-17,,39.29999923706055,,39.599998474121094,,39.29999923706055,,39.54999923706055,,700.0
2012-10-18,,39.44929885864258,,39.44929885864258,,39.44929885864258,,39.44929885864258,,0.0
2012-10-19,,38.60409927368164,,38.60409927368164,,38.60409927368164,,38.60409927368164,,0.0
2012-10-22,,38.439998626708984,,38.439998626708984,,38.38999938964844,,38.38999938964844,,610.0
2012-10-23,,36.90999984741211,,36.90999984741211,,36.83000183105469,,36.843101501464844,,30678.0
2012-10-24,,36.68880081176758,,36.68880081176758,,36.68880081176758,,36.68880081176758,,0.0
2012-10-25,,36.8224983215332,,36.8224983215332,,36.8224983215332,,36.8224983215332,,0.0
2012-10-26,,36.9099006652832,,36.9099006652832,,36.9099006652832,,36.9099006652832,,0.0
2012-10-31,,36.84000015258789,,36.84000015258789,,36.779998779296875,,36.779998779296875,,2945.0
2012-11-01,,37.119998931884766,,37.119998931884766,,37.119998931884766,,37.119998931884766,,150.0
2012-11-02,,36.97999954223633,,36.97999954223633,,36.97999954223633,,36.97999954223633,,100.0
2012-11-05,,36.68000030517578,,36.68000030517578,,36.68000030517578,,36.68000030517578,,0.0
2012-11-06,,37.93069839477539,,37.93069839477539,,37.93069839477539,,37.93069839477539,,0.0
2012-11-07,,36.2599983215332,,36.2599983215332,,36.2599983215332,,36.2599983215332,,100.0
2012-11-08,,36.429901123046875,,36.429901123046875,,36.429901123046875,,36.429901123046875,,0.0
2012-11-09,,36.85329818725586,,36.85329818725586,,36.85329818725586,,36.85329818725586,,0.0
2012-11-12,,36.670501708984375,,36.670501708984375,,36.670501708984375,,36.670501708984375,,0.0
2012-11-13,,36.5,,36.5099983215332,,36.5,,36.5099983215332,,250.0
2012-11-14,,36.90840148925781,,36.90840148925781,,36.90840148925781,,36.90840148925781,,0.0
2012-11-15,,36.47990036010742,,36.70000076293945,,36.47990036010742,,36.70000076293945,,900.0
2012-11-16,,36.709999084472656,,36.709999084472656,,36.709999084472656,,36.709999084472656,,100.0
2012-11-19,,38.09000015258789,,38.09000015258789,,37.619998931884766,,37.619998931884766,,705.0
2012-11-20,,36.9900016784668,,36.9900016784668,,36.9900016784668,,36.9900016784668,,100.0
2012-11-21,,37.130001068115234,,37.209999084472656,,37.130001068115234,,37.209999084472656,,900.0
2012-11-23,,37.5984001159668,,37.5984001159668,,37.5984001159668,,37.5984001159668,,0.0
2012-11-26,,37.36940002441406,,37.36940002441406,,37.36940002441406,,37.36940002441406,,0.0
2012-11-27,,37.137699127197266,,37.137699127197266,,37.137699127197266,,37.137699127197266,,0.0
2012-11-28,,36.8557014465332,,36.8557014465332,,36.8557014465332,,36.8557014465332,,0.0
2012-11-29,,37.48040008544922,,37.48040008544922,,37.48040008544922,,37.48040008544922,,0.0
2012-11-30,,37.83219909667969,,37.83219909667969,,37.83219909667969,,37.83219909667969,,0.0
2012-12-03,,38.0,,38.0,,38.0,,38.0,,150.0
2012-12-04,,37.540000915527344,,37.540000915527344,,37.400001525878906,,37.400001525878906,,300.0
2012-12-05,,37.61000061035156,,37.61000061035156,,37.54999923706055,,37.54999923706055,,350.0
2012-12-06,,36.61000061035156,,36.650001525878906,,36.58000183105469,,36.58000183105469,,730.0
2012-12-07,,36.57609939575195,,36.57609939575195,,36.57609939575195,,36.57609939575195,,0.0
2012-12-10,,36.619998931884766,,36.75,,36.619998931884766,,36.75,,8317.0
2012-12-11,,36.5,,36.5099983215332,,36.43000030517578,,36.43000030517578,,5465.0
2012-12-12,,36.849998474121094,,36.939998626708984,,36.849998474121094,,36.939998626708984,,2747.0
2012-12-13,,36.582000732421875,,36.68000030517578,,36.582000732421875,,36.68000030517578,,1097.0
2012-12-14,,36.65999984741211,,36.70000076293945,,36.65999984741211,,36.70000076293945,,5508.0
2012-12-17,,36.939998626708984,,37.08000183105469,,36.88999938964844,,36.88999938964844,,19208.0
2012-12-18,,37.22800064086914,,37.25,,36.970001220703125,,37.130001068115234,,3790.0
2012-12-19,,37.76259994506836,,37.76259994506836,,37.36000061035156,,37.36000061035156,,1825.0
2012-12-20,,37.880001068115234,,38.03049850463867,,37.790000915527344,,37.790000915527344,,2191.0
2012-12-21,,37.5,,37.5,,37.209999084472656,,37.209999084472656,,2200.0
2012-12-24,,37.41600036621094,,37.45000076293945,,37.41600036621094,,37.45000076293945,,387.0
2012-12-26,,38.22999954223633,,38.22999954223633,,38.22999954223633,,38.22999954223633,,300.0
2012-12-27,,38.400001525878906,,38.400001525878906,,37.95000076293945,,38.33000183105469,,6141.0
2012-12-28,,38.209999084472656,,39.4900016784668,,38.104000091552734,,39.4900016784668,,23367.0
2012-12-31,,38.47600173950195,,38.499000549316406,,38.0099983215332,,38.15999984741211,,43338.0
2013-01-02,,38.939998626708984,,39.22999954223633,,38.900001525878906,,39.220001220703125,,10425.0
2013-01-03,,38.83000183105469,,39.20000076293945,,38.81999969482422,,38.9900016784668,,5147.0
2013-01-04,,38.91999816894531,,39.0,,38.790000915527344,,38.81999969482422,,3831.0
2013-01-07,,39.0,,39.02000045776367,,38.77000045776367,,38.79999923706055,,3722.0
2013-01-08,,39.071998596191406,,39.071998596191406,,38.869998931884766,,38.880001068115234,,1848.0
2013-01-09,,39.119998931884766,,39.119998931884766,,39.119998931884766,,39.119998931884766,,100.0
2013-01-10,,39.28900146484375,,39.400001525878906,,39.28200149536133,,39.380001068115234,,1209.0
2013-01-11,,39.18000030517578,,39.18000030517578,,38.939998626708984,,38.939998626708984,,1400.0
2013-01-14,,39.37200164794922,,39.37200164794922,,39.119998931884766,,39.119998931884766,,200.0
2013-01-15,,39.055999755859375,,39.36000061035156,,39.055999755859375,,39.36000061035156,,1335.0
2013-01-16,,39.380001068115234,,39.380001068115234,,39.11000061035156,,39.11000061035156,,2247.0
2013-01-17,,39.829898834228516,,39.83000183105469,,39.829898834228516,,39.83000183105469,,1200.0
2013-01-18,,39.89400100708008,,39.89400100708008,,39.683998107910156,,39.880001068115234,,3459.0
2013-01-22,,40.25600051879883,,40.25600051879883,,40.060001373291016,,40.060001373291016,,511.0
2013-01-23,,39.880001068115234,,40.16999816894531,,39.83000183105469,,40.167999267578125,,850.0
2013-01-24,,40.15999984741211,,40.15999984741211,,40.11000061035156,,40.11000061035156,,489.0
2013-01-25,,40.07400131225586,,40.07400131225586,,40.07400131225586,,40.07400131225586,,180.0
2013-01-28,,40.231998443603516,,40.34000015258789,,39.974700927734375,,40.34000015258789,,1726.0
2013-01-29,,40.62200164794922,,40.630001068115234,,40.417999267578125,,40.417999267578125,,1908.0
2013-01-30,,40.880001068115234,,40.880001068115234,,40.619998931884766,,40.7599983215332,,3700.0
2013-01-31,,40.72600173950195,,40.72999954223633,,40.58000183105469,,40.58000183105469,,2496.0
2013-02-01,,40.779998779296875,,40.779998779296875,,40.43000030517578,,40.43000030517578,,4885.0
2013-02-04,,40.290000915527344,,40.290000915527344,,40.290000915527344,,40.290000915527344,,126.0
2013-02-05,,40.41999816894531,,40.5099983215332,,40.40399932861328,,40.40999984741211,,1695.0
2013-02-06,,40.459999084472656,,40.459999084472656,,40.43000030517578,,40.43000030517578,,915.0
2013-02-07,,40.16999816894531,,40.16999816894531,,40.16999816894531,,40.16999816894531,,115.0
2013-02-08,,40.090599060058594,,40.090599060058594,,40.090599060058594,,40.090599060058594,,0.0
2013-02-11,,40.61000061035156,,40.61000061035156,,40.61000061035156,,40.61000061035156,,100.0
2013-02-12,,40.7599983215332,,40.7599983215332,,40.7599983215332,,40.7599983215332,,250.0
2013-02-13,,40.779998779296875,,40.779998779296875,,40.779998779296875,,40.779998779296875,,200.0
2013-02-14,,40.779998779296875,,40.779998779296875,,40.779998779296875,,40.779998779296875,,380.0
2013-02-15,,40.150001525878906,,40.15999984741211,,40.06999969482422,,40.06999969482422,,510.0
2013-02-19,,40.36000061035156,,40.36000061035156,,39.959999084472656,,39.959999084472656,,1159.0
2013-02-20,,39.46500015258789,,39.66999816894531,,39.439998626708984,,39.66999816894531,,3400.0
2013-02-21,,38.6150016784668,,38.619998931884766,,38.6150016784668,,38.619998931884766,,302.0
2013-02-22,,38.69340133666992,,38.69340133666992,,38.69340133666992,,38.69340133666992,,0.0
2013-02-25,,38.47800064086914,,38.630001068115234,,38.47800064086914,,38.630001068115234,,626.0
2013-02-26,,38.494998931884766,,38.61000061035156,,38.44599914550781,,38.61000061035156,,2428.0
2013-02-27,,38.560001373291016,,38.65999984741211,,38.33000183105469,,38.40999984741211,,2960.0
2013-02-28,,38.21269989013672,,38.21269989013672,,38.21269989013672,,38.21269989013672,,0.0
2013-03-01,,37.70000076293945,,37.7400016784668,,37.70000076293945,,37.7400016784668,,200.0
2013-03-04,,37.29999923706055,,37.619998931884766,,37.29999923706055,,37.619998931884766,,2380.0
2013-03-05,,37.72999954223633,,37.72999954223633,,37.54999923706055,,37.54999923706055,,533.0
2013-03-06,,37.57619857788086,,37.57619857788086,,37.57619857788086,,37.57619857788086,,0.0
2013-03-07,,38.02799987792969,,38.02799987792969,,38.0,,38.0,,375.0
2013-03-08,,38.16640090942383,,38.16640090942383,,38.16640090942383,,38.16640090942383,,0.0
2013-03-11,,38.12799835205078,,38.130001068115234,,38.12799835205078,,38.130001068115234,,1487.0
2013-03-12,,38.38999938964844,,38.59000015258789,,38.310001373291016,,38.59000015258789,,700.0
2013-03-13,,38.220001220703125,,38.220001220703125,,38.220001220703125,,38.220001220703125,,0.0
2013-03-14,,38.25,,38.25,,38.25,,38.25,,350.0
2013-03-15,,38.60449981689453,,38.60449981689453,,38.60449981689453,,38.60449981689453,,0.0
2013-03-18,,38.69660186767578,,38.69660186767578,,38.69660186767578,,38.69660186767578,,0.0
2013-03-19,,38.459999084472656,,38.720001220703125,,38.459999084472656,,38.720001220703125,,325.0
2013-03-20,,38.369998931884766,,38.470001220703125,,38.236000061035156,,38.470001220703125,,4275.0
2013-03-21,,38.12200164794922,,38.12200164794922,,38.12200164794922,,38.12200164794922,,247.0
2013-03-22,,38.53179931640625,,38.53179931640625,,38.53179931640625,,38.53179931640625,,150.0
2013-03-25,,38.9989013671875,,38.9989013671875,,38.9989013671875,,38.9989013671875,,0.0
2013-03-26,,39.45600128173828,,39.45600128173828,,39.35599899291992,,39.35599899291992,,702.0
2013-03-27,,39.435001373291016,,39.435001373291016,,39.321998596191406,,39.321998596191406,,825.0
2013-03-28,,39.957401275634766,,39.957401275634766,,39.957401275634766,,39.957401275634766,,0.0
2013-04-01,,39.99919891357422,,39.99919891357422,,39.99919891357422,,39.99919891357422,,0.0
2013-04-02,,39.95800018310547,,39.992000579833984,,39.95800018310547,,39.992000579833984,,282.0
2013-04-03,,38.96689987182617,,38.96689987182617,,38.96689987182617,,38.96689987182617,,0.0
2013-04-04,,38.47200012207031,,38.66999816894531,,38.21500015258789,,38.66999816894531,,1100.0
2013-04-05,,38.21200180053711,,38.21200180053711,,38.21200180053711,,38.21200180053711,,202.0
2013-04-08,,38.268001556396484,,38.268001556396484,,38.268001556396484,,38.268001556396484,,100.0
2013-04-09,,38.84989929199219,,38.84989929199219,,38.512001037597656,,38.512001037597656,,557.0
2013-04-10,,39.059600830078125,,39.059600830078125,,39.059600830078125,,39.059600830078125,,0.0
2013-04-11,,38.61130142211914,,38.61130142211914,,38.61130142211914,,38.61130142211914,,0.0
2013-04-12,,37.7140007019043,,37.90999984741211,,37.52199935913086,,37.84000015258789,,863.0
2013-04-15,,36.682701110839844,,36.682701110839844,,36.682701110839844,,36.682701110839844,,0.0
2013-04-16,,36.70000076293945,,36.70000076293945,,36.70000076293945,,36.70000076293945,,1778.0
2013-04-17,,35.8026008605957,,35.8026008605957,,35.8026008605957,,35.8026008605957,,0.0
2013-04-18,,36.43000030517578,,36.43000030517578,,36.43000030517578,,36.43000030517578,,190.0
2013-04-19,,36.290000915527344,,36.290000915527344,,36.290000915527344,,36.290000915527344,,200.0
2013-04-22,,36.58000183105469,,36.58000183105469,,36.58000183105469,,36.58000183105469,,300.0
2013-04-23,,36.7760009765625,,36.7760009765625,,36.7760009765625,,36.7760009765625,,491.0
2013-04-24,,37.60710144042969,,37.60710144042969,,37.60710144042969,,37.60710144042969,,0.0
2013-04-25,,38.310001373291016,,41.58000183105469,,38.0098991394043,,41.58000183105469,,1743.0
2013-04-26,,38.2047004699707,,38.2047004699707,,38.2047004699707,,38.2047004699707,,0.0
2013-04-29,,38.720001220703125,,38.720001220703125,,38.720001220703125,,38.720001220703125,,4764.0
2013-04-30,,38.20199966430664,,38.439998626708984,,38.20199966430664,,38.439998626708984,,1047.0
2013-05-01,,37.334598541259766,,37.334598541259766,,37.334598541259766,,37.334598541259766,,0.0
2013-05-02,,38.34000015258789,,38.34000015258789,,37.62990188598633,,37.62990188598633,,600.0
2013-05-03,,39.21200180053711,,39.21200180053711,,39.21200180053711,,39.21200180053711,,376.0
2013-05-06,,39.33000183105469,,39.33000183105469,,39.33000183105469,,39.33000183105469,,5358.0
2013-05-07,,39.22119903564453,,39.22119903564453,,39.22119903564453,,39.22119903564453,,0.0
2013-05-08,,39.279998779296875,,39.369998931884766,,39.279998779296875,,39.369998931884766,,2100.0
2013-05-09,,39.4119987487793,,39.4119987487793,,39.189998626708984,,39.40999984741211,,558.0
2013-05-10,,39.414398193359375,,39.414398193359375,,39.414398193359375,,39.414398193359375,,0.0
2013-05-13,,39.04199981689453,,39.189998626708984,,39.04199981689453,,39.13999938964844,,2629.0
2013-05-14,,39.08000183105469,,39.08000183105469,,39.08000183105469,,39.08000183105469,,150.0
2013-05-15,,38.130001068115234,,38.2400016784668,,38.130001068115234,,38.2400016784668,,300.0
2013-05-16,,39.21950149536133,,39.21950149536133,,39.21950149536133,,39.21950149536133,,0.0
2013-05-17,,39.540000915527344,,39.540000915527344,,39.540000915527344,,39.540000915527344,,411.0
2013-05-20,,39.69459915161133,,39.69459915161133,,39.69459915161133,,39.69459915161133,,0.0
2013-05-21,,39.41999816894531,,39.41999816894531,,39.40999984741211,,39.40999984741211,,326.0
2013-05-22,,39.04999923706055,,39.04999923706055,,39.04999923706055,,39.04999923706055,,100.0
2013-05-23,,38.20000076293945,,39.29999923706055,,38.20000076293945,,39.29999923706055,,200.0
2013-05-24,,38.70000076293945,,38.70000076293945,,38.70000076293945,,38.70000076293945,,100.0
2013-05-28,,39.09260177612305,,39.09260177612305,,39.09260177612305,,39.09260177612305,,0.0
2013-05-29,,38.5,,38.70000076293945,,38.5,,38.70000076293945,,600.0
2013-05-30,,38.562400817871094,,38.562400817871094,,38.562400817871094,,38.562400817871094,,0.0
2013-05-31,,38.2599983215332,,38.310001373291016,,38.2599983215332,,38.310001373291016,,227.0
2013-06-03,,38.619998931884766,,38.79999923706055,,38.619998931884766,,38.79999923706055,,210.0
2013-06-04,,38.68000030517578,,38.68000030517578,,38.45000076293945,,38.45000076293945,,200.0
2013-06-05,,38.93000030517578,,38.93000030517578,,38.93000030517578,,38.93000030517578,,151.0
2013-06-06,,39.047401428222656,,39.047401428222656,,39.047401428222656,,39.047401428222656,,0.0
2013-06-07,,39.45800018310547,,39.528099060058594,,38.90999984741211,,38.90999984741211,,950.0
2013-06-10,,39.4724006652832,,39.4724006652832,,39.4724006652832,,39.4724006652832,,0.0
2013-06-11,,39.074100494384766,,39.09989929199219,,38.91999816894531,,38.91999816894531,,947.0
2013-06-12,,39.45399856567383,,39.45399856567383,,39.45399856567383,,39.45399856567383,,0.0
2013-06-13,,39.790000915527344,,39.790000915527344,,39.790000915527344,,39.790000915527344,,151.0
2013-06-14,,40.18000030517578,,40.18000030517578,,40.18000030517578,,40.18000030517578,,104.0
2013-06-17,,40.25659942626953,,40.25659942626953,,40.25659942626953,,40.25659942626953,,0.0
2013-06-18,,40.459999084472656,,40.47999954223633,,40.459999084472656,,40.47200012207031,,767.0
2013-06-19,,40.487998962402344,,40.487998962402344,,40.487998962402344,,40.487998962402344,,210.0
2013-06-20,,39.310001373291016,,40.9900016784668,,39.310001373291016,,40.9900016784668,,300.0
2013-06-21,,38.3489990234375,,38.4900016784668,,38.0880012512207,,38.4900016784668,,1274.0
2013-06-24,,38.63199996948242,,38.72999954223633,,38.099998474121094,,38.099998474121094,,3584.0
2013-06-25,,38.82310104370117,,38.82310104370117,,38.82310104370117,,38.82310104370117,,0.0
2013-06-26,,38.79999923706055,,38.88600158691406,,38.667999267578125,,38.667999267578125,,834.0
2013-06-27,,39.45349884033203,,39.45349884033203,,39.45349884033203,,39.45349884033203,,0.0
2013-06-28,,39.5,,39.5,,39.47999954223633,,39.47999954223633,,400.0
2013-07-01,,39.69129943847656,,39.69129943847656,,39.69129943847656,,39.69129943847656,,0.0
2013-07-02,,39.81999969482422,,39.869998931884766,,39.81999969482422,,39.86000061035156,,9528.0
2013-07-03,,40.5,,40.5,,40.5,,40.5,,134.0
2013-07-05,,41.205299377441406,,41.205299377441406,,41.205299377441406,,41.205299377441406,,0.0
2013-07-08,,41.2400016784668,,41.2400016784668,,41.2400016784668,,41.2400016784668,,0.0
2013-07-09,,41.06999969482422,,41.130001068115234,,41.06999969482422,,41.11000061035156,,1300.0
2013-07-10,,41.7599983215332,,41.7599983215332,,40.959999084472656,,40.959999084472656,,300.0
2013-07-11,,41.810001373291016,,41.810001373291016,,41.810001373291016,,41.810001373291016,,400.0
2013-07-12,,41.98569869995117,,41.98569869995117,,41.97010040283203,,41.97010040283203,,210.0
2013-07-15,,42.189998626708984,,42.189998626708984,,42.189998626708984,,42.189998626708984,,161.0
2013-07-16,,42.18989944458008,,42.34000015258789,,42.15999984741211,,42.34000015258789,,2527.0
2013-07-17,,42.45800018310547,,42.45800018310547,,42.45800018310547,,42.45800018310547,,0.0
2013-07-18,,42.84360122680664,,42.84360122680664,,42.84360122680664,,42.84360122680664,,0.0
2013-07-19,,42.67639923095703,,42.67639923095703,,42.67639923095703,,42.67639923095703,,0.0
2013-07-22,,42.43080139160156,,42.51499938964844,,42.42599868774414,,42.5,,1075.0
2013-07-23,,42.66999816894531,,42.66999816894531,,42.5099983215332,,42.5099983215332,,2165.0
2013-07-24,,42.060001373291016,,42.5,,41.88999938964844,,42.5,,3515.0
2013-07-25,,42.310001373291016,,42.310001373291016,,42.0,,42.040000915527344,,3895.0
2013-07-26,,41.95000076293945,,41.95000076293945,,41.95000076293945,,41.95000076293945,,125.0
2013-07-29,,42.08000183105469,,42.09000015258789,,42.0,,42.040000915527344,,1420.0
2013-07-30,,41.7400016784668,,41.7400016784668,,41.7400016784668,,41.7400016784668,,400.0
2013-07-31,,42.23699951171875,,42.23699951171875,,42.23699951171875,,42.23699951171875,,0.0
2013-08-01,,43.04199981689453,,43.04199981689453,,43.01100158691406,,43.01100158691406,,216.0
2013-08-02,,42.8916015625,,42.8916015625,,42.8916015625,,42.8916015625,,0.0
2013-08-05,,42.71099853515625,,42.71099853515625,,42.71099853515625,,42.71099853515625,,100.0
2013-08-06,,42.422401428222656,,42.422401428222656,,42.422401428222656,,42.422401428222656,,0.0
2013-08-07,,42.16389846801758,,42.16389846801758,,42.16389846801758,,42.16389846801758,,0.0
2013-08-08,,41.529998779296875,,41.757999420166016,,41.529998779296875,,41.75,,1453.0
2013-08-09,,42.531700134277344,,42.531700134277344,,42.531700134277344,,42.531700134277344,,0.0
2013-08-12,,42.77399826049805,,42.77399826049805,,42.77399826049805,,42.77399826049805,,0.0
2013-08-13,,43.109500885009766,,43.109500885009766,,43.109500885009766,,43.109500885009766,,0.0
2013-08-14,,43.08100128173828,,43.08100128173828,,43.08100128173828,,43.08100128173828,,100.0
2013-08-15,,43.464900970458984,,43.464900970458984,,43.464900970458984,,43.464900970458984,,0.0
2013-08-16,,43.68410110473633,,43.68410110473633,,43.68410110473633,,43.68410110473633,,0.0
2013-08-19,,43.49850082397461,,43.49850082397461,,43.49850082397461,,43.49850082397461,,0.0
2013-08-20,,43.02000045776367,,43.02000045776367,,43.02000045776367,,43.02000045776367,,145.0
2013-08-21,,42.537200927734375,,42.537200927734375,,42.537200927734375,,42.537200927734375,,0.0
2013-08-22,,42.885101318359375,,42.885101318359375,,42.885101318359375,,42.885101318359375,,0.0
2013-08-23,,43.411598205566406,,43.411598205566406,,43.411598205566406,,43.411598205566406,,0.0
2013-08-26,,43.25510025024414,,43.25510025024414,,43.25510025024414,,43.25510025024414,,0.0
2013-08-27,,44.391998291015625,,44.391998291015625,,44.391998291015625,,44.391998291015625,,0.0
2013-08-28,,44.53120040893555,,44.685001373291016,,44.53120040893555,,44.66999816894531,,490.0
2013-08-29,,43.890098571777344,,44.650001525878906,,43.88999938964844,,44.650001525878906,,600.0
2013-08-30,,43.91999816894531,,43.91999816894531,,43.91999816894531,,43.91999816894531,,100.0
2013-09-03,,44.19599914550781,,44.19599914550781,,44.189998626708984,,44.189998626708984,,282.0
2013-09-04,,43.75709915161133,,43.75709915161133,,43.75709915161133,,43.75709915161133,,0.0
2013-09-05,,44.146400451660156,,44.146400451660156,,44.146400451660156,,44.146400451660156,,0.0
2013-09-06,,44.81800079345703,,44.81800079345703,,44.81800079345703,,44.81800079345703,,0.0
2013-09-09,,44.34590148925781,,44.34590148925781,,44.34590148925781,,44.34590148925781,,0.0
2013-09-10,,43.45000076293945,,43.45000076293945,,43.45000076293945,,43.45000076293945,,1600.0
2013-09-11,,43.720001220703125,,43.75,,43.63999938964844,,43.63999938964844,,1900.0
2013-09-12,,44.06159973144531,,44.06159973144531,,44.06159973144531,,44.06159973144531,,0.0
2013-09-13,,44.09000015258789,,44.09000015258789,,43.540000915527344,,43.650001525878906,,1150.0
2013-09-16,,43.55550003051758,,43.55550003051758,,43.55550003051758,,43.55550003051758,,0.0
2013-09-17,,43.08599853515625,,43.08599853515625,,43.08000183105469,,43.08000183105469,,200.0
2013-09-18,,44.00859832763672,,44.00859832763672,,44.00859832763672,,44.00859832763672,,0.0
2013-09-19,,43.900001525878906,,43.900001525878906,,43.900001525878906,,43.900001525878906,,3300.0
2013-09-20,,43.1890983581543,,43.1890983581543,,43.1890983581543,,43.1890983581543,,0.0
2013-09-23,,42.7400016784668,,42.779998779296875,,42.63999938964844,,42.779998779296875,,191285.0
2013-09-24,,42.680999755859375,,42.680999755859375,,42.380001068115234,,42.4900016784668,,45587.0
2013-09-25,,42.5,,43.4900016784668,,42.5,,42.91999816894531,,3500.0
2013-09-26,,42.84000015258789,,42.84000015258789,,42.29999923706055,,42.29999923706055,,10900.0
2013-09-27,,42.65999984741211,,43.08000183105469,,42.599998474121094,,42.72999954223633,,6876.0
2013-09-30,,42.65999984741211,,42.65999984741211,,42.36000061035156,,42.36000061035156,,1200.0
2013-10-01,,42.40999984741211,,42.54999923706055,,42.189998626708984,,42.279998779296875,,1825.0
2013-10-02,,43.18000030517578,,43.27000045776367,,42.220001220703125,,42.40999984741211,,6750.0
2013-10-03,,42.959999084472656,,43.56999969482422,,42.939998626708984,,43.56999969482422,,3800.0
2013-10-04,,43.189998626708984,,43.34000015258789,,43.08000183105469,,43.310001373291016,,5478.0
2013-10-07,,43.09000015258789,,43.22999954223633,,43.09000015258789,,43.22999954223633,,400.0
2013-10-08,,43.301700592041016,,43.301700592041016,,43.301700592041016,,43.301700592041016,,0.0
2013-10-09,,42.5640983581543,,42.5640983581543,,42.5640983581543,,42.5640983581543,,0.0
2013-10-10,,43.23460006713867,,43.23460006713867,,43.23460006713867,,43.23460006713867,,0.0
2013-10-11,,42.715999603271484,,42.715999603271484,,42.709999084472656,,42.709999084472656,,314.0
2013-10-14,,43.1619987487793,,43.1619987487793,,43.1619987487793,,43.1619987487793,,0.0
2013-10-15,,42.79389953613281,,42.79389953613281,,42.79389953613281,,42.79389953613281,,0.0
2013-10-16,,43.279998779296875,,43.279998779296875,,43.279998779296875,,43.279998779296875,,400.0
2013-10-17,,42.395999908447266,,42.395999908447266,,42.395999908447266,,42.395999908447266,,629.0
2013-10-18,,42.61000061035156,,42.61000061035156,,42.61000061035156,,42.61000061035156,,2000.0
2013-10-21,,42.24259948730469,,42.24259948730469,,42.24259948730469,,42.24259948730469,,0.0
2013-10-22,,41.79349899291992,,41.79349899291992,,41.79349899291992,,41.79349899291992,,0.0
2013-10-23,,41.0099983215332,,41.02000045776367,,40.91999816894531,,40.9900016784668,,600.0
2013-10-24,,41.11600112915039,,41.11600112915039,,41.108001708984375,,41.108001708984375,,796.0
2013-10-25,,41.4109992980957,,41.4109992980957,,41.4109992980957,,41.4109992980957,,0.0
2013-10-28,,41.856201171875,,41.856201171875,,41.856201171875,,41.856201171875,,0.0
2013-10-29,,41.6973991394043,,41.6973991394043,,41.6973991394043,,41.6973991394043,,0.0
2013-10-30,,41.34000015258789,,41.470001220703125,,41.34000015258789,,41.470001220703125,,200.0
2013-10-31,,41.141998291015625,,41.2760009765625,,41.09000015258789,,41.09000015258789,,6062.0
2013-11-01,,40.709999084472656,,41.4900016784668,,40.709999084472656,,41.4900016784668,,400.0
2013-11-04,,40.53990173339844,,40.63999938964844,,40.53990173339844,,40.63999938964844,,3172.0
2013-11-05,,40.07400131225586,,40.07400131225586,,40.07400131225586,,40.07400131225586,,0.0
2013-11-06,,40.652000427246094,,40.652000427246094,,40.349998474121094,,40.349998474121094,,324.0
2013-11-07,,40.36669921875,,40.36669921875,,40.36669921875,,40.36669921875,,0.0
2013-11-08,,40.54199981689453,,40.54199981689453,,40.439998626708984,,40.439998626708984,,2103.0
2013-11-11,,40.77690124511719,,40.77690124511719,,40.77690124511719,,40.77690124511719,,0.0
2013-11-12,,40.03799819946289,,40.03799819946289,,40.03799819946289,,40.03799819946289,,0.0
2013-11-13,,40.35200119018555,,40.35200119018555,,40.35200119018555,,40.35200119018555,,209.0
2013-11-14,,40.50979995727539,,40.50979995727539,,40.50979995727539,,40.50979995727539,,0.0
2013-11-15,,40.51750183105469,,40.51750183105469,,40.51750183105469,,40.51750183105469,,0.0
2013-11-18,,40.16939926147461,,40.16939926147461,,40.16939926147461,,40.16939926147461,,0.0
2013-11-19,,40.202701568603516,,40.202701568603516,,40.202701568603516,,40.202701568603516,,0.0
2013-11-20,,40.220001220703125,,40.220001220703125,,40.220001220703125,,40.220001220703125,,200.0
2013-11-21,,40.845001220703125,,40.845001220703125,,40.845001220703125,,40.845001220703125,,0.0
2013-11-22,,40.63949966430664,,40.63949966430664,,40.63949966430664,,40.63949966430664,,0.0
2013-11-25,,40.37200164794922,,40.37200164794922,,40.27399826049805,,40.27399826049805,,272.0
2013-11-26,,40.2239990234375,,40.2239990234375,,40.2239990234375,,40.2239990234375,,149.0
2013-11-27,,39.63199996948242,,39.63199996948242,,39.63199996948242,,39.63199996948242,,111.0
2013-11-29,,39.759300231933594,,39.759300231933594,,39.759300231933594,,39.759300231933594,,0.0
2013-12-02,,39.959999084472656,,39.959999084472656,,39.959999084472656,,39.959999084472656,,3000.0
2013-12-03,,41.09199905395508,,41.09199905395508,,41.09199905395508,,41.09199905395508,,426.0
2013-12-04,,41.55009841918945,,41.55009841918945,,41.55009841918945,,41.55009841918945,,0.0
2013-12-05,,41.64799880981445,,41.64799880981445,,41.64799880981445,,41.64799880981445,,240.0
2013-12-06,,41.72999954223633,,41.72999954223633,,41.72999954223633,,41.72999954223633,,106.0
2013-12-09,,41.60329818725586,,41.60329818725586,,41.60329818725586,,41.60329818725586,,0.0
2013-12-10,,41.981300354003906,,41.981300354003906,,41.981300354003906,,41.981300354003906,,0.0
2013-12-11,,41.66999816894531,,41.66999816894531,,41.66999816894531,,41.66999816894531,,241.0
2013-12-12,,41.64929962158203,,41.64929962158203,,41.64929962158203,,41.64929962158203,,0.0
2013-12-13,,41.20000076293945,,41.279998779296875,,41.20000076293945,,41.262001037597656,,406.0
2013-12-16,,41.51599884033203,,41.51599884033203,,41.51599884033203,,41.51599884033203,,0.0
2013-12-17,,41.33789825439453,,41.33789825439453,,41.33789825439453,,41.33789825439453,,0.0
2013-12-18,,41.458099365234375,,41.458099365234375,,41.458099365234375,,41.458099365234375,,0.0
2013-12-19,,41.70600128173828,,41.70600128173828,,41.599998474121094,,41.599998474121094,,290.0
2013-12-20,,41.86989974975586,,41.86989974975586,,41.824100494384766,,41.83000183105469,,2105.0
2013-12-23,,41.85559844970703,,41.85559844970703,,41.85559844970703,,41.85559844970703,,0.0
2013-12-24,,42.11410140991211,,42.11410140991211,,42.11410140991211,,42.11410140991211,,0.0
2013-12-26,,42.18579864501953,,42.18579864501953,,42.18579864501953,,42.18579864501953,,0.0
2013-12-27,,42.44430160522461,,42.44430160522461,,42.44430160522461,,42.44430160522461,,0.0
2013-12-30,,42.21799850463867,,42.21799850463867,,42.21799850463867,,42.21799850463867,,238.0
2013-12-31,,42.047298431396484,,42.047298431396484,,42.047298431396484,,42.047298431396484,,0.0
2014-01-02,,40.90010070800781,,40.90010070800781,,40.90010070800781,,40.90010070800781,,0.0
2014-01-03,,40.298500061035156,,40.298500061035156,,40.298500061035156,,40.298500061035156,,0.0
2014-01-06,,40.12300109863281,,40.12300109863281,,40.12300109863281,,40.12300109863281,,0.0
2014-01-07,,40.12220001220703,,40.12220001220703,,40.12220001220703,,40.12220001220703,,0.0
2014-01-08,,39.810001373291016,,40.20000076293945,,39.810001373291016,,40.20000076293945,,331.0
2014-01-09,,39.450599670410156,,39.450599670410156,,39.450599670410156,,39.450599670410156,,0.0
2014-01-10,,39.86029815673828,,39.86029815673828,,39.86029815673828,,39.86029815673828,,0.0
2014-01-13,,39.47309875488281,,39.47309875488281,,39.47309875488281,,39.47309875488281,,0.0
2014-01-14,,39.68830108642578,,39.68830108642578,,39.68830108642578,,39.68830108642578,,0.0
2014-01-15,,40.262001037597656,,40.262001037597656,,40.262001037597656,,40.262001037597656,,0.0
2014-01-16,,40.135799407958984,,40.135799407958984,,40.135799407958984,,40.135799407958984,,0.0
2014-01-17,,40.37689971923828,,40.37689971923828,,40.37689971923828,,40.37689971923828,,0.0
2014-01-21,,40.52450180053711,,40.52450180053711,,40.52450180053711,,40.52450180053711,,0.0
2014-01-22,,41.130001068115234,,41.16999816894531,,41.130001068115234,,41.150001525878906,,400.0
2014-01-23,,41.03200149536133,,41.152000427246094,,41.03200149536133,,41.152000427246094,,296.0
2014-01-24,,40.936500549316406,,40.936500549316406,,40.936500549316406,,40.936500549316406,,0.0
2014-01-27,,40.592498779296875,,40.592498779296875,,40.592498779296875,,40.592498779296875,,0.0
2014-01-28,,41.23529815673828,,41.23529815673828,,41.23529815673828,,41.23529815673828,,0.0
2014-01-29,,41.199798583984375,,41.199798583984375,,41.199798583984375,,41.199798583984375,,0.0
2014-01-30,,41.436500549316406,,41.436500549316406,,41.436500549316406,,41.436500549316406,,0.0
2014-01-31,,41.2400016784668,,41.2400016784668,,41.2400016784668,,41.2400016784668,,111.0
2014-02-03,,40.6078987121582,,40.6078987121582,,40.6078987121582,,40.6078987121582,,0.0
2014-02-04,,40.93199920654297,,40.93199920654297,,40.91999816894531,,40.91999816894531,,2105.0
2014-02-05,,41.1244010925293,,41.1244010925293,,41.1244010925293,,41.1244010925293,,0.0
2014-02-06,,41.5,,41.58000183105469,,41.4900016784668,,41.58000183105469,,1200.0
2014-02-07,,42.25410079956055,,42.25410079956055,,42.25410079956055,,42.25410079956055,,0.0
2014-02-10,,42.23649978637695,,42.23649978637695,,42.23649978637695,,42.23649978637695,,0.0
2014-02-11,,42.2400016784668,,42.2400016784668,,42.2400016784668,,42.2400016784668,,3000.0
2014-02-12,,42.488800048828125,,42.488800048828125,,42.488800048828125,,42.488800048828125,,0.0
2014-02-13,,42.54880142211914,,42.54880142211914,,42.54880142211914,,42.54880142211914,,0.0
2014-02-14,,42.63209915161133,,42.63209915161133,,42.63209915161133,,42.63209915161133,,0.0
2014-02-18,,43.0099983215332,,43.04999923706055,,43.0099983215332,,43.04999923706055,,200.0
2014-02-19,,43.27470016479492,,43.27470016479492,,43.27470016479492,,43.27470016479492,,0.0
2014-02-20,,43.3224983215332,,43.3224983215332,,43.3224983215332,,43.3224983215332,,0.0
2014-02-21,,43.099998474121094,,43.13999938964844,,43.099998474121094,,43.13999938964844,,200.0
2014-02-24,,43.47380065917969,,43.47380065917969,,43.47380065917969,,43.47380065917969,,0.0
2014-02-25,,43.09619903564453,,43.09619903564453,,43.09619903564453,,43.09619903564453,,0.0
2014-02-26,,43.272499084472656,,43.272499084472656,,43.272499084472656,,43.272499084472656,,0.0
2014-02-27,,43.222801208496094,,43.222801208496094,,43.222801208496094,,43.222801208496094,,0.0
2014-02-28,,43.38130187988281,,43.38130187988281,,43.38130187988281,,43.38130187988281,,0.0
2014-03-03,,44.16709899902344,,44.16709899902344,,44.16709899902344,,44.16709899902344,,0.0
2014-03-04,,43.599998474121094,,43.599998474121094,,43.599998474121094,,43.599998474121094,,241.0
2014-03-05,,42.9822998046875,,42.9822998046875,,42.9822998046875,,42.9822998046875,,0.0
2014-03-06,,43.092098236083984,,43.092098236083984,,43.092098236083984,,43.092098236083984,,0.0
2014-03-07,,43.46009826660156,,43.46009826660156,,43.459999084472656,,43.459999084472656,,323.0
2014-03-10,,42.99530029296875,,42.99530029296875,,42.99530029296875,,42.99530029296875,,0.0
2014-03-11,,42.75960159301758,,42.75960159301758,,42.75960159301758,,42.75960159301758,,0.0
2014-03-12,,42.11629867553711,,42.11629867553711,,42.11629867553711,,42.11629867553711,,0.0
2014-03-13,,42.23059844970703,,42.23059844970703,,42.23059844970703,,42.23059844970703,,0.0
2014-03-14,,42.459999084472656,,42.459999084472656,,42.459999084472656,,42.459999084472656,,0.0
2014-03-17,,41.94340133666992,,41.94340133666992,,41.94340133666992,,41.94340133666992,,0.0
2014-03-18,,42.221500396728516,,42.221500396728516,,42.221500396728516,,42.221500396728516,,0.0
2014-03-19,,42.11869812011719,,42.11869812011719,,42.11869812011719,,42.11869812011719,,0.0
2014-03-20,,42.224098205566406,,42.224098205566406,,42.224098205566406,,42.224098205566406,,0.0
2014-03-21,,42.47560119628906,,42.47560119628906,,42.47560119628906,,42.47560119628906,,0.0
2014-03-24,,42.5525016784668,,42.5525016784668,,42.5525016784668,,42.5525016784668,,0.0
2014-03-25,,42.471900939941406,,42.471900939941406,,42.471900939941406,,42.471900939941406,,0.0
2014-03-26,,42.856201171875,,42.856201171875,,42.856201171875,,42.856201171875,,0.0
2014-03-27,,43.25379943847656,,43.25379943847656,,43.25379943847656,,43.25379943847656,,0.0
2014-03-28,,43.390098571777344,,43.390098571777344,,43.390098571777344,,43.390098571777344,,0.0
2014-03-31,,43.387298583984375,,43.387298583984375,,43.387298583984375,,43.387298583984375,,0.0
2014-04-01,,42.66899871826172,,42.66899871826172,,42.66899871826172,,42.66899871826172,,0.0
2014-04-02,,42.610599517822266,,42.610599517822266,,42.610599517822266,,42.610599517822266,,0.0
2014-04-03,,42.97269821166992,,42.97269821166992,,42.97269821166992,,42.97269821166992,,0.0
2014-04-04,,43.28609848022461,,43.28609848022461,,43.28609848022461,,43.28609848022461,,0.0
2014-04-07,,43.08399963378906,,43.08399963378906,,43.08399963378906,,43.08399963378906,,0.0
2014-04-08,,43.87540054321289,,43.87540054321289,,43.87540054321289,,43.87540054321289,,0.0
2014-04-09,,44.11790084838867,,44.11790084838867,,44.11790084838867,,44.11790084838867,,0.0
2014-04-10,,43.98860168457031,,43.98860168457031,,43.98860168457031,,43.98860168457031,,0.0
2014-04-11,,44.04069900512695,,44.04069900512695,,44.04069900512695,,44.04069900512695,,0.0
2014-04-14,,44.37409973144531,,44.37409973144531,,44.37409973144531,,44.37409973144531,,0.0
2014-04-15,,44.270999908447266,,44.270999908447266,,44.270999908447266,,44.270999908447266,,201.0
2014-04-16,,44.3588981628418,,44.3588981628418,,44.3588981628418,,44.3588981628418,,0.0
2014-04-17,,44.397701263427734,,44.397701263427734,,44.397701263427734,,44.397701263427734,,0.0
2014-04-21,,44.540000915527344,,44.58000183105469,,44.540000915527344,,44.58000183105469,,200.0
2014-04-22,,43.97999954223633,,44.06999969482422,,43.93000030517578,,44.06999969482422,,1300.0
2014-04-23,,43.927101135253906,,43.927101135253906,,43.927101135253906,,43.927101135253906,,0.0
2014-04-24,,44.13410186767578,,44.13410186767578,,44.13410186767578,,44.13410186767578,,0.0
2014-04-25,,43.56230163574219,,43.56230163574219,,43.56230163574219,,43.56230163574219,,0.0
2014-04-28,,43.41999816894531,,43.41999816894531,,43.41999816894531,,43.41999816894531,,106.0
2014-04-29,,43.70880126953125,,43.70880126953125,,43.70880126953125,,43.70880126953125,,0.0
2014-04-30,,43.09270095825195,,43.09270095825195,,43.09270095825195,,43.09270095825195,,0.0
2014-05-01,,42.9369010925293,,42.9369010925293,,42.9369010925293,,42.9369010925293,,0.0
2014-05-02,,42.90999984741211,,42.90999984741211,,42.90999984741211,,42.90999984741211,,764.0
2014-05-05,,42.83000183105469,,42.83000183105469,,42.83000183105469,,42.83000183105469,,100.0
2014-05-06,,42.80820083618164,,42.80820083618164,,42.80820083618164,,42.80820083618164,,0.0
2014-05-07,,43.36899948120117,,43.36899948120117,,43.36899948120117,,43.36899948120117,,0.0
2014-05-08,,43.209999084472656,,43.2599983215332,,43.209999084472656,,43.2599983215332,,200.0
2014-05-09,,43.36000061035156,,43.40999984741211,,43.36000061035156,,43.40999984741211,,1100.0
2014-05-12,,43.43050003051758,,43.43050003051758,,43.43050003051758,,43.43050003051758,,0.0
2014-05-13,,43.89400100708008,,43.89400100708008,,43.89400100708008,,43.89400100708008,,0.0
2014-05-14,,44.184898376464844,,44.184898376464844,,44.184898376464844,,44.184898376464844,,0.0
2014-05-15,,44.002601623535156,,44.002601623535156,,44.002601623535156,,44.002601623535156,,0.0
2014-05-16,,44.152000427246094,,44.152000427246094,,44.152000427246094,,44.152000427246094,,0.0
2014-05-19,,44.30379867553711,,44.30379867553711,,44.30379867553711,,44.30379867553711,,0.0
2014-05-20,,44.448699951171875,,44.448699951171875,,44.448699951171875,,44.448699951171875,,0.0
2014-05-21,,45.14649963378906,,45.14649963378906,,45.14649963378906,,45.14649963378906,,0.0
2014-05-22,,45.08000183105469,,45.130001068115234,,45.08000183105469,,45.130001068115234,,300.0
2014-05-23,,45.26390075683594,,45.26390075683594,,45.26390075683594,,45.26390075683594,,0.0
2014-05-27,,45.130001068115234,,45.189998626708984,,45.130001068115234,,45.189998626708984,,380.0
2014-05-28,,44.67060089111328,,44.67060089111328,,44.67060089111328,,44.67060089111328,,0.0
2014-05-29,,44.992401123046875,,44.992401123046875,,44.992401123046875,,44.992401123046875,,0.0
2014-05-30,,44.67300033569336,,44.67300033569336,,44.67300033569336,,44.67300033569336,,0.0
2014-06-02,,44.60810089111328,,44.60810089111328,,44.60810089111328,,44.60810089111328,,0.0
2014-06-03,,44.68669891357422,,44.68669891357422,,44.68669891357422,,44.68669891357422,,0.0
2014-06-04,,44.65919876098633,,44.65919876098633,,44.65919876098633,,44.65919876098633,,0.0
2014-06-05,,44.63169860839844,,44.63169860839844,,44.63169860839844,,44.63169860839844,,0.0
2014-06-06,,44.67490005493164,,44.67490005493164,,44.67490005493164,,44.67490005493164,,0.0
2014-06-09,,45.34870147705078,,45.34870147705078,,45.34870147705078,,45.34870147705078,,0.0
2014-06-10,,45.302398681640625,,45.302398681640625,,45.302398681640625,,45.302398681640625,,0.0
2014-06-11,,45.4010009765625,,45.4010009765625,,45.4010009765625,,45.4010009765625,,0.0
2014-06-12,,46.31719970703125,,46.31719970703125,,46.31719970703125,,46.31719970703125,,0.0
2014-06-13,,46.36980056762695,,46.36980056762695,,46.36980056762695,,46.36980056762695,,0.0
2014-06-16,,46.51850128173828,,46.51850128173828,,46.51850128173828,,46.51850128173828,,0.0
2014-06-17,,46.40589904785156,,46.40589904785156,,46.40589904785156,,46.40589904785156,,0.0
2014-06-18,,46.439998626708984,,46.439998626708984,,46.429901123046875,,46.429901123046875,,500.0
2014-06-19,,46.60029983520508,,46.60029983520508,,46.60029983520508,,46.60029983520508,,0.0
2014-06-20,,46.84489822387695,,46.84489822387695,,46.84489822387695,,46.84489822387695,,0.0
2014-06-23,,46.609500885009766,,46.609500885009766,,46.609500885009766,,46.609500885009766,,0.0
2014-06-24,,46.59510040283203,,46.59510040283203,,46.59510040283203,,46.59510040283203,,0.0
2014-06-25,,46.76369857788086,,46.76369857788086,,46.76369857788086,,46.76369857788086,,0.0
2014-06-26,,46.51259994506836,,46.51259994506836,,46.51259994506836,,46.51259994506836,,0.0
2014-06-27,,46.49810028076172,,46.49810028076172,,46.49810028076172,,46.49810028076172,,0.0
2014-06-30,,46.365501403808594,,46.365501403808594,,46.365501403808594,,46.365501403808594,,0.0
2014-07-01,,46.36899948120117,,46.36899948120117,,46.36899948120117,,46.36899948120117,,0.0
2014-07-02,,46.024200439453125,,46.024200439453125,,46.024200439453125,,46.024200439453125,,0.0
2014-07-03,,45.86690139770508,,45.86690139770508,,45.86690139770508,,45.86690139770508,,0.0
2014-07-07,,45.66189956665039,,45.66189956665039,,45.66189956665039,,45.66189956665039,,0.0
2014-07-08,,45.5359001159668,,45.5359001159668,,45.5359001159668,,45.5359001159668,,0.0
2014-07-09,,45.11399841308594,,45.11399841308594,,45.11399841308594,,45.11399841308594,,0.0
2014-07-10,,45.41659927368164,,45.41659927368164,,45.41659927368164,,45.41659927368164,,0.0
2014-07-11,,44.536598205566406,,44.536598205566406,,44.536598205566406,,44.536598205566406,,0.0
2014-07-14,,44.73310089111328,,44.73310089111328,,44.73310089111328,,44.73310089111328,,0.0
2014-07-15,,44.293399810791016,,44.293399810791016,,44.293399810791016,,44.293399810791016,,0.0
2014-07-16,,44.57279968261719,,44.57279968261719,,44.57279968261719,,44.57279968261719,,0.0
2014-07-17,,44.951698303222656,,44.951698303222656,,44.951698303222656,,44.951698303222656,,0.0
2014-07-18,,44.80139923095703,,44.80139923095703,,44.80139923095703,,44.80139923095703,,0.0
2014-07-21,,45.18280029296875,,45.18280029296875,,45.18280029296875,,45.18280029296875,,0.0
2014-07-22,,44.991798400878906,,44.991798400878906,,44.991798400878906,,44.991798400878906,,0.0
2014-07-23,,45.19879913330078,,45.19879913330078,,45.19879913330078,,45.19879913330078,,0.0
2014-07-24,,44.8224983215332,,44.8224983215332,,44.8224983215332,,44.8224983215332,,0.0
2014-07-25,,44.93450164794922,,44.93450164794922,,44.93450164794922,,44.93450164794922,,0.0
2014-07-28,,44.61040115356445,,44.61040115356445,,44.61040115356445,,44.61040115356445,,0.0
2014-07-29,,44.419498443603516,,44.419498443603516,,44.419498443603516,,44.419498443603516,,0.0
2014-07-30,,44.11109924316406,,44.11109924316406,,44.11109924316406,,44.11109924316406,,0.0
2014-07-31,,43.499698638916016,,43.499698638916016,,43.499698638916016,,43.499698638916016,,0.0
2014-08-01,,42.96099853515625,,43.077999114990234,,42.959999084472656,,43.077999114990234,,849.0
2014-08-04,,43.527400970458984,,43.527400970458984,,43.527400970458984,,43.527400970458984,,0.0
2014-08-05,,43.30039978027344,,43.30039978027344,,43.30039978027344,,43.30039978027344,,0.0
2014-08-06,,43.17279815673828,,43.17279815673828,,43.17279815673828,,43.17279815673828,,0.0
2014-08-07,,43.39339828491211,,43.39339828491211,,43.39339828491211,,43.39339828491211,,0.0
2014-08-08,,43.406898498535156,,43.406898498535156,,43.406898498535156,,43.406898498535156,,0.0
2014-08-11,,43.53070068359375,,43.53070068359375,,43.53070068359375,,43.53070068359375,,0.0
2014-08-12,,43.211700439453125,,43.211700439453125,,43.211700439453125,,43.211700439453125,,0.0
2014-08-13,,43.38209915161133,,43.38209915161133,,43.38209915161133,,43.38209915161133,,0.0
2014-08-14,,42.18000030517578,,42.209999084472656,,42.18000030517578,,42.209999084472656,,7700.0
2014-08-15,,42.470001220703125,,42.470001220703125,,42.470001220703125,,42.470001220703125,,105.0
2014-08-18,,41.998600006103516,,41.998600006103516,,41.998600006103516,,41.998600006103516,,0.0
2014-08-19,,41.730098724365234,,41.730098724365234,,41.730098724365234,,41.730098724365234,,0.0
2014-08-20,,41.880001068115234,,41.880001068115234,,41.880001068115234,,41.880001068115234,,239.0
2014-08-21,,42.10459899902344,,42.10459899902344,,42.10459899902344,,42.10459899902344,,0.0
2014-08-22,,42.09000015258789,,42.09000015258789,,42.09000015258789,,42.09000015258789,,0.0
2014-08-25,,41.996498107910156,,41.996498107910156,,41.996498107910156,,41.996498107910156,,0.0
2014-08-26,,42.19049835205078,,42.19049835205078,,42.19049835205078,,42.19049835205078,,0.0
2014-08-27,,42.14419937133789,,42.14419937133789,,42.14419937133789,,42.14419937133789,,0.0
2014-08-28,,42.23400115966797,,42.23400115966797,,42.23400115966797,,42.23400115966797,,0.0
2014-08-29,,42.62289810180664,,42.62289810180664,,42.62289810180664,,42.62289810180664,,0.0
2014-09-02,,42.150001525878906,,42.150001525878906,,42.099998474121094,,42.099998474121094,,727.0
2014-09-03,,42.57279968261719,,42.57279968261719,,42.57279968261719,,42.57279968261719,,0.0
2014-09-04,,42.186500549316406,,42.186500549316406,,42.186500549316406,,42.186500549316406,,0.0
2014-09-05,,41.832000732421875,,41.832000732421875,,41.832000732421875,,41.832000732421875,,0.0
2014-09-08,,42.150001525878906,,42.150001525878906,,42.150001525878906,,42.150001525878906,,727.0
2014-09-09,,41.39759826660156,,41.39759826660156,,41.39759826660156,,41.39759826660156,,0.0
2014-09-10,,40.911598205566406,,40.911598205566406,,40.911598205566406,,40.911598205566406,,0.0
2014-09-11,,41.29600143432617,,41.29600143432617,,41.29600143432617,,41.29600143432617,,0.0
2014-09-12,,40.90999984741211,,40.939998626708984,,40.88999938964844,,40.939998626708984,,2200.0
2014-09-15,,41.25600051879883,,41.25600051879883,,41.25600051879883,,41.25600051879883,,0.0
2014-09-16,,41.99369812011719,,41.99369812011719,,41.99369812011719,,41.99369812011719,,0.0
2014-09-17,,41.743499755859375,,41.743499755859375,,41.743499755859375,,41.743499755859375,,0.0
2014-09-18,,41.289398193359375,,41.289398193359375,,41.289398193359375,,41.289398193359375,,0.0
2014-09-19,,41.202301025390625,,41.202301025390625,,41.202301025390625,,41.202301025390625,,0.0
2014-09-22,,40.83250045776367,,40.83250045776367,,40.83250045776367,,40.83250045776367,,0.0
2014-09-23,,41.035400390625,,41.035400390625,,41.035400390625,,41.035400390625,,0.0
2014-09-24,,41.4739990234375,,41.4739990234375,,41.4739990234375,,41.4739990234375,,0.0
2014-09-25,,41.470001220703125,,41.470001220703125,,41.470001220703125,,41.470001220703125,,400.0
2014-09-26,,41.69409942626953,,41.69409942626953,,41.69409942626953,,41.69409942626953,,0.0
2014-09-29,,42.03559875488281,,42.03559875488281,,42.03559875488281,,42.03559875488281,,0.0
2014-09-30,,40.79999923706055,,41.7400016784668,,40.79999923706055,,41.7400016784668,,1027.0
2014-10-01,,40.290000915527344,,40.54999923706055,,40.290000915527344,,40.54999923706055,,800.0
2014-10-02,,40.35649871826172,,40.35649871826172,,40.35649871826172,,40.35649871826172,,0.0
2014-10-03,,39.80739974975586,,39.80739974975586,,39.80739974975586,,39.80739974975586,,0.0
2014-10-06,,40.15800094604492,,40.15800094604492,,40.15800094604492,,40.15800094604492,,0.0
2014-10-07,,39.60900115966797,,39.60900115966797,,39.60900115966797,,39.60900115966797,,0.0
2014-10-08,,38.75,,38.7599983215332,,38.75,,38.7599983215332,,600.0
2014-10-09,,38.689998626708984,,38.7599983215332,,38.689998626708984,,38.7599983215332,,1875.0
2014-10-10,,37.75,,38.01559829711914,,37.75,,38.01559829711914,,800.0
2014-10-13,,37.900001525878906,,37.900001525878906,,37.900001525878906,,37.900001525878906,,600.0
2014-10-14,,36.5364990234375,,36.5364990234375,,36.5364990234375,,36.5364990234375,,0.0
2014-10-15,,36.23030090332031,,36.23030090332031,,36.23030090332031,,36.23030090332031,,0.0
2014-10-16,,36.80830001831055,,36.80830001831055,,36.80830001831055,,36.80830001831055,,0.0
2014-10-17,,36.857601165771484,,36.857601165771484,,36.857601165771484,,36.857601165771484,,0.0
2014-10-20,,36.65999984741211,,36.65999984741211,,36.540000915527344,,36.540000915527344,,936.0
2014-10-21,,36.75,,36.81999969482422,,36.75,,36.81999969482422,,400.0
2014-10-22,,37.0,,37.0,,37.0,,37.0,,550.0
2014-10-23,,37.0166015625,,37.0166015625,,37.0166015625,,37.0166015625,,0.0
2014-10-24,,36.70130157470703,,36.70130157470703,,36.70130157470703,,36.70130157470703,,0.0
2014-10-27,,36.189998626708984,,36.189998626708984,,36.16999816894531,,36.189998626708984,,2215.0
2014-10-28,,36.830101013183594,,36.830101013183594,,36.830101013183594,,36.830101013183594,,0.0
2014-10-29,,37.21659851074219,,37.21659851074219,,37.21659851074219,,37.21659851074219,,0.0
2014-10-30,,36.74190139770508,,36.74190139770508,,36.74190139770508,,36.74190139770508,,0.0
2014-10-31,,36.41999816894531,,36.41999816894531,,36.10940170288086,,36.10940170288086,,266.0
2014-11-03,,35.92300033569336,,35.92300033569336,,35.92300033569336,,35.92300033569336,,0.0
2014-11-04,,35.18870162963867,,35.18870162963867,,35.18870162963867,,35.18870162963867,,0.0
2014-11-05,,35.63990020751953,,35.63990020751953,,35.63990020751953,,35.63990020751953,,304.0
2014-11-06,,35.45140075683594,,35.45140075683594,,35.45140075683594,,35.45140075683594,,0.0
2014-11-07,,35.77859878540039,,35.77859878540039,,35.77859878540039,,35.77859878540039,,0.0
2014-11-10,,35.275001525878906,,35.275001525878906,,35.275001525878906,,35.275001525878906,,0.0
2014-11-11,,35.0,,35.11000061035156,,34.93000030517578,,34.93000030517578,,2001.0
2014-11-12,,34.939998626708984,,35.040000915527344,,34.939998626708984,,34.970001220703125,,1304.0
2014-11-13,,34.619998931884766,,34.63999938964844,,34.619998931884766,,34.63999938964844,,1200.0
2014-11-14,,34.029998779296875,,34.04999923706055,,33.93000030517578,,33.97999954223633,,5452.0
2014-11-17,,34.374000549316406,,34.374000549316406,,34.130001068115234,,34.130001068115234,,335.0
2014-11-18,,34.09370040893555,,34.09370040893555,,34.09370040893555,,34.09370040893555,,0.0
2014-11-19,,33.86970138549805,,33.86970138549805,,33.86970138549805,,33.86970138549805,,0.0
2014-11-20,,34.529300689697266,,34.529300689697266,,34.529300689697266,,34.529300689697266,,0.0
2014-11-21,,34.91559982299805,,34.91559982299805,,34.91559982299805,,34.91559982299805,,0.0
2014-11-24,,34.59450149536133,,34.59450149536133,,34.59450149536133,,34.59450149536133,,0.0
2014-11-25,,33.81050109863281,,33.81050109863281,,33.81050109863281,,33.81050109863281,,0.0
2014-11-26,,33.61389923095703,,33.61389923095703,,33.61389923095703,,33.61389923095703,,0.0
2014-11-28,,31.0,,31.0,,30.889999389648438,,30.889999389648438,,495.0
2014-12-01,,31.143999099731445,,31.143999099731445,,31.0,,31.0,,565.0
2014-12-02,,30.572599411010742,,30.572599411010742,,30.572599411010742,,30.572599411010742,,0.0
2014-12-03,,30.75860023498535,,30.75860023498535,,30.75860023498535,,30.75860023498535,,0.0
2014-12-04,,30.559999465942383,,30.559999465942383,,30.559999465942383,,30.559999465942383,,250.0
2014-12-05,,30.0,,30.0,,30.0,,30.0,,305.0
2014-12-08,,28.856300354003906,,28.856300354003906,,28.856300354003906,,28.856300354003906,,0.0
2014-12-09,,29.1200008392334,,29.1200008392334,,28.6299991607666,,28.81999969482422,,1725.0
2014-12-10,,28.03070068359375,,28.03070068359375,,28.03070068359375,,28.03070068359375,,0.0
2014-12-11,,27.993000030517578,,27.993000030517578,,27.993000030517578,,27.993000030517578,,1402.0
2014-12-12,,26.898000717163086,,27.40999984741211,,26.898000717163086,,27.40999984741211,,518.0
2014-12-15,,26.780000686645508,,26.780000686645508,,26.780000686645508,,26.780000686645508,,472.0
2014-12-16,,25.845399856567383,,25.845399856567383,,25.845399856567383,,25.845399856567383,,0.0
2014-12-17,,26.08989906311035,,26.577999114990234,,25.3799991607666,,25.56999969482422,,1197.0
2014-12-18,,26.31999969482422,,26.31999969482422,,26.31999969482422,,26.31999969482422,,1372.0
2014-12-19,,26.149999618530273,,26.149999618530273,,25.700000762939453,,25.920000076293945,,2824.0
2014-12-22,,25.599000930786133,,25.599000930786133,,25.599000930786133,,25.599000930786133,,0.0
2014-12-23,,26.600000381469727,,26.600000381469727,,25.690000534057617,,25.690000534057617,,1191.0
2014-12-24,,25.917200088500977,,25.917200088500977,,25.917200088500977,,25.917200088500977,,0.0
2014-12-26,,25.520000457763672,,26.0,,25.519899368286133,,26.0,,866.0
2014-12-29,,25.138999938964844,,25.780000686645508,,25.0,,25.780000686645508,,1505.0
2014-12-30,,25.25,,25.25,,25.0,,25.0,,352.0
2014-12-31,,24.950000762939453,,24.950000762939453,,24.799999237060547,,24.93000030517578,,1360.0
2015-01-02,,24.790000915527344,,24.790000915527344,,24.700000762939453,,24.700000762939453,,420.0
2015-01-05,,23.699899673461914,,23.75,,23.699899673461914,,23.75,,557.0
2015-01-06,,22.699899673461914,,23.379899978637695,,22.699899673461914,,23.260000228881836,,773.0
2015-01-07,,23.0,,23.1299991607666,,22.889999389648438,,22.989999771118164,,1485.0
2015-01-08,,23.15399932861328,,23.15399932861328,,23.007099151611328,,23.007099151611328,,763.0
2015-01-09,,22.67799949645996,,22.67799949645996,,22.67799949645996,,22.67799949645996,,510.0
2015-01-12,,22.280099868774414,,22.5,,22.280099868774414,,22.5,,977.0
2015-01-13,,22.256000518798828,,22.256000518798828,,21.76569938659668,,21.799999237060547,,3310.0
2015-01-14,,23.019899368286133,,23.079999923706055,,22.09000015258789,,22.09000015258789,,867.0
2015-01-15,,22.336000442504883,,22.639999389648438,,22.336000442504883,,22.639999389648438,,2253.0
2015-01-16,,22.899999618530273,,22.899999618530273,,22.6200008392334,,22.6200008392334,,523.0
2015-01-20,,22.18000030517578,,22.3799991607666,,22.10580062866211,,22.299999237060547,,2415.0
2015-01-21,,22.509000778198242,,22.613000869750977,,22.299999237060547,,22.299999237060547,,5310.0
2015-01-22,,22.15999984741211,,22.6200008392334,,21.90999984741211,,22.540000915527344,,39769.0
2015-01-23,,22.1200008392334,,22.1200008392334,,21.90999984741211,,21.90999984741211,,1202.0
2015-01-26,,21.68000030517578,,21.89900016784668,,21.674999237060547,,21.760000228881836,,1738.0
2015-01-27,,21.90060043334961,,21.90060043334961,,21.899999618530273,,21.899999618530273,,431.0
2015-01-28,,21.489999771118164,,21.729999542236328,,21.458999633789062,,21.729999542236328,,2507.0
2015-01-29,,21.479999542236328,,21.600000381469727,,21.09000015258789,,21.600000381469727,,1342.0
2015-01-30,,22.854000091552734,,25.860000610351562,,20.18000030517578,,21.549999237060547,,3886.0
2015-02-02,,23.739999771118164,,23.739999771118164,,23.530000686645508,,23.530000686645508,,652.0
2015-02-03,,24.975000381469727,,24.975000381469727,,24.270000457763672,,24.270000457763672,,1462.0
2015-02-04,,23.34000015258789,,24.68000030517578,,23.315000534057617,,24.459999084472656,,7523.0
2015-02-05,,24.253999710083008,,24.709999084472656,,24.253999710083008,,24.709999084472656,,1206.0
2015-02-06,,24.78499984741211,,25.170000076293945,,24.56999969482422,,25.170000076293945,,2819.0
2015-02-09,,25.06999969482422,,25.198999404907227,,24.960100173950195,,25.129899978637695,,4633.0
2015-02-10,,24.17799949645996,,25.0,,24.059999465942383,,25.0,,730.0
2015-02-11,,23.809999465942383,,23.822799682617188,,23.42729949951172,,23.42729949951172,,810.0
2015-02-12,,24.770000457763672,,24.889999389648438,,24.329999923706055,,24.489999771118164,,5041.0
2015-02-13,,25.06999969482422,,25.969999313354492,,23.25,,25.249900817871094,,6250.0
2015-02-17,,25.326000213623047,,25.799999237060547,,24.3799991607666,,25.799999237060547,,2830.0
2015-02-18,,24.359800338745117,,24.980100631713867,,24.359800338745117,,24.90999984741211,,1496.0
2015-02-19,,24.299999237060547,,24.299999237060547,,23.649999618530273,,23.649999618530273,,837.0
2015-02-20,,24.15999984741211,,24.15999984741211,,24.15999984741211,,24.15999984741211,,1135.0
2015-02-23,,23.799999237060547,,23.799999237060547,,23.79800033569336,,23.798999786376953,,836.0
2015-02-24,,24.020000457763672,,24.020000457763672,,23.856000900268555,,24.020000457763672,,607.0
2015-02-25,,24.098800659179688,,24.098800659179688,,23.8799991607666,,23.943199157714844,,911.0
2015-02-26,,23.97599983215332,,24.417999267578125,,23.97599983215332,,24.29599952697754,,1878.0
2015-02-27,,24.344999313354492,,24.344999313354492,,24.239999771118164,,24.239999771118164,,1456.0
2015-03-02,,24.149999618530273,,24.149999618530273,,24.100000381469727,,24.100000381469727,,4653.0
2015-03-03,,24.464000701904297,,24.589000701904297,,24.209999084472656,,24.34000015258789,,974.0
2015-03-04,,24.389999389648438,,24.391000747680664,,24.100000381469727,,24.31999969482422,,1862.0
2015-03-05,,24.190900802612305,,24.190900802612305,,24.190900802612305,,24.190900802612305,,0.0
2015-03-06,,23.831100463867188,,23.831100463867188,,23.831100463867188,,23.831100463867188,,0.0
2015-03-09,,23.739999771118164,,24.0,,23.739999771118164,,24.0,,576.0
2015-03-10,,23.209999084472656,,23.5,,21.75,,23.5,,4095.0
2015-03-11,,23.139999389648438,,23.139999389648438,,23.139999389648438,,23.139999389648438,,208.0
2015-03-12,,23.0,,23.0,,23.0,,23.0,,750.0
2015-03-13,,22.29990005493164,,22.389999389648438,,22.260000228881836,,22.389999389648438,,671.0
2015-03-16,,21.670000076293945,,22.0,,21.440000534057617,,22.0,,5193.0
2015-03-17,,21.2810001373291,,21.413999557495117,,21.280000686645508,,21.413999557495117,,531.0
2015-03-18,,22.381000518798828,,22.47410011291504,,21.1200008392334,,21.159900665283203,,1178.0
2015-03-19,,21.65999984741211,,21.65999984741211,,21.65999984741211,,21.65999984741211,,100.0
2015-03-20,,22.25,,22.25,,22.110000610351562,,22.114999771118164,,1799.0
2015-03-23,,22.29400062561035,,22.349899291992188,,22.187999725341797,,22.189899444580078,,1339.0
2015-03-24,,22.211999893188477,,22.26219940185547,,22.211999893188477,,22.26219940185547,,738.0
2015-03-25,,22.70989990234375,,22.70989990234375,,22.70989990234375,,22.70989990234375,,0.0
2015-03-26,,23.684999465942383,,23.700000762939453,,23.148000717163086,,23.148000717163086,,968.0
2015-03-27,,22.662399291992188,,22.662399291992188,,22.662399291992188,,22.662399291992188,,0.0
2015-03-30,,22.450000762939453,,22.739999771118164,,22.420000076293945,,22.739999771118164,,842.0
2015-03-31,,22.25480079650879,,22.25480079650879,,22.25480079650879,,22.25480079650879,,0.0
2015-04-01,,24.5,,24.5,,22.95400047302246,,22.993999481201172,,1095.0
2015-04-02,,22.590999603271484,,22.590999603271484,,22.243999481201172,,22.243999481201172,,795.0
2015-04-06,,23.704599380493164,,23.704599380493164,,23.704599380493164,,23.704599380493164,,0.0
2015-04-07,,24.040000915527344,,24.040000915527344,,23.3700008392334,,23.3700008392334,,1367.0
2015-04-08,,23.02050018310547,,23.025999069213867,,23.02050018310547,,23.020999908447266,,427.0
2015-04-09,,23.35140037536621,,23.35140037536621,,23.35140037536621,,23.35140037536621,,270.0
2015-04-10,,23.70599937438965,,23.70599937438965,,23.490999221801758,,23.579999923706055,,1307.0
2015-04-13,,23.690000534057617,,23.804000854492188,,23.690000534057617,,23.804000854492188,,566.0
2015-04-14,,24.160999298095703,,24.160999298095703,,24.160999298095703,,24.160999298095703,,235.0
2015-04-15,,25.1028995513916,,25.1299991607666,,24.5,,24.5,,1784.0
2015-04-16,,25.989999771118164,,25.989999771118164,,25.333999633789062,,25.333999633789062,,436.0
2015-04-17,,25.146900177001953,,25.146900177001953,,25.146900177001953,,25.146900177001953,,0.0
2015-04-20,,25.481000900268555,,25.481000900268555,,25.350000381469727,,25.479999542236328,,1573.0
2015-04-21,,24.988399505615234,,24.988399505615234,,24.988399505615234,,24.988399505615234,,0.0
2015-04-22,,24.949800491333008,,24.949800491333008,,24.949800491333008,,24.949800491333008,,0.0
2015-04-23,,25.350000381469727,,25.350000381469727,,25.299999237060547,,25.299999237060547,,479.0
2015-04-24,,25.53969955444336,,25.53969955444336,,25.53969955444336,,25.53969955444336,,0.0
2015-04-27,,25.459999084472656,,25.459999084472656,,25.459999084472656,,25.459999084472656,,125.0
2015-04-28,,25.22249984741211,,25.440000534057617,,25.22249984741211,,25.440000534057617,,21220.0
2015-04-29,,25.760499954223633,,25.760499954223633,,25.760499954223633,,25.760499954223633,,0.0
2015-04-30,,26.076499938964844,,26.076499938964844,,26.076499938964844,,26.076499938964844,,0.0
2015-05-01,,26.018999099731445,,26.018999099731445,,26.018999099731445,,26.018999099731445,,191.0
2015-05-04,,25.8799991607666,,26.020000457763672,,25.8799991607666,,26.020000457763672,,681.0
2015-05-05,,26.39430046081543,,26.39430046081543,,26.39430046081543,,26.39430046081543,,0.0
2015-05-06,,26.558300018310547,,26.558300018310547,,26.558300018310547,,26.558300018310547,,0.0
2015-05-07,,26.030000686645508,,27.989999771118164,,26.030000686645508,,27.989999771118164,,390.0
2015-05-08,,25.851200103759766,,25.851200103759766,,25.479999542236328,,25.479999542236328,,525.0
2015-05-11,,25.8257999420166,,25.8257999420166,,25.8257999420166,,25.8257999420166,,0.0
2015-05-12,,26.340099334716797,,26.357200622558594,,26.025999069213867,,26.025999069213867,,655.0
2015-05-13,,26.219999313354492,,27.430999755859375,,26.209999084472656,,27.430999755859375,,2005.0
2015-05-14,,26.05419921875,,26.05419921875,,26.05419921875,,26.05419921875,,0.0
2015-05-15,,25.8799991607666,,25.889999389648438,,25.649999618530273,,25.65999984741211,,914.0
2015-05-18,,25.641000747680664,,25.641000747680664,,25.641000747680664,,25.641000747680664,,112.0
2015-05-19,,25.0,,25.33989906311035,,25.0,,25.33989906311035,,592.0
2015-05-20,,25.18630027770996,,25.18630027770996,,25.18630027770996,,25.18630027770996,,0.0
2015-05-21,,26.040000915527344,,26.040000915527344,,25.639699935913086,,25.670000076293945,,10876.0
2015-05-22,,26.0,,26.010000228881836,,25.469999313354492,,25.530000686645508,,11801.0
2015-05-26,,24.719999313354492,,24.888999938964844,,24.719999313354492,,24.888999938964844,,2211.0
2015-05-27,,24.591999053955078,,24.6560001373291,,24.579999923706055,,24.590999603271484,,6016.0
2015-05-28,,24.48539924621582,,24.48539924621582,,24.48539924621582,,24.48539924621582,,0.0
2015-05-29,,25.571300506591797,,25.571300506591797,,25.571300506591797,,25.571300506591797,,0.0
2015-06-01,,25.468900680541992,,25.468900680541992,,25.468900680541992,,25.468900680541992,,0.0
2015-06-02,,25.912900924682617,,25.912900924682617,,25.912900924682617,,25.912900924682617,,0.0
2015-06-03,,25.295700073242188,,25.295700073242188,,25.295700073242188,,25.295700073242188,,0.0
2015-06-04,,24.678600311279297,,24.678600311279297,,24.678600311279297,,24.678600311279297,,0.0
2015-06-05,,25.219100952148438,,25.219100952148438,,25.219100952148438,,25.219100952148438,,0.0
2015-06-08,,24.827299118041992,,24.827299118041992,,24.827299118041992,,24.827299118041992,,0.0
2015-06-09,,25.562000274658203,,25.623300552368164,,25.549999237060547,,25.623300552368164,,798.0
2015-06-10,,26.059999465942383,,26.059999465942383,,26.059999465942383,,26.059999465942383,,922.0
2015-06-11,,25.940000534057617,,25.950000762939453,,25.77050018310547,,25.829999923706055,,1331.0
2015-06-12,,25.628999710083008,,25.73040008544922,,25.628999710083008,,25.73040008544922,,720.0
2015-06-15,,25.399999618530273,,25.48699951171875,,25.399999618530273,,25.48699951171875,,6779.0
2015-06-16,,25.719999313354492,,25.719999313354492,,25.639999389648438,,25.64150047302246,,914.0
2015-06-17,,25.649999618530273,,25.649999618530273,,25.454999923706055,,25.454999923706055,,1668.0
2015-06-18,,25.729999542236328,,25.729999542236328,,25.68000030517578,,25.68000030517578,,1067.0
2015-06-19,,25.412200927734375,,25.412200927734375,,25.412200927734375,,25.412200927734375,,0.0
2015-06-22,,25.562999725341797,,25.562999725341797,,25.240100860595703,,25.240100860595703,,5329.0
2015-06-23,,25.950000762939453,,25.950000762939453,,25.950000762939453,,25.950000762939453,,237.0
2015-06-24,,25.505699157714844,,25.505699157714844,,25.505699157714844,,25.505699157714844,,0.0
2015-06-25,,25.34000015258789,,25.346399307250977,,25.322999954223633,,25.346399307250977,,1188.0
2015-06-26,,25.253000259399414,,25.253000259399414,,25.253000259399414,,25.253000259399414,,0.0
2015-06-29,,24.71470069885254,,24.71470069885254,,24.71470069885254,,24.71470069885254,,0.0
2015-06-30,,25.191999435424805,,25.191999435424805,,25.191999435424805,,25.191999435424805,,0.0
2015-07-01,,24.185400009155273,,24.185400009155273,,24.185400009155273,,24.185400009155273,,0.0
2015-07-02,,24.25,,24.260000228881836,,24.25,,24.260000228881836,,400.0
2015-07-06,,22.26729965209961,,22.26729965209961,,22.26729965209961,,22.26729965209961,,0.0
2015-07-07,,22.09000015258789,,22.09000015258789,,22.09000015258789,,22.09000015258789,,1534.0
2015-07-08,,21.8700008392334,,22.290000915527344,,21.8700008392334,,22.290000915527344,,1580.0
2015-07-09,,22.451000213623047,,22.63990020751953,,22.451000213623047,,22.5,,784.0
2015-07-10,,22.520000457763672,,22.540000915527344,,22.269899368286133,,22.359899520874023,,2652.0
2015-07-13,,22.559999465942383,,22.559999465942383,,22.559999465942383,,22.559999465942383,,500.0
2015-07-14,,22.570999145507812,,22.570999145507812,,22.570999145507812,,22.570999145507812,,1855.0
2015-07-15,,21.969999313354492,,22.299999237060547,,21.969999313354492,,22.253999710083008,,1152.0
2015-07-16,,21.899999618530273,,21.899999618530273,,21.8700008392334,,21.8700008392334,,1416.0
2015-07-17,,21.68000030517578,,21.68000030517578,,21.68000030517578,,21.68000030517578,,776.0
2015-07-20,,21.39780044555664,,21.39780044555664,,21.39780044555664,,21.39780044555664,,0.0
2015-07-21,,21.541000366210938,,21.541000366210938,,21.541000366210938,,21.541000366210938,,344.0
2015-07-22,,21.409900665283203,,21.409900665283203,,21.409900665283203,,21.409900665283203,,205.0
2015-07-23,,20.819000244140625,,21.1299991607666,,20.6299991607666,,21.1299991607666,,5135.0
2015-07-24,,20.50040054321289,,20.50040054321289,,20.50040054321289,,20.50040054321289,,0.0
2015-07-27,,20.170000076293945,,20.18000030517578,,20.149999618530273,,20.18000030517578,,1820.0
2015-07-28,,20.36400032043457,,20.36400032043457,,20.1299991607666,,20.1299991607666,,958.0
2015-07-29,,20.892000198364258,,20.937999725341797,,20.892000198364258,,20.937999725341797,,1537.0
2015-07-30,,20.608600616455078,,20.608600616455078,,20.608600616455078,,20.608600616455078,,0.0
2015-07-31,,20.040000915527344,,20.600000381469727,,20.008499145507812,,20.600000381469727,,2210.0
2015-08-03,,19.3700008392334,,19.3700008392334,,19.3700008392334,,19.3700008392334,,760.0
2015-08-04,,19.66469955444336,,19.66469955444336,,19.559999465942383,,19.66469955444336,,354.0
2015-08-05,,19.234399795532227,,19.234399795532227,,19.234399795532227,,19.234399795532227,,0.0
2015-08-06,,19.170000076293945,,19.190000534057617,,19.0,,19.1200008392334,,1718.0
2015-08-07,,18.8799991607666,,18.8799991607666,,18.8700008392334,,18.8700008392334,,422.0
2015-08-10,,19.23900032043457,,19.23900032043457,,18.889999389648438,,18.889999389648438,,2260.0
2015-08-11,,18.799999237060547,,18.799999237060547,,18.799999237060547,,18.799999237060547,,540.0
2015-08-12,,19.0,,19.030000686645508,,18.739999771118164,,19.0,,612.0
2015-08-13,,18.639999389648438,,18.639999389648438,,18.639999389648438,,18.639999389648438,,250.0
2015-08-14,,18.609100341796875,,18.609100341796875,,18.609100341796875,,18.609100341796875,,0.0
2015-08-17,,18.559099197387695,,18.559099197387695,,18.559099197387695,,18.559099197387695,,616.0
2015-08-18,,18.41200065612793,,18.41200065612793,,18.309900283813477,,18.309900283813477,,918.0
2015-08-19,,17.624000549316406,,17.624000549316406,,17.624000549316406,,17.624000549316406,,201.0
2015-08-20,,19.389999389648438,,19.389999389648438,,17.6299991607666,,17.6299991607666,,726.0
2015-08-21,,17.149999618530273,,17.510000228881836,,16.979999542236328,,17.389999389648438,,11432.0
2015-08-24,,16.280000686645508,,16.690000534057617,,16.149999618530273,,16.3700008392334,,4961.0
2015-08-25,,16.65999984741211,,16.8700008392334,,16.559999465942383,,16.8700008392334,,1058.0
2015-08-26,,16.70989990234375,,16.729900360107422,,16.600000381469727,,16.610000610351562,,1486.0
2015-08-27,,18.2544002532959,,18.2544002532959,,17.100000381469727,,17.100000381469727,,1324.0
2015-08-28,,19.31920051574707,,19.348899841308594,,18.09000015258789,,18.09000015258789,,15962.0
2015-08-31,,20.61989974975586,,20.68000030517578,,18.690000534057617,,19.020000457763672,,3871.0
2015-09-01,,19.610000610351562,,19.899999618530273,,19.230100631713867,,19.899999618530273,,631.0
2015-09-02,,18.770000457763672,,19.5,,18.770000457763672,,19.5,,647.0
2015-09-03,,19.5851993560791,,19.5851993560791,,19.5851993560791,,19.5851993560791,,0.0
2015-09-04,,19.298500061035156,,19.298500061035156,,19.298500061035156,,19.298500061035156,,0.0
2015-09-08,,19.399900436401367,,19.399900436401367,,18.809999465942383,,19.030000686645508,,1796.0
2015-09-09,,18.75,,19.329999923706055,,18.75,,19.329999923706055,,3959.0
2015-09-10,,18.790000915527344,,18.790000915527344,,18.760000228881836,,18.760000228881836,,472.0
2015-09-11,,18.735300064086914,,18.735300064086914,,18.735300064086914,,18.735300064086914,,0.0
2015-09-14,,18.5,,18.559999465942383,,18.5,,18.559999465942383,,1163.0
2015-09-15,,18.540000915527344,,18.73889923095703,,18.53499984741211,,18.540000915527344,,2216.0
2015-09-16,,19.551599502563477,,19.551599502563477,,19.551599502563477,,19.551599502563477,,0.0
2015-09-17,,19.42620086669922,,19.42620086669922,,19.42620086669922,,19.42620086669922,,0.0
2015-09-18,,18.920000076293945,,19.0,,18.920000076293945,,19.0,,457.0
2015-09-21,,19.351999282836914,,19.351999282836914,,19.351999282836914,,19.351999282836914,,0.0
2015-09-22,,19.1742000579834,,19.1742000579834,,19.1742000579834,,19.1742000579834,,0.0
2015-09-23,,18.6200008392334,,19.5,,18.6200008392334,,19.3700008392334,,1289.0
2015-09-24,,18.613100051879883,,18.613100051879883,,18.613100051879883,,18.613100051879883,,0.0
2015-09-25,,18.850000381469727,,18.860000610351562,,18.850000381469727,,18.860000610351562,,324.0
2015-09-28,,18.469200134277344,,18.510000228881836,,18.469200134277344,,18.510000228881836,,552.0
2015-09-29,,18.618999481201172,,18.618999481201172,,18.618999481201172,,18.618999481201172,,0.0
2015-09-30,,18.65999984741211,,18.65999984741211,,18.65999984741211,,18.65999984741211,,152.0
2015-10-01,,18.46500015258789,,18.46500015258789,,18.46500015258789,,18.46500015258789,,0.0
2015-10-02,,18.84000015258789,,18.84000015258789,,18.229999542236328,,18.229999542236328,,1374.0
2015-10-05,,19.12820053100586,,19.12820053100586,,19.12820053100586,,19.12820053100586,,0.0
2015-10-06,,20.020000457763672,,20.02199935913086,,20.0,,20.0,,4270.0
2015-10-07,,19.796100616455078,,19.796100616455078,,19.796100616455078,,19.796100616455078,,0.0
2015-10-08,,20.475400924682617,,20.475400924682617,,20.475400924682617,,20.475400924682617,,264.0
2015-10-09,,20.466999053955078,,20.466999053955078,,20.466999053955078,,20.466999053955078,,0.0
2015-10-12,,19.65999984741211,,20.09000015258789,,19.591999053955078,,20.09000015258789,,1873.0
2015-10-13,,19.39579963684082,,19.420000076293945,,19.39579963684082,,19.420000076293945,,3213.0
2015-10-14,,19.419099807739258,,19.419099807739258,,19.419099807739258,,19.419099807739258,,358.0
2015-10-15,,19.245899200439453,,19.245899200439453,,19.245899200439453,,19.245899200439453,,0.0
2015-10-16,,19.525999069213867,,19.525999069213867,,19.437599182128906,,19.45560073852539,,400.0
2015-10-19,,19.000099182128906,,19.033000946044922,,19.000099182128906,,19.033000946044922,,775.0
2015-10-20,,18.881000518798828,,18.881000518798828,,18.881000518798828,,18.881000518798828,,187.0
2015-10-21,,18.576000213623047,,18.579999923706055,,18.5310001373291,,18.579999923706055,,2004.0
2015-10-22,,18.549999237060547,,18.850000381469727,,18.549999237060547,,18.850000381469727,,1073.0
2015-10-23,,18.41990089416504,,18.41990089416504,,18.41990089416504,,18.41990089416504,,126.0
2015-10-26,,18.190000534057617,,18.246999740600586,,18.140899658203125,,18.246999740600586,,2080.0
2015-10-27,,17.84000015258789,,17.84000015258789,,17.75,,17.809999465942383,,2066.0
2015-10-28,,18.908599853515625,,18.920000076293945,,18.908599853515625,,18.920000076293945,,771.0
2015-10-29,,18.847999572753906,,18.847999572753906,,18.847999572753906,,18.847999572753906,,285.0
2015-10-30,,19.191600799560547,,19.191600799560547,,19.191600799560547,,19.191600799560547,,0.0
2015-11-02,,19.035200119018555,,19.035200119018555,,19.035200119018555,,19.035200119018555,,0.0
2015-11-03,,19.778900146484375,,19.778900146484375,,19.778900146484375,,19.778900146484375,,379.0
2015-11-04,,19.202299118041992,,19.202299118041992,,19.090999603271484,,19.090999603271484,,280.0
2015-11-05,,18.84000015258789,,19.012699127197266,,18.829999923706055,,18.940000534057617,,1676.0
2015-11-06,,18.466999053955078,,18.527000427246094,,18.466999053955078,,18.471500396728516,,4853.0
2015-11-09,,18.311599731445312,,18.311599731445312,,18.311599731445312,,18.311599731445312,,0.0
2015-11-10,,18.430500030517578,,18.430500030517578,,18.430500030517578,,18.430500030517578,,0.0
2015-11-11,,17.969999313354492,,18.219999313354492,,17.920900344848633,,18.219999313354492,,1027.0
2015-11-12,,17.639999389648438,,17.760000228881836,,17.56999969482422,,17.56999969482422,,609.0
2015-11-13,,17.024999618530273,,17.024999618530273,,17.020999908447266,,17.02199935913086,,545.0
2015-11-16,,17.6299991607666,,17.63909912109375,,16.954999923706055,,16.979999542236328,,2584.0
2015-11-17,,17.15999984741211,,17.360000610351562,,17.15999984741211,,17.270000457763672,,709.0
2015-11-18,,17.21109962463379,,17.21109962463379,,17.21109962463379,,17.21109962463379,,0.0
2015-11-19,,17.152099609375,,17.152099609375,,17.152099609375,,17.152099609375,,0.0
2015-11-20,,17.31999969482422,,19.239999771118164,,17.139999389648438,,17.139999389648438,,282415.0
2015-11-23,,17.38010025024414,,17.395000457763672,,17.309999465942383,,17.309999465942383,,8609.0
2015-11-24,,17.84000015258789,,17.940000534057617,,17.84000015258789,,17.940000534057617,,2026.0
2015-11-25,,17.700000762939453,,19.100000381469727,,17.60890007019043,,19.100000381469727,,2305.0
2015-11-27,,17.3799991607666,,17.899999618530273,,17.25,,17.899999618530273,,3749.0
2015-11-30,,17.190000534057617,,17.510000228881836,,17.174999237060547,,17.510000228881836,,7001.0
2015-12-01,,17.15999984741211,,17.15999984741211,,17.15999984741211,,17.15999984741211,,150.0
2015-12-02,,16.889999389648438,,16.889999389648438,,16.889999389648438,,16.889999389648438,,501.0
2015-12-03,,17.030000686645508,,17.110000610351562,,17.030000686645508,,17.100000381469727,,2567.0
2015-12-04,,16.621700286865234,,16.719999313354492,,16.6200008392334,,16.6200008392334,,1811.0
2015-12-07,,15.880000114440918,,16.270000457763672,,15.84000015258789,,16.270000457763672,,2263.0
2015-12-08,,15.720000267028809,,16.020000457763672,,15.680000305175781,,15.680000305175781,,4450.0
2015-12-09,,15.618000030517578,,15.6899995803833,,15.618000030517578,,15.6899995803833,,529.0
2015-12-10,,15.569999694824219,,15.59000015258789,,15.569999694824219,,15.570500373840332,,8384.0
2015-12-11,,15.145999908447266,,15.145999908447266,,15.060600280761719,,15.064200401306152,,4436.0
2015-12-14,,15.229999542236328,,15.229999542236328,,14.8100004196167,,14.960000038146973,,1683.0
2015-12-15,,15.406900405883789,,15.406900405883789,,15.406900405883789,,15.406900405883789,,0.0
2015-12-16,,14.930000305175781,,15.229999542236328,,14.930000305175781,,15.229999542236328,,3716.0
2015-12-17,,14.819899559020996,,14.819899559020996,,14.819899559020996,,14.819899559020996,,100.0
2015-12-18,,14.494199752807617,,14.658300399780273,,14.494000434875488,,14.658300399780273,,4716.0
2015-12-21,,14.329999923706055,,14.40999984741211,,14.3100004196167,,14.40999984741211,,6852.0
2015-12-22,,14.519000053405762,,14.519000053405762,,14.51159954071045,,14.51159954071045,,200.0
2015-12-23,,15.050600051879883,,15.050600051879883,,14.76509952545166,,14.76509952545166,,1280.0
2015-12-24,,15.133899688720703,,15.133899688720703,,15.133899688720703,,15.133899688720703,,398.0
2015-12-28,,14.770000457763672,,14.920000076293945,,14.760000228881836,,14.920000076293945,,10587.0
2015-12-29,,15.132699966430664,,15.132699966430664,,15.132699966430664,,15.132699966430664,,0.0
2015-12-30,,14.75,,14.75,,14.529999732971191,,14.529999732971191,,2817.0
2015-12-31,,14.89840030670166,,14.89840030670166,,14.89840030670166,,14.89840030670166,,397.0
2016-01-04,,14.90999984741211,,15.429400444030762,,14.789199829101562,,15.429400444030762,,7873.0
2016-01-05,,14.67490005493164,,14.67490005493164,,14.67490005493164,,14.67490005493164,,195.0
2016-01-06,,14.15999984741211,,14.489999771118164,,14.15999984741211,,14.489999771118164,,1569.0
2016-01-07,,13.899999618530273,,13.899999618530273,,13.899999618530273,,13.899999618530273,,1390.0
2016-01-08,,13.550000190734863,,13.710000038146973,,13.420000076293945,,13.710000038146973,,1342.0
2016-01-11,,12.800000190734863,,13.390000343322754,,12.770000457763672,,13.390000343322754,,17962.0
2016-01-12,,12.579999923706055,,12.819000244140625,,12.380000114440918,,12.819000244140625,,3935.0
2016-01-13,,12.415300369262695,,12.779999732971191,,12.250699996948242,,12.740500450134277,,17669.0
2016-01-14,,12.609999656677246,,12.65060043334961,,12.3100004196167,,12.359199523925781,,47533.0
2016-01-15,,12.0,,12.109999656677246,,12.0,,12.095000267028809,,2647.0
2016-01-19,,11.720000267028809,,11.989999771118164,,11.708999633789062,,11.989999771118164,,4374.0
2016-01-20,,11.539999961853027,,11.539999961853027,,11.20460033416748,,11.390000343322754,,6340.0
2016-01-21,,11.8100004196167,,11.999899864196777,,11.430000305175781,,11.430000305175781,,18637.0
2016-01-22,,12.79699993133545,,13.699999809265137,,12.45009994506836,,13.699999809265137,,25467.0
2016-01-25,,12.309000015258789,,12.680000305175781,,12.309000015258789,,12.53600025177002,,4624.0
2016-01-26,,12.629899978637695,,12.880000114440918,,12.609999656677246,,12.682000160217285,,8137.0
2016-01-27,,12.899999618530273,,13.15999984741211,,12.545499801635742,,12.609999656677246,,24978.0
2016-01-28,,13.5600004196167,,14.970000267028809,,13.349599838256836,,14.970000267028809,,5725.0
2016-01-29,,13.699999809265137,,13.710000038146973,,13.529899597167969,,13.579999923706055,,13226.0
2016-02-01,,13.013500213623047,,13.479999542236328,,12.949999809265137,,13.479999542236328,,25563.0
2016-02-02,,12.630000114440918,,12.630000114440918,,12.399999618530273,,12.569999694824219,,11069.0
2016-02-03,,13.219900131225586,,13.219900131225586,,12.899999618530273,,12.899999618530273,,6260.0
2016-02-04,,13.019000053405762,,13.5600004196167,,13.014900207519531,,13.5,,12796.0
2016-02-05,,13.0600004196167,,13.166000366210938,,13.0600004196167,,13.109999656677246,,2957.0
2016-02-08,,12.609999656677246,,12.920000076293945,,12.605199813842773,,12.920000076293945,,13755.0
2016-02-09,,11.949999809265137,,12.539999961853027,,11.810199737548828,,12.5,,15414.0
2016-02-10,,11.920999526977539,,12.329999923706055,,11.8100004196167,,11.8100004196167,,1472.0
2016-02-11,,11.935400009155273,,11.935400009155273,,11.629400253295898,,11.760000228881836,,11883.0
2016-02-12,,12.470000267028809,,12.630000114440918,,12.079899787902832,,12.079899787902832,,9961.0
2016-02-16,,12.270000457763672,,12.609999656677246,,12.210000038146973,,12.59000015258789,,5818.0
2016-02-17,,13.050000190734863,,13.079999923706055,,12.430000305175781,,12.430000305175781,,13085.0
2016-02-18,,13.0,,13.279999732971191,,13.0,,13.279999732971191,,5064.0
2016-02-19,,12.529999732971191,,12.640000343322754,,12.444999694824219,,12.640000343322754,,3155.0
2016-02-22,,13.010000228881836,,13.039999961853027,,12.994999885559082,,13.0,,2590.0
2016-02-23,,12.532999992370605,,12.600000381469727,,12.494000434875488,,12.494000434875488,,4306.0
2016-02-24,,12.420000076293945,,12.420000076293945,,12.220000267028809,,12.239999771118164,,1501.0
2016-02-25,,12.989500045776367,,12.989500045776367,,12.984999656677246,,12.986000061035156,,1920.0
2016-02-26,,13.0,,13.220100402832031,,12.970000267028809,,13.220100402832031,,1961.0
2016-02-29,,13.29520034790039,,13.300000190734863,,13.149999618530273,,13.15999984741211,,1270.0
2016-03-01,,13.45300006866455,,13.5,,13.21500015258789,,13.25,,9965.0
2016-03-02,,13.463000297546387,,13.463000297546387,,13.463000297546387,,13.463000297546387,,0.0
2016-03-03,,13.470000267028809,,13.619999885559082,,13.34000015258789,,13.359999656677246,,3550.0
2016-03-04,,14.020000457763672,,14.020000457763672,,13.59000015258789,,13.649999618530273,,1632.0
2016-03-07,,14.770000457763672,,14.770000457763672,,14.210000038146973,,14.210000038146973,,24611.0
2016-03-08,,14.359999656677246,,14.710000038146973,,14.359999656677246,,14.710000038146973,,15500.0
2016-03-09,,14.770000457763672,,14.800000190734863,,14.470000267028809,,14.470000267028809,,4646.0
2016-03-10,,14.502400398254395,,14.620400428771973,,14.463299751281738,,14.463299751281738,,1109.0
2016-03-11,,14.719900131225586,,14.719900131225586,,14.65999984741211,,14.65999984741211,,10432.0
2016-03-14,,14.345000267028809,,14.390000343322754,,14.260000228881836,,14.369999885559082,,8699.0
2016-03-15,,14.109999656677246,,14.15999984741211,,14.005000114440918,,14.15999984741211,,974.0
2016-03-16,,14.680000305175781,,14.680000305175781,,14.489999771118164,,14.489999771118164,,12965.0
2016-03-17,,15.142399787902832,,15.170000076293945,,14.869999885559082,,14.869999885559082,,2190.0
2016-03-18,,15.143699645996094,,15.350000381469727,,15.143699645996094,,15.350000381469727,,2528.0
2016-03-21,,15.2322998046875,,15.2322998046875,,15.129899978637695,,15.15999984741211,,24062.0
2016-03-22,,15.140000343322754,,15.140000343322754,,15.079999923706055,,15.079999923706055,,2572.0
2016-03-23,,14.802200317382812,,14.930000305175781,,14.802200317382812,,14.930000305175781,,642.0
2016-03-24,,14.685999870300293,,14.685999870300293,,14.300600051879883,,14.3100004196167,,26562.0
2016-03-28,,14.5600004196167,,14.579999923706055,,14.46310043334961,,14.579999923706055,,2525.0
2016-03-29,,14.35990047454834,,14.35990047454834,,14.1899995803833,,14.192000389099121,,4263.0
2016-03-30,,14.288299560546875,,14.288299560546875,,14.288299560546875,,14.288299560546875,,900.0
2016-03-31,,14.368499755859375,,14.368499755859375,,14.368499755859375,,14.368499755859375,,0.0
2016-04-01,,13.834500312805176,,13.890000343322754,,13.829999923706055,,13.890000343322754,,11676.0
2016-04-04,,13.449700355529785,,13.666399955749512,,13.444999694824219,,13.666399955749512,,7841.0
2016-04-05,,13.449999809265137,,13.479999542236328,,13.337300300598145,,13.420000076293945,,7718.0
2016-04-06,,14.029999732971191,,14.050000190734863,,13.729999542236328,,13.729999542236328,,9200.0
2016-04-07,,13.760000228881836,,13.800000190734863,,13.760000228881836,,13.800000190734863,,451.0
2016-04-08,,14.6899995803833,,14.770000457763672,,14.539999961853027,,14.539999961853027,,6828.0
2016-04-11,,14.989999771118164,,15.014699935913086,,14.940199851989746,,15.014699935913086,,525.0
2016-04-12,,15.574999809265137,,15.579999923706055,,15.239999771118164,,15.239999771118164,,722.0
2016-04-13,,15.423999786376953,,15.600000381469727,,15.423999786376953,,15.456500053405762,,5516.0
2016-04-14,,15.267999649047852,,15.479999542236328,,15.267999649047852,,15.470000267028809,,1988.0
2016-04-15,,15.015999794006348,,15.065199851989746,,15.0,,15.0,,751.0
2016-04-18,,14.910699844360352,,14.91100025177002,,14.4399995803833,,14.4399995803833,,6146.0
2016-04-19,,15.253999710083008,,15.253999710083008,,15.210000038146973,,15.23330020904541,,6469.0
2016-04-20,,15.869999885559082,,15.890000343322754,,15.869999885559082,,15.890000343322754,,3197.0
2016-04-21,,15.729999542236328,,15.729999542236328,,15.729999542236328,,15.729999542236328,,140.0
2016-04-22,,15.699999809265137,,15.78279972076416,,15.671699523925781,,15.769599914550781,,4282.0
2016-04-25,,15.699999809265137,,15.770000457763672,,15.699999809265137,,15.770000457763672,,380.0
2016-04-26,,15.828499794006348,,15.828499794006348,,15.828499794006348,,15.828499794006348,,0.0
2016-04-27,,16.309900283813477,,16.309999465942383,,15.989999771118164,,16.059999465942383,,2056.0
2016-04-28,,16.360000610351562,,16.360000610351562,,16.190000534057617,,16.190000534057617,,9168.0
2016-04-29,,16.440000534057617,,16.641000747680664,,16.440000534057617,,16.639999389648438,,11398.0
2016-05-02,,16.030000686645508,,16.065500259399414,,16.030000686645508,,16.04199981689453,,1222.0
2016-05-03,,15.65999984741211,,15.8100004196167,,15.570300102233887,,15.8100004196167,,3139.0
2016-05-04,,15.640000343322754,,15.901399612426758,,15.640000343322754,,15.901399612426758,,1179.0
2016-05-05,,15.8100004196167,,16.229999542236328,,15.789999961853027,,16.229999542236328,,4477.0
2016-05-06,,15.90999984741211,,15.949899673461914,,15.90999984741211,,15.90999984741211,,1500.0
2016-05-09,,15.5,,15.510000228881836,,15.479999542236328,,15.479999542236328,,5999.0
2016-05-10,,15.89799976348877,,15.89799976348877,,15.872699737548828,,15.872699737548828,,461.0
2016-05-11,,16.518999099731445,,16.540000915527344,,16.5,,16.5,,7701.0
2016-05-12,,16.6914005279541,,16.6914005279541,,16.6914005279541,,16.6914005279541,,0.0
2016-05-13,,16.510000228881836,,16.520000457763672,,16.42009925842285,,16.5,,1763.0
2016-05-16,,16.95599937438965,,16.959999084472656,,16.95599937438965,,16.959999084472656,,307.0
2016-05-17,,17.219999313354492,,17.219999313354492,,17.059999465942383,,17.105600357055664,,5652.0
2016-05-18,,17.12849998474121,,17.12849998474121,,17.12849998474121,,17.12849998474121,,0.0
2016-05-19,,17.09000015258789,,17.09000015258789,,16.690000534057617,,16.690000534057617,,2189.0
2016-05-20,,16.921300888061523,,17.06999969482422,,16.921300888061523,,17.06999969482422,,2579.0
2016-05-23,,16.909500122070312,,16.909500122070312,,16.909500122070312,,16.909500122070312,,0.0
2016-05-24,,17.1200008392334,,17.1200008392334,,16.940000534057617,,16.940000534057617,,2625.0
2016-05-25,,17.415000915527344,,17.424999237060547,,17.25,,17.25,,666.0
2016-05-26,,17.35059928894043,,17.480899810791016,,17.350000381469727,,17.480899810791016,,1181.0
2016-05-27,,17.34000015258789,,17.349899291992188,,17.15999984741211,,17.15999984741211,,1152.0
2016-05-31,,17.5,,17.5,,17.239999771118164,,17.270000457763672,,37803.0
2016-06-01,,17.15999984741211,,17.15999984741211,,16.93000030517578,,16.93000030517578,,1350.0
2016-06-02,,17.304399490356445,,17.304399490356445,,17.304399490356445,,17.304399490356445,,0.0
2016-06-03,,17.006200790405273,,17.006200790405273,,17.006200790405273,,17.006200790405273,,307.0
2016-06-06,,17.46500015258789,,17.489999771118164,,17.309999465942383,,17.479900360107422,,4412.0
2016-06-07,,17.780000686645508,,17.780000686645508,,17.58009910583496,,17.610000610351562,,2497.0
2016-06-08,,18.05699920654297,,18.05699920654297,,17.993999481201172,,17.993999481201172,,2645.0
2016-06-09,,17.835800170898438,,17.841999053955078,,17.780000686645508,,17.780000686645508,,3534.0
2016-06-10,,17.300100326538086,,17.59980010986328,,17.300100326538086,,17.54520034790039,,1263.0
2016-06-13,,17.38610076904297,,17.389699935913086,,17.38610076904297,,17.389699935913086,,1409.0
2016-06-14,,17.114900588989258,,17.114900588989258,,17.114900588989258,,17.114900588989258,,0.0
2016-06-15,,16.75,,17.003299713134766,,16.75,,16.851299285888672,,10729.0
2016-06-16,,16.316600799560547,,16.316600799560547,,16.316600799560547,,16.316600799560547,,0.0
2016-06-17,,16.989599227905273,,16.989599227905273,,16.989599227905273,,16.989599227905273,,1032.0
2016-06-20,,17.344999313354492,,17.344999313354492,,17.209999084472656,,17.209999084472656,,260.0
2016-06-21,,17.24959945678711,,17.24959945678711,,17.1299991607666,,17.1299991607666,,8796.0
2016-06-22,,17.170299530029297,,17.3799991607666,,17.154800415039062,,17.3799991607666,,2216.0
2016-06-23,,17.510000228881836,,17.510000228881836,,17.510000228881836,,17.510000228881836,,196.0
2016-06-24,,16.696300506591797,,16.80500030517578,,16.67340087890625,,16.690000534057617,,5006.0
2016-06-27,,16.200000762939453,,16.30340003967285,,16.200000762939453,,16.30340003967285,,3689.0
2016-06-28,,16.774999618530273,,16.774999618530273,,16.54010009765625,,16.54010009765625,,1184.0
2016-06-29,,17.280500411987305,,17.360000610351562,,16.940000534057617,,16.950000762939453,,11616.0
2016-06-30,,17.09670066833496,,17.110000610351562,,17.049999237060547,,17.110000610351562,,1523.0
2016-07-01,,17.149999618530273,,17.15999984741211,,16.91990089416504,,16.91990089416504,,7015.0
2016-07-05,,16.32550048828125,,16.32550048828125,,16.32550048828125,,16.32550048828125,,0.0
2016-07-06,,16.61870002746582,,16.61870002746582,,16.61870002746582,,16.61870002746582,,0.0
2016-07-07,,16.020000457763672,,16.020000457763672,,16.020000457763672,,16.020000457763672,,177.0
2016-07-08,,16.02989959716797,,16.02989959716797,,15.71310043334961,,15.800000190734863,,588.0
2016-07-11,,15.699999809265137,,16.030000686645508,,15.699999809265137,,16.030000686645508,,1093.0
2016-07-12,,16.430400848388672,,16.445100784301758,,16.430400848388672,,16.445100784301758,,997.0
2016-07-13,,15.744000434875488,,15.866000175476074,,15.739899635314941,,15.866000175476074,,738.0
2016-07-14,,15.989899635314941,,15.989899635314941,,15.989899635314941,,15.989899635314941,,100.0
2016-07-15,,16.06559944152832,,16.06559944152832,,16.06559944152832,,16.06559944152832,,0.0
2016-07-18,,15.864299774169922,,15.891200065612793,,15.680999755859375,,15.680999755859375,,5054.0
2016-07-19,,15.6899995803833,,15.793299674987793,,15.6899995803833,,15.793299674987793,,2643.0
2016-07-20,,15.899399757385254,,15.899399757385254,,15.5,,15.5,,4101.0
2016-07-21,,15.479999542236328,,15.764100074768066,,15.470000267028809,,15.764100074768066,,6988.0
2016-07-22,,15.140000343322754,,15.140000343322754,,15.140000343322754,,15.140000343322754,,231.0
2016-07-25,,15.02280044555664,,15.069999694824219,,15.02280044555664,,15.069999694824219,,1215.0
2016-07-26,,14.939000129699707,,14.939000129699707,,14.939000129699707,,14.939000129699707,,105.0
2016-07-27,,14.580300331115723,,14.890000343322754,,14.580100059509277,,14.84000015258789,,3960.0
2016-07-28,,14.319999694824219,,14.470000267028809,,14.25,,14.470000267028809,,6616.0
2016-07-29,,14.406900405883789,,14.429900169372559,,14.311599731445312,,14.33899974822998,,2704.0
2016-08-01,,13.942999839782715,,14.229999542236328,,13.880000114440918,,14.229999542236328,,16247.0
2016-08-02,,13.789999961853027,,13.850000381469727,,13.760000228881836,,13.762800216674805,,3002.0
2016-08-03,,14.1899995803833,,14.244999885559082,,13.789999961853027,,13.789999961853027,,3703.0
2016-08-04,,14.544500350952148,,14.59000015258789,,14.079999923706055,,14.079999923706055,,2320.0
2016-08-05,,14.590299606323242,,14.602800369262695,,14.4399995803833,,14.5600004196167,,2370.0
2016-08-08,,14.909299850463867,,14.909299850463867,,14.909299850463867,,14.909299850463867,,1577.0
2016-08-09,,14.915900230407715,,14.961999893188477,,14.915900230407715,,14.961999893188477,,2355.0
2016-08-10,,14.528599739074707,,14.528599739074707,,14.528599739074707,,14.528599739074707,,0.0
2016-08-11,,15.060600280761719,,15.15999984741211,,14.869999885559082,,14.894000053405762,,8763.0
2016-08-12,,15.355400085449219,,15.355400085449219,,15.355400085449219,,15.355400085449219,,267.0
2016-08-15,,15.25629997253418,,15.850000381469727,,15.0,,15.850000381469727,,6203.0
2016-08-16,,15.960100173950195,,16.030000686645508,,15.100000381469727,,15.100000381469727,,4945.0
2016-08-17,,16.190000534057617,,16.190000534057617,,16.190000534057617,,16.190000534057617,,250.0
2016-08-18,,16.539100646972656,,16.539100646972656,,16.344999313354492,,16.344999313354492,,829.0
2016-08-19,,16.469999313354492,,16.530000686645508,,16.450000762939453,,16.469999313354492,,14702.0
2016-08-22,,15.979999542236328,,16.170000076293945,,15.979999542236328,,16.170000076293945,,6635.0
2016-08-23,,16.0,,16.0,,16.0,,16.0,,502.0
2016-08-24,,15.829999923706055,,15.959199905395508,,15.829999923706055,,15.959199905395508,,2941.0
2016-08-25,,15.94540023803711,,15.94540023803711,,15.920000076293945,,15.920000076293945,,1425.0
2016-08-26,,16.108999252319336,,16.10919952392578,,16.108999252319336,,16.10919952392578,,463.0
2016-08-29,,15.853099822998047,,15.899999618530273,,15.829999923706055,,15.850000381469727,,12937.0
2016-08-30,,15.6899995803833,,15.859999656677246,,15.6899995803833,,15.859999656677246,,751.0
2016-08-31,,15.122400283813477,,15.122400283813477,,15.122400283813477,,15.122400283813477,,0.0
2016-09-01,,14.65999984741211,,14.869999885559082,,14.600000381469727,,14.869999885559082,,1681.0
2016-09-02,,14.979999542236328,,14.979999542236328,,14.979999542236328,,14.979999542236328,,200.0
2016-09-06,,15.06350040435791,,15.064599990844727,,15.06350040435791,,15.064599990844727,,14293.0
2016-09-07,,15.44789981842041,,15.45989990234375,,15.44789981842041,,15.45989990234375,,1772.0
2016-09-08,,16.02090072631836,,16.187999725341797,,15.600000381469727,,15.670000076293945,,15970.0
2016-09-09,,15.66100025177002,,15.66100025177002,,15.66100025177002,,15.66100025177002,,2280.0
2016-09-12,,15.300000190734863,,15.34000015258789,,15.25,,15.25,,1700.0
2016-09-13,,15.201000213623047,,15.201000213623047,,15.201000213623047,,15.201000213623047,,0.0
2016-09-14,,14.80459976196289,,15.1899995803833,,14.80459976196289,,15.079999923706055,,2832.0
2016-09-15,,14.960000038146973,,14.964099884033203,,14.920000076293945,,14.920000076293945,,3363.0
2016-09-16,,14.68220043182373,,14.747300148010254,,14.550000190734863,,14.579999923706055,,2625.0
2016-09-19,,14.708900451660156,,14.708900451660156,,14.708900451660156,,14.708900451660156,,0.0
2016-09-20,,14.75,,14.75,,14.539999961853027,,14.539999961853027,,429.0
2016-09-21,,15.163299560546875,,15.163299560546875,,15.086199760437012,,15.086199760437012,,1020.0
2016-09-22,,15.369999885559082,,15.390600204467773,,15.330699920654297,,15.330699920654297,,10915.0
2016-09-23,,14.851499557495117,,14.851499557495117,,14.851499557495117,,14.851499557495117,,314.0
2016-09-26,,15.229399681091309,,15.229399681091309,,15.130000114440918,,15.130000114440918,,2373.0
2016-09-27,,14.892399787902832,,14.892399787902832,,14.892399787902832,,14.892399787902832,,0.0
2016-09-28,,15.581700325012207,,15.670000076293945,,15.029999732971191,,15.029999732971191,,13730.0
2016-09-29,,15.954899787902832,,15.954899787902832,,15.6899995803833,,15.770000457763672,,14505.0
2016-09-30,,16.023700714111328,,16.023700714111328,,16.023700714111328,,16.023700714111328,,300.0
2016-10-03,,16.059999465942383,,16.059999465942383,,16.059999465942383,,16.059999465942383,,1002.0
2016-10-04,,16.166000366210938,,16.280000686645508,,16.166000366210938,,16.280000686645508,,2158.0
2016-10-05,,16.450000762939453,,16.506500244140625,,16.43000030517578,,16.506500244140625,,1900.0
2016-10-06,,16.690000534057617,,16.7283992767334,,16.690000534057617,,16.709999084472656,,3470.0
2016-10-07,,16.489999771118164,,16.780000686645508,,16.489999771118164,,16.780000686645508,,34405.0
2016-10-10,,16.989900588989258,,17.07859992980957,,16.989900588989258,,17.05929946899414,,1489.0
2016-10-11,,16.811500549316406,,16.811500549316406,,16.811500549316406,,16.811500549316406,,0.0
2016-10-12,,16.64069938659668,,16.709999084472656,,16.610000610351562,,16.709999084472656,,23843.0
2016-10-13,,16.670400619506836,,16.670400619506836,,16.670400619506836,,16.670400619506836,,1172.0
2016-10-14,,16.56999969482422,,16.56999969482422,,16.56999969482422,,16.56999969482422,,492.0
2016-10-17,,16.480899810791016,,16.59000015258789,,16.469999313354492,,16.59000015258789,,8000.0
2016-10-18,,16.510000228881836,,16.514799118041992,,16.469999313354492,,16.514799118041992,,1900.0
2016-10-19,,16.901899337768555,,17.100000381469727,,16.901899337768555,,17.028400421142578,,2128.0
2016-10-20,,16.662799835205078,,16.662799835205078,,16.662799835205078,,16.662799835205078,,261.0
2016-10-21,,16.709999084472656,,16.73390007019043,,16.709999084472656,,16.73390007019043,,9056.0
2016-10-24,,16.664400100708008,,16.664400100708008,,16.664400100708008,,16.664400100708008,,0.0
2016-10-25,,16.489999771118164,,16.489999771118164,,16.489999771118164,,16.489999771118164,,400.0
2016-10-26,,16.239099502563477,,16.239099502563477,,16.239099502563477,,16.239099502563477,,0.0
2016-10-27,,16.389999389648438,,16.389999389648438,,16.360000610351562,,16.360000610351562,,2230.0
2016-10-28,,16.059999465942383,,16.24799919128418,,16.040000915527344,,16.24799919128418,,750.0
2016-10-31,,15.390000343322754,,15.390000343322754,,15.390000343322754,,15.390000343322754,,150.0
2016-11-01,,15.369999885559082,,15.630000114440918,,15.369999885559082,,15.630000114440918,,1144.0
2016-11-02,,15.170000076293945,,15.170000076293945,,15.170000076293945,,15.170000076293945,,3110.0
2016-11-03,,14.760000228881836,,15.020000457763672,,14.699999809265137,,15.020000457763672,,9423.0
2016-11-04,,14.572999954223633,,14.7391996383667,,14.5600004196167,,14.649999618530273,,13359.0
2016-11-07,,14.873700141906738,,14.873700141906738,,14.75,,14.789999961853027,,2643.0
2016-11-08,,14.899900436401367,,14.920000076293945,,14.889900207519531,,14.920000076293945,,10893.0
2016-11-09,,15.010000228881836,,15.010000228881836,,14.789999961853027,,14.789999961853027,,3243.0
2016-11-10,,14.842900276184082,,14.842900276184082,,14.842900276184082,,14.842900276184082,,141.0
2016-11-11,,14.390000343322754,,14.551899909973145,,14.380000114440918,,14.551899909973145,,8053.0
2016-11-14,,14.460000038146973,,14.460000038146973,,14.114299774169922,,14.399999618530273,,3665.0
2016-11-15,,15.191699981689453,,15.191699981689453,,14.880000114440918,,14.9399995803833,,906.0
2016-11-16,,15.08489990234375,,15.220000267028809,,14.9399995803833,,14.9399995803833,,410.0
2016-11-17,,14.910400390625,,15.25,,14.910400390625,,15.25,,1524.0
2016-11-18,,15.100000381469727,,15.1451997756958,,14.90999984741211,,14.90999984741211,,4273.0
2016-11-21,,15.8100004196167,,15.829999923706055,,15.600000381469727,,15.600000381469727,,1067.0
2016-11-22,,15.774200439453125,,15.774200439453125,,15.608499526977539,,15.608499526977539,,1350.0
2016-11-23,,15.720499992370605,,15.785799980163574,,15.70009994506836,,15.785799980163574,,2020.0
2016-11-25,,15.260000228881836,,15.720000267028809,,15.260000228881836,,15.720000267028809,,6439.0
2016-11-28,,15.579299926757812,,15.579299926757812,,15.449999809265137,,15.449999809265137,,1645.0
2016-11-29,,14.905400276184082,,14.905400276184082,,14.905400276184082,,14.905400276184082,,4252.0
2016-11-30,,16.09000015258789,,16.29759979248047,,15.739999771118164,,15.739999771118164,,12396.0
2016-12-01,,16.673900604248047,,16.860000610351562,,16.650800704956055,,16.66160011291504,,29501.0
2016-12-02,,16.910400390625,,16.910400390625,,16.760000228881836,,16.760000228881836,,10972.0
2016-12-05,,16.809999465942383,,17.079999923706055,,16.809999465942383,,17.079999923706055,,924.0
2016-12-06,,16.700000762939453,,16.711700439453125,,16.700000762939453,,16.709999084472656,,28829.0
2016-12-07,,16.549400329589844,,16.549400329589844,,16.530000686645508,,16.54520034790039,,3407.0
2016-12-08,,16.680099487304688,,16.680099487304688,,16.65999984741211,,16.670000076293945,,3227.0
2016-12-09,,16.85070037841797,,16.85070037841797,,16.820100784301758,,16.850000381469727,,1854.0
2016-12-12,,17.210399627685547,,17.56999969482422,,17.1299991607666,,17.56999969482422,,5173.0
2016-12-13,,17.394699096679688,,17.394699096679688,,17.230100631713867,,17.32309913635254,,966.0
2016-12-14,,16.790000915527344,,17.056900024414062,,16.790000915527344,,17.056900024414062,,6391.0
2016-12-15,,16.795499801635742,,16.834999084472656,,16.639999389648438,,16.639999389648438,,1109.0
2016-12-16,,17.0,,17.0,,16.990100860595703,,17.0,,500.0
2016-12-19,,17.12420082092285,,17.12420082092285,,17.049999237060547,,17.049999237060547,,415.0
2016-12-20,,17.191999435424805,,17.25909996032715,,17.191999435424805,,17.258800506591797,,12907.0
2016-12-21,,16.889999389648438,,17.219999313354492,,16.780000686645508,,17.219999313354492,,11581.0
2016-12-22,,17.086700439453125,,17.086700439453125,,17.086700439453125,,17.086700439453125,,0.0
2016-12-23,,17.06999969482422,,17.06999969482422,,17.06999969482422,,17.06999969482422,,685.0
2016-12-27,,17.389299392700195,,17.389999389648438,,17.270000457763672,,17.280000686645508,,1780.0
2016-12-28,,17.350799560546875,,17.45599937438965,,17.350000381469727,,17.399999618530273,,2402.0
2016-12-29,,17.345399856567383,,18.170000076293945,,17.345399856567383,,18.170000076293945,,370.0
2016-12-30,,17.362199783325195,,17.362199783325195,,17.299999237060547,,17.299999237060547,,1166.0
2017-01-03,,16.899999618530273,,17.709999084472656,,16.8799991607666,,17.709999084472656,,21156.0
2017-01-04,,17.17729949951172,,17.17729949951172,,17.17729949951172,,17.17729949951172,,332.0
2017-01-05,,17.309999465942383,,17.309999465942383,,17.309999465942383,,17.309999465942383,,14965.0
2017-01-06,,17.299999237060547,,17.309999465942383,,17.270000457763672,,17.270000457763672,,552.0
2017-01-09,,16.760000228881836,,16.760000228881836,,16.75,,16.75,,518.0
2017-01-10,,16.435699462890625,,16.435699462890625,,16.435699462890625,,16.435699462890625,,0.0
2017-01-11,,16.78499984741211,,17.030000686645508,,16.78499984741211,,16.809999465942383,,6806.0
2017-01-12,,17.049999237060547,,17.16200065612793,,17.049999237060547,,17.16200065612793,,1100.0
2017-01-13,,16.87350082397461,,16.87350082397461,,16.87350082397461,,16.87350082397461,,0.0
2017-01-17,,17.0,,17.15999984741211,,17.0,,17.15999984741211,,1200.0
2017-01-18,,16.490999221801758,,16.490999221801758,,16.490999221801758,,16.490999221801758,,113.0
2017-01-19,,16.540000915527344,,16.56999969482422,,16.540000915527344,,16.56999969482422,,350.0
2017-01-20,,16.790000915527344,,16.790000915527344,,16.790000915527344,,16.790000915527344,,100.0
2017-01-23,,16.729999542236328,,16.729999542236328,,16.639999389648438,,16.649999618530273,,1561.0
2017-01-24,,16.709999084472656,,16.819000244140625,,16.709999084472656,,16.819000244140625,,604.0
2017-01-25,,16.615299224853516,,16.615299224853516,,16.615299224853516,,16.615299224853516,,0.0
2017-01-26,,16.860000610351562,,16.87350082397461,,16.860000610351562,,16.87350082397461,,300.0
2017-01-27,,16.639999389648438,,16.639999389648438,,16.610000610351562,,16.610000610351562,,200.0
2017-01-30,,16.549999237060547,,16.549999237060547,,16.540000915527344,,16.540000915527344,,1150.0
2017-01-31,,16.549999237060547,,16.638999938964844,,16.549999237060547,,16.638999938964844,,10589.0
2017-02-01,,16.770000457763672,,16.83880043029785,,16.66010093688965,,16.83880043029785,,950.0
2017-02-02,,16.84000015258789,,16.920000076293945,,16.84000015258789,,16.920000076293945,,3255.0
2017-02-03,,16.949199676513672,,16.949199676513672,,16.949199676513672,,16.949199676513672,,179.0
2017-02-06,,16.6653995513916,,16.6653995513916,,16.6653995513916,,16.6653995513916,,0.0
2017-02-07,,16.3966007232666,,16.3966007232666,,16.3966007232666,,16.3966007232666,,0.0
2017-02-08,,16.43000030517578,,16.479299545288086,,16.43000030517578,,16.479299545288086,,844.0
2017-02-09,,16.549999237060547,,16.549999237060547,,16.549999237060547,,16.549999237060547,,222633.0
2017-02-10,,16.823699951171875,,16.823699951171875,,16.790000915527344,,16.799999237060547,,10068.0
2017-02-13,,16.540000915527344,,16.59239959716797,,16.540000915527344,,16.59239959716797,,712.0
2017-02-14,,16.56999969482422,,16.59000015258789,,16.56999969482422,,16.579999923706055,,915.0
2017-02-15,,16.579999923706055,,16.579999923706055,,16.510000228881836,,16.549999237060547,,2581.0
2017-02-16,,16.669200897216797,,16.669200897216797,,16.6200008392334,,16.6200008392334,,425.0
2017-02-17,,16.567100524902344,,16.567100524902344,,16.567100524902344,,16.567100524902344,,155.0
2017-02-21,,16.600000381469727,,16.600000381469727,,16.600000381469727,,16.600000381469727,,521.0
2017-02-22,,16.489999771118164,,16.524499893188477,,16.475000381469727,,16.475000381469727,,4091.0
2017-02-23,,16.799999237060547,,16.8700008392334,,16.799999237060547,,16.81999969482422,,1250.0
2017-02-24,,16.6299991607666,,16.670000076293945,,16.6299991607666,,16.65999984741211,,1313.0
2017-02-27,,16.65999984741211,,16.760000228881836,,16.65999984741211,,16.760000228881836,,655.0
2017-02-28,,16.670000076293945,,16.670000076293945,,16.5,,16.5,,336.0
2017-03-01,,16.6200008392334,,16.760000228881836,,16.6200008392334,,16.760000228881836,,17100.0
2017-03-02,,16.280000686645508,,16.433000564575195,,16.280000686645508,,16.360000610351562,,4205.0
2017-03-03,,16.515399932861328,,16.515399932861328,,16.515399932861328,,16.515399932861328,,0.0
2017-03-06,,16.511899948120117,,16.511899948120117,,16.511899948120117,,16.511899948120117,,0.0
2017-03-07,,16.53619956970215,,16.53619956970215,,16.53619956970215,,16.53619956970215,,175.0
2017-03-08,,15.739999771118164,,15.949999809265137,,15.739999771118164,,15.949999809265137,,2604.0
2017-03-09,,15.359299659729004,,15.5,,15.236300468444824,,15.5,,4301.0
2017-03-10,,15.210000038146973,,15.550000190734863,,15.149999618530273,,15.550000190734863,,3986.0
2017-03-13,,15.119999885559082,,15.128800392150879,,15.045100212097168,,15.128800392150879,,2878.0
2017-03-14,,14.84000015258789,,15.0,,14.756699562072754,,15.0,,6268.0
2017-03-15,,15.199999809265137,,15.199999809265137,,15.199999809265137,,15.199999809265137,,3300.0
2017-03-16,,15.135600090026855,,15.135600090026855,,15.135600090026855,,15.135600090026855,,0.0
2017-03-17,,15.211000442504883,,15.211000442504883,,15.210000038146973,,15.210000038146973,,1200.0
2017-03-20,,15.211000442504883,,15.211000442504883,,15.211000442504883,,15.211000442504883,,0.0
2017-03-21,,14.939299583435059,,14.939299583435059,,14.939299583435059,,14.939299583435059,,0.0
2017-03-22,,14.84000015258789,,14.911999702453613,,14.84000015258789,,14.911999702453613,,939.0
2017-03-23,,14.828700065612793,,14.828700065612793,,14.777000427246094,,14.777000427246094,,1548.0
2017-03-24,,14.829999923706055,,14.829999923706055,,14.829999923706055,,14.829999923706055,,130.0
2017-03-27,,14.770000457763672,,14.770000457763672,,14.359999656677246,,14.40999984741211,,2490.0
2017-03-28,,14.97249984741211,,14.97249984741211,,14.869999885559082,,14.869999885559082,,1985.0
2017-03-29,,15.229999542236328,,15.239999771118164,,14.970000267028809,,14.970000267028809,,1078.0
2017-03-30,,15.4399995803833,,15.479999542236328,,15.4399995803833,,15.479999542236328,,661.0
2017-03-31,,15.590900421142578,,15.590900421142578,,15.590900421142578,,15.590900421142578,,0.0
2017-04-03,,15.491000175476074,,15.491000175476074,,15.489999771118164,,15.489999771118164,,300.0
2017-04-04,,15.710000038146973,,15.729999542236328,,15.569999694824219,,15.569999694824219,,22260.0
2017-04-05,,15.649999618530273,,15.90999984741211,,15.649999618530273,,15.90999984741211,,12039.0
2017-04-06,,15.910599708557129,,15.910599708557129,,15.910599708557129,,15.910599708557129,,0.0
2017-04-07,,15.980899810791016,,16.055999755859375,,15.90999984741211,,15.90999984741211,,2161.0
2017-04-10,,16.229999542236328,,16.239999771118164,,16.18000030517578,,16.18000030517578,,1352.0
2017-04-11,,16.24489974975586,,16.24489974975586,,16.24489974975586,,16.24489974975586,,33412.0
2017-04-12,,16.351900100708008,,16.372699737548828,,16.351900100708008,,16.372699737548828,,1179.0
2017-04-13,,16.360000610351562,,16.360000610351562,,16.360000610351562,,16.360000610351562,,0.0
2017-04-17,,16.220300674438477,,16.299999237060547,,16.219999313354492,,16.270000457763672,,5092.0
2017-04-18,,16.14940071105957,,16.14940071105957,,16.14940071105957,,16.14940071105957,,0.0
2017-04-19,,15.539999961853027,,15.979999542236328,,15.5,,15.979999542236328,,4440.0
2017-04-20,,15.523699760437012,,15.523699760437012,,15.523699760437012,,15.523699760437012,,0.0
2017-04-21,,15.15999984741211,,15.259400367736816,,15.15999984741211,,15.259400367736816,,1983.0
2017-04-24,,15.0600004196167,,15.119999885559082,,15.0600004196167,,15.119999885559082,,830.0
2017-04-25,,15.210000038146973,,15.210000038146973,,15.210000038146973,,15.210000038146973,,142.0
2017-04-26,,15.174799919128418,,15.174799919128418,,15.174799919128418,,15.174799919128418,,0.0
2017-04-27,,14.989999771118164,,14.989999771118164,,14.829999923706055,,14.84000015258789,,4133.0
2017-04-28,,14.970000267028809,,15.132200241088867,,14.970000267028809,,15.132200241088867,,581.0
2017-05-01,,14.928099632263184,,14.928099632263184,,14.928099632263184,,14.928099632263184,,0.0
2017-05-02,,14.800000190734863,,14.800000190734863,,14.800000190734863,,14.800000190734863,,177.0
2017-05-03,,14.609999656677246,,14.609999656677246,,14.609999656677246,,14.609999656677246,,100.0
2017-05-04,,13.90999984741211,,14.090399742126465,,13.90999984741211,,14.069999694824219,,7613.0
2017-05-05,,14.269399642944336,,14.269399642944336,,13.920000076293945,,13.920000076293945,,7096.0
2017-05-08,,14.287500381469727,,14.287500381469727,,14.287500381469727,,14.287500381469727,,0.0
2017-05-09,,14.159899711608887,,14.159899711608887,,14.159899711608887,,14.159899711608887,,1000.0
2017-05-10,,14.525099754333496,,14.525099754333496,,14.525099754333496,,14.525099754333496,,0.0
2017-05-11,,14.669500350952148,,14.669500350952148,,14.669500350952148,,14.669500350952148,,0.0
2017-05-12,,14.5600004196167,,14.5600004196167,,14.489999771118164,,14.489999771118164,,5425.0
2017-05-15,,14.922300338745117,,14.922300338745117,,14.922300338745117,,14.922300338745117,,0.0
2017-05-16,,14.90429973602295,,14.90429973602295,,14.90429973602295,,14.90429973602295,,0.0
2017-05-17,,15.030599594116211,,15.030599594116211,,15.030599594116211,,15.030599594116211,,0.0
2017-05-18,,15.08180046081543,,15.08180046081543,,15.08180046081543,,15.08180046081543,,0.0
2017-05-19,,15.379599571228027,,15.379599571228027,,15.379599571228027,,15.379599571228027,,0.0
2017-05-22,,15.550000190734863,,15.584500312805176,,15.5,,15.5,,1508.0
2017-05-23,,15.617300033569336,,15.617300033569336,,15.617300033569336,,15.617300033569336,,0.0
2017-05-24,,15.520000457763672,,15.520000457763672,,15.520000457763672,,15.520000457763672,,100.0
2017-05-25,,14.910699844360352,,15.081000328063965,,14.800000190734863,,15.081000328063965,,479354.0
2017-05-26,,15.109100341796875,,15.109100341796875,,15.109100341796875,,15.109100341796875,,0.0
2017-05-30,,15.100000381469727,,15.100000381469727,,15.039199829101562,,15.039199829101562,,1362.0
2017-05-31,,14.699999809265137,,14.699999809265137,,14.699999809265137,,14.699999809265137,,170.0
2017-06-01,,14.676199913024902,,14.676199913024902,,14.676199913024902,,14.676199913024902,,0.0
2017-06-02,,14.479999542236328,,14.479999542236328,,14.479999542236328,,14.479999542236328,,200.0
2017-06-05,,14.270000457763672,,14.270000457763672,,14.270000457763672,,14.270000457763672,,107.0
2017-06-06,,14.586199760437012,,14.586199760437012,,14.586199760437012,,14.586199760437012,,0.0
2017-06-07,,13.949999809265137,,14.010000228881836,,13.930000305175781,,13.989999771118164,,21770.0
2017-06-08,,13.869999885559082,,13.920000076293945,,13.860699653625488,,13.867199897766113,,4895.0
2017-06-09,,13.920000076293945,,14.010000228881836,,13.911999702453613,,13.989999771118164,,12723.0
2017-06-12,,14.0600004196167,,14.140000343322754,,14.0,,14.109999656677246,,6465.0
2017-06-13,,14.0649995803833,,14.0649995803833,,14.032099723815918,,14.032099723815918,,1875.0
2017-06-14,,13.5600004196167,,14.039999961853027,,13.5600004196167,,14.039999961853027,,438.0
2017-06-15,,13.470100402832031,,13.600000381469727,,13.470100402832031,,13.600000381469727,,1443.0
2017-06-16,,13.604499816894531,,13.604499816894531,,13.604499816894531,,13.604499816894531,,121.0
2017-06-19,,13.454500198364258,,13.454500198364258,,13.454500198364258,,13.454500198364258,,0.0
2017-06-20,,13.149999618530273,,13.149999618530273,,13.149999618530273,,13.149999618530273,,534.0
2017-06-21,,12.854999542236328,,12.854999542236328,,12.854999542236328,,12.854999542236328,,511.0
2017-06-22,,13.080400466918945,,13.080400466918945,,12.993200302124023,,12.993200302124023,,551.0
2017-06-23,,13.044099807739258,,13.044099807739258,,13.0,,13.0,,986.0
2017-06-26,,13.130000114440918,,13.140000343322754,,12.960000038146973,,13.079999923706055,,3246.0
2017-06-27,,13.398099899291992,,13.398099899291992,,13.398099899291992,,13.398099899291992,,0.0
2017-06-28,,13.529999732971191,,13.529999732971191,,13.509699821472168,,13.509699821472168,,1006.0
2017-06-29,,13.592000007629395,,13.592000007629395,,13.592000007629395,,13.592000007629395,,262.0
2017-06-30,,13.739999771118164,,13.739999771118164,,13.706299781799316,,13.706299781799316,,450.0
2017-07-03,,14.225199699401855,,14.225199699401855,,14.225199699401855,,14.225199699401855,,0.0
2017-07-05,,13.600000381469727,,13.600000381469727,,13.600000381469727,,13.600000381469727,,415.0
2017-07-06,,13.949999809265137,,13.969900131225586,,13.949999809265137,,13.969900131225586,,363.0
2017-07-07,,13.419400215148926,,13.419400215148926,,13.419400215148926,,13.419400215148926,,106.0
2017-07-10,,13.416999816894531,,13.416999816894531,,13.416999816894531,,13.416999816894531,,0.0
2017-07-11,,13.613699913024902,,13.70930004119873,,13.613699913024902,,13.70930004119873,,404.0
2017-07-12,,13.729999542236328,,13.949999809265137,,13.729999542236328,,13.9399995803833,,4200.0
2017-07-13,,13.829999923706055,,13.854599952697754,,13.829999923706055,,13.829999923706055,,3300.0
2017-07-14,,14.0,,14.050000190734863,,13.9399995803833,,14.020099639892578,,580.0
2017-07-17,,13.911499977111816,,13.911499977111816,,13.911499977111816,,13.911499977111816,,0.0
2017-07-18,,14.012399673461914,,14.012399673461914,,14.012399673461914,,14.012399673461914,,0.0
2017-07-19,,14.210000038146973,,14.210000038146973,,14.210000038146973,,14.210000038146973,,130.0
2017-07-20,,14.116399765014648,,14.116399765014648,,14.116399765014648,,14.116399765014648,,0.0
2017-07-21,,13.720000267028809,,13.8100004196167,,13.699999809265137,,13.8100004196167,,5901.0
2017-07-24,,13.923999786376953,,13.923999786376953,,13.923999786376953,,13.923999786376953,,0.0
2017-07-25,,14.36340045928955,,14.36340045928955,,14.36340045928955,,14.36340045928955,,117.0
2017-07-26,,14.564800262451172,,14.564800262451172,,14.564800262451172,,14.564800262451172,,0.0
2017-07-27,,14.662799835205078,,14.662799835205078,,14.662799835205078,,14.662799835205078,,0.0
2017-07-28,,14.829000473022461,,14.829000473022461,,14.829000473022461,,14.829000473022461,,0.0
2017-07-31,,14.965900421142578,,14.965900421142578,,14.965900421142578,,14.965900421142578,,0.0
2017-08-01,,14.609999656677246,,14.770000457763672,,14.609999656677246,,14.770000457763672,,21800.0
2017-08-02,,14.826700210571289,,14.826700210571289,,14.826700210571289,,14.826700210571289,,0.0
2017-08-03,,14.67549991607666,,14.67549991607666,,14.67549991607666,,14.67549991607666,,0.0
2017-08-04,,14.835800170898438,,14.835800170898438,,14.835800170898438,,14.835800170898438,,0.0
2017-08-07,,14.720000267028809,,14.720000267028809,,14.720000267028809,,14.720000267028809,,200.0
2017-08-08,,14.720000267028809,,14.720000267028809,,14.720000267028809,,14.720000267028809,,0.0
2017-08-09,,14.829999923706055,,14.829999923706055,,14.829999923706055,,14.829999923706055,,357.0
2017-08-10,,14.829999923706055,,14.829999923706055,,14.829999923706055,,14.829999923706055,,0.0
2017-08-11,,14.449999809265137,,14.460000038146973,,14.449999809265137,,14.460000038146973,,477.0
2017-08-14,,14.680000305175781,,14.680000305175781,,14.630000114440918,,14.630000114440918,,566.0
2017-08-15,,14.680000305175781,,14.680000305175781,,14.680000305175781,,14.680000305175781,,0.0
2017-08-16,,14.069999694824219,,14.069999694824219,,14.069999694824219,,14.069999694824219,,179.0
2017-08-17,,14.069999694824219,,14.069999694824219,,14.069999694824219,,14.069999694824219,,0.0
2017-08-18,,14.569999694824219,,14.569999694824219,,14.539999961853027,,14.550000190734863,,1800.0
2017-08-21,,14.260000228881836,,14.35990047454834,,14.229999542236328,,14.35990047454834,,6384.0
2017-08-22,,14.3100004196167,,14.3100004196167,,14.28499984741211,,14.28499984741211,,966.0
2017-08-23,,14.3100004196167,,14.3100004196167,,14.3100004196167,,14.3100004196167,,0.0
2017-08-24,,14.3100004196167,,14.3100004196167,,14.3100004196167,,14.3100004196167,,0.0
2017-08-25,,14.3100004196167,,14.3100004196167,,14.3100004196167,,14.3100004196167,,0.0
2017-08-28,,14.029999732971191,,14.068400382995605,,14.029999732971191,,14.068400382995605,,322.0
2017-08-29,,14.029999732971191,,14.029999732971191,,14.029999732971191,,14.029999732971191,,0.0
2017-08-30,,14.095000267028809,,14.095000267028809,,14.095000267028809,,14.095000267028809,,100.0
2017-08-31,,14.095000267028809,,14.095000267028809,,14.095000267028809,,14.095000267028809,,0.0
2017-09-01,,14.460000038146973,,14.470000267028809,,14.430000305175781,,14.430100440979004,,2350.0
2017-09-05,,14.460000038146973,,14.460000038146973,,14.460000038146973,,14.460000038146973,,0.0
2017-09-06,,14.906000137329102,,14.906000137329102,,14.86400032043457,,14.86400032043457,,498.0
2017-09-07,,14.850000381469727,,14.869999885559082,,14.850000381469727,,14.869999885559082,,275.0
2017-09-08,,14.850000381469727,,14.850000381469727,,14.850000381469727,,14.850000381469727,,0.0
2017-09-11,,14.579999923706055,,14.579999923706055,,14.579999923706055,,14.579999923706055,,207.0
2017-09-12,,14.680399894714355,,14.680399894714355,,14.680399894714355,,14.680399894714355,,401.0
2017-09-13,,14.819000244140625,,14.819000244140625,,14.819000244140625,,14.819000244140625,,148.0
2017-09-14,,15.100000381469727,,15.100000381469727,,15.100000381469727,,15.100000381469727,,737.0
2017-09-15,,15.100000381469727,,15.100000381469727,,15.100000381469727,,15.100000381469727,,175.0
2017-09-18,,15.100000381469727,,15.100000381469727,,15.100000381469727,,15.100000381469727,,0.0
2017-09-19,,15.100000381469727,,15.100000381469727,,15.100000381469727,,15.100000381469727,,0.0
2017-09-20,,15.140000343322754,,15.229999542236328,,15.140000343322754,,15.229999542236328,,1798.0
2017-09-21,,15.170000076293945,,15.170000076293945,,15.09000015258789,,15.09000015258789,,836.0
2017-09-22,,15.170000076293945,,15.170000076293945,,15.170000076293945,,15.170000076293945,,0.0
2017-09-25,,15.5,,15.5,,15.3100004196167,,15.3100004196167,,2038.0
2017-09-26,,15.40999984741211,,15.40999984741211,,15.40999984741211,,15.40999984741211,,207.0
2017-09-27,,15.40999984741211,,15.40999984741211,,15.40999984741211,,15.40999984741211,,0.0
2017-09-28,,15.494000434875488,,15.494000434875488,,15.494000434875488,,15.494000434875488,,203.0
2017-09-29,,15.494000434875488,,15.494000434875488,,15.494000434875488,,15.494000434875488,,0.0
2017-10-02,,15.130000114440918,,15.130000114440918,,15.130000114440918,,15.130000114440918,,195.0
2017-10-03,,15.130000114440918,,15.130000114440918,,15.130000114440918,,15.130000114440918,,350.0
2017-10-04,,15.130000114440918,,15.130000114440918,,15.130000114440918,,15.130000114440918,,0.0
2017-10-05,,15.130000114440918,,15.130000114440918,,15.130000114440918,,15.130000114440918,,0.0
2017-10-06,,15.130000114440918,,15.130000114440918,,15.130000114440918,,15.130000114440918,,0.0
2017-10-09,,14.831000328063965,,14.831000328063965,,14.831000328063965,,14.831000328063965,,163.0
2017-10-10,,14.831000328063965,,14.831000328063965,,14.831000328063965,,14.831000328063965,,0.0
2017-10-11,,15.260000228881836,,15.3100004196167,,15.199999809265137,,15.199999809265137,,2540.0
2017-10-12,,15.260000228881836,,15.260000228881836,,15.260000228881836,,15.260000228881836,,0.0
2017-10-13,,15.300000190734863,,15.838899612426758,,15.300000190734863,,15.838899612426758,,512.0
2017-10-16,,15.300000190734863,,15.300000190734863,,15.300000190734863,,15.300000190734863,,0.0
2017-10-17,,15.300000190734863,,15.300000190734863,,15.300000190734863,,15.300000190734863,,0.0
2017-10-18,,15.300000190734863,,15.300000190734863,,15.300000190734863,,15.300000190734863,,0.0
2017-10-19,,15.300000190734863,,15.300000190734863,,15.300000190734863,,15.300000190734863,,0.0
2017-10-20,,15.300000190734863,,15.300000190734863,,15.229999542236328,,15.229999542236328,,369.0
2017-10-23,,15.369999885559082,,15.369999885559082,,15.369999885559082,,15.369999885559082,,906.0
2017-10-24,,15.489999771118164,,15.489999771118164,,15.449999809265137,,15.449999809265137,,2900.0
2017-10-25,,15.539999961853027,,15.539999961853027,,15.539999961853027,,15.539999961853027,,551.0
2017-10-26,,15.539999961853027,,15.539999961853027,,15.539999961853027,,15.539999961853027,,0.0
2017-10-27,,15.960000038146973,,15.989999771118164,,15.880000114440918,,15.890000343322754,,7605.0
2017-10-30,,15.960000038146973,,15.960000038146973,,15.960000038146973,,15.960000038146973,,0.0
2017-10-31,,16.152599334716797,,16.22800064086914,,16.031999588012695,,16.059999465942383,,5414.0
2017-11-01,,16.170000076293945,,16.239999771118164,,16.165000915527344,,16.239999771118164,,742.0
2017-11-02,,16.219999313354492,,16.219999313354492,,16.111099243164062,,16.111099243164062,,484.0
2017-11-03,,16.219999313354492,,16.219999313354492,,16.219999313354492,,16.219999313354492,,0.0
2017-11-06,,17.079999923706055,,17.079999923706055,,17.0,,17.0,,1958.0
2017-11-07,,16.979999542236328,,17.0,,16.979999542236328,,17.0,,325.0
2017-11-08,,16.832000732421875,,16.866500854492188,,16.82360076904297,,16.82360076904297,,1521.0
2017-11-09,,16.950000762939453,,17.020000457763672,,16.899999618530273,,17.020000457763672,,726.0
2017-11-10,,16.90999984741211,,16.90999984741211,,16.90999984741211,,16.90999984741211,,968.0
2017-11-13,,16.809999465942383,,16.900299072265625,,16.809999465942383,,16.899999618530273,,1909.0
2017-11-14,,16.440000534057617,,16.709999084472656,,16.389999389648438,,16.709999084472656,,8052.0
2017-11-15,,16.457000732421875,,16.459999084472656,,16.389999389648438,,16.389999389648438,,2481.0
2017-11-16,,16.381999969482422,,16.40999984741211,,16.3799991607666,,16.3799991607666,,821.0
2017-11-17,,16.649999618530273,,16.649999618530273,,16.520000457763672,,16.520000457763672,,2740.0
2017-11-20,,16.649999618530273,,16.649999618530273,,16.649999618530273,,16.649999618530273,,0.0
2017-11-21,,16.649999618530273,,16.649999618530273,,16.649999618530273,,16.649999618530273,,0.0
2017-11-22,,17.040000915527344,,17.040000915527344,,17.040000915527344,,17.040000915527344,,250.0
2017-11-24,,17.229999542236328,,17.229999542236328,,17.229999542236328,,17.229999542236328,,250.0
2017-11-27,,17.0,,17.0,,16.93000030517578,,16.93000030517578,,278.0
2017-11-28,,17.049999237060547,,17.049999237060547,,17.049999237060547,,17.049999237060547,,18501.0
2017-11-29,,16.84000015258789,,16.84000015258789,,16.84000015258789,,16.84000015258789,,144.0
2017-11-30,,17.030000686645508,,17.030000686645508,,16.799999237060547,,16.799999237060547,,1404.0
2017-12-01,,17.030000686645508,,17.030000686645508,,17.030000686645508,,17.030000686645508,,0.0
2017-12-04,,16.922800064086914,,17.02899932861328,,16.922800064086914,,17.02899932861328,,560.0
2017-12-05,,17.040000915527344,,17.040000915527344,,17.040000915527344,,17.040000915527344,,125.0
2017-12-06,,16.469999313354492,,16.510000228881836,,16.469999313354492,,16.510000228881836,,2301.0
2017-12-07,,16.469999313354492,,16.469999313354492,,16.469999313354492,,16.469999313354492,,0.0
2017-12-08,,16.469999313354492,,16.469999313354492,,16.469999313354492,,16.469999313354492,,0.0
2017-12-11,,16.469999313354492,,16.469999313354492,,16.469999313354492,,16.469999313354492,,0.0
2017-12-12,,16.469999313354492,,16.469999313354492,,16.469999313354492,,16.469999313354492,,0.0
2017-12-13,,16.469999313354492,,16.469999313354492,,16.469999313354492,,16.469999313354492,,0.0
2017-12-14,,16.729999542236328,,16.729999542236328,,16.6299991607666,,16.65999984741211,,3700.0
2017-12-15,,16.790000915527344,,16.81920051574707,,16.790000915527344,,16.790000915527344,,444.0
2017-12-18,,16.790000915527344,,16.790000915527344,,16.790000915527344,,16.790000915527344,,0.0
2017-12-19,,16.940000534057617,,16.950000762939453,,16.889999389648438,,16.889999389648438,,1993.0
2017-12-20,,16.940000534057617,,16.940000534057617,,16.940000534057617,,16.940000534057617,,0.0
2017-12-21,,17.06999969482422,,17.06999969482422,,16.979999542236328,,16.979999542236328,,330.0
2017-12-22,,17.26930046081543,,17.26930046081543,,17.26930046081543,,17.26930046081543,,235.0
2017-12-26,,17.5,,17.5,,17.5,,17.5,,172.0
2017-12-27,,17.5,,17.5,,17.5,,17.5,,0.0
2017-12-28,,17.639999389648438,,17.639999389648438,,17.600000381469727,,17.600000381469727,,450.0
2017-12-29,,17.709999084472656,,17.709999084472656,,17.709999084472656,,17.709999084472656,,300.0
2018-01-02,,17.709999084472656,,17.709999084472656,,17.709999084472656,,17.709999084472656,,0.0
2018-01-03,,18.06570053100586,,18.06570053100586,,17.976499557495117,,17.976499557495117,,1750.0
2018-01-04,,18.040000915527344,,18.040000915527344,,18.040000915527344,,18.040000915527344,,100.0
2018-01-05,,18.03059959411621,,18.03059959411621,,18.03059959411621,,18.03059959411621,,375.0
2018-01-08,,18.03059959411621,,18.03059959411621,,18.03059959411621,,18.03059959411621,,0.0
2018-01-09,,18.540000915527344,,18.540000915527344,,18.20009994506836,,18.20009994506836,,9937.0
2018-01-10,,18.540000915527344,,18.540000915527344,,18.540000915527344,,18.540000915527344,,0.0
2018-01-11,,18.875,,18.875,,18.875,,18.875,,153.0
2018-01-12,,18.875,,18.875,,18.875,,18.875,,0.0
2018-01-16,,18.690000534057617,,18.690000534057617,,18.670000076293945,,18.690000534057617,,1785.0
2018-01-17,,18.690000534057617,,18.690000534057617,,18.690000534057617,,18.690000534057617,,0.0
2018-01-18,,18.690000534057617,,18.690000534057617,,18.690000534057617,,18.690000534057617,,0.0
2018-01-19,,18.690000534057617,,18.690000534057617,,18.690000534057617,,18.690000534057617,,0.0
2018-01-22,,18.73240089416504,,18.73240089416504,,18.700000762939453,,18.700000762939453,,706.0
2018-01-23,,18.969999313354492,,18.969999313354492,,18.84000015258789,,18.84000015258789,,3788.0
2018-01-24,,19.219999313354492,,19.219999313354492,,19.219999313354492,,19.219999313354492,,636.0
2018-01-25,,19.219999313354492,,19.219999313354492,,19.219999313354492,,19.219999313354492,,0.0
2018-01-26,,19.31999969482422,,19.350000381469727,,19.31999969482422,,19.350000381469727,,3180.0
2018-01-29,,19.190000534057617,,19.190000534057617,,19.185100555419922,,19.185100555419922,,564.0
2018-01-30,,18.920000076293945,,18.920000076293945,,18.920000076293945,,18.920000076293945,,100.0
2018-01-31,,18.940000534057617,,18.940000534057617,,18.940000534057617,,18.940000534057617,,262.0
2018-02-01,,18.940000534057617,,18.940000534057617,,18.940000534057617,,18.940000534057617,,0.0
2018-02-02,,18.8799991607666,,18.8799991607666,,18.8799991607666,,18.8799991607666,,179.0
2018-02-05,,18.610000610351562,,18.610000610351562,,18.610000610351562,,18.610000610351562,,438.0
2018-02-06,,18.468399047851562,,18.4773006439209,,18.459999084472656,,18.459999084472656,,711.0
2018-02-07,,18.468399047851562,,18.468399047851562,,18.468399047851562,,18.468399047851562,,0.0
2018-02-08,,18.468399047851562,,18.468399047851562,,18.468399047851562,,18.468399047851562,,0.0
2018-02-09,,17.270000457763672,,17.270000457763672,,17.270000457763672,,17.270000457763672,,654.0
2018-02-12,,17.270000457763672,,17.270000457763672,,17.270000457763672,,17.270000457763672,,0.0
2018-02-13,,17.270000457763672,,17.270000457763672,,17.270000457763672,,17.270000457763672,,0.0
2018-02-14,,17.270000457763672,,17.270000457763672,,17.270000457763672,,17.270000457763672,,0.0
2018-02-15,,17.270000457763672,,17.270000457763672,,17.270000457763672,,17.270000457763672,,0.0
2018-02-16,,17.799999237060547,,17.799999237060547,,17.799999237060547,,17.799999237060547,,810.0
2018-02-20,,17.799999237060547,,17.799999237060547,,17.799999237060547,,17.799999237060547,,0.0
2018-02-21,,17.799999237060547,,17.799999237060547,,17.799999237060547,,17.799999237060547,,0.0
2018-02-22,,17.799999237060547,,17.799999237060547,,17.799999237060547,,17.799999237060547,,0.0
2018-02-23,,17.799999237060547,,17.799999237060547,,17.799999237060547,,17.799999237060547,,0.0
2018-02-26,,18.809999465942383,,18.85770034790039,,18.770000457763672,,18.770000457763672,,1118.0
2018-02-27,,18.809999465942383,,18.809999465942383,,18.809999465942383,,18.809999465942383,,0.0
2018-02-28,,18.809999465942383,,18.809999465942383,,18.809999465942383,,18.809999465942383,,0.0
2018-03-01,,18.040000915527344,,18.049999237060547,,18.040000915527344,,18.040000915527344,,597.0
2018-03-02,,18.040000915527344,,18.040000915527344,,18.040000915527344,,18.040000915527344,,0.0
2018-03-05,,18.41320037841797,,18.41320037841797,,18.41320037841797,,18.41320037841797,,301.0
2018-03-06,,18.41320037841797,,18.41320037841797,,18.41320037841797,,18.41320037841797,,0.0
2018-03-07,,18.41320037841797,,18.41320037841797,,18.41320037841797,,18.41320037841797,,0.0
2018-03-08,,18.030000686645508,,18.110000610351562,,18.030000686645508,,18.110000610351562,,436.0
2018-03-09,,18.030000686645508,,18.030000686645508,,18.030000686645508,,18.030000686645508,,0.0
2018-03-12,,18.22960090637207,,18.22960090637207,,18.22960090637207,,18.22960090637207,,151.0
2018-03-13,,18.25,,18.260000228881836,,18.25,,18.260000228881836,,600.0
2018-03-14,,18.25,,18.25,,18.25,,18.25,,0.0
2018-03-15,,18.18000030517578,,18.211000442504883,,18.18000030517578,,18.211000442504883,,510.0
2018-03-16,,18.53619956970215,,18.53619956970215,,18.190000534057617,,18.190000534057617,,528.0
2018-03-19,,18.239999771118164,,18.239999771118164,,18.239999771118164,,18.239999771118164,,200.0
2018-03-20,,18.239999771118164,,18.239999771118164,,18.239999771118164,,18.239999771118164,,0.0
2018-03-21,,19.059999465942383,,19.059999465942383,,19.0,,19.0,,9951.0
2018-03-22,,19.059999465942383,,19.059999465942383,,19.059999465942383,,19.059999465942383,,0.0
2018-03-23,,19.52720069885254,,19.546499252319336,,19.52720069885254,,19.546499252319336,,985.0
2018-03-26,,19.471200942993164,,19.489999771118164,,19.471200942993164,,19.489999771118164,,754.0
2018-03-27,,19.424999237060547,,19.424999237060547,,19.424999237060547,,19.424999237060547,,301.0
2018-03-28,,19.424999237060547,,19.424999237060547,,19.424999237060547,,19.424999237060547,,0.0
2018-03-29,,19.424999237060547,,19.424999237060547,,19.424999237060547,,19.424999237060547,,0.0
2018-04-02,,18.75,,18.75,,18.75,,18.75,,100.0
2018-04-03,,18.75,,18.75,,18.75,,18.75,,0.0
2018-04-04,,18.8700008392334,,18.8799991607666,,18.860000610351562,,18.872499465942383,,18154.0
2018-04-05,,18.923200607299805,,18.940000534057617,,18.923200607299805,,18.93000030517578,,3471.0
2018-04-06,,18.5393009185791,,18.920000076293945,,18.5393009185791,,18.920000076293945,,68734.0
2018-04-09,,18.5393009185791,,18.5393009185791,,18.5393009185791,,18.5393009185791,,0.0
2018-04-10,,18.5393009185791,,18.5393009185791,,18.5393009185791,,18.5393009185791,,0.0
2018-04-11,,19.899999618530273,,19.948999404907227,,19.6200008392334,,19.63010025024414,,1144.0
2018-04-12,,19.687400817871094,,19.687400817871094,,19.687400817871094,,19.687400817871094,,175.0
2018-04-13,,19.687400817871094,,19.687400817871094,,19.687400817871094,,19.687400817871094,,0.0
2018-04-16,,19.687400817871094,,19.687400817871094,,19.687400817871094,,19.687400817871094,,0.0
2018-04-17,,19.790000915527344,,19.790000915527344,,19.790000915527344,,19.790000915527344,,116.0
2018-04-18,,20.450000762939453,,20.479999542236328,,20.139999389648438,,20.190000534057617,,44329.0
2018-04-19,,20.290000915527344,,20.290000915527344,,20.290000915527344,,20.290000915527344,,155.0
2018-04-20,,20.290000915527344,,20.290000915527344,,20.290000915527344,,20.290000915527344,,0.0
2018-04-23,,20.479999542236328,,20.479999542236328,,20.040000915527344,,20.040000915527344,,633.0
2018-04-24,,20.420000076293945,,20.468000411987305,,20.309999465942383,,20.440000534057617,,2894.0
2018-04-25,,20.360000610351562,,20.360000610351562,,20.360000610351562,,20.360000610351562,,375.0
2018-04-26,,20.360000610351562,,20.520000457763672,,20.360000610351562,,20.520000457763672,,300.0
2018-04-27,,20.360000610351562,,20.360000610351562,,20.360000610351562,,20.360000610351562,,0.0
2018-04-30,,20.75,,20.770000457763672,,20.389999389648438,,20.389999389648438,,1135.0
2018-05-01,,20.1299991607666,,20.203800201416016,,20.1299991607666,,20.203800201416016,,437.0
2018-05-02,,20.309999465942383,,20.3799991607666,,20.170000076293945,,20.170000076293945,,16050.0
2018-05-03,,20.290000915527344,,20.290000915527344,,20.290000915527344,,20.290000915527344,,255.0
2018-05-04,,20.290000915527344,,20.290000915527344,,20.290000915527344,,20.290000915527344,,0.0
2018-05-07,,20.9689998626709,,21.149999618530273,,20.9689998626709,,21.040000915527344,,627.0
2018-05-08,,20.5856990814209,,20.5856990814209,,20.5856990814209,,20.5856990814209,,100.0
2018-05-09,,21.350000381469727,,21.398500442504883,,20.05150032043457,,20.05150032043457,,6250.0
2018-05-10,,21.350000381469727,,21.350000381469727,,21.350000381469727,,21.350000381469727,,0.0
2018-05-11,,21.350000381469727,,21.420000076293945,,21.350000381469727,,21.420000076293945,,600.0
2018-05-14,,21.399999618530273,,21.40999984741211,,21.290000915527344,,21.290000915527344,,1132.0
2018-05-15,,21.399999618530273,,21.399999618530273,,21.399999618530273,,21.399999618530273,,0.0
2018-05-16,,21.440000534057617,,21.440000534057617,,21.440000534057617,,21.440000534057617,,159.0
2018-05-17,,21.476499557495117,,21.476499557495117,,21.469999313354492,,21.469999313354492,,666.0
2018-05-18,,21.476499557495117,,21.476499557495117,,21.476499557495117,,21.476499557495117,,0.0
2018-05-21,,21.82990074157715,,21.82990074157715,,21.586999893188477,,21.586999893188477,,1256.0
2018-05-22,,21.8799991607666,,21.8799991607666,,21.8799991607666,,21.8799991607666,,494.0
2018-05-23,,21.8799991607666,,21.8799991607666,,21.8799991607666,,21.8799991607666,,0.0
2018-05-24,,21.420000076293945,,21.420000076293945,,21.420000076293945,,21.420000076293945,,225.0
2018-05-25,,20.649999618530273,,20.649999618530273,,20.649999618530273,,20.649999618530273,,360.0
2018-05-29,,20.253799438476562,,20.253799438476562,,20.25,,20.25,,648.0
2018-05-30,,20.635000228881836,,20.635000228881836,,20.635000228881836,,20.635000228881836,,321.0
2018-05-31,,20.635000228881836,,20.635000228881836,,20.635000228881836,,20.635000228881836,,0.0
2018-06-01,,20.635000228881836,,20.635000228881836,,20.635000228881836,,20.635000228881836,,0.0
2018-06-04,,20.635000228881836,,20.635000228881836,,20.635000228881836,,20.635000228881836,,0.0
2018-06-05,,19.697200775146484,,19.697200775146484,,19.59000015258789,,19.59000015258789,,327.0
2018-06-06,,18.540000915527344,,18.540000915527344,,18.540000915527344,,18.540000915527344,,1158.0
2018-06-07,,19.989999771118164,,20.030000686645508,,19.780000686645508,,19.780000686645508,,4300.0
2018-06-08,,19.989999771118164,,19.989999771118164,,19.989999771118164,,19.989999771118164,,0.0
2018-06-11,,20.016799926757812,,20.016799926757812,,19.989999771118164,,19.989999771118164,,555.0
2018-06-12,,20.016799926757812,,20.016799926757812,,20.016799926757812,,20.016799926757812,,0.0
2018-06-13,,20.016799926757812,,20.016799926757812,,20.016799926757812,,20.016799926757812,,0.0
2018-06-14,,20.016799926757812,,20.016799926757812,,20.016799926757812,,20.016799926757812,,0.0
2018-06-15,,19.559999465942383,,19.989999771118164,,19.559999465942383,,19.989999771118164,,1017.0
2018-06-18,,19.829999923706055,,19.829999923706055,,19.829999923706055,,19.829999923706055,,100.0
2018-06-19,,19.6299991607666,,19.6299991607666,,19.6299991607666,,19.6299991607666,,500.0
2018-06-20,,19.772499084472656,,19.772499084472656,,19.75,,19.75,,621.0
2018-06-21,,19.772499084472656,,19.772499084472656,,19.772499084472656,,19.772499084472656,,0.0
2018-06-22,,19.772499084472656,,19.772499084472656,,19.772499084472656,,19.772499084472656,,0.0
2018-06-25,,20.204999923706055,,20.204999923706055,,20.204999923706055,,20.204999923706055,,100.0
2018-06-26,,20.6200008392334,,20.639999389648438,,20.290000915527344,,20.290000915527344,,3910.0
2018-06-27,,20.6200008392334,,20.6200008392334,,20.6200008392334,,20.6200008392334,,0.0
2018-06-28,,20.6200008392334,,20.6200008392334,,20.6200008392334,,20.6200008392334,,0.0
2018-06-29,,21.6200008392334,,21.6200008392334,,21.420000076293945,,21.420000076293945,,836.0
2018-07-02,,20.969999313354492,,20.969999313354492,,20.969999313354492,,20.969999313354492,,602.0
2018-07-03,,20.969999313354492,,20.969999313354492,,20.969999313354492,,20.969999313354492,,0.0
2018-07-05,,20.920000076293945,,21.100000381469727,,20.920000076293945,,21.049999237060547,,1803.0
2018-07-06,,20.961999893188477,,20.961999893188477,,20.84000015258789,,20.84000015258789,,1886.0
2018-07-09,,21.399999618530273,,21.399999618530273,,21.229999542236328,,21.229999542236328,,900.0
2018-07-10,,21.399999618530273,,21.399999618530273,,21.399999618530273,,21.399999618530273,,0.0
2018-07-11,,21.399999618530273,,21.399999618530273,,21.399999618530273,,21.399999618530273,,0.0
2018-07-12,,20.479999542236328,,20.479999542236328,,20.479999542236328,,20.479999542236328,,400.0
2018-07-13,,20.479999542236328,,20.479999542236328,,20.479999542236328,,20.479999542236328,,0.0
2018-07-16,,20.479999542236328,,20.479999542236328,,20.479999542236328,,20.479999542236328,,0.0
2018-07-17,,20.059999465942383,,20.06999969482422,,20.059999465942383,,20.06999969482422,,2583.0
2018-07-18,,20.299999237060547,,20.299999237060547,,20.09000015258789,,20.09000015258789,,203.0
2018-07-19,,20.260000228881836,,20.350000381469727,,20.260000228881836,,20.350000381469727,,548.0
2018-07-20,,20.3700008392334,,20.40999984741211,,20.3700008392334,,20.40999984741211,,305.0
2018-07-23,,20.479999542236328,,20.6200008392334,,20.43000030517578,,20.6200008392334,,1231.0
2018-07-24,,20.489999771118164,,20.489999771118164,,20.489999771118164,,20.489999771118164,,295.0
2018-07-25,,20.489999771118164,,20.489999771118164,,20.489999771118164,,20.489999771118164,,0.0
2018-07-26,,20.959999084472656,,20.959999084472656,,20.959999084472656,,20.959999084472656,,1002.0
2018-07-27,,20.959999084472656,,20.959999084472656,,20.959999084472656,,20.959999084472656,,0.0
2018-07-30,,21.110000610351562,,21.190000534057617,,21.110000610351562,,21.190000534057617,,664.0
2018-07-31,,21.110000610351562,,21.110000610351562,,21.110000610351562,,21.110000610351562,,0.0
2018-08-01,,21.110000610351562,,21.110000610351562,,21.110000610351562,,21.110000610351562,,0.0
2018-08-02,,20.729999542236328,,20.729999542236328,,20.729999542236328,,20.729999542236328,,244.0
2018-08-03,,20.729999542236328,,20.729999542236328,,20.729999542236328,,20.729999542236328,,0.0
2018-08-06,,20.729999542236328,,20.729999542236328,,20.729999542236328,,20.729999542236328,,0.0
2018-08-07,,20.969999313354492,,20.979999542236328,,20.969999313354492,,20.979999542236328,,1003.0
2018-08-08,,20.969999313354492,,20.969999313354492,,20.969999313354492,,20.969999313354492,,0.0
2018-08-09,,20.450000762939453,,20.450000762939453,,20.450000762939453,,20.450000762939453,,753.0
2018-08-10,,20.450000762939453,,20.450000762939453,,20.450000762939453,,20.450000762939453,,0.0
2018-08-13,,20.420000076293945,,20.420000076293945,,20.420000076293945,,20.420000076293945,,512.0
2018-08-14,,20.420000076293945,,20.420000076293945,,20.420000076293945,,20.420000076293945,,0.0
2018-08-15,,20.420000076293945,,20.420000076293945,,20.420000076293945,,20.420000076293945,,0.0
2018-08-16,,20.420000076293945,,20.420000076293945,,20.420000076293945,,20.420000076293945,,0.0
2018-08-17,,20.420000076293945,,20.420000076293945,,20.420000076293945,,20.420000076293945,,0.0
2018-08-20,,20.079999923706055,,20.079999923706055,,20.079999923706055,,20.079999923706055,,400.0
2018-08-21,,20.079999923706055,,20.079999923706055,,20.079999923706055,,20.079999923706055,,0.0
2018-08-22,,20.079999923706055,,20.079999923706055,,20.079999923706055,,20.079999923706055,,0.0
2018-08-23,,20.079999923706055,,20.079999923706055,,20.079999923706055,,20.079999923706055,,0.0
2018-08-24,,21.02400016784668,,21.280000686645508,,21.02400016784668,,21.219999313354492,,321.0
2018-08-27,,21.02400016784668,,21.02400016784668,,21.02400016784668,,21.02400016784668,,0.0
2018-08-28,,21.02400016784668,,21.02400016784668,,21.02400016784668,,21.02400016784668,,0.0
2018-08-29,,21.40999984741211,,21.422800064086914,,21.3799991607666,,21.422800064086914,,2100.0
2018-08-30,,21.479999542236328,,21.479999542236328,,21.479999542236328,,21.479999542236328,,100.0
2018-08-31,,21.479999542236328,,21.479999542236328,,21.479999542236328,,21.479999542236328,,0.0
2018-09-04,,21.639999389648438,,21.639999389648438,,21.639999389648438,,21.639999389648438,,184.0
2018-09-05,,21.639999389648438,,21.639999389648438,,21.639999389648438,,21.639999389648438,,0.0
2018-09-06,,21.639999389648438,,21.639999389648438,,21.639999389648438,,21.639999389648438,,0.0
2018-09-07,,21.639999389648438,,21.639999389648438,,21.639999389648438,,21.639999389648438,,0.0
2018-09-10,,21.639999389648438,,21.639999389648438,,21.639999389648438,,21.639999389648438,,0.0
2018-09-11,,21.639999389648438,,21.639999389648438,,21.639999389648438,,21.639999389648438,,0.0
2018-09-12,,21.6299991607666,,21.6299991607666,,21.6299991607666,,21.6299991607666,,164.0
2018-09-13,,21.6299991607666,,21.6299991607666,,21.6299991607666,,21.6299991607666,,0.0
2018-09-14,,21.56999969482422,,21.56999969482422,,21.56999969482422,,21.56999969482422,,128.0
2018-09-17,,21.56999969482422,,21.56999969482422,,21.56999969482422,,21.56999969482422,,0.0
2018-09-18,,21.530000686645508,,21.680099487304688,,21.530000686645508,,21.6299991607666,,540.0
2018-09-19,,21.56999969482422,,21.56999969482422,,21.56999969482422,,21.56999969482422,,100.0
2018-09-20,,21.859899520874023,,21.940000534057617,,21.859899520874023,,21.940000534057617,,3200.0
2018-09-21,,22.0,,22.0,,22.0,,22.0,,484.0
2018-09-24,,22.299999237060547,,22.299999237060547,,22.299999237060547,,22.299999237060547,,180.0
2018-09-25,,22.360000610351562,,22.360000610351562,,22.360000610351562,,22.360000610351562,,405.0
2018-09-26,,22.295400619506836,,22.30500030517578,,22.295400619506836,,22.30500030517578,,1026.0
2018-09-27,,22.295400619506836,,22.295400619506836,,22.295400619506836,,22.295400619506836,,0.0
2018-09-28,,22.295400619506836,,22.295400619506836,,22.295400619506836,,22.295400619506836,,0.0
2018-10-01,,23.076499938964844,,23.076499938964844,,23.076499938964844,,23.076499938964844,,315.0
2018-10-02,,23.076499938964844,,23.076499938964844,,23.076499938964844,,23.076499938964844,,0.0
2018-10-03,,23.219999313354492,,23.25,,23.219999313354492,,23.25,,1828.0
2018-10-04,,23.219999313354492,,23.219999313354492,,23.219999313354492,,23.219999313354492,,0.0
2018-10-05,,23.25,,23.25,,23.25,,23.25,,117.0
2018-10-08,,23.03730010986328,,23.03730010986328,,22.93000030517578,,23.0,,4552.0
2018-10-09,,23.03730010986328,,23.03730010986328,,23.03730010986328,,23.03730010986328,,0.0
2018-10-10,,23.03730010986328,,23.03730010986328,,23.03730010986328,,23.03730010986328,,0.0
2018-10-11,,22.139999389648438,,22.29010009765625,,22.139999389648438,,22.29010009765625,,603.0
2018-10-12,,22.139999389648438,,22.139999389648438,,22.139999389648438,,22.139999389648438,,0.0
2018-10-15,,22.139999389648438,,22.139999389648438,,22.139999389648438,,22.139999389648438,,0.0
2018-10-16,,22.139999389648438,,22.139999389648438,,22.139999389648438,,22.139999389648438,,0.0
2018-10-17,,22.098600387573242,,22.098600387573242,,22.098600387573242,,22.098600387573242,,145.0
2018-10-18,,22.098600387573242,,22.098600387573242,,22.098600387573242,,22.098600387573242,,0.0
2018-10-19,,21.818899154663086,,21.818899154663086,,21.818899154663086,,21.818899154663086,,680.0
2018-10-22,,21.818899154663086,,21.818899154663086,,21.818899154663086,,21.818899154663086,,0.0
2018-10-23,,21.818899154663086,,21.818899154663086,,21.818899154663086,,21.818899154663086,,0.0
2018-10-24,,21.818899154663086,,21.818899154663086,,21.818899154663086,,21.818899154663086,,0.0
2018-10-25,,21.07379913330078,,21.07379913330078,,21.07379913330078,,21.07379913330078,,681.0
2018-10-26,,21.229999542236328,,21.229999542236328,,21.139999389648438,,21.139999389648438,,638.0
2018-10-29,,21.229999542236328,,21.229999542236328,,21.229999542236328,,21.229999542236328,,0.0
2018-10-30,,20.920000076293945,,20.920000076293945,,20.920000076293945,,20.920000076293945,,110.0
2018-10-31,,20.920000076293945,,20.920000076293945,,20.920000076293945,,20.920000076293945,,0.0
2018-11-01,,19.8700008392334,,19.8700008392334,,19.8700008392334,,19.8700008392334,,204.0
2018-11-02,,19.8700008392334,,19.8700008392334,,19.8700008392334,,19.8700008392334,,212.0
2018-11-05,,19.8700008392334,,19.8700008392334,,19.8700008392334,,19.8700008392334,,0.0
2018-11-06,,19.8700008392334,,19.8700008392334,,19.8700008392334,,19.8700008392334,,0.0
2018-11-07,,19.8700008392334,,19.8700008392334,,19.8700008392334,,19.8700008392334,,0.0
2018-11-08,,19.139999389648438,,19.139999389648438,,19.139999389648438,,19.139999389648438,,379.0
2018-11-09,,19.139999389648438,,19.139999389648438,,19.139999389648438,,19.139999389648438,,0.0
2018-11-12,,19.142799377441406,,19.142799377441406,,19.142799377441406,,19.142799377441406,,271.0
2018-11-13,,19.142799377441406,,19.142799377441406,,19.142799377441406,,19.142799377441406,,0.0
2018-11-14,,17.889999389648438,,17.889999389648438,,17.889999389648438,,17.889999389648438,,529.0
2018-11-15,,17.740100860595703,,17.740100860595703,,17.739999771118164,,17.739999771118164,,521.0
2018-11-16,,18.0,,18.0,,18.0,,18.0,,151.0
2018-11-19,,18.0,,18.0,,18.0,,18.0,,0.0
2018-11-20,,16.719999313354492,,17.020000457763672,,16.719999313354492,,17.020000457763672,,1669.0
2018-11-21,,16.979999542236328,,17.040000915527344,,16.979999542236328,,17.040000915527344,,460.0
2018-11-23,,15.981100082397461,,16.0,,15.981100082397461,,16.0,,428.0
2018-11-26,,15.981100082397461,,15.981100082397461,,15.981100082397461,,15.981100082397461,,0.0
2018-11-27,,16.16860008239746,,16.16860008239746,,15.910699844360352,,16.0,,1644.0
2018-11-28,,16.275400161743164,,16.275400161743164,,15.979999542236328,,16.0,,514.0
2018-11-29,,16.12700080871582,,16.305999755859375,,16.12700080871582,,16.305999755859375,,547.0
2018-11-30,,15.760000228881836,,15.760000228881836,,15.760000228881836,,15.760000228881836,,115.0
2018-12-03,,16.520000457763672,,16.520000457763672,,16.520000457763672,,16.520000457763672,,280.0
2018-12-04,,16.649999618530273,,16.719999313354492,,16.649999618530273,,16.719999313354492,,283.0
2018-12-06,,15.949999809265137,,15.949999809265137,,15.949999809265137,,15.949999809265137,,150.0
2018-12-07,,16.515300750732422,,16.93000030517578,,16.515300750732422,,16.90999984741211,,7764.0
2018-12-10,,15.987799644470215,,16.239999771118164,,15.987799644470215,,16.239999771118164,,166.0
2018-12-11,,16.200000762939453,,16.399999618530273,,16.155500411987305,,16.399999618530273,,758.0
2018-12-12,,16.089000701904297,,16.389999389648438,,16.089000701904297,,16.270000457763672,,1460.0
2018-12-13,,16.639999389648438,,16.639999389648438,,16.15999984741211,,16.15999984741211,,517.0
2018-12-14,,16.125,,16.549999237060547,,16.100000381469727,,16.549999237060547,,2548.0
2018-12-17,,15.579999923706055,,15.960000038146973,,15.579999923706055,,15.960000038146973,,1102.0
2018-12-18,,14.714300155639648,,14.714300155639648,,14.714300155639648,,14.714300155639648,,249.0
2018-12-19,,14.978500366210938,,14.978500366210938,,14.978500366210938,,14.978500366210938,,28.0
2018-12-20,,14.569999694824219,,14.770000457763672,,14.550000190734863,,14.770000457763672,,1457.0
2018-12-21,,14.270000457763672,,14.479999542236328,,14.270000457763672,,14.479999542236328,,1158.0
2018-12-24,,13.933899879455566,,13.972599983215332,,13.933899879455566,,13.972599983215332,,142.0
2018-12-26,,14.780599594116211,,14.780599594116211,,13.880000114440918,,13.880000114440918,,511.0
2018-12-27,,14.354700088500977,,14.354700088500977,,14.354700088500977,,14.354700088500977,,80.0
2018-12-28,,14.25510025024414,,14.25510025024414,,14.118000030517578,,14.119999885559082,,1220.0
2018-12-31,,14.479999542236328,,14.479999542236328,,14.26259994506836,,14.350000381469727,,1386.0
2019-01-02,,14.761500358581543,,14.761500358581543,,14.73900032043457,,14.73900032043457,,196.0
2019-01-03,,14.899999618530273,,14.899999618530273,,14.579999923706055,,14.670000076293945,,900.0
2019-01-04,,15.256699562072754,,15.256699562072754,,15.256699562072754,,15.256699562072754,,1.0
2019-01-07,,15.392399787902832,,15.392399787902832,,15.390000343322754,,15.390000343322754,,701.0
2019-01-08,,15.737799644470215,,15.737799644470215,,15.5600004196167,,15.5600004196167,,395.0
2019-01-09,,16.50659942626953,,16.50659942626953,,16.100000381469727,,16.13949966430664,,305.0
2019-01-10,,16.6299991607666,,16.6299991607666,,16.5,,16.5,,347.0
2019-01-11,,16.333200454711914,,16.333200454711914,,16.333200454711914,,16.333200454711914,,15.0
2019-01-14,,15.989700317382812,,16.275100708007812,,15.989700317382812,,16.275100708007812,,711.0
2019-01-15,,16.40999984741211,,16.40999984741211,,16.34600067138672,,16.399999618530273,,1430.0
2019-01-16,,16.528799057006836,,16.528799057006836,,16.40999984741211,,16.459999084472656,,202.0
2019-01-17,,16.48200035095215,,16.48200035095215,,16.290000915527344,,16.290000915527344,,124.0
2019-01-18,,16.86520004272461,,16.90999984741211,,16.86520004272461,,16.90999984741211,,107.0
2019-01-22,,16.59149932861328,,16.59149932861328,,16.389999389648438,,16.389999389648438,,105.0
2019-01-23,,16.506200790405273,,16.56999969482422,,16.506200790405273,,16.56999969482422,,100.0
2019-01-24,,16.638500213623047,,16.638500213623047,,16.638500213623047,,16.638500213623047,,6.0
2019-01-25,,16.729999542236328,,16.729999542236328,,16.729999542236328,,16.729999542236328,,6.0
2019-01-28,,16.30459976196289,,16.30459976196289,,16.30459976196289,,16.30459976196289,,91.0
2019-01-29,,16.633499145507812,,16.76650047302246,,16.579999923706055,,16.579999923706055,,210.0
2019-01-30,,16.890100479125977,,16.890100479125977,,16.890100479125977,,16.890100479125977,,50.0
2019-01-31,,16.854799270629883,,17.186800003051758,,16.854799270629883,,17.186800003051758,,205.0
2019-02-01,,17.296199798583984,,17.296199798583984,,17.296199798583984,,17.296199798583984,,95.0
2019-02-04,,17.16510009765625,,17.200000762939453,,16.950000762939453,,16.950000762939453,,305.0
2019-02-05,,16.894500732421875,,16.8981990814209,,16.894500732421875,,16.8981990814209,,170.0
2019-02-06,,16.97960090637207,,16.97960090637207,,16.829999923706055,,16.829999923706055,,100.0
2019-02-07,,16.570100784301758,,16.780000686645508,,16.570100784301758,,16.780000686645508,,130.0
2019-02-08,,16.59589958190918,,16.59589958190918,,16.59589958190918,,16.59589958190918,,5.0
2019-02-11,,16.510799407958984,,16.510799407958984,,16.510799407958984,,16.510799407958984,,138.0
2019-02-12,,16.774999618530273,,16.774999618530273,,16.774999618530273,,16.774999618530273,,5.0
2019-02-13,,17.039199829101562,,17.039199829101562,,16.940000534057617,,16.940000534057617,,1038.0
2019-02-14,,17.205299377441406,,17.205299377441406,,16.959999084472656,,16.959999084472656,,133.0
2019-02-15,,17.600200653076172,,17.600200653076172,,17.600200653076172,,17.600200653076172,,74.0
2019-02-19,,17.66349983215332,,17.66349983215332,,17.649700164794922,,17.649700164794922,,215.0
2019-02-20,,17.845199584960938,,17.845199584960938,,17.71419906616211,,17.71419906616211,,264.0
2019-02-21,,17.7731990814209,,17.7731990814209,,17.7731990814209,,17.7731990814209,,56.0
2019-02-22,,17.858999252319336,,17.959999084472656,,17.858999252319336,,17.959999084472656,,602.0
2019-02-25,,17.298500061035156,,17.298500061035156,,17.298500061035156,,17.298500061035156,,3.0
2019-02-26,,17.42259979248047,,17.42259979248047,,17.389999389648438,,17.389999389648438,,173.0
2019-02-27,,17.80150032043457,,17.80150032043457,,17.65999984741211,,17.65999984741211,,514.0
2019-02-28,,17.825000762939453,,17.825000762939453,,17.825000762939453,,17.825000762939453,,128.0
2019-03-01,,17.405899047851562,,17.799999237060547,,17.405899047851562,,17.799999237060547,,842.0
2019-03-04,,17.620899200439453,,17.620899200439453,,17.620899200439453,,17.620899200439453,,30.0
2019-03-05,,17.669099807739258,,17.684099197387695,,17.669099807739258,,17.684099197387695,,115.0
2019-03-06,,17.54509925842285,,17.54509925842285,,17.360000610351562,,17.360000610351562,,2082.0
2019-03-07,,17.6200008392334,,17.641000747680664,,17.600000381469727,,17.600000381469727,,316.0
2019-03-08,,17.47949981689453,,17.479999542236328,,17.09000015258789,,17.09000015258789,,305.0
2019-03-11,,17.672500610351562,,17.672500610351562,,17.579999923706055,,17.579999923706055,,292.0
2019-03-12,,17.715099334716797,,17.799999237060547,,17.715099334716797,,17.799999237060547,,100.0
2019-03-13,,18.10770034790039,,18.10770034790039,,17.899999618530273,,17.90999984741211,,9027.0
2019-03-14,,18.093799591064453,,18.093799591064453,,18.093799591064453,,18.093799591064453,,23.0
2019-03-15,,18.06999969482422,,18.06999969482422,,18.06999969482422,,18.06999969482422,,2.0
2019-03-18,,18.208099365234375,,18.208099365234375,,18.208099365234375,,18.208099365234375,,5.0
2019-03-19,,18.155000686645508,,18.200000762939453,,18.155000686645508,,18.200000762939453,,1184.0
2019-03-20,,18.440000534057617,,18.440000534057617,,18.440000534057617,,18.440000534057617,,2.0
2019-03-21,,18.31800079345703,,18.40999984741211,,18.31800079345703,,18.40999984741211,,102.0
2019-03-22,,18.040000915527344,,18.040000915527344,,17.940000534057617,,17.940000534057617,,102.0
2019-03-25,,18.080299377441406,,18.080299377441406,,17.93000030517578,,17.93000030517578,,202.0
2019-03-26,,18.276899337768555,,18.3799991607666,,18.276899337768555,,18.360000610351562,,4140.0
2019-03-27,,18.125,,18.170000076293945,,18.125,,18.170000076293945,,103.0
2019-03-28,,18.125,,18.125,,18.0,,18.0,,102.0
2019-03-29,,18.314199447631836,,18.360000610351562,,18.209999084472656,,18.360000610351562,,227.0
2019-04-01,,18.702199935913086,,18.702199935913086,,18.5,,18.5,,129.0
2019-04-02,,18.924999237060547,,18.924999237060547,,18.799999237060547,,18.799999237060547,,225.0
2019-04-03,,18.915000915527344,,18.915000915527344,,18.8700008392334,,18.8700008392334,,115.0
2019-04-04,,18.835100173950195,,18.98110008239746,,18.761999130249023,,18.85099983215332,,1465.0
2019-04-05,,19.110000610351562,,19.110000610351562,,18.979999542236328,,18.979999542236328,,102.0
2019-04-08,,19.295900344848633,,19.2987003326416,,19.190000534057617,,19.190000534057617,,22161.0
2019-04-09,,19.230300903320312,,19.230300903320312,,19.204999923706055,,19.204999923706055,,1665.0
2019-04-10,,19.459999084472656,,19.459999084472656,,19.459999084472656,,19.459999084472656,,50.0
2019-04-11,,19.265100479125977,,19.265100479125977,,19.139999389648438,,19.139999389648438,,1676.0
2019-04-12,,19.326099395751953,,19.326099395751953,,19.326099395751953,,19.326099395751953,,50.0
2019-04-15,,19.25,,19.25,,19.1200008392334,,19.1299991607666,,20949.0
2019-04-16,,19.42169952392578,,19.42169952392578,,19.1200008392334,,19.1200008392334,,302.0
2019-04-17,,19.329999923706055,,19.329999923706055,,19.329999923706055,,19.329999923706055,,30.0
2019-04-18,,19.35379981994629,,19.35379981994629,,19.290000915527344,,19.290000915527344,,103.0
2019-04-22,,19.739999771118164,,19.75,,19.739999771118164,,19.75,,287.0
2019-04-23,,19.92490005493164,,19.92490005493164,,19.829999923706055,,19.889999389648438,,902.0
2019-04-24,,19.815000534057617,,19.93000030517578,,19.80389976501465,,19.93000030517578,,7323.0
2019-04-25,,19.655000686645508,,19.655000686645508,,19.655000686645508,,19.655000686645508,,20.0
2019-04-26,,19.019800186157227,,19.019800186157227,,19.019800186157227,,19.019800186157227,,2.0
2019-04-29,,19.23509979248047,,19.23509979248047,,19.23509979248047,,19.23509979248047,,5.0
2019-04-30,,19.31999969482422,,19.34000015258789,,19.31999969482422,,19.34000015258789,,150.0
2019-05-01,,19.25429916381836,,19.25429916381836,,19.25429916381836,,19.25429916381836,,2.0
2019-05-02,,18.691499710083008,,18.691499710083008,,18.691499710083008,,18.691499710083008,,2.0
2019-05-03,,18.7549991607666,,18.833900451660156,,18.7549991607666,,18.833900451660156,,117.0
2019-05-06,,19.05229949951172,,19.05229949951172,,18.690000534057617,,18.690000534057617,,142.0
2019-05-07,,18.540000915527344,,18.540000915527344,,18.540000915527344,,18.540000915527344,,2.0
2019-05-08,,18.794300079345703,,18.794300079345703,,18.794300079345703,,18.794300079345703,,2.0
2019-05-09,,18.690000534057617,,18.690000534057617,,18.690000534057617,,18.690000534057617,,2.0
2019-05-10,,18.707199096679688,,18.799999237060547,,18.707199096679688,,18.799999237060547,,133.0
2019-05-13,,18.5049991607666,,18.5049991607666,,18.5049991607666,,18.5049991607666,,38.0
2019-05-14,,18.810100555419922,,18.815000534057617,,18.810100555419922,,18.815000534057617,,125.0
2019-05-15,,19.019500732421875,,19.019500732421875,,19.019500732421875,,19.019500732421875,,17.0
2019-05-16,,19.19499969482422,,19.19499969482422,,19.167200088500977,,19.167200088500977,,100.0
2019-05-17,,19.06909942626953,,19.06909942626953,,19.06909942626953,,19.06909942626953,,2.0
2019-05-20,,19.194799423217773,,19.194799423217773,,19.194799423217773,,19.194799423217773,,2.0
2019-05-21,,19.15999984741211,,19.15999984741211,,19.15999984741211,,19.15999984741211,,58.0
2019-05-22,,18.579999923706055,,18.579999923706055,,18.579999923706055,,18.579999923706055,,2.0
2019-05-23,,17.635400772094727,,18.049999237060547,,17.5,,18.049999237060547,,243.0
2019-05-24,,17.8700008392334,,17.8700008392334,,17.8700008392334,,17.8700008392334,,2.0
2019-05-28,,17.9862003326416,,17.9862003326416,,17.9862003326416,,17.9862003326416,,7.0
2019-05-29,,17.924299240112305,,17.924299240112305,,17.924299240112305,,17.924299240112305,,3.0
2019-05-30,,17.2450008392334,,17.537599563598633,,17.2450008392334,,17.537599563598633,,240.0
2019-05-31,,16.245100021362305,,16.850000381469727,,16.245100021362305,,16.850000381469727,,400.0
2019-06-03,,16.110000610351562,,16.5,,16.110000610351562,,16.459999084472656,,1491.0
2019-06-04,,16.36009979248047,,16.36009979248047,,16.36009979248047,,16.36009979248047,,50.0
2019-06-05,,15.775099754333496,,15.850000381469727,,15.770000457763672,,15.770000457763672,,773.0
2019-06-06,,16.220600128173828,,16.220600128173828,,15.680000305175781,,15.680000305175781,,1213.0
2019-06-07,,16.49920082092285,,16.49920082092285,,16.49920082092285,,16.49920082092285,,5.0
2019-06-10,,16.319700241088867,,16.319700241088867,,16.319700241088867,,16.319700241088867,,5.0
2019-06-11,,16.352100372314453,,16.352100372314453,,16.352100372314453,,16.352100372314453,,5.0
2019-06-12,,15.687899589538574,,15.687899589538574,,15.687899589538574,,15.687899589538574,,42.0
2019-06-13,,16.024999618530273,,16.024999618530273,,16.024999618530273,,16.024999618530273,,25.0
2019-06-14,,16.1200008392334,,16.1200008392334,,16.1200008392334,,16.1200008392334,,50.0
2019-06-17,,15.914899826049805,,15.914899826049805,,15.914899826049805,,15.914899826049805,,2.0
2019-06-18,,16.5,,16.5,,16.5,,16.5,,2.0
2019-06-19,,16.567899703979492,,16.567899703979492,,16.567899703979492,,16.567899703979492,,15.0
2019-06-20,,17.320999145507812,,17.320999145507812,,17.260000228881836,,17.270000457763672,,500.0
2019-06-21,,17.46649932861328,,17.46649932861328,,17.413799285888672,,17.413799285888672,,279.0
2019-06-24,,17.51289939880371,,17.51289939880371,,17.280000686645508,,17.40999984741211,,300.0
2019-06-25,,17.53499984741211,,17.53499984741211,,17.469999313354492,,17.469999313354492,,151.0
2019-06-26,,17.942899703979492,,18.06999969482422,,17.920000076293945,,17.920000076293945,,235.0
2019-06-27,,17.931299209594727,,17.931299209594727,,17.931299209594727,,17.931299209594727,,2.0
2019-06-28,,17.561100006103516,,17.979400634765625,,17.561100006103516,,17.979400634765625,,116.0
2019-07-01,,17.92490005493164,,17.92490005493164,,17.92490005493164,,17.92490005493164,,53.0
2019-07-02,,17.127300262451172,,17.127300262451172,,17.127300262451172,,17.127300262451172,,5.0
2019-07-03,,17.273399353027344,,17.273399353027344,,17.273399353027344,,17.273399353027344,,2.0
2019-07-05,,17.515100479125977,,17.515100479125977,,17.34000015258789,,17.34000015258789,,150.0
2019-07-08,,17.479999542236328,,17.479999542236328,,17.479999542236328,,17.479999542236328,,4.0
2019-07-09,,17.64069938659668,,17.64069938659668,,17.553499221801758,,17.553499221801758,,220.0
2019-07-10,,18.31999969482422,,18.31999969482422,,18.31999969482422,,18.31999969482422,,2.0
2019-07-11,,18.34950065612793,,18.34950065612793,,18.34950065612793,,18.34950065612793,,30.0
2019-07-12,,18.300100326538086,,18.300100326538086,,18.300100326538086,,18.300100326538086,,30.0
2019-07-15,,18.0,,18.100000381469727,,18.0,,18.100000381469727,,700.0
2019-07-16,,17.66900062561035,,17.66900062561035,,17.66900062561035,,17.66900062561035,,45.0
2019-07-17,,17.329999923706055,,17.329999923706055,,17.329999923706055,,17.329999923706055,,25.0
2019-07-18,,17.024999618530273,,17.024999618530273,,16.860000610351562,,16.860000610351562,,365.0
2019-07-19,,17.199800491333008,,17.199800491333008,,16.989999771118164,,16.989999771118164,,106.0
2019-07-22,,17.229999542236328,,17.229999542236328,,17.229999542236328,,17.229999542236328,,85.0
2019-07-23,,17.414499282836914,,17.414499282836914,,17.414499282836914,,17.414499282836914,,71.0
2019-07-24,,17.087799072265625,,17.389999389648438,,17.087799072265625,,17.389999389648438,,378.0
2019-07-25,,17.111299514770508,,17.111299514770508,,17.111299514770508,,17.111299514770508,,55.0
2019-07-26,,17.219999313354492,,17.219999313354492,,17.219999313354492,,17.219999313354492,,58.0
2019-07-29,,17.40999984741211,,17.40999984741211,,17.40999984741211,,17.40999984741211,,300.0
2019-07-30,,17.75510025024414,,17.75510025024414,,17.440000534057617,,17.440000534057617,,400.0
2019-07-31,,17.676799774169922,,17.809999465942383,,17.676799774169922,,17.809999465942383,,100.0
2019-08-01,,16.618000030517578,,16.618000030517578,,16.618000030517578,,16.618000030517578,,58.0
2019-08-02,,16.845399856567383,,17.020000457763672,,16.845399856567383,,17.020000457763672,,1205.0
2019-08-05,,16.6299991607666,,16.6299991607666,,16.6299991607666,,16.6299991607666,,1.0
2019-08-06,,16.32659912109375,,16.32659912109375,,16.32659912109375,,16.32659912109375,,44.0
2019-08-07,,15.88759994506836,,15.88759994506836,,15.650099754333496,,15.650099754333496,,320.0
2019-08-08,,15.981900215148926,,15.981900215148926,,15.763999938964844,,15.763999938964844,,100.0
2019-08-09,,16.346900939941406,,16.346900939941406,,16.34000015258789,,16.34000015258789,,100.0
2019-08-12,,16.346900939941406,,16.346900939941406,,16.346900939941406,,16.346900939941406,,0.0
2019-08-13,,17.214599609375,,17.214599609375,,17.214599609375,,17.214599609375,,5.0
2019-08-14,,16.64349937438965,,16.64349937438965,,16.64349937438965,,16.64349937438965,,5.0
2019-08-15,,16.43079948425293,,16.43079948425293,,16.329999923706055,,16.329999923706055,,225.0
2019-08-16,,16.45840072631836,,16.45840072631836,,16.45840072631836,,16.45840072631836,,3.0
2019-08-19,,16.795400619506836,,16.795400619506836,,16.795400619506836,,16.795400619506836,,5.0
2019-08-20,,16.809999465942383,,16.809999465942383,,16.809999465942383,,16.809999465942383,,33.0
2019-08-21,,16.84040069580078,,16.84040069580078,,16.80120086669922,,16.80120086669922,,334.0
2019-08-22,,16.756200790405273,,16.756200790405273,,16.719999313354492,,16.719999313354492,,125.0
2019-08-23,,16.290199279785156,,16.290199279785156,,16.290199279785156,,16.290199279785156,,12.0
2019-08-26,,16.290000915527344,,16.290000915527344,,16.290000915527344,,16.290000915527344,,106.0
2019-08-27,,16.60379981994629,,16.60379981994629,,16.350000381469727,,16.459999084472656,,901.0
2019-08-28,,16.920000076293945,,16.920000076293945,,16.920000076293945,,16.920000076293945,,200.0
2019-08-29,,17.048900604248047,,17.048900604248047,,16.909799575805664,,16.969999313354492,,2450.0
2019-08-30,,16.590999603271484,,16.719999313354492,,16.590999603271484,,16.719999313354492,,1015.0
2019-09-03,,16.329999923706055,,16.329999923706055,,16.160400390625,,16.160400390625,,160.0
2019-09-04,,17.044200897216797,,17.044200897216797,,17.044200897216797,,17.044200897216797,,7.0
2019-09-05,,16.989999771118164,,17.399999618530273,,16.989999771118164,,17.280000686645508,,300.0
2019-09-06,,17.152999877929688,,17.152999877929688,,17.152999877929688,,17.152999877929688,,34.0
2019-09-09,,17.56999969482422,,17.56999969482422,,17.56999969482422,,17.56999969482422,,113.0
2019-09-10,,17.434999465942383,,17.512300491333008,,17.434999465942383,,17.512300491333008,,202.0
2019-09-11,,17.011999130249023,,17.011999130249023,,17.011999130249023,,17.011999130249023,,131.0
2019-09-12,,16.780000686645508,,16.780000686645508,,16.780000686645508,,16.780000686645508,,10.0
2019-09-13,,16.73110008239746,,16.735000610351562,,16.719999313354492,,16.719999313354492,,1006.0
2019-09-16,,18.079999923706055,,18.424100875854492,,17.809999465942383,,17.809999465942383,,2879.0
2019-09-17,,17.50659942626953,,17.850000381469727,,17.489999771118164,,17.56999969482422,,2264.0
2019-09-18,,17.44059944152832,,17.44059944152832,,17.399999618530273,,17.43000030517578,,336.0
2019-09-19,,17.59939956665039,,17.6299991607666,,17.59939956665039,,17.6299991607666,,100.0
2019-09-20,,17.658899307250977,,17.658899307250977,,17.658899307250977,,17.658899307250977,,4.0
2019-09-23,,17.674999237060547,,17.674999237060547,,17.579999923706055,,17.579999923706055,,250.0
2019-09-24,,17.208499908447266,,17.30030059814453,,17.208499908447266,,17.30030059814453,,352.0
2019-09-25,,17.126300811767578,,17.126300811767578,,16.8799991607666,,16.8799991607666,,263.0
2019-09-26,,17.114599227905273,,17.114599227905273,,16.899999618530273,,16.899999618530273,,126.0
2019-09-27,,16.95989990234375,,17.030000686645508,,16.95989990234375,,17.030000686645508,,100.0
2019-09-30,,16.514999389648438,,16.68000030517578,,16.489999771118164,,16.68000030517578,,500.0
2019-10-01,,16.375,,16.4601993560791,,16.375,,16.4601993560791,,168.0
2019-10-02,,16.06719970703125,,16.06719970703125,,15.979999542236328,,15.979999542236328,,141.0
2019-10-03,,16.024499893188477,,16.059999465942383,,15.84000015258789,,15.84000015258789,,202.0
2019-10-04,,16.239900588989258,,16.239900588989258,,16.239900588989258,,16.239900588989258,,1.0
2019-10-07,,16.29319953918457,,16.29319953918457,,16.29319953918457,,16.29319953918457,,1.0
2019-10-08,,16.09000015258789,,16.200000762939453,,16.09000015258789,,16.200000762939453,,1394.0
2019-10-09,,16.247600555419922,,16.337799072265625,,16.247600555419922,,16.337799072265625,,292.0
2019-10-10,,16.559099197387695,,16.56920051574707,,16.399999618530273,,16.399999618530273,,498.0
2019-10-11,,16.93199920654297,,16.93199920654297,,16.93199920654297,,16.93199920654297,,59.0
2019-10-14,,16.623899459838867,,16.623899459838867,,16.479999542236328,,16.510000228881836,,237.0
2019-10-15,,16.45669937133789,,16.45669937133789,,16.45669937133789,,16.45669937133789,,5.0
2019-10-16,,16.55500030517578,,16.55500030517578,,16.55500030517578,,16.55500030517578,,5.0
2019-10-17,,16.734600067138672,,16.749399185180664,,16.734600067138672,,16.749399185180664,,331.0
2019-10-18,,16.6072998046875,,16.6072998046875,,16.6072998046875,,16.6072998046875,,5.0
2019-10-21,,16.6200008392334,,16.6200008392334,,16.6200008392334,,16.6200008392334,,3.0
2019-10-22,,16.799999237060547,,16.799999237060547,,16.799999237060547,,16.799999237060547,,102.0
2019-10-23,,17.280000686645508,,17.280000686645508,,17.280000686645508,,17.280000686645508,,5.0
2019-10-24,,17.40530014038086,,17.40530014038086,,17.40530014038086,,17.40530014038086,,41.0
2019-10-25,,17.565099716186523,,17.565099716186523,,17.565099716186523,,17.565099716186523,,66.0
2019-10-28,,17.334699630737305,,17.334699630737305,,17.334699630737305,,17.334699630737305,,1.0
2019-10-29,,17.265100479125977,,17.265100479125977,,17.265100479125977,,17.265100479125977,,61.0
2019-10-30,,17.0,,17.270000457763672,,17.0,,17.270000457763672,,101.0
2019-10-31,,16.770000457763672,,16.770000457763672,,16.770000457763672,,16.770000457763672,,30.0
2019-11-01,,17.39189910888672,,17.39189910888672,,17.39189910888672,,17.39189910888672,,50.0
2019-11-04,,17.518699645996094,,17.65999984741211,,17.518699645996094,,17.65999984741211,,619.0
2019-11-05,,17.695899963378906,,17.695899963378906,,17.695899963378906,,17.695899963378906,,47.0
2019-11-06,,17.44339942932129,,17.44339942932129,,17.44339942932129,,17.44339942932129,,75.0
2019-11-07,,17.56369972229004,,17.600099563598633,,17.56369972229004,,17.600099563598633,,105.0
2019-11-08,,17.7450008392334,,17.7450008392334,,17.7450008392334,,17.7450008392334,,2.0
2019-11-11,,17.635000228881836,,17.670000076293945,,17.635000228881836,,17.670000076293945,,102.0
2019-11-12,,17.63010025024414,,17.655000686645508,,17.63010025024414,,17.655000686645508,,350.0
2019-11-13,,17.75790023803711,,17.75790023803711,,17.75790023803711,,17.75790023803711,,79.0
2019-11-14,,17.64940071105957,,17.850000381469727,,17.64940071105957,,17.850000381469727,,190.0
2019-11-15,,17.91010093688965,,17.91010093688965,,17.899999618530273,,17.899999618530273,,130.0
2019-11-18,,17.617599487304688,,17.628000259399414,,17.617599487304688,,17.628000259399414,,390.0
2019-11-19,,17.162599563598633,,17.34000015258789,,17.162599563598633,,17.34000015258789,,201.0
2019-11-20,,17.657100677490234,,17.657100677490234,,17.440000534057617,,17.440000534057617,,100.0
2019-11-21,,18.05419921875,,18.05419921875,,17.969999313354492,,17.969999313354492,,192.0
2019-11-22,,17.94499969482422,,17.94499969482422,,17.94499969482422,,17.94499969482422,,5.0
2019-11-25,,17.979999542236328,,17.979999542236328,,17.979999542236328,,17.979999542236328,,3.0
2019-11-26,,18.100099563598633,,18.100099563598633,,18.100099563598633,,18.100099563598633,,35.0
2019-11-27,,18.020999908447266,,18.020999908447266,,17.979999542236328,,17.979999542236328,,1200.0
2019-11-29,,17.255300521850586,,17.56999969482422,,17.255300521850586,,17.56999969482422,,200.0
2019-12-02,,17.381999969482422,,17.381999969482422,,17.381999969482422,,17.381999969482422,,5.0
2019-12-03,,17.46500015258789,,17.46500015258789,,17.43000030517578,,17.43000030517578,,491.0
2019-12-04,,18.095600128173828,,18.149999618530273,,17.969999313354492,,17.969999313354492,,5156.0
2019-12-05,,18.105100631713867,,18.105100631713867,,18.06999969482422,,18.06999969482422,,102.0
2019-12-06,,18.289899826049805,,18.450000762939453,,18.100000381469727,,18.100000381469727,,2847.0
2019-12-09,,18.280099868774414,,18.280099868774414,,18.24209976196289,,18.24209976196289,,167.0
2019-12-10,,18.390399932861328,,18.390399932861328,,18.360000610351562,,18.360000610351562,,100.0
2019-12-11,,18.2450008392334,,18.2450008392334,,18.219999313354492,,18.219999313354492,,188.0
2019-12-12,,18.398000717163086,,18.398000717163086,,18.32200050354004,,18.32200050354004,,165.0
2019-12-13,,18.523000717163086,,18.523000717163086,,18.523000717163086,,18.523000717163086,,9.0
2019-12-16,,18.679500579833984,,18.679500579833984,,18.679500579833984,,18.679500579833984,,41.0
2019-12-17,,18.871000289916992,,18.871000289916992,,18.871000289916992,,18.871000289916992,,25.0
2019-12-18,,18.905399322509766,,18.905399322509766,,18.75,,18.75,,151.0
2019-12-19,,18.9689998626709,,18.98200035095215,,18.9689998626709,,18.98200035095215,,1697.0
2019-12-20,,18.809999465942383,,18.815000534057617,,18.809999465942383,,18.815000534057617,,292.0
2019-12-23,,18.930099487304688,,18.930099487304688,,18.930099487304688,,18.930099487304688,,76.0
2019-12-24,,19.024499893188477,,19.024499893188477,,18.95989990234375,,18.95989990234375,,232.0
2019-12-26,,19.177400588989258,,19.214799880981445,,19.177400588989258,,19.214799880981445,,269.0
2019-12-27,,19.215099334716797,,19.215099334716797,,19.215099334716797,,19.215099334716797,,67.0
2019-12-30,,19.18000030517578,,19.18000030517578,,19.18000030517578,,19.18000030517578,,1.0
2019-12-31,,19.015100479125977,,19.015100479125977,,18.954999923706055,,18.954999923706055,,1058.0
2020-01-02,,19.05500030517578,,19.05500030517578,,18.969999313354492,,19.0,,469.0
2020-01-03,,19.619800567626953,,19.619800567626953,,19.619800567626953,,19.619800567626953,,6.0
2020-01-06,,19.550800323486328,,19.75,,19.550800323486328,,19.75,,355.0
2020-01-07,,19.530000686645508,,19.530000686645508,,19.530000686645508,,19.530000686645508,,17.0
2020-01-08,,18.830799102783203,,18.830799102783203,,18.68000030517578,,18.68000030517578,,947.0
2020-01-09,,18.651899337768555,,18.651899337768555,,18.651899337768555,,18.651899337768555,,132.0
2020-01-10,,18.5447998046875,,18.5447998046875,,18.51580047607422,,18.51580047607422,,305.0
2020-01-13,,18.254899978637695,,18.254899978637695,,18.254899978637695,,18.254899978637695,,48.0
2020-01-14,,18.381399154663086,,18.381399154663086,,18.381399154663086,,18.381399154663086,,41.0
2020-01-15,,18.235599517822266,,18.235599517822266,,18.235599517822266,,18.235599517822266,,30.0
2020-01-16,,18.36199951171875,,18.36199951171875,,18.299999237060547,,18.299999237060547,,513.0
2020-01-17,,18.430099487304688,,18.430099487304688,,18.36199951171875,,18.3799991607666,,828.0
2020-01-21,,18.334999084472656,,18.399999618530273,,18.334999084472656,,18.368200302124023,,1281.0
2020-01-22,,17.888200759887695,,17.888200759887695,,17.888200759887695,,17.888200759887695,,28.0
2020-01-23,,17.55500030517578,,17.55500030517578,,17.4950008392334,,17.4950008392334,,127.0
2020-01-24,,17.170000076293945,,17.170000076293945,,17.170000076293945,,17.170000076293945,,81.0
2020-01-27,,16.745100021362305,,16.745100021362305,,16.745100021362305,,16.745100021362305,,69.0
2020-01-28,,16.950000762939453,,16.954700469970703,,16.927799224853516,,16.954700469970703,,430.0
2020-01-29,,16.864500045776367,,16.920000076293945,,16.864500045776367,,16.920000076293945,,591.0
2020-01-30,,16.764299392700195,,16.764299392700195,,16.6299991607666,,16.6299991607666,,100.0
2020-01-31,,16.466100692749023,,16.479999542236328,,16.466100692749023,,16.479999542236328,,100.0
2020-02-03,,16.027099609375,,16.4060001373291,,16.027099609375,,16.399999618530273,,885.0
2020-02-04,,15.94729995727539,,15.989999771118164,,15.94729995727539,,15.989999771118164,,1065.0
2020-02-05,,16.364700317382812,,16.530000686645508,,16.290000915527344,,16.530000686645508,,306.0
2020-02-06,,16.40329933166504,,16.40329933166504,,16.299999237060547,,16.299999237060547,,111.0
2020-02-07,,16.211700439453125,,16.211700439453125,,16.211700439453125,,16.211700439453125,,300021.0
2020-02-10,,15.949999809265137,,15.992400169372559,,15.949999809265137,,15.992400169372559,,315.0
2020-02-11,,16.110000610351562,,16.1200008392334,,16.110000610351562,,16.1200008392334,,484.0
2020-02-12,,16.559200286865234,,16.559200286865234,,16.450000762939453,,16.530000686645508,,24947.0
2020-02-13,,16.591699600219727,,16.600000381469727,,16.524999618530273,,16.59000015258789,,529.0
2020-02-14,,16.719999313354492,,16.729999542236328,,16.610000610351562,,16.729999542236328,,2265.0
2020-02-18,,16.74410057067871,,18.34000015258789,,16.5,,18.34000015258789,,2700.0
2020-02-19,,17.032400131225586,,17.094999313354492,,16.860000610351562,,16.860000610351562,,586.0
2020-02-20,,17.100000381469727,,17.100000381469727,,17.100000381469727,,17.100000381469727,,9.0
2020-02-21,,16.921199798583984,,16.921199798583984,,16.815000534057617,,16.81999969482422,,799.0
2020-02-24,,16.320499420166016,,16.320499420166016,,16.320499420166016,,16.320499420166016,,2800.0
2020-02-25,,15.8193998336792,,16.290000915527344,,15.8193998336792,,16.290000915527344,,1918.0
2020-02-26,,15.505399703979492,,15.505399703979492,,15.505399703979492,,15.505399703979492,,8.0
2020-02-27,,14.965100288391113,,14.965100288391113,,14.965100288391113,,14.965100288391113,,2.0
2020-02-28,,14.420000076293945,,14.420000076293945,,14.399999618530273,,14.399999618530273,,810.0
2020-03-02,,15.079999923706055,,15.079999923706055,,14.670000076293945,,14.670000076293945,,2515.0
2020-03-03,,15.039999961853027,,15.204999923706055,,14.861700057983398,,15.149999618530273,,3220.0
2020-03-04,,15.04800033569336,,15.34000015258789,,15.04800033569336,,15.34000015258789,,1200.0
2020-03-05,,14.664999961853027,,14.930000305175781,,14.664999961853027,,14.930000305175781,,301064.0
2020-03-06,,13.403200149536133,,14.119999885559082,,13.279999732971191,,14.119999885559082,,1470.0
2020-03-09,,10.32450008392334,,11.949999809265137,,10.1899995803833,,10.829999923706055,,18701.0
2020-03-10,,11.3100004196167,,12.0,,10.890000343322754,,11.119999885559082,,24729.0
2020-03-11,,10.939599990844727,,11.170000076293945,,10.939599990844727,,11.140000343322754,,7137.0
2020-03-12,,10.430800437927246,,10.59749984741211,,9.880000114440918,,10.399999618530273,,3649.0
2020-03-13,,10.921299934387207,,10.921299934387207,,10.649999618530273,,10.90999984741211,,513.0
2020-03-16,,9.74470043182373,,10.979999542236328,,9.710000038146973,,10.979999542236328,,4385.0
2020-03-17,,9.350000381469727,,9.70300006866455,,9.350000381469727,,9.699999809265137,,2714.0
2020-03-18,,8.359999656677246,,8.8100004196167,,8.0,,8.8100004196167,,6821.0
2020-03-19,,9.262700080871582,,9.40999984741211,,8.444700241088867,,8.444700241088867,,1618.0
2020-03-20,,8.920000076293945,,9.75,,8.729999542236328,,9.520000457763672,,8456.0
2020-03-23,,8.15999984741211,,8.920000076293945,,8.15999984741211,,8.920000076293945,,4746.0
2020-03-24,,9.123600006103516,,9.123600006103516,,8.960000038146973,,8.970000267028809,,1906.0
2020-03-25,,9.58590030670166,,9.609999656677246,,9.350000381469727,,9.350000381469727,,1266.0
2020-03-26,,9.405599594116211,,9.739999771118164,,9.210000038146973,,9.579999923706055,,12187.0
2020-03-27,,9.399999618530273,,9.729999542236328,,9.399999618530273,,9.449999809265137,,2697.0
2020-03-30,,9.409700393676758,,9.75,,9.399999618530273,,9.693400382995605,,1101.0
2020-03-31,,9.350000381469727,,9.699999809265137,,9.350000381469727,,9.699999809265137,,1151.0
2020-04-01,,9.0,,9.6899995803833,,9.0,,9.369799613952637,,1729.0
2020-04-02,,9.800200462341309,,10.84000015258789,,9.319999694824219,,9.75,,7004.0
2020-04-03,,10.225700378417969,,11.359999656677246,,10.020000457763672,,10.109999656677246,,3329.0
2020-04-06,,10.377400398254395,,10.510000228881836,,10.1899995803833,,10.510000228881836,,5270.0
2020-04-07,,10.51140022277832,,11.649999618530273,,10.399999618530273,,10.640000343322754,,64662.0
2020-04-08,,10.410499572753906,,11.5600004196167,,10.410499572753906,,10.470000267028809,,2829.0
2020-04-09,,10.399499893188477,,10.979999542236328,,10.020000457763672,,10.979999542236328,,77580.0
2020-04-13,,10.799400329589844,,11.029999732971191,,10.645999908447266,,11.029999732971191,,4663.0
2020-04-14,,10.693099975585938,,10.800000190734863,,10.607500076293945,,10.800000190734863,,5299.0
2020-04-15,,10.077199935913086,,10.319999694824219,,10.005000114440918,,10.3100004196167,,2123.0
2020-04-16,,9.951800346374512,,10.0,,9.663599967956543,,10.0,,7255.0
2020-04-17,,9.908300399780273,,9.989999771118164,,9.908300399780273,,9.989999771118164,,1355.0
2020-04-20,,9.521100044250488,,9.649999618530273,,9.199999809265137,,9.510000228881836,,396529.0
2020-04-21,,7.667799949645996,,10.199999809265137,,7.170000076293945,,9.460000038146973,,47130.0
2020-04-22,,8.050000190734863,,8.29990005493164,,7.980000019073486,,8.289999961853027,,34101.0
2020-04-23,,8.187299728393555,,8.579999923706055,,8.0,,8.579999923706055,,11449.0
2020-04-24,,8.109999656677246,,8.239999771118164,,8.059800148010254,,8.239999771118164,,7773.0
2020-04-27,,7.460000038146973,,8.34000015258789,,7.328100204467773,,8.34000015258789,,19037.0
2020-04-28,,7.470200061798096,,7.739999771118164,,7.35890007019043,,7.519999980926514,,6340.0
2020-04-29,,7.829800128936768,,8.59000015258789,,7.541399955749512,,8.0,,21943.0
2020-04-30,,8.359800338745117,,8.680000305175781,,7.75,,8.170000076293945,,24132.0
2020-05-01,,8.119999885559082,,8.479999542236328,,7.849999904632568,,8.479999542236328,,19240.0
2020-05-04,,8.369999885559082,,8.489999771118164,,8.140000343322754,,8.489999771118164,,5113.0
2020-05-05,,9.149999618530273,,9.154999732971191,,8.600099563598633,,8.680000305175781,,9180.0
2020-05-06,,8.875,,9.159799575805664,,8.600000381469727,,9.149999618530273,,6467.0
2020-05-07,,8.586999893188477,,9.470000267028809,,8.586999893188477,,9.15999984741211,,7456.0
2020-05-08,,9.194999694824219,,9.36989974975586,,8.705400466918945,,8.914999961853027,,4242.0
2020-05-11,,8.904999732971191,,9.3100004196167,,8.810099601745605,,9.09000015258789,,6917.0
2020-05-12,,8.793499946594238,,9.0,,8.793499946594238,,9.0,,687.0
2020-05-13,,8.604399681091309,,9.010000228881836,,8.604399681091309,,9.010000228881836,,879.0
2020-05-14,,9.024999618530273,,9.060099601745605,,8.739999771118164,,8.990400314331055,,4065.0
2020-05-15,,9.239999771118164,,9.25,,9.079999923706055,,9.199999809265137,,12599.0
2020-05-18,,10.140000343322754,,10.680000305175781,,10.03219985961914,,10.079999923706055,,33383.0
2020-05-19,,10.050000190734863,,10.199999809265137,,10.029999732971191,,10.140000343322754,,18001.0
2020-05-20,,10.520000457763672,,10.579899787902832,,10.357000350952148,,10.460000038146973,,55531.0
2020-05-21,,10.699299812316895,,10.960000038146973,,10.550000190734863,,10.960000038146973,,25449.0
2020-05-22,,10.484999656677246,,10.5600004196167,,10.213800430297852,,10.5600004196167,,26267.0
2020-05-26,,10.729900360107422,,10.792400360107422,,10.604999542236328,,10.720000267028809,,17265.0
2020-05-27,,10.371100425720215,,10.619999885559082,,10.279999732971191,,10.619999885559082,,7787.0
2020-05-28,,10.449999809265137,,10.579999923706055,,10.237899780273438,,10.237899780273438,,18268.0
2020-05-29,,10.952500343322754,,10.979999542236328,,10.449999809265137,,10.449999809265137,,2591.0
2020-06-01,,10.0600004196167,,11.09000015258789,,10.0600004196167,,10.869999885559082,,56206.0
2020-06-02,,11.420000076293945,,11.520000457763672,,11.109999656677246,,11.119999885559082,,131694.0
2020-06-03,,11.33080005645752,,11.5,,11.114999771118164,,11.5,,53442.0
2020-06-04,,11.489999771118164,,11.600000381469727,,11.145000457763672,,11.579999923706055,,40490.0
2020-06-05,,12.191499710083008,,12.329899787902832,,11.989999771118164,,11.989999771118164,,6260.0
2020-06-08,,11.847000122070312,,12.010000228881836,,11.779999732971191,,12.010000228881836,,4980.0
2020-06-09,,12.006199836730957,,12.006199836730957,,11.649999618530273,,11.670000076293945,,6830.0
2020-06-10,,12.020000457763672,,12.020000457763672,,11.75,,11.75,,2276.0
2020-06-11,,11.130000114440918,,11.510000228881836,,11.010000228881836,,11.510000228881836,,19904.0
2020-06-12,,11.32960033416748,,11.359999656677246,,11.09000015258789,,11.130000114440918,,7948.0
2020-06-15,,11.564299583435059,,11.574999809265137,,11.342100143432617,,11.380000114440918,,3898.0
2020-06-16,,11.789999961853027,,12.09000015258789,,11.605299949645996,,11.899999618530273,,12559.0
2020-06-17,,11.699999809265137,,11.8149995803833,,11.699999809265137,,11.8100004196167,,1021.0
2020-06-18,,11.954700469970703,,11.954700469970703,,11.609999656677246,,11.609999656677246,,2251.0
2020-06-19,,12.15470027923584,,12.391300201416016,,12.029999732971191,,12.379799842834473,,2797.0
2020-06-22,,12.399999618530273,,12.420000076293945,,12.190999984741211,,12.199999809265137,,4223.0
2020-06-23,,12.357000350952148,,12.520000457763672,,12.357000350952148,,12.520000457763672,,1251.0
2020-06-24,,11.619999885559082,,12.300000190734863,,11.619999885559082,,12.300000190734863,,2918.0
2020-06-25,,12.014300346374512,,12.014300346374512,,11.600000381469727,,11.600000381469727,,1358.0
2020-06-26,,11.748100280761719,,11.989999771118164,,11.748100280761719,,11.989999771118164,,3551.0
2020-06-29,,12.124899864196777,,12.124899864196777,,11.920000076293945,,11.920000076293945,,410.0
2020-06-30,,12.087300300598145,,12.180000305175781,,12.0,,12.0,,1423.0
2020-07-01,,12.16469955444336,,12.199999809265137,,12.151700019836426,,12.165200233459473,,860.0
2020-07-02,,12.313400268554688,,12.350000381469727,,12.270000457763672,,12.350000381469727,,5455.0
2020-07-06,,12.454999923706055,,12.520000457763672,,12.350000381469727,,12.354999542236328,,3186.0
2020-07-07,,12.375,,12.54800033569336,,12.375,,12.470000267028809,,1060.0
2020-07-08,,12.5649995803833,,12.5649995803833,,12.475000381469727,,12.475000381469727,,669.0
2020-07-09,,12.135000228881836,,12.569999694824219,,12.135000228881836,,12.569999694824219,,526.0
2020-07-10,,12.395000457763672,,12.395000457763672,,12.145000457763672,,12.149999618530273,,3256.0
2020-07-13,,12.20419979095459,,12.369999885559082,,12.15999984741211,,12.369999885559082,,534.0
2020-07-14,,12.329999923706055,,12.329999923706055,,12.210000038146973,,12.210000038146973,,382.0
2020-07-15,,12.600000381469727,,12.619999885559082,,12.40999984741211,,12.40999984741211,,3106.0
2020-07-16,,12.4399995803833,,12.5649995803833,,12.4399995803833,,12.524499893188477,,2403.0
2020-07-17,,12.454999923706055,,12.46500015258789,,12.420000076293945,,12.420000076293945,,521.0
2020-07-20,,12.461899757385254,,12.479999542236328,,12.35990047454834,,12.359999656677246,,2883.0
2020-07-21,,12.784799575805664,,12.800000190734863,,12.75,,12.800000190734863,,953.0
2020-07-22,,12.789999961853027,,12.789999961853027,,12.789999961853027,,12.789999961853027,,192.0
2020-07-23,,12.6181001663208,,12.779999732971191,,12.529999732971191,,12.760000228881836,,5570.0
2020-07-24,,12.630000114440918,,12.630000114440918,,12.630000114440918,,12.630000114440918,,63.0
2020-07-27,,12.765000343322754,,12.765000343322754,,12.449999809265137,,12.449999809265137,,938.0
2020-07-28,,12.580400466918945,,12.580400466918945,,12.560099601745605,,12.560099601745605,,252.0
2020-07-29,,12.580400466918945,,12.580400466918945,,12.580400466918945,,12.580400466918945,,0.0
2020-07-30,,12.580400466918945,,12.580400466918945,,12.580400466918945,,12.580400466918945,,0.0
2020-07-31,,12.580400466918945,,12.580400466918945,,12.580400466918945,,12.580400466918945,,0.0
2020-08-03,,12.580400466918945,,12.580400466918945,,12.580400466918945,,12.580400466918945,,0.0
2020-08-04,,12.580400466918945,,12.580400466918945,,12.580400466918945,,12.580400466918945,,0.0
2020-08-05,,12.580400466918945,,12.580400466918945,,12.580400466918945,,12.580400466918945,,0.0
2020-08-06,,12.580400466918945,,12.580400466918945,,12.580400466918945,,12.580400466918945,,0.0
2020-08-07,,12.580400466918945,,12.580400466918945,,12.580400466918945,,12.580400466918945,,0.0
2020-08-10,,12.580400466918945,,12.580400466918945,,12.580400466918945,,12.580400466918945,,0.0
2020-08-11,,12.580400466918945,,12.580400466918945,,12.580400466918945,,12.580400466918945,,0.0
2020-08-12,,12.580400466918945,,12.580400466918945,,12.580400466918945,,12.580400466918945,,0.0
2020-08-13,,12.580400466918945,,12.580400466918945,,12.580400466918945,,12.580400466918945,,0.0
2020-08-14,,12.580400466918945,,12.580400466918945,,12.580400466918945,,12.580400466918945,,0.0
2020-08-17,,12.580400466918945,,12.580400466918945,,12.580400466918945,,12.580400466918945,,0.0
2020-08-18,,12.580400466918945,,12.580400466918945,,12.580400466918945,,12.580400466918945,,0.0
2020-08-19,,12.580400466918945,,12.580400466918945,,12.580400466918945,,12.580400466918945,,0.0
2020-08-20,,12.580400466918945,,12.580400466918945,,12.580400466918945,,12.580400466918945,,0.0
2020-08-21,,12.580400466918945,,12.580400466918945,,12.580400466918945,,12.580400466918945,,0.0
2020-08-24,,12.580400466918945,,12.580400466918945,,12.580400466918945,,12.580400466918945,,0.0
2020-08-25,,12.580400466918945,,12.580400466918945,,12.580400466918945,,12.580400466918945,,0.0
2020-08-26,,12.580400466918945,,12.580400466918945,,12.580400466918945,,12.580400466918945,,0.0
2020-08-27,,12.580400466918945,,12.580400466918945,,12.580400466918945,,12.580400466918945,,0.0
2020-08-28,,12.580400466918945,,12.580400466918945,,12.580400466918945,,12.580400466918945,,0.0
2020-08-31,,12.580400466918945,,12.580400466918945,,12.580400466918945,,12.580400466918945,,0.0
2020-09-01,,12.580400466918945,,12.580400466918945,,12.580400466918945,,12.580400466918945,,0.0
2020-09-02,,12.580400466918945,,12.580400466918945,,12.580400466918945,,12.580400466918945,,0.0
2020-09-03,,12.580400466918945,,12.580400466918945,,12.580400466918945,,12.580400466918945,,0.0
2020-09-04,,12.580400466918945,,12.580400466918945,,12.580400466918945,,12.580400466918945,,0.0
2020-09-08,,12.580400466918945,,12.580400466918945,,12.580400466918945,,12.580400466918945,,0.0
2020-09-09,,12.580400466918945,,12.580400466918945,,12.580400466918945,,12.580400466918945,,0.0
2020-09-10,,12.580400466918945,,12.580400466918945,,12.580400466918945,,12.580400466918945,,0.0
2020-09-11,,12.580400466918945,,12.580400466918945,,12.580400466918945,,12.580400466918945,,0.0
2020-09-14,,12.580400466918945,,12.580400466918945,,12.580400466918945,,12.580400466918945,,0.0
2020-09-15,,12.580400466918945,,12.580400466918945,,12.580400466918945,,12.580400466918945,,0.0
2020-09-16,,12.580400466918945,,12.580400466918945,,12.580400466918945,,12.580400466918945,,0.0
2020-09-17,,12.580400466918945,,12.580400466918945,,12.580400466918945,,12.580400466918945,,0.0
2020-09-18,,12.580400466918945,,12.580400466918945,,12.580400466918945,,12.580400466918945,,0.0
2020-09-21,,12.580400466918945,,12.580400466918945,,12.580400466918945,,12.580400466918945,,0.0
2020-09-22,,12.580400466918945,,12.580400466918945,,12.580400466918945,,12.580400466918945,,0.0
2020-09-23,,12.580400466918945,,12.580400466918945,,12.580400466918945,,12.580400466918945,,0.0
2020-09-24,,12.580400466918945,,12.580400466918945,,12.580400466918945,,12.580400466918945,,0.0
2020-09-25,,12.580400466918945,,12.580400466918945,,12.580400466918945,,12.580400466918945,,0.0
2020-09-28,,12.580400466918945,,12.580400466918945,,12.580400466918945,,12.580400466918945,,0.0
2020-09-29,,12.580400466918945,,12.580400466918945,,12.580400466918945,,12.580400466918945,,0.0
2020-09-30,,12.580400466918945,,12.580400466918945,,12.580400466918945,,12.580400466918945,,0.0
2020-10-01,,12.580400466918945,,12.580400466918945,,12.580400466918945,,12.580400466918945,,0.0
2020-10-02,,12.580400466918945,,12.580400466918945,,12.580400466918945,,12.580400466918945,,0.0
2020-10-05,,12.580400466918945,,12.580400466918945,,12.580400466918945,,12.580400466918945,,0.0
2020-10-06,,12.580400466918945,,12.580400466918945,,12.580400466918945,,12.580400466918945,,0.0
2020-10-07,,12.580400466918945,,12.580400466918945,,12.580400466918945,,12.580400466918945,,0.0
2020-10-08,,12.580400466918945,,12.580400466918945,,12.580400466918945,,12.580400466918945,,0.0
2020-10-09,,12.580400466918945,,12.580400466918945,,12.580400466918945,,12.580400466918945,,0.0
2020-10-12,,12.580400466918945,,12.580400466918945,,12.580400466918945,,12.580400466918945,,0.0
2020-10-13,,12.580400466918945,,12.580400466918945,,12.580400466918945,,12.580400466918945,,0.0
2020-10-14,,12.580400466918945,,12.580400466918945,,12.580400466918945,,12.580400466918945,,0.0
2020-10-15,,12.580400466918945,,12.580400466918945,,12.580400466918945,,12.580400466918945,,0.0
2020-10-16,,12.580400466918945,,12.580400466918945,,12.580400466918945,,12.580400466918945,,0.0
2020-10-19,,12.580400466918945,,12.580400466918945,,12.580400466918945,,12.580400466918945,,0.0
2020-10-20,,12.580400466918945,,12.580400466918945,,12.580400466918945,,12.580400466918945,,0.0
2020-10-21,,12.580400466918945,,12.580400466918945,,12.580400466918945,,12.580400466918945,,0.0
2020-10-22,,12.580400466918945,,12.580400466918945,,12.580400466918945,,12.580400466918945,,0.0
2020-10-23,,12.580400466918945,,12.580400466918945,,12.580400466918945,,12.580400466918945,,0.0
2020-10-26,,12.580400466918945,,12.580400466918945,,12.580400466918945,,12.580400466918945,,0.0
2020-10-27,,12.580400466918945,,12.580400466918945,,12.580400466918945,,12.580400466918945,,0.0
2020-10-28,,12.580400466918945,,12.580400466918945,,12.580400466918945,,12.580400466918945,,0.0
2020-10-29,,12.580400466918945,,12.580400466918945,,12.580400466918945,,12.580400466918945,,0.0
2020-10-30,,12.580400466918945,,12.580400466918945,,12.580400466918945,,12.580400466918945,,0.0
2020-11-02,,12.580400466918945,,12.580400466918945,,12.580400466918945,,12.580400466918945,,0.0
2020-11-03,,12.580400466918945,,12.580400466918945,,12.580400466918945,,12.580400466918945,,0.0
2020-11-04,,12.580400466918945,,12.580400466918945,,12.580400466918945,,12.580400466918945,,0.0
2020-11-05,,12.580400466918945,,12.580400466918945,,12.580400466918945,,12.580400466918945,,0.0
2020-11-06,,12.580400466918945,,12.580400466918945,,12.580400466918945,,12.580400466918945,,0.0
2020-11-09,,12.580400466918945,,12.580400466918945,,12.580400466918945,,12.580400466918945,,0.0
2020-11-10,,12.580400466918945,,12.580400466918945,,12.580400466918945,,12.580400466918945,,0.0
2020-11-11,,12.580400466918945,,12.580400466918945,,12.580400466918945,,12.580400466918945,,0.0
2020-11-12,,12.580400466918945,,12.580400466918945,,12.580400466918945,,12.580400466918945,,0.0
2020-11-13,,12.580400466918945,,12.580400466918945,,12.580400466918945,,12.580400466918945,,0.0
2020-11-16,,12.580400466918945,,12.580400466918945,,12.580400466918945,,12.580400466918945,,0.0
2020-11-17,,12.580400466918945,,12.580400466918945,,12.580400466918945,,12.580400466918945,,0.0
2020-11-18,,12.580400466918945,,12.580400466918945,,12.580400466918945,,12.580400466918945,,0.0
2020-11-19,,12.580400466918945,,12.580400466918945,,12.580400466918945,,12.580400466918945,,0.0
2020-11-20,,12.580400466918945,,12.580400466918945,,12.580400466918945,,12.580400466918945,,0.0
2020-11-23,,12.580400466918945,,12.580400466918945,,12.580400466918945,,12.580400466918945,,0.0
2020-11-24,,12.580400466918945,,12.580400466918945,,12.580400466918945,,12.580400466918945,,0.0
2020-11-25,,12.580400466918945,,12.580400466918945,,12.580400466918945,,12.580400466918945,,0.0
2020-11-27,,12.580400466918945,,12.580400466918945,,12.580400466918945,,12.580400466918945,,0.0
2020-11-30,,12.580400466918945,,12.580400466918945,,12.580400466918945,,12.580400466918945,,0.0
2020-12-01,,12.580400466918945,,12.580400466918945,,12.580400466918945,,12.580400466918945,,0.0
2020-12-02,,12.580400466918945,,12.580400466918945,,12.580400466918945,,12.580400466918945,,0.0
2020-12-03,,12.580400466918945,,12.580400466918945,,12.580400466918945,,12.580400466918945,,0.0
2020-12-04,,12.580400466918945,,12.580400466918945,,12.580400466918945,,12.580400466918945,,0.0
2020-12-07,,12.580400466918945,,12.580400466918945,,12.580400466918945,,12.580400466918945,,0.0
2020-12-08,,12.580400466918945,,12.580400466918945,,12.580400466918945,,12.580400466918945,,0.0
2020-12-09,,12.580400466918945,,12.580400466918945,,12.580400466918945,,12.580400466918945,,0.0
2020-12-10,,12.580400466918945,,12.580400466918945,,12.580400466918945,,12.580400466918945,,0.0
2020-12-11,,12.580400466918945,,12.580400466918945,,12.580400466918945,,12.580400466918945,,0.0
2020-12-14,,13.78219985961914,,13.800000190734863,,13.46660041809082,,13.65999984741211,,2268.0
2020-12-15,,13.960200309753418,,14.008199691772461,,13.850000381469727,,13.850000381469727,,4996.0
2020-12-16,,14.031499862670898,,14.031499862670898,,13.6899995803833,,13.970000267028809,,1886.0
2020-12-17,,14.220000267028809,,14.220000267028809,,14.130000114440918,,14.130000114440918,,7704.0
2020-12-18,,14.344300270080566,,14.399999618530273,,14.295900344848633,,14.3100004196167,,16420.0
2020-12-21,,13.989999771118164,,14.039899826049805,,13.66100025177002,,13.890000343322754,,30976.0
2020-12-22,,13.753299713134766,,13.869999885559082,,13.710000038146973,,13.760000228881836,,3183.0
2020-12-23,,14.048600196838379,,14.117600440979004,,13.899999618530273,,13.899999618530273,,3760.0
2020-12-24,,14.07960033416748,,14.07960033416748,,13.960000038146973,,13.960000038146973,,3171.0
2020-12-28,,13.97719955444336,,14.220000267028809,,13.930999755859375,,14.220000267028809,,8359.0
2020-12-29,,14.046699523925781,,14.15999984741211,,14.020000457763672,,14.15999984741211,,10225.0
2020-12-30,,14.101900100708008,,14.170000076293945,,14.0,,14.0,,6818.0
2020-12-31,,14.130399703979492,,14.15999984741211,,13.994999885559082,,14.0600004196167,,2855.0
2021-01-04,,13.86929988861084,,14.248600006103516,,13.84000015258789,,14.100000381469727,,10511.0
2021-01-05,,14.520099639892578,,14.59000015258789,,14.34000015258789,,14.34000015258789,,21994.0
2021-01-06,,14.600000381469727,,14.720000267028809,,14.5,,14.550000190734863,,10746.0
2021-01-07,,14.779999732971191,,14.779999732971191,,14.6899995803833,,14.729999542236328,,13131.0
2021-01-08,,15.130599975585938,,15.13659954071045,,14.890000343322754,,14.890000343322754,,7894.0
2021-01-11,,15.053400039672852,,15.130000114440918,,14.869999885559082,,14.949999809265137,,14973.0
2021-01-12,,15.333000183105469,,15.34000015258789,,15.180100440979004,,15.1899995803833,,21427.0
2021-01-13,,15.3100004196167,,15.380000114440918,,15.1899995803833,,15.319999694824219,,12406.0
2021-01-14,,15.489999771118164,,15.5,,15.24269962310791,,15.289999961853027,,7417.0
2021-01-15,,15.07610034942627,,15.300000190734863,,15.0,,15.25,,11481.0
2021-01-19,,15.289999961853027,,15.319999694824219,,15.1850004196167,,15.3100004196167,,28507.0
2021-01-20,,15.3100004196167,,15.489999771118164,,15.288999557495117,,15.489999771118164,,13258.0
2021-01-21,,15.28600025177002,,15.359000205993652,,15.228400230407715,,15.329999923706055,,18081.0
2021-01-22,,15.069999694824219,,15.191399574279785,,14.869999885559082,,14.979999542236328,,21314.0
2021-01-25,,15.227399826049805,,15.229900360107422,,14.961000442504883,,15.039999961853027,,14939.0
2021-01-26,,15.15999984741211,,15.300000190734863,,15.130000114440918,,15.300000190734863,,9490.0
2021-01-27,,15.149900436401367,,15.319999694824219,,15.0,,15.149999618530273,,15160.0
2021-01-28,,15.069999694824219,,15.39900016784668,,15.039999961853027,,15.390000343322754,,11930.0
2021-01-29,,15.039999961853027,,15.269800186157227,,15.025300025939941,,15.260000228881836,,18194.0
2021-02-01,,15.4399995803833,,15.4399995803833,,15.100000381469727,,15.300000190734863,,17925.0
2021-02-02,,15.738100051879883,,15.829999923706055,,15.710000038146973,,15.760000228881836,,19140.0
2021-02-03,,16.018600463867188,,16.118999481201172,,15.909000396728516,,15.90999984741211,,23606.0
2021-02-04,,16.157800674438477,,16.209999084472656,,15.920000076293945,,16.1200008392334,,22413.0
2021-02-05,,16.3346004486084,,16.420000076293945,,16.264999389648438,,16.420000076293945,,19695.0
2021-02-08,,16.65999984741211,,16.670000076293945,,16.489900588989258,,16.489999771118164,,35098.0
2021-02-09,,16.760000228881836,,16.770000457763672,,16.520000457763672,,16.579999923706055,,132416.0
2021-02-10,,16.829999923706055,,16.899999618530273,,16.729999542236328,,16.81999969482422,,113497.0
2021-02-11,,16.670000076293945,,16.858999252319336,,16.610000610351562,,16.850000381469727,,29190.0
2021-02-12,,17.075000762939453,,17.149999618530273,,16.6200008392334,,16.6200008392334,,40206.0
2021-02-16,,17.350000381469727,,17.350000381469727,,17.110000610351562,,17.239999771118164,,73877.0
2021-02-17,,17.530000686645508,,17.530000686645508,,17.18000030517578,,17.270000457763672,,24118.0
2021-02-18,,17.229999542236328,,17.600000381469727,,17.170000076293945,,17.600000381469727,,44479.0
2021-02-19,,16.98819923400879,,17.299999237060547,,16.940000534057617,,17.270000457763672,,27202.0
2021-02-22,,17.6299991607666,,17.708999633789062,,17.309999465942383,,17.309999465942383,,84197.0
2021-02-23,,17.81999969482422,,17.8700008392334,,17.420000076293945,,17.6299991607666,,57641.0
2021-02-24,,18.200000762939453,,18.280000686645508,,17.8799991607666,,18.0,,47720.0
2021-02-25,,18.18000030517578,,18.25,,18.049999237060547,,18.100000381469727,,37921.0
2021-02-26,,17.67259979248047,,18.059999465942383,,17.645000457763672,,18.059999465942383,,26909.0
2021-03-01,,17.360000610351562,,17.809999465942383,,17.270000457763672,,17.809999465942383,,59521.0
2021-03-02,,17.15880012512207,,17.579999923706055,,17.15880012512207,,17.579999923706055,,21215.0
2021-03-03,,17.639999389648438,,17.799999237060547,,17.440000534057617,,17.440000534057617,,42903.0
2021-03-04,,18.469999313354492,,18.6200008392334,,17.774999618530273,,17.950000762939453,,69625.0
2021-03-05,,19.066999435424805,,19.079999923706055,,18.81999969482422,,18.899999618530273,,81869.0
2021-03-08,,18.68000030517578,,18.940000534057617,,18.600799560546875,,18.920000076293945,,78221.0
2021-03-09,,18.479299545288086,,18.81999969482422,,18.479299545288086,,18.81999969482422,,45942.0
2021-03-10,,18.739999771118164,,18.803199768066406,,18.389999389648438,,18.510000228881836,,23141.0
2021-03-11,,19.149999618530273,,19.149999618530273,,18.770099639892578,,18.899999618530273,,20274.0
2021-03-12,,19.040000915527344,,19.139699935913086,,18.940000534057617,,19.059999465942383,,22777.0
2021-03-15,,19.0,,19.0,,18.649999618530273,,18.889999389648438,,19549.0
2021-03-16,,18.81999969482422,,18.90999984741211,,18.627099990844727,,18.75,,27417.0
2021-03-17,,18.760000228881836,,18.889999389648438,,18.613500595092773,,18.729999542236328,,22583.0
2021-03-18,,17.459999084472656,,18.493000030517578,,17.229999542236328,,18.469999313354492,,73873.0
2021-03-19,,18.010000228881836,,18.059999465942383,,17.3700008392334,,17.559999465942383,,44730.0
2021-03-22,,17.950000762939453,,18.149999618530273,,17.950000762939453,,18.1299991607666,,17190.0
2021-03-23,,17.040000915527344,,17.649999618530273,,16.979999542236328,,17.450000762939453,,31686.0
2021-03-24,,17.920000076293945,,18.020000457763672,,17.59000015258789,,17.6200008392334,,22521.0
2021-03-25,,17.260000228881836,,17.559999465942383,,17.0,,17.5,,63422.0
2021-03-26,,17.90999984741211,,18.020000457763672,,17.81100082397461,,17.940000534057617,,50618.0
2021-03-29,,18.09000015258789,,18.099899291992188,,17.680999755859375,,17.850000381469727,,16751.0
2021-03-30,,17.738500595092773,,17.93000030517578,,17.686899185180664,,17.739999771118164,,7326.0
2021-03-31,,17.520000457763672,,17.94499969482422,,17.415000915527344,,17.68000030517578,,32436.0
2021-04-01,20.149999618530273,18.110000610351562,22.110000610351562,18.18000030517578,19.75,17.540000915527344,21.25,17.8700008392334,13577600.0,47181.0
2021-04-05,18.59000015258789,17.43000030517578,21.100000381469727,17.809999465942383,17.5,17.145000457763672,21.100000381469727,17.809999465942383,7173700.0,49299.0
2021-04-06,18.700000762939453,17.670000076293945,19.549999237060547,17.988000869750977,18.149999618530273,17.579999923706055,18.780000686645508,17.80500030517578,2272700.0,35367.0
2021-04-07,17.200000762939453,17.673999786376953,18.969999313354492,17.729999542236328,17.0,17.329999923706055,18.56999969482422,17.600000381469727,2626600.0,9943.0
2021-04-08,16.809999465942383,17.670000076293945,17.856000900268555,17.670000076293945,16.75,17.520000457763672,17.25,17.610000610351562,1531600.0,8854.0
2021-04-09,17.309999465942383,17.58530044555664,17.559999465942383,17.625,16.5,17.530000686645508,16.75,17.530000686645508,999500.0,11551.0
2021-04-12,17.110000610351562,17.729999542236328,17.489999771118164,17.95599937438965,16.950000762939453,17.649999618530273,17.450000762939453,17.850000381469727,984800.0,24743.0
2021-04-13,17.520000457763672,17.950000762939453,17.81999969482422,17.969999313354492,17.1299991607666,17.840499877929688,17.25,17.950000762939453,711700.0,13183.0
2021-04-14,17.989999771118164,18.6200008392334,18.2450008392334,18.749900817871094,17.360000610351562,18.190000534057617,17.459999084472656,18.190000534057617,952000.0,31329.0
2021-04-15,18.270000457763672,18.690000534057617,18.3799991607666,18.749900817871094,17.799999237060547,18.6200008392334,18.239999771118164,18.6200008392334,724700.0,8283.0
2021-04-16,18.030000686645508,18.6299991607666,18.350000381469727,18.674999237060547,17.899999618530273,18.579999923706055,18.25,18.670000076293945,807900.0,5234.0
2021-04-19,17.780000686645508,18.690000534057617,18.639999389648438,18.700000762939453,17.079999923706055,18.6200008392334,18.170000076293945,18.6200008392334,1005400.0,6478.0
2021-04-20,17.219999313354492,18.420000076293945,17.75,18.73200035095215,17.0,18.190000534057617,17.68000030517578,18.690000534057617,1300400.0,12244.0
2021-04-21,17.700000762939453,18.030000686645508,17.719999313354492,18.309999465942383,17.104000091552734,18.030000686645508,17.149999618530273,18.1200008392334,872800.0,14527.0
2021-04-22,17.5,18.15999984741211,17.90999984741211,18.229999542236328,17.329999923706055,18.00779914855957,17.8700008392334,18.200000762939453,767800.0,4518.0
2021-04-23,17.6200008392334,18.358699798583984,17.950000762939453,18.429000854492188,17.420000076293945,18.25,17.420000076293945,18.429000854492188,420200.0,5723.0
2021-04-26,18.0,18.309999465942383,18.469999313354492,18.36440086364746,17.93000030517578,18.09000015258789,18.25,18.1299991607666,963100.0,8548.0
2021-04-27,18.0,18.610000610351562,18.100000381469727,18.6299991607666,17.670000076293945,18.3966007232666,17.850000381469727,18.479999542236328,572000.0,8404.0
2021-04-28,18.729999542236328,18.84000015258789,18.729999542236328,18.979999542236328,18.059999465942383,18.739999771118164,18.139999389648438,18.809999465942383,802100.0,23017.0
2021-04-29,18.829999923706055,19.1200008392334,19.399999618530273,19.239900588989258,18.729999542236328,18.91010093688965,19.139999389648438,19.1299991607666,998400.0,17470.0
2021-04-30,19.020000457763672,18.719999313354492,19.239999771118164,18.799999237060547,18.700000762939453,18.59000015258789,18.700000762939453,18.799999237060547,537900.0,17984.0
2021-05-03,18.280000686645508,19.0,19.389999389648438,19.038999557495117,18.25,18.760000228881836,19.3700008392334,18.760000228881836,308600.0,13159.0
2021-05-04,17.610000610351562,19.420000076293945,18.399999618530273,19.43000030517578,17.25,19.1200008392334,18.260000228881836,19.290000915527344,721400.0,37666.0
2021-05-05,17.09000015258789,19.34000015258789,17.84000015258789,19.6299991607666,17.040000915527344,19.229999542236328,17.719999313354492,19.600000381469727,565500.0,14866.0
2021-05-06,16.5,19.249000549316406,17.100000381469727,19.450000762939453,16.139999389648438,19.1200008392334,17.06999969482422,19.450000762939453,1030200.0,16073.0
2021-05-07,16.90999984741211,19.229999542236328,17.040000915527344,19.32990074157715,16.56999969482422,19.0,16.579999923706055,19.010000228881836,439700.0,18457.0
2021-05-10,16.34000015258789,19.299999237060547,17.014999389648438,19.469999313354492,16.200000762939453,19.010000228881836,16.8700008392334,19.469999313354492,341700.0,47977.0
2021-05-11,15.430000305175781,19.489999771118164,16.079999923706055,19.489999771118164,15.109999656677246,19.08099937438965,16.040000915527344,19.09000015258789,1058700.0,61585.0
2021-05-12,14.449999809265137,19.575000762939453,15.430000305175781,19.819000244140625,14.1899995803833,19.549999237060547,15.430000305175781,19.559999465942383,1128300.0,58066.0
2021-05-13,13.65999984741211,18.984100341796875,16.200000762939453,19.290000915527344,13.510000228881836,18.770000457763672,16.1299991607666,18.989999771118164,3042600.0,57352.0
2021-05-14,14.149999618530273,19.356000900268555,14.75,19.3799991607666,13.857000350952148,19.15999984741211,13.920000076293945,19.15999984741211,940800.0,25731.0
2021-05-17,14.069999694824219,19.641399383544922,14.619999885559082,19.670000076293945,13.850000381469727,19.40999984741211,14.470000267028809,19.510000228881836,818600.0,19468.0
2021-05-18,14.210000038146973,19.475400924682617,14.630000114440918,19.622100830078125,14.130000114440918,19.200000762939453,14.130000114440918,19.579999923706055,604600.0,9916.0
2021-05-19,14.420000076293945,18.790000915527344,14.420000076293945,18.899999618530273,13.649999618530273,18.360000610351562,14.15999984741211,18.899999618530273,599500.0,25078.0
2021-05-20,14.279999732971191,18.431400299072266,14.479999542236328,18.75,14.010000228881836,18.280099868774414,14.319999694824219,18.700000762939453,729400.0,36669.0
2021-05-21,13.869999885559082,18.89150047302246,14.229999542236328,18.958999633789062,13.8100004196167,18.790000915527344,14.229999542236328,18.799999237060547,313500.0,11819.0
2021-05-24,13.970000267028809,19.520000457763672,14.079999923706055,19.559099197387695,13.609999656677246,19.139999389648438,14.029999732971191,19.219999313354492,446100.0,27443.0
2021-05-25,13.479999542236328,19.420000076293945,14.100000381469727,19.540000915527344,13.375,19.420000076293945,13.989999771118164,19.540000915527344,636500.0,5901.0
2021-05-26,13.350000381469727,19.559999465942383,13.645000457763672,19.59000015258789,13.020000457763672,19.290000915527344,13.529999732971191,19.290000915527344,1079000.0,10253.0
2021-05-27,13.140000343322754,19.729999542236328,13.4399995803833,19.770000457763672,13.135000228881836,19.469999313354492,13.350000381469727,19.469999313354492,493200.0,11081.0
2021-05-28,13.4399995803833,19.700000762939453,13.946999549865723,19.799999237060547,13.109999656677246,19.559999465942383,13.220000267028809,19.799999237060547,1455500.0,8772.0
2021-06-01,12.930000305175781,20.110000610351562,13.585000038146973,20.31999969482422,12.789999961853027,19.940000534057617,13.539999961853027,20.209999084472656,1107700.0,18970.0
2021-06-02,13.479999542236328,20.299999237060547,13.510000228881836,20.3700008392334,12.949999809265137,20.13800048828125,13.0,20.239999771118164,2228300.0,38691.0
2021-06-03,13.819999694824219,20.31999969482422,13.9399995803833,20.439899444580078,13.300000190734863,20.174999237060547,13.5600004196167,20.3799991607666,1293800.0,17809.0
2021-06-04,13.949999809265137,20.5,13.960000038146973,20.6200008392334,13.649999618530273,20.399999618530273,13.890000343322754,20.6200008392334,441700.0,33306.0
2021-06-07,13.859999656677246,20.450000762939453,13.949999809265137,20.618999481201172,13.5,20.420000076293945,13.859999656677246,20.530000686645508,613000.0,21101.0
2021-06-08,14.640000343322754,20.75,14.710000038146973,20.780000686645508,13.949999809265137,20.270000457763672,14.0,20.450000762939453,892700.0,29627.0
2021-06-09,14.920000076293945,20.579999923706055,15.039999961853027,20.849000930786133,14.649999618530273,20.5310001373291,14.699999809265137,20.84000015258789,579700.0,39838.0
2021-06-10,14.75,20.790000915527344,15.109999656677246,20.8700008392334,14.649999618530273,20.290000915527344,15.050000190734863,20.850000381469727,479600.0,34946.0
2021-06-11,14.539999961853027,20.809999465942383,14.920000076293945,20.889999389648438,14.520000457763672,20.719999313354492,14.760000228881836,20.719999313354492,268600.0,13584.0
2021-06-14,13.829999923706055,20.8799991607666,14.529999732971191,21.040000915527344,13.699999809265137,20.820100784301758,14.430000305175781,20.979999542236328,575500.0,34278.0
2021-06-15,13.5,21.209999084472656,13.859999656677246,21.23900032043457,13.3149995803833,21.040000915527344,13.720000267028809,21.040000915527344,433100.0,62691.0
2021-06-16,13.699999809265137,21.110000610351562,13.960000038146973,21.38800048828125,13.5,21.0,13.550000190734863,21.149999618530273,533300.0,80097.0
2021-06-17,13.949999809265137,20.719999313354492,14.15999984741211,21.170000076293945,13.539999961853027,20.40999984741211,13.699999809265137,21.170000076293945,503500.0,63245.0
2021-06-18,13.989999771118164,20.899999618530273,14.069999694824219,20.989900588989258,13.649999618530273,20.600000381469727,13.800000190734863,20.600000381469727,338800.0,46063.0
2021-06-21,13.59000015258789,21.270000457763672,14.050000190734863,21.299999237060547,13.579999923706055,20.899999618530273,14.0,20.899999618530273,349000.0,50002.0
2021-06-22,13.460000038146973,21.334999084472656,13.59000015258789,21.3700008392334,13.3149995803833,21.229999542236328,13.479999542236328,21.270000457763672,215900.0,38333.0
2021-06-23,13.970000267028809,21.45199966430664,14.039999961853027,21.65999984741211,13.531000137329102,21.399999618530273,13.539999961853027,21.6200008392334,324400.0,259284.0
2021-06-24,14.350000381469727,21.540000915527344,14.579999923706055,21.549999237060547,14.0,21.260099411010742,14.010000228881836,21.450000762939453,441700.0,38662.0
2021-06-25,14.069999694824219,21.690000534057617,14.5,21.719999313354492,13.970000267028809,21.3700008392334,14.4399995803833,21.65999984741211,310900.0,33011.0
2021-06-28,13.640000343322754,21.3700008392334,14.102999687194824,21.700000762939453,13.579999923706055,21.32699966430664,14.020000457763672,21.700000762939453,452400.0,24934.0
2021-06-29,13.5,21.56999969482422,13.911999702453613,21.59000015258789,13.454999923706055,21.40999984741211,13.75,21.489999771118164,450900.0,132992.0
2021-06-30,13.140000343322754,21.540000915527344,13.5600004196167,21.729999542236328,13.029999732971191,21.40999984741211,13.510000228881836,21.600000381469727,488700.0,15637.0
2021-07-01,13.050000190734863,21.809999465942383,13.390000343322754,22.059999465942383,13.010000228881836,21.70009994506836,13.25,21.959999084472656,296000.0,31716.0
2021-07-02,12.899999618530273,21.969999313354492,13.270000457763672,21.989999771118164,12.739999771118164,21.68000030517578,13.270000457763672,21.84000015258789,747300.0,28310.0
2021-07-06,12.4399995803833,21.440000534057617,13.0,21.84000015258789,12.199999809265137,21.247699737548828,12.970000267028809,21.84000015258789,1185700.0,63128.0
2021-07-07,12.25,20.968900680541992,12.550000190734863,21.520099639892578,12.119999885559082,20.75,12.4399995803833,21.489999771118164,727100.0,35427.0
2021-07-08,12.859999656677246,21.280000686645508,12.949999809265137,21.33810043334961,11.760000228881836,20.800100326538086,12.0,20.940000534057617,1282300.0,37722.0
2021-07-09,13.5,21.709999084472656,13.550000190734863,21.780000686645508,12.805000305175781,21.43000030517578,12.850000381469727,21.43000030517578,773000.0,59574.0
2021-07-12,13.649999618530273,21.665000915527344,13.800000190734863,21.68000030517578,13.036999702453613,21.309999465942383,13.539999961853027,21.549999237060547,611200.0,25848.0
2021-07-13,13.369999885559082,22.06999969482422,13.899999618530273,22.099899291992188,13.100000381469727,21.59000015258789,13.579999923706055,21.690000534057617,527900.0,22821.0
2021-07-14,13.029999732971191,21.408199310302734,13.53600025177002,22.030000686645508,12.833999633789062,21.200000762939453,13.40999984741211,22.030000686645508,375800.0,42903.0
2021-07-15,12.890000343322754,21.1299991607666,13.069999694824219,21.440000534057617,12.850000381469727,21.128999710083008,12.970000267028809,21.229999542236328,581400.0,49326.0
2021-07-16,12.729999542236328,21.1299991607666,13.156999588012695,21.32659912109375,12.699999809265137,20.8700008392334,13.029999732971191,21.239999771118164,401600.0,32070.0
2021-07-19,12.739999771118164,19.809999465942383,12.979999542236328,20.549999237060547,12.265000343322754,19.600000381469727,12.5,20.489999771118164,567700.0,127813.0
2021-07-20,13.199999809265137,19.959999084472656,13.25,20.061199188232422,12.770000457763672,19.399999618530273,12.800000190734863,19.649999618530273,455800.0,22206.0
2021-07-21,13.850000381469727,20.809999465942383,13.880000114440918,20.850000381469727,13.10099983215332,20.360000610351562,13.270000457763672,20.360000610351562,546200.0,30150.0
2021-07-22,13.989999771118164,21.25,14.0600004196167,21.264999389648438,13.539999961853027,20.811199188232422,13.880000114440918,21.010000228881836,513800.0,23756.0
2021-07-23,13.899999618530273,21.3700008392334,14.09000015258789,21.3799991607666,13.460000038146973,21.1200008392334,13.899999618530273,21.1200008392334,520700.0,20347.0
2021-07-26,13.369999885559082,21.3700008392334,13.970000267028809,21.40880012512207,13.25,21.079999923706055,13.890000343322754,21.079999923706055,537700.0,25222.0
2021-07-27,12.960000038146973,21.239999771118164,13.25,21.439899444580078,12.859999656677246,21.1299991607666,13.25,21.290000915527344,439400.0,9488.0
2021-07-28,12.960000038146973,21.421300888061523,13.079999923706055,21.5,12.850000381469727,21.309999465942383,13.0600004196167,21.309999465942383,433900.0,23672.0
2021-07-29,13.239999771118164,21.770000457763672,13.489999771118164,21.929899215698242,12.630000114440918,21.540000915527344,12.970000267028809,21.540000915527344,523100.0,14397.0
2021-07-30,13.65999984741211,21.790000915527344,13.75,21.999000549316406,13.039999961853027,21.739999771118164,13.109999656677246,21.760000228881836,492200.0,18430.0
2021-08-02,13.25,21.20009994506836,13.729999542236328,21.81999969482422,13.199999809265137,21.020000457763672,13.640000343322754,21.739999771118164,523300.0,55612.0
2021-08-03,12.75,21.020000457763672,13.199999809265137,21.170000076293945,12.600000381469727,20.670000076293945,13.119999885559082,20.68000030517578,655000.0,144988.0
2021-08-04,13.449999809265137,20.350000381469727,13.760000228881836,20.799999237060547,12.670000076293945,20.350000381469727,12.800000190734863,20.510000228881836,961400.0,36319.0
2021-08-05,13.920000076293945,20.739999771118164,13.9399995803833,20.81999969482422,13.510000228881836,20.3700008392334,13.5600004196167,20.3700008392334,638600.0,13090.0
2021-08-06,14.5,20.6200008392334,14.539999961853027,21.010000228881836,13.75,20.479999542236328,13.880000114440918,21.010000228881836,819400.0,11388.0
2021-08-09,15.279999732971191,20.100000381469727,16.5,20.18000030517578,14.520000457763672,19.86009979248047,14.600000381469727,20.030000686645508,2507700.0,59130.0
2021-08-10,15.920000076293945,20.65999984741211,16.6299991607666,20.725000381469727,15.5,20.31100082397461,16.6299991607666,20.350000381469727,2869400.0,19766.0
2021-08-11,16.3700008392334,20.850000381469727,16.950000762939453,20.93000030517578,15.899999618530273,20.29010009765625,16.0,20.34000015258789,980200.0,9279.0
2021-08-12,17.0,20.760000228881836,17.239999771118164,20.940000534057617,16.229999542236328,20.690000534057617,16.84000015258789,20.799999237060547,1453100.0,26672.0
2021-08-13,17.209999084472656,20.440000534057617,17.700000762939453,20.829999923706055,16.709999084472656,20.440000534057617,16.8799991607666,20.760000228881836,905700.0,14825.0
2021-08-16,17.010000228881836,20.290000915527344,17.360000610351562,20.440000534057617,16.549999237060547,19.889999389648438,17.360000610351562,19.989999771118164,512800.0,31177.0
2021-08-17,16.09000015258789,20.049999237060547,16.979000091552734,20.3799991607666,15.710000038146973,20.01099967956543,16.829999923706055,20.100000381469727,830800.0,25509.0
2021-08-18,15.979999542236328,19.559999465942383,16.6200008392334,20.229999542236328,15.829999923706055,19.520000457763672,16.520000457763672,20.139999389648438,1047100.0,25572.0
2021-08-19,15.619999885559082,19.389999389648438,16.040000915527344,19.41900062561035,15.300000190734863,18.90999984741211,15.75,19.049999237060547,518700.0,84384.0
2021-08-20,15.760000228881836,18.719999313354492,15.880000114440918,19.084999084472656,15.4399995803833,18.719999313354492,15.619999885559082,18.889999389648438,230500.0,25118.0
2021-08-23,15.680000305175781,19.799999237060547,16.14900016784668,19.948999404907227,15.390000343322754,19.58099937438965,15.84000015258789,19.600000381469727,449700.0,31306.0
2021-08-24,15.75,20.540000915527344,15.760000228881836,20.559999465942383,15.220000267028809,20.100000381469727,15.539999961853027,20.100000381469727,571400.0,141434.0
2021-08-25,15.739999771118164,20.67009925842285,16.329999923706055,20.718299865722656,15.550000190734863,20.3799991607666,15.65999984741211,20.540000915527344,390900.0,15362.0
2021-08-26,15.640000343322754,20.549999237060547,15.779000282287598,20.638999938964844,15.3100004196167,20.35099983215332,15.579999923706055,20.450000762939453,345300.0,58268.0
2021-08-27,15.930000305175781,20.790000915527344,16.049999237060547,20.918100357055664,15.390000343322754,20.709999084472656,15.420000076293945,20.719999313354492,501200.0,22543.0
2021-08-30,16.709999084472656,20.94059944152832,17.010000228881836,21.0,15.729999542236328,20.670000076293945,15.869999885559082,20.850000381469727,1074800.0,17872.0
2021-08-31,15.90999984741211,20.8075008392334,16.788000106811523,20.969999313354492,15.800000190734863,20.79960060119629,16.6299991607666,20.829999923706055,567500.0,9202.0
2021-09-01,16.489999771118164,20.670000076293945,16.489999771118164,20.790000915527344,15.600000381469727,20.435100555419922,15.970000267028809,20.489999771118164,797800.0,122309.0
2021-09-02,16.65999984741211,21.193899154663086,17.209999084472656,21.399999618530273,16.56999969482422,21.15999984741211,16.59000015258789,21.15999984741211,1033100.0,26036.0
2021-09-03,16.15999984741211,21.0,16.81999969482422,21.264999389648438,16.010000228881836,21.0,16.6200008392334,21.230100631713867,647000.0,12714.0
2021-09-07,15.859999656677246,20.709999084472656,16.309999465942383,20.949899673461914,15.279999732971191,20.650999069213867,16.15999984741211,20.809999465942383,940000.0,27219.0
2021-09-08,14.960000038146973,21.0,15.819999694824219,21.079999923706055,14.5,20.940000534057617,15.819999694824219,21.079999923706055,1143500.0,23409.0
2021-09-09,14.970000267028809,20.600000381469727,15.529999732971191,21.100000381469727,14.579999923706055,20.600000381469727,14.880000114440918,20.719999313354492,913500.0,28436.0
2021-09-10,14.3100004196167,21.100000381469727,15.149999618530273,21.259000778198242,14.100000381469727,21.049999237060547,15.0,21.170000076293945,982800.0,21500.0
2021-09-13,14.329999923706055,21.40999984741211,14.59000015258789,21.540000915527344,13.970000267028809,21.299999237060547,14.369999885559082,21.350000381469727,743800.0,31589.0
2021-09-14,13.59000015258789,21.34000015258789,14.699999809265137,21.6299991607666,13.390000343322754,21.239999771118164,14.460000038146973,21.6299991607666,1082600.0,28723.0
2021-09-15,13.850000381469727,22.0,13.9399995803833,22.10099983215332,13.425000190734863,21.829999923706055,13.630000114440918,21.829999923706055,711700.0,58686.0
2021-09-16,13.6899995803833,22.0,14.029999732971191,22.030000686645508,13.609999656677246,21.639999389648438,13.899999618530273,21.969999313354492,339900.0,51962.0
2021-09-17,13.880000114440918,21.760000228881836,13.970000267028809,21.850000381469727,13.220000267028809,21.579999923706055,13.640000343322754,21.780500411987305,1084300.0,60731.0
2021-09-20,13.579999923706055,21.440000534057617,13.859999656677246,21.549999237060547,12.86299991607666,21.280000686645508,13.0,21.459999084472656,985900.0,41358.0
2021-09-21,13.619999885559082,21.459999084472656,13.928999900817871,21.479000091552734,12.960000038146973,21.171600341796875,13.710000038146973,21.459999084472656,954200.0,40000.0
2021-09-22,14.039999961853027,21.920000076293945,14.510000228881836,21.940000534057617,13.0,21.739999771118164,13.9399995803833,21.799999237060547,1424300.0,34316.0
2021-09-23,14.670000076293945,22.280000686645508,15.149999618530273,22.32900047302246,13.609999656677246,22.030000686645508,14.140000343322754,22.030000686645508,2745400.0,24570.0
2021-09-24,13.5,22.479999542236328,14.609999656677246,22.545000076293945,13.420000076293945,22.211000442504883,14.399999618530273,22.219999313354492,1454500.0,31092.0
2021-09-27,13.529999732971191,22.940000534057617,13.9399995803833,23.040000915527344,13.170000076293945,22.860000610351562,13.5,22.8700008392334,1505900.0,41693.0
2021-09-28,13.5,22.780000686645508,14.039999961853027,23.239999771118164,12.380000114440918,22.690000534057617,13.260000228881836,23.219999313354492,5308200.0,75511.0
2021-09-29,13.020000457763672,22.739999771118164,13.960000038146973,22.989999771118164,12.819999694824219,22.690000534057617,13.279999732971191,22.81999969482422,1891900.0,45280.0
2021-09-30,13.260000228881836,22.860000610351562,13.479999542236328,23.100000381469727,12.75,22.32360076904297,13.079999923706055,22.459999084472656,2445700.0,109663.0
2021-10-01,12.789999961853027,23.049999237060547,13.289999961853027,23.149999618530273,12.590999603271484,22.700000762939453,13.1899995803833,22.8700008392334,1496200.0,64645.0
2021-10-04,11.640000343322754,23.68000030517578,13.0600004196167,23.8700008392334,11.5,23.40999984741211,13.039999961853027,23.40999984741211,5794400.0,51005.0
2021-10-05,11.609999656677246,24.170000076293945,11.71500015258789,24.190000534057617,11.204999923706055,23.979999542236328,11.6899995803833,24.0,1808300.0,104068.0
2021-10-06,11.109999656677246,23.440000534057617,11.449999809265137,23.809999465942383,10.949999809265137,23.3799991607666,11.449999809265137,23.809999465942383,3735000.0,60007.0
2021-10-07,10.869999885559082,24.040000915527344,11.210000038146973,24.040000915527344,10.770000457763672,23.299999237060547,11.210000038146973,23.40999984741211,2097000.0,45120.0
2021-10-08,11.350000381469727,24.1299991607666,11.539999961853027,24.440000534057617,10.75,23.899999618530273,10.989999771118164,24.239999771118164,2835200.0,94408.0
2021-10-11,10.739999771118164,24.489999771118164,11.34000015258789,24.6200008392334,10.720000267028809,24.365999221801758,11.270000457763672,24.520000457763672,2200900.0,64792.0
2021-10-12,11.25,24.3700008392334,11.289999961853027,24.549999237060547,10.520000457763672,24.280000686645508,10.800000190734863,24.489999771118164,1475400.0,50733.0
2021-10-13,11.550000190734863,24.309999465942383,11.739999771118164,24.48900032043457,11.116000175476074,24.020000457763672,11.25,24.110000610351562,1123200.0,46718.0
2021-10-14,11.479999542236328,24.6200008392334,11.779999732971191,24.709999084472656,11.300000190734863,24.418699264526367,11.59000015258789,24.639999389648438,1054300.0,29191.0
2021-10-15,11.680000305175781,24.780000686645508,11.8149995803833,24.895000457763672,11.300000190734863,24.709999084472656,11.479999542236328,24.850000381469727,1033400.0,44917.0
2021-10-18,11.699999809265137,24.6200008392334,11.729999542236328,25.1299991607666,10.9399995803833,24.56999969482422,11.59000015258789,25.0,1226400.0,65242.0
2021-10-19,12.380000114440918,24.889999389648438,12.635000228881836,25.058300018310547,11.664999961853027,24.579999923706055,11.720000267028809,24.670000076293945,2207000.0,46150.0
2021-10-20,12.300000190734863,25.149999618530273,12.789999961853027,25.159900665283203,12.100000381469727,24.610000610351562,12.449999809265137,24.709999084472656,3211100.0,28341.0
2021-10-21,12.529999732971191,24.829999923706055,12.890000343322754,25.010000228881836,12.210000038146973,24.43000030517578,12.279999732971191,24.93000030517578,2313700.0,63107.0
2021-10-22,12.890000343322754,24.969999313354492,12.970000267028809,25.040000915527344,12.550000190734863,24.700000762939453,12.600000381469727,24.979999542236328,1627400.0,31437.0
2021-10-25,13.319999694824219,24.950000762939453,13.319999694824219,25.270000457763672,12.630000114440918,24.950000762939453,12.729999542236328,25.079999923706055,1351700.0,38886.0
2021-10-26,13.029999732971191,25.200000762939453,13.390000343322754,25.299999237060547,12.930000305175781,25.040000915527344,13.239999771118164,25.1200008392334,2883200.0,31694.0
2021-10-27,12.960000038146973,24.56999969482422,13.24899959564209,25.07900047302246,12.729999542236328,24.510000228881836,13.100000381469727,24.90999984741211,1631500.0,31303.0
2021-10-28,12.890000343322754,24.670000076293945,13.039999961853027,24.739999771118164,12.729999542236328,24.30500030517578,13.0,24.56999969482422,1091000.0,47453.0
2021-10-29,13.100000381469727,24.5,13.130000114440918,24.625,12.699999809265137,24.315000534057617,12.829999923706055,24.5,1119500.0,18489.0
2021-11-01,13.520000457763672,24.774999618530273,13.539999961853027,24.8799991607666,13.050000190734863,24.704500198364258,13.199999809265137,24.799999237060547,1501500.0,34171.0
2021-11-02,13.180000305175781,24.709999084472656,13.5,24.799999237060547,13.0600004196167,24.559999465942383,13.460000038146973,24.690000534057617,2546800.0,68258.0
2021-11-03,12.90999984741211,23.799999237060547,13.489999771118164,24.360000610351562,12.649999618530273,23.75,13.119999885559082,24.1299991607666,2403300.0,187654.0
2021-11-04,12.859999656677246,23.6299991607666,13.0,24.709999084472656,12.649999618530273,23.530000686645508,12.779999732971191,24.6299991607666,1322000.0,35978.0
2021-11-05,12.390000343322754,24.399999618530273,12.989999771118164,24.448999404907227,12.324999809265137,23.799999237060547,12.800000190734863,23.93000030517578,1320100.0,36615.0
2021-11-08,12.430000305175781,24.649999618530273,12.850000381469727,24.670000076293945,12.34000015258789,24.420000076293945,12.390000343322754,24.459999084472656,2608200.0,39605.0
2021-11-09,12.550000190734863,24.975000381469727,12.649999618530273,24.975000381469727,12.149999618530273,24.56100082397461,12.5,24.610000610351562,1950300.0,162380.0
2021-11-10,12.039999961853027,24.270000457763672,12.390000343322754,24.98390007019043,11.9399995803833,24.19499969482422,12.279999732971191,24.84000015258789,2222000.0,23526.0
2021-11-11,11.460000038146973,24.260000228881836,12.100000381469727,24.479900360107422,11.25,24.071500778198242,11.96500015258789,24.389999389648438,2019900.0,44637.0
2021-11-12,11.420000076293945,24.100000381469727,11.449999809265137,24.16900062561035,11.0600004196167,24.0,11.40999984741211,24.020000457763672,1801900.0,24205.0
2021-11-15,11.180000305175781,24.200000762939453,11.484999656677246,24.219999313354492,11.154999732971191,23.790000915527344,11.460000038146973,23.920000076293945,2268100.0,77375.0
2021-11-16,11.149999618530273,24.209999084472656,11.270000457763672,24.34429931640625,10.770000457763672,24.09000015258789,11.149999618530273,24.190000534057617,2533600.0,16718.0
2021-11-17,10.770000457763672,23.700000762939453,11.050000190734863,24.06999969482422,10.680000305175781,23.469999313354492,11.0,24.06999969482422,2748700.0,23128.0
2021-11-18,10.5,23.950000762939453,10.84000015258789,24.045000076293945,10.34000015258789,23.670000076293945,10.770000457763672,23.829999923706055,2519600.0,18693.0
2021-11-19,10.430000305175781,23.18000030517578,10.819999694824219,23.640600204467773,10.350000381469727,23.109600067138672,10.399999618530273,23.639999389648438,1971800.0,32720.0
2021-11-22,9.850000381469727,23.489999771118164,10.414999961853027,23.649999618530273,9.5600004196167,23.239999771118164,10.390000343322754,23.239999771118164,2252600.0,29877.0
2021-11-23,9.40999984741211,24.219999313354492,9.876999855041504,24.290000915527344,9.28499984741211,23.8700008392334,9.850000381469727,23.8700008392334,2299500.0,19280.0
2021-11-24,9.529999732971191,24.139999389648438,9.59000015258789,24.25,9.289999961853027,24.070100784301758,9.479999542236328,24.110000610351562,1452900.0,18244.0
2021-11-26,9.5,21.3700008392334,9.539999961853027,22.579999923706055,9.130000114440918,21.1299991607666,9.380000114440918,22.5,989100.0,158633.0
2021-11-29,9.350000381469727,21.59000015258789,9.550000190734863,22.469999313354492,9.029999732971191,21.399999618530273,9.510000228881836,22.420000076293945,2074100.0,51079.0
2021-11-30,9.5600004196167,20.559999465942383,9.619999885559082,21.049999237060547,9.130000114440918,20.04010009765625,9.239999771118164,20.940000534057617,2751100.0,114805.0
2021-12-01,8.640000343322754,20.25,9.789999961853027,21.32819938659668,8.600000381469727,20.1299991607666,9.630000114440918,21.18000030517578,4893500.0,57781.0
2021-12-02,9.25,20.8799991607666,9.260000228881836,21.06999969482422,8.609999656677246,19.815000534057617,8.649999618530273,20.040000915527344,2448200.0,127632.0
2021-12-03,9.229999542236328,20.610000610351562,9.569999694824219,21.479999542236328,9.050000190734863,20.5,9.3100004196167,21.43000030517578,2147700.0,245554.0
2021-12-06,9.800000190734863,21.75,9.829999923706055,21.780000686645508,9.149999618530273,21.025400161743164,9.199999809265137,21.139999389648438,4319700.0,75562.0
2021-12-07,10.289999961853027,22.15999984741211,10.489999771118164,22.575000762939453,9.944999694824219,22.108200073242188,9.979999542236328,22.229999542236328,2287700.0,85897.0
2021-12-08,10.770000457763672,22.56999969482422,11.010000228881836,22.6200008392334,10.229999542236328,22.230100631713867,10.329999923706055,22.299999237060547,2586800.0,45796.0
2021-12-09,10.34000015258789,21.899999618530273,10.880000114440918,22.360000610351562,10.260000228881836,21.895599365234375,10.65999984741211,22.360000610351562,2352400.0,20782.0
2021-12-10,10.329999923706055,22.420000076293945,10.8149995803833,22.420000076293945,10.140000343322754,22.059999465942383,10.420000076293945,22.200000762939453,2092800.0,49358.0
2021-12-13,10.210000038146973,22.079999923706055,10.770000457763672,22.389999389648438,9.96500015258789,22.020000457763672,10.180000305175781,22.200000762939453,2388400.0,26232.0
2021-12-14,9.979999542236328,21.829999923706055,10.640000343322754,21.989999771118164,9.920000076293945,21.6299991607666,10.069999694824219,21.8799991607666,2158800.0,33911.0
2021-12-15,10.430000305175781,22.170000076293945,10.779999732971191,22.219999313354492,9.859999656677246,21.580699920654297,9.960000038146973,21.719999313354492,6980500.0,23463.0
2021-12-16,9.899999618530273,22.270000457763672,11.020000457763672,22.545000076293945,9.850000381469727,22.07550048828125,10.520000457763672,22.229999542236328,6891900.0,12853.0
2021-12-17,9.65999984741211,21.81999969482422,10.09000015258789,22.073400497436523,9.1899995803833,21.739999771118164,9.779999732971191,22.020000457763672,6769500.0,17108.0
2021-12-20,9.300000190734863,21.450000762939453,9.609999656677246,21.489999771118164,9.274999618530273,20.6200008392334,9.460000038146973,21.079999923706055,5157600.0,114167.0
2021-12-21,9.649999618530273,22.25,9.979999542236328,22.25,9.34000015258789,21.800100326538086,9.399999618530273,21.899999618530273,7018100.0,15754.0
2021-12-22,9.25,22.65999984741211,9.899999618530273,22.65999984741211,9.229999542236328,22.084999084472656,9.6899995803833,22.139999389648438,1979700.0,14982.0
2021-12-23,9.220000267028809,22.950000762939453,9.3100004196167,22.979999542236328,8.760000228881836,22.59000015258789,9.3100004196167,22.611000061035156,1873700.0,46827.0
2021-12-27,9.229999542236328,23.549999237060547,9.289999961853027,23.549999237060547,9.0600004196167,22.815000534057617,9.239999771118164,22.8700008392334,1064400.0,32396.0
2021-12-28,9.130000114440918,23.540000915527344,9.270000457763672,23.760000228881836,9.039999961853027,23.520000457763672,9.180000305175781,23.68000030517578,1322000.0,93461.0
2021-12-29,8.800000190734863,23.700000762939453,9.100000381469727,23.959999084472656,8.619999885559082,23.450000762939453,9.020000457763672,23.450000762939453,2893000.0,33503.0
2021-12-30,9.130000114440918,23.700000762939453,9.260000228881836,23.99970054626465,8.649999618530273,23.700000762939453,8.770000457763672,23.809999465942383,1390100.0,27004.0
2021-12-31,9.09000015258789,23.479999542236328,9.3100004196167,23.75,9.01200008392334,23.31999969482422,9.0600004196167,23.649999618530273,1625600.0,49903.0
2022-01-03,9.550000190734863,23.6648006439209,9.710000038146973,23.719999313354492,9.199999809265137,23.309999465942383,9.199999809265137,23.309999465942383,3865900.0,14425.0
2022-01-04,9.25,24.010000228881836,9.600000381469727,24.18000030517578,9.050000190734863,23.863300323486328,9.550000190734863,23.90999984741211,2560200.0,39044.0
2022-01-05,8.859999656677246,23.8700008392334,9.180999755859375,24.3799991607666,8.789999961853027,23.8700008392334,9.180000305175781,24.170000076293945,2498700.0,69571.0
2022-01-06,8.390000343322754,24.56999969482422,8.960000038146973,24.75,8.180000305175781,24.489999771118164,8.779999732971191,24.700000762939453,1845800.0,44273.0
2022-01-07,8.539999961853027,24.420000076293945,8.5600004196167,24.600000381469727,8.100000381469727,24.350000381469727,8.289999961853027,24.600000381469727,8672800.0,18114.0
2022-01-10,8.520000457763672,24.200000762939453,8.579999923706055,24.469999313354492,8.09000015258789,24.100000381469727,8.4399995803833,24.469999313354492,3279900.0,19316.0
2022-01-11,9.0600004196167,25.170000076293945,9.104999542236328,25.19179916381836,8.649999618530273,24.454999923706055,8.680000305175781,24.579999923706055,4483500.0,56228.0
2022-01-12,9.199999809265137,25.40999984741211,9.267000198364258,25.579999923706055,8.90999984741211,25.15999984741211,9.09000015258789,25.200000762939453,2768700.0,34985.0
2022-01-13,8.729999542236328,25.18000030517578,9.229999542236328,25.530000686645508,8.670000076293945,25.139999389648438,9.229999542236328,25.40999984741211,1346500.0,28203.0
2022-01-14,8.3100004196167,25.889999389648438,8.680000305175781,25.940000534057617,8.145000457763672,25.469999313354492,8.680000305175781,25.469999313354492,1704400.0,260931.0
2022-01-18,7.96999979019165,26.34000015258789,8.390000343322754,26.388999938964844,7.71999979019165,26.030000686645508,8.100000381469727,26.1299991607666,3434100.0,100877.0
2022-01-19,8.199999809265137,26.43000030517578,8.484999656677246,26.729999542236328,8.029999732971191,26.38050079345703,8.0600004196167,26.489999771118164,1808400.0,141545.0
2022-01-20,8.229999542236328,26.15999984741211,8.739999771118164,26.790000915527344,8.164999961853027,26.15999984741211,8.300000190734863,26.43000030517578,1128100.0,64844.0
2022-01-21,8.0600004196167,26.18000030517578,8.3100004196167,26.3799991607666,7.940000057220459,25.920000076293945,8.100000381469727,26.25,1989200.0,76131.0
2022-01-24,8.25,25.989999771118164,8.279999732971191,25.989999771118164,7.25,25.34000015258789,7.880000114440918,25.899999618530273,3179400.0,118844.0
2022-01-25,7.710000038146973,26.31999969482422,8.100000381469727,26.359600067138672,7.570000171661377,25.68000030517578,7.980000019073486,25.860000610351562,2325900.0,74928.0
2022-01-26,7.659999847412109,26.559999465942383,8.170000076293945,26.940000534057617,7.650000095367432,26.520000457763672,7.949999809265137,26.6200008392334,2489100.0,88540.0
2022-01-27,7.570000171661377,26.670000076293945,8.020000457763672,27.030000686645508,7.53000020980835,26.399999618530273,7.880000114440918,27.030000686645508,1182100.0,50819.0
2022-01-28,7.849999904632568,26.719999313354492,7.869999885559082,27.1200008392334,7.289999961853027,26.520000457763672,7.590000152587891,27.010000228881836,1168400.0,73774.0
2022-01-31,8.579999923706055,26.889999389648438,8.680000305175781,26.889999389648438,7.849999904632568,26.489999771118164,7.849999904632568,26.829999923706055,1934400.0,48550.0
2022-02-01,8.859999656677246,26.8799991607666,8.880000114440918,26.904800415039062,8.470000267028809,26.489999771118164,8.720000267028809,26.670000076293945,2504100.0,58587.0
2022-02-02,8.3100004196167,26.93000030517578,8.850000381469727,27.0,8.3100004196167,26.59000015258789,8.850000381469727,27.0,1097000.0,66167.0
2022-02-03,7.900000095367432,27.350000381469727,8.430000305175781,27.43000030517578,7.894999980926514,26.670000076293945,8.079999923706055,26.68000030517578,1607400.0,27488.0
2022-02-04,8.270000457763672,28.030000686645508,8.359999656677246,28.079999923706055,7.860000133514404,27.75320053100586,7.96999979019165,27.850000381469727,1062000.0,96890.0
2022-02-07,8.25,27.860000610351562,8.5,27.959999084472656,8.145000457763672,27.700000762939453,8.25,27.84000015258789,783900.0,38778.0
2022-02-08,8.399999618530273,27.3700008392334,8.510000228881836,27.444299697875977,8.069999694824219,27.020000457763672,8.109999656677246,27.440000534057617,1176500.0,57360.0
2022-02-09,8.84000015258789,27.549999237060547,8.84000015258789,27.674800872802734,8.479999542236328,27.356800079345703,8.569999694824219,27.450000762939453,1298100.0,49982.0
2022-02-10,8.329999923706055,27.530000686645508,8.829999923706055,27.968000411987305,8.293000221252441,27.36009979248047,8.600000381469727,27.510000228881836,1388600.0,33162.0
2022-02-11,8.390000343322754,28.299999237060547,8.6899995803833,28.5,8.199999809265137,27.649999618530273,8.350000381469727,27.68000030517578,1497300.0,116571.0
2022-02-14,8.34000015258789,28.559999465942383,8.680000305175781,28.732099533081055,8.300000190734863,27.88010025024414,8.359999656677246,27.950000762939453,1289900.0,145902.0
2022-02-15,8.800000190734863,27.540000915527344,8.84000015258789,27.68000030517578,8.4399995803833,27.260000228881836,8.470000267028809,27.59000015258789,1968400.0,144766.0
2022-02-16,8.5,27.200000762939453,8.800000190734863,28.350000381469727,8.369999885559082,27.200000762939453,8.800000190734863,27.959999084472656,1620100.0,153131.0
2022-02-17,8.960000038146973,27.65999984741211,9.1850004196167,27.70989990234375,8.229999542236328,27.274999618530273,8.289999961853027,27.31999969482422,5836000.0,94630.0
2022-02-18,8.300000190734863,27.950000762939453,8.829999923706055,27.950000762939453,8.092000007629395,27.020000457763672,8.829999923706055,27.209999084472656,6831800.0,78941.0
2022-02-22,7.730000019073486,28.239999771118164,8.220000267028809,28.8700008392334,7.46999979019165,28.149999618530273,8.069999694824219,28.81999969482422,6047700.0,340937.0
2022-02-23,7.349999904632568,28.530000686645508,7.880000114440918,28.940000534057617,7.25,28.219999313354492,7.78000020980835,28.3799991607666,4119900.0,214151.0
2022-02-24,7.869999885559082,28.579999923706055,7.920000076293945,30.350000381469727,6.909999847412109,28.037500381469727,6.949999809265137,30.350000381469727,5329400.0,673758.0
2022-02-25,7.650000095367432,28.239999771118164,7.809999942779541,28.420000076293945,7.300000190734863,27.67099952697754,7.800000190734863,28.280000686645508,7938100.0,276698.0
2022-02-28,7.610000133514404,29.079999923706055,7.724999904632568,29.459999084472656,7.389999866485596,28.83839988708496,7.610000133514404,29.059999465942383,1584500.0,211791.0
2022-03-01,7.400000095367432,31.190000534057617,7.670000076293945,31.498699188232422,7.360000133514404,30.31100082397461,7.550000190734863,30.479999542236328,1927500.0,511506.0
2022-03-02,7.559999942779541,33.040000915527344,7.574999809265137,33.23780059814453,7.28000020980835,31.155000686645508,7.320000171661377,32.349998474121094,1280500.0,612958.0
2022-03-03,7.460000038146973,32.439998626708984,7.679999828338623,33.20000076293945,7.190000057220459,32.16999816894531,7.559999942779541,32.63999938964844,3536700.0,434854.0
2022-03-04,6.980000019073486,34.400001525878906,7.559999942779541,34.809898376464844,6.800000190734863,33.01789855957031,7.449999809265137,33.529998779296875,1914900.0,639609.0
2022-03-07,6.630000114440918,35.970001220703125,7.019999980926514,36.3650016784668,6.53000020980835,34.70000076293945,6.989999771118164,35.0,2376700.0,1144749.0
2022-03-08,6.630000114440918,37.2599983215332,6.929999828338623,38.720001220703125,6.389999866485596,35.62350082397461,6.559999942779541,37.439998626708984,2957300.0,1754259.0
2022-03-09,7.289999961853027,32.75,7.289999961853027,35.36000061035156,6.880000114440918,30.260000228881836,6.880000114440918,35.02000045776367,4342900.0,1200648.0
2022-03-10,6.880000114440918,31.850000381469727,7.139999866485596,33.689998626708984,6.5,31.5,7.0,33.43000030517578,4643400.0,687554.0
2022-03-11,6.510000228881836,33.099998474121094,6.96999979019165,33.25,6.349999904632568,32.16999816894531,6.920000076293945,32.34000015258789,1837400.0,371641.0
2022-03-14,5.860000133514404,31.579999923706055,6.380000114440918,31.889999389648438,5.840000152587891,30.959999084472656,6.380000114440918,31.84000015258789,2002200.0,501551.0
2022-03-15,5.849999904632568,29.739999771118164,6.03000020980835,33.25,5.579999923706055,29.68000030517578,5.78000020980835,30.079999923706055,1954000.0,1153302.0
2022-03-16,6.289999961853027,29.579999923706055,6.385000228881836,30.799999237060547,5.900000095367432,29.329999923706055,5.929999828338623,30.639999389648438,5048700.0,349522.0
2022-03-17,6.440000057220459,31.979999542236328,6.630000114440918,32.46989822387695,6.239999771118164,31.459999084472656,6.239999771118164,31.510000228881836,1336700.0,233962.0
2022-03-18,6.75,32.33000183105469,6.869999885559082,32.589900970458984,6.360000133514404,32.00410079956055,6.360000133514404,32.560001373291016,1397400.0,117215.0
2022-03-21,6.570000171661377,34.56999969482422,6.809999942779541,34.70000076293945,6.46999979019165,33.540000915527344,6.650000095367432,33.540000915527344,1283700.0,244039.0
2022-03-22,7.440000057220459,34.245399475097656,7.619999885559082,34.720001220703125,6.630000114440918,33.75,6.670000076293945,34.5099983215332,2583500.0,148136.0
2022-03-23,7.190000057220459,35.72999954223633,7.505000114440918,35.9900016784668,7.139999866485596,35.400001525878906,7.300000190734863,35.45000076293945,1302300.0,379528.0
2022-03-24,7.510000228881836,34.849998474121094,7.510000228881836,35.95000076293945,7.045000076293945,34.52000045776367,7.25,35.95000076293945,1784200.0,173113.0
2022-03-25,7.610000133514404,35.2599983215332,7.715000152587891,35.70000076293945,7.380000114440918,34.31100082397461,7.440000057220459,34.4900016784668,2444100.0,95684.0
2022-03-28,7.869999885559082,32.61000061035156,7.880000114440918,34.01530075073242,7.579999923706055,32.439998626708984,7.610000133514404,33.4900016784668,1927200.0,201294.0
2022-03-29,8.300000190734863,33.13999938964844,8.350000381469727,33.43000030517578,7.889999866485596,31.34000015258789,7.929999828338623,31.5,2549800.0,216024.0
2022-03-30,7.960000038146973,33.91999816894531,8.258999824523926,34.3739013671875,7.849999904632568,33.77000045776367,8.210000038146973,33.970001220703125,1446300.0,99428.0
2022-03-31,7.860000133514404,32.2400016784668,8.024999618530273,33.290000915527344,7.835000038146973,31.938899993896484,7.889999866485596,32.83000183105469,1540400.0,126460.0
2022-04-01,7.389999866485596,32.13999938964844,7.980000019073486,32.310001373291016,7.21999979019165,31.700000762939453,7.920000076293945,31.739999771118164,2567900.0,48570.0
2022-04-04,7.760000228881836,33.2599983215332,7.965000152587891,33.400001525878906,7.349999904632568,32.730098724365234,7.369999885559082,33.02000045776367,1414900.0,143280.0
2022-04-05,7.320000171661377,32.54999923706055,7.849999904632568,33.720001220703125,7.309999942779541,32.220001220703125,7.78000020980835,33.599998474121094,1237900.0,99962.0
2022-04-06,6.829999923706055,31.649999618530273,7.019999980926514,33.369998931884766,6.579999923706055,31.479999542236328,6.889999866485596,32.959999084472656,1671700.0,128595.0
2022-04-07,6.739999771118164,31.780000686645508,6.945000171661377,32.109901428222656,6.510000228881836,30.790000915527344,6.809999942779541,31.68000030517578,1341200.0,97120.0
2022-04-08,6.559999942779541,32.04079818725586,6.775000095367432,32.20000076293945,6.460000038146973,31.299999237060547,6.699999809265137,31.309999465942383,1195800.0,30801.0
2022-04-11,6.699999809265137,31.100000381469727,6.849999904632568,31.45989990234375,6.320000171661377,30.770000457763672,6.380000114440918,30.93000030517578,3691000.0,84158.0
2022-04-12,6.789999961853027,32.81999969482422,7.159999847412109,32.900001525878906,6.755000114440918,32.2599983215332,6.829999923706055,32.349998474121094,4857500.0,61059.0
2022-04-13,6.489999771118164,33.689998626708984,6.800000190734863,33.81999969482422,6.400000095367432,32.900001525878906,6.75,33.25,3870800.0,42669.0
2022-04-14,6.0,34.150001525878906,6.559999942779541,34.54999923706055,5.940000057220459,33.2400016784668,6.489999771118164,33.2400016784668,2071200.0,73451.0
2022-04-18,5.980000019073486,34.470001220703125,6.110000133514404,35.09000015258789,5.710000038146973,34.38999938964844,5.909999847412109,34.68000030517578,2734000.0,52372.0
2022-04-19,6.340000152587891,33.029998779296875,6.460000038146973,33.68000030517578,5.940000057220459,32.88100051879883,6.0,33.45000076293945,1933600.0,86923.0
2022-04-20,6.809999942779541,33.22999954223633,7.090000152587891,33.564998626708984,6.210000038146973,32.66999816894531,6.360000133514404,33.40999984741211,3341500.0,42894.0
2022-04-21,6.670000076293945,33.61000061035156,7.010000228881836,34.1786994934082,6.489999771118164,33.28310012817383,7.0,33.7400016784668,3330700.0,44418.0
2022-04-22,5.840000152587891,32.79999923706055,6.400000095367432,33.34000015258789,5.690000057220459,32.79999923706055,6.400000095367432,33.189998626708984,3940000.0,20051.0
2022-04-25,5.730000019073486,32.09000015258789,5.853000164031982,32.3583984375,5.579999923706055,31.0,5.710000038146973,31.25,2584500.0,77935.0
2022-04-26,5.489999771118164,32.79999923706055,5.699999809265137,33.02989959716797,5.389999866485596,32.08760070800781,5.639999866485596,32.52000045776367,2173100.0,163857.0
2022-04-27,5.599999904632568,32.7599983215332,5.795000076293945,32.869998931884766,5.449999809265137,32.13999938964844,5.5,32.29999923706055,2078600.0,32625.0
2022-04-28,5.789999961853027,33.345401763916016,5.909999847412109,33.534400939941406,5.409999847412109,32.689998626708984,5.639999866485596,32.709999084472656,1989400.0,122963.0
2022-04-29,5.429999828338623,33.04999923706055,5.900000095367432,34.06999969482422,5.420000076293945,32.880001068115234,5.690000057220459,33.790000915527344,2271700.0,57126.0
2022-05-02,5.539999961853027,33.5099983215332,5.559999942779541,33.88999938964844,5.260000228881836,32.13560104370117,5.360000133514404,32.349998474121094,2898200.0,36496.0
2022-05-03,5.730000019073486,32.84000015258789,5.815000057220459,33.43989944458008,5.360000133514404,32.689998626708984,5.53000020980835,32.970001220703125,2449000.0,36634.0
2022-05-04,5.860000133514404,34.41999816894531,5.889999866485596,34.67499923706055,5.34499979019165,33.77000045776367,5.789999961853027,34.0099983215332,2014500.0,89138.0
2022-05-05,5.460000038146973,34.529998779296875,5.800000190734863,35.4900016784668,5.309999942779541,34.0004997253418,5.75,35.33000183105469,2065800.0,169353.0
2022-05-06,5.28000020980835,35.33000183105469,5.485000133514404,35.40999984741211,5.085000038146973,34.529998779296875,5.400000095367432,35.0099983215332,2549500.0,125434.0
2022-05-09,4.590000152587891,32.86650085449219,5.190000057220459,34.79999923706055,4.550000190734863,32.7599983215332,5.170000076293945,34.33000183105469,3780100.0,154560.0
2022-05-10,4.050000190734863,31.90999984741211,4.739999771118164,33.459999084472656,3.759999990463257,31.850000381469727,4.710000038146973,33.060001373291016,11090700.0,102035.0
2022-05-11,4.210000038146973,33.439998626708984,4.300000190734863,33.9099006652832,3.9700000286102295,33.29999923706055,4.039999961853027,33.29999923706055,9725200.0,42183.0
2022-05-12,4.46999979019165,33.91999816894531,4.610000133514404,34.099998474121094,4.0,33.45000076293945,4.150000095367432,33.65999984741211,5663600.0,63092.0
2022-05-13,5.449999809265137,34.91999816894531,5.505000114440918,34.95000076293945,4.639999866485596,34.32429885864258,4.769999980926514,34.540000915527344,17016200.0,84127.0
2022-05-16,5.269999980926514,35.650001525878906,5.590000152587891,35.8296012878418,5.159999847412109,34.720001220703125,5.300000190734863,34.900001525878906,5652400.0,54738.0
2022-05-17,5.360000133514404,34.72890090942383,5.510000228881836,35.93000030517578,5.199999809265137,34.6525993347168,5.360000133514404,35.790000915527344,3425500.0,38945.0
2022-05-18,5.159999847412109,33.939998626708984,5.559999942779541,35.470001220703125,5.079999923706055,33.86000061035156,5.28000020980835,35.25,3134200.0,51824.0
2022-05-19,5.519999980926514,34.5,5.590000152587891,34.900001525878906,5.239999771118164,33.68000030517578,5.239999771118164,33.68000030517578,4108400.0,22840.0
2022-05-20,5.489999771118164,35.02000045776367,5.835000038146973,35.13100051879883,5.349999904632568,34.619998931884766,5.630000114440918,34.880001068115234,3891200.0,51924.0
2022-05-23,5.730000019073486,35.150001525878906,5.789999961853027,35.380001068115234,5.454999923706055,34.7400016784668,5.53000020980835,35.0099983215332,3472500.0,51595.0
2022-05-24,5.260000228881836,35.150001525878906,5.710000038146973,35.59989929199219,5.25,34.970001220703125,5.579999923706055,35.16999816894531,3195600.0,72840.0
2022-05-25,5.300000190734863,35.369998931884766,5.429999828338623,35.5,5.199999809265137,34.9900016784668,5.199999809265137,35.290000915527344,3512400.0,39127.0
2022-05-26,5.360000133514404,36.31999969482422,5.534999847412109,36.650001525878906,5.21999979019165,35.66999816894531,5.300000190734863,35.849998474121094,3478200.0,182464.0
2022-05-27,6.010000228881836,36.65999984741211,6.170000076293945,36.849998474121094,5.406000137329102,36.21039962768555,5.449999809265137,36.709999084472656,6364000.0,48343.0
2022-05-31,5.860000133514404,36.75,6.019999980926514,38.079898834228516,5.614999771118164,36.61000061035156,5.929999828338623,38.0,22005500.0,65317.0
2022-06-01,6.010000228881836,36.7599983215332,6.289999961853027,37.779998779296875,5.860000133514404,36.7599983215332,5.860000133514404,37.31999969482422,5001800.0,23653.0
2022-06-02,6.679999828338623,37.54999923706055,6.769999980926514,37.75410079956055,5.960000038146973,36.68000030517578,5.960000038146973,36.91999816894531,5287700.0,115254.0
2022-06-03,6.269999980926514,38.66999816894531,6.710000038146973,38.68000030517578,6.21999979019165,37.505001068115234,6.460000038146973,37.52000045776367,4760000.0,76311.0
2022-06-06,6.409999847412109,38.0,6.880000114440918,38.56999969482422,6.25,37.970001220703125,6.550000190734863,38.36000061035156,4653900.0,88616.0
2022-06-07,6.090000152587891,38.619998931884766,6.329999923706055,38.79999923706055,5.920000076293945,37.98109817504883,6.300000190734863,38.18000030517578,3648900.0,89528.0
2022-06-08,6.190000057220459,39.61000061035156,6.324999809265137,39.7400016784668,6.040999889373779,38.630001068115234,6.070000171661377,38.75,2557900.0,88884.0
2022-06-09,5.590000152587891,39.2599983215332,6.179999828338623,39.609901428222656,5.550000190734863,39.020999908447266,6.110000133514404,39.599998474121094,2928700.0,55159.0
2022-06-10,5.340000152587891,38.70000076293945,5.449999809265137,39.130001068115234,5.25,38.04999923706055,5.449999809265137,38.779998779296875,3317100.0,56034.0
2022-06-13,4.760000228881836,38.83000183105469,5.010000228881836,39.18000030517578,4.739999771118164,37.527099609375,4.989999771118164,39.13999938964844,4265200.0,147049.0
2022-06-14,4.260000228881836,38.099998474121094,4.835000038146973,39.689998626708984,4.170000076293945,37.650001525878906,4.789999961853027,39.029998779296875,5197800.0,103056.0
2022-06-15,4.079999923706055,37.349998474121094,4.420000076293945,38.28730010986328,4.03000020980835,37.34000015258789,4.300000190734863,37.84000015258789,8791800.0,99890.0
2022-06-16,3.5999999046325684,37.65999984741211,3.990000009536743,38.279998779296875,3.5799999237060547,36.70000076293945,3.9100000858306885,37.209999084472656,6074300.0,52956.0
2022-06-17,3.799999952316284,35.9900016784668,3.9000000953674316,37.880001068115234,3.559999942779541,35.36000061035156,3.6500000953674316,37.880001068115234,4836500.0,260471.0
2022-06-21,3.9800000190734863,36.68000030517578,4.224999904632568,36.79999923706055,3.799999952316284,36.040000915527344,3.9200000762939453,36.34000015258789,8087300.0,238511.0
2022-06-22,3.930000066757202,34.77000045776367,4.130000114440918,35.54499816894531,3.809999942779541,33.84000015258789,3.859999895095825,34.11000061035156,4426900.0,96595.0
2022-06-23,4.139999866485596,33.97999954223633,4.179999828338623,35.19499969482422,3.880000114440918,33.7599983215332,3.950000047683716,35.119998931884766,4430500.0,45250.0
2022-06-24,4.059999942779541,34.619998931884766,4.320000171661377,35.180301666259766,4.03000020980835,34.040000915527344,4.239999771118164,34.31999969482422,34041400.0,76210.0
2022-06-27,3.799999952316284,35.31999969482422,4.110000133514404,35.5,3.759999990463257,34.3400993347168,4.059999942779541,35.20000076293945,4594400.0,32902.0
2022-06-28,3.680000066757202,36.27000045776367,3.940000057220459,36.43539810180664,3.640000104904175,35.640098571777344,3.8399999141693115,36.25,3172400.0,19322.0
2022-06-29,3.5299999713897705,35.470001220703125,3.6700000762939453,37.040000915527344,3.4600000381469727,35.470001220703125,3.619999885559082,37.040000915527344,3241400.0,18747.0
2022-06-30,3.609999895095825,34.29999923706055,3.609999895095825,35.70000076293945,3.315000057220459,34.100101470947266,3.430000066757202,35.70000076293945,3674900.0,45166.0
2022-07-01,4.010000228881836,34.90999984741211,4.010000228881836,35.20000076293945,3.5899999141693115,34.56010055541992,3.5899999141693115,35.20000076293945,3378100.0,28771.0
2022-07-05,4.400000095367432,31.75,4.409999847412109,34.11000061035156,3.869999885559082,31.170000076293945,3.9000000953674316,34.08000183105469,3997300.0,102094.0
2022-07-06,4.380000114440918,31.149999618530273,4.429999828338623,31.556499481201172,4.230000019073486,30.260000228881836,4.340000152587891,31.260000228881836,2779400.0,167059.0
2022-07-07,4.590000152587891,31.510000228881836,4.599999904632568,32.94160079956055,4.360000133514404,30.950000762939453,4.429999828338623,32.54999923706055,2356400.0,176116.0
2022-07-08,4.550000190734863,33.349998474121094,4.679999828338623,33.52989959716797,4.429999828338623,32.80889892578125,4.510000228881836,33.369998931884766,2207900.0,103728.0
2022-07-11,4.210000038146973,33.2599983215332,4.570000171661377,33.4900016784668,4.179999828338623,32.53239822387695,4.519999980926514,32.970001220703125,1918500.0,17392.0
2022-07-12,4.260000228881836,30.920000076293945,4.364999771118164,32.392398834228516,4.114999771118164,30.89349937438965,4.230000019073486,31.84000015258789,2879500.0,50845.0
2022-07-13,4.25,31.170000076293945,4.340000152587891,31.635299682617188,3.940000057220459,30.816200256347656,4.139999866485596,31.100000381469727,2872600.0,91483.0
2022-07-14,3.9100000858306885,31.049999237060547,4.190000057220459,31.280000686645508,3.869999885559082,29.780000686645508,4.150000095367432,30.290000915527344,3228300.0,105077.0
2022-07-15,4.070000171661377,31.350000381469727,4.110000133514404,31.790000915527344,3.859999895095825,31.200000762939453,4.019999980926514,31.489999771118164,2197900.0,28763.0
2022-07-18,4.019999980926514,32.68000030517578,4.289999961853027,33.0,3.9800000190734863,32.560001373291016,4.139999866485596,32.790000915527344,2037800.0,40234.0
2022-07-19,4.150000095367432,33.20000076293945,4.25,33.255001068115234,4.019999980926514,32.439998626708984,4.090000152587891,32.5,1950800.0,18073.0
2022-07-20,4.150000095367432,32.959999084472656,4.329999923706055,33.29869842529297,4.074999809265137,32.600101470947266,4.139999866485596,32.779998779296875,2878900.0,21717.0
2022-07-21,3.8399999141693115,32.099998474121094,3.990000009536743,32.67620086669922,3.700000047683716,31.959999084472656,3.950000047683716,32.0,4310200.0,19445.0
2022-07-22,3.6700000762939453,31.940900802612305,3.8450000286102295,32.69340133666992,3.640000104904175,31.815000534057617,3.8299999237060547,32.099998474121094,3509100.0,12771.0
2022-07-25,3.630000114440918,32.4900016784668,3.7899999618530273,32.689998626708984,3.5999999046325684,32.15999984741211,3.680000066757202,32.369998931884766,2788700.0,18267.0
2022-07-26,3.5,32.25490188598633,3.5999999046325684,33.25,3.359999895095825,32.150001525878906,3.5799999237060547,33.029998779296875,2475100.0,28339.0
2022-07-27,3.7300000190734863,33.45880126953125,3.7699999809265137,33.47999954223633,3.4000000953674316,32.54999923706055,3.5,32.93000030517578,2395100.0,16075.0
2022-07-28,3.869999885559082,33.230499267578125,3.880000114440918,33.67129898071289,3.5899999141693115,32.86000061035156,3.7200000286102295,33.59000015258789,2303200.0,11679.0
2022-07-29,3.819999933242798,33.400001525878906,3.940000057220459,34.5161018371582,3.759999990463257,33.400001525878906,3.809999942779541,33.93000030517578,1771400.0,17263.0
2022-08-01,3.859999895095825,32.34809875488281,3.859999895095825,32.619998931884766,3.5299999713897705,31.989999771118164,3.75,32.310001373291016,2689500.0,21388.0
2022-08-02,3.8499999046325684,32.86000061035156,3.9600000381469727,33.36000061035156,3.740000009536743,32.459999084472656,3.7799999713897705,32.709999084472656,2492900.0,18628.0
2022-08-03,3.9700000286102295,31.709999084472656,4.010000228881836,33.006099700927734,3.815000057220459,31.709999084472656,3.859999895095825,32.880001068115234,2339300.0,19010.0
2022-08-04,3.9100000858306885,30.739999771118164,4.039999961853027,31.77680015563965,3.884999990463257,30.690000534057617,3.9700000286102295,31.579999923706055,1920000.0,51288.0
2022-08-05,4.099999904632568,30.760000228881836,4.110000133514404,31.461700439453125,3.6500000953674316,30.34000015258789,3.880000114440918,30.40999984741211,7821100.0,18151.0
2022-08-08,4.599999904632568,31.600000381469727,4.670000076293945,31.700000762939453,4.111000061035156,30.770000457763672,4.139999866485596,30.770000457763672,4178800.0,35893.0
2022-08-09,4.400000095367432,31.579999923706055,4.619999885559082,32.29499816894531,4.150000095367432,31.5,4.619999885559082,31.8799991607666,6420000.0,15092.0
2022-08-10,4.739999771118164,31.969999313354492,4.940000057220459,32.267398834228516,4.5269999504089355,30.820100784301758,4.53000020980835,31.549999237060547,2883700.0,29315.0
2022-08-11,4.650000095367432,33.029998779296875,4.90500020980835,33.11000061035156,4.630000114440918,32.369998931884766,4.840000152587891,32.70000076293945,3326100.0,27885.0
2022-08-12,4.699999809265137,32.2599983215332,4.769999980926514,32.54999923706055,4.550000190734863,32.253299713134766,4.739999771118164,32.33700180053711,2608100.0,12058.0
2022-08-15,4.679999828338623,31.31999969482422,4.699999809265137,31.63599967956543,4.40500020980835,30.79560089111328,4.639999866485596,30.809999465942383,4501100.0,50311.0
2022-08-16,4.449999809265137,30.729999542236328,4.679999828338623,31.751399993896484,3.930000066757202,30.510000228881836,4.190000057220459,31.290000915527344,7666700.0,43180.0
2022-08-17,3.9600000381469727,31.170000076293945,4.320000171661377,31.5,3.880000114440918,30.59000015258789,4.320000171661377,30.90999984741211,5113500.0,28422.0
2022-08-18,4.059999942779541,32.16999816894531,4.119999885559082,32.310001373291016,3.859999895095825,31.600099563598633,4.019999980926514,31.770000457763672,5986700.0,110918.0
2022-08-19,3.619999885559082,32.34000015258789,3.940000057220459,32.529998779296875,3.609999895095825,31.8799991607666,3.940000057220459,31.950000762939453,3990100.0,25186.0
2022-08-22,3.3399999141693115,32.209999084472656,3.619999885559082,32.650001525878906,3.3299999237060547,30.969999313354492,3.5899999141693115,31.100000381469727,3348100.0,34908.0
2022-08-23,3.2100000381469727,33.40999984741211,3.427999973297119,33.5,3.200000047683716,32.650001525878906,3.3399999141693115,32.650001525878906,4969300.0,47678.0
2022-08-24,3.2799999713897705,33.75,3.384999990463257,33.939998626708984,3.2200000286102295,33.099998474121094,3.2200000286102295,33.939998626708984,3239500.0,20480.0
2022-08-25,3.259999990463257,33.02000045776367,3.3399999141693115,33.938201904296875,3.1700000762939453,32.83000183105469,3.2899999618530273,33.849998474121094,2749900.0,71440.0
2022-08-26,3.25,32.756500244140625,3.299999952316284,33.025001525878906,3.0850000381469727,32.58250045776367,3.2699999809265137,33.0,4711500.0,12475.0
2022-08-29,3.180000066757202,34.33000183105469,3.309999942779541,34.33000183105469,3.1700000762939453,33.220001220703125,3.200000047683716,33.220001220703125,3323500.0,42800.0
2022-08-30,3.109999895095825,32.86000061035156,3.2699999809265137,33.4900016784668,3.049999952316284,32.38010025024414,3.180000066757202,33.2599983215332,2811600.0,31806.0
2022-08-31,2.859999895095825,31.5,3.174999952316284,32.457401275634766,2.8399999141693115,31.5,3.130000114440918,32.119998931884766,5553200.0,28334.0
2022-09-01,2.809999942779541,30.56999969482422,2.869999885559082,31.290000915527344,2.609999895095825,30.559999465942383,2.819999933242798,31.049999237060547,5217700.0,38114.0
2022-09-02,2.75,31.0,2.9700000286102295,31.699499130249023,2.740000009536743,30.829999923706055,2.890000104904175,31.549999237060547,3303900.0,32213.0
2022-09-06,2.819999933242798,30.887800216674805,2.890000104904175,31.450000762939453,2.744999885559082,30.799999237060547,2.799999952316284,31.450000762939453,5833600.0,109354.0
2022-09-07,2.9100000858306885,29.06999969482422,2.9600000381469727,30.68000030517578,2.7699999809265137,29.06999969482422,2.809999942779541,30.68000030517578,4643100.0,71221.0
2022-09-08,2.9600000381469727,29.540000915527344,2.9800000190734863,29.87619972229004,2.8450000286102295,29.388999938964844,2.8499999046325684,29.56999969482422,3737500.0,28840.0
2022-09-09,3.200000047683716,30.6299991607666,3.200000047683716,30.929899215698242,3.0,30.229999542236328,3.0,30.299999237060547,3818800.0,36354.0
2022-09-12,3.380000114440918,31.219999313354492,3.380000114440918,31.610000610351562,3.200000047683716,31.209400177001953,3.2100000381469727,31.34000015258789,3085200.0,26942.0
2022-09-13,3.0399999618530273,31.030000686645508,3.2249999046325684,31.62070083618164,3.0299999713897705,30.489999771118164,3.200000047683716,30.850000381469727,4549600.0,38516.0
2022-09-14,3.059999942779541,31.350000381469727,3.119999885559082,31.8799991607666,2.9000000953674316,31.200000762939453,3.0299999713897705,31.309999465942383,5373600.0,18588.0
2022-09-15,3.1600000858306885,30.09000015258789,3.2899999618530273,31.0,3.0299999713897705,30.06999969482422,3.0299999713897705,31.0,4280500.0,284476.0
2022-09-16,2.890000104904175,30.229999542236328,3.0999999046325684,30.640100479125977,2.8399999141693115,30.065399169921875,3.0799999237060547,30.540000915527344,21106800.0,28495.0
2022-09-19,2.690000057220459,30.200000762939453,2.8499999046325684,30.499900817871094,2.674999952316284,29.1200008392334,2.809999942779541,30.229999542236328,8853000.0,32182.0
2022-09-20,2.5299999713897705,29.8700008392334,2.680000066757202,30.200000762939453,2.5,29.670000076293945,2.680000066757202,29.739999771118164,5243800.0,12915.0
2022-09-21,2.440000057220459,29.709999084472656,2.619999885559082,30.5,2.430000066757202,29.5,2.559999942779541,30.5,3281300.0,16216.0
2022-09-22,2.2899999618530273,29.862199783325195,2.434999942779541,30.726200103759766,2.259999990463257,29.780000686645508,2.4100000858306885,30.399999618530273,4500500.0,11182.0
2022-09-23,2.3499999046325684,28.268999099731445,2.4000000953674316,29.130599975585938,2.2300000190734863,28.0,2.2300000190734863,29.1200008392334,3998700.0,54939.0
2022-09-26,2.2899999618530273,27.3799991607666,2.494999885559082,28.670000076293945,2.2799999713897705,27.260000228881836,2.3399999141693115,28.209999084472656,3337800.0,26150.0
2022-09-27,2.3299999237060547,27.95639991760254,2.5,28.249900817871094,2.2899999618530273,27.620100021362305,2.359999895095825,27.760000228881836,3188400.0,25605.0
2022-09-28,2.5999999046325684,29.049999237060547,2.640000104904175,29.229999542236328,2.319999933242798,28.170000076293945,2.3299999237060547,28.229999542236328,4633400.0,20235.0
2022-09-29,2.3299999237060547,28.9414005279541,2.559999942779541,29.75,2.299999952316284,28.81999969482422,2.5199999809265137,29.75,2255600.0,16393.0
2022-09-30,2.319999933242798,28.301599502563477,2.434999942779541,28.790000915527344,2.309999942779541,28.229900360107422,2.359999895095825,28.75,2189500.0,7096.0
2022-10-03,2.440000057220459,29.579999923706055,2.4649999141693115,29.950000762939453,2.2699999809265137,29.200000762939453,2.369999885559082,29.8700008392334,2484600.0,35674.0
2022-10-04,2.630000114440918,30.521400451660156,2.680000066757202,30.700000762939453,2.509999990463257,30.18000030517578,2.549999952316284,30.459999084472656,7465300.0,33042.0
2022-10-05,2.549999952316284,31.1200008392334,2.625,31.399999618530273,2.4600000381469727,30.5,2.549999952316284,30.940000534057617,2348900.0,116599.0
2022-10-06,2.9600000381469727,31.68000030517578,3.2249999046325684,31.690000534057617,2.640000104904175,31.079999923706055,2.6500000953674316,31.15999984741211,12605500.0,90774.0
2022-10-07,2.869999885559082,32.557701110839844,3.009000062942505,32.97999954223633,2.740000009536743,31.75,2.8499999046325684,31.75,4317700.0,100691.0
2022-10-10,2.7699999809265137,32.02000045776367,2.9100000858306885,33.150001525878906,2.740000009536743,32.0,2.9100000858306885,32.63999938964844,3852700.0,72498.0
2022-10-11,2.930000066757202,31.290000915527344,2.940000057220459,31.709999084472656,2.619999885559082,31.06999969482422,2.7699999809265137,31.540000915527344,3903100.0,90086.0
2022-10-12,2.7100000381469727,30.75,2.9200000762939453,31.0,2.680000066757202,30.480100631713867,2.9200000762939453,30.6200008392334,4127800.0,24408.0
2022-10-13,2.700000047683716,31.567100524902344,2.7300000190734863,31.6299991607666,2.4200000762939453,30.6299991607666,2.5999999046325684,30.690000534057617,3591600.0,33647.0
2022-10-14,2.4600000381469727,30.43000030517578,2.819999933242798,31.054000854492188,2.450000047683716,30.290000915527344,2.740000009536743,30.989999771118164,1879000.0,116537.0
2022-10-17,2.700000047683716,30.450000762939453,2.700000047683716,31.030000686645508,2.430000066757202,30.36009979248047,2.559999942779541,30.920000076293945,2665400.0,14838.0
2022-10-18,2.740000009536743,29.8700008392334,2.884999990463257,30.309999465942383,2.630000114440918,29.530000686645508,2.799999952316284,30.149999618530273,3555800.0,43428.0
2022-10-19,2.5,30.579999923706055,2.75,30.69499969482422,2.4600000381469727,29.8799991607666,2.7100000381469727,29.950000762939453,2382500.0,42159.0
2022-10-20,2.4800000190734863,30.56999969482422,2.6700000762939453,31.149999618530273,2.434999942779541,30.3799991607666,2.4800000190734863,30.979999542236328,2515200.0,101604.0
2022-10-21,2.4600000381469727,30.709699630737305,2.490000009536743,30.93000030517578,2.325000047683716,30.209999084472656,2.4800000190734863,30.459999084472656,1970400.0,17128.0
2022-10-24,2.2799999713897705,30.579999923706055,2.4800000190734863,30.899999618530273,2.2100000381469727,30.460100173950195,2.4800000190734863,30.700000762939453,2606200.0,17334.0
2022-10-25,2.640000104904175,30.84000015258789,2.694999933242798,31.18000030517578,2.2899999618530273,30.540000915527344,2.2899999618530273,31.084999084472656,3720800.0,80639.0
2022-10-26,2.690000057220459,31.739999771118164,2.799999952316284,31.8700008392334,2.5850000381469727,31.100000381469727,2.5999999046325684,31.239999771118164,2112900.0,24078.0
2022-10-27,2.740000009536743,31.971500396728516,2.7950000762939453,32.20000076293945,2.680000066757202,31.780099868774414,2.7799999713897705,32.20000076293945,1992800.0,64962.0
2022-10-28,2.509999990463257,31.600000381469727,2.7100000381469727,31.829999923706055,2.4800000190734863,31.329999923706055,2.6700000762939453,31.729999542236328,4218900.0,22435.0
2022-10-31,2.640000104904175,31.079999923706055,2.6600000858306885,31.610000610351562,2.5299999713897705,30.780000686645508,2.5299999713897705,31.1200008392334,3118100.0,29071.0
2022-11-01,2.549999952316284,31.860000610351562,2.7699999809265137,32.27000045776367,2.5399999618530273,31.780000686645508,2.700000047683716,32.27000045776367,1880300.0,18823.0
2022-11-02,2.359999895095825,32.25,2.609999895095825,32.58000183105469,2.3510000705718994,31.709999084472656,2.5299999713897705,32.0,3018700.0,34556.0
2022-11-03,2.25,31.891300201416016,2.4100000858306885,32.150001525878906,2.25,31.836000442504883,2.299999952316284,31.84000015258789,2577000.0,13705.0
2022-11-04,2.240000009536743,33.470001220703125,2.319999933242798,33.56990051269531,2.1449999809265137,33.04999923706055,2.309999942779541,33.27000045776367,2696100.0,80181.0
2022-11-07,2.0999999046325684,33.369998931884766,2.2699999809265137,33.859901428222656,2.0250000953674316,33.25,2.25,33.470001220703125,3329200.0,26195.0
2022-11-08,2.0399999618530273,32.40999984741211,2.1500000953674316,33.279998779296875,1.9900000095367432,32.305301666259766,2.0999999046325684,33.279998779296875,3875500.0,20862.0
2022-11-09,1.850000023841858,31.34000015258789,2.0299999713897705,31.989999771118164,1.840000033378601,31.15999984741211,2.0299999713897705,31.90999984741211,2897500.0,30420.0
2022-11-10,2.430000066757202,31.540000915527344,2.440000057220459,31.818500518798828,2.0399999618530273,31.020000457763672,2.0399999618530273,31.290000915527344,6800800.0,21980.0
2022-11-11,3.5,32.59000015258789,4.210000038146973,32.68989944458008,2.180999994277954,32.150001525878906,2.2300000190734863,32.43000030517578,33699600.0,24401.0
2022-11-14,3.2200000286102295,31.280000686645508,3.515000104904175,32.49020004272461,3.2100000381469727,31.260000228881836,3.4200000762939453,32.22999954223633,4674300.0,36927.0
2022-11-15,3.4200000762939453,31.93000030517578,3.569000005722046,32.58000183105469,3.3299999237060547,31.239999771118164,3.3299999237060547,31.270000457763672,6356400.0,34846.0
2022-11-16,3.069999933242798,31.309999465942383,3.359999895095825,31.700000762939453,3.059999942779541,31.1200008392334,3.319999933242798,31.700000762939453,2627000.0,23548.0
2022-11-17,2.950000047683716,30.530000686645508,3.0199999809265137,31.06999969482422,2.8399999141693115,30.329999923706055,3.0199999809265137,31.049999237060547,2405700.0,96132.0
2022-11-18,2.799999952316284,29.989999771118164,3.0450000762939453,30.1200008392334,2.759999990463257,29.389999389648438,3.0399999618530273,29.649999618530273,2260600.0,95823.0
2022-11-21,2.700000047683716,29.959999084472656,2.7699999809265137,30.1200008392334,2.565000057220459,28.400100708007812,2.75,28.950000762939453,2078900.0,76619.0
2022-11-22,2.759999990463257,30.510000228881836,2.7799999713897705,30.81999969482422,2.575000047683716,30.280000686645508,2.7200000286102295,30.360000610351562,1712800.0,23136.0
2022-11-23,2.819999933242798,29.32990074157715,2.8499999046325684,30.149999618530273,2.690000057220459,29.1200008392334,2.7799999713897705,29.649999618530273,1442400.0,30368.0
2022-11-25,2.859999895095825,29.077600479125977,2.859999895095825,29.850000381469727,2.7249999046325684,29.059999465942383,2.75,29.56999969482422,564800.0,8377.0
2022-11-28,2.700000047683716,29.18000030517578,2.950000047683716,29.327899932861328,2.700000047683716,28.200000762939453,2.799999952316284,28.299999237060547,1297100.0,45882.0
2022-11-29,2.690000057220459,29.780000686645508,2.809999942779541,30.009599685668945,2.680000066757202,29.239999771118164,2.700000047683716,29.770000457763672,1434500.0,30610.0
2022-11-30,2.990000009536743,30.440000534057617,2.990000009536743,30.639999389648438,2.609999895095825,30.290000915527344,2.7100000381469727,30.479999542236328,3487400.0,26475.0
2022-12-01,3.2100000381469727,30.639999389648438,3.2200000286102295,31.350000381469727,2.9700000286102295,30.600000381469727,2.990000009536743,31.139999389648438,3484000.0,31445.0
2022-12-02,3.2699999809265137,30.329999923706055,3.309999942779541,30.8700008392334,2.9800000190734863,30.149999618530273,3.0399999618530273,30.6299991607666,2230900.0,17331.0
2022-12-05,2.9100000858306885,29.3799991607666,3.2699999809265137,31.170000076293945,2.9000000953674316,29.149999618530273,3.200000047683716,31.010000228881836,1794900.0,37191.0
2022-12-06,2.759999990463257,28.200000762939453,2.930000066757202,29.190000534057617,2.740000009536743,27.920000076293945,2.9100000858306885,28.950000762939453,1557600.0,81804.0
2022-12-07,2.640000104904175,27.56999969482422,2.755000114440918,28.5,2.569999933242798,27.360000610351562,2.7200000286102295,28.399999618530273,2589900.0,39374.0
2022-12-08,2.5999999046325684,27.06999969482422,2.819999933242798,28.059999465942383,2.509999990463257,27.049999237060547,2.630000114440918,27.90999984741211,1654700.0,37127.0
2022-12-09,2.569999933242798,27.229999542236328,2.619999885559082,27.450000762939453,2.450000047683716,26.719999313354492,2.5399999618530273,27.200000762939453,1203000.0,28487.0
2022-12-12,2.640000104904175,27.854999542236328,2.6449999809265137,28.010000228881836,2.4700000286102295,27.329999923706055,2.549999952316284,27.329999923706055,2002600.0,81430.0
2022-12-13,2.6500000953674316,28.639999389648438,3.049999952316284,28.799999237060547,2.5999999046325684,28.170000076293945,2.875,28.280000686645508,2732000.0,60176.0
2022-12-14,2.819999933242798,29.280000686645508,2.8299999237060547,29.3799991607666,2.619999885559082,28.760000228881836,2.640000104904175,29.010000228881836,2786300.0,50393.0
2022-12-15,2.569999933242798,28.672000885009766,2.7850000858306885,29.06999969482422,2.569999933242798,28.500600814819336,2.7100000381469727,29.020000457763672,1902700.0,20814.0
2022-12-16,2.6700000762939453,28.15999984741211,2.680000066757202,28.5,2.500999927520752,27.739999771118164,2.5199999809265137,27.959999084472656,3209700.0,48095.0
2022-12-19,2.4100000858306885,28.760000228881836,2.619999885559082,28.815000534057617,2.4000000953674316,28.125,2.619999885559082,28.540000915527344,1578900.0,28936.0
2022-12-20,2.319999933242798,28.809999465942383,2.4200000762939453,28.915000915527344,2.2699999809265137,28.219999313354492,2.4100000858306885,28.68000030517578,2329900.0,14761.0
2022-12-21,2.380000114440918,29.549999237060547,2.440000057220459,29.627300262451172,2.2950000762939453,29.219999313354492,2.380000114440918,29.31999969482422,1581700.0,61558.0
2022-12-22,2.240000009536743,29.457399368286133,2.309999942779541,29.799999237060547,2.130000114440918,29.02750015258789,2.2899999618530273,29.780000686645508,2254600.0,28052.0
2022-12-23,2.25,30.09000015258789,2.299999952316284,30.190000534057617,2.1700000762939453,29.920000076293945,2.240000009536743,30.06999969482422,1497600.0,38729.0
2022-12-27,2.0999999046325684,30.209999084472656,2.2300000190734863,30.610000610351562,2.069999933242798,30.104999542236328,2.2300000190734863,30.360000610351562,1328500.0,37451.0
2022-12-28,2.0399999618530273,29.770000457763672,2.130000114440918,29.995100021362305,2.0,29.350000381469727,2.0899999141693115,29.610000610351562,1872800.0,20273.0
2022-12-29,2.200000047683716,29.809999465942383,2.200000047683716,29.850000381469727,2.009999990463257,29.360000610351562,2.0799999237060547,29.850000381469727,2054200.0,23970.0
2022-12-30,2.3299999237060547,30.5,2.369999885559082,30.5,2.130000114440918,29.459999084472656,2.1500000953674316,29.459999084472656,2549300.0,29915.0
2023-01-03,2.2200000286102295,29.3700008392334,2.5399999618530273,30.149999618530273,2.200000047683716,29.200000762939453,2.3499999046325684,29.8700008392334,2433400.0,25387.0
2023-01-04,2.450000047683716,27.8799991607666,2.5350000858306885,28.450000762939453,2.25,27.670000076293945,2.299999952316284,28.450000762939453,3554100.0,67231.0
2023-01-05,2.390000104904175,27.969999313354492,2.4549999237060547,28.449499130249023,2.309999942779541,27.670000076293945,2.390000104904175,27.790000915527344,2958600.0,32836.0
2023-01-06,2.509999990463257,28.100000381469727,2.509999990463257,28.549999237060547,2.2899999618530273,27.954999923706055,2.450000047683716,28.520000457763672,1956700.0,23216.0
2023-01-09,2.799999952316284,28.549999237060547,2.9049999713897705,29.100000381469727,2.5,28.440000534057617,2.549999952316284,28.809999465942383,3816100.0,33047.0
2023-01-10,3.009999990463257,28.549999237060547,3.009999990463257,28.850000381469727,2.680000066757202,28.379899978637695,2.7899999618530273,28.719999313354492,2822300.0,12970.0
2023-01-11,3.3399999141693115,29.5,3.390000104904175,29.549999237060547,2.984999895095825,28.950000762939453,3.0,29.18000030517578,5025800.0,62778.0
2023-01-12,3.640000104904175,29.709999084472656,3.6500000953674316,30.07900047302246,3.200000047683716,29.709999084472656,3.3399999141693115,29.90999984741211,3797300.0,33095.0
2023-01-13,3.5999999046325684,30.440000534057617,3.700000047683716,30.46500015258789,3.4800000190734863,29.966800689697266,3.5399999618530273,29.969999313354492,2234300.0,19887.0
2023-01-17,3.6500000953674316,30.719999313354492,3.680000066757202,30.829999923706055,3.4800000190734863,30.209999084472656,3.5999999046325684,30.760000228881836,1635400.0,46493.0
2023-01-18,3.4800000190734863,30.219999313354492,3.8399999141693115,31.25,3.4700000286102295,30.09000015258789,3.700000047683716,31.0,2282100.0,31973.0
2023-01-19,3.0999999046325684,30.68000030517578,3.390000104904175,30.897199630737305,2.9049999713897705,30.239999771118164,3.390000104904175,30.389999389648438,4625100.0,52216.0
2023-01-20,3.4100000858306885,30.950000762939453,3.440000057220459,31.110000610351562,3.0220000743865967,30.399999618530273,3.1500000953674316,30.8799991607666,2317000.0,41612.0
2023-01-23,3.4200000762939453,31.010000228881836,3.5199999809265137,31.350000381469727,3.319999933242798,30.950000762939453,3.4100000858306885,31.149999618530273,2556000.0,38456.0
2023-01-24,3.309999942779541,30.540000915527344,3.4700000286102295,31.06999969482422,3.299999952316284,30.3700008392334,3.380000114440918,31.049999237060547,2349400.0,21750.0
2023-01-25,3.490000009536743,30.59000015258789,3.5,30.760000228881836,3.1600000858306885,30.299999237060547,3.2100000381469727,30.5,3305000.0,16927.0
2023-01-26,3.7200000286102295,30.809999465942383,3.759999990463257,31.139999389648438,3.430000066757202,30.709999084472656,3.5199999809265137,31.139999389648438,3400600.0,9475.0
2023-01-27,3.990000009536743,30.212299346923828,4.119999885559082,31.170000076293945,3.6500000953674316,30.059999465942383,3.6500000953674316,31.170000076293945,6628400.0,30489.0
2023-01-30,3.7699999809265137,29.530000686645508,3.9600000381469727,30.30500030517578,3.75,29.520000457763672,3.940000057220459,29.8799991607666,3659800.0,33165.0
2023-01-31,4.019999980926514,30.1299991607666,4.079999923706055,30.170000076293945,3.8299999237060547,29.43000030517578,3.8399999141693115,29.43000030517578,3519700.0,19757.0
2023-02-01,4.409999847412109,29.309999465942383,4.449999809265137,30.1018009185791,3.9000000953674316,29.000999450683594,4.03000020980835,29.979999542236328,3980800.0,54906.0
2023-02-02,4.760000228881836,28.850000381469727,5.158999919891357,29.28820037841797,4.489999771118164,28.700000762939453,4.489999771118164,29.059999465942383,10410700.0,80273.0
2023-02-03,4.480000019073486,27.950000762939453,4.71999979019165,29.649999618530273,4.309999942779541,27.950000762939453,4.480000019073486,28.940000534057617,3317100.0,82584.0
2023-02-06,4.449999809265137,28.469999313354492,4.559999942779541,28.469999313354492,4.329999923706055,27.6299991607666,4.409999847412109,28.290000915527344,2749700.0,47355.0
2023-02-07,4.230000019073486,29.5,4.360000133514404,29.5,3.9100000858306885,28.520000457763672,4.329999923706055,28.520000457763672,3249300.0,46772.0
2023-02-08,4.139999866485596,29.790000915527344,4.349999904632568,29.860000610351562,4.130000114440918,29.3700008392334,4.159999847412109,29.75,2474100.0,17969.0
2023-02-09,3.950000047683716,29.549999237060547,4.304999828338623,29.700000762939453,3.950000047683716,29.25,4.269999980926514,29.670000076293945,2640900.0,18024.0
2023-02-10,3.700000047683716,30.299999237060547,3.9600000381469727,30.399900436401367,3.630000114440918,29.979999542236328,3.8299999237060547,30.0,3296700.0,28615.0
2023-02-13,4.119999885559082,30.0,4.260000228881836,30.579999923706055,3.694999933242798,29.979999542236328,3.7300000190734863,30.100000381469727,3818400.0,64350.0
2023-02-14,4.25,30.200000762939453,4.289999961853027,30.270000457763672,3.8499999046325684,29.549999237060547,4.019999980926514,29.649999618530273,2476000.0,24149.0
2023-02-15,4.409999847412109,30.049999237060547,4.420000076293945,30.18000030517578,4.15500020980835,29.549999237060547,4.170000076293945,29.889999389648438,2074300.0,15110.0
2023-02-16,4.159999847412109,29.790000915527344,4.360000133514404,30.049999237060547,4.079999923706055,29.760000228881836,4.260000228881836,29.809999465942383,2580600.0,22547.0
2023-02-17,3.880000114440918,29.149999618530273,4.13700008392334,29.18000030517578,3.744999885559082,28.719999313354492,4.090000152587891,28.860000610351562,2730100.0,60457.0
2023-02-21,3.7899999618530273,28.940000534057617,3.9800000190734863,29.420000076293945,3.7100000381469727,28.920000076293945,3.7799999713897705,29.3799991607666,2184500.0,18372.0
2023-02-22,3.8499999046325684,28.200000762939453,3.9200000762939453,28.899999618530273,3.6700000762939453,28.180999755859375,3.799999952316284,28.8700008392334,1719300.0,13540.0
2023-02-23,3.6500000953674316,28.8700008392334,3.9200000762939453,28.950000762939453,3.569999933242798,28.600000381469727,3.9000000953674316,28.729999542236328,2175700.0,16505.0
2023-02-24,3.5899999141693115,29.18000030517578,3.615000009536743,29.18000030517578,3.430000066757202,28.295000076293945,3.5199999809265137,28.520000457763672,1747300.0,19098.0
2023-02-27,3.5799999237060547,28.81999969482422,3.690000057220459,29.0,3.5199999809265137,28.579999923706055,3.6600000858306885,29.0,1339800.0,22543.0
2023-02-28,3.609999895095825,29.139999389648438,3.680000066757202,29.5,3.5,29.139999389648438,3.559999942779541,29.3700008392334,2048300.0,25310.0
2023-03-01,3.049999952316284,29.600000381469727,3.4200000762939453,29.600000381469727,2.799999952316284,29.079999923706055,3.359999895095825,29.1299991607666,6723700.0,17167.0
2023-03-02,3.0199999809265137,29.690000534057617,3.0899999141693115,29.81999969482422,2.819999933242798,29.479999542236328,3.0799999237060547,29.670000076293945,3404500.0,20210.0
2023-03-03,3.4100000858306885,30.260000228881836,3.440000057220459,30.420000076293945,3.069999933242798,29.139999389648438,3.1600000858306885,29.139999389648438,5096700.0,21493.0
2023-03-06,3.359999895095825,30.600000381469727,3.569999933242798,30.700000762939453,3.2899999618530273,30.06999969482422,3.4000000953674316,30.079999923706055,2558900.0,14510.0
2023-03-07,3.25,29.440000534057617,3.365000009536743,30.56999969482422,3.2100000381469727,29.420000076293945,3.2799999713897705,30.56999969482422,3843200.0,19097.0
2023-03-08,3.299999952316284,29.1200008392334,3.3299999237060547,29.5,3.1600000858306885,29.021400451660156,3.240000009536743,29.1200008392334,1424600.0,9626.0
2023-03-09,2.940000057220459,28.8700008392334,3.309999942779541,29.639999389648438,2.930000066757202,28.719999313354492,3.2899999618530273,29.5,1967100.0,17983.0
2023-03-10,2.8499999046325684,29.18000030517578,2.930000066757202,29.32990074157715,2.759999990463257,28.84000015258789,2.9200000762939453,28.84000015258789,3296500.0,18518.0
2023-03-13,2.940000057220459,28.379199981689453,3.0399999618530273,28.975400924682617,2.615000009536743,27.829999923706055,2.75,28.0,4775100.0,41763.0
2023-03-14,2.890000104904175,27.3799991607666,3.140000104904175,28.350000381469727,2.8399999141693115,27.1299991607666,3.0799999237060547,27.899999618530273,2523700.0,92555.0
2023-03-15,2.9700000286102295,26.139999389648438,2.990000009536743,26.600000381469727,2.740000009536743,25.309999465942383,2.759999990463257,26.440000534057617,2333800.0,174153.0
2023-03-16,3.059999942779541,26.18950080871582,3.0899999141693115,26.540000915527344,2.880000114440918,25.309999465942383,2.890000104904175,25.670000076293945,1864400.0,74675.0
2023-03-17,2.9600000381469727,25.639999389648438,3.049999952316284,26.18000030517578,2.8949999809265137,25.309999465942383,3.049999952316284,26.18000030517578,2944300.0,71931.0
2023-03-20,2.940000057220459,26.0,3.0190000534057617,26.1299991607666,2.8499999046325684,25.37070083618164,2.950000047683716,25.559999465942383,1671100.0,144557.0
2023-03-21,3.1600000858306885,26.690000534057617,3.2100000381469727,26.700000762939453,2.940000057220459,26.209999084472656,3.0,26.290000915527344,2340700.0,82675.0
2023-03-22,2.950000047683716,26.889999389648438,3.180000066757202,27.209999084472656,2.940000057220459,26.579999923706055,3.119999885559082,26.799999237060547,2113900.0,73040.0
2023-03-23,2.9600000381469727,26.599199295043945,3.1700000762939453,27.450000762939453,2.930000066757202,26.541000366210938,2.9600000381469727,27.09000015258789,1765300.0,28193.0
2023-03-24,3.0,26.612499237060547,3.069999933242798,26.639999389648438,2.880000114440918,26.15999984741211,2.9000000953674316,26.280000686645508,1528300.0,31486.0
2023-03-27,3.0199999809265137,27.950000762939453,3.049999952316284,27.950000762939453,2.9000000953674316,26.969999313354492,3.049999952316284,27.15999984741211,1663100.0,29670.0
2023-03-28,2.9100000858306885,28.07509994506836,3.009999990463257,28.25,2.8499999046325684,27.856300354003906,3.0,27.8700008392334,1175300.0,32195.0
2023-03-29,3.059999942779541,27.915000915527344,3.059999942779541,28.409000396728516,2.930000066757202,27.860000610351562,2.990000009536743,28.350000381469727,1068400.0,18682.0
2023-03-30,3.069999933242798,28.3700008392334,3.1700000762939453,28.43000030517578,3.0450000762939453,27.950000762939453,3.130000114440918,28.15999984741211,1073600.0,31778.0
2023-03-31,3.2300000190734863,28.950000762939453,3.2899999618530273,28.950000762939453,3.059999942779541,28.549999237060547,3.0899999141693115,28.559999465942383,2891400.0,24544.0
2023-04-03,3.25,30.5,3.259999990463257,30.639999389648438,3.0999999046325684,30.200000762939453,3.2100000381469727,30.299999237060547,1986900.0,68863.0
2023-04-04,3.200000047683716,30.43000030517578,3.3299999237060547,30.899999618530273,3.140000104904175,30.229999542236328,3.25,30.899999618530273,1653700.0,147521.0
2023-04-05,3.140000104904175,30.489999771118164,3.2049999237060547,30.560800552368164,2.990000009536743,30.18000030517578,3.1500000953674316,30.489999771118164,1457600.0,24863.0
2023-04-06,3.200000047683716,30.579999923706055,3.2300000190734863,30.579999923706055,3.069999933242798,30.280000686645508,3.119999885559082,30.579999923706055,1928800.0,17546.0
2023-04-10,3.130000114440918,30.270000457763672,3.174999952316284,30.6200008392334,3.015000104904175,30.15999984741211,3.140000104904175,30.399999618530273,2241900.0,21265.0
2023-04-11,3.190000057220459,30.860000610351562,3.25,30.860000610351562,3.119999885559082,30.354299545288086,3.1700000762939453,30.420000076293945,1236800.0,32406.0
2023-04-12,3.059999942779541,31.3700008392334,3.390000104904175,31.448999404907227,3.049999952316284,31.0,3.2899999618530273,31.0,1761100.0,42626.0
2023-04-13,3.1500000953674316,31.020000457763672,3.2049999237060547,31.440000534057617,3.0899999141693115,31.020000457763672,3.109999895095825,31.329999923706055,1152500.0,11483.0
2023-04-14,3.130000114440918,31.25,3.184999942779541,31.389999389648438,3.0399999618530273,30.93239974975586,3.1700000762939453,31.149999618530273,1553300.0,21698.0
2023-04-17,3.190000057220459,30.6299991607666,3.2149999141693115,31.09000015258789,3.0899999141693115,30.56999969482422,3.1500000953674316,30.989999771118164,875900.0,30589.0
2023-04-18,3.109999895095825,30.729999542236328,3.2699999809265137,30.93000030517578,3.0450000762939453,30.420000076293945,3.259999990463257,30.68000030517578,2278400.0,41147.0
2023-04-19,3.140000104904175,29.709999084472656,3.2200000286102295,30.280000686645508,3.0350000858306885,29.709999084472656,3.059999942779541,30.190000534057617,1887100.0,50471.0
2023-04-20,3.049999952316284,29.489999771118164,3.2049999237060547,29.579999923706055,3.049999952316284,29.270000457763672,3.0799999237060547,29.479999542236328,1177400.0,26843.0
2023-04-21,3.0799999237060547,29.280000686645508,3.1050000190734863,29.790000915527344,3.0,29.280000686645508,3.069999933242798,29.68000030517578,1282100.0,15977.0
2023-04-24,2.930000066757202,30.09869956970215,3.119999885559082,30.18899917602539,2.9200000762939453,29.540000915527344,3.059999942779541,29.989999771118164,1190900.0,25797.0
2023-04-25,2.5799999237060547,29.408100128173828,2.9200000762939453,29.75,2.5399999618530273,29.209999084472656,2.890000104904175,29.75,5452500.0,15786.0
2023-04-26,2.309999942779541,28.459999084472656,2.6600000858306885,29.399999618530273,2.2300000190734863,28.347900390625,2.6500000953674316,29.09000015258789,5358900.0,34859.0
2023-04-27,2.240000009536743,28.57990074157715,2.3450000286102295,28.75,2.200000047683716,28.31999969482422,2.3299999237060547,28.59000015258789,3432100.0,154798.0
2023-04-28,2.3399999141693115,29.34000015258789,2.380000114440918,29.34000015258789,2.184999942779541,28.420000076293945,2.2100000381469727,28.510000228881836,3630200.0,16504.0
2023-05-01,2.390000104904175,28.809999465942383,2.450000047683716,29.0,2.309999942779541,28.510000228881836,2.3399999141693115,28.760000228881836,2135000.0,15662.0
2023-05-02,2.200000047683716,27.420000076293945,2.3499999046325684,28.399999618530273,2.1700000762939453,27.399599075317383,2.3499999046325684,28.399999618530273,3158900.0,67471.0
2023-05-03,2.1600000858306885,26.290000915527344,2.265000104904175,26.860000610351562,2.140000104904175,26.18000030517578,2.2100000381469727,26.860000610351562,3085800.0,109713.0
2023-05-04,2.190000057220459,26.440000534057617,2.25,26.809999465942383,2.0810000896453857,26.0,2.1600000858306885,26.299999237060547,4977700.0,101705.0
2023-05-05,2.490000009536743,27.394800186157227,2.555000066757202,27.5,2.263000011444092,27.25,2.2699999809265137,27.329999923706055,8380400.0,51625.0
2023-05-08,2.640000104904175,27.969999313354492,2.6500000953674316,28.15999984741211,2.450000047683716,27.790000915527344,2.490000009536743,28.020000457763672,3386400.0,65972.0
2023-05-09,2.799999952316284,28.21500015258789,2.869999885559082,28.350000381469727,2.5199999809265137,27.559999465942383,2.5799999237060547,27.899999618530273,3703700.0,17748.0
2023-05-10,3.7799999713897705,28.063499450683594,3.950000047683716,28.270000457763672,3.4100000858306885,27.670000076293945,3.5399999618530273,28.270000457763672,11578100.0,52113.0
2023-05-11,3.549999952316284,27.459999084472656,3.9700000286102295,27.63990020751953,3.5350000858306885,27.238800048828125,3.680000066757202,27.559999465942383,5512000.0,21301.0
2023-05-12,3.6600000858306885,26.989999771118164,3.799999952316284,27.610000610351562,3.490000009536743,26.93000030517578,3.549999952316284,27.610000610351562,3135000.0,20828.0
2023-05-15,3.869999885559082,27.34000015258789,3.9000000953674316,27.530000686645508,3.6500000953674316,27.149999618530273,3.690000057220459,27.299999237060547,1973000.0,25964.0
2023-05-16,3.7100000381469727,27.260000228881836,3.859999895095825,27.670000076293945,3.630000114440918,27.170000076293945,3.819999933242798,27.579999923706055,1871200.0,51649.0
2023-05-17,4.019999980926514,28.09000015258789,4.039999961853027,28.34000015258789,3.690000057220459,27.479999542236328,3.740000009536743,27.690000534057617,2692800.0,67246.0
2023-05-18,4.210000038146973,27.90999984741211,4.230000019073486,28.040000915527344,4.010000228881836,27.670000076293945,4.050000190734863,28.040000915527344,3166200.0,34076.0
2023-05-19,4.070000171661377,27.719999313354492,4.260000228881836,28.09000015258789,4.050000190734863,27.540000915527344,4.210000038146973,28.049999237060547,2716400.0,70079.0
2023-05-22,4.179999828338623,27.84000015258789,4.269999980926514,27.969999313354492,4.01800012588501,27.610000610351562,4.070000171661377,27.6200008392334,2688500.0,15969.0
2023-05-23,4.039999961853027,28.23200035095215,4.304999828338623,28.450000762939453,4.03000020980835,28.079999923706055,4.139999866485596,28.079999923706055,2199900.0,23487.0
2023-05-24,3.7200000286102295,28.56999969482422,3.9000000953674316,28.799999237060547,3.680000066757202,28.350000381469727,3.880000114440918,28.639999389648438,2368400.0,40318.0
2023-05-25,3.5799999237060547,27.989999771118164,3.7699999809265137,28.1200008392334,3.509999990463257,27.540000915527344,3.759999990463257,28.110000610351562,2082000.0,19701.0
2023-05-26,3.430000066757202,28.18000030517578,3.700000047683716,28.34000015258789,3.4100000858306885,28.079999923706055,3.5950000286102295,28.219999313354492,3124900.0,12996.0
2023-05-30,3.3499999046325684,27.190000534057617,3.5399999618530273,27.399999618530273,3.2100000381469727,26.90999984741211,3.4700000286102295,27.34000015258789,3025200.0,60225.0
2023-05-31,3.700000047683716,26.479999542236328,3.700000047683716,27.079999923706055,3.319999933242798,26.450000762939453,3.319999933242798,26.75,7135500.0,48984.0
2023-06-01,3.700000047683716,27.290000915527344,3.8350000381469727,27.65999984741211,3.5399999618530273,26.450000762939453,3.6600000858306885,26.549999237060547,2224900.0,62444.0
2023-06-02,3.9000000953674316,28.030000686645508,3.9000000953674316,28.09000015258789,3.680000066757202,27.68000030517578,3.7100000381469727,27.93000030517578,2017200.0,50863.0
2023-06-05,3.8399999141693115,27.969999313354492,3.9600000381469727,28.461200714111328,3.819999933242798,27.90999984741211,3.890000104904175,28.440000534057617,1414700.0,52834.0
2023-06-06,4.059999942779541,27.889999389648438,4.110000133514404,28.110000610351562,3.740000009536743,27.450000762939453,3.799999952316284,27.459999084472656,1957200.0,47451.0
2023-06-07,3.890000104904175,28.149999618530273,4.190000057220459,28.440000534057617,3.869999885559082,28.020000457763672,4.079999923706055,28.059999465942383,3209600.0,32559.0
2023-06-08,3.6700000762939453,28.420000076293945,3.869999885559082,28.449800491333008,3.619999885559082,28.040000915527344,3.869999885559082,28.309999465942383,3815700.0,10303.0
2023-06-09,3.5199999809265137,28.420000076293945,3.805000066757202,28.420000076293945,3.490000009536743,28.420000076293945,3.7300000190734863,28.420000076293945,4029700.0,0.0
2023-06-12,3.5799999237060547,28.420000076293945,3.7100000381469727,28.420000076293945,3.5,28.420000076293945,3.559999942779541,28.420000076293945,4107900.0,0.0
2023-06-13,3.259999990463257,28.420000076293945,3.5799999237060547,28.420000076293945,3.240000009536743,28.420000076293945,3.5,28.420000076293945,9707300.0,0.0
2023-06-14,3.240000009536743,28.420000076293945,3.369999885559082,28.420000076293945,3.130000114440918,28.420000076293945,3.299999952316284,28.420000076293945,5773600.0,0.0
2023-06-15,3.390000104904175,28.420000076293945,3.4000000953674316,28.420000076293945,3.049999952316284,28.420000076293945,3.1500000953674316,28.420000076293945,4941100.0,0.0
2023-06-16,3.3499999046325684,28.420000076293945,3.4600000381469727,28.420000076293945,3.2950000762939453,28.420000076293945,3.4000000953674316,28.420000076293945,4957900.0,0.0
2023-06-20,3.180000066757202,28.420000076293945,3.434999942779541,28.420000076293945,3.049999952316284,28.420000076293945,3.3399999141693115,28.420000076293945,5976900.0,0.0
2023-06-21,3.180000066757202,28.420000076293945,3.240000009536743,28.420000076293945,3.069999933242798,28.420000076293945,3.1700000762939453,28.420000076293945,4673600.0,0.0
2023-06-22,3.140000104904175,28.420000076293945,3.190000057220459,28.420000076293945,3.055000066757202,28.420000076293945,3.1700000762939453,28.420000076293945,3835600.0,0.0
2023-06-23,3.069999933242798,28.420000076293945,3.1600000858306885,28.420000076293945,3.0399999618530273,28.420000076293945,3.059999942779541,28.420000076293945,6669700.0,0.0
2023-06-26,3.180000066757202,28.420000076293945,3.25,28.420000076293945,3.0299999713897705,28.420000076293945,3.0299999713897705,28.420000076293945,2267200.0,0.0
2023-06-27,3.4100000858306885,28.420000076293945,3.4200000762939453,28.420000076293945,3.1429998874664307,28.420000076293945,3.240000009536743,28.420000076293945,5996400.0,0.0
2023-06-28,3.509999990463257,28.420000076293945,3.6050000190734863,28.420000076293945,3.380000114440918,28.420000076293945,3.4200000762939453,28.420000076293945,3559700.0,0.0
2023-06-29,3.5799999237060547,28.420000076293945,3.749000072479248,28.420000076293945,3.4800000190734863,28.420000076293945,3.4800000190734863,28.420000076293945,3701700.0,0.0
2023-06-30,3.5,28.420000076293945,3.680000066757202,28.420000076293945,3.434999942779541,28.420000076293945,3.6600000858306885,28.420000076293945,3035100.0,0.0
2023-07-03,3.680000066757202,28.420000076293945,3.700000047683716,28.420000076293945,3.5199999809265137,28.420000076293945,3.5199999809265137,28.420000076293945,1385300.0,0.0
2023-07-05,3.319999933242798,28.420000076293945,3.630000114440918,28.420000076293945,3.299999952316284,28.420000076293945,3.5899999141693115,28.420000076293945,3389700.0,0.0
2023-07-06,3.2300000190734863,28.420000076293945,3.2750000953674316,28.420000076293945,3.119999885559082,28.420000076293945,3.25,28.420000076293945,2181300.0,0.0
2023-07-07,3.2699999809265137,28.420000076293945,3.3499999046325684,28.420000076293945,3.200000047683716,28.420000076293945,3.200000047683716,28.420000076293945,1860400.0,0.0
2023-07-10,3.2300000190734863,28.420000076293945,3.3450000286102295,28.420000076293945,3.2049999237060547,28.420000076293945,3.299999952316284,28.420000076293945,2102500.0,0.0
2023-07-11,3.5299999713897705,28.420000076293945,3.549999952316284,28.420000076293945,3.25,28.420000076293945,3.259999990463257,28.420000076293945,3137100.0,0.0
2023-07-12,3.9200000762939453,28.420000076293945,4.010000228881836,28.420000076293945,3.609999895095825,28.420000076293945,3.700000047683716,28.420000076293945,8807600.0,0.0
2023-07-13,4.139999866485596,28.420000076293945,4.139999866485596,28.420000076293945,3.8450000286102295,28.420000076293945,3.9000000953674316,28.420000076293945,5569700.0,0.0
2023-07-14,3.9000000953674316,28.420000076293945,4.159999847412109,28.420000076293945,3.815000057220459,28.420000076293945,4.050000190734863,28.420000076293945,4022000.0,0.0
2023-07-17,3.9000000953674316,28.420000076293945,3.990000009536743,28.420000076293945,3.809999942779541,28.420000076293945,3.9000000953674316,28.420000076293945,2256700.0,0.0
2023-07-18,4.079999923706055,28.420000076293945,4.119999885559082,28.420000076293945,3.890000104904175,28.420000076293945,4.050000190734863,28.420000076293945,2566300.0,0.0
2023-07-19,3.759999990463257,28.420000076293945,4.090000152587891,28.420000076293945,3.569999933242798,28.420000076293945,4.059999942779541,28.420000076293945,5578600.0,0.0
2023-07-20,3.640000104904175,28.420000076293945,3.7200000286102295,28.420000076293945,3.569999933242798,28.420000076293945,3.7200000286102295,28.420000076293945,2603400.0,0.0
2023-07-21,3.5899999141693115,28.420000076293945,3.700000047683716,28.420000076293945,3.5399999618530273,28.420000076293945,3.6700000762939453,28.420000076293945,2946700.0,0.0
2023-07-24,3.9800000190734863,,3.9800000190734863,,3.609999895095825,,3.609999895095825,,3423700.0,
2023-07-25,4.190000057220459,,4.409999847412109,,3.9000000953674316,,3.9000000953674316,,5670400.0,
2023-07-26,4.420000076293945,,4.46999979019165,,4.190000057220459,,4.190000057220459,,2857600.0,
2023-07-27,3.9700000286102295,,4.489999771118164,,3.880000114440918,,4.489999771118164,,3372700.0,
2023-07-28,4.230000019073486,,4.320000171661377,,4.090000152587891,,4.150000095367432,,2651500.0,
2023-07-31,4.190000057220459,,4.304999828338623,,4.110000133514404,,4.25,,2650300.0,
2023-08-01,4.139999866485596,,4.170000076293945,,3.994999885559082,,4.119999885559082,,1572700.0,
2023-08-02,4.139999866485596,,4.179999828338623,,3.940000057220459,,4.010000228881836,,1959400.0,
2023-08-03,4.349999904632568,,4.380000114440918,,4.059999942779541,,4.110000133514404,,3188500.0,
2023-08-04,4.059999942779541,,4.369999885559082,,3.9700000286102295,,4.309999942779541,,3679000.0,
2023-08-07,3.9700000286102295,,4.170000076293945,,3.609999895095825,,4.119999885559082,,5288600.0,
2023-08-08,3.8499999046325684,,3.859999895095825,,3.25,,3.7100000381469727,,6751600.0,
2023-08-09,3.7100000381469727,,3.880000114440918,,3.640000104904175,,3.8499999046325684,,2604900.0,
2023-08-10,3.690000057220459,,3.819999933242798,,3.609999895095825,,3.759999990463257,,2775900.0,
2023-08-11,3.7200000286102295,,3.7300000190734863,,3.549999952316284,,3.619999885559082,,2796900.0,
2023-08-14,3.6500000953674316,,3.7300000190734863,,3.5850000381469727,,3.640000104904175,,2222600.0,
2023-08-15,3.4600000381469727,,3.619999885559082,,3.4100000858306885,,3.559999942779541,,2935900.0,
2023-08-16,3.3499999046325684,,3.5,,3.319999933242798,,3.5,,2635800.0,
2023-08-17,3.1500000953674316,,3.384999990463257,,3.130000114440918,,3.3499999046325684,,3697200.0,
2023-08-18,3.0799999237060547,,3.119999885559082,,2.944999933242798,,3.0999999046325684,,4088300.0,
2023-08-21,3.119999885559082,,3.240000009536743,,3.049999952316284,,3.0899999141693115,,2935100.0,
2023-08-22,3.259999990463257,,3.299999952316284,,3.140000104904175,,3.140000104904175,,3197900.0,
2023-08-23,3.3299999237060547,,3.434999942779541,,3.2200000286102295,,3.299999952316284,,2802500.0,
2023-08-24,3.2699999809265137,,3.4149999618530273,,3.180000066757202,,3.3499999046325684,,2305200.0,
2023-08-25,3.309999942779541,,3.440000057220459,,3.190000057220459,,3.2899999618530273,,2621100.0,
2023-08-28,3.319999933242798,,3.4000000953674316,,3.2899999618530273,,3.3499999046325684,,1876400.0,
2023-08-29,3.3299999237060547,,3.440000057220459,,3.2699999809265137,,3.3299999237060547,,2919200.0,
2023-08-30,3.5799999237060547,,3.640000104904175,,3.309999942779541,,3.309999942779541,,3795800.0,
2023-08-31,3.5999999046325684,,3.7100000381469727,,3.559999942779541,,3.630000114440918,,5331300.0,
2023-09-01,3.5199999809265137,,3.75,,3.509999990463257,,3.6700000762939453,,3600600.0,
2023-09-05,3.619999885559082,,3.7100000381469727,,3.4800000190734863,,3.5199999809265137,,3460300.0,
2023-09-06,3.509999990463257,,3.615000009536743,,3.380000114440918,,3.5799999237060547,,3478600.0,
2023-09-07,3.369999885559082,,3.4200000762939453,,3.2699999809265137,,3.4200000762939453,,2071400.0,
2023-09-08,3.3399999141693115,,3.450000047683716,,3.309999942779541,,3.3399999141693115,,1745300.0,
2023-09-11,3.2799999713897705,,3.430000066757202,,3.2699999809265137,,3.4000000953674316,,2402900.0,
2023-09-12,3.3499999046325684,,3.4000000953674316,,3.2699999809265137,,3.2899999618530273,,2207000.0,
2023-09-13,3.240000009536743,,3.430000066757202,,3.2200000286102295,,3.359999895095825,,2695400.0,
2023-09-14,3.180000066757202,,3.3450000286102295,,3.1510000228881836,,3.299999952316284,,2812100.0,
2023-09-15,3.2200000286102295,,3.25,,3.0299999713897705,,3.25,,8646600.0,
2023-09-18,3.25,,3.3299999237060547,,3.0999999046325684,,3.200000047683716,,1875200.0,
2023-09-19,3.180000066757202,,3.2300000190734863,,3.049999952316284,,3.2300000190734863,,2775500.0,
2023-09-20,3.2200000286102295,,3.440000057220459,,3.180000066757202,,3.2300000190734863,,3307200.0,
2023-09-21,2.9200000762939453,,3.13700008392334,,2.8949999809265137,,3.109999895095825,,2969600.0,
2023-09-22,3.069999933242798,,3.1500000953674316,,2.984999895095825,,3.009999990463257,,2073800.0,
2023-09-25,3.0399999618530273,,3.0850000381469727,,2.950000047683716,,3.009999990463257,,2298700.0,
2023-09-26,2.859999895095825,,3.049999952316284,,2.8499999046325684,,2.950000047683716,,2562100.0,
2023-09-27,2.930000066757202,,2.9800000190734863,,2.8399999141693115,,2.8399999141693115,,2018500.0,
2023-09-28,3.049999952316284,,3.069999933242798,,2.9000000953674316,,2.9200000762939453,,2004300.0,
2023-09-29,2.9000000953674316,,3.171999931335449,,2.8399999141693115,,3.069999933242798,,3597200.0,
2023-10-02,2.799999952316284,,2.9049999713897705,,2.7899999618530273,,2.869999885559082,,1890800.0,
2023-10-03,2.5999999046325684,,2.7899999618530273,,2.5899999141693115,,2.759999990463257,,3950900.0,
2023-10-04,2.509999990463257,,2.7100000381469727,,2.440000057220459,,2.6500000953674316,,10868400.0,
2023-10-05,2.5299999713897705,,2.5950000286102295,,2.450000047683716,,2.490000009536743,,3337800.0,
2023-10-06,2.4600000381469727,,2.549999952316284,,2.440000057220459,,2.5299999713897705,,2769900.0,
2023-10-09,2.390000104904175,,2.4600000381469727,,2.319999933242798,,2.4200000762939453,,2439800.0,
2023-10-10,2.450000047683716,,2.569999933242798,,2.390000104904175,,2.390000104904175,,2166400.0,
2023-10-11,2.430000066757202,,2.549999952316284,,2.4200000762939453,,2.4800000190734863,,1732100.0,
2023-10-12,2.2699999809265137,,2.450000047683716,,2.259999990463257,,2.450000047683716,,2561000.0,
2023-10-13,2.190000057220459,,2.2839999198913574,,2.1500000953674316,,2.2799999713897705,,2159300.0,
2023-10-16,2.180000066757202,,2.265000104904175,,2.1449999809265137,,2.200000047683716,,3021400.0,
2023-10-17,2.240000009536743,,2.2899999618530273,,2.1700000762939453,,2.180000066757202,,2245000.0,
2023-10-18,2.140000104904175,,2.2200000286102295,,2.109999895095825,,2.2200000286102295,,1759600.0,
2023-10-19,2.0899999141693115,,2.2100000381469727,,2.0899999141693115,,2.140000104904175,,1844400.0,
2023-10-20,2.059999942779541,,2.109999895095825,,2.0,,2.0799999237060547,,2325600.0,
2023-10-23,2.0899999141693115,,2.130000114440918,,1.9450000524520874,,2.0199999809265137,,2794500.0,
2023-10-24,2.1700000762939453,,2.2300000190734863,,2.0899999141693115,,2.130000114440918,,2274500.0,
2023-10-25,2.049999952316284,,2.130000114440918,,1.9950000047683716,,2.119999885559082,,3378200.0,
2023-10-26,2.0399999618530273,,2.130000114440918,,2.0,,2.0399999618530273,,4262500.0,
2023-10-27,2.0399999618530273,,2.0999999046325684,,2.0199999809265137,,2.0799999237060547,,3021500.0,
2023-10-30,2.109999895095825,,2.119999885559082,,2.0199999809265137,,2.069999933242798,,2422200.0,
2023-10-31,1.9800000190734863,,2.1500000953674316,,1.9019999504089355,,2.0999999046325684,,5541700.0,
2023-11-01,1.899999976158142,,2.049999952316284,,1.815000057220459,,1.9900000095367432,,7448000.0,
2023-11-02,1.9600000381469727,,2.0799999237060547,,1.940000057220459,,1.9900000095367432,,7490900.0,
2023-11-03,2.190000057220459,,2.2899999618530273,,2.055000066757202,,2.0799999237060547,,8614500.0,
2023-11-06,2.119999885559082,,2.259999990463257,,2.0199999809265137,,2.25,,4816400.0,
2023-11-07,2.069999933242798,,2.2300000190734863,,2.059999942779541,,2.059999942779541,,5548600.0,
2023-11-08,2.049999952316284,,2.109999895095825,,2.0,,2.0899999141693115,,2720000.0,
2023-11-09,1.8899999856948853,,2.0799999237060547,,1.8799999952316284,,2.0299999713897705,,3091300.0,
2023-11-10,1.9600000381469727,,1.9900000095367432,,1.8899999856948853,,1.909999966621399,,2279100.0,
2023-11-13,1.9500000476837158,,1.9700000286102295,,1.8799999952316284,,1.9500000476837158,,2039000.0,
2023-11-14,2.2899999618530273,,2.2899999618530273,,2.119999885559082,,2.140000104904175,,4515300.0,
2023-11-15,2.4600000381469727,,2.5299999713897705,,2.299999952316284,,2.299999952316284,,6178700.0,
2023-11-16,2.359999895095825,,2.4800000190734863,,2.299999952316284,,2.440000057220459,,3107100.0,
2023-11-17,2.369999885559082,,2.4000000953674316,,2.2950000762939453,,2.380000114440918,,2104000.0,
2023-11-20,2.180000066757202,,2.390000104904175,,2.1700000762939453,,2.369999885559082,,3068000.0,
2023-11-21,2.009999990463257,,2.115000009536743,,1.9900000095367432,,2.0999999046325684,,2849100.0,
2023-11-22,2.109999895095825,,2.130000114440918,,2.0399999618530273,,2.049999952316284,,2888700.0,
2023-11-24,2.109999895095825,,2.200000047683716,,2.0999999046325684,,2.119999885559082,,1607500.0,
2023-11-27,2.1500000953674316,,2.1700000762939453,,2.0799999237060547,,2.0999999046325684,,2053000.0,
2023-11-28,2.240000009536743,,2.259999990463257,,2.0899999141693115,,2.130000114440918,,3943900.0,
2023-11-29,2.2699999809265137,,2.4649999141693115,,2.240000009536743,,2.2799999713897705,,2342100.0,
2023-11-30,2.2200000286102295,,2.305000066757202,,2.140000104904175,,2.2799999713897705,,4429100.0,
2023-12-01,2.430000066757202,,2.490000009536743,,2.1519999504089355,,2.190000057220459,,3784300.0,
2023-12-04,2.5299999713897705,,2.5850000381469727,,2.4200000762939453,,2.4200000762939453,,2959800.0,
2023-12-05,2.559999942779541,,2.5850000381469727,,2.4200000762939453,,2.4700000286102295,,3124100.0,
2023-12-06,2.6600000858306885,,2.809999942779541,,2.559999942779541,,2.5899999141693115,,3843800.0,
2023-12-07,2.7300000190734863,,2.755000114440918,,2.5999999046325684,,2.6500000953674316,,2452400.0,
2023-12-08,2.799999952316284,,2.819999933242798,,2.6600000858306885,,2.700000047683716,,2290800.0,
2023-12-11,2.75,,2.8499999046325684,,2.6710000038146973,,2.7799999713897705,,2192300.0,
2023-12-12,2.690000057220459,,2.7699999809265137,,2.5899999141693115,,2.7300000190734863,,4740200.0,
2023-12-13,2.8399999141693115,,2.930000066757202,,2.569999933242798,,2.6700000762939453,,9547900.0,
2023-12-14,2.990000009536743,,3.1500000953674316,,2.9149999618530273,,2.9800000190734863,,11648600.0,
2023-12-15,2.880000114440918,,3.0250000953674316,,2.8499999046325684,,3.0,,8758400.0,
2023-12-18,2.880000114440918,,2.9200000762939453,,2.7799999713897705,,2.8399999141693115,,5912000.0,
2023-12-19,3.0399999618530273,,3.078000068664551,,2.9200000762939453,,2.930000066757202,,4355000.0,
2023-12-20,3.0799999237060547,,3.5399999618530273,,3.0199999809265137,,3.0799999237060547,,16662700.0,
2023-12-21,3.2200000286102295,,3.319999933242798,,3.069999933242798,,3.2300000190734863,,4832900.0,
2023-12-22,3.490000009536743,,3.630000114440918,,3.2200000286102295,,3.259999990463257,,7537800.0,
2023-12-26,3.6700000762939453,,3.680000066757202,,3.509000062942505,,3.5399999618530273,,3414400.0,
2023-12-27,3.9800000190734863,,3.9800000190734863,,3.6649999618530273,,3.680000066757202,,6553800.0,
2023-12-28,3.859999895095825,,3.990000009536743,,3.7799999713897705,,3.940000057220459,,4477100.0,
2023-12-29,3.759999990463257,,3.9600000381469727,,3.690000057220459,,3.890000104904175,,4427800.0,
2024-01-02,3.5399999618530273,,3.6389999389648438,,3.4200000762939453,,3.5999999046325684,,5563400.0,
2024-01-03,3.319999933242798,,3.430000066757202,,3.240000009536743,,3.430000066757202,,5449000.0,
2024-01-04,3.4700000286102295,,3.559999942779541,,3.315000057220459,,3.4600000381469727,,3953100.0,
2024-01-05,3.4100000858306885,,3.5399999618530273,,3.3499999046325684,,3.4100000858306885,,5000500.0,
2024-01-08,3.809999942779541,,3.869999885559082,,3.4100000858306885,,3.4200000762939453,,4397300.0,
2024-01-09,3.7899999618530273,,3.950000047683716,,3.700000047683716,,3.75,,4879400.0,
2024-01-10,3.690000057220459,,3.8299999237060547,,3.5799999237060547,,3.740000009536743,,6395000.0,
2024-01-11,3.4700000286102295,,3.7300000190734863,,3.319999933242798,,3.6600000858306885,,4055800.0,
2024-01-12,3.4000000953674316,,3.5789999961853027,,3.390000104904175,,3.5199999809265137,,3024400.0,
2024-01-16,3.2200000286102295,,3.3499999046325684,,3.190000057220459,,3.3499999046325684,,3216400.0,
2024-01-17,3.0999999046325684,,3.140000104904175,,2.9200000762939453,,3.0999999046325684,,5402700.0,
2024-01-18,3.0899999141693115,,3.2100000381469727,,3.0299999713897705,,3.130000114440918,,2637700.0,
2024-01-19,3.25,,3.2899999618530273,,3.0250000953674316,,3.0999999046325684,,4937700.0,
2024-01-22,3.509999990463257,,3.559999942779541,,3.319999933242798,,3.3299999237060547,,4644800.0,
2024-01-23,3.440000057220459,,3.609999895095825,,3.4100000858306885,,3.549999952316284,,4938900.0,
2024-01-24,3.369999885559082,,3.5950000286102295,,3.369999885559082,,3.5399999618530273,,3323800.0,
2024-01-25,3.5999999046325684,,3.609999895095825,,3.4549999237060547,,3.490000009536743,,2939700.0,
2024-01-26,3.5999999046325684,,3.740000009536743,,3.5899999141693115,,3.609999895095825,,3093300.0,
2024-01-29,3.7899999618530273,,3.8450000286102295,,3.555000066757202,,3.5799999237060547,,4795000.0,
2024-01-30,3.549999952316284,,3.740000009536743,,3.5299999713897705,,3.740000009536743,,3322100.0,
2024-01-31,3.440000057220459,,3.8499999046325684,,3.430000066757202,,3.5,,6329800.0,
2024-02-01,3.6700000762939453,,3.7049999237060547,,3.4749999046325684,,3.4800000190734863,,4129600.0,
2024-02-02,3.6500000953674316,,3.7200000286102295,,3.494999885559082,,3.549999952316284,,4635300.0,
2024-02-05,3.569999933242798,,3.619999885559082,,3.4200000762939453,,3.549999952316284,,3373600.0,
2024-02-06,3.690000057220459,,3.700000047683716,,3.559999942779541,,3.569999933242798,,2917200.0,
2024-02-07,3.680000066757202,,3.759999990463257,,3.565000057220459,,3.700000047683716,,3161600.0,
2024-02-08,3.759999990463257,,3.799999952316284,,3.680000066757202,,3.700000047683716,,2502300.0,
2024-02-09,3.819999933242798,,3.890000104904175,,3.740000009536743,,3.7699999809265137,,3199600.0,
2024-02-12,3.859999895095825,,3.9749999046325684,,3.8299999237060547,,3.8499999046325684,,3299800.0,
2024-02-13,3.619999885559082,,3.765000104904175,,3.4700000286102295,,3.5899999141693115,,4834900.0,
2024-02-14,3.799999952316284,,3.809999942779541,,3.6600000858306885,,3.7100000381469727,,4479700.0,
2024-02-15,3.9100000858306885,,3.921999931335449,,3.755000114440918,,3.8499999046325684,,2704900.0,
2024-02-16,3.740000009536743,,3.8450000286102295,,3.690000057220459,,3.7899999618530273,,3688900.0,
2024-02-20,3.6500000953674316,,3.6600000858306885,,3.5899999141693115,,3.640000104904175,,3119100.0,
2024-02-21,3.490000009536743,,3.619999885559082,,3.4000000953674316,,3.5,,7323400.0,
2024-02-22,3.4000000953674316,,3.565000057220459,,3.380000114440918,,3.490000009536743,,3913500.0,
2024-02-23,3.3299999237060547,,3.4600000381469727,,3.299999952316284,,3.3499999046325684,,11435000.0,
2024-02-26,3.319999933242798,,3.369999885559082,,3.2200000286102295,,3.3299999237060547,,5233500.0,
2024-02-27,3.4200000762939453,,3.490000009536743,,3.3299999237060547,,3.369999885559082,,7425000.0,
2024-02-28,3.8299999237060547,,3.9649999141693115,,3.4700000286102295,,3.490000009536743,,7806600.0,
2024-02-29,3.950000047683716,,4.01800012588501,,3.8399999141693115,,3.869999885559082,,7726600.0,
2024-03-01,3.8499999046325684,,3.9700000286102295,,3.7149999141693115,,3.950000047683716,,3768100.0,
2024-03-04,3.7100000381469727,,3.934999942779541,,3.7100000381469727,,3.880000114440918,,3203800.0,
2024-03-05,3.6600000858306885,,3.7100000381469727,,3.5850000381469727,,3.6600000858306885,,3526900.0,
2024-03-06,3.759999990463257,,3.8399999141693115,,3.674999952316284,,3.740000009536743,,3948300.0,
2024-03-07,3.740000009536743,,3.869999885559082,,3.7100000381469727,,3.809999942779541,,3250100.0,
2024-03-08,3.740000009536743,,3.9100000858306885,,3.7300000190734863,,3.809999942779541,,3804900.0,
2024-03-11,3.640000104904175,,3.740000009536743,,3.619999885559082,,3.7300000190734863,,4040200.0,
2024-03-12,3.569999933242798,,3.6600000858306885,,3.509999990463257,,3.609999895095825,,3309500.0,
2024-03-13,3.6500000953674316,,3.755000114440918,,3.5299999713897705,,3.549999952316284,,4550200.0,
2024-03-14,3.4200000762939453,,3.630000114440918,,3.380000114440918,,3.619999885559082,,4240500.0,
2024-03-15,2.930000066757202,,3.509999990463257,,2.890000104904175,,3.3499999046325684,,19433200.0,
2024-03-18,3.059999942779541,,3.119999885559082,,2.9000000953674316,,2.9600000381469727,,12197200.0,
2024-03-19,2.9700000286102295,,3.0299999713897705,,2.9100000858306885,,2.9700000286102295,,10137000.0,
2024-03-20,3.2799999713897705,,3.2799999713897705,,2.950000047683716,,2.9800000190734863,,6037000.0,
2024-03-21,3.5399999618530273,,3.674999952316284,,3.2799999713897705,,3.2799999713897705,,8493700.0,
2024-03-22,3.359999895095825,,3.6050000190734863,,3.3499999046325684,,3.5299999713897705,,5610700.0,
2024-03-25,3.2699999809265137,,3.4100000858306885,,3.200000047683716,,3.390000104904175,,3522500.0,
2024-03-26,3.2899999618530273,,3.359999895095825,,3.2699999809265137,,3.309999942779541,,4255300.0,
2024-03-27,3.4700000286102295,,3.509999990463257,,3.309999942779541,,3.3399999141693115,,5050000.0,
2024-03-28,3.5999999046325684,,3.6700000762939453,,3.4700000286102295,,3.4700000286102295,,4361000.0,
2024-04-01,3.640000104904175,,3.6500000953674316,,3.494999885559082,,3.609999895095825,,5547500.0,
2024-04-02,3.559999942779541,,3.575000047683716,,3.4700000286102295,,3.5199999809265137,,5686500.0,
2024-04-03,3.6600000858306885,,3.6600000858306885,,3.450000047683716,,3.5199999809265137,,3146700.0,
2024-04-04,3.7899999618530273,,3.9600000381469727,,3.700000047683716,,3.7200000286102295,,4918400.0,
2024-04-05,3.809999942779541,,3.8499999046325684,,3.690000057220459,,3.759999990463257,,3052800.0,
2024-04-08,3.9000000953674316,,3.9700000286102295,,3.7300000190734863,,3.880000114440918,,3340400.0,
2024-04-09,3.859999895095825,,3.9800000190734863,,3.75,,3.950000047683716,,3278200.0,
2024-04-10,3.5999999046325684,,3.7300000190734863,,3.549999952316284,,3.6600000858306885,,5870700.0,
2024-04-11,3.680000066757202,,3.690000057220459,,3.5199999809265137,,3.619999885559082,,5090600.0,
2024-04-12,3.609999895095825,,3.7100000381469727,,3.5299999713897705,,3.6500000953674316,,4869900.0,
2024-04-15,3.2799999713897705,,3.640000104904175,,3.180000066757202,,3.619999885559082,,4015700.0,
2024-04-16,3.450000047683716,,3.4600000381469727,,3.2300000190734863,,3.259999990463257,,3577200.0,
2024-04-17,3.3399999141693115,,3.5399999618530273,,3.3399999141693115,,3.4600000381469727,,2904800.0,
2024-04-18,3.259999990463257,,3.4600000381469727,,3.25,,3.359999895095825,,4264700.0,
2024-04-19,3.240000009536743,,3.3499999046325684,,3.200000047683716,,3.240000009536743,,2364300.0,
2024-04-22,3.319999933242798,,3.3499999046325684,,3.2200000286102295,,3.2899999618530273,,2566800.0,
2024-04-23,3.4100000858306885,,3.549999952316284,,3.325000047683716,,3.3399999141693115,,2576300.0,
2024-04-24,3.3299999237060547,,3.4800000190734863,,3.299999952316284,,3.390000104904175,,1405400.0,
2024-04-25,3.2200000286102295,,3.2950000762939453,,3.190000057220459,,3.2300000190734863,,1924300.0,
2024-04-26,3.299999952316284,,3.369999885559082,,3.240000009536743,,3.25,,2026200.0,
2024-04-29,3.2699999809265137,,3.4200000762939453,,3.234999895095825,,3.3299999237060547,,1760500.0,
2024-04-30,3.1500000953674316,,3.240000009536743,,3.130000114440918,,3.200000047683716,,2192500.0,
2024-05-01,3.130000114440918,,3.2899999618530273,,3.0450000762939453,,3.1700000762939453,,3094500.0,
2024-05-02,3.1700000762939453,,3.200000047683716,,3.0250000953674316,,3.190000057220459,,2993100.0,
2024-05-03,3.369999885559082,,3.4749999046325684,,3.2799999713897705,,3.299999952316284,,5226600.0,
2024-05-06,3.359999895095825,,3.4200000762939453,,3.2100000381469727,,3.4200000762939453,,3148100.0,
2024-05-07,3.4000000953674316,,3.430000066757202,,3.319999933242798,,3.3399999141693115,,2130000.0,
2024-05-08,3.2799999713897705,,3.309999942779541,,3.2100000381469727,,3.2799999713897705,,3048900.0,
2024-05-09,4.059999942779541,,4.070000171661377,,3.6600000858306885,,3.6600000858306885,,9820200.0,
2024-05-10,3.9000000953674316,,4.059999942779541,,3.7950000762939453,,4.010000228881836,,6604700.0,
2024-05-13,4.119999885559082,,4.380000114440918,,3.9700000286102295,,3.9700000286102295,,6812400.0,
2024-05-14,4.320000171661377,,4.420000076293945,,4.190000057220459,,4.210000038146973,,6330500.0,
2024-05-15,4.409999847412109,,4.679999828338623,,4.380000114440918,,4.5,,7596100.0,
2024-05-16,4.349999904632568,,4.489999771118164,,4.329999923706055,,4.380000114440918,,3331800.0,
2024-05-17,4.300000190734863,,4.349999904632568,,4.190000057220459,,4.329999923706055,,3600700.0,
2024-05-20,4.329999923706055,,4.539999961853027,,4.300000190734863,,4.300000190734863,,5214600.0,
2024-05-21,4.300000190734863,,4.369999885559082,,4.25,,4.28000020980835,,2958100.0,
2024-05-22,4.199999809265137,,4.300000190734863,,4.159999847412109,,4.269999980926514,,2875700.0,
2024-05-23,4.039999961853027,,4.28000020980835,,3.950000047683716,,4.21999979019165,,4412000.0,
2024-05-24,4.079999923706055,,4.159999847412109,,3.9200000762939453,,4.039999961853027,,2522300.0,
2024-05-28,3.9800000190734863,,4.1579999923706055,,3.9600000381469727,,4.079999923706055,,3016000.0,
2024-05-29,3.7899999618530273,,3.9100000858306885,,3.7699999809265137,,3.890000104904175,,3077000.0,
2024-05-30,3.7799999713897705,,3.8499999046325684,,3.75,,3.809999942779541,,2698600.0,
2024-05-31,3.75,,3.859999895095825,,3.7200000286102295,,3.809999942779541,,2868800.0,
2024-06-03,3.7100000381469727,,3.859999895095825,,3.6500000953674316,,3.809999942779541,,2351700.0,
2024-06-04,3.630000114440918,,3.680000066757202,,3.5810000896453857,,3.6500000953674316,,3176700.0,
2024-06-05,3.7100000381469727,,3.7799999713897705,,3.5950000286102295,,3.690000057220459,,3632700.0,
2024-06-06,3.7300000190734863,,3.7699999809265137,,3.5999999046325684,,3.6600000858306885,,2173600.0,
2024-06-07,3.5999999046325684,,3.690000057220459,,3.569999933242798,,3.6500000953674316,,2190700.0,
2024-06-10,3.5299999713897705,,3.5799999237060547,,3.484999895095825,,3.5199999809265137,,2824400.0,
2024-06-11,3.640000104904175,,3.6700000762939453,,3.490000009536743,,3.5,,2267900.0,
2024-06-12,3.940000057220459,,4.119999885559082,,3.8299999237060547,,3.859999895095825,,5216400.0,
2024-06-13,3.6600000858306885,,3.9800000190734863,,3.640000104904175,,3.9100000858306885,,4201700.0,
2024-06-14,3.640000104904175,,3.6700000762939453,,3.559999942779541,,3.5899999141693115,,2421400.0,
2024-06-17,3.569999933242798,,3.6600000858306885,,3.5199999809265137,,3.609999895095825,,2151300.0,
2024-06-18,3.5899999141693115,,3.6600000858306885,,3.559999942779541,,3.569999933242798,,2802800.0,
2024-06-20,3.490000009536743,,3.6500000953674316,,3.4600000381469727,,3.5999999046325684,,3395500.0,
2024-06-21,3.549999952316284,,3.558000087738037,,3.450000047683716,,3.4800000190734863,,5565700.0,
2024-06-24,3.4800000190734863,,3.619999885559082,,3.369999885559082,,3.5199999809265137,,4409200.0,
2024-06-25,3.5399999618530273,,3.630000114440918,,3.5,,3.5799999237060547,,4650000.0,
2024-06-26,3.5899999141693115,,3.5899999141693115,,3.4649999141693115,,3.5,,2996400.0,
2024-06-27,3.690000057220459,,3.7699999809265137,,3.559999942779541,,3.619999885559082,,3469600.0,
2024-06-28,3.5999999046325684,,3.755000114440918,,3.559999942779541,,3.740000009536743,,17007000.0,
2024-07-01,3.359999895095825,,3.634999990463257,,3.3399999141693115,,3.5999999046325684,,3215300.0,
2024-07-02,3.5299999713897705,,3.5299999713897705,,3.369999885559082,,3.390000104904175,,3200300.0,
2024-07-03,3.509999990463257,,3.630000114440918,,3.509999990463257,,3.549999952316284,,2119000.0,
2024-07-05,3.5999999046325684,,3.5999999046325684,,3.4700000286102295,,3.5,,1900000.0,
2024-07-08,3.630000114440918,,3.680000066757202,,3.549999952316284,,3.640000104904175,,2384100.0,
2024-07-09,3.640000104904175,,3.640000104904175,,3.4700000286102295,,3.5999999046325684,,2599000.0,
2024-07-10,3.6500000953674316,,3.690000057220459,,3.4800000190734863,,3.680000066757202,,3020900.0,
2024-07-11,3.9700000286102295,,3.990000009536743,,3.7699999809265137,,3.8299999237060547,,5643500.0,
2024-07-12,4.110000133514404,,4.179999828338623,,3.990000009536743,,4.059999942779541,,5522500.0,
2024-07-15,4.349999904632568,,4.449999809265137,,4.119999885559082,,4.139999866485596,,7713500.0,
2024-07-16,4.75,,4.78000020980835,,4.40500020980835,,4.429999828338623,,7247400.0,
2024-07-17,4.630000114440918,,4.885000228881836,,4.539999961853027,,4.599999904632568,,6058400.0,
2024-07-18,4.460000038146973,,4.755000114440918,,4.420000076293945,,4.570000171661377,,4503400.0,
2024-07-19,4.460000038146973,,4.5,,4.300000190734863,,4.440000057220459,,2900500.0,
2024-07-22,4.46999979019165,,4.559999942779541,,4.400000095367432,,4.550000190734863,,2447900.0,
2024-07-23,4.550000190734863,,4.684999942779541,,4.409999847412109,,4.440000057220459,,3178200.0,
2024-07-24,4.329999923706055,,4.53000020980835,,4.289999961853027,,4.460000038146973,,2525000.0,
2024-07-25,4.320000171661377,,4.485000133514404,,4.25,,4.320000171661377,,3961300.0,
2024-07-26,4.440000057220459,,4.480000019073486,,4.284999847412109,,4.429999828338623,,3543100.0,
2024-07-29,4.46999979019165,,4.550000190734863,,4.410999774932861,,4.440000057220459,,4055600.0,
2024-07-30,4.460000038146973,,4.519999980926514,,4.375,,4.480000019073486,,3507000.0,
2024-07-31,4.389999866485596,,4.664000034332275,,4.329999923706055,,4.460000038146973,,8377300.0,
2024-08-01,4.260000228881836,,4.75,,4.070000171661377,,4.710000038146973,,9252600.0,
2024-08-02,4.28000020980835,,4.335000038146973,,3.8399999141693115,,4.039999961853027,,6670700.0,
2024-08-05,4.260000228881836,,4.295000076293945,,3.8499999046325684,,3.890000104904175,,5397200.0,
2024-08-06,4.300000190734863,,4.429999828338623,,4.199999809265137,,4.21999979019165,,3634000.0,
2024-08-07,4.159999847412109,,4.400000095367432,,4.139999866485596,,4.380000114440918,,3899900.0,
2024-08-08,4.340000152587891,,4.369999885559082,,4.179999828338623,,4.260000228881836,,2480800.0,
2024-08-09,4.260000228881836,,4.4079999923706055,,4.224999904632568,,4.349999904632568,,3380200.0,
2024-08-12,4.150000095367432,,4.320000171661377,,4.130000114440918,,4.28000020980835,,3217700.0,
2024-08-13,4.349999904632568,,4.380000114440918,,4.090000152587891,,4.179999828338623,,6053900.0,
2024-08-14,4.510000228881836,,4.590000152587891,,4.215000152587891,,4.400000095367432,,4683600.0,
2024-08-15,4.710000038146973,,4.75,,4.53000020980835,,4.570000171661377,,4226600.0,
2024-08-16,4.699999809265137,,4.860000133514404,,4.635000228881836,,4.710000038146973,,5132400.0,
2024-08-19,4.889999866485596,,4.914999961853027,,4.760000228881836,,4.800000190734863,,5730300.0,
2024-08-20,4.769999980926514,,4.909999847412109,,4.75,,4.880000114440918,,3016100.0,
2024-08-21,4.739999771118164,,4.849999904632568,,4.730000019073486,,4.829999923706055,,2815600.0,
2024-08-22,4.690000057220459,,4.835000038146973,,4.679999828338623,,4.739999771118164,,2699400.0,
2024-08-23,5.130000114440918,,5.21999979019165,,4.715000152587891,,4.75,,9961600.0,
2024-08-26,5.71999979019165,,5.920000076293945,,5.150000095367432,,5.25,,16137600.0,
2024-08-27,5.539999961853027,,5.690000057220459,,5.460000038146973,,5.590000152587891,,7756700.0,
2024-08-28,5.440000057220459,,5.550000190734863,,5.244999885559082,,5.510000228881836,,5921700.0,
2024-08-29,5.170000076293945,,5.510000228881836,,5.159999847412109,,5.480000019073486,,3610500.0,
2024-08-30,5.130000114440918,,5.389999866485596,,5.090000152587891,,5.269999980926514,,4075500.0,
2024-09-03,5.139999866485596,,5.300000190734863,,5.090000152587891,,5.110000133514404,,4651200.0,
2024-09-04,5.119999885559082,,5.375,,5.039999961853027,,5.119999885559082,,3644300.0,
2024-09-05,5.28000020980835,,5.340000152587891,,5.09499979019165,,5.159999847412109,,7124100.0,
2024-09-06,5.159999847412109,,5.309999942779541,,5.070000171661377,,5.28000020980835,,3707300.0,
2024-09-09,5.900000095367432,,5.989999771118164,,5.199999809265137,,5.239999771118164,,10365400.0,
2024-09-10,5.960000038146973,,5.989999771118164,,5.699999809265137,,5.960000038146973,,5710000.0,
2024-09-11,5.989999771118164,,5.989999771118164,,5.63100004196167,,5.78000020980835,,4654500.0,
2024-09-12,5.960000038146973,,6.050000190734863,,5.849999904632568,,6.0,,6264700.0,
2024-09-13,6.380000114440918,,6.425000190734863,,6.0,,6.050000190734863,,9091000.0,
2024-09-16,6.409999847412109,,6.619999885559082,,6.244999885559082,,6.309999942779541,,7303500.0,
2024-09-17,6.539999961853027,,6.625,,6.40500020980835,,6.449999809265137,,5905500.0,
2024-09-18,6.389999866485596,,6.78000020980835,,6.380000114440918,,6.519999980926514,,6503800.0,
2024-09-19,6.300000190734863,,6.579999923706055,,6.28000020980835,,6.510000228881836,,5528600.0,
2024-09-20,6.190000057220459,,6.340000152587891,,6.15500020980835,,6.25,,12687300.0,
2024-09-23,6.199999809265137,,6.269999980926514,,6.070000171661377,,6.199999809265137,,4333700.0,
2024-09-24,6.590000152587891,,6.619999885559082,,6.235000133514404,,6.269999980926514,,6558200.0,
2024-09-25,6.139999866485596,,6.570000171661377,,6.114999771118164,,6.5,,4567900.0,
2024-09-26,6.210000038146973,,6.304999828338623,,6.114999771118164,,6.25,,5069500.0,
2024-09-27,6.269999980926514,,6.349999904632568,,6.175000190734863,,6.210000038146973,,3973600.0,
2024-09-30,6.110000133514404,,6.360000133514404,,6.039999961853027,,6.210000038146973,,3923400.0,
2024-10-01,6.239999771118164,,6.300000190734863,,6.010000228881836,,6.110000133514404,,3820700.0,
2024-10-02,6.239999771118164,,6.389999866485596,,6.105000019073486,,6.159999847412109,,4162100.0,
2024-10-03,6.090000152587891,,6.23799991607666,,5.925000190734863,,6.090000152587891,,2813200.0,
2024-10-04,6.070000171661377,,6.170000076293945,,5.900000095367432,,6.170000076293945,,3898000.0,
2024-10-07,5.670000076293945,,5.949999809265137,,5.578000068664551,,5.949999809265137,,3121100.0,
2024-10-08,5.739999771118164,,5.866000175476074,,5.690000057220459,,5.710000038146973,,3472700.0,
2024-10-09,5.639999866485596,,5.90500020980835,,5.613999843597412,,5.800000190734863,,2716500.0,
2024-10-10,5.619999885559082,,5.650000095367432,,5.485000133514404,,5.5,,3420500.0,
2024-10-11,5.909999847412109,,5.909999847412109,,5.619999885559082,,5.619999885559082,,2810000.0,
2024-10-14,5.940000057220459,,5.989999771118164,,5.840000152587891,,5.900000095367432,,2054900.0,
2024-10-15,5.989999771118164,,6.125999927520752,,5.960000038146973,,5.980000019073486,,3010500.0,
2024-10-16,5.889999866485596,,6.090000152587891,,5.840000152587891,,6.070000171661377,,2655700.0,
2024-10-17,5.71999979019165,,5.860000133514404,,5.675000190734863,,5.860000133514404,,3003100.0,
2024-10-18,5.789999961853027,,5.869999885559082,,5.710000038146973,,5.800000190734863,,1999700.0,
2024-10-21,5.639999866485596,,5.864999771118164,,5.565000057220459,,5.769999980926514,,2617600.0,
2024-10-22,5.699999809265137,,5.824999809265137,,5.619999885559082,,5.630000114440918,,2375800.0,
2024-10-23,5.570000171661377,,5.71999979019165,,5.349999904632568,,5.650000095367432,,4468700.0,
2024-10-24,5.659999847412109,,5.78000020980835,,5.5,,5.639999866485596,,3440900.0,
2024-10-25,5.639999866485596,,5.760000228881836,,5.610000133514404,,5.710000038146973,,3391000.0,
2024-10-28,5.650000095367432,,5.820000171661377,,5.585000038146973,,5.679999828338623,,3256200.0,
2024-10-29,5.400000095367432,,5.579999923706055,,5.369999885559082,,5.559999942779541,,6420500.0,
2024-10-30,5.559999942779541,,5.599999904632568,,5.389999866485596,,5.389999866485596,,5837900.0,
2024-10-31,6.349999904632568,,6.409999847412109,,5.679999828338623,,5.949999809265137,,8037000.0,
2024-11-01,6.409999847412109,,6.650000095367432,,6.230000019073486,,6.429999828338623,,9328400.0,
2024-11-04,6.659999847412109,,6.914999961853027,,6.40500020980835,,6.409999847412109,,6896100.0,
2024-11-05,6.869999885559082,,6.920000076293945,,6.650000095367432,,6.659999847412109,,4553300.0,
2024-11-06,6.460000038146973,,7.010000228881836,,6.210000038146973,,7.010000228881836,,8401100.0,
2024-11-07,6.900000095367432,,6.945000171661377,,6.510000228881836,,6.550000190734863,,5968200.0,
2024-11-08,6.699999809265137,,6.84499979019165,,6.619999885559082,,6.809999942779541,,3161200.0,
2024-11-11,6.800000190734863,,6.929999828338623,,6.590000152587891,,6.75,,4159500.0,
2024-11-12,6.699999809265137,,6.78000020980835,,6.619999885559082,,6.760000228881836,,3257000.0,
2024-11-13,6.699999809265137,,6.869999885559082,,6.579999923706055,,6.800000190734863,,3493000.0,
2024-11-14,6.599999904632568,,6.980000019073486,,6.559999942779541,,6.71999979019165,,4962700.0,
2024-11-15,6.320000171661377,,6.599999904632568,,6.309999942779541,,6.599999904632568,,2811700.0,
2024-11-18,6.190000057220459,,6.320000171661377,,6.090000152587891,,6.320000171661377,,2875700.0,
2024-11-19,6.300000190734863,,6.300000190734863,,6.070000171661377,,6.130000114440918,,3455300.0,
2024-11-20,6.440000057220459,,6.449999809265137,,6.150000095367432,,6.260000228881836,,3368800.0,
2024-11-21,6.730000019073486,,6.800000190734863,,6.320000171661377,,6.440000057220459,,3612000.0,
2024-11-22,6.829999923706055,,6.940000057220459,,6.619999885559082,,6.789999961853027,,5186000.0,
2024-11-25,7.070000171661377,,7.139999866485596,,6.9039998054504395,,7.0,,7434300.0,
2024-11-26,7.170000076293945,,7.25,,6.823999881744385,,6.929999828338623,,3715000.0,
2024-11-27,7.199999809265137,,7.360000133514404,,7.050000190734863,,7.25,,2719500.0,
2024-11-29,7.090000152587891,,7.320000171661377,,7.050000190734863,,7.25,,1858100.0,
2024-12-02,7.139999866485596,,7.139999866485596,,6.940000057220459,,7.090000152587891,,3924200.0,
2024-12-03,7.329999923706055,,7.690000057220459,,7.170000076293945,,7.349999904632568,,4564600.0,
2024-12-04,7.119999885559082,,7.449999809265137,,7.099999904632568,,7.300000190734863,,3486500.0,
2024-12-05,6.989999771118164,,7.130000114440918,,6.860000133514404,,7.03000020980835,,2460300.0,
2024-12-06,7.059999942779541,,7.28000020980835,,7.010000228881836,,7.070000171661377,,4462900.0,
2024-12-09,6.949999809265137,,7.119999885559082,,6.900000095367432,,7.090000152587891,,2864000.0,
2024-12-10,6.909999847412109,,6.940000057220459,,6.699999809265137,,6.849999904632568,,2965100.0,
2024-12-11,7.090000152587891,,7.159999847412109,,6.929999828338623,,7.019999980926514,,3083500.0,
2024-12-12,6.900000095367432,,7.159999847412109,,6.880000114440918,,7.039999961853027,,3221500.0,
2024-12-13,6.769999980926514,,6.980000019073486,,6.724999904632568,,6.880000114440918,,3158400.0,
2024-12-16,6.840000152587891,,6.875,,6.699999809265137,,6.78000020980835,,2629100.0,
2024-12-17,6.699999809265137,,6.809999942779541,,6.599999904632568,,6.769999980926514,,3008800.0,
2024-12-18,6.0,,6.570000171661377,,5.989999771118164,,6.510000228881836,,6542500.0,
2024-12-19,5.980000019073486,,6.150000095367432,,5.920000076293945,,6.070000171661377,,5152700.0,
2024-12-20,6.230000019073486,,6.269999980926514,,5.900000095367432,,5.900000095367432,,11779500.0,
2024-12-23,6.03000020980835,,6.234000205993652,,5.920000076293945,,6.179999828338623,,4480700.0,
2024-12-24,6.0,,6.03000020980835,,5.933000087738037,,6.0,,1453000.0,
2024-12-26,6.0,,6.039999961853027,,5.920000076293945,,5.929999828338623,,2256100.0,
2024-12-27,5.849999904632568,,5.989999771118164,,5.809999942779541,,5.960000038146973,,2743100.0,
2024-12-30,5.789999961853027,,5.849999904632568,,5.684999942779541,,5.78000020980835,,3365700.0,
2024-12-31,5.849999904632568,,5.960000038146973,,5.739999771118164,,5.849999904632568,,4528200.0,
2025-01-02,5.800000190734863,,5.925000190734863,,5.730000019073486,,5.900000095367432,,3623900.0,
2025-01-03,5.880000114440918,,5.880000114440918,,5.71999979019165,,5.800000190734863,,3606400.0,
2025-01-06,5.829999923706055,,5.940000057220459,,5.820000171661377,,5.900000095367432,,4551200.0,
2025-01-07,5.590000152587891,,5.909999847412109,,5.559999942779541,,5.869999885559082,,5221000.0,
2025-01-08,5.590000152587891,,5.635000228881836,,5.474999904632568,,5.590000152587891,,4509300.0,
2025-01-10,5.349999904632568,,5.449999809265137,,5.295000076293945,,5.449999809265137,,6034800.0,
2025-01-13,5.380000114440918,,5.380000114440918,,5.099999904632568,,5.239999771118164,,4706500.0,
2025-01-14,5.579999923706055,,5.718999862670898,,5.420000076293945,,5.46999979019165,,5429500.0,
2025-01-15,6.659999847412109,,6.84499979019165,,6.0,,6.369999885559082,,13892900.0,
2025-01-16,6.730000019073486,,6.840000152587891,,6.48199987411499,,6.599999904632568,,6159000.0,
2025-01-17,6.760000228881836,,6.920000076293945,,6.710000038146973,,6.840000152587891,,6020700.0,
2025-01-21,6.75,,6.900000095367432,,6.684000015258789,,6.849999904632568,,4764900.0,
2025-01-22,6.889999866485596,,6.954999923706055,,6.659999847412109,,6.730000019073486,,4738100.0,
2025-01-23,6.909999847412109,,6.929999828338623,,6.739999771118164,,6.829999923706055,,4187600.0,
2025-01-24,6.989999771118164,,7.070000171661377,,6.900000095367432,,6.949999809265137,,5191400.0,
2025-01-27,7.019999980926514,,7.199999809265137,,6.869999885559082,,6.889999866485596,,5542700.0,
2025-01-28,7.420000076293945,,7.489999771118164,,6.980000019073486,,7.0,,5735400.0,
2025-01-29,7.269999980926514,,7.480000019073486,,7.099999904632568,,7.420000076293945,,4078600.0,
2025-01-30,7.53000020980835,,7.690000057220459,,7.360000133514404,,7.360000133514404,,5986100.0,
2025-01-31,7.25,,7.590000152587891,,7.15500020980835,,7.510000228881836,,4989400.0,
2025-02-03,7.150000095367432,,7.199999809265137,,6.960000038146973,,6.989999771118164,,5444900.0,
2025-02-04,7.239999771118164,,7.340000152587891,,7.065000057220459,,7.170000076293945,,6301200.0,
2025-02-05,7.510000228881836,,7.599999904632568,,7.300000190734863,,7.309999942779541,,4874100.0,
2025-02-06,7.610000133514404,,7.670000076293945,,7.454999923706055,,7.519999980926514,,3801300.0,
2025-02-07,7.460000038146973,,7.659999847412109,,7.364999771118164,,7.559999942779541,,3837500.0,
2025-02-10,7.380000114440918,,7.579999923706055,,7.369999885559082,,7.570000171661377,,3968800.0,
2025-02-11,7.440000057220459,,7.949999809265137,,7.369999885559082,,7.820000171661377,,8775700.0,
2025-02-12,7.5,,7.519999980926514,,7.159999847412109,,7.25,,3769200.0,
2025-02-13,7.579999923706055,,7.599999904632568,,7.440000057220459,,7.53000020980835,,6053300.0,
2025-02-14,7.929999828338623,,7.929999828338623,,7.610000133514404,,7.75,,6801300.0,
2025-02-18,7.980000019073486,,7.994999885559082,,7.760000228881836,,7.989999771118164,,9343900.0,
2025-02-19,10.239999771118164,,10.25,,8.079999923706055,,8.529999732971191,,29366100.0,
2025-02-20,9.779999732971191,,10.119999885559082,,9.5,,9.890000343322754,,12025700.0,
2025-02-21,8.979999542236328,,9.970000267028809,,8.880000114440918,,9.960000038146973,,9981500.0,
2025-02-24,9.100000381469727,,9.300000190734863,,8.725000381469727,,9.029999732971191,,8768500.0,
2025-02-25,9.25,,9.369999885559082,,9.029999732971191,,9.140000343322754,,4876900.0,
2025-02-26,9.449999809265137,,9.789999961853027,,9.260000228881836,,9.289999961853027,,6820400.0,
2025-02-27,9.010000228881836,,9.739999771118164,,8.979999542236328,,9.5649995803833,,9022000.0,
2025-02-28,8.989999771118164,,9.055000305175781,,8.770000457763672,,8.930000305175781,,6111000.0,
2025-03-03,8.6899995803833,,9.15999984741211,,8.609999656677246,,9.0,,6794700.0,
2025-03-04,9.09000015258789,,9.229999542236328,,8.420000076293945,,8.569999694824219,,6664700.0,
2025-03-05,9.15999984741211,,9.170000076293945,,8.930000305175781,,9.09000015258789,,5165700.0,
2025-03-06,8.699999809265137,,9.364999771118164,,8.6899995803833,,8.9399995803833,,5300100.0,
2025-03-07,8.479999542236328,,8.800000190734863,,8.119999885559082,,8.760000228881836,,5347200.0,
2025-03-10,8.569999694824219,,8.779999732971191,,8.289999961853027,,8.420000076293945,,5723400.0,
2025-03-11,8.539999961853027,,8.774999618530273,,8.319999694824219,,8.539999961853027,,7797900.0,
2025-03-12,8.800000190734863,,8.914999961853027,,8.574999809265137,,8.800000190734863,,6044200.0,
2025-03-13,8.729999542236328,,9.050000190734863,,8.460000038146973,,8.739999771118164,,7409000.0,
2025-03-14,8.760000228881836,,9.039999961853027,,8.640000343322754,,8.770000457763672,,6498700.0,
2025-03-17,9.0,,9.140000343322754,,8.710000038146973,,8.760000228881836,,6219000.0,
2025-03-18,8.819999694824219,,8.90999984741211,,8.5600004196167,,8.890000343322754,,5325800.0,
2025-03-19,8.880000114440918,,9.0,,8.640000343322754,,8.779999732971191,,6429000.0,
2025-03-20,9.09000015258789,,9.34000015258789,,8.699999809265137,,8.760000228881836,,5256900.0,
2025-03-21,9.390000343322754,,9.430000305175781,,8.949999809265137,,9.010000228881836,,9157800.0,
2025-03-24,9.609999656677246,,9.710000038146973,,9.3100004196167,,9.5,,6280700.0,
2025-03-25,9.430000305175781,,9.6899995803833,,9.270000457763672,,9.399999618530273,,6981600.0,
2025-03-26,9.390000343322754,,9.539999961853027,,9.170000076293945,,9.449999809265137,,5763200.0,
2025-03-27,9.34000015258789,,9.609999656677246,,9.210000038146973,,9.300000190734863,,7165700.0,
2025-03-28,9.130000114440918,,9.380000114440918,,9.0,,9.289999961853027,,6824900.0,
2025-03-31,8.729999542236328,,8.954999923706055,,8.508999824523926,,8.9399995803833,,7910500.0,
2025-04-01,8.720000267028809,,8.994999885559082,,8.569999694824219,,8.6899995803833,,7214000.0,
2025-04-02,8.979999542236328,,9.079999923706055,,8.609999656677246,,8.609999656677246,,6855400.0,
2025-04-03,8.430000305175781,,8.75,,8.385000228881836,,8.630000114440918,,8671800.0,
2025-04-04,8.279999732971191,,8.390000343322754,,7.815000057220459,,8.130000114440918,,9032900.0,
2025-04-07,8.09000015258789,,8.8100004196167,,7.769999980926514,,7.800000190734863,,10935600.0,
2025-04-08,7.610000133514404,,8.404999732971191,,7.434999942779541,,8.369999885559082,,8725500.0,
2025-04-09,8.039999961853027,,8.149999618530273,,7.085000038146973,,7.369999885559082,,14883100.0,
2025-04-10,7.480000019073486,,7.916999816894531,,7.389999866485596,,7.835000038146973,,6513900.0,
2025-04-11,7.510000228881836,,7.550000190734863,,7.034999847412109,,7.460000038146973,,7162700.0,
2025-04-14,7.610000133514404,,7.809999942779541,,7.400000095367432,,7.800000190734863,,5458800.0,
2025-04-15,7.860000133514404,,7.909999847412109,,7.550000190734863,,7.650000095367432,,6513800.0,
2025-04-16,7.590000152587891,,7.798999786376953,,7.5,,7.739999771118164,,4578000.0,
2025-04-17,7.289999961853027,,7.690000057220459,,7.269999980926514,,7.639999866485596,,7617200.0,
2025-04-21,6.860000133514404,,7.25,,6.789999961853027,,7.210000038146973,,7552300.0,
2025-04-22,6.949999809265137,,7.079999923706055,,6.855000019073486,,7.019999980926514,,7319100.0,
2025-04-23,7.230000019073486,,7.505000114440918,,7.150000095367432,,7.25,,8670100.0,
2025-04-24,7.360000133514404,,7.449999809265137,,7.21999979019165,,7.309999942779541,,5731800.0,
2025-04-25,7.369999885559082,,7.46999979019165,,7.28000020980835,,7.320000171661377,,4624500.0,
2025-04-28,7.380000114440918,,7.425000190734863,,7.019999980926514,,7.25,,7769600.0,
2025-04-29,7.630000114440918,,7.65500020980835,,7.260000228881836,,7.289999961853027,,6498500.0,
2025-04-30,7.71999979019165,,7.730000019073486,,7.34499979019165,,7.429999828338623,,6579300.0,
2025-05-01,7.829999923706055,,8.03499984741211,,7.690000057220459,,7.809999942779541,,5975200.0,
2025-05-02,7.949999809265137,,8.145000457763672,,7.875,,7.920000076293945,,6930500.0,
2025-05-05,7.909999847412109,,8.010000228881836,,7.77400016784668,,7.840000152587891,,6715300.0,
2025-05-06,7.739999771118164,,7.84499979019165,,7.679999828338623,,7.769999980926514,,6016100.0,
2025-05-07,7.650000095367432,,7.809999942779541,,7.630000114440918,,7.800000190734863,,6161600.0,
2025-05-08,7.730000019073486,,7.840000152587891,,7.489999771118164,,7.699999809265137,,15636200.0,
2025-05-09,6.25,,7.170000076293945,,6.239999771118164,,6.699999809265137,,30811600.0,
2025-05-12,6.46999979019165,,6.545000076293945,,6.199999809265137,,6.539999961853027,,10474700.0,
2025-05-13,6.460000038146973,,6.570000171661377,,6.21999979019165,,6.46999979019165,,9402300.0,
2025-05-14,6.340000152587891,,6.505000114440918,,6.260000228881836,,6.409999847412109,,6966800.0,
2025-05-15,6.110000133514404,,6.380000114440918,,5.989999771118164,,6.369999885559082,,7296200.0,
2025-05-16,6.289999961853027,,6.364999771118164,,6.070000171661377,,6.070000171661377,,7232800.0,
2025-05-19,6.230000019073486,,6.230000019073486,,6.070000171661377,,6.119999885559082,,5785600.0,
2025-05-20,6.079999923706055,,6.21999979019165,,6.050000190734863,,6.210000038146973,,4587500.0,
2025-05-21,5.800000190734863,,6.039999961853027,,5.699999809265137,,5.989999771118164,,7015400.0,
2025-05-22,5.860000133514404,,5.929999828338623,,5.65500020980835,,5.78000020980835,,6822800.0,
2025-05-23,5.96999979019165,,6.0,,5.730000019073486,,5.730000019073486,,6040100.0,
2025-05-27,5.980000019073486,,6.090000152587891,,5.800000190734863,,6.079999923706055,,9949300.0,
2025-05-28,5.820000171661377,,5.952000141143799,,5.800000190734863,,5.949999809265137,,4135200.0,
2025-05-29,5.849999904632568,,6.039999961853027,,5.804999828338623,,5.900000095367432,,6673600.0,
2025-05-30,5.909999847412109,,5.989999771118164,,5.769999980926514,,5.849999904632568,,8561900.0,
2025-06-02,5.840000152587891,,5.929999828338623,,5.784999847412109,,5.849999904632568,,4508600.0,
2025-06-03,6.059999942779541,,6.070000171661377,,5.695000171661377,,5.860000133514404,,7209900.0,
2025-06-04,6.179999828338623,,6.239999771118164,,6.059999942779541,,6.059999942779541,,4899600.0,
2025-06-05,6.159999847412109,,6.449999809265137,,6.11299991607666,,6.179999828338623,,7022700.0,
2025-06-06,6.289999961853027,,6.340000152587891,,6.065000057220459,,6.179999828338623,,6949000.0,
2025-06-09,6.159999847412109,,6.369999885559082,,6.110000133514404,,6.329999923706055,,5666900.0,
2025-06-10,6.340000152587891,,6.394999980926514,,6.175000190734863,,6.190000057220459,,6719700.0,
2025-06-11,6.510000228881836,,6.579999923706055,,6.380000114440918,,6.400000095367432,,6712100.0,
2025-06-12,6.409999847412109,,6.519999980926514,,6.315000057220459,,6.489999771118164,,7394700.0,
2025-06-13,6.230000019073486,,6.429999828338623,,6.190000057220459,,6.28000020980835,,4566400.0,
2025-06-16,6.269999980926514,,6.449999809265137,,6.224999904632568,,6.329999923706055,,4263700.0,
2025-06-17,5.96999979019165,,6.2789998054504395,,5.900000095367432,,6.260000228881836,,7707100.0,
2025-06-18,5.909999847412109,,6.070000171661377,,5.869999885559082,,5.989999771118164,,8202300.0,
2025-06-20,6.119999885559082,,6.21999979019165,,5.929999828338623,,5.960000038146973,,15421000.0,
2025-06-23,6.25,,6.28000020980835,,5.980000019073486,,6.059999942779541,,6321000.0,
2025-06-24,6.440000057220459,,6.46999979019165,,6.210000038146973,,6.300000190734863,,5531600.0,
2025-06-25,6.28000020980835,,6.46999979019165,,6.269999980926514,,6.400000095367432,,7285500.0,
2025-06-26,6.309999942779541,,6.374000072479248,,6.119999885559082,,6.320000171661377,,6051900.0,
2025-06-27,6.409999847412109,,6.420000076293945,,6.269999980926514,,6.329999923706055,,21094800.0,
2025-06-30,6.28000020980835,,6.579999923706055,,6.21999979019165,,6.570000171661377,,6955000.0,
2025-07-01,6.340000152587891,,6.429999828338623,,6.090000152587891,,6.239999771118164,,8708900.0,
2025-07-02,6.329999923706055,,6.364999771118164,,6.21999979019165,,6.28000020980835,,8783300.0,
2025-07-03,6.420000076293945,,6.474999904632568,,6.360000133514404,,6.360000133514404,,2134400.0,
2025-07-07,6.150000095367432,,6.320000171661377,,6.119999885559082,,6.309999942779541,,6956200.0,
2025-07-08,6.289999961853027,,6.309999942779541,,6.150000095367432,,6.190000057220459,,7697900.0,
2025-07-09,6.599999904632568,,6.639999866485596,,6.21999979019165,,6.329999923706055,,8873400.0,
2025-07-10,6.760000228881836,,6.769999980926514,,6.519999980926514,,6.53000020980835,,7502900.0,
2025-07-11,6.53000020980835,,6.710000038146973,,6.46999979019165,,6.690000057220459,,6625800.0,
2025-07-14,6.670000076293945,,6.699999809265137,,6.489999771118164,,6.489999771118164,,6063900.0,
2025-07-15,6.480000019073486,,6.705999851226807,,6.460000038146973,,6.639999866485596,,4851500.0,
2025-07-16,6.579999923706055,,6.619999885559082,,6.485000133514404,,6.559999942779541,,4676500.0,
2025-07-17,6.570000171661377,,6.75,,6.510000228881836,,6.579999923706055,,5103700.0,
2025-07-18,6.679999828338623,,6.775000095367432,,6.579999923706055,,6.630000114440918,,5351700.0,
2025-07-21,6.949999809265137,,7.019999980926514,,6.78000020980835,,6.78000020980835,,8194900.0,
2025-07-22,7.300000190734863,,7.389999866485596,,6.96999979019165,,7.019999980926514,,9148900.0,
2025-07-23,7.25,,7.336999893188477,,7.204999923706055,,7.300000190734863,,5377400.0,
2025-07-24,7.130000114440918,,7.304999828338623,,7.130000114440918,,7.175000190734863,,7116000.0,
2025-07-25,7.21999979019165,,7.230000019073486,,7.010000228881836,,7.139999866485596,,5138300.0,
2025-07-28,7.349999904632568,,7.360000133514404,,7.175000190734863,,7.239999771118164,,4632900.0,
2025-07-29,7.369999885559082,,7.510000228881836,,7.269999980926514,,7.369999885559082,,8237700.0,
2025-07-30,7.230000019073486,,7.485000133514404,,7.230000019073486,,7.400000095367432,,9419300.0,
2025-07-31,7.940000057220459,,7.980000019073486,,6.929999828338623,,7.159999847412109,,18973500.0,
2025-08-01,7.820000171661377,,8.050000190734863,,7.585000038146973,,7.670000076293945,,14819600.0,
2025-08-04,8.239999771118164,,8.329999923706055,,7.784999847412109,,7.820000171661377,,9459000.0,
2025-08-05,8.25,,8.319999694824219,,8.079999923706055,,8.229999542236328,,10102000.0,
2025-08-06,8.239999771118164,,8.359999656677246,,8.180000305175781,,8.210000038146973,,6662500.0,
2025-08-07,8.210000038146973,,8.319999694824219,,8.069999694824219,,8.279999732971191,,6190800.0,
2025-08-08,8.149999618530273,,8.279999732971191,,8.045000076293945,,8.279999732971191,,5028700.0,
2025-08-11,8.279999732971191,,8.4399995803833,,8.180000305175781,,8.1899995803833,,6702600.0,
2025-08-12,8.470000267028809,,8.479999542236328,,8.255000114440918,,8.319999694824219,,7114500.0,
2025-08-13,8.84000015258789,,8.875,,8.5,,8.529999732971191,,10671200.0,
2025-08-14,8.760000228881836,,8.84000015258789,,8.569999694824219,,8.609999656677246,,5095100.0,
2025-08-15,8.779999732971191,,8.970000267028809,,8.725000381469727,,8.850000381469727,,6604400.0,
2025-08-18,8.75,,8.930000305175781,,8.6899995803833,,8.770000457763672,,7599400.0,
2025-08-19,8.369999885559082,,8.880000114440918,,8.34000015258789,,8.770000457763672,,7717200.0,
2025-08-20,8.279999732971191,,8.40999984741211,,8.163000106811523,,8.380000114440918,,6224700.0,
2025-08-21,8.489999771118164,,8.539999961853027,,8.121999740600586,,8.199999809265137,,7564600.0,
2025-08-22,9.289999961853027,,9.319999694824219,,8.539999961853027,,8.539999961853027,,11151900.0,
2025-08-25,9.529999732971191,,9.6899995803833,,9.199999809265137,,9.199999809265137,,11212800.0,
2025-08-26,9.359999656677246,,9.600000381469727,,9.180000305175781,,9.510000228881836,,10050200.0,
2025-08-27,9.279999732971191,,9.460000038146973,,9.244999885559082,,9.324999809265137,,8505000.0,
2025-08-28,9.020000457763672,,9.244999885559082,,8.850000381469727,,9.220000267028809,,11325300.0,
2025-08-29,9.079999923706055,,9.140000343322754,,8.925000190734863,,9.100000381469727,,7561600.0,
2025-09-02,8.930000305175781,,9.119999885559082,,8.755000114440918,,8.859999656677246,,6267200.0,
2025-09-03,9.050000190734863,,9.100000381469727,,8.850000381469727,,8.880000114440918,,5213200.0,
2025-09-04,9.350000381469727,,9.364999771118164,,9.015000343322754,,9.100000381469727,,7016100.0,
2025-09-05,9.649999618530273,,9.734999656677246,,9.21500015258789,,9.59000015258789,,7945300.0,
2025-09-08,9.550000190734863,,9.75,,9.510000228881836,,9.609999656677246,,5292300.0,
2025-09-09,9.279999732971191,,9.550000190734863,,9.140000343322754,,9.430000305175781,,7581500.0,
2025-09-10,9.1899995803833,,9.539999961853027,,9.074999809265137,,9.40999984741211,,5188100.0,
2025-09-11,9.430000305175781,,9.600000381469727,,9.20300006866455,,9.25,,7105200.0,
2025-09-12,9.350000381469727,,9.505000114440918,,9.25,,9.260000228881836,,4497300.0,
2025-09-15,9.300000190734863,,9.420000076293945,,9.149999618530273,,9.380000114440918,,4469700.0,
2025-09-16,9.260000228881836,,9.404999732971191,,9.15999984741211,,9.289999961853027,,4002100.0,
2025-09-17,9.460000038146973,,9.9350004196167,,9.295000076293945,,9.359999656677246,,12265900.0,
2025-09-18,9.6899995803833,,9.699999809265137,,9.373000144958496,,9.380000114440918,,6468000.0,
2025-09-19,9.399999618530273,,9.729999542236328,,9.369999885559082,,9.710000038146973,,9491400.0,
2025-09-22,7.920000076293945,,8.979999542236328,,7.690000057220459,,8.609999656677246,,45761000.0,
2025-09-23,7.940000057220459,,8.039999961853027,,7.679999828338623,,7.989999771118164,,17750400.0,
2025-09-24,7.929999828338623,,8.229999542236328,,7.809999942779541,,7.809999942779541,,23394500.0,
2025-09-25,7.949999809265137,,8.050000190734863,,7.738999843597412,,7.78000020980835,,12668300.0,
2025-09-26,7.949999809265137,,8.024999618530273,,7.829999923706055,,7.889999866485596,,10621200.0,
2025-09-29,8.220000267028809,,8.270000457763672,,7.889999866485596,,8.010000228881836,,12434200.0,
2025-09-30,8.029999732971191,,8.300999641418457,,7.960000038146973,,8.25,,11923500.0,
2025-10-01,7.630000114440918,,8.069999694824219,,7.559999942779541,,8.069999694824219,,15213300.0,
2025-10-02,7.550000190734863,,7.639999866485596,,7.369999885559082,,7.599999904632568,,17824400.0,
2025-10-03,7.829999923706055,,8.0,,7.539999961853027,,7.579999923706055,,27981000.0,
2025-10-06,7.639999866485596,,7.880000114440918,,7.539999961853027,,7.860000133514404,,12552300.0,
2025-10-07,7.409999847412109,,7.650000095367432,,7.300000190734863,,7.650000095367432,,15732900.0,
2025-10-08,7.360000133514404,,7.505000114440918,,7.309999942779541,,7.489999771118164,,7462200.0,
2025-10-09,7.269999980926514,,7.369999885559082,,7.204999923706055,,7.369999885559082,,8719100.0,
2025-10-10,7.039999961853027,,7.420000076293945,,7.03000020980835,,7.309999942779541,,12377200.0,
2025-10-13,6.920000076293945,,7.21999979019165,,6.840000152587891,,7.190000057220459,,8571100.0,
2025-10-14,7.190000057220459,,7.300000190734863,,6.840000152587891,,6.900000095367432,,10049600.0,
2025-10-15,7.289999961853027,,7.5,,7.110000133514404,,7.190000057220459,,15789100.0,
2025-10-16,7.309999942779541,,7.519999980926514,,7.269999980926514,,7.320000171661377,,11179200.0,
2025-10-17,7.289999961853027,,7.340000152587891,,7.130000114440918,,7.269999980926514,,13767100.0,
2025-10-20,7.489999771118164,,7.550000190734863,,7.329999923706055,,7.369999885559082,,8691900.0,
2025-10-21,7.570000171661377,,7.690000057220459,,7.400000095367432,,7.449999809265137,,11801700.0,
2025-10-22,7.610000133514404,,7.619999885559082,,7.460000038146973,,7.550000190734863,,9797900.0,
2025-10-23,7.670000076293945,,7.760000228881836,,7.480000019073486,,7.579999923706055,,8223900.0,
2025-10-24,8.029999732971191,,8.119999885559082,,7.739999771118164,,7.800000190734863,,14249900.0,
2025-10-27,8.0600004196167,,8.109999656677246,,7.869999885559082,,8.050000190734863,,8327600.0,
2025-10-28,7.929999828338623,,8.329999923706055,,7.914999961853027,,8.029999732971191,,7964800.0,
2025-10-29,7.610000133514404,,7.909999847412109,,7.525000095367432,,7.840000152587891,,8347300.0,
2025-10-30,7.440000057220459,,7.550000190734863,,7.34499979019165,,7.53000020980835,,8355800.0,
2025-10-31,7.710000038146973,,7.764999866485596,,7.380000114440918,,7.46999979019165,,17375400.0,
2025-11-03,7.78000020980835,,7.809999942779541,,7.429999828338623,,7.579999923706055,,15021500.0,
2025-11-04,8.359999656677246,,8.59000015258789,,7.739999771118164,,8.109999656677246,,24495300.0,
2025-11-05,8.789999961853027,,8.824999809265137,,8.199999809265137,,8.239999771118164,,15577200.0,
2025-11-06,8.529999732971191,,8.84000015258789,,8.40999984741211,,8.789999961853027,,9956700.0,
2025-11-07,8.550000190734863,,8.640000343322754,,8.324999809265137,,8.479999542236328,,9434100.0,
2025-11-10,8.789999961853027,,8.890000343322754,,8.470000267028809,,8.600000381469727,,8371600.0,
2025-11-11,9.430000305175781,,9.449999809265137,,8.819999694824219,,8.819999694824219,,14330400.0,
2025-11-12,9.5,,9.649999618530273,,9.210000038146973,,9.420000076293945,,12475300.0,
2025-11-13,9.489999771118164,,9.574999809265137,,9.3100004196167,,9.479999542236328,,13926300.0,
2025-11-14,9.40999984741211,,9.585000038146973,,9.229999542236328,,9.369999885559082,,14464000.0,
2025-11-17,9.380000114440918,,9.550000190734863,,9.295000076293945,,9.399999618530273,,20805200.0,
2025-11-18,9.350000381469727,,9.479999542236328,,9.239999771118164,,9.300000190734863,,12011600.0,
2025-11-19,9.359999656677246,,9.529999732971191,,9.300000190734863,,9.369999885559082,,10334700.0,
2025-11-20,9.180000305175781,,9.770000457763672,,9.119999885559082,,9.449999809265137,,15397300.0,
2025-11-21,9.970000267028809,,10.010000228881836,,9.25,,9.260000228881836,,16373600.0,
2025-11-24,10.600000381469727,,10.710000038146973,,10.09000015258789,,10.279999732971191,,19383500.0,
2025-11-25,10.5,,11.029999732971191,,10.475000381469727,,10.630000114440918,,23032700.0,
2025-11-26,10.420000076293945,,10.628999710083008,,10.319999694824219,,10.390000343322754,,10765200.0,
2025-11-28,10.420000076293945,,10.520000457763672,,10.324999809265137,,10.430000305175781,,3373700.0,
2025-12-01,10.630000114440918,,10.65999984741211,,10.149999618530273,,10.199999809265137,,11042300.0,
2025-12-02,10.5600004196167,,10.734999656677246,,10.359999656677246,,10.699999809265137,,7622000.0,
2025-12-03,10.5,,10.9399995803833,,10.319999694824219,,10.579999923706055,,12848200.0,
2025-12-04,10.399999618530273,,10.619999885559082,,10.390000343322754,,10.539999961853027,,11357300.0,
2025-12-05,10.319999694824219,,10.489999771118164,,10.279999732971191,,10.420000076293945,,6566000.0,
2025-12-08,10.420000076293945,,10.899999618530273,,10.395000457763672,,10.8100004196167,,10210900.0,
2025-12-09,10.84000015258789,,10.920000076293945,,10.390000343322754,,10.470000267028809,,14772700.0,
2025-12-10,10.550000190734863,,10.899999618530273,,10.494999885559082,,10.880000114440918,,13531600.0,
2025-12-11,10.760000228881836,,10.8149995803833,,10.539999961853027,,10.699999809265137,,8098700.0,
2025-12-12,10.739999771118164,,11.020000457763672,,10.670000076293945,,10.869999885559082,,9077300.0,
2025-12-15,10.34000015258789,,10.550000190734863,,10.092000007629395,,10.5,,13339000.0,
2025-12-16,10.880000114440918,,10.899999618530273,,10.35099983215332,,10.420000076293945,,10297200.0,
2025-12-17,10.529999732971191,,11.020000457763672,,10.489999771118164,,10.989999771118164,,14338500.0,
2025-12-18,10.739999771118164,,11.069999694824219,,10.699999809265137,,10.720000267028809,,14421200.0,
2025-12-19,10.579999923706055,,10.720000267028809,,10.484999656677246,,10.65999984741211,,12687000.0,
2025-12-22,10.720000267028809,,10.739999771118164,,10.42199993133545,,10.449999809265137,,8573300.0,
2025-12-23,10.619999885559082,,10.829999923706055,,10.550000190734863,,10.600000381469727,,8580100.0,
2025-12-24,10.680000305175781,,10.748000144958496,,10.475000381469727,,10.640000343322754,,2834600.0,
2025-12-26,10.59000015258789,,10.739999771118164,,10.449999809265137,,10.65999984741211,,3711700.0,
2025-12-29,10.699999809265137,,10.789999961853027,,10.4399995803833,,10.59000015258789,,6400400.0,
2025-12-30,10.609999656677246,,10.729999542236328,,10.510000228881836,,10.630000114440918,,5427300.0,
2025-12-31,10.569999694824219,,10.640000343322754,,10.524999618530273,,10.579999923706055,,5610200.0,
2026-01-02,10.5,,10.873000144958496,,10.470000267028809,,10.619999885559082,,9925900.0,
2026-01-05,10.850000381469727,,10.90999984741211,,10.430000305175781,,10.5,,9724000.0,
2026-01-06,10.829999923706055,,10.909000396728516,,10.25,,10.859999656677246,,9188500.0,
2026-01-07,11.84000015258789,,12.579999923706055,,11.335000038146973,,11.800000190734863,,103307200.0,
2026-01-08,12.260000228881836,,12.329999923706055,,11.399999618530273,,11.949999809265137,,76914900.0,
2026-01-09,12.84000015258789,,13.529999732971191,,12.550000190734863,,12.5600004196167,,50025000.0,
2026-01-12,12.210000038146973,,12.84000015258789,,12.0,,12.739999771118164,,31083500.0,
2026-01-13,12.170000076293945,,12.430000305175781,,11.920000076293945,,12.260000228881836,,27970100.0,
2026-01-14,12.300000190734863,,12.489999771118164,,11.914999961853027,,12.079999923706055,,26712700.0,
2026-01-15,12.59000015258789,,12.739999771118164,,12.329999923706055,,12.510000228881836,,16663400.0,
2026-01-16,12.859999656677246,,13.1850004196167,,12.6899995803833,,12.75,,19273100.0,
2026-01-20,12.760000228881836,,13.09000015258789,,12.670000076293945,,12.859999656677246,,18340500.0,
2026-01-21,13.329999923706055,,13.350000381469727,,12.642000198364258,,12.770000457763672,,20844700.0,
2026-01-22,13.279999732971191,,13.5,,13.15999984741211,,13.430000305175781,,19363500.0,
2026-01-23,13.329999923706055,,13.404999732971191,,12.975000381469727,,13.15999984741211,,10366600.0,
2026-01-26,13.579999923706055,,13.954999923706055,,13.380000114440918,,13.5,,19996700.0,
2026-01-27,13.130000114440918,,13.649999618530273,,12.770000457763672,,13.40999984741211,,20348300.0,
2026-01-28,13.050000190734863,,13.460000038146973,,13.015000343322754,,13.140000343322754,,17931000.0,
2026-01-29,13.029999732971191,,13.274999618530273,,12.890000343322754,,13.0600004196167,,20025000.0,
2026-01-30,12.520000457763672,,12.90999984741211,,12.170999526977539,,12.899999618530273,,18839800.0,
2026-02-02,12.279999732971191,,12.710000038146973,,12.234999656677246,,12.5,,13388600.0,
2026-02-03,12.180000305175781,,12.600000381469727,,11.890000343322754,,12.420000076293945,,18832900.0,
2026-02-04,11.979999542236328,,12.255000114440918,,11.46500015258789,,12.15999984741211,,22206600.0,
2026-02-05,12.039999961853027,,12.199999809265137,,11.779999732971191,,11.90999984741211,,16169100.0,
2026-02-06,12.270000457763672,,12.404999732971191,,11.930000305175781,,12.109999656677246,,14673400.0,
2026-02-09,12.869999885559082,,12.869999885559082,,11.984999656677246,,12.270000457763672,,16405400.0,
2026-02-10,12.760000228881836,,13.130000114440918,,12.630000114440918,,12.920000076293945,,25432700.0,
2026-02-11,11.199999809265137,,12.84000015258789,,11.1899995803833,,12.609999656677246,,35936200.0,
2026-02-12,10.319999694824219,,11.390000343322754,,9.630000114440918,,11.210000038146973,,47614600.0,
2026-02-13,10.40999984741211,,10.645000457763672,,10.274999618530273,,10.425000190734863,,17431000.0,
2026-02-17,10.100000381469727,,10.579999923706055,,9.960000038146973,,10.329999923706055,,13887300.0,
2026-02-18,10.460000038146973,,10.630000114440918,,10.09000015258789,,10.100000381469727,,20421900.0,
2026-02-19,10.430000305175781,,10.46500015258789,,10.225000381469727,,10.279999732971191,,10214700.0,
2026-02-20,10.300000190734863,,10.680000305175781,,10.050000190734863,,10.350000381469727,,13745900.0,
2026-02-23,9.079999923706055,,10.260000228881836,,9.010000228881836,,10.220000267028809,,35484600.0,
2026-02-24,9.430000305175781,,9.46500015258789,,8.989999771118164,,9.039999961853027,,16470500.0,
2026-02-25,9.510000228881836,,9.614999771118164,,9.350000381469727,,9.399999618530273,,19664200.0,
2026-02-26,10.0,,10.125,,9.461000442504883,,9.539999961853027,,28146100.0,
2026-02-27,9.75,,10.140000343322754,,9.5,,9.699999809265137,,30402200.0,
2026-03-02,10.0600004196167,,10.085000038146973,,9.369999885559082,,9.449999809265137,,21499200.0,
2026-03-03,9.789999961853027,,10.069999694824219,,9.470000267028809,,9.65999984741211,,12653500.0,
2026-03-04,9.489999771118164,,10.0,,9.479999542236328,,9.850000381469727,,10917600.0,
2026-03-05,9.359999656677246,,9.84000015258789,,9.25,,9.4399995803833,,22237400.0,
2026-03-06,8.699999809265137,,9.15999984741211,,8.520000457763672,,9.039999961853027,,20392000.0,
2026-03-09,9.0,,9.100000381469727,,8.345000267028809,,8.5,,19584100.0,
2026-03-10,8.819999694824219,,9.111000061035156,,8.774999618530273,,9.024999618530273,,17106000.0,
2026-03-11,8.630000114440918,,8.972000122070312,,8.510000228881836,,8.75,,10321300.0,
2026-03-12,8.09000015258789,,8.640000343322754,,8.071999549865723,,8.449999809265137,,12484200.0,
2026-03-13,8.279999732971191,,8.479999542236328,,8.069999694824219,,8.170000076293945,,10678400.0,
2026-03-16,8.220000267028809,,8.510000228881836,,8.15999984741211,,8.399999618530273,,9928500.0,
2026-03-17,8.529999732971191,,8.645000457763672,,8.180000305175781,,8.350000381469727,,14716600.0,
2026-03-18,8.079999923706055,,8.420000076293945,,8.069999694824219,,8.359999656677246,,10751400.0,
2026-03-19,8.130000114440918,,8.210000038146973,,7.809999942779541,,7.920000076293945,,9845300.0,
2026-03-20,7.769999980926514,,8.0600004196167,,7.659999847412109,,8.050000190734863,,18604000.0,
2026-03-23,8.470000267028809,,8.524999618530273,,7.994999885559082,,8.010000228881836,,15986700.0,
2026-03-24,8.100000381469727,,8.350000381469727,,7.974999904632568,,8.350000381469727,,9642100.0,
2026-03-25,7.920000076293945,,8.300000190734863,,7.679999828338623,,8.260000228881836,,11295300.0,
2026-03-26,7.619999885559082,,8.170000076293945,,7.570000171661377,,7.840000152587891,,14100500.0,
2026-03-27,7.079999923706055,,7.559999942779541,,7.050000190734863,,7.559999942779541,,18703200.0,
2026-03-30,6.840000152587891,,7.190000057220459,,6.829999923706055,,7.159999847412109,,19378300.0,
2026-03-31,7.309999942779541,,7.375,,6.989999771118164,,7.03000020980835,,19177600.0,
2026-04-01,7.179999828338623,,7.46999979019165,,7.085000038146973,,7.349999904632568,,17522300.0,
2026-04-02,7.070000171661377,,7.295000076293945,,6.849999904632568,,6.949999809265137,,14234800.0,
2026-04-06,6.800000190734863,,7.070000171661377,,6.769999980926514,,6.980000019073486,,12881800.0,
2026-04-07,6.679999828338623,,6.71999979019165,,6.369999885559082,,6.670000076293945,,23769900.0,
2026-04-08,7.440000057220459,,7.565000057220459,,7.260000228881836,,7.340000152587891,,33686200.0,
2026-04-09,7.230000019073486,,7.510000228881836,,7.019999980926514,,7.340000152587891,,14142900.0,
2026-04-10,7.139999866485596,,7.260000228881836,,6.949999809265137,,7.21999979019165,,9213500.0,
2026-04-13,7.130000114440918,,7.159999847412109,,6.920000076293945,,7.03000020980835,,7525400.0,
2026-04-14,7.090000152587891,,7.539999961853027,,7.079999923706055,,7.170000076293945,,8461100.0,
2026-04-15,7.28000020980835,,7.429999828338623,,7.014999866485596,,7.150000095367432,,12092000.0,
2026-04-16,7.300000190734863,,7.539999961853027,,7.25,,7.369999885559082,,11145200.0,
2026-04-17,8.140000343322754,,8.229999542236328,,7.618000030517578,,7.630000114440918,,27698200.0,
2026-04-20,8.079999923706055,,8.12600040435791,,7.920000076293945,,8.010000228881836,,7434900.0,
2026-04-21,7.829999923706055,,8.350000381469727,,7.804999828338623,,8.140000343322754,,11940500.0,
2026-04-22,7.909999847412109,,8.109999656677246,,7.804999828338623,,8.039999961853027,,6328200.0,
2026-04-23,7.789999961853027,,7.900000095367432,,7.519999980926514,,7.789999961853027,,8364300.0,
2026-04-24,7.849999904632568,,7.880000114440918,,7.710000038146973,,7.75,,6208600.0,
2026-04-27,8.09000015258789,,8.140000343322754,,7.789999961853027,,7.789999961853027,,9756600.0,
2026-04-28,7.889999866485596,,8.300000190734863,,7.84499979019165,,8.119999885559082,,8509500.0,
2026-04-29,7.619999885559082,,7.914999961853027,,7.510000228881836,,7.789999961853027,,10855500.0,
2026-04-30,7.570000171661377,,7.65500020980835,,7.429999828338623,,7.539999961853027,,15656700.0,
2026-05-01,7.389999866485596,,7.78000020980835,,7.369999885559082,,7.659999847412109,,10326700.0,
2026-05-04,7.059999942779541,,7.46999979019165,,7.019999980926514,,7.320000171661377,,13270800.0,
2026-05-05,7.260000228881836,,7.309999942779541,,7.010000228881836,,7.139999866485596,,16984700.0,
2026-05-06,9.239999771118164,,9.59000015258789,,8.944999694824219,,9.279999732971191,,36558100.0,
2026-05-07,8.739999771118164,,9.420000076293945,,8.51099967956543,,9.34000015258789,,20258200.0,
2026-05-08,8.720000267028809,,8.770000457763672,,8.454999923706055,,8.770000457763672,,12279600.0,
2026-05-11,8.760000228881836,,9.024999618530273,,8.649999618530273,,8.720000267028809,,13739900.0,
2026-05-12,8.359999656677246,,8.699999809265137,,8.329999923706055,,8.699999809265137,,12316200.0,
2026-05-13,8.119999885559082,,8.354999542236328,,8.095000267028809,,8.300000190734863,,11504600.0,
2026-05-14,7.75,,8.1899995803833,,7.699999809265137,,8.130000114440918,,10886000.0,
2026-05-15,7.880000114440918,,7.949999809265137,,7.513000011444092,,7.619999885559082,,11064800.0,
2026-05-18,7.909999847412109,,8.444999694824219,,7.860000133514404,,8.0,,17676000.0,
2026-05-19,7.579999923706055,,7.96999979019165,,7.559999942779541,,7.860000133514404,,10167100.0,
2026-05-20,8.34000015258789,,8.375,,7.409999847412109,,7.659999847412109,,16543200.0,
2026-05-21,8.470000267028809,,8.609999656677246,,8.024999618530273,,8.109999656677246,,13042200.0,
2026-05-22,8.399999618530273,,8.734999656677246,,8.380000114440918,,8.5,,8177400.0,
2026-05-26,8.300000190734863,,8.65999984741211,,8.289999961853027,,8.59000015258789,,9484000.0,
2026-05-27,8.380000114440918,,8.864999771118164,,8.300000190734863,,8.449999809265137,,10095200.0,
2026-05-28,8.359999656677246,,8.505000114440918,,8.0649995803833,,8.25,,8228000.0,
2026-05-29,8.229999542236328,,8.4399995803833,,8.15999984741211,,8.350000381469727,,13091700.0,
2026-06-01,8.449999809265137,,8.585000038146973,,8.199999809265137,,8.210000038146973,,10972600.0,
2026-06-02,8.630000114440918,,8.835000038146973,,8.201000213623047,,8.329999923706055,,8434800.0,
2026-06-03,7.610000133514404,,8.460000038146973,,7.159999847412109,,8.40999984741211,,30458800.0,
2026-06-04,7.880000114440918,,8.005000114440918,,7.65500020980835,,7.789999961853027,,15499400.0,
2026-06-05,7.710000038146973,,7.900000095367432,,7.610000133514404,,7.760000228881836,,7305100.0,
2026-06-08,7.579999923706055,,7.820000171661377,,7.510000228881836,,7.690000057220459,,10326200.0,
2026-06-09,8.170000076293945,,8.210000038146973,,7.510000228881836,,7.510000228881836,,12876900.0,
2026-06-10,7.909999847412109,,8.38599967956543,,7.889999866485596,,8.149999618530273,,9282400.0,
2026-06-11,8.449999809265137,,8.460000038146973,,7.730000019073486,,7.909999847412109,,12074100.0,
2026-06-12,8.59000015258789,,8.9350004196167,,8.470000267028809,,8.550000190734863,,9342700.0,
2026-06-15,9.140000343322754,,9.265000343322754,,8.890000343322754,,8.9399995803833,,16952000.0,
2026-06-16,9.420000076293945,,9.6850004196167,,9.0600004196167,,9.140000343322754,,15137800.0,
2026-06-17,9.399999618530273,,10.039999961853027,,9.335000038146973,,9.40999984741211,,21232300.0,
2026-06-18,10.010000228881836,,10.114999771118164,,9.619999885559082,,9.720000267028809,,23103300.0,
2026-06-22,9.779999732971191,,10.154999732971191,,9.734999656677246,,9.859999656677246,,9500600.0,
2026-06-23,9.890000343322754,,10.029999732971191,,9.569999694824219,,9.585000038146973,,11065900.0,
2026-06-24,10.649999618530273,,10.845000267028809,,9.9399995803833,,10.0,,17467700.0,
2026-06-25,11.050000190734863,,11.260000228881836,,10.630000114440918,,10.729999542236328,,20388300.0,
2026-06-26,11.399999618530273,,11.550000190734863,,10.927000045776367,,11.0,,35669800.0,
2026-06-29,12.0,,12.010000228881836,,11.15999984741211,,11.199999809265137,,18283400.0,
2026-06-30,12.329999923706055,,12.385000228881836,,11.670000076293945,,11.850000381469727,,16597700.0,
2026-07-01,12.550000190734863,,12.734999656677246,,12.199999809265137,,12.229999542236328,,15665300.0,
2026-07-02,12.619999885559082,,12.770000457763672,,12.319999694824219,,12.489999771118164,,16123700.0,
2026-07-06,12.989999771118164,,13.1899995803833,,12.517999649047852,,12.609999656677246,,16275100.0,
2026-07-07,11.880000114440918,,13.0600004196167,,11.8149995803833,,13.0,,19320600.0,
2026-07-08,11.319999694824219,,11.770000457763672,,11.074999809265137,,11.479999542236328,,19857900.0,
2026-07-09,11.920000076293945,,12.029999732971191,,11.329999923706055,,11.470000267028809,,9417000.0,
2026-07-10,11.720000267028809,,12.270000457763672,,11.710000038146973,,12.0,,8178600.0,
2026-07-13,11.5,,11.770000457763672,,11.404999732971191,,11.630000114440918,,10905400.0,
2026-07-14,11.680000305175781,,11.930000305175781,,11.574999809265137,,11.84000015258789,,7960400.0,
2026-07-15,12.649999618530273,,12.744999885559082,,11.994999885559082,,12.050000190734863,,18597700.0,
2026-07-16,12.180000305175781,,12.779999732971191,,12.005000114440918,,12.600000381469727,,12105500.0,
2026-07-17,12.0,,12.21500015258789,,11.765999794006348,,11.800000190734863,,11525800.0,
2026-07-20,11.739999771118164,,12.050000190734863,,11.664999961853027,,11.989999771118164,,10439000.0,
2026-07-21,11.420000076293945,,11.84000015258789,,11.371000289916992,,11.680000305175781,,10308000.0,
2026-07-22,11.260000228881836,,11.479999542236328,,11.109999656677246,,11.329999923706055,,9767600.0,
2026-07-23,10.779999732971191,,11.119999885559082,,10.510000228881836,,11.050000190734863,,12698100.0,
2026-07-24,11.069999694824219,,11.4350004196167,,10.699999809265137,,10.859999656677246,,11271700.0,
2026-07-27,11.800000190734863,,11.989999771118164,,11.399999618530273,,11.399999618530273,,15596000.0,
2026-07-28,11.880000114440918,,12.039999961853027,,11.619999885559082,,11.859999656677246,,8324900.0,
2026-07-29,11.609999656677246,,12.095000267028809,,11.239999771118164,,11.619999885559082,,15388900.0,
2026-07-30,11.460000038146973,,11.782999992370605,,11.140000343322754,,11.670000076293945,,6893000.0,
2026-07-31,11.390000343322754,,11.6899995803833,,11.140000343322754,,11.649999618530273,,8840200.0,
2026-08-03,11.75,,11.875,,11.46500015258789,,11.550000190734863,,8190300.0,
2026-08-04,12.0,,12.260000228881836,,11.890000343322754,,11.949999809265137,,12275400.0,
2026-08-05,12.829999923706055,,13.220000267028809,,12.170000076293945,,12.75,,30010200.0,
2026-08-06,12.579999923706055,,12.75,,11.619999885559082,,12.720000267028809,,18185500.0,
2026-08-07,12.579999923706055,,12.984999656677246,,12.5649995803833,,12.729999542236328,,10172000.0,
2026-08-10,12.399999618530273,,12.680000305175781,,12.255000114440918,,12.475000381469727,,6551900.0,
2026-08-12,12.729999542236328,,12.914999961853027,,12.520000457763672,,12.850000381469727,,7684100.0,
2026-08-13,13.350000381469727,,13.399999618530273,,12.625,,12.800000190734863,,10476400.0,
2026-08-14,13.020000457763672,,13.600000381469727,,12.9399995803833,,13.390000343322754,,7201400.0,
