Price,Close,High,Low,Open,Volume
Ticker,RF,RF,RF,RF,RF
Date,,,,,
1988-01-05,1.4677988290786743,1.5167253806740275,1.455567064445498,1.455567064445498,139065
1988-01-06,1.4677988290786743,1.492262104876351,1.4677988290786743,1.4677988290786743,156720
1988-01-07,1.4677988290786743,1.492262104876351,1.443335553280998,1.4677988290786743,84471
1988-01-08,1.4188722372055054,1.4677987874119702,1.4066404729195545,1.4677987874119702,127658
1988-01-11,1.3699458837509155,1.3944095493600628,1.3577143677823114,1.3944095493600628,88546
1988-01-12,1.3699458837509155,1.3821776531882952,1.3454825983449314,1.3699458837509155,111633
1988-01-13,1.3699458837509155,1.3699458837509155,1.3087877969703434,1.3699458837509155,56224
1988-01-14,1.394409418106079,1.394409418106079,1.3454824716963791,1.3699457547996654,88546
1988-01-15,1.394409418106079,1.4433359843126516,1.3821775230856843,1.394409418106079,137979
1988-01-18,1.4066413640975952,1.4188731361329885,1.3944098455310312,1.3944098455310312,76866
1988-01-19,1.4311039447784424,1.4311039447784424,1.4066406663118705,1.4066406663118705,105385
1988-01-20,1.4188722372055054,1.431103748022787,1.3944089621022728,1.431103748022787,87459
1988-01-21,1.4066413640975952,1.4188731361329885,1.3944098455310312,1.4188731361329885,170029
1988-01-22,1.4311039447784424,1.4311039447784424,1.4066406663118705,1.4066406663118705,117608
1988-01-25,1.4555675983428955,1.4677993674626444,1.418872797921187,1.4311043135721668,144226
1988-01-26,1.4555675983428955,1.4677993674626444,1.4433360826919157,1.4555675983428955,48890
1988-01-27,1.4677988290786743,1.4677988290786743,1.443335553280998,1.455567064445498,63286
1988-01-28,1.4800301790237427,1.4800301790237427,1.4433353960587223,1.4677986691916187,106200
1988-01-29,1.492262840270996,1.4922628402709963,1.4677995524176881,1.4800310696099417,137707
1988-02-01,1.492262840270996,1.5044943574632497,1.4800310696099417,1.4922628402709963,160523
1988-02-02,1.5167263746261597,1.5167263746261597,1.480031310148031,1.4922630827970211,255587
1988-02-03,1.5167263746261597,1.5167263746261597,1.5044946019771694,1.5167263746261597,89632
1988-02-04,1.5167263746261597,1.5167263746261597,1.4922630827970211,1.5167263746261597,77953
1988-02-05,1.5167263746261597,1.5411897931897192,1.4922630827970211,1.5167263746261597,167585
1988-02-08,1.5411885976791382,1.541188597679138,1.5167251980920056,1.5167251980920056,49705
1988-02-09,1.5167263746261597,1.5411897931897192,1.5167263746261597,1.5411897931897192,22544
1988-02-10,1.5289582014083862,1.5534216248935975,1.528958201408386,1.528958201408386,51335
1988-02-11,1.5411885976791382,1.5656518705319475,1.5289567077840878,1.5289567077840878,186597
1988-02-12,1.5534204244613647,1.5656521901188871,1.5411889122725393,1.5411889122725393,60026
1988-02-16,1.56565260887146,1.5901158932608066,1.5534208399424039,1.5534208399424039,145312
1988-02-17,1.5778846740722656,1.6023482204535622,1.5656531543504708,1.5656531543504708,123583
1988-02-18,1.5534204244613647,1.5778837023077126,1.5411889122725393,1.5778837023077126,85286
1988-02-19,1.56565260887146,1.5656526088714597,1.541189324482113,1.5534208399424039,49977
1988-02-22,1.5411885976791382,1.5656518705319475,1.541188597679138,1.5656518705319475,67631
1988-02-23,1.5289582014083862,1.5534216248935975,1.5167266797674503,1.5411901032526616,148572
1988-02-24,1.602347731590271,1.602347731590271,1.5167259790503684,1.528957495040427,234130
1988-02-25,1.6145800352096558,1.6268118106354321,1.577884962401226,1.602348513252779,165955
1988-02-26,1.590114951133728,1.6145782210288342,1.5901149511337282,1.6145782210288342,28519
1988-02-29,1.590114951133728,1.6145782210288342,1.5901149511337282,1.5901149511337282,51606
1988-03-01,1.6145800352096558,1.639043332592309,1.5901167378270027,1.5901167378270027,109188
1988-03-02,1.602347731590271,1.6268110170391643,1.5901159621314365,1.6145792475803296,103756
1988-03-03,1.590114951133728,1.6023467128155886,1.5656516812386223,1.6023467128155886,81755
1988-03-04,1.590114951133728,1.5901149511337282,1.5534199195567617,1.5901149511337282,103484
1988-03-07,1.56565260887146,1.5901158932608066,1.5534208399424039,1.5901158932608066,180894
1988-03-08,1.56565260887146,1.5778841243317507,1.5534208399424039,1.5656526088714597,79854
1988-03-09,1.56565260887146,1.5656526088714597,1.5534208399424039,1.5656526088714597,31235
1988-03-10,1.5289582014083862,1.5656534000034263,1.528958201408386,1.5656534000034263,76051
1988-03-11,1.548782467842102,1.5611729668808125,1.5116118693696485,1.5487824678421018,50248
1988-03-14,1.4992200136184692,1.536390832025769,1.4992200136184692,1.536390832025769,51335
1988-03-15,1.4992200136184692,1.5240004736383084,1.4992200136184692,1.4992200136184692,28248
1988-03-16,1.5116113424301147,1.5363918183585228,1.499220976088287,1.499220976088287,101040
1988-03-17,1.4992200136184692,1.51161037200593,1.4992200136184692,1.51161037200593,126028
1988-03-18,1.5116113424301147,1.5363918183585228,1.5116113424301147,1.5116113424301147,128201
1988-03-21,1.486830234527588,1.5240008042433024,1.4868302345275877,1.5116106999231103,87187
1988-03-22,1.4992200136184692,1.51161037200593,1.4868299119860908,1.4868299119860908,84200
1988-03-23,1.4992200136184692,1.5240004736383084,1.4992200136184692,1.4992200136184692,80940
1988-03-24,1.5240012407302856,1.5240012407302856,1.4992207682374241,1.4992207682374241,35853
1988-03-25,1.5116113424301147,1.5240014520166951,1.499220976088287,1.5240014520166951,56767
1988-03-28,1.5116113424301147,1.5116113424301147,1.4868308665017067,1.5116113424301147,125213
1988-03-29,1.4992200136184692,1.51161037200593,1.4992200136184692,1.51161037200593,34495
1988-03-30,1.5240012407302856,1.5363916053543223,1.4992207682374241,1.4992207682374241,110818
1988-03-31,1.548782467842102,1.5735630807865182,1.5116118693696485,1.5240019832753542,105657
1988-04-04,1.5735617876052856,1.610732612285427,1.5363910913027072,1.548781195026004,265637
1988-04-05,1.5983436107635498,1.5983436107635498,1.5735631254927676,1.5735631254927676,305020
1988-04-06,1.5735617876052856,1.5983422518070047,1.5611716838819891,1.5983422518070047,75508
1988-04-07,1.585952639579773,1.585952639579773,1.5735622752615037,1.5735622752615037,130917
1988-04-08,1.5735617876052856,1.585952148083708,1.5735617876052856,1.585952148083708,258575
1988-04-11,1.5611716508865356,1.5859521145645181,1.5611716508865356,1.5735617543479667,37754
1988-04-12,1.5611716508865356,1.5735617543479667,1.536391058830993,1.5611716508865356,63557
1988-04-13,1.5363922119140625,1.5611728225677874,1.5363922119140625,1.5611728225677874,122769
1988-04-14,1.4992200136184692,1.5487809336581475,1.4992200136184692,1.536390832025769,133905
1988-04-15,1.486830234527588,1.5116106999231103,1.4620497691320653,1.4992203388477798,128744
1988-04-18,1.5363922119140625,1.5363922119140625,1.4868312473619256,1.4868312473619256,104842
1988-04-19,1.5363922119140625,1.5487823246744403,1.5240018423983719,1.5363922119140625,116793
1988-04-20,1.5363922119140625,1.5363922119140625,1.5240018423983719,1.5363922119140625,69261
1988-04-21,1.5240012407302856,1.5363916053543223,1.5240012407302856,1.5363916053543223,71977
1988-04-22,1.5240012407302856,1.5363916053543223,1.5240012407302856,1.5240012407302856,55680
1988-04-25,1.5240012407302856,1.5363916053543223,1.5240012407302856,1.5240012407302856,88817
1988-04-26,1.5240012407302856,1.5363916053543223,1.5240012407302856,1.5240012407302856,113805
1988-04-27,1.5363922119140625,1.5363922119140625,1.5240018423983719,1.5240018423983719,69261
1988-04-28,1.5240012407302856,1.5363916053543223,1.5240012407302856,1.5363916053543223,77953
1988-04-29,1.5116113424301147,1.5487819279451032,1.5116113424301147,1.5240014520166951,60569
1988-05-02,1.5116113424301147,1.5240014520166951,1.5116113424301147,1.5116113424301147,17655
1988-05-03,1.5116113424301147,1.5363918183585228,1.5116113424301147,1.5116113424301147,64644
1988-05-04,1.4992200136184692,1.5240004736383084,1.4992200136184692,1.51161037200593,60569
1988-05-05,1.4620487689971924,1.511609665885414,1.449658416397656,1.4992193132858773,65730
1988-05-06,1.4744406938552856,1.4744406938552856,1.4496602146714974,1.4620505826410322,30149
1988-05-09,1.424879789352417,1.4620506379109086,1.4000991808542071,1.4620506379109086,146399
1988-05-10,1.4000993967056274,1.4248800090242304,1.4000993967056274,1.4248800090242304,67903
1988-05-11,1.4000993967056274,1.4248800090242304,1.3753189127646896,1.4000993967056274,77953
1988-05-12,1.437268853187561,1.437268853187561,1.375317452363881,1.40009790999133,74150
1988-05-13,1.437268853187561,1.4496589536237567,1.4124883955601122,1.437268853187561,156449
1988-05-16,1.4496592283248901,1.4496592283248904,1.4248787660017024,1.4372691255408494,101311
1988-05-17,1.424879789352417,1.4620506379109086,1.41248967766978,1.4496602694729812,145584
1988-05-18,1.437268853187561,1.4496589536237567,1.40009790999133,1.424878495996308,107287
1988-05-19,1.437268853187561,1.4496589536237567,1.4124883955601122,1.437268853187561,95879
1988-05-20,1.4496592283248901,1.4496592283248904,1.4248787660017024,1.4372691255408494,68446
1988-05-23,1.4496592283248901,1.4496592283248904,1.4248787660017024,1.4496592283248904,11408
1988-05-24,1.424879789352417,1.4496602694729812,1.4248797893524168,1.4496602694729812,61928
1988-05-25,1.4124890565872192,1.4496596320462256,1.4124890565872192,1.4248791628218287,115163
1988-05-26,1.437268853187561,1.437268853187561,1.4124883955601122,1.4124883955601122,86644
1988-05-27,1.4124890565872192,1.437269525811616,1.4124890565872192,1.437269525811616,20371
1988-05-31,1.424879789352417,1.4372701577903444,1.41248967766978,1.41248967766978,72520
1988-06-01,1.437268853187561,1.46204931081501,1.424878495996308,1.424878495996308,143140
1988-06-02,1.486830234527588,1.4992203388477798,1.437269303736543,1.437269303736543,238475
1988-06-03,1.4992200136184692,1.51161037200593,1.47443955359863,1.4868299119860908,181708
1988-06-06,1.5363922119140625,1.5363922119140625,1.4868312473619256,1.4992213601223034,206968
1988-06-07,1.5240012407302856,1.5363916053543223,1.5116111328614608,1.5363916053543223,56767
1988-06-08,1.5611716508865356,1.5735617543479667,1.5240006986144417,1.5240006986144417,243093
1988-06-09,1.5735617876052856,1.5735617876052856,1.548781195026004,1.5611716838819891,63014
1988-06-10,1.585952639579773,1.585952639579773,1.5487816750025678,1.5735622752615037,231413
1988-06-13,1.6060277223587036,1.6185746646397539,1.5809335777913749,1.6060277223587036,151288
1988-06-14,1.6185755729675293,1.618575572967529,1.5934814143176197,1.6060286236452612,206154
1988-06-15,1.6185755729675293,1.6311227822951708,1.6060286236452612,1.618575572967529,157807
1988-06-16,1.6311215162277222,1.6311215162277222,1.6060273770557438,1.618574316639147,606781
1988-06-17,1.6185755729675293,1.6311227822951708,1.6060286236452612,1.6311227822951708,190400
1988-06-20,1.6060277223587036,1.6311218669260323,1.6060277223587036,1.6185746646397539,134448
1988-06-21,1.6311215162277222,1.6311215162277222,1.6060273770557438,1.6060273770557438,294156
1988-06-22,1.6185755729675293,1.6311227822951708,1.6060286236452612,1.6311227822951708,530730
1988-06-23,1.6311215162277222,1.6311215162277222,1.6060273770557438,1.618574316639147,197462
1988-06-24,1.6060277223587036,1.6311218669260323,1.6060277223587036,1.6311218669260323,25532
1988-06-27,1.6311215162277222,1.6311215162277222,1.6060273770557438,1.6060273770557438,298230
1988-06-28,1.6311215162277222,1.6436687158162973,1.6060273770557438,1.6311215162277222,118694
1988-06-29,1.6436693668365479,1.6562163113895119,1.6311221622783088,1.6311221622783088,128744
1988-06-30,1.6436693668365479,1.6687635159477507,1.6436693668365479,1.6436693668365479,101040
1988-07-01,1.656217098236084,1.6813112592691868,1.6436701477222315,1.6436701477222315,130374
1988-07-05,1.6813104152679443,1.6813104152679443,1.6562162668318563,1.6562162668318563,12766
1988-07-06,1.6436693668365479,1.6813104605007148,1.6436693668365479,1.6813104605007148,419641
1988-07-07,1.656217098236084,1.6687643087553345,1.6436701477222315,1.6436701477222315,146399
1988-07-08,1.6436693668365479,1.6562163113895119,1.6436693668365479,1.6562163113895119,312082
1988-07-11,1.656217098236084,1.6562170982360838,1.6436701477222315,1.6436701477222315,60841
1988-07-12,1.656217098236084,1.6562170982360838,1.6436701477222315,1.6562170982360838,89904
1988-07-13,1.6687630414962769,1.6687630414962769,1.6436688995196713,1.6562158405053735,98052
1988-07-14,1.6687630414962769,1.6687630414962769,1.6436688995196713,1.6687630414962769,57582
1988-07-15,1.6436693668365479,1.6562163113895119,1.6436693668365479,1.6562163113895119,38297
1988-07-18,1.656217098236084,1.6562170982360838,1.6436701477222315,1.6436701477222315,173017
1988-07-19,1.6436693668365479,1.6562163113895119,1.6436693668365479,1.6562163113895119,72520
1988-07-20,1.6436693668365479,1.6562163113895119,1.6436693668365479,1.6436693668365479,46174
1988-07-21,1.5934802293777466,1.656215709354003,1.5934802293777466,1.6436687693618601,154004
1988-07-22,1.5934802293777466,1.6185743693672132,1.5934802293777466,1.5934802293777466,33137
1988-07-25,1.5934802293777466,1.6060274293750703,1.555839019393547,1.5934802293777466,149930
1988-07-26,1.5809330940246582,1.5809330940246582,1.568385765575258,1.5809330940246582,77409
1988-07-27,1.5683872699737549,1.5934815609353,1.5683872699737549,1.5809346104585758,118966
1988-07-28,1.5809330940246582,1.5809330940246582,1.568385765575258,1.568385765575258,316971
1988-07-29,1.5683872699737549,1.5809346104585758,1.5683872699737549,1.5809346104585758,36396
1988-08-01,1.6060277223587036,1.6060277223587036,1.5683862455024826,1.5683862455024826,44816
1988-08-02,1.5809330940246582,1.6060272309131622,1.5809330940246582,1.6060272309131622,40470
1988-08-03,1.6060277223587036,1.6060277223587036,1.5809335777913749,1.5809335777913749,15210
1988-08-04,1.5934802293777466,1.6060274293750703,1.5934802293777466,1.6060274293750703,19556
1988-08-05,1.6185755729675293,1.618575572967529,1.5934814143176197,1.5934814143176197,184696
1988-08-08,1.6060277223587036,1.6311218669260323,1.6060277223587036,1.6185746646397539,250426
1988-08-09,1.6060277223587036,1.6311218669260323,1.6060277223587036,1.6060277223587036,102398
1988-08-10,1.5934802293777466,1.6060274293750703,1.5934802293777466,1.6060274293750703,144769
1988-08-11,1.5809330940246582,1.6060272309131622,1.5809330940246582,1.593480032466336,111633
1988-08-12,1.5809330940246582,1.6060272309131622,1.5809330940246582,1.5809330940246582,64915
1988-08-15,1.5809330940246582,1.6060272309131622,1.5809330940246582,1.5809330940246582,78767
1988-08-16,1.5809330940246582,1.593480032466336,1.568385765575258,1.5809330940246582,124670
1988-08-17,1.5683872699737549,1.5934815609353,1.5683872699737549,1.5809346104585758,27704
1988-08-18,1.5934802293777466,1.5934802293777466,1.56838595938569,1.56838595938569,17112
1988-08-19,1.5809330940246582,1.5809330940246582,1.568385765575258,1.5809330940246582,8963
1988-08-22,1.5683872699737549,1.5934815609353,1.5683872699737549,1.5809346104585758,50520
1988-08-23,1.5683872699737549,1.5809346104585758,1.5683872699737549,1.5683872699737549,206154
1988-08-24,1.5683872699737549,1.5934815609353,1.5683872699737549,1.5683872699737549,30421
1988-08-25,1.555840015411377,1.5809343014682964,1.555840015411377,1.5683869634358265,167313
1988-08-26,1.555840015411377,1.5809343014682964,1.555840015411377,1.555840015411377,99682
1988-08-29,1.555840015411377,1.5683869634358265,1.555840015411377,1.555840015411377,15753
1988-08-30,1.555840015411377,1.5809343014682964,1.555840015411377,1.555840015411377,44273
1988-08-31,1.555840015411377,1.5809343014682964,1.555840015411377,1.555840015411377,43730
1988-09-01,1.5809330940246582,1.5809330940246582,1.5558388271335801,1.5558388271335801,227339
1988-09-02,1.5683872699737549,1.5809346104585758,1.555840319497031,1.5809346104585758,5161
1988-09-06,1.5683872699737549,1.5809346104585758,1.5683872699737549,1.5683872699737549,58397
1988-09-07,1.5809330940246582,1.593480032466336,1.568385765575258,1.568385765575258,93163
1988-09-08,1.5934802293777466,1.5934802293777466,1.56838595938569,1.5809332893856036,80669
1988-09-09,1.6060277223587036,1.6060277223587036,1.5683862455024826,1.5934805200724251,146127
1988-09-12,1.6263576745986938,1.6263576745986938,1.6136516431591736,1.6263576745986938,70619
1988-09-13,1.6263576745986938,1.6263576745986938,1.6009458750161654,1.6263576745986938,178449
1988-09-14,1.6263576745986938,1.6263576745986938,1.6009458750161654,1.6263576745986938,21457
1988-09-15,1.6009451150894165,1.6009451150894165,1.6009451150894165,1.6009451150894165,37754
1988-09-16,1.6263576745986938,1.6263576745986938,1.6009458750161654,1.6009458750161654,238747
1988-09-19,1.6009451150894165,1.6263569026096345,1.6009451150894165,1.6263569026096345,72792
1988-09-20,1.6263576745986938,1.6263576745986938,1.6009458750161654,1.6009458750161654,124127
1988-09-21,1.6136506795883179,1.6263567034405988,1.600944919032392,1.6263567034405988,40199
1988-09-22,1.6263576745986938,1.6517694741812226,1.6136516431591736,1.6136516431591736,180894
1988-09-23,1.6263576745986938,1.6390634427417021,1.6263576745986938,1.6263576745986938,66002
1988-09-26,1.6263576745986938,1.6390634427417021,1.6136516431591736,1.6263576745986938,66273
1988-09-27,1.6009451150894165,1.6263569026096345,1.6009451150894165,1.6263569026096345,154547
1988-09-28,1.6009451150894165,1.6136508772013318,1.6009451150894165,1.6009451150894165,21186
1988-09-29,1.6009451150894165,1.6009451150894165,1.6009451150894165,1.6009451150894165,29334
1988-09-30,1.6009451150894165,1.6136508772013318,1.6009451150894165,1.6009451150894165,301761
1988-10-03,1.5882396697998047,1.6136516003565295,1.5755339019938213,1.6009458325505461,338972
1988-10-04,1.5882396697998047,1.6009458325505461,1.5755339019938213,1.5882396697998047,101311
1988-10-05,1.5882396697998047,1.6009458325505461,1.5755339019938213,1.5882396697998047,27976
1988-10-06,1.5755341053009033,1.6009460391367867,1.5755341053009033,1.5882398747464406,364232
1988-10-07,1.6136506795883179,1.6136506795883179,1.575533002976008,1.575533002976008,156449
1988-10-10,1.6136506795883179,1.6136506795883179,1.600944919032392,1.6136506795883179,138794
1988-10-11,1.6009451150894165,1.6136508772013318,1.6009451150894165,1.6136508772013318,56767
1988-10-12,1.5755341053009033,1.613651808582324,1.5755341053009033,1.6009460391367867,42100
1988-10-13,1.5628278255462646,1.58823962371742,1.5628278255462649,1.5755338562800911,61113
1988-10-14,1.5628278255462646,1.58823962371742,1.5628278255462649,1.5628278255462649,68989
1988-10-17,1.5628278255462646,1.58823962371742,1.5628278255462649,1.5628278255462649,34766
1988-10-18,1.5628278255462646,1.5755338562800911,1.550122058108936,1.5628278255462649,53508
1988-10-19,1.5247094631195068,1.5628270088076335,1.5247094631195068,1.5628270088076335,102669
1988-10-20,1.5501219034194946,1.5628276695888923,1.5247101077842282,1.5247101077842282,129831
1988-10-21,1.5628278255462646,1.5755338562800911,1.550122058108936,1.550122058108936,46446
1988-10-24,1.5501219034194946,1.5628276695888923,1.5374158739536259,1.5628276695888923,134448
1988-10-25,1.5374153852462769,1.5628271728037475,1.5374153852462769,1.550121410673206,22001
1988-10-26,1.5374153852462769,1.5628271728037475,1.5374153852462769,1.5374153852462769,60298
1988-10-27,1.5501219034194946,1.5501219034194946,1.5374158739536259,1.5374158739536259,46174
1988-10-28,1.5374153852462769,1.550121410673206,1.5374153852462769,1.550121410673206,43730
1988-10-31,1.5374153852462769,1.550121410673206,1.5374153852462769,1.5374153852462769,28248
1988-11-01,1.5374153852462769,1.550121410673206,1.5374153852462769,1.5374153852462769,99682
1988-11-02,1.5501219034194946,1.5501219034194946,1.5247101077842282,1.5374158739536259,107558
1988-11-03,1.5374153852462769,1.550121410673206,1.512003597688806,1.550121410673206,127114
1988-11-04,1.5247094631195068,1.5374152239167624,1.4992976782286358,1.5374152239167624,57853
1988-11-07,1.4992971420288086,1.5247089178315614,1.4738853662260558,1.5247089178315614,75508
1988-11-08,1.5120041370391846,1.5374159336613542,1.4865923404170152,1.4992983703763407,108373
1988-11-09,1.5120041370391846,1.5374159336613542,1.4992983703763407,1.5120041370391848,76866
1988-11-10,1.5120041370391846,1.5247101669985104,1.4992983703763407,1.5120041370391848,83113
1988-11-11,1.5374153852462769,1.5374153852462769,1.4992978355582645,1.512003597688806,96694
1988-11-14,1.5374153852462769,1.5374153852462769,1.512003597688806,1.5374153852462769,59211
1988-11-15,1.5120041370391846,1.5374159336613542,1.5120041370391848,1.5374159336613542,105114
1988-11-16,1.5120041370391846,1.5374159336613542,1.5120041370391848,1.5120041370391848,103756
1988-11-17,1.5374153852462769,1.5374153852462769,1.512003597688806,1.512003597688806,129287
1988-11-18,1.5120041370391846,1.5374159336613542,1.5120041370391848,1.5374159336613542,44544
1988-11-21,1.5120041370391846,1.5247101669985104,1.5120041370391848,1.5120041370391848,154819
1988-11-22,1.5374153852462769,1.5374153852462769,1.512003597688806,1.512003597688806,77409
1988-11-23,1.5247094631195068,1.5374152239167624,1.5120034390258912,1.5374152239167624,62199
1988-11-25,1.5120041370391846,1.5247101669985104,1.4992983703763407,1.5247101669985104,37482
1988-11-28,1.5120041370391846,1.5247101669985104,1.4992983703763407,1.5120041370391848,135806
1988-11-29,1.5247094631195068,1.5247094631195068,1.4992976782286358,1.5120034390258912,117065
1988-11-30,1.5247094631195068,1.5247094631195068,1.4992976782286358,1.5247094631195068,170301
1988-12-01,1.5374153852462769,1.5374153852462769,1.512003597688806,1.5247096231157353,139065
1988-12-02,1.5374153852462769,1.5374153852462769,1.512003597688806,1.5374153852462769,164597
1988-12-05,1.5501219034194946,1.5628276695888923,1.5120040783183595,1.5374158739536259,109460
1988-12-06,1.5628278255462646,1.5628278255462649,1.550122058108936,1.550122058108936,103484
1988-12-07,1.5882396697998047,1.5882396697998047,1.5501221030853491,1.5628278708913326,176548
1988-12-08,1.5755341053009033,1.6009460391367867,1.5628280725588268,1.5882398747464406,99410
1988-12-09,1.6090009212493896,1.6090009212493899,1.5832569427858059,1.5961290653867384,99410
1988-12-12,1.5961291790008545,1.609001035779738,1.583257055483671,1.609001035779738,161066
1988-12-13,1.5703847408294678,1.5961287136193933,1.544640768039542,1.5961287136193933,113805
1988-12-14,1.5703847408294678,1.5832565938553194,1.5575126210653938,1.5703847408294678,278946
1988-12-15,1.583256483078003,1.609000454066674,1.5575125120893318,1.5703846309527691,290625
1988-12-16,1.6090009212493896,1.6090009212493899,1.5832569427858059,1.5832569427858059,177363
1988-12-19,1.6218719482421875,1.6218719482421877,1.5832557430700507,1.6089997020260893,137164
1988-12-20,1.6090009212493896,1.621873177219463,1.5961290653867384,1.621873177219463,250698
1988-12-21,1.6090009212493896,1.621873177219463,1.5961290653867384,1.6090009212493899,297958
1988-12-22,1.6218719482421875,1.6218719482421877,1.5961278559171095,1.6089997020260893,69261
1988-12-23,1.6218719482421875,1.6218719482421877,1.5961278559171095,1.6218719482421877,265908
1988-12-27,1.5961291790008545,1.609001035779738,1.5961291790008545,1.609001035779738,127658
1988-12-28,1.5961291790008545,1.609001035779738,1.5703851987047874,1.5961291790008545,166770
1988-12-29,1.5961291790008545,1.5961291790008545,1.5703851987047874,1.5961291790008545,263464
1988-12-30,1.583256483078003,1.5961286019414402,1.583256483078003,1.5961286019414402,132275
1989-01-03,1.5575121641159058,1.5961282453405568,1.5575121641159058,1.5832561293529583,296872
1989-01-04,1.5961291790008545,1.5961291790008545,1.5703851987047874,1.5703851987047874,55137
1989-01-05,1.6218719482421875,1.6218719482421877,1.5703838969610708,1.5961278559171095,104842
1989-01-06,1.6090009212493896,1.621873177219463,1.5961290653867384,1.621873177219463,118151
1989-01-09,1.6090009212493896,1.6347450330821143,1.6090009212493899,1.6090009212493899,94793
1989-01-10,1.6218719482421875,1.6347437943511676,1.6089997020260893,1.6089997020260893,197190
1989-01-11,1.6218719482421875,1.6347437943511676,1.6089997020260893,1.6218719482421877,115163
1989-01-12,1.647616982460022,1.6604888369693847,1.6090007520863012,1.6218730067030436,224623
1989-01-13,1.6991056203842163,1.711977746831956,1.6218736619128624,1.6476176480699805,402529
1989-01-16,1.6862328052520752,1.711976776822609,1.6862328052520752,1.6991046576682374,91805
1989-01-17,1.6862328052520752,1.6991046576682374,1.6862328052520752,1.6862328052520752,148029
1989-01-18,1.6604890823364258,1.6991051850472418,1.6476172259250155,1.6862333286358315,1053040
1989-01-19,1.647616982460022,1.686233079464616,1.647616982460022,1.6604888369693847,139880
1989-01-20,1.647616982460022,1.6733609582170004,1.6347448612124063,1.647616982460022,181980
1989-01-23,1.6604890823364258,1.6733612054861287,1.6476172259250155,1.6476172259250155,22272
1989-01-24,1.6733601093292236,1.6862322240468757,1.6476161466320374,1.6604879946115716,112991
1989-01-25,1.6862328052520752,1.6862328052520752,1.6733606860977033,1.6733606860977033,35038
1989-01-26,1.6862328052520752,1.6991046576682374,1.6733606860977033,1.6862328052520752,64644
1989-01-27,1.6991056203842163,1.6991056203842165,1.6733616342270985,1.6862337606748379,275415
1989-01-30,1.6862328052520752,1.6991046576682374,1.6733606860977033,1.6991046576682374,207512
1989-01-31,1.6862328052520752,1.6991046576682374,1.6733606860977033,1.6862328052520752,92891
1989-02-01,1.6991056203842163,1.6991056203842165,1.6733616342270985,1.6862337606748379,193388
1989-02-02,1.7119766473770142,1.7377206170010011,1.6862326777530277,1.6991045291959261,218104
1989-02-03,1.7248486280441284,1.7377207471895848,1.7119767756368813,1.7119767756368813,144769
1989-02-06,1.7377208471298218,1.737720847129822,1.7119768740965244,1.7248487272440607,111361
1989-02-07,1.7119766473770142,1.7377206170010011,1.7119766473770144,1.7377206170010011,71706
1989-02-08,1.7505930662155151,1.750593066215515,1.7119772319625557,1.7119772319625557,46989
1989-02-09,1.7248486280441284,1.7505925995968319,1.7248486280441282,1.7505925995968319,81212
1989-02-10,1.7248486280441284,1.7377207471895848,1.6991046564914247,1.7248486280441282,81755
1989-02-13,1.7248486280441284,1.7248486280441282,1.6991046564914247,1.7248486280441282,42643
1989-02-14,1.6991056203842163,1.7248496065413343,1.6991056203842165,1.7248496065413343,19556
1989-02-15,1.7248486280441284,1.7248486280441282,1.6991046564914247,1.6991046564914247,27976
1989-02-16,1.7119766473770142,1.7248484988199129,1.6991045291959261,1.7248484988199129,22544
1989-02-17,1.6991056203842163,1.7248496065413343,1.6991056203842165,1.711977746831956,274871
1989-02-21,1.6733601093292236,1.7248480347235962,1.6733601093292236,1.69910407202641,84200
1989-02-22,1.6991056203842163,1.6991056203842165,1.6733616342270985,1.6733616342270985,87459
1989-02-23,1.6733601093292236,1.69910407202641,1.6733601093292236,1.69910407202641,81212
1989-02-24,1.6862328052520752,1.6991046576682374,1.6733606860977033,1.6733606860977033,83928
1989-02-27,1.6991056203842163,1.6991056203842165,1.6733616342270985,1.6862337606748379,113262
1989-02-28,1.6733601093292236,1.69910407202641,1.6733601093292236,1.69910407202641,121139
1989-03-01,1.6862328052520752,1.7248486292387712,1.6862328052520752,1.6862328052520752,124670
1989-03-02,1.7119766473770142,1.7119766473770144,1.6862326777530277,1.6862326777530277,14124
1989-03-03,1.7119766473770142,1.7119766473770144,1.6862326777530277,1.7119766473770144,13309
1989-03-06,1.6862328052520752,1.711976776822609,1.6862328052520752,1.711976776822609,16025
1989-03-07,1.6862328052520752,1.711976776822609,1.6862328052520752,1.6862328052520752,39655
1989-03-08,1.6991056203842163,1.6991056203842165,1.6862337606748379,1.6862337606748379,54594
1989-03-09,1.6862328052520752,1.6991046576682374,1.6862328052520752,1.6991046576682374,29877
1989-03-10,1.6862328052520752,1.6991046576682374,1.6733606860977033,1.6862328052520752,353367
1989-03-13,1.6820597648620605,1.7081384433294902,1.6820597648620605,1.7081384433294902,586954
1989-03-14,1.7081389427185059,1.7081389427185059,1.6820602566267493,1.6820602566267493,71162
1989-03-15,1.6950985193252563,1.7081378540606968,1.6820591845898163,1.7081378540606968,31779
1989-03-16,1.6690213680267334,1.7081391312791065,1.6690213680267334,1.6950997867938218,149658
1989-03-17,1.642943263053894,1.6820607635740406,1.642943263053894,1.669021686801836,108102
1989-03-20,1.642943263053894,1.669021686801836,1.642943263053894,1.642943263053894,149658
1989-03-21,1.642943263053894,1.669021686801836,1.642943263053894,1.642943263053894,81212
1989-03-22,1.642943263053894,1.669021686801836,1.642943263053894,1.642943263053894,46989
1989-03-23,1.642943263053894,1.669021686801836,1.642943263053894,1.642943263053894,50791
1989-03-27,1.642943263053894,1.6559823398260987,1.642943263053894,1.642943263053894,21457
1989-03-28,1.642943263053894,1.669021686801836,1.642943263053894,1.642943263053894,44816
1989-03-29,1.6690213680267334,1.7211782055609104,1.6690213680267334,1.6690213680267334,125485
1989-03-30,1.6950985193252563,1.6950985193252566,1.6690201200576549,1.6690201200576549,203709
1989-03-31,1.7602957487106323,1.7733348213620654,1.7081389176980055,1.7081389176980055,453864
1989-04-03,1.7733348608016968,1.7733348608016968,1.7472564447153895,1.7602957878602699,213487
1989-04-04,1.7733348608016968,1.8124527551346108,1.7602957878602699,1.7733348608016968,165140
1989-04-05,1.7994129657745361,1.7994129657745361,1.7733344210534128,1.7733344210534128,60841
1989-04-06,1.7602957487106323,1.7863742993186695,1.747256405855752,1.7863742993186695,89632
1989-04-07,1.7472560405731201,1.7733344506274622,1.7472560405731203,1.7602953807019865,24445
1989-04-10,1.721177577972412,1.747255987230598,1.721177577972412,1.747255987230598,161881
1989-04-11,1.721177577972412,1.7602953269613824,1.721177577972412,1.721177577972412,190128
1989-04-12,1.734217643737793,1.7472567187240364,1.721178298548054,1.721178298548054,70348
1989-04-13,1.734217643737793,1.7602960639137755,1.721178298548054,1.734217643737793,211314
1989-04-14,1.7472560405731201,1.7472560405731203,1.7342169706476447,1.7342169706476447,180894
1989-04-17,1.7472560405731201,1.7472560405731203,1.7211776305187783,1.7472560405731203,230055
1989-04-18,1.7472560405731201,1.7602953807019865,1.7211776305187783,1.7472560405731203,119781
1989-04-19,1.7602957487106323,1.7602957487106323,1.734217333204319,1.747256405855752,46174
1989-04-20,1.734217643737793,1.7602960639137755,1.734217643737793,1.7602960639137755,64100
1989-04-21,1.7733348608016968,1.7733348608016968,1.7342173717739626,1.7342173717739626,59483
1989-04-24,1.7994129657745361,1.7994129657745361,1.760295351345391,1.7733344210534128,119238
1989-04-25,1.7994129657745361,1.8124523056859443,1.7733344210534128,1.7994129657745361,108645
1989-04-26,1.838531255722046,1.8515703292627645,1.78637442115224,1.7994134946929587,235216
1989-04-27,1.825492024421692,1.851570443312933,1.825492024421692,1.8385313689690534,57582
1989-04-28,1.851569652557373,1.8515696525573728,1.812452176028274,1.8254912448035179,92891
1989-05-01,1.825492024421692,1.8385313689690534,1.7994136055304508,1.8385313689690534,83656
1989-05-02,1.8124529123306274,1.8385313306787443,1.7994135680548307,1.8254919864029475,699401
1989-05-03,1.825492024421692,1.825492024421692,1.8124529500778126,1.8124529500778126,118966
1989-05-04,1.851569652557373,1.8515696525573728,1.812452176028274,1.8254912448035179,305292
1989-05-05,1.825492024421692,1.851570443312933,1.825492024421692,1.851570443312933,24445
1989-05-08,1.825492024421692,1.851570443312933,1.8124529500778126,1.825492024421692,85829
1989-05-09,1.8124529123306274,1.8254919864029475,1.8124529123306272,1.8254919864029475,89089
1989-05-10,1.8124529123306274,1.8254919864029475,1.8124529123306272,1.8124529123306272,143954
1989-05-11,1.838531255722046,1.838531255722046,1.812452838437143,1.812452838437143,72249
1989-05-12,1.825492024421692,1.851570443312933,1.825492024421692,1.8385313689690534,27704
1989-05-15,1.825492024421692,1.851570443312933,1.825492024421692,1.825492024421692,47532
1989-05-16,1.851569652557373,1.8515696525573728,1.8254912448035179,1.8254912448035179,127114
1989-05-17,1.8776496648788452,1.8776496648788454,1.838532154921418,1.8515712348393611,229241
1989-05-18,1.9167665243148804,1.9428449418275127,1.851570345431566,1.8776487629441982,395739
1989-05-19,1.9558842182159424,2.0080410478393125,1.9298056683025373,1.9298056683025373,239833
1989-05-22,1.9950026273727417,2.0080419759067696,1.981963549042279,1.981963549042279,173832
1989-05-23,1.9819624423980713,2.008040854701477,1.9689231011446617,1.9950015134480672,147214
1989-05-24,1.9819624423980713,1.9819624423980715,1.9428445537395493,1.9819624423980715,60569
1989-05-25,1.9689232110977173,1.9950016248574525,1.9689232110977173,1.9819625530792995,38026
1989-05-26,1.9558842182159424,1.9819626330276277,1.9558842182159424,1.968923290520065,33137
1989-05-30,1.9167665243148804,1.981962838299929,1.9167665243148806,1.9558844207872967,60026
1989-05-31,1.9428445100784302,1.9558839861405135,1.916766098361079,1.916766098361079,67088
1989-06-01,1.9689232110977173,1.9950016248574525,1.9428446622362678,1.9428446622362678,178721
1989-06-02,1.9689232110977173,1.9950016248574525,1.9689232110977173,1.9689232110977173,105657
1989-06-05,2.008042573928833,2.008042573928833,1.981964139297834,1.981964139297834,250426
1989-06-06,1.9819624423980713,2.008040854701477,1.9819624423980715,2.008040854701477,57039
1989-06-07,1.9689232110977173,1.9950016248574525,1.9689232110977173,1.9819625530792995,53236
1989-06-08,1.9689232110977173,1.9950016248574525,1.9689232110977173,1.9689232110977173,56767
1989-06-09,1.9689232110977173,1.9950016248574525,1.9689232110977173,1.9689232110977173,68175
1989-06-12,1.9910762310028076,2.00426228302409,1.964704263582032,1.9910762310028074,69533
1989-06-13,1.9515174627304077,1.977889416339323,1.9515174627304077,1.977889416339323,33680
1989-06-14,1.9647034406661987,1.9778896237862393,1.951517667411355,1.951517667411355,30692
1989-06-15,1.8855873346328735,1.9515169980230025,1.8592155239254964,1.9515169980230025,218376
1989-06-16,1.9119598865509033,1.911959886550903,1.885588065619946,1.885588065619946,73335
1989-06-19,1.8855873346328735,1.911959145340251,1.8855873346328735,1.911959145340251,92620
1989-06-20,1.9119598865509033,1.911959886550903,1.885588065619946,1.885588065619946,18470
1989-06-21,1.8855873346328735,1.911959145340251,1.8855873346328735,1.911959145340251,36124
1989-06-22,1.9119598865509033,1.911959886550903,1.885588065619946,1.885588065619946,11136
1989-06-23,1.9119598865509033,1.911959886550903,1.885588065619946,1.911959886550903,114077
1989-06-26,1.8724019527435303,1.911959819371789,1.87240195274353,1.911959819371789,23902
1989-06-27,1.8724019527435303,1.885587999367439,1.87240195274353,1.87240195274353,37211
1989-06-28,1.8855873346328735,1.8855873346328735,1.8592155239254964,1.8724012926574995,79039
1989-06-29,1.8196583986282349,1.859216267123745,1.8064726246253848,1.859216267123745,111361
1989-06-30,1.7801011800765991,1.8196589233575104,1.7801011800765991,1.8196589233575104,62199
1989-07-03,1.7932862043380737,1.8196581587322274,1.7801004320735798,1.7801004320735798,82027
1989-07-05,1.8064712285995483,1.8328430294688216,1.7932850549216426,1.7932850549216426,32593
1989-07-06,1.846030831336975,1.846030831336975,1.8196590013526714,1.8196590013526714,38841
1989-07-07,1.8196583986282349,1.8460302198774148,1.8196583986282346,1.8460302198774148,21729
1989-07-10,1.8328444957733154,1.846030270135145,1.806472673806169,1.8196584481679985,36668
1989-07-11,1.8592174053192139,1.8592174053192136,1.8328455679254418,1.8328455679254418,67631
1989-07-12,1.8724019527435303,1.87240195274353,1.8328443593587387,1.8592161793630888,122769
1989-07-13,1.8592174053192139,1.872403187394276,1.8592174053192136,1.872403187394276,51335
1989-07-14,1.8855873346328735,1.8855873346328735,1.8592155239254964,1.8592155239254964,96422
1989-07-17,1.8724019527435303,1.885587999367439,1.8460301327391802,1.885587999367439,275958
1989-07-18,1.8592174053192139,1.8855892427129857,1.8592174053192136,1.872403187394276,40742
1989-07-19,1.8724019527435303,1.8987737727478802,1.87240195274353,1.87240195274353,167313
1989-07-20,1.8592174053192139,1.8987750247880477,1.8592174053192136,1.872403187394276,41828
1989-07-21,1.8592174053192139,1.872403187394276,1.8592174053192136,1.8592174053192136,24445
1989-07-24,1.8064712285995483,1.8592148303380949,1.8064712285995481,1.8592148303380949,38569
1989-07-25,1.8328444957733154,1.846030270135145,1.7932864895791079,1.806472673806169,639646
1989-07-26,1.8064712285995483,1.8328430294688216,1.8064712285995481,1.8328430294688216,14395
1989-07-27,1.8328444957733154,1.846030270135145,1.8196584481679985,1.8196584481679985,50248
1989-07-28,1.846030831336975,1.8592168829509124,1.8328450529666087,1.8328450529666087,130917
1989-07-31,1.8592174053192139,1.872403187394276,1.8460313500005041,1.8460313500005041,102398
1989-08-01,1.9119598865509033,1.911959886550903,1.872402018532729,1.872402018532729,162696
1989-08-02,1.9383306503295898,1.93833065032959,1.8855870372336812,1.9119588437816355,326478
1989-08-03,1.9251453876495361,1.9647032500633472,1.925145387649536,1.9383314328686192,196647
1989-08-04,1.9119598865509033,1.9383317074818605,1.8987738394636862,1.9251456603946433,68175
1989-08-07,1.9383306503295898,1.9647024568775444,1.8987728038859946,1.9119588437816355,87731
1989-08-08,1.9647034406661987,1.9647034406661987,1.951517667411355,1.951517667411355,125756
1989-08-09,1.9647034406661987,1.991075397041083,1.951517667411355,1.9647034406661987,366405
1989-08-10,2.030635356903076,2.030635356903076,1.964705466302187,1.964705466302187,291711
1989-08-11,1.9647034406661987,2.0306332632925432,1.9647034406661987,2.0306332632925432,214573
1989-08-14,1.9515174627304077,1.9910751882112039,1.938331417615091,1.9647032346022884,179264
1989-08-15,1.9515174627304077,1.9647032346022884,1.938331417615091,1.9515174627304077,124942
1989-08-16,1.9515174627304077,1.9647032346022884,1.9515174627304077,1.9515174627304077,30692
1989-08-17,1.9515174627304077,1.977889416339323,1.9515174627304077,1.9515174627304077,98052
1989-08-18,1.9515174627304077,1.9647032346022884,1.938331417615091,1.9515174627304077,76323
1989-08-21,1.9647034406661987,1.9778896237862393,1.951517667411355,1.951517667411355,70348
1989-08-22,1.9647034406661987,1.9647034406661987,1.9383316209130468,1.9647034406661987,42643
1989-08-23,1.9647034406661987,1.9647034406661987,1.951517667411355,1.9647034406661987,26346
1989-08-24,1.9647034406661987,1.9647034406661987,1.951517667411355,1.9647034406661987,20099
1989-08-25,1.9647034406661987,1.9778896237862393,1.951517667411355,1.9647034406661987,143411
1989-08-28,1.9778906106948853,1.9778906106948853,1.9647044209953277,1.9647044209953277,63829
1989-08-29,1.9515174627304077,1.977889416339323,1.9515174627304077,1.977889416339323,8420
1989-08-30,1.9515174627304077,1.977889416339323,1.9515174627304077,1.9515174627304077,83656
1989-08-31,1.9778906106948853,1.9910763905290412,1.9515186411611718,1.9515186411611718,152646
1989-09-01,2.0042622089385986,2.0042622089385986,1.9778903791144204,1.9778903791144204,88817
1989-09-05,1.9778906106948853,2.004262443606798,1.9778906106948853,2.004262443606798,64100
1989-09-06,1.9910762310028076,1.9910762310028074,1.964704263582032,1.9778904522251042,79854
1989-09-07,1.9910762310028076,1.9910762310028074,1.9778904522251042,1.9910762310028074,31779
1989-09-08,1.9910762310028076,1.9910762310028074,1.964704263582032,1.9910762310028074,28519
1989-09-11,2.0268120765686035,2.0268120765686035,2.000143538425003,2.0134776693378926,218648
1989-09-12,2.0268120765686035,2.040146207481494,2.000143538425003,2.0268120765686035,228426
1989-09-13,2.013476610183716,2.053479534515188,2.013476610183716,2.026811010400098,500581
1989-09-14,1.9734747409820557,2.040146082248482,1.9734747409820557,2.013477545741911,1118498
1989-09-15,1.9601385593414307,2.0001416041897415,1.9601385593414307,1.9734729536771267,278402
1989-09-18,1.9601385593414307,1.9734729536771267,1.9468041650057348,1.9601385593414307,98867
1989-09-19,2.0001425743103027,2.0134766987958383,1.9601395100594774,1.9601395100594774,141781
1989-09-20,2.013476610183716,2.0401451342988057,1.986807947909788,2.0001424862850086,205882
1989-09-21,2.0001425743103027,2.0268110995990614,2.0001425743103027,2.0134766987958383,154276
1989-09-22,2.0001425743103027,2.0268110995990614,2.0001425743103027,2.0001425743103027,63557
1989-09-25,2.0001425743103027,2.0001425743103027,1.9734739108627004,2.0001425743103027,40199
1989-09-26,1.986808180809021,2.0001427207473537,1.9734740553472503,2.0001427207473537,71977
1989-09-27,2.0001425743103027,2.0001425743103027,1.9734739108627004,1.986808035348236,33137
1989-09-28,2.013476610183716,2.013476610183716,1.986807947909788,2.0001424862850086,54322
1989-09-29,2.0001425743103027,2.0134766987958383,1.986808035348236,2.0134766987958383,58125
1989-10-02,2.0001425743103027,2.0134766987958383,2.0001425743103027,2.0001425743103027,89089
1989-10-03,2.0268120765686035,2.0268120765686035,2.000143538425003,2.000143538425003,74693
1989-10-04,2.0534818172454834,2.0534818172454834,2.0134788484451542,2.0268132634845912,349021
1989-10-05,2.0534818172454834,2.066815955966938,2.040147402206046,2.0534818172454834,192845
1989-10-06,2.0401458740234375,2.066814407808116,2.013477340238759,2.0534802790746642,196104
1989-10-09,2.0268120765686035,2.053480614712204,2.0268120765686035,2.040146207481494,102941
1989-10-10,1.986808180809021,2.0534797752298526,1.9868081808090212,2.026811247988603,177634
1989-10-11,2.013476610183716,2.026811010400098,1.986807947909788,1.986807947909788,61113
1989-10-12,1.986808180809021,2.0134768462091244,1.9868081808090212,2.0134768462091244,73335
1989-10-13,1.9068025350570679,2.0001426535848967,1.9068025350570679,1.9868081140943226,187684
1989-10-16,1.8801345825195312,1.893468711603071,1.800128840906052,1.893468711603071,288180
1989-10-17,1.8401315212249756,1.8801344584718434,1.826797393021196,1.8801344584718434,184425
1989-10-18,1.8934682607650757,1.893468260765076,1.840131204494994,1.840131204494994,65458
1989-10-19,1.8801345825195312,1.893468711603071,1.8668001771182086,1.893468711603071,13852
1989-10-20,1.8667995929718018,1.8934681191117282,1.8667995929718018,1.880133994200613,280575
1989-10-23,1.8401315212249756,1.8801344584718434,1.8401315212249756,1.8668000539502994,98052
1989-10-24,1.8401315212249756,1.8668000539502994,1.8134628503407697,1.8401315212249756,52150
1989-10-25,1.8401315212249756,1.8534659257465198,1.8134628503407697,1.8401315212249756,58668
1989-10-26,1.8134620189666748,1.8401306776247455,1.813462018966675,1.8401306776247455,104842
1989-10-27,1.8267959356307983,1.8267959356307986,1.8001272860224413,1.8134614035884618,90990
1989-10-30,1.8134620189666748,1.8401306776247455,1.813462018966675,1.8267965555339387,30149
1989-10-31,1.8267959356307983,1.840130053196819,1.8134614035884618,1.8134614035884618,37211
1989-11-01,1.8667995929718018,1.880133994200613,1.8401310668318756,1.8401310668318756,80669
1989-11-02,1.8667995929718018,1.880133994200613,1.8401310668318756,1.8667995929718018,74965
1989-11-03,1.8401315212249756,1.8801344584718434,1.8401315212249756,1.8668000539502994,8148
1989-11-06,1.8267959356307983,1.8801329585299689,1.8134614035884618,1.840130053196819,80126
1989-11-07,1.8134620189666748,1.8267965555339387,1.813462018966675,1.8267965555339387,136349
1989-11-08,1.8667995929718018,1.8934681191117282,1.8267969419207606,1.8267969419207606,71706
1989-11-09,1.8801345825195312,1.893468711603071,1.8534660480346685,1.8668001771182086,74965
1989-11-10,1.8801345825195312,1.8801345825195312,1.8534660480346685,1.8801345825195312,54051
1989-11-13,1.9201364517211914,1.9201364517211916,1.853465281250008,1.8801338047020153,183338
1989-11-14,1.9068025350570679,1.9334710614028194,1.893468133725343,1.9201366600710945,200721
1989-11-15,1.8801345825195312,1.9068031170043938,1.8801345825195312,1.9068031170043938,63829
1989-11-16,1.8801345825195312,1.9068031170043938,1.8801345825195312,1.8801345825195312,52421
1989-11-17,1.8801345825195312,1.9068031170043938,1.8801345825195312,1.8801345825195312,92891
1989-11-20,1.8267959356307983,1.9068014699795541,1.8134614035884618,1.8801329585299689,302847
1989-11-21,1.8401315212249756,1.8534659257465198,1.826797393021196,1.826797393021196,35853
1989-11-22,1.8401315212249756,1.8534659257465198,1.8401315212249756,1.8401315212249756,33952
1989-11-24,1.8401315212249756,1.8668000539502994,1.8401315212249756,1.8401315212249756,53236
1989-11-27,1.8534655570983887,1.866799682650055,1.8534655570983887,1.8534655570983887,83113
1989-11-28,1.8667995929718018,1.8934681191117282,1.8534654680606868,1.8534654680606868,187412
1989-11-29,1.8801345825195312,1.9068031170043938,1.8668001771182086,1.8668001771182086,351738
1989-11-30,1.8801345825195312,1.9068031170043938,1.8801345825195312,1.8801345825195312,156177
1989-12-01,1.8801345825195312,1.893468711603071,1.8801345825195312,1.8801345825195312,201264
1989-12-04,1.8934682607650757,1.9068026629914547,1.8801341348564138,1.8801341348564138,183338
1989-12-05,1.8534655570983887,1.906802611940473,1.8534655570983887,1.8934682100710971,298502
1989-12-06,1.8534655570983887,1.8801340845194308,1.8534655570983887,1.8534655570983887,129831
1989-12-07,1.8401315212249756,1.8668000539502994,1.8401315212249756,1.8534659257465198,90175
1989-12-08,1.8134620189666748,1.8534650760331903,1.813462018966675,1.8401306776247455,125756
1989-12-11,1.8226436376571655,1.836144541028938,1.7956415511398416,1.836144541028938,124127
1989-12-12,1.8226436376571655,1.8496458640613793,1.8226436376571657,1.8226436376571657,276773
1989-12-13,1.795641541481018,1.8361445311522475,1.7686394551089393,1.8226436278530969,167041
1989-12-14,1.8091418743133545,1.8091418743133545,1.782139796455693,1.7956409752713685,612485
1989-12-15,1.7416363954544067,1.7821396487712724,1.7146343198343847,1.7821396487712724,337614
1989-12-18,1.7281359434127808,1.7416368448193666,1.7011338608258701,1.7416368448193666,53779
1989-12-19,1.7146352529525757,1.7146352529525757,1.6876330227508916,1.7146352529525757,134176
1989-12-20,1.7146352529525757,1.7416373432673506,1.7011343476820975,1.7146352529525757,200721
1989-12-21,1.795641541481018,1.795641541481018,1.714635002591004,1.714635002591004,172474
1989-12-22,1.795641541481018,1.8091424447801687,1.78214035840809,1.795641541481018,115435
1989-12-26,1.795641541481018,1.8226436278530969,1.795641541481018,1.795641541481018,110818
1989-12-27,1.9306522607803345,1.9306522607803347,1.7956416787147327,1.7956416787147327,333268
1989-12-28,1.9171515703201294,1.9441536657086,1.9171515703201294,1.9306527579013002,73878
1989-12-29,1.876649022102356,1.9441541370526525,1.876649022102356,1.917152035117746,230327
1990-01-02,1.9036502838134766,1.9171511889349973,1.8766481937966195,1.8766481937966195,159708
1990-01-03,1.8631467819213867,1.9171509553759831,1.8631467819213867,1.9036500518992248,121139
1990-01-04,1.836144208908081,1.8766476111316108,1.836144208908081,1.8631464304281462,76595
1990-01-05,1.8496462106704712,1.8496462106704712,1.8226439792062525,1.8361448851079882,84743
1990-01-08,1.8631467819213867,1.8631467819213867,1.8226436518304396,1.8496458784446284,50791
1990-01-09,1.8631467819213867,1.8631467819213867,1.836144555307198,1.8631467819213867,130645
1990-01-10,1.836144208908081,1.8766476111316108,1.836144208908081,1.8631464304281462,272155
1990-01-11,1.8631467819213867,1.8631467819213867,1.836144555307198,1.836144555307198,143683
1990-01-12,1.8091418743133545,1.8361439521710157,1.7956409752713685,1.8361439521710157,252328
1990-01-15,1.795641541481018,1.8226436278530969,1.795641541481018,1.8091424447801687,35310
1990-01-16,1.7821403741836548,1.809142460794757,1.768639470764994,1.795641557376096,116793
1990-01-17,1.8091418743133545,1.8091418743133545,1.782139796455693,1.782139796455693,159165
1990-01-18,1.7686399221420288,1.8091429225086186,1.7686399221420288,1.8091429225086186,155362
1990-01-19,1.7821403741836548,1.809142460794757,1.768639470764994,1.768639470764994,18741
1990-01-22,1.7821403741836548,1.809142460794757,1.782140374183655,1.782140374183655,141238
1990-01-23,1.7821403741836548,1.809142460794757,1.782140374183655,1.782140374183655,291711
1990-01-24,1.7686399221420288,1.782140829006275,1.7416375488658338,1.782140829006275,242821
1990-01-25,1.7821403741836548,1.782140374183655,1.768639470764994,1.768639470764994,365318
1990-01-26,1.7551374435424805,1.7821395171685244,1.7551374435424805,1.7821395171685244,195561
1990-01-29,1.7416363954544067,1.7821396487712724,1.7416363954544065,1.7551375731512506,98324
1990-01-30,1.7146352529525757,1.7686397133559442,1.7011343476820975,1.7416373432673506,215932
1990-01-31,1.7281359434127808,1.7416368448193666,1.7146347622324563,1.7146347622324563,289810
1990-02-01,1.7416363954544067,1.7551375731512506,1.7281354975312286,1.7281354975312286,725476
1990-02-02,1.7551374435424805,1.7686386202423252,1.7416362668426357,1.7416362668426357,798811
1990-02-05,1.7686399221420288,1.782140829006275,1.7416375488658338,1.7551387355039312,499766
1990-02-06,1.7686399221420288,1.782140829006275,1.7551387355039312,1.7686399221420288,279489
1990-02-07,1.7821403741836548,1.782140374183655,1.7416371043801115,1.768639470764994,142596
1990-02-08,1.7686399221420288,1.8091429225086186,1.7686399221420288,1.782140829006275,330009
1990-02-09,1.7551374435424805,1.7821395171685244,1.7551374435424805,1.7686386202423252,77409
1990-02-12,1.7551374435424805,1.7821395171685244,1.7551374435424805,1.7551374435424805,26890
1990-02-13,1.7821403741836548,1.782140374183655,1.7551382875725527,1.7551382875725527,236846
1990-02-14,1.7551374435424805,1.7821395171685244,1.7551374435424805,1.7821395171685244,19556
1990-02-15,1.795641541481018,1.8226436278530969,1.755138272036011,1.755138272036011,181437
1990-02-16,1.795641541481018,1.8226436278530969,1.795641541481018,1.795641541481018,155090
1990-02-20,1.795641541481018,1.8226436278530969,1.78214035840809,1.795641541481018,76051
1990-02-21,1.7821403741836548,1.782140374183655,1.7416371043801115,1.782140374183655,20643
1990-02-22,1.7821403741836548,1.795641557376096,1.768639470764994,1.782140374183655,79311
1990-02-23,1.7821403741836548,1.782140374183655,1.7551382875725527,1.782140374183655,30964
1990-02-26,1.7551374435424805,1.795640693868369,1.7551374435424805,1.7821395171685244,69533
1990-02-27,1.7686399221420288,1.782140829006275,1.7551387355039312,1.7551387355039312,87731
1990-02-28,1.7821403741836548,1.782140374183655,1.768639470764994,1.768639470764994,75237
1990-03-01,1.7821403741836548,1.782140374183655,1.7551382875725527,1.782140374183655,107287
1990-03-02,1.7686399221420288,1.7956420156443726,1.7686399221420288,1.782140829006275,40470
1990-03-05,1.7686399221420288,1.7956420156443726,1.7686399221420288,1.7686399221420288,34766
1990-03-06,1.7686399221420288,1.7956420156443726,1.7686399221420288,1.7686399221420288,27161
1990-03-07,1.836144208908081,1.8766476111316108,1.7821400456416792,1.7821400456416792,182795
1990-03-08,1.836144208908081,1.8631464304281462,1.836144208908081,1.836144208908081,41013
1990-03-09,1.847640872001648,1.8750134291536298,1.847640872001648,1.8613269378695187,102941
1990-03-12,1.8613277673721313,1.875014264755644,1.8476416954050485,1.8476416954050485,71706
1990-03-13,1.8339544534683228,1.8613268677842267,1.8339544534683228,1.8613268677842267,29877
1990-03-14,1.806583285331726,1.8476420769333028,1.806583285331726,1.8339557185291067,133633
1990-03-15,1.8202688694000244,1.8339549383712037,1.806582516817954,1.806582516817954,64644
1990-03-16,1.806583285331726,1.8339557185291067,1.806583285331726,1.8202696437359223,256945
1990-03-19,1.7792102098464966,1.8065826331625405,1.7518377865304526,1.8065826331625405,371294
1990-03-20,1.7518378496170044,1.7792102739187743,1.7244654253152347,1.7792102739187743,168671
1990-03-21,1.7518378496170044,1.7518378496170046,1.7244654253152347,1.7518378496170046,498680
1990-03-22,1.738150954246521,1.7518373039397244,1.724464888164149,1.7518373039397244,331095
1990-03-23,1.738150954246521,1.738150954246521,1.6970923305831578,1.738150954246521,397368
1990-03-26,1.7518378496170044,1.7655239199624295,1.7244654253152347,1.7244654253152347,192845
1990-03-27,1.738150954246521,1.7518373039397244,1.738150954246521,1.738150954246521,130645
1990-03-28,1.738150954246521,1.7655233700220965,1.738150954246521,1.738150954246521,202894
1990-03-29,1.738150954246521,1.7655233700220965,1.738150954246521,1.738150954246521,35310
1990-03-30,1.7107787132263184,1.7518376280980135,1.7107787132263184,1.7381512758723012,220277
1990-04-02,1.7244646549224854,1.7244646549224856,1.6970921010437565,1.7244646549224856,642634
1990-04-03,1.7107787132263184,1.7381512758723012,1.6970926446114898,1.6970926446114898,242821
1990-04-04,1.7244646549224854,1.7381507191537553,1.7107781652750262,1.7107781652750262,248525
1990-04-05,1.7244646549224854,1.7381507191537553,1.7244646549224856,1.7244646549224856,126571
1990-04-06,1.6834057569503784,1.7381507230243487,1.6560333448160918,1.724464658762602,605966
1990-04-09,1.7518378496170044,1.7518378496170046,1.697092859208005,1.7107789295534301,288995
1990-04-10,1.738150954246521,1.7518373039397244,1.724464888164149,1.7518373039397244,100496
1990-04-11,1.738150954246521,1.7655233700220965,1.738150954246521,1.7518373039397244,35581
1990-04-12,1.7655243873596191,1.765524387359619,1.7381519558113916,1.765524387359619,32593
1990-04-16,1.738150954246521,1.7655233700220965,1.724464888164149,1.7655233700220965,98595
1990-04-17,1.7107787132263184,1.7518376280980135,1.7107787132263184,1.7244652072574727,146670
1990-04-18,1.7244646549224854,1.7381507191537553,1.6970921010437565,1.7381507191537553,99138
1990-04-19,1.7107787132263184,1.7244652072574727,1.6970926446114898,1.6970926446114898,44001
1990-04-20,1.7107787132263184,1.7107787132263184,1.6834062923857775,1.6970926446114898,197734
1990-04-23,1.6834057569503784,1.6970921048229186,1.6560333448160918,1.6697196926886317,338700
1990-04-24,1.6834057569503784,1.710778169084665,1.6697196926886317,1.6834057569503784,143683
1990-04-25,1.6834057569503784,1.6970921048229186,1.6697196926886317,1.6970921048229186,67360
1990-04-26,1.6834057569503784,1.6834057569503784,1.6697196926886317,1.6697196926886317,144226
1990-04-27,1.66972017288208,1.6834062410797916,1.66972017288208,1.6834062410797916,43730
1990-04-30,1.6560332775115967,1.683405688533414,1.6560332775115967,1.6697196248278965,119238
1990-05-01,1.66972017288208,1.6834062410797916,1.6560338210734933,1.66972017288208,561965
1990-05-02,1.66972017288208,1.6970925928883784,1.6560338210734933,1.6834062410797916,744488
1990-05-03,1.66972017288208,1.6970925928883784,1.66972017288208,1.66972017288208,197734
1990-05-04,1.6834057569503784,1.6834057569503784,1.6560333448160918,1.6697196926886317,18198
1990-05-07,1.6834057569503784,1.6970921048229186,1.6560333448160918,1.6560333448160918,553274
1990-05-08,1.6970927715301514,1.6970927715301514,1.6697203486425383,1.6970927715301514,635572
1990-05-09,1.6834057569503784,1.6970921048229186,1.6697196926886317,1.6834057569503784,188499
1990-05-10,1.6970927715301514,1.6970927715301514,1.6697203486425383,1.6697203486425383,37482
1990-05-11,1.66972017288208,1.6970925928883784,1.66972017288208,1.6970925928883784,103213
1990-05-14,1.6970927715301514,1.7244653362232167,1.6697203486425383,1.6834064182808923,271612
1990-05-15,1.738150954246521,1.738150954246521,1.6970923305831578,1.6970923305831578,433493
1990-05-16,1.7244646549224854,1.7381507191537553,1.7107781652750262,1.7381507191537553,188770
1990-05-17,1.7244646549224854,1.751837066995818,1.7244646549224856,1.751837066995818,178449
1990-05-18,1.738150954246521,1.738150954246521,1.6970923305831578,1.724464888164149,219191
1990-05-21,1.6970927715301514,1.7244653362232167,1.6970927715301514,1.7244653362232167,78224
1990-05-22,1.7244646549224854,1.7244646549224856,1.6970921010437565,1.7244646549224856,795280
1990-05-23,1.738150954246521,1.7518373039397244,1.7107783966655299,1.7107783966655299,432678
1990-05-24,1.738150954246521,1.738150954246521,1.724464888164149,1.738150954246521,404159
1990-05-25,1.738150954246521,1.738150954246521,1.7107783966655299,1.738150954246521,106472
1990-05-29,1.7518378496170044,1.7518378496170046,1.7244654253152347,1.7381514956606599,298773
1990-05-30,1.7928959131240845,1.7928959131240847,1.751837151234345,1.7655232161237204,345490
1990-05-31,1.7928959131240845,1.80658197801346,1.7792095646239026,1.7928959131240847,233043
1990-06-01,1.8202688694000244,1.8202688694000244,1.779210095264704,1.806582516817954,532631
1990-06-04,1.8613277673721313,1.8613277673721313,1.8065829122818937,1.8202692678599297,132818
1990-06-05,1.875013828277588,1.9023862494507746,1.847641265298958,1.8613273340801075,738513
1990-06-06,1.9160723686218262,1.9297587213737941,1.8750138775877119,1.888699946728785,387590
1990-06-07,1.902387261390686,1.9297596971241362,1.902387261390686,1.9160733374518921,242550
1990-06-08,1.9297590255737305,1.9708175230801517,1.9160726706642972,1.9297590255737307,369664
1990-06-11,1.9414076805114746,1.9691420348957889,1.9275406469997904,1.9275406469997904,81212
1990-06-12,1.9552748203277588,1.9691418525553703,1.9552748203277586,1.9552748203277586,576089
1990-06-13,2.0246095657348633,2.0384768785394107,1.9552738637944627,1.9552738637944627,841182
1990-06-14,2.0384774208068848,2.0523447373003596,2.0107430751807907,2.02461010431341,963136
1990-06-15,1.9830079078674316,2.038476576135395,1.9830079078674316,2.010742242001413,498408
1990-06-18,1.9414076805114746,1.9968763892801034,1.9414076805114744,1.9830093557684194,982421
1990-06-19,1.9552748203277588,1.9968762043715136,1.9275404685116153,1.9275404685116153,341688
1990-06-20,1.9691413640975952,1.9968757090340616,1.9691413640975954,1.9830086802462528,116250
1990-06-21,1.9552748203277588,1.9830091721439018,1.941407500739227,1.9691418525553703,351194
1990-06-22,1.9968758821487427,1.9968758821487427,1.969141534807909,1.969141534807909,87187
1990-06-25,1.9691413640975952,1.9968757090340616,1.9552743353097866,1.9691413640975954,714611
1990-06-26,1.9691413640975952,1.9830086802462528,1.941407019161129,1.9552743353097866,351194
1990-06-27,1.9552748203277588,1.9691418525553703,1.941407500739227,1.9552748203277586,357170
1990-06-28,1.9691413640975952,1.9691413640975954,1.941407019161129,1.9552743353097866,199092
1990-06-29,1.9414076805114746,1.9691420348957889,1.9414076805114744,1.9414076805114744,74693
1990-07-02,1.9830079078674316,1.9830079078674316,1.9414062629860906,1.9691405971200724,168128
1990-07-03,1.9552748203277588,1.9830091721439018,1.9552748203277586,1.9830091721439018,63557
1990-07-05,1.9691413640975952,1.9691413640975954,1.941407019161129,1.9552743353097866,107830
1990-07-06,1.9552748203277588,1.9830091721439018,1.9552748203277586,1.9552748203277586,111089
1990-07-09,1.9691413640975952,1.9830086802462528,1.9552743353097866,1.9830086802462528,220006
1990-07-10,1.9552748203277588,1.9830091721439018,1.9552748203277586,1.9552748203277586,214845
1990-07-11,1.9552748203277588,1.9830091721439018,1.9552748203277586,1.9552748203277586,30149
1990-07-12,1.9552748203277588,1.9830091721439018,1.9552748203277586,1.9552748203277586,75237
1990-07-13,1.9552748203277588,1.9830091721439018,1.9552748203277586,1.9830091721439018,203981
1990-07-16,1.9830079078674316,1.9830079078674316,1.95527357373345,1.9830079078674316,133090
1990-07-17,1.9691413640975952,1.9968757090340616,1.9552743353097866,1.9552743353097866,136349
1990-07-18,1.9691413640975952,1.9968757090340616,1.9552743353097866,1.9968757090340616,72249
1990-07-19,1.9830079078674316,1.9830079078674316,1.95527357373345,1.9691405971200724,114892
1990-07-20,1.9552748203277588,1.9830091721439018,1.9552748203277586,1.9830091721439018,49705
1990-07-23,1.9414076805114746,1.9830093557684194,1.9414076805114744,1.9414076805114744,245809
1990-07-24,1.9552748203277588,1.9691418525553703,1.941407500739227,1.9691418525553703,151831
1990-07-25,1.9691413640975952,1.9691413640975954,1.941407019161129,1.941407019161129,104027
1990-07-26,1.9414076805114746,1.9691420348957889,1.9414076805114744,1.9414076805114744,44544
1990-07-27,1.9414076805114746,1.9691420348957889,1.9414076805114744,1.9414076805114744,32050
1990-07-30,1.9414076805114746,1.9691420348957889,1.9414076805114744,1.9414076805114744,54051
1990-07-31,1.9414076805114746,1.9691420348957889,1.9414076805114744,1.9414076805114744,98867
1990-08-01,1.9275397062301636,1.9552740470782455,1.9275397062301634,1.9275397062301634,188770
1990-08-02,1.913672924041748,1.9275402420006902,1.8998058934436917,1.9136729240417478,154004
1990-08-03,1.872071385383606,1.9136729078674897,1.8582040675418694,1.9136729078674897,196919
1990-08-06,1.8304692506790161,1.8859379331260258,1.8304692506790161,1.8720709061946785,59483
1990-08-07,1.844336748123169,1.872071092100835,1.8166024041455031,1.8582037764315826,162696
1990-08-08,1.872071385383606,1.872071385383606,1.8304697192192803,1.8304697192192803,104299
1990-08-09,1.8582038879394531,1.8582038879394531,1.816602513156941,1.8582038879394531,104842
1990-08-10,1.7888685464859009,1.8582045800980582,1.7611341905132307,1.8582045800980582,52693
1990-08-13,1.7472654581069946,1.7749997871257326,1.7472654581069946,1.7749997871257326,98595
1990-08-14,1.7472654581069946,1.7611324789360219,1.7195309854079146,1.7611324789360219,130917
1990-08-15,1.761132836341858,1.775000147345813,1.747265812698645,1.7611328363418581,192573
1990-08-16,1.761132836341858,1.7611328363418581,1.7333983580143189,1.747265812698645,274871
1990-08-17,1.7333993911743164,1.7472668541240821,1.7056650399966116,1.7472668541240821,139609
1990-08-20,1.719531536102295,1.733398561372353,1.705664223471461,1.719531536102295,112991
1990-08-21,1.7056652307510376,1.7195325515712097,1.6917981972918112,1.6917981972918112,88002
1990-08-22,1.7056652307510376,1.7195325515712097,1.6779308764716394,1.7195325515712097,190943
1990-08-23,1.6501966714859009,1.6779310282744326,1.6501966714859009,1.6779310282744326,302576
1990-08-24,1.6640633344650269,1.6917976802686485,1.650196017882787,1.677930363686409,75237
1990-08-27,1.719531536102295,1.719531536102295,1.6779298855705687,1.6779298855705687,118151
1990-08-28,1.7750012874603271,1.7750012874603271,1.6917980863955737,1.6917980863955737,89360
1990-08-29,1.8027359247207642,1.8027359247207642,1.7472672110348708,1.788868602618805,32050
1990-08-30,1.8304692506790161,1.8304692506790161,1.7888675951633537,1.8027349094555112,204252
1990-08-31,1.8304692506790161,1.8304692506790161,1.7888675951633537,1.8304692506790161,13309
1990-09-04,1.8027359247207642,1.8166032468227233,1.788868602618805,1.8166032468227233,22001
1990-09-05,1.8166019916534424,1.8443363293335295,1.802734679133012,1.8166019916534424,44816
1990-09-06,1.8027359247207642,1.8304702815637108,1.788868602618805,1.8304702815637108,353639
1990-09-07,1.7888685464859009,1.8166031898195343,1.7888685464859009,1.8027358681527175,99953
1990-09-10,1.8428878784179688,1.8428878784179688,1.8147519386055566,1.8147519386055566,94521
1990-09-11,1.8147531747817993,1.8147531747817993,1.800685486811774,1.8147531747817993,165412
1990-09-12,1.7866170406341553,1.814752700743818,1.7866170406341553,1.8006850164484625,190128
1990-09-13,1.7866170406341553,1.8006850164484625,1.7584812347650165,1.7866170406341553,148572
1990-09-14,1.7444134950637817,1.772549300039274,1.744413495063782,1.772549300039274,47260
1990-09-17,1.7866170406341553,1.7866170406341553,1.744413550469661,1.744413550469661,76595
1990-09-18,1.758481740951538,1.7866175549196919,1.7444140526067382,1.7584817409515383,72792
1990-09-19,1.7866170406341553,1.814752700743818,1.7584812347650165,1.7584812347650165,281118
1990-09-20,1.772549033164978,1.81475236987542,1.7725490331649778,1.81475236987542,116250
1990-09-21,1.772549033164978,1.8006846881449055,1.7725490331649778,1.8006846881449055,65187
1990-09-24,1.7866170406341553,1.7866170406341553,1.7725493563387997,1.7725493563387997,436752
1990-09-25,1.7303458452224731,1.7725496335051534,1.7303458452224731,1.7725496335051534,393566
1990-09-26,1.7022093534469604,1.744412975459364,1.7022093534469607,1.716277324624047,90175
1990-09-27,1.674074649810791,1.7162782957022118,1.674074649810791,1.7022103165653981,195561
1990-09-28,1.674074649810791,1.7022103165653981,1.6459389830561841,1.674074649810791,617374
1990-10-01,1.674074649810791,1.7022103165653981,1.674074649810791,1.674074649810791,471518
1990-10-02,1.674074649810791,1.730345983320005,1.674074649810791,1.7162782957022118,87459
1990-10-03,1.7022093534469604,1.7022093534469607,1.6740737026116435,1.6740737026116435,148029
1990-10-04,1.6881420612335205,1.7022097441204194,1.674074086827699,1.674074086827699,43730
1990-10-05,1.7022093534469604,1.744412975459364,1.6881416737887298,1.6881416737887298,165683
1990-10-08,1.7444134950637817,1.7866169838878132,1.744413495063782,1.744413495063782,73335
1990-10-09,1.758481740951538,1.7866175549196919,1.7444140526067382,1.7444140526067382,115707
1990-10-10,1.758481740951538,1.7725498665748918,1.7444140526067382,1.7584817409515383,347120
1990-10-11,1.772549033164978,1.7725490331649778,1.7584809141561155,1.7584809141561155,143140
1990-10-12,1.8147531747817993,1.8147531747817993,1.7584816941041288,1.7584816941041288,245266
1990-10-15,1.9132286310195923,1.9132286310195923,1.7866179503020034,1.8147536247371232,180894
1990-10-16,1.927295446395874,1.927295446395874,1.8850916719839637,1.9132273272459697,752094
1990-10-17,1.8710238933563232,1.9272953467298253,1.8710238933563232,1.8850915745003947,287909
1990-10-18,1.9132286310195923,1.9132286310195923,1.8710252651264627,1.8991609395615825,294699
1990-10-19,1.8710238933563232,1.913227228307424,1.8710238933563232,1.913227228307424,327292
1990-10-22,1.8710238933563232,1.8991595471633527,1.8569559206933652,1.8569559206933652,124670
1990-10-23,1.8288220167160034,1.8569576974434485,1.8288220167160034,1.8569576974434485,174647
1990-10-24,1.800686240196228,1.8288219194269204,1.800686240196228,1.8288219194269204,123040
1990-10-25,1.800686240196228,1.8288219194269204,1.7725505609655359,1.800686240196228,76323
1990-10-26,1.7444134950637817,1.772549300039274,1.744413495063782,1.772549300039274,86916
1990-10-29,1.758481740951538,1.7725498665748918,1.7444140526067382,1.7444140526067382,19556
1990-10-30,1.758481740951538,1.7725498665748918,1.7444140526067382,1.7444140526067382,66545
1990-10-31,1.758481740951538,1.7725498665748918,1.7444140526067382,1.7725498665748918,484827
1990-11-01,1.7444134950637817,1.7584811789123211,1.7303455196963002,1.744413495063782,343589
1990-11-02,1.772549033164978,1.7725490331649778,1.744413232425601,1.7584809141561155,773823
1990-11-05,1.758481740951538,1.7725498665748918,1.7584817409515383,1.7584817409515383,395195
1990-11-06,1.7303458452224731,1.7725496335051534,1.7303458452224731,1.7584815097315951,103484
1990-11-07,1.7303458452224731,1.7584815097315951,1.7022101807133514,1.7584815097315951,316700
1990-11-08,1.7162777185440063,1.7303454014310509,1.6881420612509948,1.7022097441380393,391936
1990-11-09,1.758481740951538,1.7584817409515383,1.6881427161894667,1.6881427161894667,238747
1990-11-12,1.8147531747817993,1.8428891337599054,1.7444140061341036,1.7584816941041288,250698
1990-11-13,1.885092854499817,1.885092854499817,1.8288215086768762,1.8428894908921536,356898
1990-11-14,1.927295446395874,1.927295446395874,1.8569560167219576,1.8710239901124115,190672
1990-11-15,1.8991600275039673,1.9554314951097989,1.8991600275039673,1.913227712206075,306650
1990-11-16,1.9132286310195923,1.9132286310195923,1.8710252651264627,1.8991609395615825,82842
1990-11-19,1.885092854499817,1.9132285274112872,1.885092854499817,1.885092854499817,65187
1990-11-20,1.8428878784179688,1.8850912050989284,1.8288199085117627,1.8710235267115516,189314
1990-11-21,1.8288220167160034,1.8569576974434485,1.8288220167160034,1.8569576974434485,62199
1990-11-23,1.8569566011428833,1.856956601142883,1.8147529592081038,1.828820937026028,148843
1990-11-26,1.8569566011428833,1.856956601142883,1.828820937026028,1.828820937026028,61656
1990-11-27,1.8710238933563232,1.8991595471633527,1.8288202668863358,1.8569559206933652,236574
1990-11-28,1.8991600275039673,1.927295834186623,1.8850920512828993,1.8850920512828993,152646
1990-11-29,1.9132286310195923,1.9132286310195923,1.8850929565844725,1.8850929565844725,22544
1990-11-30,1.9132286310195923,1.9272967597562523,1.8850929565844725,1.8850929565844725,95064
1990-12-03,1.9132286310195923,1.9272967597562523,1.9132286310195923,1.9272967597562523,32593
1990-12-04,1.9554328918457031,1.9695005865961508,1.913229078796439,1.9272972108256394,69261
1990-12-05,2.0257701873779297,2.0539058439361075,1.9554311917419436,1.9694988742615749,243636
1990-12-06,1.9694992303848267,2.0679741919040677,1.9694992303848264,2.0679741919040677,240105
1990-12-07,1.9694992303848267,1.9835672069671328,1.9413635687391815,1.9554315453214879,145856
1990-12-10,2.038494348526001,2.0527493843694575,1.98147361434945,1.9957286501929066,231957
1990-12-11,1.9957293272018433,2.0384950400423008,1.9957293272018433,2.0384950400423008,101583
1990-12-12,2.0242388248443604,2.038494154733978,1.9957284604664587,1.9957284604664587,90447
1990-12-13,2.0242388248443604,2.038494154733978,1.9957284604664587,2.038494154733978,55409
1990-12-14,1.9672201871871948,2.0242409765544616,1.9244545951617444,1.9814755322298356,96151
1990-12-17,1.9101983308792114,1.9387087118428667,1.8959432880981368,1.9387087118428667,117336
1990-12-18,1.9814749956130981,1.9814749956130981,1.8959436870246897,1.8959436870246897,119781
1990-12-19,2.009984254837036,2.024239292619472,1.967218550686924,1.967218550686924,110274
1990-12-20,2.038494348526001,2.0527493843694575,1.9957286501929066,2.0099839814377254,201808
1990-12-21,2.0242388248443604,2.052749189222262,2.0242388248443604,2.0242388248443604,185511
1990-12-24,2.0242388248443604,2.052749189222262,2.0242388248443604,2.0242388248443604,30692
1990-12-26,2.0242388248443604,2.052749189222262,2.0242388248443604,2.0242388248443604,50791
1990-12-27,2.0242388248443604,2.052749189222262,2.0099837903560767,2.0242388248443604,75780
1990-12-28,2.038494348526001,2.038494348526001,2.0099839814377254,2.0099839814377254,119509
1990-12-31,2.0242388248443604,2.052749189222262,2.0242388248443604,2.0242388248443604,41013
1991-01-02,2.009984254837036,2.052749663585746,2.009984254837036,2.024239292619472,102941
1991-01-03,2.009984254837036,2.03849462580331,2.009984254837036,2.03849462580331,23359
1991-01-04,2.0242388248443604,2.038494154733978,1.9957284604664587,2.0099837903560767,56767
1991-01-07,2.0242388248443604,2.0242388248443604,1.9957284604664587,2.0242388248443604,118966
1991-01-08,1.9957293272018433,2.0242397039616606,1.9957293272018433,1.9957293272018433,96694
1991-01-09,2.0242388248443604,2.0242388248443604,1.9957284604664587,2.0242388248443604,61656
1991-01-10,2.038494348526001,2.0670047156142766,1.9957286501929066,1.9957286501929066,236031
1991-01-11,2.0812599658966064,2.0812599658966064,2.0384945585586176,2.0384945585586176,226524
1991-01-14,2.067005157470703,2.067005157470703,2.0384947842878653,2.0384947842878653,144226
1991-01-15,2.067005157470703,2.0812601963614092,2.0527498231785715,2.067005157470703,381886
1991-01-16,2.1382815837860107,2.1382815837860107,2.0527500132170595,2.0527500132170595,295514
1991-01-17,2.1382815837860107,2.1810469998186703,2.1382815837860107,2.1667919596082683,96965
1991-01-18,2.1382815837860107,2.1667919596082683,2.1240261004734293,2.1382815837860107,756439
1991-01-21,2.1667914390563965,2.1667914390563965,2.138281070083495,2.138281070083495,41285
1991-01-22,2.1667914390563965,2.181046475842156,2.138281070083495,2.1667914390563965,378627
1991-01-23,2.1667914390563965,2.195301808029298,2.1667914390563965,2.181046475842156,378356
1991-01-24,2.2095556259155273,2.25232130348392,2.1667902437483537,2.1667902437483537,580978
1991-01-25,2.2238125801086426,2.2523229542495673,2.2095572453374626,2.2095572453374626,383788
1991-01-28,2.2238125801086426,2.2523229542495673,2.2238125801086426,2.2238125801086426,108916
1991-01-29,2.295088052749634,2.3378539034926615,2.2238122748809435,2.2238122748809435,362059
1991-01-30,2.337855100631714,2.352110440745982,2.295089227989683,2.295089227989683,534532
1991-01-31,2.295088052749634,2.3378539034926615,2.295088052749634,2.3235988660794815,280847
1991-02-01,2.323599100112915,2.323599100112915,2.2950882839114515,2.2950882839114515,90990
1991-02-04,2.3806207180023193,2.3806207180023193,2.2808340802152647,2.2950891242838587,291168
1991-02-05,2.4661526679992676,2.4661526679992676,2.3663660038436207,2.3663660038436207,950914
1991-02-06,2.4518959522247314,2.480406329055047,2.437640911510305,2.437640911510305,570114
1991-02-07,2.4661526679992676,2.480407568133948,2.4376421292258805,2.4661526679992676,608411
1991-02-08,2.437641143798828,2.4518961858716506,2.437641143798828,2.4518961858716506,185511
1991-02-11,2.480405569076538,2.480405569076538,2.43764016463481,2.451895200981595,162424
1991-02-12,2.480405569076538,2.4946610485253826,2.4661506804304394,2.4661506804304394,171930
1991-02-13,2.523171901702881,2.537426793089498,2.4661511545506936,2.4661511545506936,418826
1991-02-14,2.5089149475097656,2.5659362520098847,2.49466006448662,2.5231704213354234,519594
1991-02-15,2.537426471710205,2.537426471710205,2.50891610174511,2.50891610174511,255315
1991-02-19,2.523171901702881,2.537426793089498,2.5089164195134046,2.523171901702881,280847
1991-02-20,2.523171901702881,2.5516822752789747,2.5089164195134046,2.5516822752789747,308823
1991-02-21,2.551682949066162,2.551682949066162,2.5231725679617316,2.5231725679617316,255044
1991-02-22,2.551682949066162,2.5659384350198855,2.5231725679617316,2.5231725679617316,146127
1991-02-25,2.580193042755127,2.608703420683701,2.5659381491923146,2.580193042755127,328922
1991-02-26,2.565936803817749,2.594447166797741,2.565936803817749,2.5801916899064254,402801
1991-02-27,2.565936803817749,2.594447166797741,2.565936803817749,2.565936803817749,41013
1991-02-28,2.580193042755127,2.608703420683701,2.5659381491923146,2.5659381491923146,387590
1991-03-01,2.565936803817749,2.608702052886417,2.565936803817749,2.608702052886417,196919
1991-03-04,2.580193042755127,2.608703420683701,2.5659381491923146,2.5659381491923146,149930
1991-03-05,2.622957944869995,2.6372128332145572,2.594447577378138,2.594447577378138,347120
1991-03-06,2.637214183807373,2.6514696702553104,2.6087038017145336,2.637214183807373,450061
1991-03-07,2.622957944869995,2.6372128332145572,2.6087024657227,2.6087024657227,161609
1991-03-08,2.622957944869995,2.6372128332145572,2.622957944869995,2.622957944869995,99682
1991-03-11,2.6506171226501465,2.6650223292610495,2.6506171226501465,2.6506171226501465,154819
1991-03-12,2.665022134780884,2.665022134780884,2.6506169292212016,2.6506169292212016,104571
1991-03-13,2.6218068599700928,2.6506178784397583,2.6218068599700928,2.6506178784397583,162424
1991-03-14,2.6506171226501465,2.6650223292610495,2.6218061123955727,2.6218061123955727,103213
1991-03-15,2.592993974685669,2.6218049724129813,2.578588177305759,2.6218049724129813,213215
1991-03-18,2.520967721939087,2.592995558776249,2.506561915758505,2.564183946415086,123583
1991-03-19,2.506561279296875,2.5209670818195606,2.477750271284225,2.477750271284225,164054
1991-03-20,2.4921581745147705,2.5353744244455365,2.4921581745147705,2.5209692068130227,78496
1991-03-21,2.506561279296875,2.5353722873095252,2.506561279296875,2.5209670818195606,102669
1991-03-22,2.5353715419769287,2.5353715419769287,2.506560542433955,2.5353715419769287,107287
1991-03-25,2.5353715419769287,2.5353715419769287,2.506560542433955,2.506560542433955,43458
1991-03-26,2.5785889625549316,2.6073999690559644,2.5353721542870375,2.5353721542870375,233315
1991-03-27,2.6506171226501465,2.6506171226501465,2.5929951021409994,2.5929951021409994,321589
1991-03-28,2.7082388401031494,2.7226440451020877,2.6218058190114184,2.6218058190114184,432950
1991-04-01,2.7658605575561523,2.7658605575561523,2.6938327491875502,2.6938327491875502,274600
1991-04-02,2.7226433753967285,2.765860173828642,2.7226433753967285,2.7226433753967285,211314
1991-04-03,2.7226433753967285,2.7514543753404865,2.7226433753967285,2.7370491738848846,244179
1991-04-04,2.6362106800079346,2.7370494899727222,2.6362106800079346,2.7370494899727222,398183
1991-04-05,2.679426908493042,2.679426908493042,2.5785881201657244,2.665021111432356,174375
1991-04-08,2.693833112716675,2.693833112716675,2.6506168994896537,2.6506168994896537,218104
1991-04-09,2.693833112716675,2.7370499229764134,2.693833112716675,2.7226441205455947,182795
1991-04-10,2.7082388401031494,2.7226440451020877,2.6938330380715105,2.6938330380715105,74150
1991-04-11,2.7082388401031494,2.751455052132665,2.7082388401031494,2.7082388401031494,98867
1991-04-12,2.7658605575561523,2.780266059526609,2.7226437531284637,2.7226437531284637,128201
1991-04-15,2.8667004108428955,2.8667004108428955,2.765861561916039,2.765861561916039,604880
1991-04-16,2.924323797225952,2.9675403388931065,2.8378907138916425,2.8378907138916425,523125
1991-04-17,2.924323797225952,2.9675403388931065,2.9243237972259517,2.9243237972259517,141781
1991-04-18,2.8955118656158447,2.9243228844006084,2.8955118656158447,2.9243228844006084,360701
1991-04-19,2.8667004108428955,2.8955114252458753,2.8522946051249787,2.8811056195279585,216746
1991-04-22,2.8090765476226807,2.852293045597988,2.8090765476226807,2.852293045597988,61656
1991-04-23,2.8667004108428955,2.8667004108428955,2.823483590721999,2.823483590721999,174375
1991-04-24,2.9099152088165283,2.924321007479287,2.8378880066004175,2.8378880066004175,242550
1991-04-25,2.9387271404266357,2.9675381469235127,2.909915835413414,2.909915835413414,280304
1991-04-26,2.953134059906006,2.9963505903766205,2.9243230395922626,2.9243230395922626,351466
1991-04-29,2.8955118656158447,3.0107559407549,2.8955118656158447,2.967539412577754,260476
1991-04-30,2.8955118656158447,2.9387283937929904,2.8667008468310806,2.8667008468310806,300403
1991-05-01,2.981942892074585,2.9819428920745845,2.8955098945577573,2.8955098945577573,331367
1991-05-02,2.953134059906006,3.0107561005334924,2.953134059906006,2.981945080219749,89360
1991-05-03,2.9387271404266357,2.9819436501719516,2.9243216371781973,2.953132643675074,283291
1991-05-06,2.953134059906006,2.9675395700628773,2.9243230395922626,2.9675395700628773,114620
1991-05-07,2.9099152088165283,2.967537507918722,2.9099152088165283,2.9387265076257654,190943
1991-05-08,2.924323797225952,2.953134825004055,2.909917984820335,2.953134825004055,617102
1991-05-09,2.9387271404266357,2.953132643675074,2.9243216371781973,2.9243216371781973,281662
1991-05-10,2.9387271404266357,2.953132643675074,2.9387271404266357,2.953132643675074,230599
1991-05-13,2.9387271404266357,2.953132643675074,2.909915835413414,2.9387271404266357,254772
1991-05-14,2.8955118656158447,2.953133903185372,2.8811060577069907,2.9099170764917544,174918
1991-05-15,2.8667004108428955,2.9099166339309384,2.8522946051249787,2.8955114252458753,70348
1991-05-16,2.881103992462158,2.895509790044589,2.8522929943298125,2.8522929943298125,93163
1991-05-17,2.881103992462158,2.895509790044589,2.8666987919122437,2.8666987919122437,139337
1991-05-20,2.8522934913635254,2.8955102946091564,2.8522934913635254,2.8955102946091564,229241
1991-05-21,2.823482036590576,2.8811040336796148,2.823482036590576,2.8522930351350957,164597
1991-05-22,2.823482036590576,2.8522930351350957,2.823482036590576,2.823482036590576,56224
1991-05-23,2.823482036590576,2.8522930351350957,2.823482036590576,2.823482036590576,346849
1991-05-24,2.8522934913635254,2.8522934913635254,2.8234824882106446,2.8234824882106446,43458
1991-05-28,2.8667004108428955,2.8955114252458753,2.823483590721999,2.823483590721999,331638
1991-05-29,2.8667004108428955,2.8811056195279585,2.8667004108428955,2.8811056195279585,68718
1991-05-30,2.8667004108428955,2.8811056195279585,2.8667004108428955,2.8811056195279585,273785
1991-05-31,2.8667004108428955,2.8811056195279585,2.8522946051249787,2.8811056195279585,460382
1991-06-03,2.8378896713256836,2.8811058985997686,2.8378896713256836,2.8811058985997686,143140
1991-06-04,2.8522934913635254,2.8666992914562757,2.8234824882106446,2.8378882883033953,199906
1991-06-05,2.8955118656158447,2.8955118656158447,2.837889828046317,2.837889828046317,371294
1991-06-06,2.924323797225952,2.9387293111150035,2.881106957042232,2.881106957042232,215932
1991-06-07,3.039564847946167,3.0539706458472766,2.881104056196613,2.895509854097722,671968
1991-06-10,3.0093276500701904,3.0529410287833016,2.9802520642614496,3.023865442974561,386775
1991-06-11,2.9802520275115967,3.0238654056869056,2.9802520275115962,2.9802520275115962,152918
1991-06-12,2.9802520275115967,3.0093276129618025,2.9657142347864935,2.9802520275115962,227882
1991-06-13,2.9802520275115967,2.9947898202366994,2.9657142347864935,2.9657142347864935,149115
1991-06-14,2.9802520275115967,3.0238654056869056,2.9802520275115962,3.0238654056869056,95064
1991-06-17,2.9802520275115967,3.0093276129618025,2.9802520275115962,2.9802520275115962,101855
1991-06-18,3.0093276500701904,3.0093276500701904,2.9802520642614496,3.0093276500701904,102941
1991-06-19,2.965715169906616,3.009328561833671,2.965715169906616,2.9802529672156344,67088
1991-06-20,2.9366366863250732,2.9657125565798252,2.9220992030839885,2.9657125565798252,91533
1991-06-21,2.893024206161499,2.9366372670239778,2.893024206161499,2.9366372670239778,90990
1991-06-24,2.84941029548645,2.9220995273021897,2.820334723263179,2.9220995273021897,85286
1991-06-25,2.8057968616485596,2.849410218809847,2.79125907592813,2.8203346473689885,270797
1991-06-26,2.820336103439331,2.849411689891201,2.73310934408372,2.7912605169874607,417468
1991-06-27,2.84941029548645,2.84941029548645,2.8057969371515434,2.820334723263179,87459
1991-06-28,2.820336103439331,2.834873896665266,2.7912605169874607,2.8057983102133957,124670
1991-07-01,2.820336103439331,2.849411689891201,2.7912605169874607,2.8203361034393306,111089
1991-07-02,2.8639492988586426,2.8639492988586426,2.820335625316816,2.8494112068395956,673055
1991-07-03,2.84941029548645,2.863948382855647,2.820334723263179,2.863948382855647,254229
1991-07-05,2.84941029548645,2.878485867709722,2.84941029548645,2.878485867709722,253957
1991-07-08,2.84941029548645,2.863948382855647,2.84941029548645,2.84941029548645,264550
1991-07-09,2.834872245788574,2.8639481165659335,2.834872245788574,2.8494100305484875,136349
1991-07-10,2.834872245788574,2.8639481165659335,2.834872245788574,2.834872245788574,45088
1991-07-11,2.84941029548645,2.878485867709722,2.8348725093748146,2.8348725093748146,122497
1991-07-12,2.834872245788574,2.8639481165659335,2.834872245788574,2.8639481165659335,46989
1991-07-15,2.9802520275115967,2.9802520275115962,2.834873799002868,2.849411591727971,255044
1991-07-16,3.0238656997680664,3.052941288045972,2.965714523212256,2.965714523212256,307465
1991-07-17,3.052940845489502,3.0820167308102735,3.023865261426414,3.023865261426414,171387
1991-07-18,3.0820152759552,3.1110908462932616,3.0384016191905663,3.0384016191905663,113805
1991-07-19,3.0674777030944824,3.1110913671610403,3.052939915491494,3.0965532783004597,171116
1991-07-22,3.0965540409088135,3.125629623275422,3.0384028761755957,3.0529406673589,430505
1991-07-23,3.1256296634674072,3.1692433388358072,3.125629663467407,3.1401677560953205,176005
1991-07-24,3.0384037494659424,3.1692442089791824,3.023865954104221,3.125630521636267,211043
1991-07-25,2.9947903156280518,3.023865905887875,2.98025252049814,3.0093281107579632,140695
1991-07-26,2.9947903156280518,3.0093281107579632,2.965714725368228,3.0093281107579632,141238
1991-07-29,2.9947903156280518,2.9947903156280518,2.965714725368228,2.965714725368228,655671
1991-07-30,3.0238656997680664,3.038403493907019,2.9802523173512085,2.9802523173512085,618732
1991-07-31,3.052940845489502,3.0820167308102735,2.994789677363326,2.994789677363326,533718
1991-08-01,3.0820152759552,3.1110908462932616,3.052939404359597,3.0820152759552,509544
1991-08-02,3.1256296634674072,3.154705547465564,3.082016590614346,3.082016590614346,351466
1991-08-05,3.140169382095337,3.1692449798913565,3.1256312819395013,3.1547071809933467,490260
1991-08-06,3.1983184814453125,3.2128562708149637,3.140167323966708,3.154705113336359,474506
1991-08-07,3.1547062397003174,3.169244034260578,3.1256303493220603,3.1401684451400564,667894
1991-08-08,3.1692419052124023,3.198317474800401,3.1256282495728707,3.154704120418403,192845
1991-08-09,3.1983184814453125,3.227394060184615,3.16924290270601,3.16924290270601,146127
1991-08-12,3.1983184814453125,3.241931849554266,3.1983184814453125,3.227394060184615,47532
1991-08-13,3.241934299468994,3.3000855008921923,3.1983208984015956,3.1983208984015956,191215
1991-08-14,3.1983184814453125,3.2564696389239174,3.1983184814453125,3.2564696389239174,147485
1991-08-15,3.1837799549102783,3.2128555269174868,3.169242168906674,3.1983177409138825,179807
1991-08-16,3.111091136932373,3.1983178560953056,3.082015563878062,3.1983178560953056,139337
1991-08-19,3.0820152759552,3.0820152759552,2.965712693345412,2.9802504785144426,167313
1991-08-20,3.1547062397003174,3.154706239700317,3.0820172668990145,3.1110928560195354,94793
1991-08-21,3.256469488143921,3.271007276840448,3.1547049672682306,3.1837805446612846,197190
1991-08-22,3.271008014678955,3.2855458066547594,3.227394638751541,3.2564702227031503,139880
1991-08-23,3.271008014678955,3.300083598630564,3.2419324307273456,3.2564702227031503,290625
1991-08-26,3.256469488143921,3.3000828542335023,3.256469488143921,3.3000828542335023,114892
1991-08-27,3.1983184814453125,3.2564696389239174,3.1983184814453125,3.2564696389239174,62742
1991-08-28,3.1983184814453125,3.241931849554266,3.1983184814453125,3.241931849554266,32050
1991-08-29,3.1983184814453125,3.2564696389239174,3.1983184814453125,3.241931849554266,98052
1991-08-30,3.2128543853759766,3.2128543853759766,3.169241042861179,3.1983166045377107,162967
1991-09-03,3.2273945808410645,3.2273945808410645,3.1983189974111705,3.1983189974111705,74965
1991-09-04,3.1983184814453125,3.227394060184615,3.1983184814453125,3.1983184814453125,87459
1991-09-05,3.2273945808410645,3.2419323725560116,3.1983189974111705,3.1983189974111705,162696
1991-09-06,3.256469488143921,3.271007276840448,3.2419316994473935,3.256469488143921,87731
1991-09-09,3.2992868423461914,3.3139503178153107,3.2846233668770717,3.2846233668770717,25260
1991-09-10,3.2552974224090576,3.2992878624173447,3.240633942406295,3.284624382414582,343046
1991-09-11,3.225968360900879,3.255295301801863,3.225968360900879,3.255295301801863,77138
1991-09-12,3.225968360900879,3.284622242702847,3.225968360900879,3.269958772252355,224623
1991-09-13,3.2113051414489746,3.269959027835385,3.1673147266591672,3.269959027835385,199906
1991-09-16,3.1673169136047363,3.211307358768741,3.1673169136047363,3.1673169136047363,101311
1991-09-17,3.1233251094818115,3.167315843647493,3.108661936576145,3.137988890111819,633399
1991-09-18,3.0793354511260986,3.1233258924574185,3.0793354511260986,3.1086627158758917,84471
1991-09-19,3.152651071548462,3.152651071548462,3.0793337107666634,3.1086609589414578,579077
1991-09-20,3.181980609893799,3.1819806098937984,3.152653340611255,3.1673171271836735,118423
1991-09-23,3.225968360900879,3.240631831351371,3.167314479098911,3.196641419999895,95607
1991-09-24,3.2552974224090576,3.255297422409057,3.2259704624035326,3.2259704624035326,25532
1991-09-25,3.2699596881866455,3.269959688186646,3.225969264513202,3.2406327390710166,85286
1991-09-26,3.2846245765686035,3.2846245765686035,3.240634133960043,3.269961095699083,154547
1991-09-27,3.2699596881866455,3.299286637302275,3.269959688186646,3.269959688186646,70348
1991-09-30,3.3286142349243164,3.328614234924317,3.2552968478509823,3.2552968478509823,167041
1991-10-01,3.431258201599121,3.4459216761116984,3.3139501016363813,3.3286135761489586,500581
1991-10-02,3.3726043701171875,3.4605852189292134,3.372604370117188,3.4605852189292134,200721
1991-10-03,3.3579421043395996,3.387269064502757,3.328614840314203,3.387269064502757,222722
1991-10-04,3.3286142349243164,3.3579414936158343,3.328614234924317,3.328614234924317,53508
1991-10-07,3.2992868423461914,3.3432775726156936,3.2992868423461914,3.3286137932844304,154547
1991-10-08,3.2699596881866455,3.3139501118600894,3.269959688186646,3.2846231627444604,117880
1991-10-09,3.225968360900879,3.284622242702847,3.225968360900879,3.269958772252355,283563
1991-10-10,3.196641206741333,3.2259681456858194,3.13798732885236,3.2259681456858194,197462
1991-10-11,3.181980609893799,3.2259710580241734,3.152653340611255,3.2259710580241734,87459
1991-10-14,3.181980609893799,3.1819806098937984,3.137990161763424,3.152653340611255,99953
1991-10-15,3.2846245765686035,3.2992880574381234,3.167316729612442,3.167316729612442,347935
1991-10-16,3.3579421043395996,3.3579421043395996,3.284624400069467,3.284624400069467,164325
1991-10-17,3.2992868423461914,3.3286137932844304,3.2992868423461914,3.3139503178153107,49433
1991-10-18,3.3286142349243164,3.328614234924317,3.299287280094983,3.299287280094983,180079
1991-10-21,3.2992868423461914,3.3286137932844304,3.2992868423461914,3.3286137932844304,66002
1991-10-22,3.2846245765686035,3.328615019177164,3.2846245765686035,3.3139515383076437,187956
1991-10-23,3.2992868423461914,3.4312584254304106,3.2552964159388327,3.2846233668770717,328107
1991-10-24,3.2552974224090576,3.2992878624173447,3.255297422409057,3.255297422409057,130374
1991-10-25,3.2552974224090576,3.284624382414582,3.255297422409057,3.284624382414582,191486
1991-10-28,3.225968360900879,3.269958772252355,3.225968360900879,3.269958772252355,89089
1991-10-29,3.240631580352783,3.2552950496675366,3.2259681110380294,3.2259681110380294,42371
1991-10-30,3.240631580352783,3.2552950496675366,3.2259681110380294,3.2552950496675366,131732
1991-10-31,3.2992868423461914,3.2992868423461914,3.2406329404697134,3.2552964159388327,194474
1991-11-01,3.3432788848876953,3.3432788848876953,3.284624656126674,3.313951618576053,147214
1991-11-04,3.3579421043395996,3.3579421043395996,3.328614840314203,3.3579421043395996,43730
1991-11-05,3.4165942668914795,3.4165942668914795,3.3432769042040102,3.3432769042040102,111361
1991-11-06,3.3872671127319336,3.4165940559966685,3.387267112731934,3.387267112731934,87187
1991-11-07,3.4019317626953125,3.4165952394066847,3.38726828598394,3.38726828598394,174918
1991-11-08,3.4165942668914795,3.431257739428973,3.3872673218164917,3.3872673218164917,114077
1991-11-11,3.4165942668914795,3.431257739428973,3.401930794353986,3.401930794353986,32050
1991-11-12,3.4165942668914795,3.4459212119664673,3.3872673218164917,3.4459212119664673,49433
1991-11-13,3.3579421043395996,3.401932544584336,3.3579421043395996,3.387269064502757,96965
1991-11-14,3.3579421043395996,3.3726055844211786,3.343278624258021,3.3726055844211786,53508
1991-11-15,3.2846245765686035,3.3432788039089396,3.269961095699083,3.3432788039089396,130917
1991-11-18,3.2699596881866455,3.269959688186646,3.225969264513202,3.255296213628831,35853
1991-11-19,3.196641206741333,3.2552950846303057,3.1673142677968467,3.2259681456858194,218919
1991-11-20,3.240631580352783,3.240631580352783,3.211304641723276,3.211304641723276,68446
1991-11-21,3.2552974224090576,3.284624382414582,3.255297422409057,3.255297422409057,110546
1991-11-22,3.2846245765686035,3.2846245765686035,3.255297614829563,3.255297614829563,79039
1991-11-25,3.2552974224090576,3.284624382414582,3.240633942406295,3.255297422409057,84743
1991-11-26,3.240631580352783,3.2846219882970438,3.2259681110380294,3.2846219882970438,75237
1991-11-27,3.225968360900879,3.255295301801863,3.211304890450387,3.211304890450387,70348
1991-11-29,3.196641206741333,3.2406316151580628,3.196641206741333,3.211304676213576,16297
1991-12-02,3.225968360900879,3.240631831351371,3.167314479098911,3.196641419999895,68446
1991-12-03,3.2992868423461914,3.2992868423461914,3.211305989531474,3.2552964159388327,172745
1991-12-04,3.313952922821045,3.3432802006747804,3.299289435825368,3.3286164098167212,19828
1991-12-05,3.2992868423461914,3.3432775726156936,3.2992868423461914,3.3432775726156936,77409
1991-12-06,3.3579421043395996,3.3726055844211786,3.2992878801510455,3.2992878801510455,116250
1991-12-09,3.4306957721710205,3.4306957721710205,3.371545934880719,3.4011208535258697,67088
1991-12-10,3.4159083366394043,3.430695796064971,3.4011208772138377,3.4159083366394043,28248
1991-12-11,3.38633394241333,3.4011214041298317,3.38633394241333,3.4011214041298317,28248
1991-12-12,3.371546506881714,3.4011214305444093,3.3419712767875818,3.3863339687130614,174647
1991-12-13,3.356757879257202,3.371545643734179,3.3271829631659644,3.3419704212115833,127114
1991-12-16,3.3419718742370605,3.3715471096184033,3.341971874237061,3.3567593387119863,48347
1991-12-17,3.3271830081939697,3.3715456893625606,3.3123955499482265,3.3715456893625606,124127
1991-12-18,3.3123958110809326,3.327183270492445,3.268033432846396,3.327183270492445,116793
1991-12-19,3.297609329223633,3.3123967930187894,3.2680344016333187,3.2828218654284758,203709
1991-12-20,3.3419718742370605,3.341971874237061,3.2680345518624323,3.2680345518624323,106200
1991-12-23,3.371546506881714,3.3715465068817134,3.327183814956234,3.3419712767875818,365861
1991-12-24,3.4306957721710205,3.4454832314935957,3.356758169126759,3.356758169126759,220549
1991-12-26,3.4454824924468994,3.4454824924468994,3.4159075801454875,3.4159075801454875,43458
1991-12-27,3.4306957721710205,3.460270690816171,3.415908312848445,3.460270690816171,62471
1991-12-30,3.489844799041748,3.5194197108189464,3.415907519598752,3.415907519598752,256673
1991-12-31,3.5342066287994385,3.5342066287994385,3.489843965300787,3.5194188700123945,224352
1992-01-02,3.489844799041748,3.534207473138859,3.489844799041748,3.489844799041748,116793
1992-01-03,3.5342066287994385,3.5342066287994385,3.489843965300787,3.489843965300787,131460
1992-01-06,3.519421339035034,3.5342091081963227,3.504633876305201,3.5342091081963227,264278
1992-01-07,3.489844799041748,3.5194197108189464,3.460269887264549,3.504632254930347,200721
1992-01-08,3.489844799041748,3.489844799041748,3.460269887264549,3.460269887264549,161881
1992-01-09,3.519421339035034,3.5489962644947006,3.4898464135753677,3.4898464135753677,407418
1992-01-10,3.5342066287994385,3.5785686794356097,3.5194188700123945,3.5194188700123945,190672
1992-01-13,3.5933587551116943,3.5933587551116943,3.5342089075504464,3.5637838313310706,152374
1992-01-14,3.6525073051452637,3.6525073051452637,3.5637825653222355,3.5637825653222355,181980
1992-01-15,3.622931718826294,3.6672940804964576,3.6229317188262935,3.6377191727163485,277859
1992-01-16,3.5933587551116943,3.667296064563254,3.578570986789945,3.6229336788923185,132818
1992-01-17,3.4602692127227783,3.608143742782243,3.415906853704939,3.59335659620755,409863
1992-01-20,3.253246545791626,3.4602713204068847,3.2532465457916255,3.4602713204068847,341688
1992-01-21,3.2088847160339355,3.2828220389171165,3.17930948044917,3.2828220389171165,928641
1992-01-22,3.253246545791626,3.2532465457916255,3.1645217737128464,3.208884159752236,217561
1992-01-23,3.2828211784362793,3.3123960998374833,3.253246257035075,3.268033717735677,572286
1992-01-24,3.3271830081939697,3.3567579246854558,3.2680331752109977,3.2976080917024837,316971
1992-01-27,3.3271830081939697,3.3567579246854558,3.3271830081939697,3.3271830081939697,293613
1992-01-28,3.4159083366394043,3.430695796064971,3.3419707330801858,3.3419707330801858,170572
1992-01-29,3.4159083366394043,3.445483255490537,3.3863334177882716,3.3863334177882716,117608
1992-01-30,3.4306957721710205,3.4454832314935957,3.4011208535258697,3.4306957721710205,298230
1992-01-31,3.401120662689209,3.445483038167765,3.401120662689209,3.445483038167765,93163
1992-02-03,3.4454824924468994,3.4454824924468994,3.4011201239947817,3.430695036296193,78767
1992-02-04,3.4454824924468994,3.4454824924468994,3.4159075801454875,3.430695036296193,65458
1992-02-05,3.489844799041748,3.5194197108189464,3.415907519598752,3.4454824313759502,153189
1992-02-06,3.5046334266662598,3.534208654762926,3.475058505001009,3.4898459658336343,117880
1992-02-07,3.519421339035034,3.519421339035034,3.475058950845535,3.475058950845535,44544
1992-02-10,3.475057601928711,3.5194199728980213,3.475057601928711,3.489845058918481,79311
1992-02-11,3.5046334266662598,3.519420887498885,3.475058505001009,3.519420887498885,48347
1992-02-12,3.475057601928711,3.504632515908251,3.4454826879491707,3.504632515908251,65730
1992-02-13,3.5046334266662598,3.5046334266662598,3.475058505001009,3.475058505001009,282476
1992-02-14,3.4454824924468994,3.460269948597605,3.4159075801454875,3.430695036296193,94249
1992-02-18,3.2828211784362793,3.401121170472509,3.282821178436279,3.371546249071305,415838
1992-02-19,3.2236697673797607,3.2976070349136952,3.208882313872974,3.2384572208865476,853405
1992-02-20,3.3123958110809326,3.3123958110809326,3.223671054611859,3.223671054611859,1213291
1992-02-21,3.297609329223633,3.3419717206091035,3.2828218654284758,3.2976093292236324,213759
1992-02-24,3.2828211784362793,3.297608639136881,3.2384587963344726,3.297608639136881,154819
1992-02-25,3.2088847160339355,3.2828220389171165,3.2088847160339355,3.2532471097638442,262377
1992-02-26,3.2680320739746094,3.2828195272373897,3.223669714186268,3.223669714186268,265365
1992-02-27,3.297609329223633,3.2976093292236324,3.2680344016333187,3.2828218654284758,128201
1992-02-28,3.253246545791626,3.2976089318310153,3.2532465457916255,3.2680340078047556,132818
1992-03-02,3.2828211784362793,3.297608639136881,3.253246257035075,3.253246257035075,120053
1992-03-03,3.297609329223633,3.2976093292236324,3.2680344016333187,3.2976093292236324,98052
1992-03-04,3.253246545791626,3.2976089318310153,3.238459083778496,3.2976089318310153,293884
1992-03-05,3.2088847160339355,3.26803457434048,3.2088847160339355,3.223672180610572,187684
1992-03-06,3.2088847160339355,3.238459645187208,3.2088847160339355,3.223672180610572,264278
1992-03-09,3.223808765411377,3.2685838184238856,3.2088834384586193,3.2685838184238856,62742
1992-03-10,3.1342570781707764,3.223807457136682,3.1193320665567583,3.223807457136682,702932
1992-03-11,3.1939592361450195,3.1939592361450195,3.134258846720367,3.134258846720367,759156
1992-03-12,3.164107322692871,3.193957345090836,3.1491820022121018,3.193957345090836,909629
1992-03-13,3.223808765411377,3.223808765411377,3.1641086947280317,3.179033403116947,274328
1992-03-16,3.2685835361480713,3.2685835361480713,3.1939584542385338,3.2238084870023487,561150
1992-03-17,3.3282835483551025,3.3432085644979046,3.2536584676410922,3.2835084999266964,738785
1992-03-18,3.3581323623657227,3.3730573730939772,3.313357330180959,3.343207351637468,502211
1992-03-19,3.3282835483551025,3.3581335806407067,3.3282835483551025,3.3432085644979046,466086
1992-03-20,3.283508539199829,3.35813362080641,3.2835085391998295,3.35813362080641,1037829
1992-03-23,3.2536582946777344,3.313358356075308,3.223808263978947,3.283508325376521,196375
1992-03-24,3.2387354373931885,3.253660462687566,3.2238104120988114,3.238735437393189,192573
1992-03-25,3.313359498977661,3.313359498977661,3.238734396489688,3.253659416987283,241191
1992-03-26,3.3730595111846924,3.3730595111846924,3.298434410240597,3.3133594304294163,443542
1992-03-27,3.4476845264434814,3.447684526443481,3.3581341062875034,3.3879841432455167,142868
1992-03-30,3.4476845264434814,3.4775345634014942,3.4178344894854678,3.4178344894854678,401714
1992-03-31,3.4327595233917236,3.4775345790299683,3.4327595233917236,3.4327595233917236,90447
1992-04-01,3.4626080989837646,3.4775331112302865,3.4178330622442,3.4178330622442,205882
1992-04-02,3.4476845264434814,3.4775345634014942,3.4327595079644744,3.4775345634014942,669524
1992-04-03,3.4327595233917236,3.4775345790299683,3.4029094862995604,3.447684541937805,269982
1992-04-06,3.4626080989837646,3.4775331112302865,3.432758074490722,3.432758074490722,171659
1992-04-07,3.4476845264434814,3.4775345634014942,3.4327595079644744,3.4775345634014942,414208
1992-04-08,3.343207597732544,3.417832966148803,3.3432075977325444,3.417832966148803,175733
1992-04-09,3.387983560562134,3.3879835605621342,3.2984334650893947,3.3432085128257643,252871
1992-04-10,3.4327595233917236,3.447684541937805,3.313359065741132,3.373059139925458,199363
1992-04-13,3.4775350093841553,3.4775350093841553,3.4178349278117857,3.4476849685979705,111361
1992-04-14,3.5521600246429443,3.5521600246429443,3.462609904470269,3.4924599445278273,117608
1992-04-15,3.656635284423828,3.656635284423828,3.5372348211059994,3.552159840360484,372108
1992-04-16,3.656635284423828,3.7611107284871723,3.6267852459148595,3.6417099558873898,243908
1992-04-20,3.4476845264434814,3.656635094431512,3.447684526443481,3.656635094431512,409319
1992-04-21,3.4775350093841553,3.4775350093841553,3.4476849685979705,3.4775350093841553,346034
1992-04-22,3.4476845264434814,3.4924595818805013,3.447684526443481,3.4924595818805013,95336
1992-04-23,3.4626080989837646,3.4775331112302865,3.462608098983765,3.4775331112302865,76323
1992-04-24,3.4775350093841553,3.4775350093841553,3.4476849685979705,3.4775350093841553,22001
1992-04-27,3.4775350093841553,3.4775350093841553,3.4476849685979705,3.4775350093841553,162967
1992-04-28,3.4775350093841553,3.4775350093841553,3.4476849685979705,3.4476849685979705,82298
1992-04-29,3.5820090770721436,3.5820090770721436,3.4775339656764737,3.507383997503808,217018
1992-04-30,3.656635284423828,3.7163353614417654,3.596935207405891,3.611859917378421,219462
1992-05-01,3.611859083175659,3.671559455687024,3.6118590831756596,3.6566344398796535,96965
1992-05-04,3.656635284423828,3.671560303678312,3.611859917378421,3.611859917378421,129016
1992-05-05,3.656635284423828,3.6864853229327967,3.656635284423828,3.656635284423828,209413
1992-05-06,3.701409339904785,3.701409339904785,3.656634294265699,3.6864843246917562,823528
1992-05-07,3.611859083175659,3.7163345031091355,3.5969343766501716,3.6864844714943943,385146
1992-05-08,3.611859083175659,3.6417091147904004,3.5969343766501716,3.6417091147904004,346034
1992-05-11,3.5969347953796387,3.641709538732224,3.582009468552886,3.641709538732224,305835
1992-05-12,3.5223090648651123,3.626784487068658,3.507384048733447,3.5820091293917735,234944
1992-05-13,3.4775350093841553,3.522310070563433,3.4029099074186933,3.4924600297772477,336256
1992-05-14,3.507382392883301,3.5521574201398156,3.477532374712291,3.537232411054311,474506
1992-05-15,3.567082405090332,3.5820071034990755,3.462607041975411,3.507382065046785,258846
1992-05-18,3.626786231994629,3.626786231994629,3.5521608061504932,3.5820108527753325,153732
1992-05-19,3.7611091136932373,3.7611091136932373,3.6267836887921794,3.6417083923569398,299316
1992-05-20,3.776033401489258,3.8058834238957173,3.7461833790827987,3.7611086995678153,348750
1992-05-21,3.776033401489258,3.790958721974275,3.7461833790827987,3.790958721974275,141238
1992-05-22,3.7461862564086914,3.7760363017420158,3.7461862564086914,3.7760363017420158,173017
1992-05-26,3.701409339904785,3.7760344159699284,3.701409339904785,3.7760344159699284,225438
1992-05-27,3.73125958442688,3.73125958442688,3.686484536218645,3.7014095522880566,110274
1992-05-28,3.7461862564086914,3.7461862564086914,3.701411188408704,3.701411188408704,159708
1992-05-29,3.8208115100860596,3.835736222810798,3.7163360467568025,3.7163360467568025,272698
1992-06-01,3.8208115100860596,3.8506615540995583,3.761111422059062,3.790961466072561,337885
1992-06-02,3.910360097885132,3.940210130110546,3.8506600334343037,3.8655847402651218,133633
1992-06-03,3.910360097885132,3.910360097885132,3.880510065659718,3.910360097885132,662190
1992-06-04,3.8805124759674072,3.9103625267336213,3.865587141302219,3.9103625267336213,283563
1992-06-05,3.8805124759674072,3.8954375013505143,3.8208123744349782,3.8954375013505143,472333
1992-06-08,3.8655827045440674,3.8805080220785846,3.8506580055730018,3.8655827045440674,237932
1992-06-09,3.865582227706909,3.9107060018543627,3.8505413852424857,3.865582227706909,501939
1992-06-10,3.865582227706909,3.895664536012848,3.865582227706909,3.895664536012848,72249
1992-06-11,3.865582227706909,3.895664536012848,3.865582227706909,3.8806236935484244,393294
1992-06-12,3.9107091426849365,3.9257503089180052,3.865585332296935,3.865585332296935,320774
1992-06-15,3.9107091426849365,3.9558329530729384,3.895667664763072,3.895667664763072,207783
1992-06-16,3.925750255584717,3.955832899330962,3.9107090895559904,3.9407914216134436,62742
1992-06-17,3.8806257247924805,3.9407903728964646,3.865584251077775,3.925749210870469,155090
1992-06-18,3.715172529220581,3.8655841453673006,3.700131367605909,3.8505432954413292,336799
1992-06-19,3.700132369995117,3.7602970327527916,3.700132369995117,3.745255867063373,278674
1992-06-22,3.624925374984741,3.7001311792293143,3.579801580749313,3.6700485458428003,663820
1992-06-23,3.624925374984741,3.65500769668257,3.609883902447142,3.6399662241449713,140967
1992-06-24,3.624925374984741,3.65500769668257,3.624925374984741,3.624925374984741,250698
1992-06-25,3.700132369995117,3.730214701373954,3.6399673955486573,3.6399673955486573,838466
1992-06-26,3.715172529220581,3.730213690835253,3.700131367605909,3.700131367605909,90175
1992-06-29,3.7302136421203613,3.745254803538603,3.700131319283879,3.700131319283879,209684
1992-06-30,3.8054182529449463,3.820459721323466,3.730212469495338,3.7753359395651027,486457
1992-07-01,3.8505451679229736,3.865586025163164,3.8054213494469957,3.8204628300648897,250969
1992-07-02,3.820462465286255,3.8956679910619725,3.7753386511187084,3.8806271352578867,438110
1992-07-06,3.7903778553009033,3.7903778553009033,3.775336385147122,3.7903778553009033,375368
1992-07-07,3.8505451679229736,3.9257510125681847,3.8204628300648897,3.8204628300648897,269167
1992-07-08,3.8505451679229736,3.850545167922974,3.8204628300648897,3.8204628300648897,89632
1992-07-09,3.985912322998047,3.985912322998047,3.8204593057189378,3.8204593057189378,406875
1992-07-10,3.985912322998047,4.015994633105419,3.9407885461484247,3.9407885461484247,262377
1992-07-13,4.0159993171691895,4.03104017807723,3.985916971975252,4.03104017807723,419097
1992-07-14,4.0159993171691895,4.046081662363126,3.985916971975252,4.046081662363126,262377
1992-07-15,3.985912322998047,4.015994633105419,3.9558300128906754,4.015994633105419,171116
1992-07-16,3.970874547958374,3.970874547958374,3.9257510408462135,3.970874547958374,177906
1992-07-17,3.970874547958374,3.970874547958374,3.9257510408462135,3.9558336906098415,189585
1992-07-20,3.985912322998047,3.985912322998047,3.910706236041053,3.910706236041053,550014
1992-07-21,3.985912322998047,4.000953166363169,3.9407885461484247,4.000953166363169,129016
1992-07-22,3.895667791366577,3.9558330816317278,3.8655854579228084,3.940791603221037,290625
1992-07-23,3.925750255584717,3.925750255584717,3.865585279781018,3.865585279781018,124670
1992-07-24,3.9558324813842773,3.9558324813842773,3.8956672002484463,3.8956672002484463,87459
1992-07-27,3.985912322998047,4.000953166363169,3.910706236041053,3.9407885461484247,391393
1992-07-28,4.06112003326416,4.06112003326416,3.9708730530157563,3.9708730530157563,862911
1992-07-29,4.076164245605469,4.076164245605469,4.04608189865472,4.04608189865472,346034
1992-07-30,4.0009565353393555,4.076162685623138,3.985915679309191,4.0611212062153195,363145
1992-07-31,4.0009565353393555,4.015998014747173,3.985915679309191,4.0009565353393555,105114
1992-08-03,3.9558324813842773,4.0009556630142535,3.9558324813842773,4.0009556630142535,87459
1992-08-04,3.940791130065918,3.970873459897821,3.9407911300659175,3.970873459897821,42643
1992-08-05,3.925750255584717,3.970873753670897,3.925750255584717,3.970873753670897,36396
1992-08-06,3.8806257247924805,3.9107080488444725,3.88062572479248,3.9107080488444725,58668
1992-08-07,3.865582227706909,3.9107060018543627,3.835499919400971,3.8806236935484244,99953
1992-08-10,3.820462465286255,3.8505448002720706,3.820462465286255,3.8505448002720706,43458
1992-08-11,3.8505451679229736,3.850545167922974,3.8204628300648897,3.850545167922974,94793
1992-08-12,3.8505451679229736,3.880627505781058,3.8204628300648897,3.8204628300648897,99682
1992-08-13,3.8054182529449463,3.8806243480831526,3.760294782875181,3.8505420347033095,189857
1992-08-14,3.8505451679229736,3.865586025163164,3.760297842659869,3.760297842659869,359614
1992-08-17,3.895667791366577,3.9107092697772683,3.8655854579228084,3.8655854579228084,272155
1992-08-18,3.7903778553009033,3.8956656528682916,3.7903778553009033,3.8806248060917805,257217
1992-08-19,3.8054182529449463,3.8355005663247894,3.760294782875181,3.8355005663247894,142868
1992-08-20,3.8054182529449463,3.805418252944946,3.760294782875181,3.760294782875181,93435
1992-08-21,3.8355016708374023,3.835501670837403,3.790378499462079,3.790378499462079,73335
1992-08-24,3.7602968215942383,3.805420316128595,3.7452556567494524,3.790379462972577,130645
1992-08-25,3.655008554458618,3.7452555407317285,3.6399670783910087,3.7452555407317285,228697
1992-08-26,3.7302136421203613,3.7302136421203613,3.6550078350291555,3.6850901578656377,90175
1992-08-27,3.8505451679229736,3.865586025163164,3.730215504801785,3.745256673730827,451148
1992-08-28,3.8355016708374023,3.8655839928800773,3.805419348794728,3.8655839928800773,69533
1992-08-31,3.8054182529449463,3.820459721323466,3.760294782875181,3.805418252944946,208870
1992-09-01,3.8054182529449463,3.805418252944946,3.7753359395651027,3.7903774079436228,72520
1992-09-02,3.820462465286255,3.820462465286255,3.7753386511187084,3.8054209861045245,57310
1992-09-03,3.8054182529449463,3.820459721323466,3.7903774079436228,3.7903774079436228,44544
1992-09-04,3.8054182529449463,3.820459721323466,3.7903774079436228,3.7903774079436228,131460
1992-09-08,3.7602968215942383,3.790379462972577,3.730214491904667,3.790379462972577,111361
1992-09-09,3.820948362350464,3.820948362350464,3.729973229278848,3.7754606387134086,223808
1992-09-10,3.820948362350464,3.8361105179594888,3.7754606387134086,3.820948362350464,145856
1992-09-11,3.851271867752075,3.851271867752075,3.8057841610547336,3.8057841610547336,187141
1992-09-14,3.8815958499908447,3.8815958499908447,3.8512709290521956,3.8512709290521956,150473
1992-09-15,3.8664348125457764,3.896759747109712,3.8361098779818406,3.8664348125457764,140695
1992-09-16,3.805785655975342,3.851273380540357,3.805785655975342,3.836110596217017,200450
1992-09-17,3.805785655975342,3.836110596217017,3.805785655975342,3.820948440298681,235759
1992-09-18,3.805785655975342,3.836110596217017,3.805785655975342,3.836110596217017,153189
1992-09-21,3.805785655975342,3.820948440298681,3.775460715733666,3.805785655975342,93435
1992-09-22,3.7906224727630615,3.8057849400315384,3.760297538226109,3.760297538226109,31779
1992-09-23,3.7602968215942383,3.8057842147307466,3.7451343572154023,3.8057842147307466,228154
1992-09-24,3.7299702167510986,3.7906200470130624,3.729970216751099,3.7906200470130624,310996
1992-09-25,3.7602968215942383,3.7602968215942383,3.7299718928365664,3.7602968215942383,81484
1992-09-28,3.745133638381958,3.745133638381958,3.7148087154447906,3.7148087154447906,46717
1992-09-29,3.745133638381958,3.745133638381958,3.7148087154447906,3.7148087154447906,66545
1992-09-30,3.7906224727630615,3.790622472763062,3.71481013642068,3.7451350709576325,227611
1992-10-01,3.836108922958374,3.836108922958374,3.790621532436843,3.8209467736535614,226796
1992-10-02,3.851271867752075,3.851271867752075,3.8057841610547336,3.836109089384709,191215
1992-10-05,3.851271867752075,3.851271867752075,3.8209469394220994,3.8209469394220994,322132
1992-10-06,3.9725711345672607,4.002896059488808,3.85127143488107,3.85127143488107,487544
1992-10-07,3.9725711345672607,3.9725711345672607,3.957408672106487,3.957408672106487,17383
1992-10-08,3.927084445953369,3.9725721592713503,3.911922293783941,3.9725721592713503,78224
1992-10-09,3.8815958499908447,3.9270829171965174,3.8815958499908447,3.9270829171965174,174103
1992-10-12,3.8815958499908447,3.896757996257868,3.8815958499908447,3.8815958499908447,243093
1992-10-13,3.851271867752075,3.8815967960820505,3.8209469394220994,3.8815967960820505,137707
1992-10-14,3.8815958499908447,3.8815958499908447,3.80578323344192,3.836108154380569,286007
1992-10-15,3.9119231700897217,3.9119231700897217,3.836110507045322,3.836110507045322,351738
1992-10-16,3.9422459602355957,3.9574084217371013,3.8967582615287557,3.8967582615287557,210228
1992-10-19,3.9725711345672607,3.9877339112303773,3.9119212847241656,3.9119212847241656,121954
1992-10-20,3.9877352714538574,4.033222360149562,3.9877352714538574,4.018060206719293,401986
1992-10-21,4.033221244812012,4.0483840224541,3.9877341686951966,3.9877341686951966,366133
1992-10-22,4.018060207366943,4.033222360799655,4.002897425529332,4.002897425529332,198548
1992-10-23,4.002896785736084,4.033221716159496,4.002896785736084,4.002896785736084,127929
1992-10-26,3.9877352714538574,4.033222360149562,3.9877352714538574,4.002897424884125,100496
1992-10-27,4.018060207366943,4.018060207366943,3.9877352720966193,3.9877352720966193,233858
1992-10-28,4.063547134399414,4.078709915633766,3.987735113442279,4.018060047506109,154276
1992-10-29,4.078711032867432,4.078711032867432,4.048386090497045,4.078711032867432,66002
1992-10-30,4.048384666442871,4.078709598146201,4.048384666442871,4.048384666442871,119781
1992-11-02,4.154522895812988,4.154522895812988,4.048385916286458,4.078710857351898,288724
1992-11-03,4.200010776519775,4.200010776519775,4.139360892151987,4.169685834335882,77409
1992-11-04,4.1241960525512695,4.184846220911081,4.1241960525512695,4.154520979629992,142053
1992-11-05,4.1696858406066895,4.1696858406066895,4.124198113059918,4.124198113059918,94249
1992-11-06,4.1696858406066895,4.1696858406066895,4.1393608983771895,4.1393608983771895,23087
1992-11-09,4.139359951019287,4.169684886308446,4.139359951019287,4.139359951019287,40470
1992-11-10,4.230334281921387,4.230334281921387,4.139359486268202,4.139359486268202,127929
1992-11-11,4.215170860290527,4.245495783039029,4.215170860290527,4.230333007462458,106472
1992-11-12,4.184845447540283,4.230332829752176,4.184845447540283,4.215170683217186,133361
1992-11-13,4.215170860290527,4.215170860290527,4.1696831619654535,4.1696831619654535,185239
1992-11-16,4.184845447540283,4.215170683217186,4.154520211863381,4.215170683217186,272970
1992-11-17,4.139359951019287,4.184847353953026,4.124197169172257,4.184847353953026,50248
1992-11-18,4.154522895812988,4.154522895812988,4.109035798417339,4.124197954747548,190672
1992-11-19,4.109033107757568,4.154520175367568,4.109033107757568,4.109033107757568,181708
1992-11-20,4.109033107757568,4.154520175367568,4.0938703329511625,4.109033107757568,188770
1992-11-23,4.109033107757568,4.109033107757568,4.06354541174296,4.0938703329511625,67903
1992-11-24,4.063547134399414,4.124197002527072,4.063547134399414,4.093872068463243,134176
1992-11-25,4.078711032867432,4.0938731898501,4.048386090497045,4.063548247479715,164868
1992-11-27,4.048384666442871,4.078709598146201,4.048384666442871,4.078709598146201,126028
1992-11-30,4.063547134399414,4.063547134399414,4.033222200335585,4.033222200335585,335441
1992-12-01,4.078711032867432,4.078711032867432,4.048386090497045,4.078711032867432,99953
1992-12-02,4.1241960525512695,4.139358830292996,4.048384049056827,4.07870897613555,144498
1992-12-03,4.230334281921387,4.245497062066,4.093871774239195,4.139359486268202,269982
1992-12-04,4.306149005889893,4.306149005889893,4.245499112824597,4.245499112824597,245809
1992-12-07,4.366798400878906,4.397123343952696,4.275823571657536,4.306148514731326,559792
1992-12-08,4.4122843742370605,4.4122843742370605,4.381959441068771,4.397121907652916,165140
1992-12-09,4.488621234893799,4.51915602802972,4.412284252053996,4.412284252053996,214845
1992-12-10,4.503890514373779,4.549692403631566,4.488622796118601,4.519157599875083,131732
1992-12-11,4.427552700042725,4.534424817774435,4.381750499462092,4.503890017387348,398183
1992-12-14,4.335948467254639,4.427552871973077,4.335948467254639,4.427552871973077,447888
1992-12-15,4.335948467254639,4.381750669613858,4.320680750091317,4.381750669613858,171930
1992-12-16,4.351214408874512,4.366482122027968,4.335947328474719,4.335947328474719,99138
1992-12-17,4.442819118499756,4.442819118499756,4.335947340760567,4.366482134400336,553274
1992-12-18,4.442819118499756,4.45808651531964,4.427551721679872,4.427551721679872,286279
1992-12-21,4.351214408874512,4.458086502687713,4.351214408874512,4.458086502687713,187684
1992-12-22,4.2901434898376465,4.381748158434372,4.2901434898376465,4.381748158434372,408776
1992-12-23,4.305413722991943,4.335948524971211,4.274878921012676,4.320680807604657,229241
1992-12-24,4.320677280426025,4.320677280426025,4.274875431224317,4.305410208276563,145312
1992-12-28,4.305413722991943,4.335948524971211,4.290146005625391,4.320680807604657,68446
1992-12-29,4.366481304168701,4.397016092002662,4.305411728500778,4.305411728500778,424258
1992-12-30,4.427552700042725,4.458087500429813,4.381750499462092,4.397017899655636,322675
1992-12-31,4.427552700042725,4.458087500429813,4.397017899655636,4.458087500429813,96422
1993-01-04,4.335948467254639,4.427552871973077,4.305413665681826,4.427552871973077,199906
1993-01-05,4.305413722991943,4.366483326950477,4.259611203646124,4.366483326950477,668437
1993-01-06,4.2901434898376465,4.3206782739109775,4.2596087057643155,4.305411198251046,213487
1993-01-07,4.259609222412109,4.290144010189003,4.259609222412109,4.290144010189003,764588
1993-01-08,4.229074001312256,4.2748764946613145,4.198539216664043,4.259608785960469,136349
1993-01-11,4.259609222412109,4.274876932677328,4.198539646858322,4.198539646858322,162152
1993-01-12,4.259609222412109,4.290144010189003,4.229074434635216,4.290144010189003,101040
1993-01-13,4.274877548217773,4.290144627927758,4.22907504358055,4.22907504358055,193659
1993-01-14,4.274877548217773,4.290144627927758,4.244342756044169,4.290144627927758,44001
1993-01-15,4.2901434898376465,4.3206782739109775,4.244341630104384,4.244341630104384,104571
1993-01-18,4.320677280426025,4.335944985328809,4.2901425033737794,4.2901425033737794,300674
1993-01-19,4.320677280426025,4.351212057478271,4.2901425033737794,4.305410208276563,304205
1993-01-20,4.442819118499756,4.442819118499756,4.320679627563851,4.320679627563851,195832
1993-01-21,4.458085536956787,4.48862032389545,4.397015963079461,4.442818143487456,159708
1993-01-22,4.503890514373779,4.534425318130261,4.473355394240359,4.503890514373779,168399
1993-01-25,4.534422874450684,4.5649576617514365,4.51915516442354,4.549689951724293,255587
1993-01-26,4.534422874450684,4.5649576617514365,4.488620377122787,4.534422874450684,165683
1993-01-27,4.442819118499756,4.534423815795893,4.442819118499756,4.4886213089594085,140423
1993-01-28,4.427552700042725,4.442820100236268,4.381750499462092,4.412285299849181,74693
1993-01-29,4.3970160484313965,4.442818229728472,4.381748654665705,4.381748654665705,326749
1993-02-01,4.458085536956787,4.48862032389545,4.397015963079461,4.442818143487456,162967
1993-02-02,4.488621234893799,4.488621234893799,4.458086441757877,4.488621234893799,48347
1993-02-03,4.488621234893799,4.488621234893799,4.442819045189917,4.458086441757877,280575
1993-02-04,4.641295433044434,4.641295433044434,4.519155946331971,4.534423659000748,262920
1993-02-05,4.641295433044434,4.6718302256283435,4.580225847876613,4.610760640460523,394381
1993-02-08,4.687099456787109,4.702366859055821,4.641297249980976,4.671832054518398,279217
1993-02-09,4.656561851501465,4.717631423845241,4.656561851501465,4.702364030759297,233043
1993-02-10,4.656561851501465,4.687096637673353,4.641294458415522,4.656561851501465,145584
1993-02-11,4.6718316078186035,4.687099008627514,4.626029405391874,4.6718316078186035,58668
1993-02-12,4.702363014221191,4.702363014221191,4.65656084486469,4.65656084486469,78767
1993-02-16,4.626028060913086,4.702365042771551,4.5802258717980076,4.687097646399858,283563
1993-02-17,4.549691200256348,4.6260285058335775,4.519156404576197,4.610761107993502,105385
1993-02-18,4.458085536956787,4.56495760761887,4.427550750018124,4.549689897772775,138522
1993-02-19,4.488621234893799,4.488621234893799,4.427551648621956,4.442819045189917,98324
1993-02-22,4.473352909088135,4.488620302484641,4.4580855156916295,4.488620302484641,142596
1993-02-23,4.503890514373779,4.503890514373779,4.458087992362119,4.488622796118601,59483
1993-02-24,4.564958095550537,4.564958095550537,4.503888515145707,4.503888515145707,186869
1993-02-25,4.656561851501465,4.656561851501465,4.534422706813915,4.580224886071746,162696
1993-02-26,4.717629909515381,4.732897614077242,4.656560356774552,4.656560356774552,312625
1993-03-01,4.735953330993652,4.752747561299879,4.635188581909914,4.702364870381198,192598
1993-03-02,4.853514194488525,4.903896585304353,4.7023663892872145,4.7023663892872145,289143
1993-03-03,4.920687675476074,4.954276127625996,4.870305313627922,4.870305313627922,131608
1993-03-04,4.9710693359375,4.9710693359375,4.920686981197983,4.920686981197983,124942
1993-03-05,4.870307922363281,4.9542787813395694,4.836719768598908,4.9542787813395694,442728
1993-03-08,4.937484264373779,4.937484264373779,4.836719492456706,4.887101878415242,92595
1993-03-09,4.972664833068848,5.00649230725467,4.95575093666037,5.00649230725467,74323
1993-03-10,5.040318965911865,5.040318965911865,4.9726633997785825,4.9726633997785825,49137
1993-03-11,5.057229995727539,5.0741438787555175,5.006488346643603,5.006488346643603,146670
1993-03-12,5.00648832321167,5.00648832321167,4.955746992996099,4.989574758893733,190869
1993-03-15,4.972664833068848,5.00649230725467,4.95575093666037,4.95575093666037,55310
1993-03-16,5.00648832321167,5.00648832321167,4.955746992996099,5.00648832321167,117287
1993-03-17,5.040318965911865,5.040318965911865,4.989577291311903,5.006490864214183,225191
1993-03-18,5.040318965911865,5.057232538814144,4.989577291311903,4.989577291311903,485692
1993-03-19,5.107973575592041,5.107973575592041,5.023404447116451,5.057231907328086,226919
1993-03-22,5.074145317077637,5.107973092722449,5.040317860063796,5.057231429255231,232105
1993-03-23,5.091063022613525,5.091063022613525,5.04032163972706,5.091063022613525,277291
1993-03-24,5.040318965911865,5.074146430347465,5.0234050743785446,5.0234050743785446,353343
1993-03-25,5.141802787780762,5.141802787780762,5.040320053936433,5.074147525674172,74323
1993-03-26,5.141802787780762,5.192544154702926,5.124888892596337,5.158716682965186,115312
1993-03-29,5.124886989593506,5.175628337674098,5.124886989593506,5.124886989593506,60989
1993-03-30,5.175631046295166,5.175631046295166,5.124889671659521,5.175631046295166,224697
1993-03-31,5.192541599273682,5.192541599273682,5.124886370462569,5.175627712413165,84447
1993-04-01,5.107973575592041,5.175628496015312,5.107973575592041,5.1418010358036765,287415
1993-04-02,5.00648832321167,5.1587129511201395,5.00648832321167,5.091057737955753,269884
1993-04-05,4.972664833068848,5.040320418702759,4.938837358883025,5.00649230725467,269884
1993-04-06,4.9050092697143555,5.006492004771555,4.871181797572326,5.006492004771555,218771
1993-04-07,4.837353229522705,4.905008481566882,4.837353229522705,4.905008481566882,49878
1993-04-08,4.92192268371582,4.92192268371582,4.854267427417623,4.854267427417623,106916
1993-04-12,4.95574951171875,4.95574951171875,4.88809458280013,4.88809458280013,298279
1993-04-13,5.023402690887451,5.023402690887451,4.921919708469952,4.921919708469952,396307
1993-04-14,5.158716201782227,5.158716201782227,5.006491477952384,5.040319583797002,517297
1993-04-15,5.107973575592041,5.158714925224995,5.023404447116451,5.158714925224995,468654
1993-04-16,5.091063022613525,5.107976923119416,5.074149122107634,5.107976923119416,178523
1993-04-19,5.00648832321167,5.107971620904569,5.00648832321167,5.107971620904569,468407
1993-04-20,4.871181964874268,5.006492176720759,4.8542680689067845,5.006492176720759,255315
1993-04-21,4.769697666168213,4.905008161425074,4.71895631010465,4.87118069692638,296551
1993-04-22,4.702044486999512,4.7696997643899355,4.68513058799411,4.752785865384534,210376
1993-04-23,4.702044486999512,4.735871966379133,4.66821700761989,4.702044486999512,221240
1993-04-26,4.63438606262207,4.718955506036528,4.617472492570165,4.702041617353636,521001
1993-04-27,4.718955039978027,4.7696963823843435,4.634385604915907,4.651299491928331,939037
1993-04-28,4.803526401519775,4.837354193599217,4.752785032031739,4.76969892807146,361985
1993-04-29,4.871181964874268,4.9050094381781095,4.803526381004336,4.8373541729393015,1433371
1993-04-30,4.9050092697143555,4.9050092697143555,4.8542679021857555,4.888095692958897,115312
1993-05-03,4.85426664352417,4.871180534525143,4.803524970521253,4.85426664352417,203215
1993-05-04,4.92192268371582,4.955750152549379,4.820439639952983,4.820439639952983,333095
1993-05-05,4.92192268371582,4.955750152549379,4.92192268371582,4.955750152549379,124695
1993-05-06,4.888092994689941,4.921920448158928,4.888092994689941,4.921920448158928,212104
1993-05-07,4.752784729003906,4.921923041354949,4.735870834042581,4.8880955700634034,309144
1993-05-10,4.803526401519775,4.803526401519775,4.735871135992018,4.752785032031739,158523
1993-05-11,4.803526401519775,4.803526401519775,4.752785032031739,4.803526401519775,95805
1993-05-12,4.718955039978027,4.8204377247906605,4.718955039978027,4.803523837778236,233339
1993-05-13,4.600560188293457,4.7189571312179295,4.5836462937855185,4.702043236709991,120744
1993-05-14,4.448334693908691,4.583645179825598,4.431420803511323,4.54981771766188,221487
1993-05-17,4.482161998748779,4.499076207183479,4.4314206479687135,4.465248427576096,99509
1993-05-18,4.448334693908691,4.5159902554981635,4.397593341347606,4.448334693908691,194573
1993-05-19,4.313024997711182,4.397594471430475,4.177714795653617,4.380680576686617,501495
1993-05-20,4.363766193389893,4.397593979090363,4.3299387263204885,4.363766193389893,550138
1993-05-21,4.380679607391357,4.380679607391357,4.346852144019608,4.363765716389968,363466
1993-05-24,4.482161998748779,4.482161998748779,4.346851836212272,4.346851836212272,351120
1993-05-25,4.532905101776123,4.532905101776123,4.4821634163170385,4.4821634163170385,400998
1993-05-26,4.515991687774658,4.53290526490526,4.465250000489494,4.53290526490526,161239
1993-05-27,4.465249061584473,4.515990738200218,4.4314212771739765,4.515990738200218,328897
1993-05-28,4.414505958557129,4.465247618777269,4.363764616967938,4.431419845297175,133584
1993-06-01,4.380679607391357,4.397593498392748,4.363765716389968,4.363765716389968,68397
1993-06-02,4.380679607391357,4.380679607391357,4.346852144019608,4.363765716389968,109879
1993-06-03,4.346851825714111,4.397593176371632,4.329937935951269,4.363765396845946,92101
1993-06-04,4.2791948318481445,4.3468503682146045,4.26228094775653,4.3468503682146045,210623
1993-06-07,4.126972198486328,4.262282689242692,4.093144416481722,4.24536911687142,202968
1993-06-08,4.228456974029541,4.245370872024515,4.093146108700912,4.143888121316996,286427
1993-06-09,4.313024997711182,4.329939211086142,4.228456161254091,4.262283632110707,189635
1993-06-10,4.2622833251953125,4.31302468714204,4.245369750300456,4.296111112247183,99756
1993-06-11,4.365976333618164,4.417140008336722,4.31481233761661,4.31481233761661,410381
1993-06-14,4.297756671905518,4.383029978725938,4.297756671905518,4.383029978725938,70866
1993-06-15,4.229537487030029,4.348919119367503,4.161318860638046,4.314810127454344,547915
1993-06-16,4.178372859954834,4.246590827804682,4.178372859954834,4.229536496483599,160004
1993-06-17,4.144265174865723,4.212483817238443,4.144265174865723,4.212483817238443,306428
1993-06-18,4.212482929229736,4.246591921942873,4.1783739365166,4.212482929229736,363466
1993-06-21,4.19542932510376,4.263647648932733,4.19542932510376,4.229538647659707,175066
1993-06-22,4.280702590942383,4.297756932055872,4.212484262639601,4.229538925036032,159510
1993-06-23,4.34891939163208,4.417138022294899,4.297755739917819,4.297755739917819,695574
1993-06-24,4.434194087982178,4.451248429780418,4.3489207725762045,4.3489207725762045,351614
1993-06-25,4.519466876983643,4.519466876983643,4.417139538432321,4.451248544188441,261982
1993-06-28,4.553577423095703,4.587686435576806,4.485358755567445,4.519467768048548,293094
1993-06-29,4.570630073547363,4.604739394661086,4.553575734273409,4.553575734273409,211857
1993-06-30,4.604738235473633,4.604738235473633,4.553574587965788,4.553574587965788,182227
1993-07-01,4.775283336639404,4.775283336639404,4.553574113448278,4.553574113448278,373343
1993-07-02,4.741175651550293,4.809393966955269,4.741175651550293,4.775284648611341,479272
1993-07-06,4.758230686187744,4.792339685940286,4.74117602567002,4.74117602567002,188153
1993-07-07,4.775283336639404,4.775283336639404,4.724119694463205,4.741174348949536,33334
1993-07-08,4.758230686187744,4.775285025422562,4.724121365152296,4.724121365152296,29137
1993-07-09,4.775283336639404,4.775283336639404,4.724119694463205,4.775283336639404,48643
1993-07-12,4.672959327697754,4.77528701209274,4.672959327697754,4.77528701209274,107904
1993-07-13,4.604738235473633,4.707065851772149,4.587683579210076,4.707065851772149,117534
1993-07-14,4.553577423095703,4.621795448057909,4.519467768048548,4.570631768694741,182721
1993-07-15,4.519466876983643,4.553576525305688,4.485357871227523,4.536521861786147,273094
1993-07-16,4.5365190505981445,4.553573703549267,4.485355091744779,4.502409744695901,73582
1993-07-19,4.5365190505981445,4.553573703549267,4.519464076364259,4.553573703549267,40495
1993-07-20,4.553577423095703,4.587686435576806,4.519467768048548,4.553577423095703,101731
1993-07-21,4.587686538696289,4.604741205961699,4.553577525448502,4.570631871430879,159510
1993-07-22,4.553577423095703,4.6047411024588705,4.553577423095703,4.6047411024588705,226179
1993-07-23,4.570630073547363,4.570630073547363,4.519466091876779,4.553575734273409,389146
1993-07-26,4.5365190505981445,4.587682688168747,4.5365190505981445,4.5706280352176245,40495
1993-07-27,4.5365190505981445,4.587682688168747,4.5365190505981445,4.587682688168747,39754
1993-07-28,4.553577423095703,4.587686435576806,4.50241342244951,4.587686435576806,150374
1993-07-29,4.50241231918335,4.536521644589367,4.468302993777333,4.536521644589367,87410
1993-07-30,4.50241231918335,4.50241231918335,4.468302993777333,4.50241231918335,45927
1993-08-02,4.485356330871582,4.536520303859533,4.468301673208932,4.5024109885342325,155560
1993-08-03,4.5365190505981445,4.5365190505981445,4.485355091744779,4.5365190505981445,59014
1993-08-04,4.4683003425598145,4.536518952895077,4.4683003425598145,4.48535499514363,88891
1993-08-05,4.383030414581299,4.502412413435574,4.383030414581299,4.468303087315522,192104
1993-08-06,4.365976333618164,4.434194673670573,4.3489213470013155,4.434194673670573,86422
1993-08-09,4.34891939163208,4.400083364629194,4.331865055249228,4.34891939163208,598781
1993-08-10,4.280702590942383,4.365975581641596,4.280702590942383,4.365975581641596,164943
1993-08-11,4.263647556304932,4.331865878651861,4.263647556304932,4.331865878651861,131361
1993-08-12,4.314810752868652,4.331865411938652,4.263647096941533,4.314810752868652,838293
1993-08-13,4.314810752868652,4.314810752868652,4.280701756011532,4.280701756011532,198524
1993-08-16,4.280702590942383,4.331866256848734,4.280702590942383,4.314811594452303,191116
1993-08-17,4.280702590942383,4.314811594452303,4.280702590942383,4.314811594452303,81977
1993-08-18,4.314810752868652,4.3489197497257726,4.280701756011532,4.314810752868652,394578
1993-08-19,4.314810752868652,4.365974730078651,4.314810752868652,4.331865411938652,188400
1993-08-20,4.34891939163208,4.365974370580637,4.297755739917819,4.314810397583523,224697
1993-08-23,4.34891939163208,4.365974370580637,4.314810397583523,4.365974370580637,83459
1993-08-24,4.485356330871582,4.485356330871582,4.331865054473434,4.365974369798735,320749
1993-08-25,4.50241231918335,4.570630648712437,4.485357656480341,4.50241231918335,267661
1993-08-26,4.451248645782471,4.519466980134669,4.417139639247857,4.519466980134669,140004
1993-08-27,4.383030414581299,4.451248424255495,4.383030414581299,4.451248424255495,126176
1993-08-30,4.434194087982178,4.434194087982178,4.383030420021549,4.417139424900983,104941
1993-08-31,4.417135715484619,4.434190364243683,4.383026739249176,4.383026739249176,95805
1993-09-01,4.365976333618164,4.434194673670573,4.365976333618164,4.417140008336722,249142
1993-09-02,4.34891939163208,4.417138022294899,4.34891939163208,4.417138022294899,187906
1993-09-03,4.383030414581299,4.383030414581299,4.331866425401221,4.3659757515212725,64446
1993-09-07,4.365976333618164,4.383030998952016,4.331867002950461,4.383030998952016,62965
1993-09-08,4.331866264343262,4.365975589195136,4.2977569394913875,4.331866264343262,86175
1993-09-09,4.436412811279297,4.436412811279297,4.333240314851929,4.333240314851929,269884
1993-09-10,4.625561714172363,4.625561714172363,4.402021605150724,4.402021605150724,215314
1993-09-13,4.573976516723633,4.659953224209399,4.539585574580882,4.608367134930829,200252
1993-09-14,4.487998962402344,4.522389903020456,4.453608345719772,4.522389903020456,86422
1993-09-15,4.402022361755371,4.487999067441815,4.384826567108314,4.453608449954348,372602
1993-09-16,4.402022361755371,4.436412979242839,4.367631420332355,4.402022361755371,135806
1993-09-17,4.384828567504883,4.4192198485530465,4.384828567504883,4.384828567504883,95064
1993-09-20,4.41921854019165,4.41921854019165,4.3848272693254255,4.41921854019165,176054
1993-09-21,4.453608989715576,4.453608989715576,4.402022895264553,4.41921836806009,133831
1993-09-22,4.505193710327148,4.505193710327148,4.402021552887008,4.402021552887008,196301
1993-09-23,4.5223894119262695,4.556780024874304,4.453607862094694,4.453607862094694,174819
1993-09-24,4.556779384613037,4.556779384613037,4.522388776497137,4.5395842425228174,201734
1993-09-27,4.659953594207764,4.659953594207764,4.522390462585417,4.522390462585417,612362
1993-09-28,4.677148342132568,4.72873442751613,4.6255622567490065,4.659952872359537,226919
1993-09-29,4.7459306716918945,4.7459306716918945,4.677148786071235,4.711539404946003,136794
1993-09-30,4.780322551727295,4.797518027669028,4.711540647960364,4.763127075785563,149880
1993-10-01,4.780322551727295,4.797518027669028,4.745931923779476,4.780322551727295,71854
1993-10-04,4.780322551727295,4.814713179675114,4.745931923779476,4.780322551727295,242969
1993-10-05,4.7459306716918945,4.797516761971829,4.711539404946003,4.797516761971829,164696
1993-10-06,4.728736877441406,4.745932680058992,4.711541398759519,4.711541398759519,67409
1993-10-07,4.694343090057373,4.745929491444035,4.694343090057373,4.745929491444035,86422
1993-10-08,4.694343090057373,4.745929491444035,4.694343090057373,4.745929491444035,80990
1993-10-11,4.7115397453308105,4.745931014561297,4.6943445966189445,4.6943445966189445,13334
1993-10-12,4.728736877441406,4.728736877441406,4.677150765331443,4.728736877441406,20494
1993-10-13,4.677148342132568,4.72873442751613,4.677148342132568,4.72873442751613,88397
1993-10-14,4.677148342132568,4.72873442751613,4.677148342132568,4.72873442751613,180005
1993-10-15,4.642758369445801,4.711539610191609,4.608367425137321,4.711539610191609,295563
1993-10-18,4.556779384613037,4.642756714741437,4.556779384613037,4.625561248715757,238278
1993-10-19,4.556779384613037,4.608365782690077,4.556779384613037,4.591170640599857,372849
1993-10-20,4.539585113525391,4.591171521500228,4.522389644200445,4.591171521500228,232599
1993-10-21,4.573976516723633,4.573976516723633,4.522390103509507,4.573976516723633,42470
1993-10-22,4.556779384613037,4.591170640599857,4.522388776497137,4.573975174574177,106669
1993-10-25,4.591172218322754,4.591172218322754,4.556780950517625,4.5739767463879755,39013
1993-10-26,4.5223894119262695,4.608366430199616,4.5223894119262695,4.608366430199616,183708
1993-10-27,4.556779384613037,4.556779384613037,4.505193310471458,4.556779384613037,53335
1993-10-28,4.625561714172363,4.625561714172363,4.505193763815792,4.505193763815792,188153
1993-10-29,4.608367443084717,4.659953535812765,4.591172294799086,4.625562915305925,336799
1993-11-01,4.659953594207764,4.659953594207764,4.591172352332171,4.591172352332171,199511
1993-11-02,4.677148342132568,4.677148342132568,4.6255622567490065,4.6255622567490065,31359
1993-11-03,4.5223894119262695,4.677147980031191,4.5223894119262695,4.625561898641386,223216
1993-11-04,4.41921854019165,4.539586206577637,4.402023066726338,4.539586206577637,193585
1993-11-05,4.41921854019165,4.41921854019165,4.402023066726338,4.402023066726338,220746
1993-11-08,4.333239555358887,4.419216890591937,4.333239555358887,4.419216890591937,104200
1993-11-09,4.298850059509277,4.384826769157456,4.298850059509277,4.350436150085297,364701
1993-11-10,4.298850059509277,4.350436150085297,4.247263968933257,4.350436150085297,146670
1993-11-11,4.298850059509277,4.333240678581436,4.247263968933257,4.298850059509277,55557
1993-11-12,4.350435733795166,4.350435733795166,4.298849648155382,4.298849648155382,111855
1993-11-15,4.350435733795166,4.3676312036536045,4.298849648155382,4.350435733795166,101731
1993-11-16,4.350435733795166,4.350435733795166,4.316045118013821,4.316045118013821,91113
1993-11-17,4.333239555358887,4.3848256325632375,4.316044412247756,4.350435022405497,205684
1993-11-18,4.247264385223389,4.3676320496769705,4.247264385223389,4.3676320496769705,748415
1993-11-19,4.367629051208496,4.367629051208496,4.298847529607029,4.350433589824286,342478
1993-11-22,4.092505931854248,4.384827367640914,4.092505931854248,4.333241270023926,504211
1993-11-23,4.144091606140137,4.144091606140137,4.075310041698523,4.12689613404584,951877
1993-11-24,4.1956787109375,4.212874511116852,4.126897129898354,4.126897129898354,1381270
1993-11-26,4.1956787109375,4.212874511116852,4.1784832346938,4.212874511116852,420999
1993-11-29,4.1956787109375,4.230069663424899,4.1784832346938,4.230069663424899,150621
1993-11-30,4.161288261413574,4.212875020315476,4.161288261413574,4.178483739735644,312354
1993-12-01,4.144091606140137,4.1956776984874535,4.109700661951543,4.1956776984874535,234574
1993-12-02,4.126896858215332,4.161287484503066,4.1097013831036495,4.126896858215332,226179
1993-12-03,4.126896858215332,4.161287484503066,4.126896858215332,4.161287484503066,98768
1993-12-06,4.161288261413574,4.161288261413574,4.126897628705126,4.126897628705126,155066
1993-12-07,4.1956787109375,4.1956787109375,4.126897129898354,4.126897129898354,129139
1993-12-08,4.230070114135742,4.230070114135742,4.178483679908147,4.195679157984012,135559
1993-12-09,4.230070114135742,4.298851702503516,4.230070114135742,4.247265592211607,280254
1993-12-10,4.230070114135742,4.281656224427651,4.212874959995564,4.264461070287473,146424
1993-12-13,4.231455326080322,4.283481633061034,4.214113223753418,4.248797755105083,53829
1993-12-14,4.231455326080322,4.26613953073413,4.214113223753418,4.248797755105083,102719
1993-12-15,4.214113712310791,4.231455816648228,4.179429830333812,4.231455816648228,136794
1993-12-16,4.196770191192627,4.231454388158519,4.179428419407465,4.196770191192627,347663
1993-12-17,4.214113712310791,4.266140025323101,4.196771607973354,4.231455816648228,459765
1993-12-20,4.335506916046143,4.335506916046143,4.231454645517738,4.266138844593141,321984
1993-12-21,4.352851390838623,4.370193173141548,4.300825390533885,4.352851390838623,332848
1993-12-22,4.300823211669922,4.370190959134805,4.300823211669922,4.352849185617493,457543
1993-12-23,4.3181681632995605,4.352852389256932,4.3181681632995605,4.352852389256932,118769
1993-12-27,4.370193004608154,4.3875351129402755,4.352851222974003,4.370193004608154,233586
1993-12-28,4.439560890197754,4.439560890197754,4.3875345716202325,4.40487667781274,235809
1993-12-29,4.526271343231201,4.543613451628571,4.404877237845554,4.404877237845554,339515
1993-12-30,4.474244594573975,4.5436126898350535,4.422218278104728,4.508928805553472,280501
1993-12-31,4.491587162017822,4.491587162017822,4.439561166895683,4.474245054744459,192598
1994-01-03,4.439560890197754,4.491586882077345,4.40487667781274,4.491586882077345,684709
1994-01-04,4.456902503967285,4.4742442815458485,4.404876191137916,4.439560399690829,591867
1994-01-05,4.491587162017822,4.508929269291185,4.456903274169046,4.456903274169046,307909
1994-01-06,4.491587162017822,4.5262710498665975,4.439561166895683,4.491587162017822,342972
1994-01-07,4.491587162017822,4.5262710498665975,4.456903274169046,4.5262710498665975,258278
1994-01-10,4.543613910675049,4.543613910675049,4.456904013323743,4.508930017074127,362232
1994-01-11,4.595637798309326,4.595637798309326,4.491585838720519,4.543611818514923,326428
1994-01-12,4.612980842590332,4.647664724847837,4.560954529157231,4.560954529157231,173832
1994-01-13,4.630323886871338,4.630323886871338,4.578297562878605,4.630323886871338,253587
1994-01-14,4.526271343231201,4.6129818852180495,4.526271343231201,4.6129818852180495,429394
1994-01-17,4.526271343231201,4.5782976684233105,4.474245344737063,4.56095556002594,233092
1994-01-18,4.543613910675049,4.543613910675049,4.491587906924664,4.526271800525586,218524
1994-01-19,4.491587162017822,4.54361315713996,4.456903274169046,4.54361315713996,525446
1994-01-20,4.456902503967285,4.491586385822305,4.422217968716479,4.456902503967285,681005
1994-01-21,4.474244594573975,4.474244594573975,4.422218278104728,4.474244594573975,454580
1994-01-24,4.4222187995910645,4.47424512219547,4.404877018754218,4.4222187995910645,626189
1994-01-25,4.474244594573975,4.474244594573975,4.404876499312896,4.439560710292393,965704
1994-01-26,4.474244594573975,4.474244594573975,4.439560710292393,4.474244594573975,341984
1994-01-27,4.456902503967285,4.4742442815458485,4.439560399690829,4.4742442815458485,393097
1994-01-28,4.508930206298828,4.508930206298828,4.456904200365086,4.456904200365086,187659
1994-01-31,4.595637798309326,4.595637798309326,4.491585838720519,4.508927940884605,664215
1994-02-01,4.543613910675049,4.578298130973975,4.526271800525586,4.578298130973975,485445
1994-02-02,4.543613910675049,4.543613910675049,4.526271800525586,4.543613910675049,245192
1994-02-03,4.439560890197754,4.5436128739569375,4.439560890197754,4.5436128739569375,493346
1994-02-04,4.370193004608154,4.47424532790291,4.370193004608154,4.4395614379366375,582237
1994-02-07,4.370193004608154,4.404877221272396,4.352851222974003,4.3875351129402755,390874
1994-02-08,4.3875346183776855,4.422218504434393,4.370192512000366,4.422218504434393,241982
1994-02-09,4.3875346183776855,4.404876724755006,4.352850732320979,4.404876724755006,273340
1994-02-10,4.3181681632995605,4.387536288516245,4.300826377018932,4.387536288516245,721500
1994-02-11,4.300823211669922,4.335507085402363,4.283481111454793,4.335507085402363,512112
1994-02-14,4.300823211669922,4.335507085402363,4.300823211669922,4.335507085402363,325687
1994-02-15,4.335506916046143,4.335506916046143,4.300823043668544,4.335506916046143,439518
1994-02-16,4.266141414642334,4.33550952788473,4.266141414642334,4.33550952788473,642239
1994-02-17,4.266141414642334,4.300825634612533,4.231457194672136,4.300825634612533,649400
1994-02-18,4.248798370361328,4.300824358177916,4.214113833987096,4.266140148501588,296057
1994-02-22,4.283482551574707,4.300824657620305,4.214114127392314,4.266140445529109,937802
1994-02-23,4.231455326080322,4.283481633061034,4.231455326080322,4.283481633061034,306181
1994-02-24,4.231455326080322,4.26613953073413,4.196771121426514,4.26613953073413,345688
1994-02-25,4.231455326080322,4.231455326080322,4.196771121426514,4.196771121426514,629646
1994-02-28,4.196770191192627,4.231454388158519,4.196770191192627,4.231454388158519,405443
1994-03-01,4.248798370361328,4.248798370361328,4.1967717291489315,4.214113833987096,693104
1994-03-02,4.214113712310791,4.231455816648228,4.179429830333812,4.231455816648228,323712
1994-03-03,4.196770191192627,4.231454388158519,4.179428419407465,4.2141122896755725,297292
1994-03-04,4.214113712310791,4.231455816648228,4.196771607973354,4.231455816648228,289884
1994-03-07,4.266141414642334,4.266141414642334,4.231457194672136,4.231457194672136,708167
1994-03-08,4.300823211669922,4.300823211669922,4.231454810809406,4.248797237722352,727920
1994-03-09,4.3181681632995605,4.3181681632995605,4.266142151061561,4.300826377018932,786440
1994-03-10,4.335506916046143,4.352849015583844,4.300823043668544,4.335506916046143,249142
1994-03-11,4.377531051635742,4.377531051635742,4.3425109879467705,4.377531051635742,150374
1994-03-14,4.36002254486084,4.39504295198867,4.325002467597629,4.3775327484247555,137041
1994-03-15,4.377531051635742,4.377531051635742,4.32500079117004,4.32500079117004,195561
1994-03-16,4.482594013214111,4.50010421823612,4.342513032767332,4.377533112946703,248895
1994-03-17,4.570143699645996,4.605164104487319,4.44757294243056,4.500103549692545,533100
1994-03-18,4.657695293426514,4.657695293426514,4.570144270389379,4.622674884211659,376553
1994-03-21,4.657695293426514,4.657695293426514,4.587654474996806,4.657695293426514,640510
1994-03-22,4.587654113769531,4.675205129912986,4.587654113769531,4.657694926684295,256056
1994-03-23,4.535124778747559,4.62267548326578,4.535124778747559,4.62267548326578,341490
1994-03-24,4.447572231292725,4.535122899532653,4.412551832050935,4.5001028301554085,451370
1994-03-25,4.430062294006348,4.465082365457372,4.395042222555324,4.447572494664142,260254
1994-03-28,4.447572231292725,4.447572231292725,4.377531762673691,4.43006203167183,285686
1994-03-29,4.482594013214111,4.482594013214111,4.447573603170094,4.465083478327456,253834
1994-03-30,4.447572231292725,4.482592630534514,4.447572231292725,4.482592630534514,439271
1994-03-31,4.377531051635742,4.482591902431637,4.360020854859011,4.482591902431637,339268
1994-04-04,4.3250017166137695,4.3425119171372515,4.272471115043323,4.3425119171372515,268649
1994-04-05,4.412552833557129,4.412552833557129,4.342512678905799,4.342512678905799,243216
1994-04-06,4.482594013214111,4.482594013214111,4.395043317968713,4.430063398148084,377541
1994-04-07,4.535124778747559,4.535124778747559,4.465083951241236,4.500104694859078,353096
1994-04-08,4.51761531829834,4.535125528068062,4.482595228623632,4.535125528068062,234821
1994-04-11,4.692718029022217,4.692718029022217,4.51761654356355,4.5526369726012135,494581
1994-04-12,4.657695293426514,4.67520549803394,4.622674884211659,4.67520549803394,262476
1994-04-13,4.657695293426514,4.657695293426514,4.605164679604233,4.657695293426514,163955
1994-04-14,4.640183925628662,4.657694456956029,4.605163852567665,4.657694456956029,159016
1994-04-15,4.657695293426514,4.657695293426514,4.622674884211659,4.657695293426514,296304
1994-04-18,4.640183925628662,4.657694456956029,4.605163852567665,4.640183925628662,1671155
1994-04-19,4.710224628448486,4.710224628448486,4.622673952914206,4.640183824129405,225191
1994-04-20,4.745244979858398,4.745244979858398,4.692714703393833,4.692714703393833,363219
1994-04-21,4.8152852058410645,4.850305608223465,4.727734859614212,4.745244730940837,509890
1994-04-22,4.8327956199646,4.850305490867564,4.797774888564971,4.8152850893325025,388652
1994-04-25,4.885328769683838,4.937859073060306,4.780267833066142,4.797777714281791,487173
1994-04-26,5.007899761199951,5.060430396263034,4.8853289391156345,4.9378592443139455,840763
1994-04-28,4.9903883934021,5.025408808664401,4.955368308004494,4.9903883934021,311119
1994-04-29,4.955366134643555,4.9903862046818,4.955366134643555,4.9903862046818,407912
1994-05-02,4.955366134643555,4.972876004730402,4.9378559346921564,4.955366134643555,56051
1994-05-03,4.964120864868164,4.990385998779291,4.937855730957037,4.955365930185968,457049
1994-05-04,4.86781644821167,4.972877009416679,4.8503062447226295,4.972877009416679,296551
1994-05-05,4.8327956199646,4.885325892402626,4.8327956199646,4.850305490867564,77533
1994-05-06,4.780264377593994,4.850304841421272,4.762754179171044,4.850304841421272,355565
1994-05-09,4.710224628448486,4.762754901823225,4.675204556153518,4.745244700743455,158276
1994-05-10,4.692718029022217,4.7102282435410485,4.67520814436821,4.67520814436821,151362
1994-05-11,4.587654113769531,4.692715003277065,4.587654113769531,4.675205129912986,242722
1994-05-12,4.640183925628662,4.675204658418817,4.622674054030453,4.640183925628662,117534
1994-05-13,4.657695293426514,4.67520549803394,4.640184758954448,4.67520549803394,421739
1994-05-16,4.7277374267578125,4.7277374267578125,4.640186373261918,4.640186373261918,177289
1994-05-17,4.745244979858398,4.745244979858398,4.675204831148705,4.675204831148705,269884
1994-05-18,4.710224628448486,4.745244700743455,4.692714427368716,4.727734829528257,683721
1994-05-19,4.745244979858398,4.745244979858398,4.710224905503551,4.710224905503551,461493
1994-05-20,4.745244979858398,4.745244979858398,4.710224905503551,4.710224905503551,43952
1994-05-23,4.710224628448486,4.745244700743455,4.710224628448486,4.745244700743455,270624
1994-05-24,4.701471328735352,4.745246684805656,4.692716389467175,4.710226597868239,251118
1994-05-25,4.692718029022217,4.745248342713887,4.692718029022217,4.692718029022217,74817
1994-05-26,4.797776699066162,4.797776699066162,4.745246406805171,4.745246406805171,334330
1994-05-27,4.780264377593994,4.815284444575371,4.762754179171044,4.762754179171044,163461
1994-05-31,4.7890238761901855,4.8152887022511734,4.780268604305043,4.797778488345701,107410
1994-06-01,4.824039936065674,4.8327952006220265,4.780264602877523,4.780264602877523,207166
1994-06-02,4.797776699066162,4.832797443681308,4.797776699066162,4.81528690644139,56051
1994-06-03,4.797776699066162,4.832797443681308,4.780266821555625,4.780266821555625,89138
1994-06-06,4.8152852058410645,4.850305608223465,4.797775004649864,4.8327957368968395,337787
1994-06-07,4.885328769683838,4.885328769683838,4.797777714281791,4.850308347523019,107410
1994-06-08,4.902835845947266,4.902835845947266,4.832795701425685,4.832795701425685,51112
1994-06-09,4.885328769683838,4.920348861979896,4.867818558603428,4.902838650899487,146670
1994-06-10,4.902835845947266,4.937856248072628,4.885325974749157,4.902835845947266,350133
1994-06-13,4.85691499710083,4.945222578798995,4.85691499710083,4.927561328632454,135312
1994-06-14,4.839256763458252,4.874580286387773,4.839256763458252,4.874580286387773,264451
1994-06-15,4.7862701416015625,4.856916157292324,4.7509473001144045,4.839254570190523,329638
1994-06-16,4.733287811279297,4.786272263356267,4.697964954133515,4.7686110011416725,364948
1994-06-17,4.6626410484313965,4.750948676813166,4.644979456211734,4.750948676813166,159016
1994-06-20,4.609654903411865,4.662639664342505,4.55667047519767,4.627316490388745,176054
1994-06-21,4.574333190917969,4.609656040871403,4.521348749629553,4.556671599582988,189388
1994-06-22,4.680300235748291,4.680300235748291,4.5566698103806695,4.591992979180787,859775
1994-06-23,4.697963714599609,4.697963714599609,4.662640534057076,4.697963714599609,174819
1994-06-24,4.697963714599609,4.697963714599609,4.680301791611837,4.697963714599609,126423
1994-06-27,4.715621471405029,4.715621471405029,4.662636743664056,4.662636743664056,318033
1994-06-28,4.812763690948486,4.821594319980286,4.680301926455887,4.697963849952516,372108
1994-06-29,4.85691499710083,4.85691499710083,4.786268998285572,4.786268998285572,486679
1994-06-30,4.9275641441345215,4.9275641441345215,4.839256179262756,4.892240958185815,179017
1994-07-01,4.962884426116943,4.962884426116943,4.892238423537488,4.927561591185408,103213
1994-07-05,5.0511932373046875,5.086516413517568,4.9452240413825095,4.96288562948895,629893
1994-07-06,5.068854331970215,5.104177504744468,5.068854331970215,5.086515918357342,531125
1994-07-07,5.121837615966797,5.157160780862064,5.086514783787888,5.086514783787888,477790
1994-07-08,5.121837615966797,5.121837615966797,5.086514783787888,5.104176366235522,642486
1994-07-11,5.104176044464111,5.121837293082007,5.068852881795645,5.086514463129879,986939
1994-07-12,5.104176044464111,5.121837293082007,5.068852881795645,5.068852881795645,190375
1994-07-13,5.104176044464111,5.104176044464111,5.086514463129879,5.095345087438826,613596
1994-07-14,5.104176044464111,5.121837293082007,5.086514463129879,5.086514463129879,251611
1994-07-15,5.121837615966797,5.121837615966797,5.086514783787888,5.086514783787888,181239
1994-07-18,5.139501094818115,5.139501094818115,5.0865166606410614,5.095347288765076,965457
1994-07-19,5.121837615966797,5.174822030593339,5.104176366235522,5.104176366235522,380998
1994-07-20,5.121837615966797,5.121837615966797,5.086514783787888,5.121837615966797,371615
1994-07-21,5.121837615966797,5.1394991984144305,5.086514783787888,5.086514783787888,1313121
1994-07-22,5.077687740325928,5.1395031601846926,5.068857108653225,5.104180300777266,475568
1994-07-25,5.104176044464111,5.104176044464111,5.068852881795645,5.068852881795645,321984
1994-07-26,5.015869140625,5.104177064951734,4.998207888476058,5.086515480086387,207413
1994-07-27,4.998208045959473,5.033530884086713,4.90990045156675,4.998208045959473,330132
1994-07-28,4.998208045959473,5.033530884086713,4.962884875115818,4.962884875115818,113089
1994-07-29,5.033533573150635,5.033533573150635,4.998210716152869,4.998210716152869,22717
1994-08-01,5.068854331970215,5.086515918357342,4.998208319138139,4.998208319138139,309391
1994-08-02,5.0511932373046875,5.086516413517568,5.0511932373046875,5.068854825411128,123460
1994-08-03,5.068854331970215,5.104177504744468,5.051192745583087,5.051192745583087,142226
1994-08-04,5.121837615966797,5.121837615966797,5.0688532013402545,5.0688532013402545,248402
1994-08-05,5.086516857147217,5.104178446794044,5.068855267500389,5.104178446794044,96052
1994-08-08,5.121837615966797,5.121837615966797,5.0688532013402545,5.0688532013402545,227660
1994-08-09,5.086516857147217,5.121839703724378,5.086516857147217,5.086516857147217,28643
1994-08-10,5.068854331970215,5.121838758415163,5.068854331970215,5.121838758415163,108398
1994-08-11,5.0511932373046875,5.086516413517568,5.0511932373046875,5.0511932373046875,100250
1994-08-12,5.104176044464111,5.104176044464111,5.033529719127179,5.033529719127179,60002
1994-08-15,5.139501094818115,5.139501094818115,5.068855071676549,5.104178249605573,63212
1994-08-16,5.157163143157959,5.192485991516891,5.121839962082516,5.139501552620238,264451
1994-08-17,5.086516857147217,5.192485729595194,5.086516857147217,5.1571628830180325,239265
1994-08-18,5.068854331970215,5.104177504744468,5.03353115919596,5.104177504744468,183215
1994-08-19,5.060022830963135,5.068853789569944,5.033530620575499,5.033530620575499,342231
1994-08-22,4.998208045959473,5.060023095861247,4.962884875115818,5.060023095861247,180252
1994-08-23,4.945225238800049,4.989379386115695,4.945225238800049,4.962886831182998,168646
1994-08-24,4.95405387878418,4.980546423075862,4.927561999925322,4.945223252497894,146917
1994-08-25,4.962884426116943,4.998207593764864,4.945222842292983,4.945222842292983,158276
1994-08-26,4.962884426116943,4.998207593764864,4.962884426116943,4.962884426116943,62224
1994-08-29,5.0511932373046875,5.068854825411128,4.96288562948895,4.96288562948895,212351
1994-08-30,5.068854331970215,5.068854331970215,5.03353115919596,5.051192745583087,54569
1994-08-31,5.104176044464111,5.104176044464111,5.051191300461412,5.068852881795645,153584
1994-09-01,5.121837615966797,5.121837615966797,5.086514783787888,5.086514783787888,105682
1994-09-02,5.121837615966797,5.1394991984144305,5.104176366235522,5.104176366235522,84694
1994-09-06,5.086516857147217,5.139501293371206,5.086516857147217,5.121839703724378,88150
1994-09-07,5.015869140625,5.104177064951734,5.015869140625,5.086515480086387,150127
1994-09-08,5.0511932373046875,5.0511932373046875,4.998208805701831,5.024701021503259,150868
1994-09-09,4.945225238800049,5.015871275615301,4.909902386750695,5.015871275615301,241488
1994-09-12,4.952351093292236,4.987979330105429,4.934536807089112,4.952351093292236,70619
1994-09-13,5.005791187286377,5.005791187286377,4.970162967761508,4.987976909727496,47656
1994-09-14,4.992428302764893,5.023603190480728,4.987974651493276,4.987974651493276,88150
1994-09-15,5.041419506072998,5.041419506072998,4.98797667590164,4.98797667590164,155560
1994-09-16,5.059233665466309,5.059233665466309,4.987976891089926,5.0057911685822445,403467
1994-09-19,5.050328731536865,5.077049990756759,5.041421756994576,5.041421756994576,167659
1994-09-20,5.041419506072998,5.059233447203907,5.041419506072998,5.041419506072998,435320
1994-09-21,5.041419506072998,5.059233447203907,5.041419506072998,5.041419506072998,411863
1994-09-22,5.041419506072998,5.059233447203907,5.041419506072998,5.041419506072998,81731
1994-09-23,5.041419506072998,5.059233447203907,5.041419506072998,5.059233447203907,337787
1994-09-26,5.023605823516846,5.059234045585472,4.987977265855302,5.041420102347618,193091
1994-09-27,5.059233665466309,5.059233665466309,4.987976891089926,5.0057911685822445,34569
1994-09-28,5.041419506072998,5.059233447203907,5.005790952625426,5.005790952625426,107410
1994-09-29,4.970164775848389,5.041421576413399,4.970164775848389,5.023607292373892,819281
1994-09-30,4.979069709777832,4.987976680351232,4.970162739204433,4.970162739204433,410628
1994-10-03,4.952351093292236,4.987979330105429,4.934536807089112,4.970165379495361,483963
1994-10-04,4.925630569458008,4.952351834968005,4.916723592819044,4.952351834968005,357540
1994-10-05,4.89890718460083,4.934535749370087,4.8632789554245575,4.916721802578443,546681
1994-10-06,4.916720390319824,4.9701628865301215,4.916720390319824,4.934534331994665,184202
1994-10-07,4.943440914154053,4.970162495751105,4.916720003742723,4.916720003742723,124942
1994-10-10,4.934533596038818,4.970162145260493,4.9256266265298185,4.934533596038818,106176
1994-10-11,4.916720390319824,4.9701628865301215,4.916720390319824,4.916720390319824,110126
1994-10-12,4.889997959136963,4.952347750971736,4.881090654250379,4.916719538203887,225438
1994-10-13,4.934533596038818,4.952347870649656,4.881090772206306,4.898905046817144,122472
1994-10-14,4.916720390319824,4.952348609262393,4.916720390319824,4.916720390319824,205191
1994-10-17,4.881094932556152,4.934537801940131,4.881094932556152,4.916723847738595,63458
1994-10-18,4.774209976196289,4.898909336477703,4.774209976196289,4.881095046268035,132349
1994-10-19,4.845466613769531,4.845466613769531,4.774209791283876,4.774209791283876,86916
1994-10-20,4.827650547027588,4.845464829989239,4.792022316697282,4.845464829989239,103706
1994-10-21,4.7563910484313965,4.827647463580107,4.7563910484313965,4.827647463580107,166177
1994-10-24,4.667324542999268,4.774209948033637,4.667324542999268,4.756395993522183,232352
1994-10-25,4.560435771942139,4.68513503027203,4.542621160704194,4.631692538929627,442728
1994-10-26,4.524805545806885,4.596062286418875,4.506991276755704,4.5426194792653325,637301
1994-10-27,4.524805545806885,4.5604340839092465,4.506991276755704,4.506991276755704,190128
1994-10-28,4.524805545806885,4.5604340839092465,4.489177007704523,4.5426194792653325,454333
1994-10-31,4.515903949737549,4.560439507534241,4.506996636822331,4.560439507534241,369392
1994-11-01,4.4891791343688965,4.542621631247086,4.462458221522693,4.542621631247086,182721
1994-11-02,4.400108814239502,4.506993817618612,4.382294535145343,4.506993817618612,479025
1994-11-03,4.391202926635742,4.417924521712922,4.382295952005369,4.417924521712922,149634
1994-11-04,4.293224811553955,4.400110183794564,4.2754105269150156,4.382295899155625,369886
1994-11-07,4.311038970947266,4.34666754196356,4.275410735524015,4.275410735524015,363466
1994-11-08,4.382297039031982,4.382297039031982,4.311039881941573,4.328854171214176,472111
1994-11-09,4.391202926635742,4.400110236859145,4.364482002744623,4.382295952005369,266921
1994-11-10,4.400108814239502,4.417923093333661,4.382294535145343,4.400108814239502,792366
1994-11-11,4.391202926635742,4.417924521712922,4.382295952005369,4.417924521712922,788909
1994-11-14,4.391202926635742,4.400110236859145,4.382295952005369,4.400110236859145,604460
1994-11-15,4.400108814239502,4.400108814239502,4.382294535145343,4.382294535145343,195561
1994-11-16,4.4090166091918945,4.4179239181985075,4.382295353358026,4.400109635778267,594336
1994-11-17,4.417924880981445,4.417924880981445,4.400110594678999,4.417924880981445,130621
1994-11-18,4.417924880981445,4.417924880981445,4.400110594678999,4.400110594678999,372849
1994-11-21,4.453549861907959,4.453549861907959,4.41792165094467,4.435735588629908,284205
1994-11-22,4.4891791343688965,4.524807689349617,4.417922695593238,4.417922695593238,628411
1994-11-23,4.524805545806885,4.524805545806885,4.453548805194894,4.524805545806885,221734
1994-11-25,4.560435771942139,4.560435771942139,4.4891786693617926,4.4891786693617926,71854
1994-11-28,4.524805545806885,4.5604340839092465,4.506991276755704,4.5604340839092465,174819
1994-11-29,4.506993293762207,4.524807570785779,4.506993293762207,4.524807570785779,82224
1994-11-30,4.453549861907959,4.524806619427348,4.453549861907959,4.524806619427348,174819
1994-12-01,4.364480972290039,4.47136598499107,4.3466663560492655,4.47136598499107,447172
1994-12-02,4.382297039031982,4.382297039031982,4.328854171214176,4.382297039031982,235315
1994-12-05,4.328854084014893,4.400111239669917,4.328854084014893,4.346668372928649,536310
1994-12-06,4.275410175323486,4.3644815911933295,4.275410175323486,4.3644815911933295,124448
1994-12-07,4.275410175323486,4.2932244584974555,4.2397819445685485,4.2932244584974555,112102
1994-12-08,4.311038970947266,4.311038970947266,4.239782500100763,4.275410735524015,152350
1994-12-09,4.293224811553955,4.328853045238807,4.2754105269150156,4.2754105269150156,142720
1994-12-12,4.31841516494751,4.372395240107443,4.282428561163761,4.31841516494751,233833
1994-12-13,4.336409568786621,4.354402705063268,4.28242948201929,4.318416093541279,131361
1994-12-14,4.336409568786621,4.37239618030861,4.336409568786621,4.354402705063268,161239
1994-12-15,4.336409568786621,4.354402705063268,4.300422618295936,4.354402705063268,145683
1994-12-16,4.336409568786621,4.37239618030861,4.300422618295936,4.354402705063268,194820
1994-12-19,4.462361812591553,4.480354941836272,4.35440100331186,4.35440100331186,288156
1994-12-20,4.462361812591553,4.480354941836272,4.444368344378271,4.480354941836272,134324
1994-12-21,4.462361812591553,4.462361812591553,4.426374876164989,4.444368344378271,218277
1994-12-22,4.4443678855896,4.462361351945431,4.4263744192337695,4.462361351945431,97780
1994-12-23,4.462361812591553,4.462361812591553,4.426374876164989,4.462361812591553,74570
1994-12-27,4.480357646942139,4.498351126019345,4.426377548679287,4.4623645068336995,161733
1994-12-28,4.435374736785889,4.480358271262803,4.408385022862317,4.462365128647089,360256
1994-12-29,4.462361812591553,4.462361812591553,4.408381746920269,4.408381746920269,96299
1994-12-30,4.462361812591553,4.480354941836272,4.444368344378271,4.462361812591553,182227
1995-01-03,4.570321083068848,4.579317984965114,4.462360972061638,4.462360972061638,488902
1995-01-04,4.642294406890869,4.642294406890869,4.570320889609826,4.570320889609826,482235
1995-01-05,4.60630989074707,4.642296496098673,4.588316079618314,4.642296496098673,128151
1995-01-06,4.624303817749023,4.624303817749023,4.588316530920473,4.624303817749023,346182
1995-01-09,4.624303817749023,4.624303817749023,4.588316530920473,4.624303817749023,117287
1995-01-10,4.624303817749023,4.678283900570173,4.588316530920473,4.624303817749023,201240
1995-01-11,4.58831787109375,4.642298308650381,4.58831787109375,4.624305168433607,263957
1995-01-12,4.624303817749023,4.624303817749023,4.588316530920473,4.624303817749023,146670
1995-01-13,4.714268684387207,4.714268684387207,4.606308560540412,4.606308560540412,168153
1995-01-16,4.768248081207275,4.768248081207275,4.696274562359189,4.7142680268133335,116793
1995-01-17,4.786244869232178,4.786244869232178,4.750257917883178,4.750257917883178,101237
1995-01-18,4.696276664733887,4.786244027280155,4.660290058684023,4.732263609752394,789650
1995-01-19,4.660288333892822,4.696274926623905,4.642294868043022,4.696274926623905,37285
1995-01-20,4.651290416717529,4.660287317163847,4.642293855239656,4.642293855239656,32347
1995-01-23,4.579320430755615,4.624303947356907,4.570323524054149,4.624303947356907,227166
1995-01-24,4.58831787109375,4.58831787109375,4.570324730876976,4.58831787109375,58026
1995-01-25,4.597313404083252,4.606310310467416,4.534336415268778,4.588316497699088,95805
1995-01-26,4.60630989074707,4.60630989074707,4.57032294642683,4.57032294642683,56545
1995-01-27,4.58831787109375,4.624305168433607,4.570324730876976,4.606311689248063,211857
1995-01-30,4.570321083068848,4.624301477540951,4.570321083068848,4.588314208924383,88644
1995-01-31,4.552329063415527,4.588315665519312,4.534335592879332,4.588315665519312,254575
1995-02-01,4.58831787109375,4.58831787109375,4.5163446322891145,4.570324730876976,191363
1995-02-02,4.552329063415527,4.588315665519312,4.552329063415527,4.588315665519312,180499
1995-02-03,4.624303817749023,4.642296952710293,4.570323395959203,4.570323395959203,257538
1995-02-06,4.804234504699707,4.858214549606205,4.606307108428495,4.606307108428495,792613
1995-02-07,4.768248081207275,4.858215403477998,4.768248081207275,4.786241884629912,201734
1995-02-08,4.750255107879639,4.786242037940645,4.750255107879639,4.750255107879639,129633
1995-02-09,4.768248081207275,4.786241884629912,4.732261491267478,4.786241884629912,210623
1995-02-10,4.732264518737793,4.768251131700056,4.732264518737793,4.732264518737793,65434
1995-02-13,4.714268684387207,4.768248746310605,4.714268684387207,4.768248746310605,54322
1995-02-14,4.750255107879639,4.768248233941639,4.714268177818632,4.714268177818632,189881
1995-02-15,4.768248081207275,4.786241884629912,4.732261491267478,4.732261491267478,123954
1995-02-16,4.732264518737793,4.768251131700056,4.678284429810042,4.732264518737793,335811
1995-02-17,4.732264518737793,4.732264518737793,4.678284429810042,4.732264518737793,217783
1995-02-21,4.732264518737793,4.732264518737793,4.69627756680682,4.732264518737793,38026
1995-02-22,4.750255107879639,4.750255107879639,4.69627471278813,4.732261642849136,87657
1995-02-23,4.822231292724609,4.822231292724609,4.71427078187515,4.750257731814534,220253
1995-02-24,4.813232421875,4.822229325173302,4.78624272888575,4.78624272888575,127658
1995-02-27,4.768248081207275,4.804235349084056,4.750254955721623,4.768248081207275,38520
1995-02-28,4.750255107879639,4.804235502971148,4.750255107879639,4.804235502971148,104447
1995-03-01,4.858218193054199,4.894204803657415,4.750257683307181,4.750257683307181,219018
1995-03-02,4.894203186035156,4.948183253582938,4.876209717196371,4.894203186035156,109632
1995-03-03,4.903201103210449,4.912197670004741,4.876210724890284,4.912197670004741,222969
1995-03-06,4.894203186035156,4.930189784744153,4.876209717196371,4.876209717196371,166424
1995-03-07,4.876209259033203,4.948182788657218,4.876209259033203,4.8942027261813426,462234
1995-03-08,4.894203186035156,4.930189784744153,4.876209717196371,4.930189784744153,148152
1995-03-09,4.912195205688477,4.948181793780785,4.876208278627693,4.876208278627693,228154
1995-03-10,4.912195205688477,4.948181793780785,4.912195205688477,4.912195205688477,41483
1995-03-13,4.996502876281738,4.996502876281738,4.9601648639765346,4.996502876281738,47409
1995-03-14,4.996502876281738,5.0146723958523065,4.978333698989815,5.0146723958523065,90126
1995-03-15,4.996502876281738,5.0146723958523065,4.978333698989815,4.978333698989815,36544
1995-03-16,5.1055169105529785,5.1055169105529785,4.978333028907084,5.014671720878395,386924
1995-03-17,5.17819356918335,5.17819356918335,5.087348031940278,5.105517207844617,324453
1995-03-20,5.141852855682373,5.178190846103196,5.141852855682373,5.141852855682373,596065
1995-03-21,5.205445289611816,5.2145300454357,5.141853710237109,5.141853710237109,509396
1995-03-22,5.1963605880737305,5.214529756436031,5.160022251349131,5.178191419711431,241488
1995-03-23,5.205445289611816,5.2145300454357,5.196360876066429,5.196360876066429,59261
1995-03-24,5.1963605880737305,5.214529756436031,5.1963605880737305,5.1963605880737305,114077
1995-03-27,5.1963605880737305,5.214529756436031,5.178191419711431,5.1963605880737305,474333
1995-03-28,5.205445289611816,5.2145300454357,5.196360876066429,5.196360876066429,121978
1995-03-29,5.214529991149902,5.232699160330024,5.1963608219697806,5.1963608219697806,178523
1995-03-30,5.232700347900391,5.232700347900391,5.214531174596743,5.232700347900391,113583
1995-03-31,5.305377960205078,5.305377960205078,5.214532414366627,5.223616832039012,717056
1995-04-03,5.323545455932617,5.3417146289839454,5.287207452108524,5.287207452108524,272600
1995-04-04,5.305377960205078,5.341715973173268,5.287208782581658,5.323546795549847,268649
1995-04-05,5.341713905334473,5.341713905334473,5.30537590643314,5.341713905334473,374578
1995-04-06,5.441643238067627,5.450727993513356,5.323544155500998,5.323544155500998,437048
1995-04-07,5.414390563964844,5.450728562706921,5.396221393454547,5.450728562706921,332848
1995-04-10,5.359886646270752,5.414394194349287,5.359886646270752,5.396225011656442,283958
1995-04-11,5.359886646270752,5.396225011656442,5.359886646270752,5.359886646270752,325934
1995-04-12,5.341713905334473,5.3962214171042495,5.341713905334473,5.359883075924398,83953
1995-04-13,5.287208080291748,5.3780532717847525,5.287208080291748,5.341715263643271,176548
1995-04-17,5.223617076873779,5.30537820887205,5.214532658775601,5.30537820887205,220746
1995-04-18,5.160023212432861,5.250869071164919,5.14185438296499,5.214530727672096,303712
1995-04-19,5.1055169105529785,5.178193267659805,5.069178903138865,5.141855260245691,300255
1995-04-20,5.069180011749268,5.105518027110367,5.032841654109494,5.105518027110367,120991
1995-04-21,5.05101203918457,5.069181222343523,5.032842856025619,5.032842856025619,140004
1995-04-24,5.032842636108398,5.051011818473422,5.032842636108398,5.051011818473422,39507
1995-04-25,5.05101203918457,5.05101203918457,5.032842856025619,5.032842856025619,109386
1995-04-26,5.032842636108398,5.069181000838445,5.032842636108398,5.032842636108398,177782
1995-04-27,5.069180011749268,5.069180011749268,5.032841654109494,5.032841654109494,82965
1995-04-28,5.05101203918457,5.069181222343523,5.014674015145422,5.032842856025619,329885
1995-05-01,5.041923999786377,5.069177927952217,5.014670756177603,5.051008756601168,311119
1995-05-02,5.014670372009277,5.069177539608158,5.014670372009277,5.014670372009277,287168
1995-05-03,5.069180011749268,5.08734884829048,5.014672817568281,5.014672817568281,148893
1995-05-04,5.1055169105529785,5.141855260245691,5.087347735706623,5.087347735706623,121238
1995-05-05,5.160023212432861,5.160023212432861,5.123685211218578,5.123685211218578,178523
1995-05-08,5.287208080291748,5.287208080291748,5.141855363168616,5.141855363168616,355071
1995-05-09,5.341713905334473,5.341713905334473,5.269037565253288,5.269037565253288,454580
1995-05-10,5.2508697509765625,5.359884111011658,5.2508697509765625,5.323545762814236,1725724
1995-05-11,5.232700347900391,5.269038352229114,5.232700347900391,5.232700347900391,78521
1995-05-12,5.232700347900391,5.232700347900391,5.196362001293097,5.214531174596743,104200
1995-05-15,5.232700347900391,5.232700347900391,5.196362001293097,5.196362001293097,69878
1995-05-16,5.232700347900391,5.269038352229114,5.196362001293097,5.232700347900391,170622
1995-05-17,5.2690348625183105,5.2690348625183105,5.232696882256431,5.232696882256431,81977
1995-05-18,5.2508697509765625,5.2508697509765625,5.214531402779141,5.232700576877852,66421
1995-05-19,5.232700347900391,5.250869521204037,5.196362001293097,5.196362001293097,50125
1995-05-22,5.2690348625183105,5.305373185058533,5.232696882256431,5.232696882256431,130868
1995-05-23,5.305377960205078,5.305377960205078,5.2690396049582375,5.2690396049582375,96299
1995-05-24,5.232700347900391,5.305376698836408,5.214531174596743,5.269038352229114,229389
1995-05-25,5.17819356918335,5.250870272800702,5.17819356918335,5.214531920992026,118769
1995-05-26,5.214529991149902,5.214529991149902,5.178191652789659,5.187276408518966,363219
1995-05-30,5.123685836791992,5.214531364337241,5.123685836791992,5.178193016407709,204203
1995-05-31,5.160023212432861,5.196361555925685,5.123685211218578,5.160023212432861,175313
1995-06-01,5.232700347900391,5.232700347900391,5.160023654685803,5.1781928279894505,183955
1995-06-02,5.368971347808838,5.378055425634019,5.196364627604334,5.232702992577517,499025
1995-06-05,5.378052234649658,5.414390920340584,5.359883405222004,5.396221748634391,293835
1995-06-06,5.405306816101074,5.414391574190529,5.378052884111289,5.414391574190529,101237
1995-06-07,5.414390563964844,5.432559392196624,5.359883052433953,5.414390563964844,278526
1995-06-08,5.432559490203857,5.450728661041939,5.396221490806218,5.414390661644299,339762
1995-06-09,5.359886646270752,5.45073221745623,5.323548280885062,5.414394194349287,209388
1995-06-12,5.341713905334473,5.3780519042358055,5.30537590643314,5.359883075924398,225932
1995-06-13,5.441643238067627,5.450727993513356,5.3598824927269515,5.3598824927269515,174079
1995-06-14,5.462542533874512,5.480872943517897,5.425880678620201,5.462542533874512,614337
1995-06-15,5.40755033493042,5.462542600498834,5.389219579740948,5.462542600498834,362725
1995-06-16,5.425879001617432,5.444210096240163,5.389217848339188,5.444210096240163,102719
1995-06-19,5.444211959838867,5.462542715413962,5.407550448688679,5.407550448688679,77533
1995-06-20,5.453374862670898,5.4625404092502166,5.444209661413959,5.444209661413959,43952
1995-06-21,5.315893173217773,5.462538766484282,5.315893173217773,5.444208024160684,373590
1995-06-22,5.352560043334961,5.370890458779402,5.315898521800832,5.352560043334961,117534
1995-06-23,5.352560043334961,5.352560043334961,5.315898521800832,5.334229282567896,40989
1995-06-26,5.370885848999023,5.370885848999023,5.31589395921947,5.31589395921947,240747
1995-06-27,5.334228038787842,5.370889206451077,5.315897282294953,5.370889206451077,93583
1995-06-28,5.389220714569092,5.389220714569092,5.334228782743341,5.361725093978807,109139
1995-06-29,5.425879001617432,5.425879001617432,5.370887099038863,5.370887099038863,237290
1995-06-30,5.444211959838867,5.444211959838867,5.407550448688679,5.444211959838867,185437
1995-07-03,5.47170877456665,5.480873981123444,5.407551292701358,5.407551292701358,153090
1995-07-05,5.480871200561523,5.517532698834701,5.462540796747337,5.480871200561523,126670
1995-07-06,5.53586483001709,5.572525992120437,5.462542160487906,5.480872568878334,467913
1995-07-07,5.499202251434326,5.572524906681426,5.480871501291945,5.535863751719088,227660
1995-07-10,5.572523593902588,5.60918474022827,5.517531701752895,5.517531701752895,179017
1995-07-11,5.572523593902588,5.590854339726599,5.554192848078577,5.590854339726599,155560
1995-07-12,5.609189033508301,5.627519793362698,5.554197099267715,5.554197099267715,260501
1995-07-13,5.627516269683838,5.664177766436973,5.572524369876524,5.572524369876524,274822
1995-07-14,5.737502098083496,5.737502098083496,5.627517920875596,5.645849019953152,316305
1995-07-17,5.719170570373535,5.755832072922395,5.719170570373535,5.719170570373535,244945
1995-07-18,5.664178848266602,5.737501510454742,5.645848441711407,5.719170758577094,548162
1995-07-19,5.609189033508301,5.6825120729258884,5.609189033508301,5.6641813130714915,81731
1995-07-20,5.590857028961182,5.627518192921095,5.5541955196787605,5.627518192921095,147658
1995-07-21,5.55419397354126,5.59085547261811,5.517532819786821,5.55419397354126,70372
1995-07-24,5.53586483001709,5.554195238407519,5.499203322591253,5.554195238407519,69385
1995-07-25,5.499202251434326,5.535863751719088,5.499202251434326,5.499202251434326,58520
1995-07-26,5.499202251434326,5.535863751719088,5.499202251434326,5.535863751719088,161733
1995-07-27,5.572523593902588,5.572523593902588,5.499200955928884,5.535862447576906,222969
1995-07-28,5.64585018157959,5.64585018157959,5.535865981742582,5.535865981742582,218524
1995-07-31,5.64585018157959,5.664180593783623,5.609188321203838,5.64585018157959,201981
1995-08-01,5.64585018157959,5.64585018157959,5.609188321203838,5.627519078730433,53335
1995-08-02,5.609189033508301,5.6458508985397,5.609189033508301,5.6458508985397,80249
1995-08-03,5.627516269683838,5.627516269683838,5.590855118253091,5.60918552130727,22964
1995-08-04,5.609189033508301,5.6641813130714915,5.572527859122112,5.572527859122112,29137
1995-08-07,5.55419397354126,5.6091858768341245,5.55419397354126,5.5725247230796855,47409
1995-08-08,5.480871200561523,5.590855350058654,5.480871200561523,5.590855350058654,174819
1995-08-09,5.462542533874512,5.535865208415594,5.425880678620201,5.480872943517897,97040
1995-08-10,5.425879001617432,5.462540845540489,5.407548597639513,5.425879001617432,104447
1995-08-11,5.425879001617432,5.462540845540489,5.407548597639513,5.407548597639513,321984
1995-08-14,5.444211959838867,5.462542715413962,5.425880858941248,5.425880858941248,179264
1995-08-15,5.444211959838867,5.462542715413962,5.425880858941248,5.444211959838867,181980
1995-08-16,5.480871200561523,5.480871200561523,5.425878953151756,5.462540796747337,83459
1995-08-17,5.55419397354126,5.55419397354126,5.444210166955531,5.462540916493957,674585
1995-08-18,5.55419397354126,5.55419397354126,5.517532819786821,5.55419397354126,338033
1995-08-21,5.526699066162109,5.5541950230038895,5.517533862322341,5.517533862322341,148399
1995-08-22,5.618349552154541,5.6275147512085795,5.51753098127093,5.554192122809381,325934
1995-08-23,5.6825103759765625,5.700841130356906,5.5908569493973435,5.62751811283553,433838
1995-08-24,5.572523593902588,5.682507723524314,5.572523593902588,5.664176977700303,281489
1995-08-25,5.572523593902588,5.572523593902588,5.535862447576906,5.572523593902588,126917
1995-08-28,5.655012130737305,5.664177677442776,5.535863131467628,5.535863131467628,813601
1995-08-29,5.700839519500732,5.7375006725797695,5.6275165226978485,5.66417802109929,384701
1995-08-30,5.847486972808838,5.847486972808838,5.737503121308926,5.755833878333095,272600
1995-08-31,5.902479648590088,5.920810753266153,5.792495783114466,5.847487715852277,345935
1995-09-01,5.874983310699463,5.920809682814068,5.710006506345205,5.884148170735344,378281
1995-09-05,5.920811653137207,5.939142760599314,5.865819712041478,5.865819712041478,269884
1995-09-06,5.85665225982666,5.92080973385625,5.847486709066698,5.92080973385625,295069
1995-09-07,5.884147644042969,5.884147644042969,5.829155726169764,5.8474861352458305,366182
1995-09-08,5.920811653137207,5.957473177416125,5.865819712041478,5.8841501288582885,306181
1995-09-11,5.920811653137207,5.975803594232935,5.920811653137207,5.957473177416125,78274
1995-09-12,6.049123764038086,6.067454172131532,5.920808835449059,5.957470342280919,270377
1995-09-13,6.058640480041504,6.097907688818217,6.023993352423676,6.097907688818217,180252
1995-09-14,6.06095027923584,6.097907445961243,6.023993112510436,6.06095027923584,213092
1995-09-15,6.042471885681152,6.097907286209607,6.042471885681152,6.042471885681152,265192
1995-09-18,6.02399206161499,6.079427453924932,6.005513829583213,6.079427453924932,264945
1995-09-19,5.996276378631592,6.023994084092422,5.9685586731707625,5.987037607621214,144942
1995-09-20,5.9685587882995605,6.00551596169849,5.9685587882995605,5.9685587882995605,107657
1995-09-21,5.913121223449707,5.987035543336718,5.913121223449707,5.950077687178607,168646
1995-09-22,5.885406494140625,5.931602445194559,5.876167025443856,5.931602445194559,323959
1995-09-25,5.913121223449707,5.931599455314156,5.876164063506201,5.876164063506201,87904
1995-09-26,5.894644737243652,5.931601912496771,5.894644737243652,5.931601912496771,22223
1995-09-27,5.894644737243652,5.931601912496771,5.87616649772454,5.931601912496771,102225
1995-09-28,5.931600093841553,5.950078327695156,5.8761646960660645,5.8761646960660645,126917
1995-09-29,6.005513668060303,6.023991899595093,5.913121117957163,5.950077581026744,269637
1995-10-02,6.02399206161499,6.02399206161499,5.987035597551436,5.987035597551436,107657
1995-10-03,5.996276378631592,6.023994084092422,5.987037607621214,6.023994084092422,295316
1995-10-04,5.987035751342773,6.005513983849208,5.913121428887775,5.968556822621709,200746
1995-10-05,5.9685587882995605,5.987037723106455,5.9500798534926655,5.987037723106455,95558
1995-10-06,6.005513668060303,6.023991899595093,5.968556508776128,5.968556508776128,141238
1995-10-09,5.931600093841553,6.005514421685326,5.931600093841553,6.005514421685326,111361
1995-10-10,5.931600093841553,5.950078327695156,5.894642929919667,5.931600093841553,121978
1995-10-11,5.987035751342773,6.005513983849208,5.894642500166711,5.9500778939006445,366182
1995-10-12,5.9685587882995605,6.042473135097419,5.9685587882995605,5.987037723106455,243710
1995-10-13,5.987035751342773,6.0239922163556425,5.968556822621709,5.968556822621709,197536
1995-10-16,5.913121223449707,5.987035543336718,5.894642295370651,5.987035543336718,208400
1995-10-17,5.894644737243652,5.950080152015883,5.894644737243652,5.913123672977659,362232
1995-10-18,6.06095027923584,6.06095027923584,5.931600543804293,5.931600543804293,675573
1995-10-19,6.088667392730713,6.097906857574231,6.042471460942454,6.042471460942454,160498
1995-10-20,6.1348652839660645,6.1348652839660645,6.060951630254244,6.060951630254244,95558
1995-10-23,5.9685587882995605,6.097908547088383,5.931601614900631,6.060951373689454,688660
1995-10-24,5.987035751342773,5.987035751342773,5.93159966139421,5.968556822621709,119756
1995-10-25,5.913121223449707,5.968556615257663,5.876164063506201,5.968556615257663,131608
1995-10-26,5.894644737243652,5.913123672977659,5.857688258205428,5.87616649772454,198030
1995-10-27,5.8576884269714355,5.894644907074413,5.8576884269714355,5.8576884269714355,173832
1995-10-30,5.903883457183838,5.931601161058567,5.857687516130891,5.894643990487326,408900
1995-10-31,5.894644737243652,5.931601912496771,5.894644737243652,5.894644737243652,133337
1995-11-01,5.931600093841553,5.931600093841553,5.894642929919667,5.931600093841553,280007
1995-11-02,5.950079917907715,5.9685588529146605,5.894644505316612,5.894644505316612,197042
1995-11-03,5.913121223449707,5.968556615257663,5.913121223449707,5.950077687178607,129386
1995-11-06,5.9685587882995605,5.9685587882995605,5.931601614900631,5.931601614900631,262970
1995-11-07,5.987035751342773,5.987035751342773,5.93159966139421,5.93159966139421,319761
1995-11-08,5.987035751342773,6.005513983849208,5.968556822621709,5.987035751342773,252352
1995-11-09,6.005513668060303,6.023991899595093,5.968556508776128,5.968556508776128,325934
1995-11-10,6.1071457862854,6.153342415499246,5.9870362212446455,5.989345565355058,471370
1995-11-13,6.116384983062744,6.134863216208884,6.07942782055581,6.097906749916604,610139
1995-11-14,6.116384983062744,6.134863216208884,6.07942782055581,6.097906749916604,414579
1995-11-15,6.02399206161499,6.097906382171322,6.02399206161499,6.060949221893156,136300
1995-11-16,6.070188522338867,6.116384449279981,6.02399189918316,6.02399189918316,358528
1995-11-17,6.097908020019531,6.097908020019531,6.060950849814971,6.060950849814971,214080
1995-11-20,6.088667392730713,6.1163850910466016,6.0794279278871945,6.088667392730713,238772
1995-11-21,6.116384983062744,6.116384983062744,6.06094958740967,6.116384983062744,177042
1995-11-22,6.0794267654418945,6.1163839215347355,6.0794267654418945,6.1163839215347355,102472
1995-11-24,6.116384983062744,6.116384983062744,6.07942782055581,6.07942782055581,173585
1995-11-27,6.116384983062744,6.116384983062744,6.06094958740967,6.07942782055581,344700
1995-11-28,6.097908020019531,6.116386257014411,6.079429086809852,6.116386257014411,206672
1995-11-29,6.097908020019531,6.116386257014411,6.060950849814971,6.079429086809852,80249
1995-11-30,6.208775520324707,6.227253747456357,6.079425841759868,6.116382992237598,435567
1995-12-01,6.2642130851745605,6.2642130851745605,6.171820524827254,6.245734851590967,353343
1995-12-04,6.393561840057373,6.467475459405939,6.22725497814761,6.22725497814761,716068
1995-12-05,6.43051815032959,6.43051815032959,6.375082769070624,6.375082769070624,101237
1995-12-06,6.578348159790039,6.633783558695302,6.375084798399175,6.375084798399175,842985
1995-12-07,6.522912502288818,6.63378400375235,6.513673732661247,6.5783486011279555,279267
1995-12-08,6.596825122833252,6.652260511056294,6.504432577056662,6.54138973461021,518038
1995-12-11,6.633782863616943,6.652261095911009,6.559869238226056,6.596825702814188,382726
1995-12-12,6.559869289398193,6.633782915365666,6.559869289398193,6.596825754274616,153831
1995-12-13,6.5904011726379395,6.664869291603422,6.5717837921810895,6.6090185530947885,266427
1995-12-14,6.6090192794799805,6.6276359605519986,6.55316783340186,6.6276359605519986,108892
1995-12-15,6.49731969833374,6.55317046541269,6.460085619804002,6.534553776863479,339515
1995-12-18,6.422849655151367,6.478700399729894,6.366998209141806,6.478700399729894,167659
1995-12-19,6.422849655151367,6.422849655151367,6.366998209141806,6.366998209141806,74323
1995-12-20,6.413540840148926,6.4414662118993125,6.385615468398538,6.413540840148926,69138
1995-12-21,6.385615348815918,6.441466091270782,6.385615348815918,6.441466091270782,168153
1995-12-22,6.385615348815918,6.441466091270782,6.385615348815918,6.385615348815918,63212
1995-12-26,6.404229640960693,6.441463689189351,6.366995592732037,6.441463689189351,80002
1995-12-27,6.488008499145508,6.497317190542866,6.366998316704042,6.404232380862426,975334
1995-12-28,6.441464424133301,6.497315152133247,6.441464424133301,6.460081099656342,110126
1995-12-29,6.404229640960693,6.478697737418007,6.404229640960693,6.478697737418007,108151
1996-01-02,6.646255016326904,6.664872405481938,6.367000491882964,6.422851957916779,778045
1996-01-03,6.655562400817871,6.739338531231103,6.62763702401346,6.664871093563057,557545
1996-01-04,6.534550666809082,6.683486208612331,6.534550666809082,6.646252147803773,189881
1996-01-05,6.488008499145508,6.55316793606492,6.478700509179196,6.55316793606492,104941
1996-01-08,6.478701114654541,6.515934480861573,6.478701114654541,6.478701114654541,16544
1996-01-09,6.469391345977783,6.47870003669627,6.441465975253315,6.47870003669627,68644
1996-01-10,6.404229640960693,6.478697737418007,6.404229640960693,6.404229640960693,271118
1996-01-11,6.404229640960693,6.441463689189351,6.366995592732037,6.422847015790395,105682
1996-01-12,6.2366814613342285,6.404233733283424,6.218064074607967,6.369327009960675,300255
1996-01-15,6.227371692657471,6.292531132085571,6.218063000901722,6.273913748574072,128892
1996-01-16,6.162209987640381,6.273911441917091,6.162209987640381,6.218060714778736,344700
1996-01-17,6.180830478668213,6.218064553557516,6.143597105210157,6.162213791939185,65681
1996-01-18,6.08774471282959,6.180828822970955,6.08774471282959,6.180828822970955,150127
1996-01-19,6.106362342834473,6.180829782797896,6.087745658201409,6.124979027467536,390134
1996-01-22,6.134286880493164,6.171520946091766,6.106361506651981,6.106361506651981,173832
1996-01-23,6.12497615814209,6.162210211396605,6.12497615814209,6.12497615814209,130868
1996-01-24,6.106362342834473,6.162213098164832,6.106362342834473,6.143596413531768,208894
1996-01-25,6.08774471282959,6.143595459486833,6.06912732965647,6.124978076313712,120003
1996-01-26,6.069127559661865,6.08774494354054,6.0318941947666875,6.08774494354054,191857
1996-01-29,6.12497615814209,6.143593535484768,6.031892077152062,6.031892077152062,240500
1996-01-30,6.162209987640381,6.162209987640381,6.124975935737873,6.162209987640381,99262
1996-01-31,6.273909091949463,6.3297597981682685,6.124973641555798,6.162207679511852,772366
1996-02-01,6.329763412475586,6.329763412475586,6.199445257363301,6.329763412475586,587670
1996-02-02,6.311145305633545,6.36699603110654,6.292528630952811,6.329761980314279,324206
1996-02-05,6.311145305633545,6.311145305633545,6.292528630952811,6.292528630952811,81977
1996-02-06,6.29252815246582,6.311144825730933,6.29252815246582,6.29252815246582,96793
1996-02-07,6.273909091949463,6.311143129905517,6.255292423686711,6.311143129905517,138275
1996-02-08,6.2366814613342285,6.273914831924365,6.218064074607967,6.2366814613342285,59261
1996-02-09,6.2552947998046875,6.2552947998046875,6.199444072370588,6.2552947998046875,157288
1996-02-12,6.2552947998046875,6.2552947998046875,6.199444072370588,6.2552947998046875,110620
1996-02-13,6.218062877655029,6.236680260797517,6.180828812801112,6.180828812801112,178276
1996-02-14,6.329763412475586,6.34838079279945,6.199445257363301,6.2366793165800765,505692
1996-02-15,6.404229640960693,6.404229640960693,6.292528197705468,6.32976154450338,471864
1996-02-16,6.441464424133301,6.441464424133301,6.3483796436564495,6.4042303716563955,429394
1996-02-20,6.422849655151367,6.422849655151367,6.329764145612443,6.422849655151367,466432
1996-02-21,6.404229640960693,6.441463689189351,6.3856129675617375,6.422847015790395,174572
1996-02-22,6.4600830078125,6.478700390265501,6.422849645768562,6.441466326790532,168893
1996-02-23,6.515933513641357,6.562476266638042,6.460082771190141,6.478700152961218,255068
1996-02-26,6.944123268127441,7.0558254511437415,6.51593332014242,6.51593332014242,2158081
1996-02-27,6.85103702545166,6.962738472108105,6.85103702545166,6.962738472108105,416554
1996-02-28,6.869658470153809,6.962743307488583,6.832424394933649,6.8882751570482625,473099
1996-02-29,6.832420825958252,6.8696548817288745,6.832420825958252,6.8696548817288745,171362
1996-03-01,6.813803672790527,6.869654401829404,6.813803672790527,6.869654401829404,106669
1996-03-04,6.795189380645752,6.851040129276842,6.795189380645752,6.851040129276842,101237
1996-03-05,7.148907661437988,7.148907661437987,6.77656858921983,6.795185963689177,1557078
1996-03-06,7.018590927124023,7.1489097813304525,6.962740190015822,7.111675722781339,709648
1996-03-07,7.0744428634643555,7.093060246610329,6.999975435173637,7.05582618174944,400257
1996-03-08,6.953432083129883,7.055825577368846,6.925506712233983,7.0372081958175805,665202
1996-03-11,6.906890869140625,6.944124233893366,6.851040120580429,6.944124233893366,363713
1996-03-12,6.776573181152344,6.888274697936533,6.72072242276025,6.851041326629274,331860
1996-03-13,6.735293388366699,6.829099738409763,6.697770706975846,6.829099738409763,306181
1996-03-14,6.707155227661133,6.735297077400997,6.679013377921268,6.697774375458335,212104
1996-03-15,6.622727394104004,6.735295473119372,6.566443708030499,6.679011787045867,395319
1996-03-18,6.67901086807251,6.67901086807251,6.566442804545522,6.603965492387851,387417
1996-03-19,6.632111549377441,6.772821541556466,6.603969692315379,6.71653782743234,507668
1996-03-20,6.566444396972656,6.641489790856559,6.547683401935896,6.6227280889513676,273587
1996-03-21,6.472639083862305,6.585206474236093,6.4538773808876915,6.585206474236093,300255
1996-03-22,6.585203647613525,6.641487318641305,6.472636305557967,6.491397293611171,491371
1996-03-25,6.566444396972656,6.67901248779851,6.547683401935896,6.6227280889513676,255068
1996-03-26,6.57582426071167,6.6039661024761545,6.5476824189471845,6.6039661024761545,221240
1996-03-27,6.622727394104004,6.660250793977484,6.547682714962116,6.585205407967239,466432
1996-03-28,6.57582426071167,6.622727094696369,6.566443411167399,6.6039661024761545,104941
1996-03-29,6.585203647613525,6.622725623719933,6.585203647613525,6.622725623719933,410381
1996-04-01,6.603966236114502,6.641488928182568,6.566443544046435,6.603966236114501,725945
1996-04-02,6.61334753036499,6.622727673861239,6.6039666800003545,6.622727673861239,221734
1996-04-03,6.585203647613525,6.622725623719933,6.566441952692154,6.603964635666729,120497
1996-04-04,6.566444396972656,6.603967093914608,6.547683401935896,6.566444396972656,281489
1996-04-08,6.435118198394775,6.491401909444142,6.416356490132539,6.472640908050576,178523
1996-04-09,6.435118198394775,6.491401909444142,6.378833780476738,6.416356490132539,184202
1996-04-10,6.36007022857666,6.41635391705522,6.360070228576659,6.41635391705522,238525
1996-04-11,6.341307640075684,6.397591314400746,6.303784954902906,6.360068629227968,394331
1996-04-12,6.41635799407959,6.472642425190283,6.322551551386883,6.322551551386883,637547
1996-04-15,6.378830909729004,6.416353602497983,6.378830909729004,6.416353602497983,104200
1996-04-16,6.355378150939941,6.41635189192437,6.341307233261369,6.41635189192437,173091
1996-04-17,6.341307640075684,6.3788296183802515,6.32254594405519,6.341307640075684,153090
1996-04-18,6.510159969329834,6.510159969329834,6.341308912474285,6.360069905391007,619275
1996-04-19,6.547685623168945,6.641492043912443,6.510162913497812,6.510162913497812,581497
1996-04-22,6.622727394104004,6.641489094040744,6.528921721893734,6.603966401035621,367664
1996-04-23,6.660252094268799,6.6602520942688,6.603967690338446,6.641490390669183,715574
1996-04-24,6.810344219207764,6.866628645761106,6.716538490979344,6.735299495251272,1116078
1996-04-25,6.866621494293213,6.885382479025899,6.829098817959798,6.829098817959798,743229
1996-04-26,6.829104900360107,6.866627610113443,6.829104900360107,6.829104900360107,710389
1996-04-29,6.847864627838135,6.847864627838135,6.810341222070256,6.810341222070256,97040
1996-04-30,6.922910690307617,6.941671690039943,6.810342571307841,6.847865984509708,827182
1996-05-01,6.904146194458008,6.941668174922301,6.866623507125464,6.922907184690154,360503
1996-05-02,6.922910690307617,6.960433396640877,6.847865984509708,6.885387983974359,439765
1996-05-03,6.866621494293213,6.922905155359313,6.866621494293213,6.866621494293213,236302
1996-05-06,6.904146194458008,6.941668174922301,6.866623507125464,6.922907184690154,799527
1996-05-07,6.904146194458008,6.941668174922301,6.904146194458008,6.904146194458008,525446
1996-05-08,6.960433006286621,6.960433006286621,6.866626599148619,6.8853875978287915,635572
1996-05-09,6.960433006286621,6.997955003646967,6.922910302057707,6.922910302057707,301489
1996-05-10,6.979191303253174,7.016713992956686,6.960430311835565,6.960430311835565,70372
1996-05-13,6.960433006286621,7.016716709195708,6.960433006286621,6.960433006286621,209882
1996-05-14,6.997954368591309,7.016716072437449,6.960432374636037,7.016716072437449,158029
1996-05-15,6.979191303253174,7.016713992956686,6.960430311835565,6.960430311835565,58767
1996-05-16,6.997954368591309,7.016716072437449,6.979193371613673,6.979193371613673,117040
1996-05-17,6.997954368591309,7.016716072437449,6.979193371613673,6.979193371613673,75804
1996-05-20,7.016713619232178,7.054236306937154,6.9791909315272,6.9791909315272,321984
1996-05-21,7.035472869873047,7.072995548299172,7.0167118840940255,7.054234562520151,297045
1996-05-22,7.035472869873047,7.072995548299172,7.035472869873046,7.035472869873046,419023
1996-05-23,7.054242134094238,7.091764145926018,7.035480421309507,7.035480421309507,584707
1996-05-24,7.063618183135986,7.0729990340827,7.054238039057704,7.0729990340827,202227
1996-05-28,7.0823798179626465,7.110521663667865,7.054237972257427,7.054237972257427,259760
1996-05-29,7.073002338409424,7.129286056647162,7.073002338409424,7.073002338409424,150374
1996-05-30,7.110519886016846,7.129280876173881,7.072997198834528,7.072997198834528,332601
1996-05-31,7.09175968170166,7.129282376781948,7.072998687595715,7.09175968170166,108398
1996-06-03,7.110519886016846,7.129280876173881,7.091758188991563,7.091758188991563,204697
1996-06-04,7.148043632507324,7.185565618381984,7.110520939764311,7.110520939764311,254821
1996-06-05,7.213706970214844,7.2230878194791694,7.148043145969478,7.185565129290171,301983
1996-06-06,7.260611534118652,7.3544179193927945,7.204327844327849,7.223088838635315,3259591
1996-06-07,7.2043280601501465,7.223089055019643,7.148044368673235,7.185566358412226,580015
1996-06-10,7.185569763183594,7.204331473811462,7.148047755665377,7.166808759424486,565941
1996-06-11,7.185569763183594,7.185569763183594,7.148047755665377,7.148047755665377,349886
1996-06-12,7.2384843826293945,7.2384843826293945,7.2006860626106945,7.2384843826293945,73088
1996-06-13,7.219584941864014,7.23848410113841,7.162886751966699,7.200685782589615,152597
1996-06-14,7.106186866760254,7.2195832195021366,7.106186866760254,7.2195832195021366,363466
1996-06-17,7.106186866760254,7.1250860215259175,7.106186866760254,7.106186866760254,161733
1996-06-18,7.125089168548584,7.125089168548584,7.106190005435503,7.106190005435503,178770
1996-06-19,7.125089168548584,7.125089168548584,7.106190005435503,7.106190005435503,79508
1996-06-20,7.049490928649902,7.125089003499567,7.03059176597461,7.106189840824276,186918
1996-06-21,7.030594348907471,7.0683934002190965,7.030594348907471,7.0494935185260275,135312
1996-06-24,7.030594348907471,7.0683934002190965,7.030594348907471,7.030594348907471,120250
1996-06-25,7.049490928649902,7.106189840824276,7.03059176597461,7.03059176597461,210623
1996-06-26,7.049490928649902,7.087289966074734,7.0494909286499015,7.0494909286499015,235315
1996-06-27,7.049490928649902,7.068390803399443,7.0494909286499015,7.0494909286499015,210870
1996-06-28,7.068392276763916,7.106191322067735,7.049492398074807,7.106191322067735,694092
1996-07-01,7.125089168548584,7.181787369962092,7.087290130248156,7.125089168548584,432357
1996-07-02,7.125089168548584,7.181787369962092,7.087290130248156,7.181787369962092,159016
1996-07-03,7.087290287017822,7.125089326154358,7.049491247881286,7.087290287017822,253093
1996-07-05,7.068392276763916,7.087291443378626,7.030593231460096,7.068392276763915,148893
1996-07-08,7.011689186096191,7.030588339560828,6.992789320557652,7.030588339560828,125929
1996-07-09,7.030594348907471,7.030594348907471,6.992795297595844,6.992795297595844,53582
1996-07-10,6.954991817474365,7.030589152144225,6.954991817474365,7.030589152144225,62718
1996-07-11,6.898294925689697,6.992791433641771,6.879395054439987,6.954993115290589,182721
1996-07-12,6.992791175842285,6.992791175842285,6.879394800821024,6.879394800821024,110867
1996-07-15,6.898294925689697,6.992791433641771,6.841596024014687,6.93609324404088,226919
1996-07-16,6.747097969055176,6.860494334224496,6.747097969055176,6.841595177387619,240253
1996-07-17,6.822697162628174,6.841596322628654,6.765998970552586,6.784898130553065,176054
1996-07-18,6.822697162628174,6.841596322628654,6.784898130553065,6.784898130553065,116546
1996-07-19,6.860497951507568,6.860497951507568,6.784900572226371,6.784900572226371,154078
1996-07-22,6.8415937423706055,6.898292625136766,6.822694589497806,6.822694589497806,236056
1996-07-23,6.822697162628174,6.879395354703762,6.822697162628174,6.860495482629133,174326
1996-07-24,6.633704662322998,6.822699166122879,6.633704662322998,6.784900122948031,232846
1996-07-25,6.671498775482178,6.690398641157663,6.614800602603538,6.652599621880601,227413
1996-07-26,6.690403461456299,6.690403461456299,6.633705247727757,6.633705247727757,98521
1996-07-29,6.633704662322998,6.69040287104809,6.633704662322998,6.633704662322998,71607
1996-07-30,6.633704662322998,6.69040287104809,6.577006453597905,6.633704662322998,201240
1996-07-31,6.595901966094971,6.633700988335329,6.558102943854612,6.5770028110117735,126423
1996-08-01,6.784897804260254,6.841595993609167,6.558104334790487,6.595903365047801,665202
1996-08-02,6.9738922119140625,7.011691242000326,6.841595962649197,6.860495121655273,340009
1996-08-05,6.898294925689697,7.011691304891481,6.879395054439987,6.97389227446618,276057
1996-08-06,6.860497951507568,6.917196876061474,6.84159878470587,6.879397830383672,185931
1996-08-07,6.8415937423706055,6.879392760190085,6.803794724551126,6.8415937423706055,115065
1996-08-08,6.822697162628174,6.879395354703762,6.803797290553545,6.803797290553545,204944
1996-08-09,6.860497951507568,6.898297709259776,6.822699617904172,6.822699617904172,132102
1996-08-12,6.954991817474365,6.992790128772302,6.841594747358597,6.841594747358597,304946
1996-08-13,6.860497951507568,6.954995921739275,6.860497951507568,6.954995921739275,316798
1996-08-14,6.860497951507568,6.898297709259776,6.860497951507568,6.860497951507568,79755
1996-08-15,6.917190074920654,6.917190074920654,6.860491206114385,6.860491206114385,97040
1996-08-16,6.964439392089844,6.973889323716301,6.917191158105194,6.926640377657834,114324
1996-08-19,6.9738922119140625,6.992791370920139,6.9360931818277995,6.992791370920139,183462
1996-08-20,6.954991817474365,6.992790128772302,6.954991817474365,6.973890973123334,151609
1996-08-21,6.9738922119140625,7.0305904010064015,6.9738922119140625,6.9738922119140625,219018
1996-08-22,7.049490928649902,7.087289966074734,6.973893565874487,7.011692603299319,146424
1996-08-23,6.9738922119140625,7.087288590098741,6.9738922119140625,7.0305904010064015,205684
1996-08-26,6.9738922119140625,7.049489560012478,6.954993052907987,6.9738922119140625,149387
1996-08-27,6.936093330383301,6.973892361279135,6.936093330383302,6.936093330383302,65681
1996-08-28,6.954991817474365,6.973890973123334,6.936091949751411,6.936091949751411,64940
1996-08-29,6.917190074920654,6.973888231653219,6.917190074920654,6.954989083433599,160498
1996-08-30,6.917190074920654,6.973888231653219,6.917190074920654,6.936089223140274,108398
1996-09-03,7.011689186096191,7.049487493025465,6.898292841160565,6.917191994625202,360750
1996-09-04,7.087290287017822,7.087290287017822,7.011692920819032,7.068391123486695,271118
1996-09-05,7.030594348907471,7.0683934002190965,6.992795297595844,7.030594348907471,268649
1996-09-06,7.087290287017822,7.181787528822022,6.992793045213623,6.992793045213623,580756
1996-09-09,7.115636348724365,7.143985437948153,7.087287259500577,7.106187127032421,146424
1996-09-10,7.162885665893555,7.200684690785192,7.106187484593107,7.143985797410729,215067
1996-09-11,7.254279613494873,7.273319436919462,7.216199249271692,7.273319436919462,125435
1996-09-12,7.254279613494873,7.254279613494873,7.216199249271692,7.254279613494873,550385
1996-09-13,7.273321151733398,7.273321151733398,7.216200950618532,7.273321151733398,120497
1996-09-16,7.273321151733398,7.3114015249347,7.235240778532097,7.254281323819834,147164
1996-09-17,7.216197490692139,7.273317664419784,7.216197490692139,7.254277845635178,124942
1996-09-18,7.1971564292907715,7.235236781454737,7.197156429290772,7.2328572526389605,38026
1996-09-19,7.101956367492676,7.197156895380916,7.0829165488645565,7.159077258124678,218277
1996-09-20,7.1590800285339355,7.197159680526176,7.101959115797374,7.120999659167595,263464
1996-09-23,7.216197490692139,7.216197490692139,7.159077316964494,7.197156954533704,179758
1996-09-24,7.235238552093506,7.27331891357666,7.178118368555748,7.178118368555748,324453
1996-09-25,7.273321151733398,7.292360979646963,7.216200950618532,7.216200950618532,148399
1996-09-26,7.2923583984375,7.387558939056403,7.273318577263288,7.311398936985632,388652
1996-09-27,7.406600475311279,7.463720663902218,7.292359380755389,7.292359380755389,488655
1996-09-30,7.349480628967285,7.46372101146905,7.330440086967625,7.406600820218168,378775
1996-10-01,7.482761859893799,7.501801687124458,7.311401262695419,7.3494816345308855,599028
1996-10-02,7.482761859893799,7.577962430795392,7.4446814880583325,7.501801687124458,594336
1996-10-03,7.444676876068115,7.501797039748202,7.406597245197193,7.444676876068115,332601
1996-10-04,7.444676876068115,7.48275722431274,7.444676876068115,7.4637174088772795,114818
1996-10-07,7.46372127532959,7.501800925927019,7.4446807326568,7.482761100628304,100003
1996-10-08,7.558925151824951,7.577964985474308,7.482764382478746,7.501804216128103,219759
1996-10-09,7.539884567260742,7.558924399013877,7.5018034690058375,7.539884567260742,582731
1996-10-10,7.530360698699951,7.558920791386006,7.501799888639921,7.501799888639921,164943
1996-10-11,7.558925151824951,7.558925151824951,7.520844767151848,7.539885318175594,67903
1996-10-14,7.520842552185059,7.558922925643093,7.520842552185059,7.520842552185059,50619
1996-10-15,7.5017991065979,7.5398801827080915,7.5017991065978995,7.5208396446529955,116052
1996-10-16,7.46372127532959,7.520841468599809,7.4446807326568,7.501800925927019,177782
1996-10-17,7.482761859893799,7.482761859893799,7.4446814880583325,7.482761859893799,38520
1996-10-18,7.482761859893799,7.482761859893799,7.4446814880583325,7.482761859893799,116546
1996-10-21,7.46372127532959,7.482761100628304,7.4446807326568,7.463721275329589,113089
1996-10-22,7.42802095413208,7.463721073962799,7.425640707018681,7.444680531803713,59508
1996-10-23,7.46372127532959,7.482761100628304,7.425640907358085,7.425640907358085,136794
1996-10-24,7.46372127532959,7.482761100628304,7.425640907358085,7.425640907358085,154572
1996-10-25,7.482761859893799,7.520842231729265,7.463722032663139,7.482761859893799,234574
1996-10-28,7.482761859893799,7.539882776334072,7.482761859893799,7.501801687124458,105435
1996-10-29,7.5017991065979,7.5398801827080915,7.482759285916704,7.482759285916704,85187
1996-10-30,7.57796049118042,7.635080675626364,7.5017997670031855,7.5017997670031855,287662
1996-10-31,7.61604118347168,7.616041183471679,7.558920996549221,7.577960819732042,188153
1996-11-01,7.558925151824951,7.61604537014741,7.558925151824951,7.577964985474308,240747
1996-11-04,7.520842552185059,7.577962753685021,7.520842552185059,7.558922925643093,109139
1996-11-05,7.539884567260742,7.616044611647601,7.539884567260742,7.539884567260742,173338
1996-11-06,7.520842552185059,7.558922925643093,7.501802006768953,7.558922925643093,266921
1996-11-07,7.61604118347168,7.6350810066545005,7.463720445887125,7.539881173366399,322971
1996-11-08,7.711243152618408,7.730283696677735,7.597002757758949,7.635082411129351,389640
1996-11-11,7.730284214019775,7.730284214019775,7.654123467433731,7.692203123352579,200252
1996-11-12,7.787405967712402,7.8254856312225325,7.711245205943507,7.711245205943507,268896
1996-11-13,7.920685291290283,7.977806214572387,7.7874050499633265,7.844525255871198,898295
1996-11-14,7.844526290893555,7.958766717782406,7.825485741495861,7.920686336361346,373590
1996-11-15,7.825479030609131,7.882599195069086,7.825479030609132,7.882599195069086,90620
1996-11-18,7.825479030609131,7.882599195069086,7.825479030609132,7.825479030609132,52347
1996-11-19,7.825479030609131,7.882599195069086,7.825479030609132,7.825479030609132,42223
1996-11-20,8.092047691345215,8.092047691345215,7.825485738861848,7.882605952287047,474333
1996-11-21,8.168206214904785,8.206286589217973,8.1110860121221,8.1110860121221,446678
1996-11-22,8.111083030700684,8.168203212487489,8.092043209229725,8.168203212487489,140004
1996-11-25,8.073006629943848,8.149167387930028,8.073006629943848,8.111087008936938,163461
1996-11-26,8.168206214904785,8.225326417687471,8.0920461836526,8.1110860121221,817305
1996-11-27,8.168206214904785,8.225326417687471,8.168206214904785,8.187246760748476,125682
1996-11-29,8.168206214904785,8.206286589217973,8.168206214904785,8.206286589217973,48396
1996-12-02,8.187247276306152,8.206287105974603,8.168206729263462,8.168206729263462,131115
1996-12-03,8.130123138427734,8.187243317185615,8.130123138427734,8.168202779350393,235068
1996-12-04,8.015886306762695,8.149167272666212,7.939726267228024,8.130127442126112,256797
1996-12-05,7.968282222747803,8.034922671000775,7.939722133121371,7.996842312374233,254081
1996-12-06,7.901642322540283,7.920682144487176,7.768361416790186,7.901642322540282,278526
1996-12-09,7.9968438148498535,8.053964004834661,7.901643259083829,7.920683083287421,315811
1996-12-10,8.092047691345215,8.092047691345215,8.015886928528731,8.034927477920016,122225
1996-12-11,8.011545181274414,8.107377097712536,8.011545181274414,8.107377097712536,207660
1996-12-12,7.973212242126465,8.06904415822629,7.973212242126465,8.030711969491627,77286
1996-12-13,7.915714740753174,7.973213756910653,7.87738182260428,7.954047658902066,141238
1996-12-16,7.800716876983643,7.915714911783296,7.8007168769836435,7.896548813360599,186178
1996-12-17,7.819880485534668,7.819880485534667,7.704882487350696,7.7815483008943485,471123
1996-12-18,7.858211517333984,7.915710502706688,7.7815464442141575,7.7815464442141575,191857
1996-12-19,7.877374649047852,7.954040415529713,7.877374649047852,7.877374649047852,123460
1996-12-20,7.973212242126465,7.973212242126465,7.87738032602664,7.934879331260218,142226
1996-12-23,7.896549701690674,7.973214826137714,7.896549701690673,7.934881902848285,61977
1996-12-24,7.877374649047852,7.934873612843716,7.877374649047852,7.915707532288782,86422
1996-12-26,7.858211517333984,7.915710502706688,7.858211517333984,7.877377605081107,112102
1996-12-27,7.915714740753174,7.915714740753174,7.858215724595694,7.858215724595694,89138
1996-12-30,7.954049110412598,7.954049110412598,7.85821715861814,7.85821715861814,186918
1996-12-31,7.925299167633057,7.973214779867918,7.915715756333359,7.954048679400337,117040
1997-01-02,7.915714740753174,7.954047658902066,7.87738182260428,7.915714740753174,454827
1997-01-03,7.877374649047852,7.934873612843716,7.877374649047852,7.877374649047852,65681
1997-01-06,7.934877395629883,7.954044207453255,7.877378404422582,7.877378404422582,132843
1997-01-07,7.992379665374756,8.0115457611971,7.9157138378221,7.954046751598428,237290
1997-01-08,8.049878120422363,8.069044214924368,7.954046203649164,7.954046203649164,226919
1997-01-09,8.011545181274414,8.03071199784099,7.954046175837857,8.011545181274414,100250
1997-01-10,8.030709266662598,8.030709266662598,7.89654448485125,7.934876660684772,286427
1997-01-13,7.973212242126465,8.030711969491627,7.973212242126465,8.011545152992712,135559
1997-01-14,8.107375144958496,8.126541234777113,7.9732103498339315,8.01154325160258,197042
1997-01-15,8.203210830688477,8.279875947536922,8.069045973539014,8.145711812519206,718537
1997-01-16,8.164875984191895,8.279873993389558,8.164875984191895,8.222374988790726,344453
1997-01-17,8.260709762573242,8.318208780141926,8.164877825914855,8.164877825914855,362479
1997-01-20,8.356544494628906,8.356544494628906,8.222379594000522,8.241546421022852,265192
1997-01-21,8.24153995513916,8.356537938523777,8.24153995513916,8.356537938523777,270377
1997-01-22,8.318209648132324,8.318209648132324,8.222377701474045,8.27987672504265,472605
1997-01-23,8.356544494628906,8.433210358454264,8.2607125259132,8.2607125259132,289143
1997-01-24,8.356544494628906,8.394877426541585,8.318211562716227,8.318211562716227,312601
1997-01-27,8.337369918823242,8.394869624317804,8.318203831745928,8.356536728031866,246920
1997-01-28,8.414041519165039,8.509873464961979,8.337375673674764,8.337375673674764,552113
1997-01-29,8.414041519165039,8.490707364655314,8.414041519165039,8.433208341603512,261241
1997-01-30,8.423622131347656,8.490704543328269,8.37570581330512,8.471537727258626,288649
1997-01-31,8.509870529174805,8.509870529174805,8.414038616438544,8.414038616438544,247414
1997-02-03,8.433204650878906,8.471536834716462,8.414037836828635,8.452370742797683,498531
1997-02-04,8.433204650878906,8.471536834716462,8.394871744909858,8.452370742797683,315317
1997-02-05,8.490701675415039,8.509867762879365,8.414035881295092,8.452368778355066,256797
1997-02-06,8.509870529174805,8.56736953239025,8.461954211740895,8.490704435480176,192598
1997-02-07,8.490701675415039,8.529033850343689,8.490701675415039,8.490701675415039,86175
1997-02-10,8.548199653625488,8.586532546172824,8.490700675870102,8.5290328462862,206425
1997-02-11,8.644034385681152,8.663200477234458,8.548202483651666,8.586535388889757,267414
1997-02-12,8.759034156799316,8.816533887391035,8.644036139879129,8.644036139879129,409146
1997-02-13,8.816530227661133,8.854862402635145,8.73986443345046,8.797363418042803,338527
1997-02-14,8.854863166809082,8.874029978081506,8.778197365982157,8.816530988527006,555323
1997-02-18,9.104026794433594,9.123192885381203,8.81653181956218,8.835697910509788,475815
1997-02-19,9.151945114135742,9.199860713089453,9.084862697895254,9.104028793050416,372355
1997-02-20,9.04653549194336,9.123200643055451,9.027369384698353,9.123200643055451,529890
1997-02-21,9.027360916137695,9.08485990606502,9.027360916137695,9.046527005403007,400257
1997-02-24,9.113612174987793,9.123194861471488,9.027363663844882,9.027363663844882,247167
1997-02-25,9.314859390258789,9.353192305424916,9.142362355208718,9.142362355208718,451123
1997-02-26,9.295693397521973,9.391525325441357,9.295693397521973,9.33402631311606,488902
1997-02-27,9.142362594604492,9.314859634171455,9.142362594604492,9.314859634171455,340503
1997-02-28,9.027360916137695,9.142358895992347,9.027360916137695,9.123192084595644,525940
1997-03-03,8.87403392791748,8.95069904073669,8.854867108113897,8.931532943064814,828170
1997-03-04,8.931533813476562,8.950699913016246,8.835701871514583,8.87403479272573,574336
1997-03-05,9.008194923400879,9.008194923400879,8.912363024102389,8.912363024102389,312848
1997-03-06,9.123191833496094,9.123191833496094,8.950694868461788,8.950694868461788,413591
1997-03-07,9.314859390258789,9.353192305424916,9.065696524876465,9.065696524876465,1371888
1997-03-10,9.286107063293457,9.334022647369448,9.238190757086079,9.295689746829822,476062
1997-03-11,9.487358093261719,9.52569101224936,9.276528122027294,9.276528122027294,575077
1997-03-12,9.510503768920898,9.568376894640693,9.452630643201104,9.568376894640693,391862
1997-03-13,9.327248573303223,9.510513909091294,9.317602799788814,9.45264072166674,492358
1997-03-14,9.452630996704102,9.452630996704102,9.29830241340312,9.317593213754417,420505
1997-03-17,9.259719848632812,9.414048427979838,9.20184672223145,9.394757628122777,644955
1997-03-18,9.201847076416016,9.317593333673882,9.163264748386656,9.259720205044948,404949
1997-03-19,9.182552337646484,9.201843858329601,9.124679229257044,9.143970749940161,248155
1997-03-20,9.182552337646484,9.221134652182762,9.143970749940161,9.182552337646484,470383
1997-03-21,9.182552337646484,9.24042617286588,9.143970749940161,9.182552337646484,154078
1997-03-24,9.259719848632812,9.317592975034174,9.182555195544209,9.182555195544209,252105
1997-03-25,9.298304557800293,9.356177699031228,9.259722221369547,9.279013753000104,291366
1997-03-26,9.259719848632812,9.336884501721416,9.259719848632812,9.279011375320055,634831
1997-03-27,9.028225898742676,9.240428314457956,8.989644302094556,9.240428314457956,686438
1997-03-31,8.565240859985352,9.047518123690542,8.565240859985352,9.028226597044226,635078
1997-04-01,8.719569206237793,8.835315455705144,8.488076707303092,8.56524063133794,884221
1997-04-02,8.603824615478516,8.700280084240083,8.526659949737141,8.700280084240083,273834
1997-04-03,8.603824615478516,8.642406948349203,8.526659949737141,8.642406948349203,290131
1997-04-04,8.584534645080566,8.584534645080566,8.488079885627485,8.545953032031507,213339
1997-04-07,8.700276374816895,8.700276374816895,8.565238630758918,8.603820947179766,261735
1997-04-08,8.690638542175293,8.796739827417689,8.661701960169303,8.719575124181281,376553
1997-04-09,8.680989265441895,8.719570871412158,8.623115402825901,8.700280068427027,464703
1997-04-10,8.623116493225098,8.70028116858375,8.623116493225098,8.680990363159284,221487
1997-04-11,8.52665901184082,8.642405997721205,8.507368210942534,8.632760233856951,141238
1997-04-14,8.449495315551758,8.5459507763764,8.353039854727115,8.507368446680497,289637
1997-04-15,8.565240859985352,8.565240859985352,8.449494607428178,8.48807693389063,239512
1997-04-16,8.603824615478516,8.642406948349203,8.526659949737141,8.545951479587636,213092
1997-04-17,8.661699295043945,8.700281634790716,8.594180382194702,8.603826148839003,903480
1997-04-18,8.680989265441895,8.700280068427027,8.661697735626465,8.661697735626465,595324
1997-04-21,8.603824615478516,8.68098928121989,8.58453308562802,8.68098928121989,457049
1997-04-22,8.623116493225098,8.680990363159284,8.526661012441977,8.642408025479957,376306
1997-04-23,8.584534645080566,8.66169932483955,8.565243838556036,8.623116984960058,202227
1997-04-24,8.623116493225098,8.623116493225098,8.565243350121303,8.565243350121303,390874
1997-04-25,8.54594898223877,8.623112898600537,8.507366660642841,8.623112898600537,110867
1997-04-28,8.661699295043945,8.680990828332547,8.52666146934546,8.54595300263406,375565
1997-04-29,8.75815200805664,8.796734335587772,8.661696552643914,8.68098807982458,531372
1997-04-30,8.75815200805664,8.854607463469367,8.75815200805664,8.75815200805664,369392
1997-05-01,8.816024780273438,8.816024780273438,8.758151654726618,8.758151654726618,211610
1997-05-02,8.951065063476562,9.028229010196409,8.777444911403752,8.816027248178862,512606
1997-05-05,8.989646911621094,9.028228519468733,8.912482242265144,8.97035538086694,299514
1997-05-06,9.105396270751953,9.105396270751953,8.970358417087594,9.008940764824636,555817
1997-05-07,8.835317611694336,9.066810893948057,8.835317611694336,9.047520089939553,240747
1997-05-08,8.893195152282715,9.008941477823834,8.79673963872157,8.835321262681518,363466
1997-05-09,8.8642578125,8.912485201739074,8.816029696430352,8.89319439140956,128398
1997-05-12,9.037878036499023,9.047523805880092,8.854612779242544,8.854612779242544,266180
1997-05-13,9.086098670959473,9.105389466998183,9.028224829183266,9.066807148090724,149387
1997-05-14,9.240432739257812,9.259723546819314,9.08610409827438,9.105394905835881,324700
1997-05-15,9.240432739257812,9.317596696334293,9.182558862912362,9.22114120486584,264945
1997-05-16,9.240432739257812,9.27901508121129,9.22114120486584,9.259723546819314,217537
1997-05-19,9.201847076416016,9.279011732474732,9.143973947787082,9.279011732474732,183955
1997-05-20,9.086098670959473,9.22113569689052,9.028224829183266,9.20184490085181,296798
1997-05-21,9.105396270751953,9.143978618488996,9.06681392301491,9.086105460298722,108151
1997-05-22,9.086098670959473,9.105389466998183,9.028224829183266,9.066807148090724,161239
1997-05-23,9.143978118896484,9.163268928295738,9.066813427638387,9.066813427638387,188400
1997-05-27,9.143978118896484,9.163268928295738,9.08610496386818,9.124686582666689,133831
1997-05-28,9.163265228271484,9.221138359931263,9.105392096611707,9.105392096611707,146424
1997-05-29,9.201847076416016,9.201847076416016,9.143973947787082,9.143973947787082,25186
1997-05-30,9.221137046813965,9.221137046813965,9.105390799977018,9.124681598839794,285193
1997-06-02,9.385114669799805,9.452633579724822,9.221140278100533,9.221140278100533,452357
1997-06-03,9.414051055908203,9.491215730537293,9.375468718593657,9.375468718593657,209141
1997-06-04,9.433340072631836,9.433340072631836,9.375466941047694,9.433340072631836,66668
1997-06-05,9.356176376342773,9.452631840368486,9.356176376342773,9.394758707319111,132596
1997-06-06,9.578022956848145,9.606959520611294,9.356175483443863,9.356175483443863,492852
1997-06-09,9.471924781799316,9.587671065159055,9.471924781799316,9.587671065159055,185190
1997-06-10,9.452630996704102,9.529795651769692,9.433339469522604,9.4719225238856,117287
1997-06-11,9.529794692993164,9.529794692993164,9.452630045690977,9.510503167752555,77286
1997-06-12,9.747262001037598,9.824929016379654,9.553093365329064,9.591927238784555,354330
1997-06-13,9.883184432983398,9.922018325976124,9.747266904862805,9.747266904862805,250871
1997-06-16,9.766679763793945,10.057932752897907,9.630761555898292,10.019098874703575,301983
1997-06-17,9.727849006652832,9.82493262863211,9.630763921535157,9.786099472468079,257538
1997-06-18,9.902604103088379,9.94143800532751,9.630767518983923,9.708435323462188,221487
1997-06-19,10.077349662780762,10.17443399572457,9.941432181914662,9.941432181914662,315687
1997-06-20,10.135600090026855,10.2132671116338,9.980264583674991,10.057932336850923,286057
1997-06-23,10.25210189819336,10.25210189819336,10.019099349553358,10.213268018158518,300749
1997-06-24,10.329767227172852,10.36860036649934,10.135598604264892,10.252099485382116,263217
1997-06-25,10.329767227172852,10.36860036649934,10.174431743591379,10.36860036649934,214944
1997-06-26,10.213264465332031,10.329766064909853,10.096763597323008,10.329766064909853,122472
1997-06-27,10.135600090026855,10.2132671116338,10.096766213438888,10.2132671116338,83953
1997-06-30,9.82492733001709,10.213264534779485,9.82492733001709,10.174430667989485,144201
1997-07-01,9.999680519104004,10.019097088955961,9.66959371063853,9.902596206706447,303465
1997-07-02,10.290932655334473,10.290932655334473,9.999680451674646,10.019097021395673,209759
1997-07-03,10.485108375549316,10.562776170139776,10.290939620642545,10.290939620642545,179387
1997-07-07,10.290932655334473,10.485101278820279,10.252099515892418,10.485101278820279,121114
1997-07-08,10.329767227172852,10.485101247616564,10.252099485382116,10.252099485382116,105929
1997-07-09,10.174431800842285,10.407434295956705,10.096764790183402,10.329767285297821,120374
1997-07-10,10.329767227172852,10.329767227172852,10.057930862474155,10.096764733369524,200623
1997-07-11,10.368607521057129,10.446275316440282,10.193856078799113,10.252106559551786,77903
1997-07-14,10.271523475646973,10.446275655140372,10.252106891956332,10.446275655140372,299884
1997-07-15,10.543355941772461,10.56277251792185,10.44627159788727,10.56277251792185,510260
1997-07-16,10.485108375549316,10.523943004413923,10.407441312528235,10.485108375549316,262106
1997-07-17,10.407435417175293,10.562770186796541,10.290933791282635,10.523937043067953,319268
1997-07-18,10.329767227172852,10.446268108290075,10.290932624708603,10.446268108290075,404208
1997-07-21,10.290932655334473,10.329767257914293,10.096764763417548,10.329767257914293,250130
1997-07-22,10.446272850036621,10.48510600699016,10.213270250469323,10.213270250469323,219018
1997-07-23,10.446272850036621,10.523940627082125,10.407438961513868,10.523940627082125,135929
1997-07-24,10.446272850036621,10.523940627082125,10.407438961513868,10.446272850036621,93459
1997-07-25,10.60161018371582,10.679277247588772,10.368607528958195,10.485108490552316,249389
1997-07-28,10.504523277282715,10.640441520813368,10.446272810503638,10.562773744061792,136794
1997-07-29,10.523940086364746,10.640441014378,10.446272313309795,10.523940086364746,189758
1997-07-30,10.679272651672363,10.679272651672363,10.485103978198058,10.485103978198058,134324
1997-07-31,10.815194129943848,10.912278495949645,10.601608817358812,10.71810976393805,227043
1997-08-01,10.834610939025879,10.873444098369706,10.446273493033548,10.756943157199709,433592
1997-08-04,10.79577350616455,10.873440530939956,10.640438725044726,10.766648280427647,669400
1997-08-05,10.79577350616455,10.873440530939956,10.718105749820129,10.718105749820129,327663
1997-08-06,10.854023933410645,10.951108262839957,10.756939603981332,10.756939603981332,279760
1997-08-07,10.756940841674805,10.91227564032072,10.756940841674805,10.815191299720885,209265
1997-08-08,10.562772750854492,10.795775327631004,10.562772750854492,10.718107558182453,450012
1997-08-11,10.523940086364746,10.718108055863778,10.523940086364746,10.601607127850524,100620
1997-08-12,10.582194328308105,10.756945782715798,10.562777012327627,10.562777012327627,105805
1997-08-13,10.679272651672363,10.79577429469839,10.562771740215409,10.64043950223276,148769
1997-08-14,10.756940841674805,10.834608606782313,10.640439925582642,10.71810695912105,152597
1997-08-15,10.60161018371582,10.756945043031108,10.60161018371582,10.679277247588772,304699
1997-08-18,10.582194328308105,10.718111882324276,10.523943843505542,10.718111882324276,202598
1997-08-19,10.854023933410645,10.854023933410645,10.601604823208234,10.640438701293764,203586
1997-08-20,10.892860412597656,10.912276990492389,10.7181082852683,10.834609947344267,313341
1997-08-21,10.873438835144043,10.912272707259815,10.795771822481404,10.912272707259815,73582
1997-08-22,10.79577350616455,10.834607384336762,10.718105749820129,10.718105749820129,190128
1997-08-25,10.60161018371582,10.873446004625228,10.533651045596121,10.795778940752276,612855
1997-08-26,10.60161018371582,10.756945043031108,10.60161018371582,10.679277247588772,99509
1997-08-27,10.79577350616455,10.873440530939956,10.601604846872515,10.640438725044726,212104
1997-08-28,10.79577350616455,10.79577350616455,10.601604846872515,10.679271871647918,112349
1997-08-29,10.6404447555542,10.873446693504096,10.6404447555542,10.6404447555542,171116
1997-09-02,10.873438835144043,10.912272707259815,10.640437065587221,10.640437065587221,208524
1997-09-03,10.892860412597656,10.912276990492389,10.815192637880344,10.873443103133733,278155
1997-09-04,11.048198699951172,11.184116982604563,10.873446517744037,10.912280417297781,292971
1997-09-05,11.16469669342041,11.222947161451795,10.989945289326256,11.106446225389025,253710
1997-09-08,11.455953598022461,11.611288475267065,11.145283843533251,11.18411774573677,194573
1997-09-09,11.494779586791992,11.572447337729661,11.417111835854325,11.533613462260828,138275
1997-09-10,11.378281593322754,11.553032980139223,11.300613822580443,11.494782517867067,271365
1997-09-11,11.167427062988281,11.518849580082565,11.167427062988281,11.401708986246458,224080
1997-09-12,11.518852233886719,11.518852233886719,11.206476754632263,11.245523873435603,147905
1997-09-15,11.518852233886719,11.792181329923968,11.518852233886719,11.55789935269006,176548
1997-09-16,11.714083671569824,11.714083671569824,11.518848870151736,11.518848870151736,224450
1997-09-17,11.831228256225586,11.831228256225586,11.518852762632276,11.714087630024638,576558
1997-09-18,12.182650566101074,12.338838308996275,11.792181576656144,11.792181576656144,439888
1997-09-19,12.065511703491211,12.182652343859873,11.83122968716763,12.182652343859873,636436
1997-09-22,12.221695899963379,12.260743013878397,12.026461065974337,12.065508179889354,147535
1997-09-23,11.46027946472168,12.26074191831682,11.401709166875738,12.26074191831682,507421
1997-09-24,11.538374900817871,11.675039442622033,11.47980459306926,11.55789882712481,578040
1997-09-25,11.499326705932617,11.557897004444694,11.44075640742054,11.538373081216678,236673
1997-09-26,11.479804039001465,11.55789826928783,11.460280849222906,11.460280849222906,132226
1997-09-29,11.518852233886719,11.63599359029674,11.479805115083378,11.518852233886719,134942
1997-09-30,11.479804039001465,11.55789826928783,11.460280849222906,11.518851154144647,198153
1997-10-01,11.714083671569824,11.83122425818631,11.479801762750935,11.518848870151736,382356
1997-10-02,12.35836124420166,12.3778851702371,11.675039280269212,11.675039280269212,889529
1997-10-03,12.10455322265625,12.573115567118979,11.987411900954651,12.495022823823081,360750
1997-10-06,12.182650566101074,12.377886164202764,12.026462823205872,12.143603446480736,245809
1997-10-07,12.163125038146973,12.260742450657247,12.10455473775801,12.182648226414623,211981
1997-10-08,12.10455322265625,12.221693808771933,12.065506115422384,12.182646701538065,232846
1997-10-09,12.085028648376465,12.182646043394586,12.026458358482769,12.182646043394586,111608
1997-10-10,11.87027359008789,12.104555542811447,11.83122647536962,12.026461313374908,211610
1997-10-13,11.948369979858398,11.948369979858398,11.831229342898336,11.889799661378367,46174
1997-10-14,11.831228256225586,12.143603749818896,11.831228256225586,11.948368882426536,230253
1997-10-15,11.675041198730469,11.831228954748545,11.557900565613465,11.753135444532612,357787
1997-10-16,11.75313949584961,11.909327305705753,11.675045223128304,11.792186632210262,144078
1997-10-17,11.831228256225586,11.870275376821292,11.714087630024638,11.753134750620344,658289
1997-10-20,11.909316062927246,11.967886344382757,11.753128400517292,11.870268963428314,123830
1997-10-21,12.10455322265625,12.241217730181823,11.889794500662942,11.889794500662942,172474
1997-10-22,12.065511703491211,12.182652343859873,12.026464578172906,12.182652343859873,82595
1997-10-23,11.987412452697754,12.026459561728837,11.714084160652076,11.987412452697754,124324
1997-10-24,11.987412452697754,12.260741480329383,11.948365343666671,12.06550667075992,180128
1997-10-27,11.421235084533691,12.143603489958569,11.36266477268656,11.948368626744028,210252
1997-10-28,11.557894706726074,11.635988912940977,11.128378043715786,11.20647224993069,295563
1997-10-29,11.792180061340332,11.792180061340332,11.518850994707382,11.518850994707382,128398
1997-10-30,11.479804039001465,11.714085994274495,11.3236163140148,11.440757659444348,126300
1997-10-31,11.479804039001465,11.79218022456086,11.479804039001465,11.655515689352754,140251
1997-11-03,11.782414436340332,11.782414436340332,11.518847414181906,11.518847414181906,114818
1997-11-04,11.92884635925293,11.948369552853151,11.71408828730566,11.71408828730566,188523
1997-11-05,12.163125038146973,12.260742450657247,11.870272800616148,11.948366289272762,488161
1997-11-06,11.909316062927246,12.22169138774715,11.870268963428314,12.22169138774715,406183
1997-11-07,11.557894706726074,11.870270060414008,11.518847603618623,11.831222957306556,141979
1997-11-10,11.75313949584961,11.75313949584961,11.557904549632813,11.557904549632813,135929
1997-11-11,11.792180061340332,11.792180061340332,11.675038717532187,11.675038717532187,61113
1997-11-12,11.518852233886719,11.77265740272923,11.518852233886719,11.675039973513947,100003
1997-11-13,11.596944808959961,11.635991922165523,11.440757091723743,11.635991922165523,70990
1997-11-14,11.440752029418945,11.714080229743537,11.401704933490945,11.51884548568924,156053
1997-11-17,11.81170654296875,11.948370378789665,11.479807079718825,11.479807079718825,258649
1997-11-18,11.782414436340332,11.94836333454262,11.71408219092253,11.94836333454262,91113
1997-11-19,11.948369979858398,12.026464228222599,11.714088705938273,11.870276467080437,219512
1997-11-20,12.10455322265625,12.280264101829774,12.065506115422384,12.10455322265625,669400
1997-11-21,12.10455322265625,12.143599594304199,11.909318422072834,12.143599594304199,634708
1997-11-24,11.87027359008789,12.104555542811447,11.79218009623741,12.104555542811447,91484
1997-11-25,12.182650566101074,12.299791924962088,11.772657649052901,11.831227960690333,292600
1997-11-26,12.299793243408203,12.319316437518038,12.182651871990508,12.299793243408203,379269
1997-11-28,12.065511703491211,12.358364039999124,12.065511703491211,12.22169946917818,102966
1997-12-01,12.651212692260742,12.729306924695674,12.104556007560564,12.260743736844342,550879
1997-12-02,12.651212692260742,12.885495389565538,12.57311845982581,12.651212692260742,250007
1997-12-03,12.729297637939453,12.807391813400184,12.573109287017994,12.768343990084269,345318
1997-12-04,12.690258026123047,12.963585578654683,12.651210182067183,12.807398615946873,268526
1997-12-05,13.275956153869629,13.275956153869629,12.573110005718279,12.612157831266234,496803
1997-12-08,13.275956153869629,13.627377756774122,13.080721439643407,13.275956153869629,553718
1997-12-09,12.944066047668457,13.275965441152405,12.944066047668457,13.158823353732261,237414
1997-12-10,13.04167652130127,13.119770718634486,12.80739540047313,13.04167652130127,465321
1997-12-11,13.10445499420166,13.261395230004922,12.86904611875003,12.94751623665166,157288
1997-12-12,13.143691062927246,13.261395503076772,13.104455264041876,13.104455264041876,275810
1997-12-15,13.457565307617188,13.457565307617188,13.104450633685659,13.261390817266953,190869
1997-12-16,14.046098709106445,14.124567378120815,13.339870340200404,13.457574821975776,823849
1997-12-17,13.81068229675293,14.04609263678634,13.732213661661635,14.04609263678634,411492
1997-12-18,13.41833782196045,13.849922854621925,13.104458738913538,13.791070618941484,445938
1997-12-19,13.22215747833252,13.339863376920363,12.790574111020577,13.261393270612816,357170
1997-12-22,13.26140022277832,13.516427093283525,13.143695740738044,13.18293007533353,256673
1997-12-23,13.182927131652832,13.33986739149845,12.986752545972553,13.261397261575642,143461
1997-12-24,12.947521209716797,13.261400323629141,12.947521209716797,13.261400323629141,81977
1997-12-26,12.869051933288574,13.025990761747206,12.790581779932293,12.927904178742303,109386
1997-12-29,13.182927131652832,13.261397261575642,12.908282416049746,13.025986871807214,218277
1997-12-30,13.241777420043945,13.300629639302754,13.104455082355637,13.143690880697022,226673
1997-12-31,13.241777420043945,13.457569876161756,13.182925200785137,13.222159520873252,242105
1998-01-02,13.359487533569336,13.437957685332355,13.182930800792969,13.182930800792969,333836
1998-01-05,13.653749465942383,13.653749465942385,13.261400207426448,13.339870354780398,338898
1998-01-06,13.22215747833252,13.653742323897507,13.222157478332521,13.653742323897507,332725
1998-01-07,12.947521209716797,13.182930175587598,12.829815248527566,13.143695840693741,348651
1998-01-08,12.69249439239502,12.986755601011483,12.39823170552472,12.986755601011483,445814
1998-01-09,12.476702690124512,12.751347488743097,12.24129296832672,12.712111672795336,459765
1998-01-12,12.280521392822266,12.437461615091344,12.084346854112484,12.202051281687726,441246
1998-01-13,11.966645240783691,12.555168995318649,11.966645240783691,12.398228736141268,359392
1998-01-14,12.43746566772461,12.594404462877609,12.045115723334876,12.123585860038183,521125
1998-01-15,12.41784954071045,12.633640599702549,12.319762225360549,12.59440626486412,223216
1998-01-16,12.594406127929688,12.594406127929688,12.31976209141222,12.47670164644033,521001
1998-01-20,12.555174827575684,12.67287933750927,12.437470317642097,12.67287933750927,116546
1998-01-21,12.496315002441406,12.594401541881298,12.358992664622937,12.594401541881298,204326
1998-01-22,12.43746566772461,12.515934326174301,12.378612695633723,12.476699996949455,96299
1998-01-23,12.12358570098877,12.55516996894139,12.005880497477982,12.515934161977665,258155
1998-01-26,12.17263126373291,12.202056644432465,12.045117092315781,12.162822310748464,214573
1998-01-27,12.260903358459473,12.31975556804162,12.08434599058652,12.08434599058652,136794
1998-01-28,12.476702690124512,12.476702690124512,12.24129296832672,12.24129296832672,160251
1998-01-29,12.39822769165039,12.672872382946577,12.319758307799107,12.476697814628352,262476
1998-01-30,12.280521392822266,12.770957000470151,12.280521392822266,12.437461615091344,354701
1998-02-02,12.712113380432129,12.849435798188141,12.358999858991636,12.398234201955868,254821
1998-02-03,12.829818725585938,12.908288894893982,12.594409695916033,12.79058438005903,302354
1998-02-04,12.908284187316895,12.908284187316895,12.790579715408086,12.908284187316895,108768
1998-02-05,12.927912712097168,12.947530632948963,12.712120017492134,12.908294791245371,121978
1998-02-06,12.712113380432129,13.104462723090986,12.712113380432127,13.025992558908388,272229
1998-02-09,12.280521392822266,12.712104786682529,12.202051281687726,12.555166042666585,550508
1998-02-10,12.41784954071045,12.555171930025692,12.319762225360549,12.35899729932589,542483
1998-02-11,12.241297721862793,12.437473182145538,12.241297721862793,12.437473182145538,480877
1998-02-12,12.064732551574707,12.319759364436118,11.927410194148795,12.241289234727956,591744
1998-02-13,11.927408218383789,12.084347712676475,11.927408218383789,12.005877595966822,400875
1998-02-17,11.907793045043945,12.064732565514861,11.848940817258194,11.986262435716032,648659
1998-02-18,12.12358570098877,12.162820768825698,11.888176033093993,11.927411100930923,458901
1998-02-19,12.103962898254395,12.182432258248134,12.045109954351021,12.182432258248134,271365
1998-02-20,12.260903358459473,12.31975556804162,12.064728833767976,12.08434599058652,1555596
1998-02-23,12.260903358459473,12.476695039969513,12.241285462514416,12.260903358459473,638412
1998-02-24,12.43746566772461,12.476699996949455,12.202055257614685,12.221673161353916,379146
1998-02-25,12.515935897827148,12.555171710232536,12.358997082967006,12.515935897827148,475938
1998-02-26,12.476702690124512,12.555172843766098,12.398232536482926,12.555172843766098,273587
1998-02-27,12.476702690124512,12.555172843766098,12.3589981987891,12.437468352430686,269390
1998-03-02,12.545360565185547,12.614022489816662,12.476700118808063,12.555170256277782,572114
1998-03-03,12.927912712097168,12.947530632948963,12.476710880290211,12.555181085442488,765946
1998-03-04,12.79057788848877,12.94751814745336,12.672873433392068,12.908282343585473,323712
1998-03-05,12.79057788848877,12.829812214103177,12.594403303909774,12.672873433392068,376183
1998-03-06,12.947521209716797,12.947521209716797,12.67287643069831,12.67287643069831,1076942
1998-03-09,12.79057788848877,12.927900245519416,12.712107759006475,12.888665919905009,216672
1998-03-10,12.947521209716797,12.96713763803681,12.770963007059867,12.869051061675254,475568
1998-03-11,12.888670921325684,12.947523171711522,12.829817192685791,12.947523171711522,295934
1998-03-12,12.829818725585938,12.927906806784552,12.79058438005903,12.79058438005903,360380
1998-03-13,12.79057788848877,12.94751814745336,12.712107759006475,12.869048017971064,262106
1998-03-16,13.06521987915039,13.104454196586541,12.770957324493162,12.829809539773972,447543
1998-03-17,13.06521987915039,13.104454196586541,12.927897550744106,13.025984083461069,642115
1998-03-18,13.098362922668457,13.098362922668457,13.019458277075595,13.058910599872025,286427
1998-03-19,13.098362922668457,13.118089827300212,13.058910599872025,13.118089827300212,129756
1998-03-20,13.118088722229004,13.13781562519896,13.019457180313134,13.13781562519896,294082
1998-03-23,13.058905601501465,13.137811703359647,13.039178704420292,13.058905601501465,223092
1998-03-24,13.068774223327637,13.09836234927941,13.03918312444183,13.078636931978227,210623
1998-03-25,13.21672248840332,13.256174810078608,13.058910228768095,13.078637132839258,516433
1998-03-26,13.256169319152832,13.256169319152832,13.098357124886041,13.216717013819347,310996
1998-03-27,13.078638076782227,13.256175766835256,13.058911171287287,13.256175766835256,235438
1998-03-30,13.098362922668457,13.177269054728399,13.058910599872025,13.118089827300212,189511
1998-03-31,13.236444473266602,13.236444473266602,13.058906842069879,13.058906842069879,407665
1998-04-01,13.157540321350098,13.256171846723218,13.118086522027486,13.256171846723218,356306
1998-04-02,13.27590560913086,13.35481176209853,13.177272546304403,13.177272546304403,486309
1998-04-03,13.21672248840332,13.453439391389123,13.177268680260996,13.295627131753896,203462
1998-04-06,13.256169319152832,13.39425461751967,13.216717013819347,13.216717013819347,407541
1998-04-07,13.118088722229004,13.256174070084787,13.098361819259049,13.256174070084787,250253
1998-04-08,12.940546989440918,13.137811497766126,12.940546989440918,13.098357704221192,302847
1998-04-09,13.019449234008789,13.118080715725817,12.979995452149138,12.979995452149138,448036
1998-04-13,13.21672248840332,13.413987069713835,13.078637132839258,13.078637132839258,645696
1998-04-14,13.33508014678955,13.33508014678955,13.118088674313487,13.216721702336043,457913
1998-04-15,13.611248970031738,13.650701283936145,13.295624512929484,13.335078313300638,702487
1998-04-16,13.453433990478516,13.650698492596762,13.433707094326758,13.650698492596762,540138
1998-04-17,13.571803092956543,13.591530004658804,13.374538435336776,13.413992258741299,251118
1998-04-20,13.453433990478516,13.571792394456175,13.394254788489686,13.571792394456175,146177
1998-04-21,13.571803092956543,13.611256916361064,13.374538435336776,13.571803092956543,185931
1998-04-22,14.08468246459961,14.40030543034656,13.492888846399056,13.492888846399056,953852
1998-04-23,14.281950950622559,14.301677855953855,13.98605480298877,14.084686356710987,491000
1998-04-24,14.203044891357422,14.400309486318895,14.143865661515694,14.163592566951984,652610
1998-04-27,13.690149307250977,14.064952860977133,13.29562034598807,14.064952860977133,476926
1998-04-28,13.729608535766602,13.769060852939798,13.571796294140078,13.630975513133308,461370
1998-04-29,14.005779266357422,14.08468539583238,13.650703913420655,13.729610042895613,661746
1998-04-30,13.769070625305176,14.163600022915196,13.690164448489586,14.163600022915196,314453
1998-05-01,13.808516502380371,13.828241920370255,13.69015656210573,13.808516502380371,91731
1998-05-04,13.650700569152832,13.808512789440535,13.650700569152834,13.650700569152834,211487
1998-05-05,13.433713912963867,13.70988465340047,13.413988493266393,13.571799283182168,180622
1998-05-06,13.63097858428955,13.769063955207656,13.532347025900734,13.650705490554195,660017
1998-05-07,13.492886543273926,13.650698742443513,13.4139819301556,13.61124643588435,263093
1998-05-08,13.729608535766602,13.808514656579865,13.413985538980423,13.413985538980423,413344
1998-05-11,13.571803092956543,13.828246999215478,13.552077667721896,13.670436165000234,114818
1998-05-12,13.709874153137207,13.709874153137207,13.413978219627031,13.650694966435172,754217
1998-05-13,13.63097858428955,13.808517767736946,13.57179935196282,13.690157816616281,447789
1998-05-14,13.63097858428955,13.709884722880926,13.453440887309359,13.650705490554195,346429
1998-05-15,13.413990020751953,13.650706975814783,13.394263112340928,13.571800828638052,251611
1998-05-18,13.374533653259277,13.492892108218433,13.295627521130811,13.335081330428585,223833
1998-05-19,13.413990020751953,13.453442351106636,13.256177726398489,13.374536203929903,499272
1998-05-20,13.561932563781738,13.65070138557768,13.374530726790246,13.413984527455169,166177
1998-05-21,13.453433990478516,13.591519290607932,13.335075586500857,13.492886296315588,171362
1998-05-22,13.315354347229004,13.532345837685424,13.305491638196285,13.413987383424494,664832
1998-05-26,13.078638076782227,13.571798822418579,13.01945884676455,13.374534226870608,478531
1998-05-27,12.901095390319824,13.09835993219893,12.8616430765307,12.940549190575691,272970
1998-05-28,12.960271835327148,13.019451029813306,12.861638853539386,12.861638853539386,220006
1998-05-29,12.980003356933594,13.1378156075473,12.940551037513643,13.019457162820496,962618
1998-06-01,12.782739639282227,12.980004222469937,12.723560412972619,12.901098091901442,96793
1998-06-02,12.851783752441406,12.940552596682,12.782740327053967,12.782740327053967,417418
1998-06-03,12.881369590759277,12.940548802903448,12.743284266933983,12.822190378615108,163708
1998-06-04,12.920817375183105,12.920817375183105,12.585467632913817,12.881365076402203,482482
1998-06-05,12.881369590759277,12.940548802903448,12.822190378615108,12.861642691222322,196672
1998-06-08,12.84191608428955,13.019455211234002,12.822190670769848,12.980001411261131,185931
1998-06-09,12.861645698547363,12.920824924528889,12.703833438285265,12.84191879439784,112102
1998-06-10,12.70383071899414,12.881369845403006,12.664378405607017,12.664378405607017,156547
1998-06-11,12.684111595153809,12.82219699018068,12.624932352494787,12.703837018395173,142843
1998-06-12,12.546021461486816,12.743286024665762,12.467115338921857,12.664379902100803,228401
1998-06-15,12.28174114227295,12.599201161857682,12.261900171383635,12.599201161857682,541866
1998-06-16,12.27181625366211,12.460308779236838,12.202372504571356,12.460308779236838,413961
1998-06-17,12.738089561462402,12.79761321870226,12.242058586090755,12.242058586090755,393220
1998-06-18,12.6686429977417,12.777768681857392,12.579357531582593,12.619039462613921,662363
1998-06-19,12.619037628173828,12.718243188889632,12.599195917983492,12.638879338364166,400504
1998-06-22,12.638879776000977,12.658719991760364,12.539672716732065,12.619038065123595,378652
1998-06-23,12.579352378845215,12.658716208398966,12.46030439183827,12.61903429362209,589768
1998-06-24,12.579352378845215,12.698399618293386,12.46030439183827,12.61903429362209,623843
1998-06-25,12.599198341369629,12.698405416285306,12.400786434215618,12.499992761572182,511495
1998-06-26,12.738089561462402,12.738089561462402,12.619042246982685,12.619042246982685,502976
1998-06-29,12.926579475402832,12.936499584525523,12.658721577908356,12.698405004635482,241982
1998-06-30,13.035697937011719,13.174585352304218,12.976172836735701,13.015856236919712,622115
1998-07-01,13.234115600585938,13.253955813278509,12.996019592215237,13.055543220528472,731994
1998-07-02,13.17459487915039,13.253960241792115,13.115071230948663,13.214278308030384,287538
1998-07-06,13.095221519470215,13.253950634579565,13.095221519470213,13.174585329466302,250500
1998-07-07,13.075389862060547,13.214278878904182,13.035707926584506,13.095231577357731,178894
1998-07-08,13.19443416595459,13.273799513993932,13.05554518066524,13.174592455165259,223463
1998-07-09,13.293642044067383,13.293642044067383,13.154753050218336,13.214276691136773,315687
1998-07-10,13.333318710327148,13.373000623571006,13.23411317965876,13.23411317965876,426060
1998-07-13,13.21427059173584,13.57141227239815,13.174587186028436,13.372999729213292,250130
1998-07-14,13.373008728027344,13.373008728027344,13.134914114036532,13.134914114036532,255315
1998-07-15,13.273797035217285,13.452367913620616,13.214273409082843,13.253955328133236,182350
1998-07-16,13.333318710327148,13.392842327751678,13.17458806711674,13.194429771297413,253957
1998-07-17,13.353169441223145,13.511898696616717,13.33332772362951,13.353169441223145,282970
1998-07-20,13.551575660705566,13.571415873706677,13.31347964863219,13.333321356751085,451617
1998-07-21,13.293642044067383,13.591260248659575,13.293642044067383,13.55157831975331,393467
1998-07-22,13.134908676147461,13.293639349838655,12.936496081592356,13.253955933856968,343713
1998-07-23,12.996017456054688,13.154748102211203,12.936493837525374,13.01585916060363,192227
1998-07-24,12.817451477050781,13.095229465950561,12.738086123776831,13.015864112676612,188030
1998-07-27,12.807533264160156,12.81745337411836,12.5396753441056,12.738088009097813,196548
1998-07-28,12.817451477050781,12.936498759402664,12.599197129326942,12.896816830324731,236673
1998-07-29,12.857133865356445,12.936499221465144,12.777768509247744,12.797610222054454,262599
1998-07-30,13.17459487915039,13.214278308030384,12.817452989940028,12.896818352581752,297662
1998-07-31,12.857133865356445,13.452371793494487,12.817451934861163,13.154753576984534,1838196
1998-08-03,12.916654586791992,12.936496295110324,12.499989177931619,12.876972665273128,479025
1998-08-04,12.380945205688477,12.976182445609084,12.301580589226662,12.857135147136791,731994
1998-08-05,12.023802757263184,12.30158078827197,11.90475545686465,12.30158078827197,747674
1998-08-06,12.202375411987305,12.32142272171818,11.825391766133388,11.924597359202975,1013977
1998-08-07,12.222213745117188,12.400785418760055,12.063483783856334,12.30157909952714,646930
1998-08-10,12.063481330871582,12.222211259856339,11.984116740158655,12.142845921584511,475198
1998-08-11,11.924596786499023,11.98412118606489,11.547613158750542,11.904755818349853,357787
1998-08-12,11.904752731323242,11.984118078458017,11.825388131747452,11.984118078458017,564089
1998-08-13,11.904752731323242,11.924593694327445,11.587292837902112,11.884911768319041,708290
1998-08-14,11.944437980651855,12.103167961591785,11.805548966994737,11.884914331244275,951136
1998-08-17,11.865070343017578,12.063482968065795,11.845229379536358,12.023800293544351,569521
1998-08-18,12.361104011535645,12.361104011535645,11.865072364408748,11.964278693834128,382356
1998-08-19,12.093245506286621,12.380943605449055,12.06348368551527,12.380943605449055,331120
1998-08-20,11.7857084274292,12.142850336835785,11.746025743864298,12.063485717265156,258278
1998-08-21,11.607132911682129,11.76586284623237,11.230149410570172,11.76586284623237,373467
1998-08-24,11.666655540466309,11.82538620892607,11.50792561956541,11.60713191357333,155313
1998-08-25,11.706339836120605,11.984117797009686,11.6071335283115,11.666657163485171,410134
1998-08-26,12.638879776000977,12.976179890208494,12.400784478385381,12.817450688543424,6154975
1998-08-27,10.952364921569824,12.579347460769092,10.833317728664857,12.420616873484496,24194209
1998-08-28,11.19046688079834,11.507926753891883,10.992054273225142,11.428562159397964,3381446
1998-08-31,10.992059707641602,11.388885118976392,10.873012383264886,11.26983704704037,1590659
1998-09-01,10.833319664001465,10.833319664001465,10.357130059753425,10.79363701009114,1882888
1998-09-02,10.793638229370117,10.912685456990376,10.53570207115376,10.81347993234596,2402285
1998-09-03,10.734121322631836,10.818446744072029,10.595232305252797,10.674597671629153,914962
1998-09-04,10.793638229370117,10.833320887763103,10.515860368177918,10.773797273952974,1302750
1998-09-08,11.388880729675293,11.42856340502684,10.873008192782262,11.031738146629424,697549
1998-09-09,10.833319664001465,11.428557229980475,10.714271702270494,11.428557229980475,623226
1998-09-10,10.773804664611816,10.833328319254226,10.436502958225876,10.833328319254226,700759
1998-09-11,11.269835472106934,11.30951815720671,10.39682013770785,10.75396355604664,751131
1998-09-14,11.289676666259766,11.865072957135762,11.269834950848008,11.388883000641059,1184475
1998-09-15,11.143491744995117,11.223372982841745,10.98372776445115,11.183431987705754,1119535
1998-09-16,11.582839965820312,11.582839965820312,11.143491294367141,11.183431535462649,831750
1998-09-17,11.103546142578125,11.463013444794772,11.073590596762157,11.463013444794772,271242
1998-09-18,11.103546142578125,11.303250282967934,10.903842002188316,11.183427347279022,1283861
1998-09-21,11.383136749267578,11.383136749267578,10.744083806572387,10.863906045221388,390751
1998-09-22,11.32322883605957,11.423080980681512,11.103554418861542,11.423080980681512,370010
1998-09-23,11.662721633911133,11.662721633911133,11.183431229619387,11.343194446908202,639152
1998-09-24,11.123519897460938,11.582839420252604,10.983726802935138,11.542898428613048,392232
1998-09-25,11.443044662475586,11.562866859673976,10.983724484223117,11.003695352039603,322971
1998-09-28,11.502962112426758,11.682695507464004,11.343198091381812,11.642755254628312,481741
1998-09-29,11.502962112426758,11.682695507464004,11.423080101904285,11.502962112426758,655943
1998-09-30,11.582839965820312,11.622780959341144,11.34319475712065,11.502958731203975,540384
1998-10-01,11.063610076904297,11.542899775217435,11.063610076904297,11.383136542446389,825083
1998-10-02,11.223368644714355,11.30325060410986,10.983723518952907,11.103546458046164,691993
1998-10-05,11.16346263885498,11.223373759492102,10.80399516260684,11.08358139548062,476309
1998-10-06,11.023670196533203,11.502960695790378,10.843936823630854,11.383137694763358,336058
1998-10-07,10.564352035522461,11.023671721954983,10.384618637749156,11.023671721954983,539026
1998-10-08,9.665680885314941,10.324704667543841,9.22633144635389,10.324704667543841,1419049
1998-10-09,9.825446128845215,10.065091394951965,9.485948731229444,9.945268385685837,2403272
1998-10-12,10.244820594787598,10.364642802675982,10.045116413356826,10.144968504072212,475691
1998-10-13,10.304731369018555,10.384613340005016,10.105027193977577,10.264790383525325,931629
1998-10-14,10.704140663146973,10.923814974096048,10.26479128882358,10.32470314855991,1587572
1998-10-15,11.353178977966309,11.443046391871963,10.704140724343494,10.823963692075953,764835
1998-10-16,11.502962112426758,11.662725381046158,11.28328695970273,11.582843370523685,612485
1998-10-19,11.602815628051758,11.682697653246308,11.363171057319477,11.502964225197097,180869
1998-10-20,11.702658653259277,11.862421816308117,11.502954511341965,11.582835716653861,808540
1998-10-21,11.822478294372559,11.842448403298611,11.702656135966464,11.782537324095564,633473
1998-10-22,11.802515029907227,11.842456025892908,11.662722672595395,11.742603912141389,1603498
1998-10-23,11.622784614562988,11.762577759636448,11.622784614562988,11.722636753554665,747180
1998-10-26,11.822478294372559,11.842448403298611,11.622774195412475,11.622774195412475,1100276
1998-10-27,11.662721633911133,11.822484851199945,11.532913220412086,11.822484851199945,500136
1998-10-28,11.722634315490723,11.822486433715238,11.50295995636695,11.50295995636695,447666
1998-10-29,11.762575149536133,11.7825452719329,11.642752910304747,11.70266402992044,234204
1998-10-30,11.822478294372559,11.842448403298611,11.722626244892517,11.762567215169511,545446
1998-11-02,11.862432479858398,12.042165917697547,11.782550450312739,11.802520581486291,501371
1998-11-03,12.022188186645508,12.142010402792138,11.902365970498877,11.902365970498877,449271
1998-11-04,12.221895217895508,12.221895217895508,12.062132717742166,12.102072966567766,1034842
1998-11-05,12.44156265258789,12.481503629132675,12.142006457139505,12.161976569199394,703969
1998-11-06,12.361687660217285,12.461539781592286,12.30177653787737,12.381658535947542,354330
1998-11-09,12.44156265258789,12.621295918401918,12.341710587438428,12.341710587438428,583102
1998-11-10,12.4615478515625,12.541429901363466,12.341725529286967,12.38166655418745,802613
1998-11-11,12.401626586914062,12.541419683964424,12.361685594553201,12.421596706881841,748044
1998-11-12,12.471522331237793,12.501477885470488,12.321744560074317,12.401625787219752,753723
1998-11-13,12.471522331237793,12.581359865041179,12.381655668539707,12.401625787219752,612732
1998-11-16,12.501482009887695,12.601334141081074,12.381659753425843,12.461541006925243,505322
1998-11-17,12.761092185974121,12.860943523940009,12.481506784334204,12.481506784334204,911876
1998-11-18,12.701181411743164,12.78106338709856,12.621299436387766,12.66124117649068,1250526
1998-11-19,12.761092185974121,12.801032420190397,12.70118108222451,12.70118108222451,625325
1998-11-20,12.98076057434082,13.06064100177737,12.78105649605021,12.880907782770706,550014
1998-11-23,13.000733375549316,13.060644464435256,12.940822286663376,12.96079315124203,728908
1998-11-24,12.98076057434082,13.06064100177737,12.960789715056874,13.000729928775149,663598
1998-11-25,12.900883674621582,13.000735000293556,12.82100171117388,12.980765638069284,531866
1998-11-27,12.960800170898438,13.020711292232644,12.900889049564231,12.900889049564231,136547
1998-11-30,12.3816556930542,12.96079741259996,12.3816556930542,12.880915432871111,402850
1998-12-01,12.321739196777344,12.401620389152805,12.26182736196459,12.341709306764978,311119
1998-12-02,12.42159652709961,12.481508390986425,12.261833312393778,12.261833312393778,385566
1998-12-03,12.201919555664062,12.501475800455836,12.161978572540134,12.381653603509179,236179
1998-12-04,12.741119384765625,12.840972212443264,12.221888894422364,12.261829875008404,669400
1998-12-07,12.54141616821289,12.860941760250844,12.501475187048737,12.701179340444414,304699
1998-12-08,12.142008781433105,12.541417118488008,12.142008781433105,12.461535150106968,316305
1998-12-09,12.341716766357422,12.381657762898792,12.161982658133947,12.161982658133947,213462
1998-12-10,12.161981582641602,12.36168579526309,12.14201146234958,12.36168579526309,196795
1998-12-11,12.281805038452148,12.301775159519416,11.922337592263924,12.142011933705243,310749
1998-12-14,12.062129020690918,12.221891471876951,11.982247042672661,12.142010246283935,248772
1998-12-15,12.336996078491211,12.336996078491211,11.935140122990006,12.13606847925937,401986
1998-12-16,12.196354866027832,12.306865004820603,12.115983167780346,12.256633261194438,219512
1998-12-17,12.698678970336914,12.698678970336914,12.196358361940145,12.236543465544356,563595
1998-12-18,12.738856315612793,12.79913468418171,12.578112990045437,12.779041389966949,664462
1998-12-21,12.437460899353027,12.738854206369606,12.417368365502782,12.738854206369606,589522
1998-12-22,12.537924766540527,12.578110590265306,12.276718047885778,12.43746058574735,187906
1998-12-23,12.718766212463379,12.738859511719433,12.357095153271004,12.57811614582249,615325
1998-12-24,12.658490180969238,12.738861878852363,12.5982117860759,12.678582726921011,219512
1998-12-28,12.758952140808105,12.87950891616686,12.6183028219022,12.6183028219022,374084
1998-12-29,12.839324951171875,12.899603344119313,12.73886146761814,12.779046558224437,371368
1998-12-30,12.879507064819336,12.879507064819336,12.819228685804593,12.819228685804593,560261
1998-12-31,12.959875106811523,12.97996839887296,12.819225090531875,12.819225090531875,520754
1999-01-04,13.100526809692383,13.120620104340691,12.939783480656716,12.979970069953334,1029656
1999-01-05,13.150758743286133,13.200991220783667,13.060341192235775,13.12061955960268,859529
1999-01-06,13.321550369262695,13.381828747551502,13.140713720320667,13.140713720320667,760267
1999-01-07,12.93978214263916,13.18089711126055,12.899597071573218,13.18089711126055,623843
1999-01-08,12.819223403930664,13.10052339947985,12.738853274409474,12.939780112287457,551372
1999-01-11,12.859424591064453,12.949842225046423,12.71877443351137,12.779052856166016,850022
1999-01-12,12.70871639251709,12.939782449214848,12.658483916938096,12.83931901213214,520631
1999-01-13,12.517837524414062,12.70369637529477,12.296815779021946,12.537930066250683,381862
1999-01-14,12.136070251464844,12.67857628698315,12.055698594405582,12.61829792270752,403591
1999-01-15,12.859424591064453,13.0201665467846,12.19636042778662,12.19636042778662,1103732
1999-01-19,12.477649688720703,12.93978413337772,12.33699964723854,12.85941397888118,540878
1999-01-20,12.57811164855957,12.658483302771417,12.276719080821545,12.497739994347722,567052
1999-01-21,12.638389587402344,12.738854530321087,12.417368681278816,12.53792540152118,450012
1999-01-22,12.196354866027832,12.537932690984604,12.136076470861227,12.457561749775136,530755
1999-01-25,12.055697441101074,12.336996699822823,12.055697441101074,12.336996699822823,419641
1999-01-26,12.357089042663574,12.397274864265833,12.075789048485257,12.115974870087516,442728
1999-01-27,11.894956588745117,12.417370112735208,11.874863295030012,12.296812621557573,433221
1999-01-28,12.105937957763672,12.497748330039745,11.935149403467518,11.975335257376422,417418
1999-01-29,12.336996078491211,12.35708936834066,11.91504683314056,12.316903545679283,495568
1999-02-01,12.035604476928711,12.377182081946033,11.915047007183599,12.377182081946033,323465
1999-02-02,11.96528434753418,12.015516079269878,11.85477347786267,11.915051858760643,314206
1999-02-03,12.166213035583496,12.196352226644448,11.89495955899707,11.93514539942429,417789
1999-02-04,11.734211921691895,12.296810418231203,11.593561919038303,12.196346995807243,540384
1999-02-05,11.653841018676758,12.33699702836917,11.392634286822673,11.774398495943121,480012
1999-02-08,11.473004341125488,11.794490166589071,11.45291180823793,11.734211810888874,447172
1999-02-09,11.643796920776367,11.80453873444435,11.372543501506543,11.53328607221222,689154
1999-02-10,11.63375186920166,11.774401921749623,11.513195113896435,11.71412354409701,439888
1999-02-11,11.905001640319824,11.935140819816136,11.49309825880764,11.694026626808087,440382
1999-02-12,11.623703002929688,11.90500305435724,11.553377990072798,11.89495640765264,493099
1999-02-16,11.955238342285156,12.095888409981114,11.613659822748653,11.613659822748653,521742
1999-02-17,11.593567848205566,11.97533222821568,11.573475304852579,11.814588853240107,442851
1999-02-18,11.734211921691895,11.814582811038568,11.533283562768913,11.633747742230403,651992
1999-02-19,11.653841018676758,11.834676856057515,11.613655192921303,11.754305204546606,571620
1999-02-22,11.814589500427246,11.854775346372465,11.613661027739106,11.613661027739106,821379
1999-02-23,12.035604476928711,12.07578954313955,11.814582827581438,11.854768650829808,841133
1999-02-24,11.85477066040039,12.176255786809092,11.794492293828466,12.015513223604742,752859
1999-02-25,11.955238342285156,12.115980952350016,11.774403189851393,11.774403189851393,1075090
1999-02-26,12.21644115447998,12.21644115447998,11.89495604023942,12.055698597359699,1072250
1999-03-01,12.226486206054688,12.276717917398601,12.075789557947884,12.196347027840833,1020150
1999-03-02,12.115976333618164,12.256626347696923,12.095883798908737,12.256626347696923,574583
1999-03-03,12.095890045166016,12.296817767131127,11.975333260579351,12.095890045166016,1437074
1999-03-04,12.226486206054688,12.236532094100951,11.935140311962408,12.015511201520175,347293
1999-03-05,12.296815872192383,12.316909171219105,12.236537489187947,12.236537489187947,551619
1999-03-08,12.136070251464844,12.316905344291735,12.055698594405582,12.316905344291735,456925
1999-03-09,12.115976333618164,12.236533055949906,11.874862131917089,12.095883798908737,492482
1999-03-10,12.276725769042969,12.316911618041688,11.975333794147605,12.05570473510703,382232
1999-03-11,12.286768913269043,12.39727977721047,12.136072968837826,12.276722264627695,448407
1999-03-12,12.176255226135254,12.296811953727888,12.176255226135254,12.296811953727888,328651
1999-03-15,12.336996078491211,12.45755354647534,12.13606847925937,12.176253544883226,563225
1999-03-16,12.296549797058105,12.478571468130607,12.276325505606435,12.417897069771865,408776
1999-03-17,11.881946563720703,12.296551058011554,11.811161155380208,12.296551058011554,562484
1999-03-18,12.175209045410156,12.337005749687753,11.811166270284996,11.89206424142266,646313
1999-03-19,12.013413429260254,12.458354215824063,11.99318836314223,12.296557496891555,755946
1999-03-22,12.074081420898438,12.195428712484679,11.91228477811612,11.972958423909242,269019
1999-03-23,11.871838569641113,12.074084617158213,11.60891886026932,12.074084617158213,423344
1999-03-24,11.790937423706055,11.972958360115584,11.649365076275103,11.912284714645741,394702
1999-03-25,11.669584274291992,11.770707226578834,11.56846132200515,11.750482178920478,347663
1999-03-26,11.487565994262695,11.689811957619638,11.447117411192801,11.689811957619638,361367
1999-03-29,11.548240661621094,11.730262349689646,11.487567019598888,11.487567019598888,603472
1999-03-30,11.44711685180664,11.568464119090184,11.426891799258165,11.507790485448412,540138
1999-03-31,11.204422950744629,11.669588549270191,11.184198657679053,11.568465559938463,541372
1999-04-01,11.234758377075195,11.305544537022813,11.123522874014393,11.285320246467135,926320
1999-04-05,11.31566047668457,11.426895251297651,11.224649998727852,11.426895251297651,774958
1999-04-06,11.31566047668457,11.325772244011722,11.244874295384214,11.285323650698999,538656
1999-04-07,11.649361610412598,11.689810187357107,11.28531908389976,11.325767660844269,571126
1999-04-08,11.487565994262695,11.77071064776316,11.366218721049277,11.649363374549742,668536
1999-04-09,11.457229614257812,11.507791488032234,11.345994863557495,11.487566433721708,348775
1999-04-12,11.689813613891602,11.730262964694433,11.34599603707248,11.447119033078568,510631
1999-04-13,11.366219520568848,11.750486420775916,11.345995227611288,11.669588486943757,297415
1999-04-14,11.487565994262695,11.548239630869405,11.386443774586091,11.40666806612104,622609
1999-04-15,11.487565994262695,11.649363374549742,11.244871447835859,11.528015339334457,363343
1999-04-16,11.52801513671875,11.62913811661989,11.285320594557499,11.426892156817612,502235
1999-04-19,12.003294944763184,12.033631766896368,11.487567444495102,11.487567444495102,746563
1999-04-20,12.0336332321167,12.09430688377072,11.892060870255946,11.892060870255946,459148
1999-04-21,12.013413429260254,12.175210148192761,11.932514688792832,11.932514688792832,580756
1999-04-22,12.0336332321167,12.154980535424741,11.972959580462678,11.993183877013333,551866
1999-04-23,12.053858757019043,12.114532411020457,11.993184341015546,12.053858757019043,280625
1999-04-26,12.074081420898438,12.114530772094511,12.013407775105316,12.05385712630139,397418
1999-04-27,12.053858757019043,12.17520606502187,12.053858757019043,12.074083054352153,362232
1999-04-28,12.134757041931152,12.134757041931152,12.033634028481622,12.033634028481622,298403
1999-04-29,12.23587703704834,12.357224318453126,12.094304700741478,12.094304700741478,734217
1999-04-30,12.21565055847168,12.357222107446034,12.154976166623491,12.256099137034763,897184
1999-05-03,12.42801284790039,12.478574732760304,12.154980650862216,12.175205709607008,621127
1999-05-04,12.458348274230957,12.478573330703318,12.357225277875084,12.357225277875084,861874
1999-05-05,12.579696655273438,12.579696655273438,12.29655269813958,12.43812505770753,828170
1999-05-06,12.569585800170898,12.579697568015114,12.256104232954103,12.458350257867759,657548
1999-05-07,12.660590171813965,12.660590171813965,12.458344244519635,12.519017870307588,468531
1999-05-10,12.25610065460205,12.57969389518517,12.215652071030567,12.559469603399428,401368
1999-05-11,12.458348274230957,12.599920621529575,12.296551632461956,12.296551632461956,639276
1999-05-12,12.438121795654297,12.478571139494228,12.235875838456487,12.478571139494228,494581
1999-05-13,12.498800277709961,12.660596953815983,12.357227900366391,12.438126619420471,588904
1999-05-14,12.367340087890625,12.579697886016676,12.296553901181236,12.45835057280179,545817
1999-05-17,12.276324272155762,12.377446481255838,12.195425590473556,12.336997902416522,287785
1999-05-18,12.23587703704834,12.337000025552967,12.053856114941162,12.23587703704834,591250
1999-05-19,12.21565055847168,12.458345077857308,12.195425507188355,12.21565055847168,542360
1999-05-20,12.094303131103516,12.276324791589248,12.053854550552748,12.195426106484074,669647
1999-05-21,12.316773414611816,12.336998466958761,12.053854592117927,12.053854592117927,276550
1999-05-24,12.114530563354492,12.337000848096645,11.993182511857162,12.337000848096645,536804
1999-05-25,12.074081420898438,12.296551709473874,11.993182718506288,12.013407775105316,441246
1999-05-26,12.23587703704834,12.296550677750734,12.07408040784132,12.07408040784132,496309
1999-05-27,11.811161994934082,12.195428933247886,11.811161994934082,12.175204638284736,528779
1999-05-28,12.25610065460205,12.276325708389669,11.81116013930073,11.81116013930073,692117
1999-06-01,11.831380844116211,12.29654627217896,11.73025789184163,12.256096938868797,563718
1999-06-02,12.094303131103516,12.134752473656103,11.811159257239042,11.85160859979163,452728
1999-06-03,12.245993614196777,12.256105382989816,12.053860101100836,12.134758061455994,310008
1999-06-04,12.357222557067871,12.417896189121908,12.175201660905756,12.175201660905756,633103
1999-06-07,12.417901992797852,12.53925007562142,12.337004032917639,12.377452631856663,710265
1999-06-08,12.276324272155762,12.438120873518384,12.23587493131466,12.397671532677283,449271
1999-06-09,12.367340087890625,12.377451855990454,12.256104542775567,12.256104542775567,525816
1999-06-10,12.154975891113281,12.316772487703604,12.09430226264213,12.296548198880476,702611
1999-06-11,12.074081420898438,12.296551709473874,11.972958423909242,12.154979361288603,408653
1999-06-14,12.134757041931152,12.134757041931152,11.972960372812324,12.033634028481622,210252
1999-06-15,12.21619701385498,12.338358723174046,12.053314479057516,12.155116159195448,334700
1999-06-16,12.379074096679688,12.460514944652301,12.25691244116287,12.297633248707072,356429
1999-06-17,12.541961669921875,12.562322465547812,12.338358316359134,12.460520021650337,249389
1999-06-18,12.256919860839844,12.521604119429025,12.155118163911986,12.155118163911986,1023730
1999-06-21,12.297636985778809,12.460518731221415,12.256916165860146,12.379077858500112,316181
1999-06-22,12.379074096679688,12.460514944652301,12.155110805860257,12.297633248707072,379146
1999-06-23,12.31799602508545,12.379076866510758,12.236554391774394,12.256915183660139,246179
1999-06-24,12.21619701385498,12.297638664811776,12.053314479057516,12.256917839333378,310132
1999-06-25,12.338356018066406,12.399436859334346,12.195834310813202,12.256915152081142,379022
1999-06-28,12.379074096679688,12.399434116893893,12.216191633618667,12.358714076465482,831627
1999-06-29,12.541961669921875,12.623403318193414,12.338358316359134,12.358719111985069,400751
1999-06-30,12.521599769592285,12.541959795058553,12.216194784902328,12.541959795058553,601497
1999-07-01,12.643758773803711,12.664118794949884,12.317993832769977,12.460515515024843,548409
1999-07-02,12.501243591308594,12.623406090545222,12.338361026109359,12.603045290447648,338280
1999-07-06,12.521599769592285,12.541959795058553,12.297636420999378,12.39943731544671,290872
1999-07-07,12.684484481811523,12.704844510820504,12.379079443980109,12.501241152266225,358528
1999-07-08,12.399435997009277,12.58267927518531,12.399435997009277,12.58267927518531,225315
1999-07-09,12.42997932434082,12.54196062246682,12.399438133452596,12.501239801731893,128151
1999-07-12,12.277274131774902,12.460516639981387,12.25691410879059,12.460516639981387,232722
1999-07-13,12.114398002624512,12.297641374089352,11.910794597493044,12.256920539639799,311119
1999-07-14,11.971870422363281,12.256915376316392,11.747907077911533,12.21619455902081,466432
1999-07-15,11.982047080993652,12.114389120586832,11.971866688066259,12.073668315992991,392109
1999-07-16,12.002413749694824,12.053314205048602,11.87007164523567,12.022773778413113,353960
1999-07-19,12.043133735656738,12.053314133513519,11.931152427696581,11.931152427696581,240377
1999-07-20,11.890432357788086,11.971873244461122,11.84971153089349,11.890432357788086,287909
1999-07-21,11.931148529052734,12.134751816961922,11.870067696103149,11.890427718047725,357170
1999-07-22,12.002413749694824,12.155115882872268,11.992233351777625,12.012593380495913,530508
1999-07-23,11.931148529052734,12.053310194951903,11.931148529052734,11.99222936200232,228278
1999-07-26,11.870070457458496,12.053312998935285,11.829348869864496,11.890430484139461,182597
1999-07-27,11.971870422363281,12.03295126474867,11.870069529798284,11.931150372183673,244821
1999-07-28,11.747903823852539,11.951507086818292,11.747903823852539,11.931147067368022,191486
1999-07-29,11.64610481262207,11.758086095466824,11.564663182265946,11.74790646700926,462234
1999-07-30,11.58502197265625,11.666463588947243,11.483220335850408,11.605381993171097,452975
1999-08-02,11.60538387298584,11.849707994318107,11.564663058244474,11.60538387298584,645943
1999-08-03,11.625744819641113,11.788628091536124,11.585024768783349,11.686826430159735,637918
1999-08-04,11.70718765258789,11.829349351883561,11.58502595329222,11.58502595329222,882245
1999-08-05,11.625744819641113,11.768267298991253,11.605384794212231,11.727547248133488,764464
1999-08-06,11.564666748046875,11.666469200939165,11.564666748046875,11.605387575780558,369886
1999-08-09,11.340703964233398,11.62574823967122,11.32034393281506,11.62574823967122,499766
1999-08-10,11.299981117248535,11.36106196357035,11.137097837568996,11.27962032373058,379640
1999-08-11,11.819167137145996,11.870068345465816,11.279618471381745,11.330518912585667,1086571
1999-08-12,11.574851036071777,11.82935495247088,11.564670633938556,11.824265134962483,511371
1999-08-13,11.80898666381836,11.80898666381836,11.585023343196353,11.585023343196353,388899
1999-08-16,11.60538387298584,11.788627155764022,11.564663058244474,11.768266364835375,271859
1999-08-17,11.778450012207031,11.788630410482055,11.64610790309626,11.66646869964631,302724
1999-08-18,11.829347610473633,11.849708402102955,11.564663456220051,11.849708402102955,413838
1999-08-19,11.768269538879395,11.890432016052182,11.727549480271264,11.82935039390772,449888
1999-08-20,11.982047080993652,12.05330829725394,11.78862421806758,11.808984236806634,537298
1999-08-23,12.053316116333008,12.094036947342765,11.910793591356974,11.910793591356974,779526
1999-08-24,12.043133735656738,12.053314133513519,11.971872484891488,12.032953337799958,1490162
1999-08-25,11.951515197753906,12.053316898324846,11.931155164486231,12.012596064673213,689894
1999-08-26,11.951515197753906,12.032956097940888,11.951515197753906,11.971875231021581,406307
1999-08-27,11.992228507995605,12.012588528490276,11.951507699890461,11.971867720385132,1028916
1999-08-30,11.19818115234375,12.032954692691233,11.19818115234375,12.012594661801272,436431
1999-08-31,11.503579139709473,11.523939925186701,11.198174261592557,11.218535047069786,542607
1999-09-01,11.676650047302246,11.74791131147073,11.442506222369907,11.462867021913047,561743
1999-09-02,11.381421089172363,11.646105247028746,11.34070027247539,11.646105247028746,937185
1999-09-03,11.635918617248535,11.646099007747727,11.442495800457204,11.442495800457204,1448186
1999-09-07,11.564666748046875,11.686829231247922,11.462865829386928,11.666469200939165,1196327
1999-09-08,11.48322582244873,11.56466671053576,11.381424137002815,11.544306680293046,545693
1999-09-09,11.401780128479004,11.462861731803013,11.259258433032041,11.381420105448266,300995
1999-09-10,11.320340156555176,11.462862630289283,11.27961934018601,11.422141813920117,171733
1999-09-13,11.34084701538086,11.381862906021727,11.197291784475171,11.32033868372308,350503
1999-09-14,10.910183906555176,11.197293643355398,10.869167236430377,11.197293643355398,708043
1999-09-15,11.033228874206543,11.463893789550076,10.992212984013186,11.135768213352593,1041755
1999-09-16,10.86916732788086,11.156277839771578,10.86916732788086,11.053738481621295,346676
1999-09-17,10.520532608032227,11.05373688429267,10.315453921366714,10.93068998136325,1904371
1999-09-20,10.417994499206543,10.582057313445054,10.171899891511373,10.520533854689964,1099411
1999-09-21,10.25393295288086,10.459011689205965,10.192409486518306,10.335964756480863,1086448
1999-09-22,10.274441719055176,10.376980318823604,10.23342504286791,10.335965187986206,1118177
1999-09-23,10.028343200683594,10.335961995679206,10.028343200683594,10.335961995679206,618041
1999-09-24,10.130885124206543,10.130885124206543,9.884790507845404,10.007837429688557,545446
1999-09-27,10.007835388183594,10.212914064537935,9.98732782961803,10.192406505972372,787551
1999-09-28,9.854028701782227,10.08986914862207,9.78225107369947,10.04885325076409,1246329
1999-09-29,9.782248497009277,9.86428027111768,9.741232609955077,9.843771941253268,836442
1999-09-30,9.84377384185791,9.884789736831332,9.720726929612422,9.782250385735166,1078670
1999-10-01,9.83351993560791,9.864282437159492,9.61818783347039,9.823266541098842,1011014
1999-10-04,10.171900749206543,10.233424213149297,9.905298557004702,9.915552725220117,879899
1999-10-05,9.884790420532227,10.25393195547586,9.802758624911496,10.192408495097725,568904
1999-10-06,10.06936264038086,10.212917138902956,9.96682249866165,10.007838400814352,1069904
1999-10-07,9.86428165435791,10.171898918714158,9.843773321617673,10.151391358648652,496556
1999-10-08,10.161650657653809,10.171904056528172,9.884794207218661,9.966825261589182,567916
1999-10-11,9.925801277160645,10.253926747643368,9.925801277160645,10.233418422816676,357046
1999-10-12,9.823262214660645,10.00783250663148,9.78224633666453,9.966816628635366,325441
1999-10-13,9.515645980834961,9.864279846786575,9.495138424527344,9.864279846786575,418282
1999-10-14,9.433619499206543,9.536158102508827,9.269555879502986,9.515650536383362,699401
1999-10-15,9.023456573486328,9.310566190105677,8.982440693205136,9.29005863630233,750143
1999-10-18,9.228537559509277,9.269552677592669,9.002950546677154,9.002950546677154,961136
1999-10-19,8.879908561706543,9.043971442865598,8.613306283238687,9.043971442865598,1335220
1999-10-20,8.879908561706543,8.982447959015342,8.797876734789455,8.900416132098254,897307
1999-10-21,8.920919418334961,8.920919418334961,8.777364949182896,8.859395964030542,563718
1999-10-22,9.074729919433594,9.208031010701832,8.941428828165355,8.982444726865161,1090275
1999-10-25,9.105490684509277,9.146506578858704,8.777365075063392,9.084983123671945,573966
1999-10-26,8.982450485229492,9.392607417141638,8.961942136394915,9.167020988688657,532977
1999-10-27,9.35158634185791,9.454125703059963,9.04396825825175,9.084984157267542,918913
1999-10-28,9.905299186706543,9.946315089500807,9.515650041848335,9.515650041848335,1484730
1999-10-29,9.86428165435791,10.110375465842909,9.843773321617673,10.028343680231421,1326207
1999-11-01,9.905299186706543,10.007838557354743,9.823268153792934,9.864284056587199,663598
1999-11-02,10.028343200683594,10.192406764061172,9.946312191669499,9.966819750754349,1063114
1999-11-03,9.925801277160645,10.17189499368547,9.884785400181695,10.089864012402007,991878
1999-11-04,10.15139102935791,10.212914480233463,9.864281334380431,9.925804785255984,814713
1999-11-05,10.192412376403809,10.438506311629775,10.192412376403809,10.274444203262544,815330
1999-11-08,10.25393295288086,10.274441290118311,10.069362553793203,10.212917051080858,588781
1999-11-09,10.171900749206543,10.31545601352288,10.08986972150783,10.29494844976692,655202
1999-11-10,10.06936264038086,10.130886107272458,9.864283902292255,10.089870205119755,463839
1999-11-11,9.98732852935791,10.069360314716892,9.88478918399655,10.069360314716892,325070
1999-11-12,10.233428001403809,10.274444689449206,9.98733405453268,10.007841625880221,377047
1999-11-15,10.233428001403809,10.294952260796748,10.110381027968243,10.274444689449206,431616
1999-11-16,10.212916374206543,10.294948172369782,10.130885348718154,10.253932273288163,646190
1999-11-17,9.936060905456543,10.19240892541319,9.843774938318274,10.130885462437584,780638
1999-11-18,9.84377384185791,10.028344210226143,9.76174205191107,9.905297297980654,650017
1999-11-19,9.67971420288086,9.843777063798752,9.577174818222797,9.843777063798752,391245
1999-11-22,9.433619499206543,9.67971338341196,9.249048313377521,9.59768157356018,545199
1999-11-23,9.35158634185791,9.433618139889493,9.208031081640065,9.310570442842119,393837
1999-11-24,9.269550323486328,9.310566203827971,9.228535215819182,9.290058649994398,419517
1999-11-26,9.197775840759277,9.310569356726166,9.125998219023508,9.208030007485746,222228
1999-11-29,9.002955436706543,9.146510745995744,8.83889255723679,9.064478919923312,541989
1999-11-30,9.002955436706543,9.146510745995744,8.900416040453559,9.023463779562208,707179
1999-12-01,9.074729919433594,9.228539346389157,9.002952289877642,9.064475751589931,441987
1999-12-02,8.900411605834961,9.228537973961041,8.879904045872275,9.064474403560638,919530
1999-12-03,9.167022705078125,9.454133461116744,8.961943814386393,8.982452167060856,770637
1999-12-06,8.859395980834961,9.187522358872174,8.83888842025284,9.1670140256153,544335
1999-12-07,8.531274795532227,8.838892999689783,8.326196765435673,8.818385428482673,987557
1999-12-08,8.387717247009277,8.551780075919561,8.32619378275228,8.531271739383978,480506
1999-12-09,8.285175323486328,8.510762340694345,8.20314431305363,8.40822299814744,491124
1999-12-10,8.469746589660645,8.551778374129027,8.326192125853058,8.408223137646718,440876
1999-12-13,8.203143119812012,8.490252773575119,8.121112121311667,8.408221775074772,600756
1999-12-14,8.120287895202637,8.2652932452455,8.016712756669142,8.203148318221372,668783
1999-12-15,8.327441215515137,8.34815593860005,7.99600096327576,8.058145913010627,1794861
1999-12-16,7.8717041015625,8.410295064088354,7.8717041015625,8.368864089494616,1077189
1999-12-17,8.099571228027344,8.16171614606545,7.685271514280058,7.913136473913024,1750910
1999-12-20,7.8717041015625,8.120284485768316,7.830273907448278,8.120284485768316,710265
1999-12-21,8.223864555358887,8.26529477453389,7.809563924568819,7.995999520616344,799527
1999-12-22,7.97528076171875,8.265291396951978,7.97528076171875,8.244575905589794,592361
1999-12-23,8.203144073486328,8.389578758087675,7.995993903609651,8.016708608405542,702981
1999-12-27,7.9338507652282715,8.286006322721416,7.9338507652282715,8.223861407982552,528903
1999-12-28,7.747416019439697,8.037425881655444,7.726700527544486,7.95456625551367,774341
1999-12-29,8.265292167663574,8.410297498801464,7.747416542513784,7.76813125532788,927802
1999-12-30,8.265292167663574,8.348151799399696,8.14100154933978,8.244576674369737,632115
1999-12-31,8.327441215515137,8.389586165250003,8.099575359180452,8.26529626578027,400010
2000-01-03,7.788846015930176,8.368865724960184,7.788846015930175,8.368865724960184,1288182
2000-01-04,7.560978412628174,7.809557977419444,7.436687849753146,7.809557977419444,1564238
2000-01-05,7.519545555114746,7.892416369570536,7.436685981163946,7.540261033961844,634584
2000-01-06,7.540269374847412,7.643844542217956,7.353834541868468,7.415979486194783,957062
2000-01-07,7.623123645782471,7.6852685397679705,7.457402887848566,7.56097875179697,733723
2000-01-10,7.291685581207275,7.788846476151219,7.250255376548662,7.747416271492606,1070151
2000-01-11,7.41597318649292,7.457402593863743,7.3745429986427,7.3745429986427,862615
2000-01-12,7.540269374847412,7.5816995978916415,7.415979486194783,7.478124430521097,493963
2000-01-13,7.830272674560547,7.9131330497425045,7.540262922382478,7.560978406417664,757674
2000-01-14,7.995997428894043,8.058142351159683,7.8302765955459614,7.850992089954364,871257
2000-01-18,7.97528076171875,8.01671096396345,7.97528076171875,7.97528076171875,878048
2000-01-19,8.058141708374023,8.120286625682457,7.99599679106559,7.99599679106559,711377
2000-01-20,7.643841743469238,8.016712053382866,7.498836406147335,7.91313692393576,627547
2000-01-21,7.643841743469238,7.892422210238248,7.602411535594442,7.788847080791142,965457
2000-01-24,7.529904365539551,7.685267357073748,7.415972337592401,7.602406990858268,692240
2000-01-25,7.58169412612915,7.705983925080949,7.395258647221956,7.560979419797016,596929
2000-01-26,7.830272674560547,7.830272674560547,7.540262922382478,7.623123297564437,597917
2000-01-27,7.8509907722473145,7.892420973630706,7.747415659028659,7.809560570863922,751254
2000-01-28,7.540269374847412,7.850994876959045,7.4574089287589524,7.850994876959045,905332
2000-01-31,8.037424087524414,8.058139574795469,7.581694294274406,7.664553901920083,832614
2000-02-01,8.037424087524414,8.07885428158701,7.913134285816142,7.954564479878737,569521
2000-02-02,7.913136005401611,7.9959964115330076,7.871705802335914,7.933850716694619,711747
2000-02-03,7.9338507652282715,8.037425883286273,7.8509911390696825,7.892421342388821,561866
2000-02-04,7.788846015930176,7.9752807551584635,7.788846015930175,7.9234935877549395,560632
2000-02-07,7.726696968078613,7.8095573365287025,7.705982266205756,7.788842634655845,422233
2000-02-08,7.81991720199585,7.892419848965287,7.747414555026412,7.7888447505060245,458530
2000-02-09,7.9338507652282715,7.97528096854741,7.788846224330819,7.830275647170269,1194969
2000-02-10,7.892423629760742,7.975283279933607,7.768132983781574,7.8717081318575906,1329047
2000-02-11,7.830272674560547,7.975277940889277,7.78884326744896,7.850988158595732,656560
2000-02-14,7.705986499786377,7.87170654725192,7.664556292800053,7.830276340265595,854590
2000-02-15,7.768126010894775,7.80955618903228,7.60240607882397,7.705981133928125,645449
2000-02-16,7.768126010894775,7.830270887861426,7.705981133928125,7.74741131206563,539891
2000-02-17,7.58169412612915,7.809559017700614,7.457403546697855,7.7888443113684795,557669
2000-02-18,7.208826541900635,7.498836437268236,7.188111047637378,7.478121723484756,985705
2000-02-22,7.229543209075928,7.291688147697442,7.188112989834922,7.250257928456437,654708
2000-02-23,7.04310417175293,7.250254386272675,7.04310417175293,7.250254386272675,829898
2000-02-24,6.898102283477783,7.084537079541555,6.753096921774912,7.043106864700748,1043237
2000-02-25,6.732380390167236,7.00167554333555,6.711665678569557,6.898100424387761,1078423
2000-02-28,7.04310417175293,7.04310417175293,6.711664921192787,6.732379630452918,988174
2000-02-29,6.711667060852051,7.043106417074063,6.628806636436655,7.043106417074063,1066201
2000-03-01,6.587375164031982,6.753095200679866,6.504515145708041,6.753095200679866,621991
2000-03-02,6.380225658416748,6.628805726833034,6.359510164915548,6.628805726833034,989408
2000-03-03,6.400941371917725,6.504516514173474,6.338796052420313,6.483801407674337,1517200
2000-03-06,6.421653747558594,6.463083552698586,6.297363551659081,6.380223942418603,1669426
2000-03-07,6.338794708251953,6.483800032756982,6.297364894278983,6.483800032756982,836071
2000-03-08,6.110930919647217,6.359511021547469,6.069500707543878,6.338795915495799,1262502
2000-03-09,6.380225658416748,6.421655474699525,6.06949988997661,6.110930096499262,932493
2000-03-10,6.318080902099609,6.4630858571516425,6.276650691947652,6.380226217327546,502976
2000-03-13,6.421653747558594,6.504513748078346,6.25593374651909,6.380223942418603,896196
2000-03-14,6.421653747558594,6.483798650388466,6.380223942418603,6.4009386498687135,508285
2000-03-15,6.911553382873535,7.058607929096871,6.449382686858997,6.5124062334210295,1197809
2000-03-16,7.877913475036621,7.961944902478675,6.974579191828558,6.974579191828558,1364110
2000-03-17,7.604813575744629,8.066984907628399,7.562797856207942,7.7518681983680855,1459174
2000-03-20,7.331709384918213,7.604810255403076,7.142639125308168,7.562794554210894,556187
2000-03-21,7.636321067810059,7.646825189932358,7.289692952868845,7.310701197113444,705204
2000-03-22,7.646825313568115,7.7308567088862175,7.394731919123289,7.625817068983851,575447
2000-03-23,7.751867294311523,7.772874755874939,7.226672840128136,7.7098515796748925,451864
2000-03-24,7.646825313568115,7.751864161961003,7.646825313568115,7.688841011227167,403344
2000-03-27,7.394733428955078,7.7676215356112905,7.352717722717402,7.70985003847319,503717
2000-03-28,7.457757949829102,7.62581920451004,7.205664484788293,7.3737265309789315,536187
2000-03-29,7.520780086517334,7.6258181584064575,7.39473297553312,7.499771838931836,434950
2000-03-30,7.373723030090332,7.562792445472482,7.2896916511364935,7.5207775475048875,359392
2000-03-31,7.667835712432861,7.814889508290125,7.231923617198753,7.39473399667577,590756
2000-04-03,8.235042572021484,8.571166564795554,7.667833433153927,7.688840885886257,1347813
2000-04-04,8.066984176635742,8.277061172263192,7.835898135878856,8.151014816584759,747550
2000-04-05,7.841153621673584,8.109003022388222,7.772877958320587,8.024971558493782,742488
2000-04-06,7.7098493576049805,7.982950236767474,7.583803041532929,7.87791137620424,591250
2000-04-07,7.373723030090332,7.751862652363957,7.331707340613413,7.751862652363957,616806
2000-04-10,7.415737152099609,7.562791654126866,7.352714020233426,7.541784207341219,403097
2000-04-11,7.373723030090332,7.541784996488685,7.331707340613413,7.39473047907413,430628
2000-04-12,7.431500434875488,7.7098531157188575,7.331713191671474,7.4367521034351896,826935
2000-04-13,7.342214584350586,7.4367493322581915,7.24767983644298,7.3737261669864544,421739
2000-04-14,6.937813758850098,7.268686114320528,6.806515783019585,7.231922079540739,564953
2000-04-17,6.916807174682617,7.0376018342123965,6.701476979187629,6.9325629654252126,945210
2000-04-18,7.142638206481934,7.163646450130305,6.764498527415133,6.932561310564327,710883
2000-04-19,7.037603855133057,7.205665935151386,6.974579882555056,7.184657680455433,454086
2000-04-20,7.100625991821289,7.184656623716064,6.953571396618254,7.05861028011903,465074
2000-04-24,7.28969669342041,7.43675131255266,6.9955882466657835,7.037603965204979,908419
2000-04-25,7.394733428955078,7.457757384066412,7.2896945591157065,7.2896945591157065,1479915
2000-04-26,7.28969669342041,7.394735594013464,7.268689229905749,7.394735594013464,535446
2000-04-27,7.016592979431152,7.268686401045601,6.848530962191375,7.268686401045601,518409
2000-04-28,6.869540691375732,7.079617664624498,6.764501017486746,7.069114330443388,602114
2000-05-01,6.932563304901123,7.058609637014166,6.8065169727880805,6.848531889152647,636313
2000-05-02,6.848531246185303,6.974577566464617,6.785508086045646,6.974577566464617,278279
2000-05-03,6.848531246185303,6.932562654044577,6.72248492590599,6.74349238211601,641004
2000-05-04,6.76450252532959,6.869542222632471,6.659464411046531,6.869542222632471,422727
2000-05-05,6.449384689331055,6.785509188094439,6.449384689331055,6.785509188094439,760390
2000-05-08,6.848531246185303,6.974577566464617,6.428375789908129,6.470391889592564,564089
2000-05-09,6.848531246185303,7.016593270394253,6.76449983832603,6.86953949390492,361244
2000-05-10,6.680469036102295,6.890546758395784,6.659461580476776,6.827523600009652,244451
2000-05-11,6.806515216827393,6.932561516422717,6.680468125722601,6.722483822757531,375812
2000-05-12,6.932563304901123,6.995586470957645,6.8065169727880805,6.869540138844602,438160
2000-05-15,6.995585918426514,7.058609079505287,6.89054705279202,6.911554509315075,452728
2000-05-16,6.953567981719971,7.100622504704507,6.932560531940474,7.016591122567814,542236
2000-05-17,6.995585918426514,6.995585918426514,6.848531348236301,6.953570213870794,593102
2000-05-18,7.226672172546387,7.226672172546387,6.95357123990136,6.995586950656686,417048
2000-05-19,7.100625991821289,7.142640912013805,7.037602820022772,7.05861028011903,605695
2000-05-22,7.394733428955078,7.394733428955077,7.058609362072947,7.058609362072947,771995
2000-05-23,7.415737152099609,7.520776760555571,7.310699126662132,7.394729705313963,849405
2000-05-24,7.394733428955078,7.562795462396143,7.394733428955077,7.394733428955077,1567201
2000-05-25,7.415737152099609,7.499768522260682,7.352714020233426,7.415737152099609,1139906
2000-05-26,7.436750411987305,7.478766125438539,7.39473469853607,7.45775866446781,792984
2000-05-30,7.646825313568115,7.646825313568115,7.415739372198075,7.436747616782339,939901
2000-05-31,7.604813575744629,7.688845014818002,7.499774672657858,7.625821039758026,407295
2000-06-01,7.919929027557373,7.9829522011012655,7.562796655462301,7.562796655462301,478531
2000-06-02,8.214035987854004,8.392602142450539,7.9829507950577,7.9829507950577,603349
2000-06-05,7.919929027557373,8.21403743459879,7.877913314691524,8.21403743459879,680388
2000-06-06,7.7728729248046875,7.982950656989638,7.751865468190037,7.919927495636075,270377
2000-06-07,7.898920059204102,8.003958925564962,7.814888649511567,7.856904354357834,222969
2000-06-08,7.7728729248046875,7.9619432003749875,7.730858011575387,7.9619432003749875,325687
2000-06-09,7.6888427734375,7.877912268971958,7.667835315548002,7.856904811082461,681376
2000-06-12,7.7728729248046875,7.79388117292895,7.646826602097563,7.6888423068364755,488902
2000-06-13,7.667835712432861,7.7518663398499115,7.625819211459785,7.7308588808730745,603472
2000-06-14,7.823455333709717,7.8447144097726165,7.674639398299364,7.780936380593899,753106
2000-06-15,7.3982672691345215,7.780936238193548,7.377007392470685,7.759677162519715,1249662
2000-06-16,6.909299850463867,7.355746752597475,6.845521035024924,7.206930851556328,1628561
2000-06-19,7.249449729919434,7.355746686712466,6.888040717614983,6.951818731492837,650511
2000-06-20,7.185671806335449,7.355746779143468,6.951818818848152,7.334487707913654,536928
2000-06-21,6.973075866699219,7.185669721268303,6.909297870526414,7.100631859044828,778168
2000-06-22,6.973075866699219,7.058112927933091,6.909297870526414,6.994334931760286,451493
2000-06-23,7.058113098144531,7.185669894555867,6.9518169692861855,6.994335100433674,1047558
2000-06-26,7.1218953132629395,7.185673341568517,7.036857408195499,7.143154389034796,484704
2000-06-27,7.079373836517334,7.164410910274065,7.079373836517334,7.164410910274065,371985
2000-06-28,7.079373836517334,7.228188915839044,7.079373836517334,7.164410910274065,714463
2000-06-29,6.973075866699219,7.121891725095498,6.973075866699219,7.121891725095498,422604
2000-06-30,6.760483264923096,7.0581142358803906,6.696704856436639,6.9730771588881995,1008545
2000-07-03,7.143152713775635,7.419524638943247,6.7604838326981875,6.7604838326981875,990643
2000-07-05,7.29196834564209,7.46204330868167,7.121893382602511,7.185671393618629,834837
2000-07-06,7.143152713775635,7.270708740471512,7.143152713775636,7.206930727123574,349021
2000-07-07,7.3344879150390625,7.4407840751797645,7.1697275051382166,7.206931081088476,964840
2000-07-10,7.462040424346924,7.483299486138343,7.3132245888385485,7.3132245888385485,392973
2000-07-11,7.355745315551758,7.398264250541119,7.291967313562554,7.313226380562397,447913
2000-07-12,7.29196834564209,7.355746356658209,7.164411522620063,7.313227415650866,780638
2000-07-13,7.270705699920654,7.355743549482304,7.228186775139829,7.249446638024984,739278
2000-07-14,7.419522762298584,7.462041694106027,7.249447836058428,7.249447836058428,281859
2000-07-17,7.206930637359619,7.398265476010134,7.121893554284798,7.355746533977818,303341
2000-07-18,7.228187561035156,7.2494474262318205,7.015594515995509,7.036853580202602,287785
2000-07-19,7.1218953132629395,7.2707104456459515,7.036857408195499,7.2494513698740946,627424
2000-07-20,7.377007961273193,7.398267839576268,7.132524967718288,7.143154906869825,580015
2000-07-21,7.29196834564209,7.440783437683104,7.270708474643524,7.29196834564209,348404
2000-07-24,7.270705699920654,7.313224624701479,7.143149726567663,7.270705699920654,433098
2000-07-25,7.185671806335449,7.249449821014727,7.1431528628859855,7.228189948795077,327046
2000-07-26,6.909299850463867,7.206930851556328,6.888040779310775,7.16441190826031,675079
2000-07-27,6.909299850463867,7.079374822658107,6.86678090716785,6.919928985545497,357046
2000-07-28,6.845523834228516,6.9518216364297185,6.760486713853778,6.8667837150648205,331120
2000-07-31,6.781742095947266,6.8667799709451645,6.781742095947266,6.8242610334462155,653844
2000-08-01,6.845523834228516,6.909302675747269,6.760486713853778,6.781745793699923,315564
2000-08-02,6.903985023498535,6.973078411898146,6.803003426362813,6.803003426362813,338404
2000-08-03,7.143152713775635,7.185671656337534,6.7604838326981875,6.803002775260086,560261
2000-08-04,7.3982672691345215,7.4195263448083555,7.121895280424669,7.143154356098503,698043
2000-08-07,7.355745315551758,7.419523317540961,7.228188510583675,7.419523317540961,405443
2000-08-08,7.440783977508545,7.462043850049505,7.334487818763137,7.345116954043769,744958
2000-08-09,7.419522762298584,7.504559824923854,7.270706901467341,7.483300759514941,432851
2000-08-10,7.440783977508545,7.589599881335873,7.4195249059574335,7.4195249059574335,378158
2000-08-11,7.50455904006958,7.568337831605334,7.44078104952336,7.50455904006958,382603
2000-08-14,7.589600086212158,7.610859959327015,7.504562195732472,7.568341014087172,452234
2000-08-15,7.440783977508545,7.568340809784761,7.440783977508545,7.5577108735142815,198524
2000-08-16,7.313228607177734,7.541767051213909,7.313228607177734,7.440784649992373,273217
2000-08-17,7.3504319190979,7.483302510729315,7.291968474304972,7.387635492517144,375318
2000-08-18,7.29196834564209,7.398265297665551,7.249449404634748,7.313227415650866,402480
2000-08-21,7.419522762298584,7.462041694106027,7.291966767865871,7.291966767865871,397047
2000-08-22,7.52582311630249,7.632120093701734,7.398267063819391,7.440785213987104,418900
2000-08-23,7.440783977508545,7.589599881335873,7.4195249059574335,7.52582186569269,348528
2000-08-24,7.29196834564209,7.483302378690446,7.29196834564209,7.451413373182387,318280
2000-08-25,7.206930637359619,7.398265476010134,7.206930637359619,7.270708649913187,537915
2000-08-28,7.270705699920654,7.334484487586633,7.164408788463334,7.164408788463334,713105
2000-08-29,7.249449729919434,7.313227743797288,7.185671716041579,7.291968672834612,364330
2000-08-30,7.270705699920654,7.355743549482304,7.185668651348489,7.228186775139829,501248
2000-08-31,7.3982672691345215,7.462045297146026,7.2494513364476765,7.291970288785347,336922
2000-09-01,7.462040424346924,7.525818410710661,7.398262437983186,7.398262437983186,611621
2000-09-05,7.63211727142334,7.6746362068579685,7.4620423306745085,7.4620423306745085,599769
2000-09-06,7.802193641662598,7.908490599229682,7.63211866975323,7.63211866975323,612979
2000-09-07,7.929745674133301,7.929745674133301,7.802189709730859,7.802189709730859,724093
2000-09-08,8.206122398376465,8.227381469487636,7.951009540093258,7.972268611204429,1122622
2000-09-11,8.333675384521484,8.376193511221087,8.121081547065318,8.19548947027393,1382999
2000-09-12,8.439974784851074,8.482493725042039,8.312417964278184,8.312417964278184,757921
2000-09-13,8.532829284667969,8.683281600386547,8.51133632808019,8.554322241255747,721130
2000-09-14,8.511334419250488,8.575814084355088,8.446853944344006,8.575814084355088,705574
2000-09-15,8.511334419250488,8.511334419250488,8.425360992576433,8.446853944344006,1110770
2000-09-18,8.274908065795898,8.511334588962852,8.210428399405602,8.500587707963836,889159
2000-09-19,8.253412246704102,8.36087858995918,8.253412246704102,8.317891890696824,585077
2000-09-20,8.102961540222168,8.274907577040985,7.952508454330009,8.231920865385819,807181
2000-09-21,7.974004745483398,8.102964111570273,7.759071928803868,8.092217227795665,686931
2000-09-22,7.63010835647583,7.909520702167471,7.587120845075071,7.909520702167471,1310034
2000-09-25,7.716081619262695,7.845041735247616,7.630109018407813,7.651601966171101,877183
2000-09-26,7.823545455932617,7.888025088240602,7.716079132152151,7.802051705295642,402973
2000-09-27,7.90952205657959,7.90952205657959,7.651602612621012,7.866535347619527,373713
2000-09-28,8.016983032226562,8.16743602269553,7.716077861089964,7.823544167167607,624831
2000-09-29,7.802054405212402,7.995494178878055,7.737574750591102,7.9847481096423385,856936
2000-10-02,8.081467628479004,8.102960576850336,7.694588889182734,7.823548199014239,826071
2000-10-03,8.102961540222168,8.23729471046887,8.059974828567,8.08146858929551,431493
2000-10-04,7.974004745483398,8.210430519910037,7.95251097793418,8.059977386273946,320255
2000-10-05,7.888026237487793,8.038479274661018,7.845040349553948,7.995492576925583,382603
2000-10-06,7.587119102478027,7.888025134758445,7.565626161515773,7.888025134758445,446308
2000-10-09,7.522643089294434,7.802055505249845,7.393683761869433,7.5656298017033885,321860
2000-10-10,7.3292036056518555,7.544136343451798,7.264723946272236,7.501149633931447,459889
2000-10-11,7.178750038146973,7.501149122882,6.963818124792043,7.35069605471197,589275
2000-10-12,6.985311031341553,7.221736701476899,6.8993376186732,7.178749995142722,467543
2000-10-13,7.307706832885742,7.350693524681871,6.942321977122342,6.963815727921144,479272
2000-10-16,7.200246334075928,7.307711923728843,7.1572596123335375,7.259352165444419,473346
2000-10-17,7.114268779754639,7.2862147575666505,7.092775836203727,7.200242173561431,808416
2000-10-18,7.071283340454102,7.200243454099392,6.920830279435455,7.114270045002532,633720
2000-10-19,7.4796576499938965,7.630110747843705,7.114271786587765,7.114271786587765,748538
2000-10-20,7.200246334075928,7.458165044926189,7.178752568303712,7.350698645471233,831503
2000-10-23,7.049787998199463,7.221733948179762,7.028295058127466,7.221733948179762,580756
2000-10-24,7.114268779754639,7.178748420208946,7.071282082851243,7.0874019929648195,520754
2000-10-25,7.307706832885742,7.372187275480674,7.092774993508053,7.092774993508053,581744
2000-10-26,7.415175914764404,7.479655564492497,7.221736155778438,7.350695455234622,676314
2000-10-27,7.4796576499938965,7.5656302703352765,7.28621783707244,7.415177982287383,635942
2000-10-30,7.823545455932617,7.866532147405098,7.522639425426725,7.554880051382188,433838
2000-10-31,8.102961540222168,8.124454491148827,7.759069466584534,7.759069466584534,1363492
2000-11-01,8.124448776245117,8.167435457662572,8.01698247760212,8.059969159019575,827552
2000-11-02,8.102961540222168,8.317894288696152,8.059974828567,8.059974828567,559150
2000-11-03,8.16744327545166,8.210429998015544,8.081470640125948,8.145950319070746,542113
2000-11-06,8.360880851745605,8.360880851745605,8.14594810709182,8.167441057636465,949901
2000-11-07,8.339388847351074,8.425362287235997,8.274909172338386,8.317895892280848,1205834
2000-11-08,8.339388847351074,8.425362287235997,8.29640293721062,8.29640293721062,878294
2000-11-09,8.23192310333252,8.511336400152025,8.145950466451348,8.344763353329535,1721526
2000-11-10,7.931014537811279,8.274906569580446,7.909521589501364,8.210426914848947,1062991
2000-11-13,7.952507972717285,8.081468099872817,7.866535364415398,7.909522073467243,524335
2000-11-14,8.016983032226562,8.16743602269553,7.952503410540244,8.016983032226562,490383
2000-11-15,7.845043182373047,8.038482177330296,7.7590697558574595,8.027735296565378,631868
2000-11-16,7.888026237487793,7.931012935223227,7.737573200314568,7.898773114372048,436184
2000-11-17,7.845043182373047,7.974002512344547,7.780562707585416,7.8880290858289595,684462
2000-11-20,7.716081619262695,7.845041735247616,7.716081619262695,7.823547977682597,469518
2000-11-21,7.866532802581787,7.888025745207366,7.716079774798121,7.748319593637259,445814
2000-11-22,7.780562400817871,7.909522535506686,7.780562400817871,7.855788943602551,438900
2000-11-24,7.90952205657959,7.974001715118785,7.802054879278533,7.845042398040396,269760
2000-11-27,7.952507972717285,8.059974340445994,7.88802831404042,7.909522073467243,450999
2000-11-28,8.038483619689941,8.16744297280085,7.909524266579031,7.952510177747984,527915
2000-11-29,8.253412246704102,8.27490519143447,8.038479560193947,8.049226437459941,558533
2000-11-30,8.339388847351074,8.360882612223309,8.2104294973257,8.26416228990227,1918198
2000-12-01,8.317893028259277,8.489839039022566,8.296400080589514,8.317893028259277,953111
2000-12-04,8.403867721557617,8.446854437403866,8.31789509966705,8.339388052689209,640634
2000-12-05,8.511334419250488,8.554320322785633,8.360881327471834,8.382374279239405,763353
2000-12-06,8.548948287963867,8.81761386061478,8.382375260411392,8.51133541551749,1723749
2000-12-07,8.640294075012207,8.726267504925604,8.468347215185412,8.511334739944024,515569
2000-12-08,8.812239646911621,8.94119897498286,8.575813942180393,8.575813942180393,872121
2000-12-11,9.027170181274414,9.027170181274414,8.726264886472713,8.876717128972729,759649
2000-12-12,8.812239646911621,9.005679448820349,8.769252934287252,8.98418568760723,704710
2000-12-13,8.68885612487793,8.992965712773103,8.68885612487793,8.895216290066632,499519
2000-12-14,8.58024787902832,8.688858653113508,8.384748976730199,8.688858653113508,627053
2000-12-15,8.558524131774902,8.688857534959968,8.449914190091894,8.5150804824718,1799183
2000-12-18,8.862634658813477,8.862634658813477,8.363025321977474,8.5150805510385,1327936
2000-12-19,9.145021438598633,9.362242935977953,8.797467370161788,8.840911833322686,1855110
2000-12-20,9.188467979431152,9.210189806710698,8.927801959949836,9.036412733198272,670017
2000-12-21,9.36224365234375,9.383965476373692,8.992966914858123,9.210188428858464,1981163
2000-12-22,9.579463958740234,9.579463958740234,9.297076189823128,9.31879801111478,1577942
2000-12-26,9.601189613342285,9.601189613342285,9.492578826670515,9.514301475060142,366923
2000-12-27,9.666354179382324,9.731521294379931,9.492577115714417,9.50343843795157,488902
2000-12-28,9.666354179382324,9.666354179382324,9.579466056761023,9.655493675570478,611991
2000-12-29,9.492573738098145,9.68807337667832,9.470851919778132,9.666350739933293,668412
2001-01-02,9.427411079406738,9.557744494574791,9.25363401094133,9.536021849500784,1319047
2001-01-03,9.802120208740234,9.861856267824766,9.123303364369516,9.405691263291391,1186574
2001-01-04,9.948740005493164,10.035628929031812,9.731519333496822,9.769532726029269,917308
2001-01-05,9.709796905517578,9.970462863402835,9.557742513640909,9.970462863402835,731007
2001-01-08,9.601189613342285,9.709800400014055,9.470856996706344,9.622912261731912,944099
2001-01-09,9.536019325256348,9.666351887499221,9.362242302790813,9.57946378547901,1084720
2001-01-10,9.5577392578125,9.688071783144984,9.449127728802255,9.514294809893379,927185
2001-01-11,9.73151683807373,9.774961288702727,9.536017219455708,9.557739853982673,1775355
2001-01-12,9.622910499572754,9.796687562740226,9.51429973278992,9.796687562740226,993606
2001-01-16,9.861849784851074,9.90529423730085,9.49257316666542,9.579462071564972,850392
2001-01-17,10.035628318786621,10.079072777914181,9.905295759829034,9.905295759829034,693598
2001-01-18,9.850992202758789,10.035629748103876,9.840130881823711,10.013907924658927,1082744
2001-01-19,9.818405151367188,9.992182957962138,9.688072614845925,9.818405151367188,911999
2001-01-22,10.133378028869629,10.14423934856955,9.774963481448461,9.79668530242319,1175710
2001-01-23,10.057352066040039,10.18768463936231,10.013907602124222,10.100795711530674,503717
2001-01-24,10.07907485961914,10.100796684456743,10.013908566681076,10.07907485961914,625819
2001-01-25,10.057352066040039,10.18768463936231,10.03562942486954,10.079073888785357,585324
2001-01-26,10.187682151794434,10.274570239985069,10.035626974429597,10.057349610295992,894468
2001-01-29,10.252847671508789,10.448347287860825,10.165958771257902,10.209403221383345,1110152
2001-01-30,10.318014144897461,10.339735961184374,10.187681610326104,10.274569693898696,316798
2001-01-31,10.339737892150879,10.361460530919476,10.209405333239658,10.339737892150879,757674
2001-02-01,10.361457824707031,10.426624087142473,10.252847114506334,10.339735191611966,436678
2001-02-02,10.339737892150879,10.426626810375087,10.296294251463866,10.323447140712068,885702
2001-02-05,10.383184432983398,10.40490707610716,10.318018140462625,10.39404575454528,669647
2001-02-06,10.318014144897461,10.426624863181905,10.296292328610548,10.404903046894992,415319
2001-02-07,10.361457824707031,10.404902272472286,10.252847114506334,10.274568929176523,856072
2001-02-08,10.383184432983398,10.426628900805666,10.318018140462625,10.40490707610716,459765
2001-02-09,10.404903411865234,10.426625228914078,10.318014506819924,10.339736323868769,722611
2001-02-12,10.42662525177002,10.578680426720148,10.339736346534242,10.361458982055671,749402
2001-02-13,10.404903411865234,10.448347864387891,10.339736323868769,10.383180776391423,490754
2001-02-14,10.383184432983398,10.426628900805666,10.318018140462625,10.383184432983398,645943
2001-02-15,10.491790771484375,10.491790771484375,10.33973560740383,10.33973560740383,755328
2001-02-16,10.600399017333984,10.622120827818897,10.404900267695615,10.404900267695615,518409
2001-02-20,10.42662525177002,10.600402243816607,10.361458982055671,10.556957791198718,793231
2001-02-21,10.404903411865234,10.51351413395939,10.318014506819924,10.339736323868769,787798
2001-02-22,10.404903411865234,10.49179149848558,10.144237515154268,10.404903411865234,1719921
2001-02-23,10.442919731140137,10.4917944470543,10.318017406551094,10.404906336015296,1364850
2001-02-26,10.55695629119873,10.55695629119873,10.361457509833402,10.383179323843487,679153
2001-02-27,10.513511657714844,10.66556679651815,10.426622773134447,10.535233469647554,693969
2001-02-28,10.42662525177002,10.622124060913068,10.274570076819893,10.502652839245084,698660
2001-03-01,10.55695629119873,10.600400737643755,10.339734877398463,10.383179323843487,740266
2001-03-02,10.839348793029785,10.839348793029785,10.448351056158486,10.491794703527376,936197
2001-03-05,10.861076354980469,10.90452084045402,10.687299231511853,10.752465550509385,644955
2001-03-06,10.81762981414795,10.99140690459877,10.752463507532072,10.904518768586076,514458
2001-03-07,11.121735572814941,11.121735572814941,10.774180722345662,10.7959033608641,821379
2001-03-08,11.121735572814941,11.143457392908298,10.991402196979555,11.100012934296503,609028
2001-03-09,10.861076354980469,11.100019797446619,10.795910035982937,11.100019797446619,391739
2001-03-12,10.361457824707031,10.86106692794526,10.29629156227159,10.86106692794526,770884
2001-03-13,10.55695629119873,10.55695629119873,10.209402356488246,10.404901956278426,908913
2001-03-14,10.15092658996582,10.457865664170543,10.019380564415323,10.326320464659931,691253
2001-03-15,10.32632064819336,10.435941099040603,10.172850695343378,10.172850695343378,723105
2001-03-16,10.172850608825684,10.326320560370439,10.085154083685746,10.107078008460757,1658068
2001-03-19,10.107075691223145,10.260544781542325,9.90975710932748,10.238620861793786,911011
2001-03-20,9.84398365020752,10.172847373481122,9.83302127828651,10.150923455678733,960395
2001-03-21,9.5370454788208,9.86591008448194,9.515121557261951,9.84398533688332,994594
2001-03-22,9.383575439453125,9.580893191911972,9.12048427680164,9.498677461720785,1740786
2001-03-23,9.71243953704834,9.822060789942416,9.361651858203183,9.383575778366112,1238180
2001-03-26,9.865904808044434,9.887828717878039,9.778207516631353,9.822056162337892,1267811
2001-03-27,9.887832641601562,9.953605223241809,9.7782113968546,9.843983978494846,1611030
2001-03-28,9.865904808044434,9.909752627711645,9.756282780758418,9.909752627711645,1123609
2001-03-29,9.882349014282227,9.997451834569743,9.778209390070982,9.800133304105064,815330
2001-03-30,9.975528717041016,10.282468519679608,9.931680881840894,9.975528717041016,2902051
2001-04-02,10.129003524780273,10.348246111138982,9.865913081981839,9.95360962090131,2068943
2001-04-03,10.129003524780273,10.150928279040157,9.975533549121172,10.10707959656041,1862271
2001-04-04,9.822057723999023,10.172845293346265,9.690511765964212,10.15092138002686,957432
2001-04-05,10.260547637939453,10.282472389831248,9.86591201636633,9.887835942218192,1146820
2001-04-06,10.129003524780273,10.271511123309432,9.997458303381055,10.266030347764472,1472014
2001-04-09,10.190384864807129,10.246510943503766,10.130751422466629,10.130751422466629,1249292
2001-04-10,10.499078750610352,10.520125411500015,10.183369750830705,10.183369750830705,1343862
2001-04-11,10.57274341583252,10.611330197254016,10.453474881969909,10.45698307156803,1665352
2001-04-12,10.642908096313477,10.660447404579802,10.400865146614153,10.432435571077523,838170
2001-04-16,10.555205345153809,10.699027918740143,10.488555517329106,10.569236453096083,1115831
2001-04-17,10.537666320800781,10.576253110728011,10.460493566985964,10.576253110728011,1428062
2001-04-18,10.902484893798828,10.979658466503372,10.52363423640851,10.52363423640851,1183117
2001-04-19,10.881446838378906,10.96563603172661,10.839351828684944,10.87793864555767,767180
2001-04-20,10.776206970214844,10.902490310068307,10.674478494766227,10.839348640141576,1345714
2001-04-23,10.797246932983398,10.804262485625458,10.681486597212114,10.772691259677089,1104597
2001-04-24,10.6920166015625,10.793745065593134,10.642906052224989,10.769189377904436,1282379
2001-04-25,10.71657657623291,10.71657657623291,10.435945107488156,10.709560190635134,1033237
2001-04-26,10.57274341583252,10.744629011390728,10.569235226234397,10.621853113969458,592238
2001-04-27,10.874424934387207,10.877933125428173,10.57625512917874,10.57625512917874,733723
2001-04-30,10.68148422241211,10.874417246430307,10.555200998773818,10.874417246430307,1082744
2001-05-01,10.523630142211914,10.695516518901888,10.46399671690013,10.593788133568378,692487
2001-05-02,10.699026107788086,10.702534297199627,10.49907748419749,10.555203558545626,660017
2001-05-03,10.667459487915039,10.699029899650153,10.506096760465446,10.61484075829033,494210
2001-05-04,10.71657657623291,10.71657657623291,10.523642493098405,10.59029237399576,593225
2001-05-07,10.646413803100586,10.751650454172305,10.639398246639765,10.702539906866857,325811
2001-05-08,10.583271026611328,10.684999475702984,10.562223533408982,10.618349631255397,562113
2001-05-09,10.537666320800781,10.61133253632345,10.506095911616423,10.558713810950115,831256
2001-05-10,10.534160614013672,10.681491416162146,10.506097564745401,10.55169991655137,504704
2001-05-11,10.506093978881836,10.639393623919199,10.400858199573966,10.551696315123147,502359
2001-05-14,10.583271026611328,10.593794773212501,10.435939400234666,10.474526195759047,362972
2001-05-15,10.642908096313477,10.656940038550564,10.471022379679457,10.52013211240915,387541
2001-05-16,10.870917320251465,10.874424685172249,10.50609767590402,10.555208219153045,619028
2001-05-17,10.765679359436035,10.902486399547117,10.723585203263273,10.839344752268131,526557
2001-05-18,10.709553718566895,10.744632321195974,10.628872767312066,10.709553718566895,826071
2001-05-21,10.670967102050781,10.769187356247418,10.625364752669515,10.734109579076902,730389
2001-05-22,10.811281204223633,10.944580873655001,10.593793226355203,10.713060960353962,659523
2001-05-23,10.804267883300781,10.920027450864675,10.800760518247218,10.87442509684983,771008
2001-05-24,10.790231704711914,10.955102578634266,10.786724341036646,10.80075627385619,649400
2001-05-25,10.71657657623291,10.853382878746073,10.713068383434022,10.786733823888936,335317
2001-05-29,10.839346885681152,10.85688618970855,10.64992190656135,10.688507879797717,557422
2001-05-30,10.74112319946289,10.888453967235597,10.74112319946289,10.839343435964834,521372
2001-05-31,10.884946823120117,10.923532784855862,10.699028438555386,10.76567826961829,443715
2001-06-01,10.898981094360352,10.905996650708083,10.723587229428018,10.856886104194281,457296
2001-06-04,10.941071510314941,10.962118998187567,10.821803789102653,10.920024022442314,342108
2001-06-05,11.07788372039795,11.07788372039795,10.920028325194018,10.937567629985592,469765
2001-06-06,10.986678123474121,11.077883664384979,10.849871051167646,11.077883664384979,538286
2001-06-07,10.941071510314941,10.983166486060194,10.849866830919636,10.962118998187567,529026
2001-06-08,10.842855453491211,10.972646968633684,10.77269740890508,10.972646968633684,447296
2001-06-11,10.786725997924805,10.913009282500939,10.783217807671173,10.842852085745225,496680
2001-06-12,10.75515365600586,10.772692953388283,10.63939412807396,10.769184763495986,1183611
2001-06-13,10.677270889282227,10.843660512090018,10.656029412516528,10.840120821731023,1660537
2001-06-14,10.479019165039062,10.652489837753128,10.340951231869646,10.641869099255027,2495003
2001-06-15,10.656026840209961,10.70204947299074,10.461315573267784,10.507338206048562,4700986
2001-06-18,10.737454414367676,10.79409779462997,10.574604487700356,10.648948820088002,901381
2001-06-19,10.918009757995605,10.956951368404509,10.726838063018958,10.733918280033919,1137437
2001-06-20,11.041912078857422,11.14103841222752,10.868441412286208,10.900304460305135,814589
2001-06-21,11.303889274597168,11.31096865572618,11.03837246691605,11.0702346839145,1033731
2001-06-22,11.070234298706055,11.328670048959463,11.066694608264719,11.293267308975427,755328
2001-06-25,11.095012664794922,11.21537960707432,11.052529724194734,11.052529724194734,681129
2001-06-26,11.091475486755371,11.13749813051633,10.992349151229513,11.066694319700373,1387937
2001-06-27,11.056081771850586,11.23663279030015,10.981737381957274,11.056081771850586,565323
2001-06-28,11.240163803100586,11.29680718343416,11.056073233842922,11.109176090285809,785576
2001-06-29,11.3286714553833,11.679151705416928,11.087936628408857,11.236626154034127,1818319
2001-07-02,11.378230094909668,11.417172517499306,11.133956490184536,11.155197129517513,883356
2001-07-03,11.335755348205566,11.367617578387279,11.243710016996166,11.257870452419155,334947
2001-07-05,11.286184310913086,11.36406915255499,11.275563574902575,11.325126731734038,324947
2001-07-06,11.119793891906738,11.307424935507457,11.063150526530947,11.307424935507457,1305590
2001-07-09,11.105637550354004,11.187062945162765,11.00297150936531,11.183522420639584,769650
2001-07-10,10.93570327758789,11.119794644342337,10.93570327758789,11.11625412114702,1400407
2001-07-11,10.974650382995605,11.038373992144539,10.886145601859058,10.910926773846672,487544
2001-07-12,11.119793891906738,11.151656097550378,10.875519482930228,10.988806213681809,326552
2001-07-13,11.296804428100586,11.342827059189906,11.020667807911956,11.080851697457138,522483
2001-07-16,11.197681427001953,11.346370088542818,11.155198475902914,11.24370406825732,447419
2001-07-17,11.367619514465332,11.399480916420197,11.151666585084762,11.204769477445183,325317
2001-07-18,11.4454984664917,11.487981428286078,11.261407855124316,11.30035029221813,549891
2001-07-19,11.34283447265625,11.505684466244533,11.272029801405726,11.470282547445894,779280
2001-07-20,11.218925476074219,11.321591519910402,11.215384951452839,11.254327387675714,450876
2001-07-23,11.20122241973877,11.289728022385418,11.162279987920364,11.208302634527666,683475
2001-07-24,11.119793891906738,11.250781570131666,11.087931686263099,11.19767872771162,455074
2001-07-25,11.038373947143555,11.148121042419795,10.928627685520407,11.123339036880115,869776
2001-07-26,11.20476245880127,11.240164364865858,10.95694744904326,11.038371999722402,746810
2001-07-27,11.325135231018066,11.342836193102213,11.179987008466721,11.183526700691527,461370
2001-07-30,11.314510345458984,11.39947543255418,11.250786738550856,11.25786695406219,822367
2001-07-31,11.3286714553833,11.392395061420954,11.268487540226426,11.314510190901013,878912
2001-08-01,11.4065523147583,11.417173051748163,11.233082500331413,11.339288202924388,628905
2001-08-02,11.378230094909668,11.470276199963713,11.314506509605165,11.40301209127732,320255
2001-08-03,11.45257568359375,11.45257568359375,11.325127674510789,11.356989051541916,501741
2001-08-06,11.3605318069458,11.505680794818181,11.3605318069458,11.452577933565179,480012
2001-08-07,11.4313325881958,11.487975954496818,11.346367538744275,11.364068486506756,532113
2001-08-08,11.3286714553833,11.420716756732475,11.310969666367175,11.356992317041762,400504
2001-08-09,11.325135231018066,11.346376718980391,11.226008842962802,11.310973961158727,546187
2001-08-10,11.3286714553833,11.45257897657783,11.13749980361728,11.310969666367175,440505
2001-08-13,11.339287757873535,11.381770704165591,11.293265121825671,11.332207544709124,441740
2001-08-14,11.300345420837402,11.44903405571447,11.240161528790617,11.378229427797505,278526
2001-08-15,11.20476245880127,11.388853037259484,11.172900243151373,11.257865317898151,299267
2001-08-16,11.286184310913086,11.29326452370251,11.141036197292534,11.158737146092466,270501
2001-08-17,11.17998218536377,11.293268127099479,11.11979827331863,11.151660491516589,541496
2001-08-20,11.148118019104004,11.275565202319235,11.116255806473761,11.201220873168205,500877
2001-08-21,11.123337745666504,11.29326790541388,11.027752760254979,11.116257530756947,334206
2001-08-22,11.18351936340332,11.24724295182912,11.11979577497752,11.133957035545935,252970
2001-08-23,11.063157081604004,11.250788236378769,11.063157081604004,11.179984404533126,245192
2001-08-24,10.921545028686523,11.133958122377477,10.864901648189322,11.080854432128286,538656
2001-08-27,10.64186954498291,11.010051549175365,10.63832902078427,10.921545947086159,518655
2001-08-28,10.634788513183594,10.748076117534138,10.620628083672887,10.656029991102631,571003
2001-08-29,10.479019165039062,10.656029528150533,10.45069747359511,10.656029528150533,539026
2001-08-30,10.432997703552246,10.648950521090702,10.390515578396126,10.528583527219816,840886
2001-08-31,10.408218383789062,10.546286357159365,10.36219572599896,10.386976900608035,397665
2001-09-04,10.553367614746094,10.677275167321172,10.171025048035888,10.408219410547808,1256946
2001-09-05,10.482561111450195,10.560445981902367,10.372814854833448,10.47902058691944,664832
2001-09-06,10.284305572509766,10.479016845466974,10.188719780838102,10.457776206825416,635325
2001-09-07,10.018793106079102,10.266608144768798,10.001092150980272,10.263067620287815,529520
2001-09-10,10.12598705291748,10.258282759474715,9.950784175597116,10.111684382003954,857800
2001-09-17,9.916534423828125,10.08987526442457,9.382067257181742,10.046539629082805,990396
2001-09-18,10.162095069885254,10.299323378819068,9.876805399025114,9.95986419107196,910394
2001-09-19,10.082651138305664,10.382386394515395,9.793749788993292,10.154876050441178,691129
2001-09-20,9.819028854370117,10.104319483305119,9.754026259953804,10.100707897354411,1254847
2001-09-21,9.696246147155762,9.865976233093102,9.291784230176676,9.457902730103676,1417568
2001-09-24,9.949034690856934,10.046538155301981,9.779305461565901,9.782916197057832,769403
2001-09-25,10.125985145568848,10.201821637698885,9.952645199546687,9.988756802483499,800268
2001-09-26,10.125985145568848,10.201821637698885,10.046537067952583,10.18737699652416,894221
2001-09-27,10.172932624816895,10.201822760731709,10.068205988423841,10.12598626025347,1120893
2001-09-28,10.422109603881836,10.497946101908607,10.151265332522726,10.201822430950468,1233612
2001-10-01,10.552118301391602,10.562951360658287,10.1765464517902,10.436557732283479,1080398
2001-10-02,10.494333267211914,10.63156074313106,10.385995070109441,10.559335845319403,1099658
2001-10-03,10.530451774597168,10.606288301084392,10.440169750005698,10.541285685578982,1179290
2001-10-04,10.302942276000977,10.55573041614731,10.255995894968294,10.461837654081943,1052126
2001-10-05,10.028480529785156,10.50877886527967,9.873195964862333,10.436553960879325,1701155
2001-10-08,9.512070655822754,10.057371627736362,9.479569785874581,10.053760892400536,1121387
2001-10-09,9.660130500793457,9.743189298155318,9.515679863826131,9.573460118613061,1495841
2001-10-10,9.743191719055176,9.829862122770647,9.522904549243165,9.62402044543712,1007063
2001-10-11,9.851531982421875,9.952647899617226,9.732359833667067,9.750416065226524,929407
2001-10-12,9.6890230178833,9.873196881354383,9.63485348416962,9.847918332544761,1035089
2001-10-15,9.815418243408203,9.902088653858609,9.605964964082695,9.746804062170147,532730
2001-10-16,9.923752784729004,10.111539045604184,9.80819227046273,9.865973377980836,793971
2001-10-17,9.761250495910645,10.042929594139695,9.70708179833733,9.934591348607697,295316
2001-10-18,9.638463973999023,9.844306477936717,9.631241653786748,9.696244236467319,481741
2001-10-19,9.717916488647461,9.833477066396073,9.605967497848031,9.754028956597542,1085954
2001-10-22,9.884031295776367,9.930977656443705,9.667354869204685,9.667354869204685,469518
2001-10-23,9.916534423828125,10.010427166554871,9.83347558993682,9.949036150334448,743723
2001-10-24,9.981536865234375,9.999593096206699,9.862365570739984,9.941812816941146,765575
2001-10-25,10.111543655395508,10.133210623909546,9.699859348233774,9.920145722297988,617177
2001-10-26,10.162095069885254,10.201819098807404,9.956253456869415,10.07181395904844,514581
2001-10-29,9.970703125,10.219879605606486,9.862364896190702,10.147654686657111,816441
2001-10-30,9.822640419006348,9.970702686886023,9.707079873456903,9.923755471169512,553595
2001-10-31,9.717916488647461,9.959870704221359,9.714304901698277,9.894868091834125,536681
2001-11-01,9.927366256713867,9.96709029734187,9.624020274296587,9.699856769900908,647918
2001-11-02,9.970703125,10.0465387796657,9.772082897118745,9.927367493322185,468407
2001-11-05,10.21265697479248,10.292105063541186,9.963479651339915,9.963479651339915,502112
2001-11-06,10.385997772216797,10.42572181650214,10.075428589902447,10.183766815191092,568039
2001-11-07,10.414886474609375,10.559337138305597,10.263213490324617,10.38599634187013,578410
2001-11-08,10.411279678344727,10.541285760667089,10.349888649524443,10.353499386287117,612362
2001-11-09,10.440167427062988,10.465446830524368,10.274049763331039,10.42211119623931,378035
2001-11-12,10.385997772216797,10.461834274803286,10.151265942874145,10.418498644533743,395442
2001-11-13,10.526839256286621,10.56656330957752,10.382389390334849,10.382389390334849,588287
2001-11-14,10.577393531799316,10.609894400152896,10.48350081151214,10.53766949235818,730636
2001-11-15,10.519615173339844,10.64962037110327,10.487113448706358,10.573783864010394,499025
2001-11-16,10.454608917236328,10.51238917389305,10.331825234052076,10.472665141143434,438530
2001-11-19,10.54128360748291,10.5990638877382,10.443779278253944,10.44739086466439,215561
2001-11-20,10.526839256286621,10.559340986357013,10.382389390334849,10.537673166310086,355194
2001-11-21,10.3823881149292,10.53044954949559,10.335440893799536,10.508781732110407,357911
2001-11-23,10.530451774597168,10.55573033329775,10.33183149057303,10.33544307769546,90002
2001-11-26,10.606284141540527,10.635174276033485,10.508779831328651,10.541281551527657,244945
2001-11-27,10.526839256286621,10.660456062600334,10.490726789798678,10.581008806403938,433221
2001-11-28,10.461834907531738,10.58100704759526,10.461834907531738,10.555727644947401,570385
2001-11-29,10.523226737976074,10.544894556104984,10.436557166231092,10.487114274684776,891628
2001-11-30,10.389607429504395,10.534058086278783,10.382385109261937,10.505167104538854,813478
2001-12-03,10.281269073486328,10.389607277073905,10.176542455159518,10.360717146142887,474580
2001-12-04,10.454608917236328,10.508777588957644,10.292102051687422,10.292102051687422,574953
2001-12-05,10.696569442749023,10.743515823270412,10.436558981518393,10.508783920663463,605324
2001-12-06,10.685733795166016,10.783237269329142,10.613508023121353,10.700178439343786,811626
2001-12-07,10.678504943847656,10.685728112480518,10.573778352904126,10.59183457371665,402356
2001-12-10,10.570172309875488,10.68573285466774,10.55211608104985,10.68573285466774,355071
2001-12-11,10.692959785461426,10.757962407331002,10.523229630642652,10.57017686628877,445197
2001-12-12,10.751287460327148,10.787745528537322,10.612749891741096,10.758579589071283,402973
2001-12-13,10.5617094039917,10.758579712267688,10.521606129453737,10.714830373315907,461000
2001-12-14,10.645560264587402,10.663788868117992,10.455982101066528,10.55441724693446,794835
2001-12-17,10.696600914001465,10.751286724820359,10.594520562105508,10.645560308801764,674215
2001-12-18,10.827847480773926,10.846075224898552,10.627331134858865,10.729412339779877,601868
2001-12-19,10.89711856842041,10.940867050584863,10.71847685819866,10.78774607525396,789033
2001-12-20,10.970032691955566,11.02836457225092,10.871597536644217,10.871597536644217,1135832
2001-12-21,10.9153413772583,11.035651151159913,10.795032461859845,11.035651151159913,1122498
2001-12-24,10.9153413772583,10.980965358569993,10.857010380264281,10.94086210060279,213092
2001-12-26,10.846076011657715,10.980969226196173,10.846076011657715,10.908053951891507,352231
2001-12-27,10.842428207397461,10.915342605723492,10.816908339684,10.849719475529414,239142
2001-12-28,10.91899299621582,10.955450209826756,10.838786439468889,10.838786439468889,447296
2001-12-31,10.9153413772583,11.042942418471272,10.911696172854201,10.973673232755479,634584
2002-01-02,10.929925918579102,10.937217186656412,10.76951372836205,10.929925918579102,789156
2002-01-03,10.973677635192871,11.072112788147624,10.900763215821057,10.900763215821057,995581
2002-01-04,11.068466186523438,11.145026660610803,10.948156379527068,10.948156379527068,563101
2002-01-07,11.1195068359375,11.170547442320833,11.064821023850442,11.064821023850442,608287
2002-01-08,11.017427444458008,11.170548418485378,10.99190670978442,11.170548418485378,645325
2002-01-09,11.046587944030762,11.141376989976989,10.962736227771117,11.002838625284433,756810
2002-01-10,11.090336799621582,11.134086119927485,10.918987298264138,11.006485080372798,573719
2002-01-11,10.940864562988281,11.134088770497437,10.926281166580223,11.108568041409173,481124
2002-01-14,10.955446243286133,11.010132902406218,10.860657178815694,10.98461217531575,703475
2002-01-15,11.166903495788574,11.166903495788574,10.95180455384956,11.002845169912158,652856
2002-01-16,11.064821243286133,11.170547663853274,11.006489365835057,11.166901599573777,745451
2002-01-17,11.221588134765625,11.320022425576559,10.98826062779918,11.039300376070488,813108
2002-01-18,11.228875160217285,11.389287331369175,10.827844303085985,10.955444484034851,789403
2002-01-22,11.29085636138916,11.334604835879707,11.192420362152792,11.283564233554573,696932
2002-01-23,11.400233268737793,11.425754010998523,11.243467042082624,11.247112249188591,766316
2002-01-24,11.451271057128906,11.480436999268278,11.349189830389319,11.352835895095582,448283
2002-01-25,11.50230884552002,11.51324617844901,11.356479170639082,11.45126824468585,315687
2002-01-28,11.473148345947266,11.48408568405782,11.411170382822046,11.46221100783671,419641
2002-01-29,11.166903495788574,11.52054088482452,11.112217673330978,11.458562932569675,1364480
2002-01-30,11.287214279174805,11.327317562398378,10.929931653869842,11.15596795090102,1264724
2002-01-31,11.400233268737793,11.403879334347552,11.207008961496411,11.283569471271012,589768
2002-02-01,11.40751838684082,11.418455719265369,11.272626909613606,11.378353311713132,429024
2002-02-04,11.188775062561035,11.418456483335776,11.174192524021395,11.411165214065957,851010
2002-02-05,11.239814758300781,11.301791829852732,11.083047759869599,11.210648825069477,567175
2002-02-06,11.15231704711914,11.236168783885903,11.064819246730783,11.17783691696033,670388
2002-02-07,11.18148136138916,11.502306583021035,11.119503439817029,11.152315432149898,1280157
2002-02-08,11.37835693359375,11.38564820469658,11.123154718462287,11.214297753506663,457419
2002-02-11,11.392935752868652,11.418455622641092,11.265334686999806,11.374707151816434,606312
2002-02-12,11.37835693359375,11.447625296826034,11.301795582251428,11.327316318866735,639029
2002-02-13,11.516890525817871,11.520536589357048,11.352832261111082,11.371060861800359,608411
2002-02-14,11.662718772888184,11.670010040577388,11.429391338807983,11.513243921995056,1388431
2002-02-15,11.556999206542969,11.695536808403215,11.520541988079941,11.662725655187973,536434
2002-02-19,11.418458938598633,11.553352170864457,11.32366984219871,11.502311557993893,588410
2002-02-20,11.549702644348145,11.618971842802194,11.3747070456758,11.42210157966998,817429
2002-02-21,11.425747871398926,11.637200676057837,11.40751841164948,11.535119478875604,460506
2002-02-22,11.513248443603516,11.54970565487062,11.34554406986988,11.414813286379502,634461
2002-02-25,11.68095588684082,11.702830564358395,11.46950296018115,11.487731571944519,509149
2002-02-26,11.757515907287598,11.845013755189981,11.637206902986689,11.644498175685941,545323
2002-02-27,11.855950355529785,11.917928315875145,11.724704021097393,11.79032718831359,1171759
2002-02-28,11.848658561706543,11.939801607021439,11.764805929812399,11.85959589884507,813601
2002-03-01,12.012716293334961,12.027298836445262,11.77209746398576,11.82678328840487,664709
2002-03-04,12.24239730834961,12.275209316822806,11.917926722519255,11.92157192890275,864467
2002-03-05,12.213229179382324,12.391870015317087,12.158543366882524,12.227812577817685,653721
2002-03-06,12.464787483215332,12.486662155464698,12.158545505738703,12.213231327858495,855331
2002-03-07,12.402809143066406,12.574158721953232,12.366351073481171,12.534055446361947,1109905
2002-03-08,12.453851699829102,12.50853752876709,12.359062586268433,12.428331818025454,658783
2002-03-11,12.599677085876465,12.632488228510798,12.359058319709822,12.38822425677558,1073485
2002-03-12,12.581443786621094,12.61425491700899,12.39915696262276,12.559569127360422,587670
2002-03-13,12.529976844787598,12.724838586844074,12.474827589187118,12.724838586844074,765082
2002-03-14,12.46011734008789,12.496883500864563,12.382908056145379,12.445411222088726,409887
2002-03-15,12.787341117858887,12.813077262672511,12.35717452190337,12.371880643002887,1335343
2002-03-18,12.658659934997559,12.816755514497258,12.592480651837855,12.732192279446332,853973
2002-03-19,12.743221282958984,12.768958294076576,12.614538824707907,12.614538824707907,476803
2002-03-20,12.559391021728516,12.71013354527252,12.559391021728516,12.65498341920566,458777
2002-03-21,12.559391021728516,12.592481097368632,12.419679389176943,12.518947884539172,408035
2002-03-22,12.585128784179688,12.629248890691917,12.434387107080967,12.559392632567,453222
2002-03-25,12.416003227233887,12.643955076211649,12.382913149457092,12.629248086384479,619769
2002-03-26,12.555712699890137,12.585124940877353,12.416000226306329,12.419677189319184,684339
2002-03-27,12.739542007446289,12.776309035829646,12.47850104086362,12.482178003435596,608781
2002-03-28,12.629243850708008,12.765279348534072,12.607183806255449,12.673363073834299,690265
2002-04-01,12.658659934997559,12.735869242980383,12.434385072338156,12.684396082398823,839651
2002-04-02,12.691750526428223,12.735870630527504,12.596158987697729,12.713810578477863,787922
2002-04-03,12.46011734008789,12.73954137408085,12.397615039923302,12.73954137408085,814589
2002-04-04,12.489535331726074,12.51527234696922,12.357176754797969,12.368206780505162,747056
2002-04-05,12.500563621520996,12.592479912464082,12.419678220532376,12.47482747563084,761872
2002-04-08,12.544683456420898,12.585126591751873,12.397618769077742,12.463798051537966,840145
2002-04-09,12.636598587036133,12.680718681795613,12.47482692640223,12.51527005800544,747180
2002-04-10,12.732185363769531,12.787335457929544,12.588796850510619,12.636593021596923,1085460
2002-04-11,12.632927894592285,12.776317407957114,12.621898731206716,12.75058125042517,991260
2002-04-12,12.76895809173584,12.78734117608341,12.640275635523903,12.677041804219044,467296
2002-04-15,12.618220329284668,12.805729072176716,12.585130245558092,12.787345980921708,602485
2002-04-16,12.81307601928711,12.864549169698329,12.60718428342109,12.673363553504739,701129
2002-04-17,12.857195854187012,12.868225010832582,12.684393323909697,12.853518891452595,1480162
2002-04-18,12.857195854187012,14.1182815208428,12.761602615101731,12.853518891452595,1663253
2002-04-19,12.927054405212402,12.967496673653413,12.816755026955931,12.89028736860758,659400
2002-04-22,12.783661842346191,12.949110436573077,12.757925702187798,12.949110436573077,450876
2002-04-23,12.791015625,12.879254937963562,12.651303163029649,12.787339528071621,699154
2002-04-24,12.787341117858887,12.868226515464112,12.717484878188829,12.721160975574238,455814
2002-04-25,12.79469108581543,12.827780283180854,12.607182459556013,12.827780283180854,397418
2002-04-26,12.695422172546387,12.831457660238542,12.677039092131636,12.757925338579543,359269
2002-04-29,12.79469108581543,12.838811170007638,12.60350636305915,12.6917447998861,1096819
2002-04-30,12.893964767456055,12.99323499710613,12.754253131062699,12.77998928008222,1042002
2002-05-01,12.941763877868652,12.978530058213284,12.813081380883222,12.83881839974784,970643
2002-05-02,13.05941104888916,13.07044020589422,12.868225430265845,12.886609378758305,1287071
2002-05-03,13.066765785217285,13.1108850162344,12.978526457404076,13.088825833615333,601374
2002-05-06,13.015286445617676,13.158674960541122,13.00425642665763,13.158674960541122,411369
2002-05-07,13.077795028686523,13.202800519181137,12.989555706141102,13.015291850549753,573719
2002-05-08,13.09985065460205,13.18073602363589,13.052053613464764,13.052053613464764,459148
2002-05-09,12.974847793579102,13.107206326230408,12.974847793579102,13.099853266811738,342108
2002-05-10,12.849837303161621,12.99322667728424,12.816748113578347,12.99322667728424,366553
2002-05-13,13.00426197052002,13.033675078359753,12.820430262966417,12.904993489117487,222351
2002-05-14,13.19912338256836,13.213830369022066,12.996908595727039,13.004261656064434,410011
2002-05-15,13.155001640319824,13.294713223141542,13.088822378374932,13.088822378374932,479395
2002-05-16,13.22486686706543,13.276340915334476,13.19177764429161,13.26531002003734,324329
2002-05-17,13.272656440734863,13.29103952427038,13.077794716323693,13.077794716323693,360750
2002-05-20,13.074113845825195,13.272652473917496,13.055730767783855,13.272652473917496,261612
2002-05-21,13.085152626037598,13.224864285841496,13.059416472705644,13.129272735497207,346182
2002-05-22,13.04102611541748,13.158677654931806,12.908666726573403,13.085145334513008,470876
2002-05-23,13.202796936035156,13.21750391869082,13.04837837993351,13.088821500013216,395319
2002-05-24,13.155001640319824,13.280007105277678,13.155001640319824,13.228533961196648,611127
2002-05-28,13.04470157623291,13.114557796693546,12.98219841430005,13.088821658956977,510877
2002-05-29,13.107210159301758,13.191772531792903,13.05941396043467,13.191772531792903,313712
2002-05-30,13.11088752746582,13.213833862522176,13.05206129765623,13.05206129765623,362479
2002-05-31,13.254273414611816,13.3278057490724,13.088824796296596,13.088824796296596,538409
2002-06-03,13.063094139099121,13.309429137735016,13.052064110410429,13.309429137735016,501618
2002-06-04,12.993234634399414,13.125593205346552,12.857199099789666,13.015293819037899,830886
2002-06-05,13.096177101135254,13.199122536597455,12.904992349943083,12.904992349943083,307662
2002-06-06,12.904986381530762,13.12926109706419,12.868219367646796,13.096171044302158,349268
2002-06-07,13.063094139099121,13.121920381585921,12.882939312595376,12.908675469016101,602732
2002-06-10,13.092497825622559,13.16603100863122,12.904990070374696,13.033671625527113,438283
2002-06-11,12.897637367248535,13.224857595150784,12.897637367248535,13.01528977857941,473469
2002-06-12,12.893933296203613,13.108955669738778,12.823494751839501,12.823494751839501,887307
2002-06-13,12.667792320251465,12.93101026456344,12.645549251165678,12.819791427149875,489272
2002-06-14,12.83831787109375,12.890220071663144,12.519492063014296,12.667782568077447,581744
2002-06-17,13.142321586608887,13.183101845206195,12.845738681352026,12.845738681352026,582361
2002-06-18,13.160856246948242,13.27207504062247,13.108954899829975,13.142319926835173,551496
2002-06-19,13.131196975708008,13.283196011433779,13.123782622817805,13.123782622817805,590386
2002-06-20,13.068175315856934,13.216466757354171,13.016273093083935,13.134906246281727,578534
2002-06-21,12.97549057006836,13.105245667828097,12.912467264067827,12.97549057006836,792366
2002-06-24,12.919882774353027,13.068174203224643,12.72339674022261,12.975491732806464,668289
2002-06-25,12.864274978637695,13.064467770961974,12.853153011342592,12.994030099752756,584213
2002-06-26,12.771591186523438,12.882809975041843,12.556568835584756,12.882809975041843,819281
2002-06-27,12.827203750610352,12.931008215210682,12.73822886937979,12.771594777214759,883233
2002-06-28,13.031097412109375,13.068170039265746,12.764172925191593,12.771587276023766,844590
2002-07-01,12.931007385253906,13.0496405526137,12.864276446863013,12.994031582787283,658165
2002-07-02,13.068175315856934,13.090418377334625,12.875396878408452,12.93100584159647,920024
2002-07-03,12.938423156738281,13.108958571740814,12.812375620865128,13.0681783068709,909653
2002-07-05,13.21646499633789,13.21646499633789,12.919882152861334,12.93841847145415,388529
2002-07-08,13.26836109161377,13.342507209656276,13.17938627376,13.216459769278952,555693
2002-07-09,12.99773120880127,13.331386591111684,12.968072933196,13.290606353030002,630634
2002-07-10,12.734518051147461,13.057051564971049,12.664079516933995,12.91988210944852,778539
2002-07-11,12.790125846862793,12.864271987256696,12.563981559104228,12.738223635886627,801379
2002-07-12,12.586222648620605,12.808659273621348,12.508369786220571,12.771586648287135,673474
2002-07-15,12.538033485412598,12.549155452423648,11.955989698473266,12.549155452423648,911382
2002-07-16,12.452763557434082,12.608469316109387,12.234033623582745,12.463884649057473,781008
2002-07-17,12.49354362487793,12.793834067297947,12.289643256849285,12.5454458383201,689401
2002-07-18,11.967106819152832,12.61588127242777,11.937448543466056,12.493540557846506,801626
2002-07-19,11.792862892150879,11.863301394774046,11.492572571440848,11.492572571440848,1222501
2002-07-22,11.399898529052734,11.86330920870449,11.084779301809379,11.79287065968601,1817578
2002-07-23,10.880874633789062,11.455503023642079,10.862338318599829,11.399894078074375,1422259
2002-07-24,11.592679023742676,11.62233731945124,10.361860188335323,10.380397387024741,1668809
2002-07-25,12.030138969421387,12.030138969421387,11.49258203832996,11.566728213271842,1440902
2002-07-26,12.196954727172852,12.196954727172852,11.941152291273712,12.03012708954277,896073
2002-07-29,12.938423156738281,12.938423156738281,12.49354873042475,12.512085055729974,999532
2002-07-30,12.945833206176758,12.956954298513965,12.660372339284239,12.901345344845087,1086201
2002-07-31,13.060758590698242,13.116367543789806,12.79754078420849,12.908759563387319,1001384
2002-08-01,12.697447776794434,12.919884513547007,12.575107004133182,12.827202030652492,891628
2002-08-02,12.593645095825195,12.771594859431868,12.415696205214546,12.641839714344167,630263
2002-08-05,12.196954727172852,12.604755231159627,12.167296461083167,12.593633272251596,864961
2002-08-06,12.549151420593262,12.819782663261476,12.271104953636174,12.271104953636174,792860
2002-08-07,12.697447776794434,12.753056742733602,12.54915632796075,12.623301615879642,764094
2002-08-08,13.116371154785156,13.142321832106417,12.734520984507489,12.75305730730781,971383
2002-08-09,13.160856246948242,13.286904620510413,12.864274252143325,12.864274252143325,689030
2002-08-12,13.160856246948242,13.160856246948242,12.871688605589389,13.086710966495966,616312
2002-08-13,12.867985725402832,13.27207992228864,12.860571369229659,13.068179453051476,767180
2002-08-14,13.246118545532227,13.253532895719763,12.652953070620812,12.867975337027342,716932
2002-08-15,13.309148788452148,13.361051012885595,13.16827256926977,13.253539823485095,835948
2002-08-16,13.260950088500977,13.316559909316489,12.97548925163341,12.97548925163341,1393616
2002-08-19,13.39441204071045,13.424069446168897,13.216462369986354,13.257242611985072,587546
2002-08-20,13.272074699401855,13.346220850943672,13.142319588950519,13.346220850943672,511742
2002-08-21,13.190511703491211,13.32397352003426,13.079292941041624,13.220169108949161,618411
2002-08-22,13.27578353881836,13.316563794983884,13.12378448156467,13.142320802913385,542607
2002-08-23,13.008857727050781,13.20163614949935,12.979199441059016,13.20163614949935,637547
2002-08-26,13.175687789916992,13.216468049440028,12.975494106075155,13.01256762482079,547792
2002-08-27,13.212759017944336,13.37587916553783,13.131198507649664,13.175686376172521,631128
2002-08-28,13.068175315856934,13.24241743224274,12.901347553297022,13.212759143943293,527792
2002-08-29,13.131196975708008,13.257245339820194,12.890223959308308,13.01256471047752,513470
2002-08-30,13.242414474487305,13.364755213770595,13.08300197435468,13.13490331253941,470136
2002-09-03,12.790125846862793,13.168269154981683,12.760467565304364,13.168269154981683,531866
2002-09-04,13.097833633422852,13.134906275631034,12.723397851930148,12.790128782504048,584460
2002-09-05,13.086709976196289,13.10895390784705,12.775298425068614,12.938418553517456,627424
2002-09-06,13.257244110107422,13.309145448520335,13.097830736278281,13.15343968729026,622238
2002-09-09,13.305435180664062,13.435190238280038,13.097827263077589,13.257240594634489,680018
2002-09-10,13.123779296875,13.253534368050751,12.994025098694776,13.253534368050751,626806
2002-09-11,13.127521514892578,13.213493046160599,13.067715002652253,13.179851552947971,435073
2002-09-12,12.592998504638672,13.063974029746225,12.52197817620031,13.063974029746225,840516
2002-09-13,12.768685340881348,12.78363741243991,12.450963282484162,12.593004001360255,649153
2002-09-16,12.8434419631958,12.854656676063748,12.566837024905857,12.768684252395987,706562
2002-09-17,12.480864524841309,13.041549953485777,12.477127167711759,13.026598764554416,792613
2002-09-18,12.26406478881836,12.484601403097555,12.226685940352457,12.484601403097555,841256
2002-09-19,11.856636047363281,12.136979242094043,11.774402736004864,12.077172717356992,1057558
2002-09-20,11.968772888183594,12.260329021186408,11.774402132848383,11.774402132848383,2334258
2002-09-23,12.07342529296875,12.166873246844554,11.830462021221315,11.942598509625038,1084226
2002-09-24,11.778136253356934,12.110810268814419,11.744494764083788,11.961294005722248,951506
2002-09-25,12.200520515441895,12.260326142868253,11.774399368609727,11.849157063047514,826688
2002-09-26,12.436006546020508,12.465910677920208,12.129499316422065,12.204257005552146,834837
2002-09-27,12.148198127746582,12.499560946547822,12.114556613513518,12.439754396938197,789033
2002-09-30,12.2117338180542,12.316395649536938,11.86784682933908,12.14818995198855,998915
2002-10-01,12.746257781982422,12.79111311683263,12.166882828349916,12.241640546157958,1303985
2002-10-02,12.043529510498047,12.78363536929473,11.96129621079242,12.78363536929473,1419790
2002-10-03,11.288473129272461,12.103335797662975,11.27725929765973,12.080908134437516,1811776
2002-10-04,10.608170509338379,11.437985869442116,10.510985172446905,11.337062296437011,2834395
2002-10-07,10.129724502563477,10.664245004030647,10.129724502563477,10.533418117053307,1479792
2002-10-08,10.54836654663086,10.738999014185612,10.189527510893678,10.189527510893678,1514607
2002-10-09,10.24559497833252,10.548365721118415,10.22690555670964,10.548365721118415,962124
2002-10-10,10.810022354125977,10.884780947449755,10.200743295353535,10.320357220712914,1793997
2002-10-11,11.568811416625977,11.923912147903579,11.273517179892364,11.307158663150707,1425840
2002-10-14,11.73702335357666,11.905229099471208,11.494059889598637,11.568817607682112,771131
2002-10-15,12.293965339660645,12.42479216072334,11.976243437168222,12.054739353764582,1265342
2002-10-16,12.088384628295898,12.36872689823575,12.04726753905239,12.286493599955298,844837
2002-10-17,12.327611923217773,12.488342070478478,12.256592444387895,12.428536425202452,896567
2002-10-18,12.473389625549316,12.525719669932146,12.185570860617242,12.32761068420773,911011
2002-10-21,12.637860298156738,12.641598536643075,12.249118703851726,12.428538307472586,724340
2002-10-22,12.65280818939209,12.65280818939209,12.48833983366942,12.585526080326705,768168
2002-10-23,12.727560997009277,12.776153661543143,12.443480601225245,12.652803322405244,755328
2002-10-24,12.484599113464355,12.873341354752583,12.46590969265898,12.802321027568366,554459
2002-10-25,12.80980110168457,12.850918193924786,12.409844891936983,12.499554671313826,587299
2002-10-28,12.682714462280273,12.970533273021566,12.63038352936183,12.895774671679964,428036
2002-10-29,12.540671348571777,12.708877069311448,12.40236888663486,12.671498215859655,414085
2002-10-30,12.708876609802246,12.757469293573953,12.540670895144315,12.578049747244616,372726
2002-10-31,12.66028118133545,12.87707953276413,12.626640573820945,12.858390110765765,644461
2002-11-01,13.0452880859375,13.082666938171956,12.56309860357594,12.641594545350925,391245
2002-11-04,12.970528602600098,13.153685481553465,12.880818841416882,13.08266514392428,635449
2002-11-05,13.030340194702148,13.120049990891557,12.880823867719801,12.895775060314639,549150
2002-11-06,12.869604110717773,13.123781309514772,12.675233415191409,13.123781309514772,660141
2002-11-07,12.3350830078125,12.862126793043666,12.293965929488154,12.858389436963662,752365
2002-11-08,12.237899780273438,12.507028193598519,12.155665609420506,12.335085138441547,544829
2002-11-11,12.021100044250488,12.241635753568719,11.994934149096215,12.23042192424637,782243
2002-11-12,12.222949028015137,12.353775892029887,12.006150627170843,12.021102696301439,517297
2002-11-13,12.140717506408691,12.428536297306746,11.961297931806785,12.054745076782753,639399
2002-11-14,12.521980285644531,12.525717642377405,12.271540415869696,12.271540415869696,635819
2002-11-15,12.727560997009277,12.742513060053817,12.37993675385306,12.462170019876254,572484
2002-11-18,12.499550819396973,12.809797154160835,12.439744318242646,12.809797154160835,447666
2002-11-19,12.46591567993164,12.536936041226328,12.36125381690576,12.529459565148235,413838
2002-11-20,12.821014404296875,12.850917662853387,12.409844379093185,12.409844379093185,353343
2002-11-21,13.026604652404785,13.063983521834514,12.832233827204611,12.858398859764026,708290
2002-11-22,13.086408615112305,13.153690742860087,12.992960579757696,13.007912652705427,586435
2002-11-25,13.086408615112305,13.258352612873795,13.01538824907589,13.108835404223697,500754
2002-11-26,12.98922061920166,13.067716565881371,12.892035245236936,13.007910046486675,634337
2002-11-27,13.131260871887207,13.18359179811999,12.978007211057378,12.992958401291514,627053
2002-11-29,12.98548698425293,13.138741574599054,12.97801138673059,13.135003335734416,162473
2002-12-02,12.892036437988281,13.105096632914744,12.802326650596425,13.063979537000971,620387
2002-12-03,12.686456680297852,12.877090174511393,12.686456680297852,12.839711299624414,451123
2002-12-04,12.619170188903809,12.798589782895728,12.570577492223514,12.686452316599077,573225
2002-12-05,12.421058654785156,12.753731867981049,12.409844822400057,12.753731867981049,344330
2002-12-06,12.570574760437012,12.656546300464269,12.27901776350843,12.27901776350843,472358
2002-12-09,12.368729591369629,12.563101248278485,12.357516637504071,12.495819124051355,497914
2002-12-10,12.600479125976562,12.622906792372602,12.379943340437793,12.391156293429125,499149
2002-12-11,12.600481986999512,12.660807491514852,12.44212775960795,12.506223053252482,454333
2002-12-12,12.438349723815918,12.63063726667737,12.385564716632631,12.58916339587938,460382
2002-12-13,12.332778930664062,12.464740986867014,12.272453469990952,12.329008256430425,434085
2002-12-16,12.638174057006836,12.690959048856403,12.355399280895957,12.370480199799237,533100
2002-12-17,12.589165687561035,12.709816647174627,12.574084761531568,12.592936362990633,497297
2002-12-18,12.46474552154541,12.604248089122535,12.415731177897596,12.592936950150808,423097
2002-12-19,12.366720199584961,12.600481747092404,12.32901698194193,12.442127522715829,304823
2002-12-20,12.581625938415527,12.630640282559018,12.313931939525848,12.313931939525848,679400
2002-12-23,12.547691345214844,12.581624759293023,12.464744479431122,12.57785408400286,261735
2002-12-24,12.532611846923828,12.547692774112997,12.445894295974776,12.540152310518414,190252
2002-12-26,12.56277084350586,12.736206781537868,12.532608110276131,12.540148571622497,349515
2002-12-27,12.476058006286621,12.649494021829529,12.404422259714764,12.585398739973973,410258
2002-12-30,12.600481986999512,12.638185205360394,12.385572044221801,12.385572044221801,494457
2002-12-31,12.577851295471191,12.638176759672962,12.385563767347517,12.638176759672962,420505
2003-01-02,13.018985748291016,13.064229418529898,12.626870980072216,12.743751275380161,741748
2003-01-03,12.871940612792969,13.018983626915123,12.804074674570774,13.018983626915123,417048
2003-01-06,13.297994613647461,13.316846222169545,12.91342020167633,12.91342020167633,708660
2003-01-07,13.158487319946289,13.279138281848939,13.124554791813967,13.279138281848939,524335
2003-01-08,13.015214920043945,13.19242158666887,12.954889435202384,13.109473823050587,348281
2003-01-09,13.248977661132812,13.248977661132812,13.083083005896727,13.090623470260953,503223
2003-01-10,13.101937294006348,13.230128765830294,13.049152256957147,13.177343728781093,392109
2003-01-13,13.120783805847168,13.245204552462416,13.075540140126476,13.177338609959149,344947
2003-01-14,13.233895301818848,13.245205553220238,13.075541128065092,13.083081591614194,411122
2003-01-15,13.045377731323242,13.245205789935119,12.96243085511167,13.233895538331595,436184
2003-01-16,12.894561767578125,13.15471436018121,12.849317220798929,13.07176750415989,602361
2003-01-17,12.887018203735352,13.003899337603762,12.743745901853949,12.894559552132403,410628
2003-01-21,12.69096565246582,12.977511251325506,12.69096565246582,12.95111918558991,516927
2003-01-22,12.555235862731934,12.713590059351226,12.54015404561147,12.649493890317391,491000
2003-01-23,12.702276229858398,12.762601709882224,12.577854594367581,12.611788009822659,385072
2003-01-24,12.366720199584961,12.649496107597304,12.347868590763445,12.630644498775789,803725
2003-01-27,12.234753608703613,12.434580752741287,12.219671795508749,12.366714812975456,497173
2003-01-28,12.366720199584961,12.366720199584961,12.185743689484644,12.310165373120414,549644
2003-01-29,12.434584617614746,12.506221254906245,12.181972380645643,12.291312230876446,540261
2003-01-30,12.155574798583984,12.45720125320466,12.125412064337487,12.385564648388693,457419
2003-01-31,12.359173774719238,12.430810386408693,12.076398003045641,12.076398003045641,879899
2003-02-03,12.370484352111816,12.498675757194974,12.329010479440491,12.381795489008027,564089
2003-02-04,12.181968688964844,12.370485584377025,12.140494812162165,12.370485584377025,601497
2003-02-05,12.106557846069336,12.396873989375278,12.072624444444964,12.253600810753404,388405
2003-02-06,12.095247268676758,12.234750677894917,11.974597231241418,12.087706807807837,624090
2003-02-07,11.951980590820312,12.253608046102041,11.925588521424897,12.159349133384767,521125
2003-02-10,12.129188537597656,12.129188537597656,11.880346064847291,12.004766857300082,401368
2003-02-11,11.940667152404785,12.200820671540756,11.884112348364603,12.159346793440173,454950
2003-02-12,11.740842819213867,12.023618704373963,11.737072142616364,11.944441598584293,564459
2003-02-13,11.759692192077637,11.816247891070468,11.616418938421885,11.68805556524976,668412
2003-02-14,11.92935562133789,11.92935562133789,11.661661648044056,11.75969032695792,723105
2003-02-18,12.019844055175781,12.053777469803984,11.944437650905696,11.944437650905696,494210
2003-02-19,11.970831871032715,12.019846220205684,11.865262708470457,12.016076432019828,547051
2003-02-20,11.891656875610352,12.034930160226116,11.887886198914499,12.034930160226116,391615
2003-02-21,12.080172538757324,12.144268708606822,11.827559423493259,11.948211298458391,580139
2003-02-24,11.79362678527832,12.08394310952112,11.778544968097634,12.08394310952112,421739
2003-02-25,12.03115177154541,12.057544715808945,11.68428081243832,11.79739038667339,642980
2003-02-26,11.838871002197266,12.0462395610352,11.80493846571807,12.038699983867264,543347
2003-02-27,12.144266128540039,12.15180659167192,11.850179187951921,11.92181580731598,725451
2003-02-28,12.208365440368652,12.336556907445864,12.121647866019755,12.12541854275679,628411
2003-03-03,12.03115177154541,12.404415674916034,12.03115177154541,12.302616347829119,399023
2003-03-04,11.853948593139648,12.038695691061838,11.853948593139648,12.034925015977736,405196
2003-03-05,12.14803695678711,12.14803695678711,11.838869063451844,11.876573158029942,594583
2003-03-06,12.091483116149902,12.163119747394004,11.997224203914058,12.08394265176753,858664
2003-03-07,12.117877006530762,12.185742971860519,11.940671183768407,11.940671183768407,568286
2003-03-10,11.699369430541992,12.117876341757464,11.688057401122048,12.07263266330123,453222
2003-03-11,11.563632011413574,11.786082302109829,11.55232087434579,11.646578870170066,593843
2003-03-12,11.609322547912598,11.620744521050732,11.358022103196607,11.567438991024169,957926
2003-03-13,11.906311988830566,11.906311988830566,11.632166737746171,11.784469256519964,672116
2003-03-14,11.917741775512695,12.016738828830913,11.807321847332378,11.929164650374794,665696
2003-03-17,12.233773231506348,12.233773231506348,11.765439784997469,11.917743308389987,984717
2003-03-18,12.138574600219727,12.32133869891146,12.051000472493694,12.260417332680882,914468
2003-03-19,12.279464721679688,12.279464721679688,12.142391989094408,12.184275573110787,649400
2003-03-20,12.397493362426758,12.462222668050181,12.089079421585923,12.241382878980998,748291
2003-03-21,12.732564926147461,12.732564926147461,12.382267313568958,12.462226541476932,952864
2003-03-24,12.427958488464355,12.66402824216913,12.355614213530163,12.660221215034674,1010273
2003-03-25,12.481258392333984,12.530756895598913,12.370838516340752,12.397491280678926,758909
2003-03-26,12.397493362426758,12.47364553943165,12.347994850850197,12.443184847952635,638659
2003-03-27,12.405108451843262,12.481259727593113,12.27184282266637,12.397492606976554,590880
2003-03-28,12.42414665222168,12.439376549193371,12.268035276881106,12.36703319365582,387417
2003-03-31,12.33657455444336,12.435571591064779,12.229961671455037,12.424148718129256,678783
2003-04-01,12.515527725219727,12.530757620976148,12.302302908327558,12.416529816344548,969038
2003-04-02,12.778253555297852,12.8277520711396,12.618335135406856,12.743984938200587,783971
2003-04-03,12.450804710388184,12.804910276502923,12.431766882777344,12.804910276502923,837059
2003-04-04,12.504109382629395,12.568838704568144,12.427958083044924,12.469840759847422,670264
2003-04-07,12.290884971618652,12.686874076220874,12.28327002068389,12.584069100449195,1055336
2003-04-08,12.306109428405762,12.359415854592548,12.233766081612819,12.317533194675686,567546
2003-04-09,12.02054500579834,12.378457515261381,12.001507182666463,12.370842565331602,705944
2003-04-10,12.271836280822754,12.287066169208147,12.031958814146495,12.07764937591685,674709
2003-04-11,12.298492431640625,12.46983365469254,12.237571068039303,12.336568956352268,573966
2003-04-14,12.534568786621094,12.54218373646972,12.355612533796732,12.355612533796732,542607
2003-04-15,12.766831398010254,12.778254271015811,12.477455236123873,12.534568704536824,621745
2003-04-16,12.443183898925781,12.846787806086663,12.416530235530294,12.770636531504447,450876
2003-04-17,12.561209678649902,12.565017598279997,12.412714262286071,12.424137124562364,433592
2003-04-21,12.580253601074219,12.671635647107662,12.488871555040776,12.56502370837586,475444
2003-04-22,12.888669967651367,12.896284914960628,12.435567601839496,12.526949659394251,806441
2003-04-23,12.888669967651367,12.903899862269888,12.72494366912228,12.774442171554288,648535
2003-04-24,12.80109977722168,12.877251968961062,12.724948482097178,12.85059829837558,557052
2003-04-25,12.702098846435547,12.869633079006205,12.690675976340765,12.801095858437513,601991
2003-04-28,12.884864807128906,12.90009560162618,12.705908575628023,12.717331447347295,561249
2003-04-29,12.854406356811523,12.922942702466514,12.740178516309943,12.922942702466514,755822
2003-04-30,12.835371971130371,12.877255553754425,12.690683394177299,12.850601875749046,1662389
2003-05-01,12.782061576843262,12.84298296979389,12.500300358600317,12.793484450098362,572854
2003-05-02,12.926753044128418,12.945790871670958,12.73256594793344,12.782064478867053,826071
2003-05-05,12.785872459411621,12.945790928766291,12.755411755886206,12.938175977038702,691623
2003-05-06,12.842981338500977,12.850596287498854,12.70971659288653,12.80109777409054,750760
2003-05-07,12.80490779876709,12.84298344662117,12.69448788202132,12.812522749014928,598904
2003-05-08,12.6792573928833,12.823945027334574,12.62975797703317,12.736370862012894,482235
2003-05-09,12.766831398010254,12.766831398010254,12.576452273352254,12.683064260379393,463963
2003-05-12,12.820136070251465,12.862019633285653,12.641178946685866,12.72875399543543,407665
2003-05-13,12.816328048706055,12.869634482757885,12.751599639928202,12.816328048706055,358034
2003-05-14,12.80490779876709,12.865829193979575,12.763024227481644,12.854406320300372,361861
2003-05-15,12.926753044128418,12.934367995822422,12.808718154718653,12.8696395615008,660511
2003-05-16,12.90770435333252,12.94958789732252,12.823937265352523,12.90770435333252,595077
2003-05-19,12.644988059997559,12.854404998272132,12.622142314988755,12.84298212576773,449394
2003-05-20,12.766831398010254,12.804907043618886,12.641180691563962,12.65260356456952,601991
2003-05-21,12.835371971130371,12.90010130729757,12.751605702497393,12.80491126527789,510137
2003-05-22,12.709714889526367,12.850594565257953,12.633562719909309,12.839172591599285,493223
2003-05-23,12.774445533752441,12.782060483065935,12.644987808963933,12.679256425796822,245932
2003-05-27,13.03717041015625,13.03717041015625,12.64498926758774,12.717333535947926,595324
2003-05-28,13.07143497467041,13.120933480479872,12.972437963051483,13.040974286740386,631621
2003-05-29,12.976247787475586,13.117128387461332,12.884865703975525,13.075244820446954,612238
2003-05-30,13.341780662536621,13.372241367404367,12.980060128462807,12.980060128462807,743847
2003-06-02,13.31512451171875,13.46362007413154,13.296086688072101,13.32654648861484,763847
2003-06-03,13.410314559936523,13.417929510600294,13.273241861528918,13.277048888553335,645943
2003-06-04,13.673027038574219,13.680641983144882,13.353189503849974,13.360805345034857,648535
2003-06-05,13.707301139831543,13.72633895721217,13.589265416811251,13.676840452699626,784959
2003-06-06,13.688265800476074,13.874836982550459,13.64257431319925,13.764417083784457,776316
2003-06-09,13.459811210632324,13.726342516298823,13.417927642889177,13.669228152733252,460259
2003-06-10,13.570228576660156,13.570228576660156,13.421733052428955,13.543575809730857,337046
2003-06-11,13.708466529846191,13.708466529846191,13.497271877567782,13.666227418545299,407171
2003-06-12,13.670066833496094,13.719985533566128,13.547189755100318,13.719985533566128,463469
2003-06-13,13.589433670043945,13.716150136814546,13.493435579510558,13.708470542755244,414455
2003-06-16,13.815984725952148,13.858223840915857,13.612469647836914,13.63934957784625,434085
2003-06-17,13.643190383911133,13.815986206407478,13.623990948547787,13.815986206407478,434826
2003-06-18,13.696952819824219,13.758391390261886,13.562555833963518,13.627834654138457,541249
2003-06-19,13.41279411315918,13.7353460225104,13.35903516019195,13.727666430436818,443098
2003-06-20,13.424311637878418,13.570228383238286,13.38207253242025,13.497270010558353,895085
2003-06-23,13.205438613891602,13.428153095259786,13.159359256794183,13.405113416711076,309020
2003-06-24,13.247676849365234,13.33215506808725,13.186238309244859,13.205438644230231,396554
2003-06-25,13.186233520507812,13.40126833283668,13.186233520507812,13.255351626985671,464580
2003-06-26,13.224637031555176,13.236155965721139,12.998082319708391,13.193916859692829,674339
2003-06-27,13.078719139099121,13.197755951683051,13.0556794643326,13.18623611429979,612362
2003-06-30,12.971206665039062,13.18240134574992,12.971206665039062,13.059524243323347,710018
2003-07-01,13.159357070922852,13.186236088614198,12.786886549310303,12.971202138631725,701129
2003-07-02,13.17471694946289,13.25919515843536,13.094078987889498,13.201596872804622,466185
2003-07-03,13.101766586303711,13.26688285776917,13.063368609973486,13.174725001897272,326922
2003-07-07,13.32063102722168,13.378229301332256,13.18239480766601,13.228473246109326,316305
2003-07-08,13.408947944641113,13.416627532806107,13.24383182585288,13.247671167822569,401615
2003-07-09,13.45119571685791,13.512634274409626,13.382077565668792,13.428156935945712,898912
2003-07-10,13.27071762084961,13.401274303300632,13.170880210988598,13.305276237372071,449641
2003-07-11,13.41279411315918,13.455033225902996,13.324476543747792,13.328315887671545,505198
2003-07-14,13.708466529846191,13.823664023918981,13.47039194988937,13.524150901020146,833478
2003-07-15,13.727664947509766,13.831342594094647,13.666226409105835,13.708465517286784,954840
2003-07-16,13.815984725952148,13.815984725952148,13.63934957784625,13.708467718593173,916937
2003-07-17,13.812146186828613,13.823666933309251,13.670070543627636,13.727668850673403,753723
2003-07-18,13.87358283996582,13.90814145551074,13.766064936829046,13.90814145551074,599398
2003-07-21,13.827495574951172,13.919653337426853,13.769897312488448,13.823656233322312,721624
2003-07-22,13.935022354125977,13.973421220395679,13.777585736503635,13.831344691816888,645572
2003-07-23,13.973423957824707,14.004143237703676,13.839026995325929,13.977263302668144,585077
2003-07-24,13.835182189941406,14.111655617801652,13.835182189941406,13.98493919517362,841380
2003-07-25,14.06942081451416,14.07326106349442,13.835186423922522,13.835186423922522,806688
2003-07-28,13.973423957824707,14.103980671253753,13.900465555083867,14.103980671253753,655326
2003-07-29,13.900463104248047,14.038699387217374,13.823665370204228,14.015660609539909,452357
2003-07-30,13.881263732910156,13.958061467297947,13.800625750112523,13.919662600104052,595077
2003-07-31,13.862065315246582,14.096299688212676,13.823666445238482,14.065580411360955,926444
2003-08-01,13.647032737731934,13.82366883623759,13.574074329561633,13.792949554072536,733970
2003-08-04,13.704630851745605,13.743029727832264,13.428158220540588,13.597113817857693,669030
2003-08-05,13.455038070678711,13.708471934169848,13.435838631468545,13.627833927796596,551002
2003-08-06,13.574067115783691,13.65086482826991,13.38975152074571,13.439670214706927,672857
2003-08-07,13.654706001281738,13.658546248856744,13.458871459475265,13.61246689486044,704833
2003-08-08,13.643190383911133,13.681590158864049,13.57407223575784,13.666230068037638,443345
2003-08-11,13.53182601928711,13.712302244656149,13.50110766219746,13.620144460709962,491741
2003-08-12,13.670066833496094,13.670066833496094,13.48575121590243,13.535669915972464,367911
2003-08-13,13.597112655639648,13.677750650219608,13.516474661059688,13.677750650219608,474333
2003-08-14,13.796788215637207,13.796788215637207,13.566394062927396,13.597113343570458,353466
2003-08-15,13.746871948242188,13.796790675157766,13.677753780530347,13.796790675157766,226549
2003-08-18,13.815984725952148,13.854383592564202,13.743026336853571,13.746866585205227,300995
2003-08-19,13.647032737731934,13.815988337526557,13.53951479804106,13.815988337526557,661746
2003-08-20,13.677743911743164,13.677743911743164,13.551027513071151,13.623984973765976,518655
2003-08-21,13.585587501525879,13.71998440802403,13.566388072629845,13.67774530276239,522730
2003-08-22,13.37439250946045,13.635505820294284,13.316794224365722,13.581746878337002,469025
2003-08-25,13.416630744934082,13.431989924941268,13.28607319374383,13.401270660701062,349145
2003-08-26,13.458878517150879,13.504956991084246,13.236163029755955,13.33984072638905,484704
2003-08-27,13.41279411315918,13.458873474052826,13.366715656491609,13.439673137529756,294699
2003-08-28,13.478071212768555,13.501110890320337,13.305274535356148,13.397432341337316,333589
2003-08-29,13.539511680603027,13.539511680603027,13.382075960897767,13.420474828706254,386924
2003-09-02,13.658549308776855,13.68158899093658,13.489592845240399,13.63550962661713,776563
2003-09-03,13.696952819824219,13.739191950028422,13.600954714430447,13.662394189094565,485074
2003-09-04,13.746871948242188,13.75071219809203,13.635514649087977,13.670074185057137,421863
2003-09-05,13.735346794128418,13.777585909245126,13.631669130519432,13.631669130519432,394084
2003-09-08,13.839022636413574,13.842862884273732,13.673906446042896,13.673906446042896,416678
2003-09-09,13.696952819824219,13.800630520466088,13.647034094371921,13.800630520466088,357417
2003-09-10,13.289916038513184,13.696946143197799,13.278396199143202,13.696946143197799,824960
2003-09-11,13.425564765930176,13.472073222923374,13.36355288149642,13.36355288149642,550385
2003-09-12,13.410066604614258,13.456575992535903,13.270540266178521,13.425570038143006,626930
2003-09-15,13.367435455322266,13.413943934891536,13.27441758351904,13.413943934891536,464457
2003-09-16,13.499201774597168,13.506953030711646,13.371301941719883,13.371301941719883,411616
2003-09-17,13.386809349060059,13.503080963359182,13.371305919554892,13.499205790481161,331490
2003-09-18,13.592223167419434,13.603851424432042,13.429442171873193,13.437194343214932,753600
2003-09-19,13.565098762512207,13.572850024307632,13.510839017279466,13.526341540870318,503346
2003-09-22,13.4371976852417,13.526339463863025,13.351931080590663,13.526339463863025,519767
2003-09-23,13.5147123336792,13.56509689741913,13.47983120406328,13.50696107294951,840886
2003-09-24,13.4371976852417,13.534091637132843,13.371309688435968,13.534091637132843,702240
2003-09-25,13.359682083129883,13.522463116017734,13.355806909234449,13.456576033149348,912246
2003-09-26,13.29379940032959,13.351935241984686,13.255042172559525,13.351935241984686,1070151
2003-09-29,13.328679084777832,13.355808956863656,13.235661207057483,13.274418427941443,772613
2003-09-30,13.274415969848633,13.402314957614928,13.224030496831936,13.324800530200758,754094
2003-10-01,13.665865898132324,13.665865898132324,13.27441673927088,13.29379534724766,716809
2003-10-02,13.650365829467773,13.6891230523851,13.5418454227663,13.6891230523851,415813
2003-10-03,13.658109664916992,13.832517985875173,13.61547637782388,13.650358407081233,568163
2003-10-06,13.851898193359375,13.851898193359375,13.66586250773873,13.68136593787265,331984
2003-10-07,14.00693416595459,14.00693416595459,13.782141173938912,13.81702322276816,819157
2003-10-08,14.003050804138184,14.003050804138184,13.913908146803394,13.991423461326503,486309
2003-10-09,14.057316780090332,14.138708216015662,13.999180952808345,14.003057039693015,613596
2003-10-10,14.045693397521973,14.123207850745308,13.97980538215024,14.049568572584214,328033
2003-10-13,14.142586708068848,14.146462795862844,14.08832604227737,14.123208094428653,318403
2003-10-14,14.204595565795898,14.204595565795898,14.088322996427594,14.142583650488096,457543
2003-10-15,14.088314056396484,14.204586551981672,14.072811543739322,14.18520795482816,434579
2003-10-16,14.154208183288574,14.185214134775105,14.068942501198999,14.092196280315513,597176
2003-10-17,14.1503324508667,14.16583588332981,14.076693200162117,14.146457277249322,718414
2003-10-20,14.041810989379883,14.154207443561432,13.944917053799152,14.146456184261023,632115
2003-10-21,13.979799270629883,14.014680394265522,13.913911284062264,14.010805220897383,496309
2003-10-22,13.844147682189941,13.933290356778668,13.782135783634502,13.921663011716467,392479
2003-10-23,13.929418563842773,13.944921086927206,13.770512682571338,13.81702207715409,393097
2003-10-24,13.855777740478516,13.929416998516134,13.762759874430676,13.929416998516134,448036
2003-10-27,14.1503324508667,14.189090575692212,13.855776360712907,13.855776360712907,621127
2003-10-28,14.254971504211426,14.285977443097096,14.080563212062549,14.15032634638927,473346
2003-10-29,14.154208183288574,14.254977297453673,14.09607236650052,14.254977297453673,744711
2003-10-30,14.254971504211426,14.301480868872002,14.15032634638927,14.223965565325756,503100
2003-10-31,14.2433500289917,14.28210815305894,14.17358686593389,14.254977374945419,530631
2003-11-03,14.429381370544434,14.429381370544434,14.223967117100067,14.243345716934714,515322
2003-11-04,14.456514358520508,14.472017789344234,14.32474021617324,14.359621338363858,439888
2003-11-05,14.433267593383789,14.45652138192009,14.266610422550114,14.45652138192009,593843
2003-11-06,14.54178524017334,14.54178524017334,14.347998229975705,14.4371409300385,359269
2003-11-07,14.615421295166016,14.689060543655557,14.51465218151275,14.541782046676472,581003
2003-11-10,14.596040725708008,14.65417653437835,14.565034778550949,14.611543242954346,558903
2003-11-11,14.49527359008789,14.565036752479841,14.31311305543759,14.514652195604292,338404
2003-11-12,14.669681549072266,14.673557635134781,14.479769759969734,14.534030401522527,366429
2003-11-13,14.650301933288574,14.661928365344984,14.534029398744686,14.650301933288574,331120
2003-11-14,14.611547470092773,14.681310643212633,14.522405688476546,14.646429512985028,355194
2003-11-17,14.491394996643066,14.592164092959273,14.390625900326862,14.592164092959273,313588
2003-11-18,14.270478248596191,14.491395044115858,14.266602163085043,14.491395044115858,446555
2003-11-19,14.262724876403809,14.347991449153309,14.251098446178219,14.309234247963273,525199
2003-11-20,14.115453720092773,14.30536463950431,14.088322936844918,14.19684424450696,593102
2003-11-21,14.115453720092773,14.185216896352834,14.084447762570003,14.111577633153168,503100
2003-11-24,14.251099586486816,14.32086273674387,14.16583300691467,14.16583300691467,364454
2003-11-25,14.282110214233398,14.309240083597748,14.185216259078468,14.223973476074582,640881
2003-11-26,14.379000663757324,14.379000663757324,14.223970911064752,14.340243453750302,355194
2003-11-28,14.382874488830566,14.39837791897869,14.347993368159985,14.378999315791834,118398
2003-12-01,14.468144416809082,14.468144416809082,14.351872770815671,14.351872770815671,454209
2003-12-02,14.359618186950684,14.433257413707272,14.320860987393816,14.417753986285982,749896
2003-12-03,14.417757987976074,14.475893803447136,14.27048040624982,14.301486357033951,700389
2003-12-04,14.262724876403809,14.378997392638192,14.19296173172889,14.367370049748326,490877
2003-12-05,14.092195510864258,14.208468050756254,13.952669193125434,13.952669193125434,796934
2003-12-08,14.444894790649414,14.472024666652883,14.146462503951744,14.185219730432381,913481
2003-12-09,14.293728828430176,14.506895230604744,14.243344291370045,14.506895230604744,506556
2003-12-10,14.142586708068848,14.293740442061297,14.068948341302066,14.282114004009093,417542
2003-12-11,14.394500732421875,14.394500732421875,14.200712902331771,14.200712902331771,418653
2003-12-12,14.379000663757324,14.398379268760834,14.32086484874679,14.379000663757324,412727
2003-12-15,14.123197555541992,14.437133052646727,14.123197555541992,14.378996342443513,666561
2003-12-16,14.231724739074707,14.282109300479032,14.142582050489326,14.146458137006809,597793
2003-12-17,14.153526306152344,14.26300162325742,14.024502943256687,14.251271138544826,605201
2003-12-18,14.309921264648438,14.313831426849408,14.122250051386994,14.173077556559294,406307
2003-12-19,14.28646469116211,14.38030031459641,14.173080094598356,14.38030031459641,589028
2003-12-22,14.415486335754395,14.560149446539443,14.35292926510745,14.560149446539443,477543
2003-12-23,14.411566734313965,14.474123763987395,14.306001631654118,14.46630436545008,369022
2003-12-24,14.278639793395996,14.36856521933695,14.2708203912898,14.36465597862779,165189
2003-12-26,14.306004524230957,14.364652326837643,14.298185124112612,14.309914684633949,107534
2003-12-29,14.46631145477295,14.48586042104008,14.329467770215128,14.329467770215128,462111
2003-12-30,14.513226509094238,14.521046830922542,14.399841970149177,14.407662291977482,511001
2003-12-31,14.544509887695312,14.564059778101909,14.474133412570994,14.513231352008052,493223
2004-01-02,14.333382606506348,14.622708874722878,14.294283740532277,14.544512063462944,975581
2004-01-05,14.48977279663086,14.501501441632973,14.290372021274278,14.411575998925827,1033854
2004-01-06,14.46631145477295,14.509318628147895,14.313828965476585,14.509318628147895,788662
2004-01-07,14.45067024230957,14.478038606385942,14.388112271714895,14.466309044442426,1008792
2004-01-08,14.419388771057129,14.509314172407857,14.395930571153214,14.466307012240202,567916
2004-01-09,14.442856788635254,14.544511812902561,14.388119113765093,14.419397653592588,727426
2004-01-12,14.329468727111816,18.247101899653813,14.270821824394085,14.427214485662665,669400
2004-01-13,14.196532249450684,14.36465444051535,14.063597824440071,14.309916790257319,597917
2004-01-14,14.192625999450684,14.270821869990833,14.149616981690444,14.15352714349264,348157
2004-01-15,14.364656448364258,14.513228775991946,14.212173038523767,14.46631144113265,883109
2004-01-16,14.345108032226562,14.454583359269224,14.216084657618852,14.364657921167607,532977
2004-01-20,14.364656448364258,14.368565689201256,14.208263797686769,14.274730098794763,485815
2004-01-21,14.736087799072266,14.779095890615562,14.309917965626669,14.333377092048076,1096078
2004-01-22,14.759551048278809,14.833836768217077,14.700903215843192,14.759551048278809,785823
2004-01-23,15.541515350341797,16.386035028128077,15.228729943499392,15.228729943499392,6422266
2004-01-26,15.346017837524414,15.576697086982318,15.209174168150007,15.525869596189732,2136105
2004-01-27,15.240448951721191,15.346014068473828,15.080147117212618,15.342103908339443,1158796
2004-01-28,14.943305015563965,15.314737121709943,14.919845893724435,15.310826961174131,1153363
2004-01-29,14.62270736694336,15.025418187377426,14.4819534894642,15.021508024976743,1654241
2004-01-30,14.661794662475586,14.704802734903105,14.524951046757327,14.622696749609638,1226945
2004-02-02,14.524955749511719,14.728266619478136,14.466308861224656,14.696987174233081,773353
2004-02-03,14.407668113708496,14.524961940275066,14.345110117242942,14.524961940275066,1481026
2004-02-04,14.309921264648438,14.38811714316334,14.23563462764644,14.349019203905888,846442
2004-02-05,14.329468727111816,14.341198291792955,14.223903565669529,14.270821824394085,553965
2004-02-06,14.485857009887695,14.622700662221357,14.360742918689796,14.380291880353507,1040644
2004-02-09,14.419388771057129,14.579691534182468,14.34901232997014,14.524953893031421,563595
2004-02-10,14.481953620910645,14.49368318753105,14.337290500405867,14.34902006702627,787675
2004-02-11,14.58360481262207,14.650072032476388,14.352926465213052,14.466311018556159,1163857
2004-02-12,14.48977279663086,14.603156450030275,14.438944371744164,14.564059432209826,505322
2004-02-13,14.478042602539062,14.544508910981005,14.122249167903234,14.47413244058271,498408
2004-02-17,14.46240234375,14.564058264686128,14.44285337606289,14.544508376311049,514334
2004-02-18,14.446758270263672,14.478036791295793,14.407660349145432,14.466307230822792,439024
2004-02-19,14.403752326965332,14.466309378316035,14.388112603783771,14.44676041485491,552237
2004-02-20,14.309921264648438,14.415486437194007,14.223905061731593,14.403756871279159,781255
2004-02-23,14.309921264648438,14.352929366106858,14.255183597275167,14.321650830563284,465197
2004-02-24,14.290371894836426,14.39593706442578,14.212175097823259,14.309920863917707,543347
2004-02-25,14.239547729492188,14.306014055813703,14.219998755827726,14.251276377140261,431369
2004-02-26,14.243447303771973,14.282546145249983,14.216078943356228,14.23953806410551,344206
2004-02-27,14.427214622497559,14.517140058321901,14.173076200267756,14.24345266833411,815947
2004-03-01,14.427214622497559,14.485861525771524,14.388115766293607,14.446763590255546,512729
2004-03-02,14.36074447631836,14.45848929523874,14.36074447631836,14.427211689734449,456679
2004-03-03,14.521042823791504,14.532771461921884,14.313822766279705,14.360740080863742,1077189
2004-03-04,14.536688804626465,14.560147933853862,14.454582773018535,14.466312337632234,360874
2004-03-05,14.779096603393555,14.794735407970167,14.48195010955898,14.524958203176505,489025
2004-03-08,14.790823936462402,14.880750277220798,14.759546330079427,14.818193223079223,643844
2004-03-09,14.779096603393555,14.876841433717116,14.64616216105288,14.779096603393555,859035
2004-03-10,14.536688804626465,14.790826302296736,14.532778642859245,14.739998802762683,611497
2004-03-11,14.204354286193848,14.556237536149409,14.192625642458214,14.517139601862779,657425
2004-03-12,14.427214622497559,14.427214622497559,14.22781386240291,14.231723103541722,524458
2004-03-15,14.329468727111816,14.524959323525547,14.157436339372397,14.524959323525547,757674
2004-03-16,14.393529891967773,14.472615737784762,14.318398664346123,14.326307900736802,683228
2004-03-17,14.373749732971191,14.496332578154128,14.373749732971191,14.433064313271034,592855
2004-03-18,14.472609519958496,14.583328539147558,14.377707104444177,14.43306707961635,574953
2004-03-19,14.298624992370605,14.425162510286539,14.259083472952387,14.39352743244091,518655
2004-03-22,14.19186019897461,14.286762636616974,14.073231919132779,14.235357265955132,488408
2004-03-23,14.13649845123291,14.31839406903909,14.13649845123291,14.219537957439076,446925
2004-03-24,14.053461074829102,14.251174259147954,14.017872310566386,14.116729368303575,560508
2004-03-25,14.266992568969727,14.314444260314263,14.053462751386231,14.172091048591932,416307
2004-03-26,14.211629867553711,14.314440597619415,14.207675250568338,14.28280645520263,324453
2004-03-29,14.440979957580566,14.50820194123278,14.223494604470398,14.243266762062252,461864
2004-03-30,14.464704513549805,14.508200649142523,14.30257916759332,14.346076234341536,453098
2004-03-31,14.440979957580566,14.527974098824634,14.302580441371072,14.47261410610972,550879
2004-04-01,14.583331108093262,14.646599396247915,14.433069622092544,14.48052037263081,893480
2004-04-02,14.45284366607666,14.713825172853719,14.373757824872795,14.713825172853719,734340
2004-04-05,14.187902450561523,14.429112643277689,14.089046348471873,14.42515895788728,735945
2004-04-06,14.334217071533203,14.346079995679869,14.049509685480425,14.049509685480425,477420
2004-04-07,14.207674980163574,14.294669102942887,14.136498393869308,14.294669102942887,335317
2004-04-08,14.187902450561523,14.286759483806472,14.12068048737162,14.247216111815314,398035
2004-04-12,14.057415962219238,14.259084712449022,14.057415962219238,14.22349501399011,323589
2004-04-13,13.839932441711426,14.0692807385599,13.721305071897975,14.065326120437184,805453
2004-04-14,13.669899940490723,13.863658540067078,13.507774561848258,13.768756083798348,690018
2004-04-15,13.527541160583496,13.772705988156705,13.310056788587076,13.685711866895991,1122004
2004-04-16,13.82411003112793,13.9783261058719,13.681755943463646,13.760841754644977,1218921
2004-04-19,13.646177291870117,13.804348089388272,13.6422226727487,13.804348089388272,595571
2004-04-20,13.563132286071777,13.863656214942958,13.563132286071777,13.646171804985597,623596
2004-04-21,13.92297077178955,13.92297077178955,13.582904370713488,13.622446823906305,1706341
2004-04-22,14.104866027832031,14.156271398358365,13.855747478860835,13.922969456708119,692487
2004-04-23,14.13649845123291,14.156269673552913,13.94669359957442,14.025779420009817,622856
2004-04-26,14.04159164428711,14.176036472808233,13.978323380141275,14.156265256657047,776193
2004-04-27,14.07718563079834,14.259082190698177,14.037642252625023,14.081139316806862,423344
2004-04-28,13.780619621276855,14.081143613941041,13.776665002906064,14.045555773226813,341984
2004-04-29,13.665942192077637,13.926923654249265,13.594765598968188,13.800387074874479,689524
2004-04-30,13.725255012512207,13.75293546950441,13.602673058035181,13.737117932486663,582237
2004-05-03,13.741080284118652,13.808303224760596,13.650131490172972,13.725262738197515,555323
2004-05-04,13.8478422164917,13.919019763320744,13.650128981330036,13.72130652815908,525693
2004-05-05,13.792474746704102,14.069273666103298,13.75293230997713,13.922964974134144,619152
2004-05-06,13.8478422164917,13.919019763320744,13.760848988960259,13.800391449761438,478161
2004-05-07,13.642210960388184,13.82806206988416,13.571034395401798,13.824107454157932,724463
2004-05-10,13.444500923156738,13.654076981200086,13.353553121168877,13.642214062479006,733352
2004-05-11,13.574987411499023,13.681751780820312,13.46426749576251,13.484038709753674,707426
2004-05-12,13.820158958435059,13.835976497189376,13.424732594598854,13.642217001593215,595941
2004-05-13,13.828070640563965,14.04555508604687,13.752939413284789,13.760847718483733,529273
2004-05-14,13.8478422164917,13.958562224121923,13.661991905801543,13.800391449761438,331860
2004-05-17,13.812250137329102,13.871563810336418,13.618491580145246,13.729210622656666,556928
2004-05-18,13.950653076171875,14.029737993000897,13.879476464794612,13.879476464794612,733723
2004-05-19,14.07718563079834,14.223492498533382,14.006008108779637,14.100910540315798,655696
2004-05-20,14.12858772277832,14.140450640364639,14.029730696995825,14.077182367341097,491494
2004-05-21,14.314444541931152,14.342124074989597,14.136502558199659,14.187907937397142,647424
2004-05-24,14.405387878417969,14.425160031462715,14.282805930241667,14.353983446429874,588410
2004-05-25,14.531923294067383,14.531923294067383,14.25512527835336,14.405386739059157,607300
2004-05-26,14.662419319152832,14.804772525081159,14.504248573034914,14.539837340094795,958173
2004-05-27,14.887808799743652,14.931305861823231,14.709866865607893,14.769180533268013,1209538
2004-05-28,15.034113883972168,15.208102100955829,14.860126598143738,14.966891925628214,3569846
2004-06-01,14.903624534606934,15.097383050897509,14.84826455945736,15.034114773913794,1189537
2004-06-02,14.978761672973633,15.085527986931657,14.891768450563651,15.057847521075821,1027558
2004-06-03,14.887808799743652,15.00643706621929,14.816632212320428,15.00643706621929,728537
2004-06-04,14.962937355041504,15.022251012200499,14.919440300662815,14.955029053651351,515939
2004-06-07,15.105291366577148,15.105291366577148,14.958982670176425,15.006434340610221,510631
2004-06-08,15.125054359436035,15.136918202477675,14.99851880533733,15.085512871737794,647054
2004-06-09,14.887808799743652,15.12506440153953,14.887808799743652,15.12506440153953,1173487
2004-06-10,15.010391235351562,15.022253223605361,14.91548881123358,14.947122952606241,389146
2004-06-14,14.788949966430664,15.022250908336128,14.749406597442839,15.014342607000653,461123
2004-06-15,14.842126846313477,14.95008431289483,14.762158910506539,14.910100344991363,543101
2004-06-16,14.77415657043457,14.886111886161565,14.714179667765974,14.874116505627846,405813
2004-06-17,14.598227500915527,14.750167752286313,14.594229667912773,14.714181605944994,509273
2004-06-18,14.582236289978027,14.678198418524468,14.486274161431586,14.498269545194,685944
2004-06-21,14.566238403320312,14.686191268693262,14.562240570791223,14.674195888000703,542607
2004-06-22,14.850125312805176,14.91809787414012,14.514258455131808,14.586229790125739,1097312
2004-06-23,14.846128463745117,14.914101033891782,14.790150333025238,14.898107820287626,573101
2004-06-24,14.818144798278809,14.894114942050976,14.738175878999114,14.846133402172564,623473
2004-06-25,14.554248809814453,14.850132787593367,14.554248809814453,14.818145406878322,746069
2004-06-28,14.83413028717041,14.93409020723991,14.73417036710091,14.73417036710091,982495
2004-06-29,14.694189071655273,14.838131768580023,14.694189071655273,14.838131768580023,590262
2004-06-30,14.614225387573242,14.794154282097576,14.614225387573242,14.694193366671614,2180797
2004-07-01,14.917947769165039,15.085787101827528,14.680998455366069,14.745172816323839,1788600
2004-07-02,15.080850601196289,15.169706829619125,14.957439382065214,15.056168733991226,1190000
2004-07-06,15.154891014099121,15.154891014099121,14.917940868356741,15.03147985255614,1045200
2004-07-07,15.214133262634277,15.29805292003221,15.095658618346507,15.15489641126678,1224000
2004-07-08,15.061104774475098,15.21413441726644,15.02161322338208,15.21413441726644,1027700
2004-07-09,14.947562217712402,15.03641747496464,14.784659500421116,15.03641747496464,927200
2004-07-12,14.927816390991211,14.927816390991211,14.725422128794559,14.858706430695552,770900
2004-07-13,14.908076286315918,14.982122832656136,14.843901922348921,14.92782159261528,714200
2004-07-14,14.764918327331543,14.858711118432238,14.695808345232553,14.858711118432238,789600
2004-07-15,14.908076286315918,14.92782159261528,14.676062581816204,14.725427259893989,1376600
2004-07-16,14.819218635559082,14.932756725182834,14.740235534816225,14.759980839225525,1386100
2004-07-19,14.819218635559082,14.908074859283003,14.759980839225525,14.759980839225525,970800
2004-07-20,14.843899726867676,14.913009701023139,14.71555195946983,14.809344739789944,1538000
2004-07-21,14.690874099731445,14.962378450687844,14.68593753715276,14.908078145428387,892800
2004-07-22,14.606954574584961,14.676064568316592,14.513161767696996,14.562526452456611,1064400
2004-07-23,14.646435737609863,14.710609123158067,14.562516115553056,14.587197969636431,854800
2004-07-26,14.626691818237305,14.661247737601654,14.567454982432052,14.58226466215963,917100
2004-07-27,14.750102996826172,14.769849236470328,14.56745498788038,14.592136845883045,1100900
2004-07-28,14.715551376342773,14.819217275020824,14.57733143350903,14.75997948412583,1535100
2004-07-29,14.761982917785645,14.841858299548306,14.682107536022983,14.727037557288188,966300
2004-07-30,14.821887969970703,14.926724037598241,14.727035609600883,14.766973295200353,958300
2004-08-02,14.886781692504883,14.916734709281947,14.732023328269273,14.836859363083619,890200
2004-08-03,14.951688766479492,15.001610169621209,14.866821048072952,14.921734781966785,1154100
2004-08-04,15.046536445617676,15.1613581199311,14.901762698633043,14.961668748354445,1312200
2004-08-05,14.961666107177734,15.071495432594666,14.961666107177734,14.991620078940166,890100
2004-08-06,14.976649284362793,15.076493993801098,14.597240721562835,14.966664622981018,1008500
2004-08-09,14.956676483154297,15.05652116937192,14.956676483154297,14.996615119392944,770400
2004-08-10,15.166349411010742,15.186318728930654,14.961668663279074,14.961668663279074,966600
2004-08-11,15.311127662658691,15.316119993297255,15.071501505145939,15.196306914540878,647200
2004-08-12,15.251221656799316,15.34108170986266,15.206291630267645,15.226260954143841,783500
2004-08-13,15.30612850189209,15.356050833810922,15.236237808519293,15.326097815535336,652400
2004-08-16,15.515798568725586,15.52578322363888,15.28615721885441,15.371024881239213,1034100
2004-08-17,15.535770416259766,15.570715761975382,15.425941098651531,15.52079343144339,1155500
2004-08-18,15.750432968139648,15.755425295825173,15.46088462770332,15.46088462770332,862400
2004-08-19,15.685534477233887,15.795362828800101,15.580697501120975,15.625627497713774,782700
2004-08-20,15.790386199951172,15.81035553037442,15.610666987092362,15.71550311524416,554400
2004-08-23,15.635619163513184,15.80535457070347,15.55574378979888,15.560736119679719,981400
2004-08-24,15.675554275512695,15.815336632646938,15.565725892743266,15.645601253337288,557300
2004-08-25,15.790386199951172,15.800370865162796,15.635627697931339,15.650604695748774,558900
2004-08-26,15.835308074951172,15.835308074951172,15.705510350706952,15.795370386890612,655600
2004-08-27,15.815328598022461,15.815328598022461,15.650585631467598,15.78537559106401,418100
2004-08-30,15.910199165344238,15.975097580300602,15.725486680608405,15.725486680608405,803900
2004-08-31,16.119857788085938,16.15979450565941,15.90519245604087,15.915176159339662,1177200
2004-09-01,16.279617309570312,16.279617309570312,16.104888600193107,16.104888600193107,1208500
2004-09-02,16.359495162963867,16.359495162963867,16.22969645589626,16.279619767991353,732700
2004-09-03,16.284608840942383,16.40941424693693,16.23468744029631,16.374468885608806,847800
2004-09-07,16.554180145263672,16.55917152091423,16.264632748072543,16.324538777770993,908100
2004-09-08,16.444347381591797,16.49427064949837,16.339511375554913,16.474301342335743,817200
2004-09-09,16.459335327148438,16.524232758340254,16.329536656006596,16.469319986803896,815700
2004-09-10,16.489290237426758,16.529228882916904,16.409414850825897,16.45933815768858,986600
2004-09-13,16.683977127075195,16.683977127075195,16.35948438200728,16.48928109915877,822800
2004-09-14,16.594125747680664,16.69396853771377,16.544202448284963,16.68398387783463,590500
2004-09-15,16.59911346435547,16.669004163715318,16.5491920803495,16.624074156358454,943700
2004-09-16,16.713939666748047,16.713939666748047,16.579149600357415,16.58913426131739,539400
2004-09-17,16.57414436340332,16.76884032837715,16.509245073619457,16.723910343815668,1224700
2004-09-20,16.579151153564453,16.639059124936743,16.379463628795417,16.574159774806528,777900
2004-09-21,16.529224395751953,16.584139066203583,16.379458324579552,16.584139066203583,656300
2004-09-22,16.489290237426758,16.5741589069036,16.42439279507442,16.5741589069036,846400
2004-09-23,16.344518661499023,16.539214812240964,16.184765971670693,16.48929150155099,736900
2004-09-24,16.31954574584961,16.344508337616958,16.184755748695114,16.29957833856546,557800
2004-09-27,16.264638900756836,16.29958425666513,16.059956238466725,16.269630278295562,1885100
2004-09-28,16.264638900756836,16.344514272029947,16.089910216836294,16.264638900756836,708400
2004-09-29,16.554180145263672,16.554180145263672,16.129842752967274,16.2696241237231,1317100
2004-09-30,16.5042667388916,16.57415745801016,16.369476678714694,16.56417279751047,1818700
2004-10-01,16.82376480102539,16.85871015340536,16.484294031295207,16.52922404212358,1510100
2004-10-04,16.78382682800293,16.873686853197423,16.713936120491425,16.853717535514434,849400
2004-10-05,16.773832321166992,16.853707640624823,16.74388026660645,16.78381697414645,671600
2004-10-06,16.73390007019043,16.84372937783632,16.65402472946024,16.838736097827862,663800
2004-10-07,16.67399787902832,16.76385789608251,16.54919251138403,16.73390392227152,642600
2004-10-08,16.65403175354004,16.77384386297865,16.589132416706292,16.67899245097482,941800
2004-10-11,16.863697052001953,16.868690332089542,16.659016369113285,16.659016369113285,379300
2004-10-12,16.878679275512695,16.948569979466058,16.69895923427327,16.743889244583126,787700
2004-10-13,16.74388885498047,16.913624233937256,16.64903555521182,16.863700943433017,1168000
2004-10-14,16.614093780517578,16.848728535449634,16.449351647337043,16.748883837326684,1229000
2004-10-15,17.083364486694336,17.327982014627448,16.439368138301738,16.614094943968247,1854500
2004-10-18,16.993505477905273,17.033442219756868,16.81877675721358,16.96355149323198,964200
2004-10-19,17.048416137695312,17.113313565923754,16.948571450078987,16.988508182498105,1108500
2004-10-20,17.1232967376709,17.178211406308545,16.923609284163557,16.99849136508674,1187000
2004-10-21,17.168222427368164,17.308003800083377,17.043417086192907,17.088347085191135,1024000
2004-10-22,16.988508224487305,17.27306434705078,16.948571491969478,17.173221563566702,1153900
2004-10-25,16.928611755371094,16.97853317536941,16.77385230636815,16.91862709049541,854000
2004-10-26,17.17322540283203,17.198186104283295,16.848730570827282,16.873691272278545,800800
2004-10-27,17.377897262573242,17.387881918893545,17.00847259623598,17.0733719101287,683600
2004-10-28,17.601186752319336,17.616309355058032,17.323963390556823,17.429813918639194,947200
2004-10-29,17.68183708190918,17.71207844453727,17.520541482546093,17.550784767946478,786600
2004-11-01,17.601186752319336,17.691914677663014,17.540702109680925,17.64151112925969,666000
2004-11-02,17.621360778808594,17.722169866110843,17.51551210238927,17.535674304404402,1073200
2004-11-03,17.70199966430664,17.767525829856897,17.636475421528935,17.72216185721019,938700
2004-11-04,17.99434471130371,18.01450690310719,17.707040207807662,17.757443764543922,1380900
2004-11-05,17.893535614013672,18.064910398213716,17.81792835639478,18.01450684164941,855600
2004-11-08,17.822965621948242,17.93889531266046,17.787682756199825,17.893531353445074,562600
2004-11-09,17.777605056762695,17.9237780557826,17.742322184278212,17.9237780557826,745700
2004-11-10,17.833045959472656,17.8884910098047,17.686872994555788,17.77760090914061,1394500
2004-11-11,17.883466720581055,17.989315415253344,17.83306312962484,17.83306312962484,930600
2004-11-12,17.863292694091797,17.928818857192066,17.79272694434034,17.918737761117217,865700
2004-11-15,18.00443458557129,18.130445461623108,17.81793710461777,17.94898949246475,1220800
2004-11-16,17.979215621948242,18.090105714102968,17.91873099112373,18.00945889874637,996900
2004-11-17,17.89858055114746,18.03971401270821,17.81289409481862,17.964106732487345,845300
2004-11-18,17.93385887145996,17.979220915856203,17.84313093712285,17.893534490522438,892800
2004-11-19,17.560871124267578,17.883458574095453,17.540708927960118,17.868337888251293,1213400
2004-11-22,17.671756744384766,17.671756744384766,17.520542233672398,17.53566483840706,618500
2004-11-23,17.525588989257812,17.62639805231988,17.46006280985153,17.56591146081887,931400
2004-11-24,17.671756744384766,17.727199885837276,17.51550264727576,17.52558374284141,487000
2004-11-26,17.68183708190918,17.767523506385157,17.68183708190918,17.68183708190918,178000
2004-11-29,17.666719436645508,17.76248890590851,17.53566900867092,17.6868816325717,511500
2004-11-30,17.636470794677734,17.686874340940903,17.550782458703896,17.641510380195236,722300
2004-12-01,18.039714813232422,18.03971481323242,17.646559630519608,17.717127325817977,659400
2004-12-02,17.93385887145996,18.034665978259138,17.848170523353883,17.984262424859548,484400
2004-12-03,17.88850212097168,17.92882459540401,17.727206454923103,17.893541709235812,574700
2004-12-06,17.868330001831055,17.893531774705814,17.802803854139064,17.893531774705814,655600
2004-12-07,17.510467529296875,17.85825676258687,17.510467529296875,17.812892782351405,717800
2004-12-08,17.601186752319336,17.691914677663014,17.53062101544584,17.540702109680925,799400
2004-12-09,17.54574966430664,17.67176050150937,17.329010870496116,17.67176050150937,1324800
2004-12-10,17.591115951538086,17.863297934314005,17.394537404570702,17.863297934314005,888800
2004-12-13,17.76753044128418,17.76753044128418,17.570953816386,17.641519587090677,500200
2004-12-14,17.727190017700195,17.83808008442115,17.666705400748448,17.75239370397045,596300
2004-12-15,17.812891006469727,17.83305320073603,17.636476613571283,17.65159729788467,642800
2004-12-16,17.666719436645508,17.807852885356027,17.596153673676664,17.742326709982315,617100
2004-12-17,17.797765731811523,17.83304860129116,17.38949005569717,17.38949005569717,2260300
2004-12-20,17.868330001831055,17.873369587297198,17.691913746163703,17.79776426867292,899200
2004-12-21,17.843137741088867,17.918743100018176,17.797773756622068,17.843137741088867,774400
2004-12-22,17.848175048828125,17.97418588704995,17.82297326573832,17.84313546131928,845700
2004-12-23,17.868330001831055,17.94393532045533,17.843128228956296,17.843128228956296,402700
2004-12-27,17.757450103759766,17.954026737088306,17.752410515396036,17.88850247449421,312700
2004-12-28,17.893535614013672,17.923778901615716,17.75744370396313,17.76248521328302,439600
2004-12-29,17.923776626586914,17.95905949625803,17.80784692298579,17.80784692298579,489200
2004-12-30,17.883466720581055,18.01955872349132,17.858264925102947,17.959074029789118,472200
2004-12-31,17.938901901245117,17.969145192753764,17.812891070784776,17.893537925368484,460600
2005-01-03,17.76753044128418,17.90362239454593,17.666721373374767,17.893541295477686,762300
2005-01-04,17.707040786743164,17.87337406762908,17.636475035896265,17.802808316782176,950600
2005-01-05,17.601186752319336,17.772561508771602,17.601186752319336,17.707037280401707,843300
2005-01-06,17.676799774169922,17.72720333904426,17.591113329328998,17.606234014236747,602500
2005-01-07,17.631439208984375,17.767531167811022,17.515509449118667,17.68688429474039,985000
2005-01-10,17.53063201904297,17.641522202460184,17.480228439002413,17.540713119605748,831000
2005-01-11,17.475175857543945,17.545743516781734,17.268518233849274,17.535662422604904,887800
2005-01-12,17.3088436126709,17.48021837805466,17.238277872119742,17.465097697300045,965700
2005-01-13,16.830005645751953,17.3088471700407,16.784641671392542,17.273564292513672,1380200
2005-01-14,16.92578125,17.056831710859967,16.784647765873906,16.835053268337983,1022500
2005-01-18,16.714073181152344,16.824963305389236,15.98321012397449,16.81992179641176,3409800
2005-01-19,16.759435653686523,16.860244673751847,16.668707727904945,16.6838284079445,1823400
2005-01-20,16.638471603393555,16.749361765450697,16.53262295203335,16.68383558580121,1679400
2005-01-21,16.56789779663086,16.724151865276983,16.48725096956848,16.6132617570267,1563400
2005-01-24,16.603181838989258,16.703990860648652,16.51749542038068,16.567898969824295,1482300
2005-01-25,16.48724937438965,16.779595295938165,16.48724937438965,16.70398806166959,1127100
2005-01-26,16.709033966064453,16.759437520324916,16.507415903477924,16.517496998884486,851700
2005-01-27,16.552783966064453,16.804805645253758,16.552783966064453,16.719117274487527,1263700
2005-01-28,16.19626235961914,16.61390168385858,16.12495836907407,16.61390168385858,3049800
2005-01-31,16.29812240600586,16.420359178921444,16.23191171116673,16.31849552530639,1211900
2005-02-01,16.43054962158203,16.517134437866485,16.191172185029608,16.349059058372813,914100
2005-02-02,16.282848358154297,16.527321019497812,16.221730921401523,16.415270766377493,2012700
2005-02-03,16.31850242614746,16.43055074390868,16.226825293413835,16.323594736682256,885300
2005-02-04,16.450916290283203,16.486568276261497,16.28284194821142,16.349052640536286,1142700
2005-02-07,16.425447463989258,16.578241935541968,16.349049256769344,16.450912885433524,893000
2005-02-08,16.41018295288086,16.456021528728133,16.33378467883913,16.405088698404043,1035300
2005-02-09,16.445825576782227,16.486569874899295,16.298123367471465,16.440731325212774,1162100
2005-02-10,16.461101531982422,16.527313190451395,16.410170682629282,16.517126632003293,855800
2005-02-11,16.690298080444336,16.751415502309282,16.42036101956032,16.501851563009524,1290200
2005-02-14,16.700481414794922,16.731039148379903,16.583338902648478,16.690294855970784,747300
2005-02-15,16.79725456237793,16.96023565420487,16.700485146258142,16.781975692171613,1385100
2005-02-16,16.680110931396484,16.853278572979924,16.613899260026646,16.82271889168129,806000
2005-02-17,16.61899185180664,16.756507489584024,16.59352642471177,16.72085550307369,955500
2005-02-18,16.629182815551758,16.675021373618144,16.573157695371947,16.644461687277868,1106900
2005-02-22,16.43054962158203,16.64955587449836,16.43054962158203,16.598625001075703,1198200
2005-02-23,16.333772659301758,16.476380593490646,16.298120675754536,16.298120675754536,1636700
2005-02-24,16.41018295288086,16.486579284033773,16.287946102991857,16.374530943098403,937800
2005-02-25,16.496747970581055,16.6648232141539,16.298115004821664,16.45600369337009,1026700
2005-02-28,16.43054962158203,16.542599874577814,16.303220495137108,16.51204018479125,1267100
2005-03-01,16.71575927734375,16.77687668372936,16.425449168402963,16.476380016576417,1186200
2005-03-02,16.649547576904297,16.83290173846935,16.501847340432285,16.654641827440724,1001700
2005-03-03,16.86347198486328,17.031545443072886,16.613906010081106,16.669931143780484,1612900
2005-03-04,17.163959503173828,17.250542340602124,16.91439366414452,16.96023220833817,1411500
2005-03-07,17.281103134155273,17.332033989710883,17.184333731444568,17.214891467622895,1518700
2005-03-08,17.199617385864258,17.306573378027444,17.148684573247397,17.219990510911,1719800
2005-03-09,16.97551155090332,17.143584903159518,16.88892677807225,17.138492595528188,1316100
2005-03-10,17.087553024291992,17.189416622484018,16.980597120489303,17.011156782812872,966100
2005-03-11,16.853271484375,17.16395464679515,16.78196753422354,17.12830267171942,1253400
2005-03-14,17.118122100830078,17.123214409241285,16.94495447153501,16.94495447153501,1154700
2005-03-15,16.960229873657227,17.204701428074504,16.934764451030112,17.153770582820275,849300
2005-03-16,16.756505966186523,16.970417865800986,16.720853982917443,16.90930045775219,995500
2005-03-17,16.929685592651367,16.985708789781132,16.624094449701868,16.78198330403688,986200
2005-03-18,16.741226196289062,17.006070904791656,16.65464335808557,16.985697786548187,2220300
2005-03-21,16.68520164489746,16.756507561110052,16.61899192274568,16.705574763815346,1176800
2005-03-22,16.425447463989258,16.741222964249808,16.425447463989258,16.63426702845162,1753000
2005-03-23,16.496747970581055,16.578238467889694,16.38979205715472,16.430536334365687,1273600
2005-03-24,16.354143142700195,16.63935896514563,16.354143142700195,16.425447098311555,1430500
2005-03-28,16.405073165893555,16.562961876074183,16.32867690707349,16.338863463493563,743600
2005-03-29,16.374523162841797,16.501852263819142,16.303217234268654,16.333776917942856,835200
2005-03-30,16.593536376953125,16.598628688271276,16.32869150196883,16.37453007538705,1181400
2005-03-31,16.501853942871094,16.639367676177205,16.466201946400904,16.562971373550265,1281400
2005-04-01,16.46619987487793,16.72595037975268,16.308311094024432,16.593528972792342,979700
2005-04-04,16.450916290283203,16.506941394788388,16.26246980112829,16.415264304304912,946700
2005-04-05,16.512033462524414,16.629177920904375,16.42545062437726,16.527314272640815,533300
2005-04-06,16.669921875,16.71576041864074,16.547687053882992,16.552779361893098,651200
2005-04-07,16.67502212524414,16.776883865193692,16.53750644484647,16.669927872513775,663800
2005-04-08,16.583343505859375,16.695391798252444,16.562970382555918,16.654647494533503,549500
2005-04-11,16.435640335083008,16.578248304265063,16.435640335083008,16.54769056394769,714400
2005-04-12,16.731042861938477,16.802348789534243,16.328684384959924,16.39998836966782,900500
2005-04-13,16.287931442260742,16.685197446766324,16.287931442260742,16.680105139761896,1122000
2005-04-14,16.08930206298828,16.293028389564014,15.941599869068526,16.262469683438592,1240200
2005-04-15,16.60371208190918,16.807439397212278,16.399986709493756,16.54259466447332,2678500
2005-04-18,16.435640335083008,16.649552288856093,16.323590106218326,16.578248304265063,1079500
2005-04-19,16.450916290283203,16.51712795405183,16.36433345087521,16.420358555380393,1227500
2005-04-20,16.277748107910156,16.450915723649093,16.221723976778424,16.425450297811373,1319000
2005-04-21,16.496747970581055,16.542586496747585,16.180972536370913,16.369418947105885,1225400
2005-04-22,16.542591094970703,16.624081614930667,16.430540901443035,16.49675255606277,1064300
2005-04-25,16.77179527282715,16.78707414862852,16.537510110392738,16.578254426825925,886800
2005-04-26,16.669921875,16.86346260847062,16.669921875,16.731039285558502,904100
2005-04-27,16.934762954711914,16.96532262489659,16.57824124077215,16.603706661149197,927400
2005-04-28,16.90903663635254,17.073701470889997,16.81126554131115,16.939910065978523,851100
2005-04-29,17.23322105407715,17.233221054077145,16.883307796728197,17.006805438757457,1415900
2005-05-02,17.34128761291504,17.367016133112784,17.078851603201365,17.2383715691638,886800
2005-05-03,17.29497528076172,17.45449328182132,17.19720415705655,17.29497528076172,979000
2005-05-04,17.70149040222168,17.72721891895677,17.2486610484361,17.289826282620243,1136900
2005-05-05,17.464786529541016,17.74265927842263,17.294976713864745,17.650035028795426,1091200
2005-05-06,17.16118049621582,17.30526371285137,16.92962189936842,16.92962189936842,1465000
2005-05-09,17.346435546875,17.346435546875,17.140605386556015,17.16118702851549,1081100
2005-05-10,17.109725952148438,17.351578345634323,17.078850552035302,17.202350189527706,1172900
2005-05-11,17.248666763305664,17.30527069665301,17.068563160567678,17.17662610739473,819300
2005-05-12,16.996517181396484,17.32070199442259,16.981080463667634,17.243514479858266,776000
2005-05-13,16.91417694091797,17.12515382531789,16.83184454610237,17.109717114714694,923200
2005-05-16,17.30526351928711,17.36186742915796,16.97078694075563,16.991370537610457,1302600
2005-05-17,17.408185958862305,17.495663333307775,17.140604989974097,17.289831214790517,1150400
2005-05-18,17.670616149902344,17.68605286835212,17.45963915826154,17.475075876711312,1522900
2005-05-19,17.644886016845703,17.67575945092008,17.392741848465278,17.670614532894334,1090400
2005-05-20,17.439050674438477,17.65002760699386,17.361865140845772,17.65002760699386,1062400
2005-05-23,17.372167587280273,17.500812199624637,17.372167587280273,17.485375474290834,949400
2005-05-24,17.289819717407227,17.341278694297632,17.2126341965105,17.341278694297632,1132300
2005-05-25,17.18691062927246,17.23836765799299,17.083994608871585,17.21778406132085,1062200
2005-05-26,17.258953094482422,17.31041012868831,17.15603706311062,17.21264097851311,829900
2005-05-27,17.356714248657227,17.392734548599297,17.20234125419706,17.23836155413913,1007900
2005-05-31,17.33098793029785,17.449340639750154,17.2743840338295,17.377300030775654,855400
2005-06-01,17.531681060791016,17.608868584533216,17.279538814092337,17.289828651828376,1213900
2005-06-02,17.4802188873291,17.52653099538315,17.34128256316696,17.52653099538315,914500
2005-06-03,17.289819717407227,17.495651699050345,17.22292599188858,17.439047805950523,953100
2005-06-06,17.315549850463867,17.346423273038223,17.18175847611093,17.289819381039614,717600
2005-06-07,17.238367080688477,17.44934403211284,17.217783484705674,17.35157489563415,935300
2005-06-08,17.238367080688477,17.356719813149976,17.197199888722867,17.294970988161314,613200
2005-06-09,17.22808074951172,17.346433519528915,17.17662370618611,17.346433519528915,829000
2005-06-10,17.176626205444336,17.238375059011812,17.078855060755117,17.238375059011812,762100
2005-06-13,17.171470642089844,17.289823369498283,17.109721819737544,17.109721819737544,786100
2005-06-14,17.19720458984375,17.284683915204614,17.114872146365443,17.114872146365443,717300
2005-06-15,17.29497528076172,17.310412000100328,17.18691431947097,17.289828399008687,718100
2005-06-16,17.325843811035156,17.382447716521185,17.222929760652946,17.279533666138974,697900
2005-06-17,17.475080490112305,17.536831306133802,17.2641034427738,17.4442070450622,1648900
2005-06-20,17.54197883605957,17.59858277768772,17.315565032507905,17.367022090554805,797800
2005-06-21,17.45964241027832,17.51624633908399,17.392746679602478,17.495662735343657,580900
2005-06-22,17.603717803955078,17.634593199205945,17.521385379579275,17.5574056925587,687600
2005-06-23,17.39789390563965,17.624307662373695,17.341289975716006,17.588287336596927,791800
2005-06-24,17.39274024963379,17.562551973272658,17.37215665350306,17.403032047699153,1463400
2005-06-27,17.444202423095703,17.52138797823074,17.341286386622194,17.341286386622194,734800
2005-06-28,17.629444122314453,17.66546639376621,17.50594648261549,17.531674993972807,791000
2005-06-29,17.6500301361084,17.74780124081242,17.619156703431223,17.66546881540685,568500
2005-06-30,17.43390655517578,17.75294442713619,17.43390655517578,17.66546709246949,1203000
2005-07-01,17.55225944519043,17.629444983030787,17.428759836502298,17.50594733730234,729200
2005-07-05,17.752944946289062,17.778673459416375,17.52138440222378,17.572843391438134,618200
2005-07-06,17.521394729614258,17.75295541016511,17.516249809140188,17.70149835358087,566800
2005-07-07,17.577991485595703,17.577991485595703,17.22807814754023,17.30526566383132,829900
2005-07-08,17.794113159179688,17.845570188388344,17.48536509504822,17.567697519557978,1195000
2005-07-11,17.93819236755371,17.93819236755371,17.74779902562223,17.804400966118905,1065300
2005-07-12,18.01024055480957,18.077136283642073,17.8713041778315,17.907324501904284,1373500
2005-07-13,18.087421417236328,18.2881065667901,18.0102339152727,18.0102339152727,1333200
2005-07-14,18.169754028320312,18.252086448568978,18.092566525542303,18.20062745906373,1063800
2005-07-15,17.902172088623047,18.20577323797594,17.78896428152073,18.128585739868065,1962800
2005-07-18,17.629444122314453,17.783819116377543,17.54711170819528,17.675756227941463,1196000
2005-07-19,17.783832550048828,17.783832550048828,17.624312518398796,17.62945743937283,1016900
2005-07-20,17.84042739868164,17.953635244452197,17.66032579219238,17.706637914283945,1787200
2005-07-21,17.732362747192383,17.855862368073858,17.69119751553848,17.824986972113518,715700
2005-07-22,17.624298095703125,17.783817996811393,17.60886138245246,17.783817996811393,1547800
2005-07-25,17.598567962646484,17.72206558317914,17.598567962646484,17.629441386300005,1866100
2005-07-26,17.66546058654785,17.732354301494794,17.54710593988399,17.624293411541476,837100
2005-07-27,17.619163513183594,17.71693269271524,17.588288105613305,17.696349087668384,950300
2005-07-28,17.68671989440918,17.863431257282834,17.62435176123236,17.743891509257598,989400
2005-07-29,17.484024047851562,17.697117012234152,17.44764246729703,17.650340411142977,1104000
2005-08-01,17.47882652282715,17.56718121833177,17.437246443073917,17.525603121225867,924600
2005-08-02,17.561981201171875,17.587967754517212,17.458033005143605,17.53599464782654,787900
2005-08-03,17.567174911499023,17.603556476898003,17.447635199095714,17.47882024771482,943300
2005-08-04,17.364486694335938,17.53080308069764,17.317710086756225,17.494421495096503,643200
2005-08-05,17.099416732788086,17.32290469851487,17.026651595280423,17.27612810144072,837900
2005-08-08,17.125404357910156,17.218957557889123,17.10981083614873,17.151390917316004,465200
2005-08-09,17.23973846435547,17.302108560233723,17.140988786518097,17.1877653671035,739800
2005-08-10,17.265735626220703,17.49961666341084,17.229354043429012,17.343695311068227,880300
2005-08-11,17.380081176757812,17.400871224232713,17.177383170497666,17.322911520173914,873700
2005-08-12,17.23455047607422,17.400866848756795,17.156588808970955,17.38007680650958,662200
2005-08-15,17.338497161865234,17.395668781634097,17.089022625039874,17.26053550169908,1655000
2005-08-16,17.13060188293457,17.400866478454226,17.125405363807133,17.36448489661961,850200
2005-08-17,17.182571411132812,17.260531068628993,17.05263666599231,17.06822820096217,592400
2005-08-18,17.120201110839844,17.16697769786318,17.042241454232173,17.151386163071017,558500
2005-08-19,17.192970275878906,17.25013991111003,17.130600156749356,17.22935185404749,650800
2005-08-22,17.296918869018555,17.354090494697132,17.192972621582136,17.255340766573504,905100
2005-08-23,17.089021682739258,17.307311146932047,17.07342816197744,17.2917196088175,792700
2005-08-24,16.96428680419922,17.172183272765913,16.9590902846765,17.063038518959846,721900
2005-08-25,17.000669479370117,17.016263004233902,16.886328198706497,16.933104808002273,734200
2005-08-26,16.720006942749023,16.979876509028475,16.673232324160274,16.96428496949889,1078800
2005-08-29,16.86033058166504,16.917502182565947,16.60565961011136,16.642041177476173,996700
2005-08-30,17.011064529418945,17.03185457417264,16.797971527313063,16.886328226192365,1269000
2005-08-31,17.0058650970459,17.0058650970459,16.714810468285012,16.97987655423081,1700000
2005-09-01,16.84474754333496,17.031853974231865,16.80316943793994,16.96948582481547,2445700
2005-09-02,16.90711784362793,16.97988102431174,16.808368095935325,16.891526299952247,940700
2005-09-06,17.047443389892578,17.15139161438806,16.839548923549085,16.98507524825428,764400
2005-09-07,16.979875564575195,17.021455644537916,16.792771152684953,16.97467904590352,889300
2005-09-08,16.792766571044922,16.933096328661357,16.740791485272098,16.875924725634647,1156300
2005-09-09,16.92270851135254,17.016261722899483,16.834351819270363,16.86553688400189,785700
2005-09-12,16.90711784362793,16.985079527302283,16.860341229952912,16.865539732943457,739200
2005-09-13,16.72520637512207,16.8863262289348,16.688824792430093,16.8863262289348,911200
2005-09-14,16.652448654174805,16.730408364297208,16.47053968991689,16.730408364297208,1314900
2005-09-15,16.74600601196289,16.74600601196289,16.548504462300592,16.63166269647703,1119400
2005-09-16,16.969484329223633,16.969484329223633,16.70961474980304,16.891522662338435,2072600
2005-09-19,16.71480369567871,16.89151500892409,16.66283059640222,16.89151500892409,868900
2005-09-20,16.68882179260254,16.964282864226778,16.64724171548715,16.730399887070725,1106700
2005-09-21,16.40816879272461,16.63685336052306,16.345800634715577,16.631656840125636,995900
2005-09-22,16.402971267700195,16.496524495961868,16.189878243914826,16.33540559802454,938600
2005-09-23,16.506919860839844,16.5796830437378,16.27823429717253,16.43415667794189,811400
2005-09-26,16.27821922302246,16.595260211471803,16.252232679287278,16.506904574919844,773800
2005-09-27,16.21066665649414,16.36139051580173,16.091125881698034,16.29902236413097,1017900
2005-09-28,16.096315383911133,16.29381674568767,15.95078910820569,16.24704015954709,967100
2005-09-29,16.25225067138672,16.257448184152295,15.820867025085763,16.01836755355672,1511500
2005-09-30,16.174283981323242,16.252244661328756,16.033954162519017,16.221059596267484,1155800
2005-10-03,16.132701873779297,16.195070009609488,15.935200463895184,16.059937726879213,1409600
2005-10-04,15.711715698242188,16.215863354127595,15.670136602106428,16.132705161856077,1093700
2005-10-05,15.633748054504395,15.8052618735972,15.607761502738947,15.654538088975476,1171700
2005-10-06,15.64415168762207,15.71691486569774,15.280333814595807,15.607770098584233,1251200
2005-10-07,15.74809741973877,15.753294930716203,15.576583522778902,15.592176055711201,1118500
2005-10-10,15.498623847961426,15.800072564975556,15.488228825331028,15.722111877895404,809400
2005-10-11,15.379082679748535,15.545399061594367,15.311516030046274,15.462240870671451,1149800
2005-10-12,15.368682861328125,15.618157356233313,15.254340632327462,15.363485352102161,953700
2005-10-13,15.503817558288574,15.540199137251573,15.155592316134092,15.316711162108948,1474200
2005-10-14,16.59527015686035,16.600467666986827,16.065136019844214,16.111912619658796,3779600
2005-10-17,16.32500457763672,16.662835775885462,16.158688229078123,16.37178117458428,2357200
2005-10-18,16.054737091064453,16.30421255978197,16.02355302922106,16.25223846249401,2134300
2005-10-19,16.44454002380371,16.44973753225083,15.914407049401392,16.05473581218012,1709100
2005-10-20,16.366586685180664,16.62645627559253,16.22625686844054,16.465337407107842,1296800
2005-10-21,16.538101196289062,16.605667847474955,16.226257477818745,16.553693729175926,1576900
2005-10-24,17.047443389892578,17.14619509535465,16.61086243312953,16.62645496420097,1536500
2005-10-25,16.7979679107666,17.021455887133115,16.66283661425649,16.943494227415545,1165600
2005-10-26,16.792766571044922,17.031846017659532,16.735594968018212,16.803161588199487,894800
2005-10-27,16.72520637512207,16.834351123198005,16.652443209738113,16.71481135397471,1288400
2005-10-28,17.035131454467773,17.07190154364082,16.86178503080664,16.86178503080664,1302000
2005-10-31,17.09816551208496,17.250499882854992,17.024625334146204,17.113925552942952,1391800
2005-11-01,17.09816551208496,17.166453678950763,17.02987734521916,17.108671538050434,973500
2005-11-02,17.334537506103516,17.355549547633434,17.08239901920024,17.08239901920024,1218800
2005-11-03,17.19271469116211,17.397577151587758,17.113922516131815,17.387071127486546,1294000
2005-11-04,17.276762008666992,17.35030217835991,17.098163594918763,17.224233888549005,1424900
2005-11-07,17.555156707763672,17.5866747678629,17.282008202177447,17.32928429041707,1131700
2005-11-08,17.528892517089844,17.560410576932842,17.39757027347163,17.39757027347163,954700
2005-11-09,17.56041717529297,17.649715372674482,17.497383035740185,17.56041717529297,880100
2005-11-10,17.76003074645996,17.833570922847116,17.54466222826063,17.581432316454208,1294200
2005-11-11,17.859830856323242,17.859830856323242,17.607692308221672,17.81780676306345,662000
2005-11-14,17.76527976989746,17.82831390994058,17.64446349989016,17.82831390994058,602000
2005-11-15,17.602445602416992,17.859838270943694,17.570929523207113,17.81256214830899,1527100
2005-11-16,17.576181411743164,17.723263794362936,17.434353044834744,17.702251739157273,734800
2005-11-17,17.81780242919922,17.859826512237397,17.518387850917197,17.544653904725344,832600
2005-11-18,17.83881950378418,18.017417899449264,17.744267294089777,18.017417899449264,1265200
2005-11-21,17.93862533569336,17.980647425851892,17.781036987096368,17.80730304774193,844000
2005-11-22,17.93336296081543,17.96488101660372,17.739006626333026,17.807294745298577,1090100
2005-11-23,17.97014045715332,18.027922581423745,17.786290065219223,17.786290065219223,784400
2005-11-25,18.054189682006836,18.075201731434472,17.922867378813088,18.033179636398522,301000
2005-11-28,18.033170700073242,18.122468860160073,17.980640602535402,18.043674715762478,791300
2005-11-29,17.928119659423828,18.159246169319843,17.907107612028064,18.11197006458894,1117000
2005-11-30,17.696990966796875,17.959635545131274,17.665474899840977,17.87558936021703,1073600
2005-12-01,17.964879989624023,17.970131996712755,17.749511630261164,17.77577567334092,1223300
2005-12-02,18.001663208007812,18.043685306885514,17.8966049550843,17.901858969831203,1015900
2005-12-05,17.796791076660156,17.949123356872718,17.7022389006284,17.90184927267526,669400
2005-12-06,17.807308197021484,17.970146598724476,17.770538106067924,17.796802170489084,964600
2005-12-07,17.60769271850586,17.833567215492785,17.46586440617785,17.833567215492785,956500
2005-12-08,17.576181411743164,17.712757766760106,17.46587112764324,17.586687439345994,786800
2005-12-09,17.7547664642334,17.91235275162059,17.62344422410768,17.62344422410768,857200
2005-12-12,17.712749481201172,17.849323768512374,17.607691258136203,17.807301681577748,595500
2005-12-13,17.959630966186523,18.038425121125318,17.63920634552131,17.68648043390227,717900
2005-12-14,18.048933029174805,18.08570310430584,17.85457663150808,17.859828640604455,896100
2005-12-15,18.01741600036621,18.090956154861836,17.89659974600641,18.08045013224547,870900
2005-12-16,18.353595733642578,18.390365800923004,18.11721730221652,18.201263456545835,2400600
2005-12-19,18.164499282836914,18.316831609358715,18.127727199807204,18.311579599679632,815600
2005-12-20,18.22228240966797,18.295824584036396,18.111972153844373,18.1434902285737,757100
2005-12-21,18.243289947509766,18.385118242985346,18.18550782670651,18.259047979067432,867700
2005-12-22,18.238046646118164,18.332598888246366,18.190770525054063,18.327344872672676,1617100
2005-12-23,18.306325912475586,18.348350005933423,18.269555832609512,18.280061855973972,487400
2005-12-27,18.14873695373535,18.38511743581675,18.14873695373535,18.269553199283894,587700
2005-12-28,18.132986068725586,18.222284283914366,18.10146799075448,18.106722005659446,622100
2005-12-29,18.033170700073242,18.211767020246903,17.99639862988759,18.122468860160073,664400
2005-12-30,17.943883895874023,18.033184126265613,17.796803520899424,17.922871841214842,1163000
2006-01-03,18.117216110229492,18.143480156013467,17.70223737386069,17.964881839336908,1584300
2006-01-04,18.14873695373535,18.180255019285795,18.04367873905264,18.080448813618773,824100
2006-01-05,18.31682586669922,18.34834392634933,18.148733556202114,18.185503623884706,1638100
2006-01-06,18.33784294128418,18.36410699629443,18.180256607403713,18.358854986819964,998700
2006-01-09,18.448148727416992,18.46916076788751,18.238034334167228,18.33783852067448,1258500
2006-01-10,18.416641235351562,18.463917346487165,18.301076962838,18.343099059503313,1148700
2006-01-11,18.259052276611328,18.332594450100377,17.865085364392716,17.87033937869446,1911700
2006-01-12,17.98589515686035,18.253791649022023,17.9333650577376,18.253791649022023,1355900
2006-01-13,18.232786178588867,18.232786178588867,17.97539561351473,18.038429751354645,1155000
2006-01-17,18.059436798095703,18.117218910040965,17.970136624047967,18.11196489778127,939100
2006-01-18,18.18025779724121,18.217027877425835,17.985901372862614,18.01741743940996,1176900
2006-01-19,18.31682586669922,18.463908141247988,18.054181381070194,18.18025161585222,2337200
2006-01-20,17.665470123291016,18.364103470771763,17.665470123291016,18.353597450020807,2069400
2006-01-23,17.618196487426758,17.75477076858763,17.59718444299621,17.649712550253735,1457200
2006-01-24,17.64445686340332,17.717996999763347,17.612938803326838,17.623444823352333,1429700
2006-01-25,17.62343978881836,17.702233914591023,17.5288876394183,17.660209846494173,1183700
2006-01-26,17.807308197021484,17.84407828797504,17.691743908984776,17.807308197021484,1241300
2006-01-27,17.91236114501953,18.012167376726172,17.660222566288915,17.765280808381497,1295600
2006-01-30,17.721288681030273,17.949505502840505,17.70005873839705,17.89643267085621,1210400
2006-01-31,17.60983657836914,17.80620850919295,17.60983657836914,17.700060808212864,1855700
2006-02-01,17.784988403320312,17.80091188326607,17.503698561013405,17.503698561013405,1610800
2006-02-02,17.705371856689453,17.790289624783437,17.62045408859547,17.753138227779775,1039500
2006-02-03,17.583303451538086,17.74252402052087,17.55145852790178,17.567379977420245,907600
2006-02-06,17.66822052001953,17.737214814919483,17.524921406259228,17.546151354505042,768200
2006-02-07,17.583303451538086,17.71598759645697,17.455925781592235,17.646991274211324,1255700
2006-02-08,17.74783706665039,17.758452045126035,17.509007137048858,17.562080004826946,756600
2006-02-09,17.806201934814453,17.92296456524153,17.646981454430968,17.747820619600915,850900
2006-02-10,17.94951057434082,18.01319839563624,17.673527315928208,17.81682643229241,946100
2006-02-13,17.938888549804688,17.98665490315328,17.869892256168157,17.949503519948657,645200
2006-02-14,18.241418838500977,18.331645125477188,17.928284121230124,17.938899097615547,1000600
2006-02-15,18.342260360717773,18.437793124935034,18.188346237856656,18.204267690359615,1597900
2006-02-16,18.51738929748535,18.51738929748535,18.321017432159476,18.469622949206265,923100
2006-02-17,18.506776809692383,18.53862172101403,18.443089011647682,18.522700277652504,830400
2006-02-21,18.368791580200195,18.575778502434307,18.34756163315075,18.549242080922095,1203800
2006-02-22,18.687238693237305,18.703162170941454,18.411255366696757,18.416563867464752,1363900
2006-02-23,18.538631439208984,18.70316053038793,18.538631439208984,18.68193057837781,1080200
2006-02-24,18.61823844909668,18.681926265825627,18.453709395897764,18.533318660659155,819500
2006-02-27,18.708459854125977,18.809299050725244,18.602312159253714,18.671308464610515,656800
2006-02-28,18.459016799926758,18.697848655436307,18.36348405772294,18.602315913232488,1392300
2006-03-01,18.549240112304688,18.57577653100061,18.443092412922034,18.46432235771836,834300
2006-03-02,18.379404067993164,18.448398349673912,18.257334925866942,18.283871343790224,938400
2006-03-03,18.273265838623047,18.437794954344067,18.236114429363457,18.2626508610346,814200
2006-03-06,18.198959350585938,18.310413555891824,18.050351718911877,18.28387712957131,897400
2006-03-07,18.336944580078125,18.35817452471993,18.129957681317887,18.172417570601503,650100
2006-03-08,18.453716278076172,18.522712619613742,18.236114300549932,18.27857218600386,869100
2006-03-09,18.315715789794922,18.517396227405207,18.299794342609584,18.44309344107486,866300
2006-03-10,18.522703170776367,18.575776006670147,18.289177833806356,18.31040777800343,730100
2006-03-13,18.628849029541016,18.681923890566416,18.559854747106392,18.575776193114546,1530700
2006-03-14,18.87299156188965,18.904834457652985,18.575778378970423,18.628851221642098,1108900
2006-03-15,18.968534469604492,19.05345227817294,18.740317479464238,18.84115674445169,1183600
2006-03-16,19.053438186645508,19.106511018524127,18.94729049828951,19.064051133342225,1274300
2006-03-17,19.117136001586914,19.170208861260132,19.048139664331874,19.133057454568913,1908100
2006-03-20,19.271047592163086,19.276354067591914,19.0799820831324,19.186129813104955,1505100
2006-03-21,19.17551040649414,19.2179682739121,19.079977674054884,19.21266179970951,1742600
2006-03-22,19.17020034790039,19.207351738092918,19.037516233041668,19.207351738092918,1190400
2006-03-23,19.07997703552246,19.17020126614059,19.00567425157835,19.17020126614059,879900
2006-03-24,19.04282569885254,19.07466859229305,18.931369498013673,18.995059334092748,570400
2006-03-27,18.989755630493164,19.04813698267448,18.957912729012108,18.99506413047303,603200
2006-03-28,18.841140747070312,19.010976220005595,18.76683798073594,18.952594896571867,887100
2006-03-29,18.825231552124023,18.91014934384035,18.681932398990252,18.91014934384035,999900
2006-03-30,18.63946533203125,18.88360566097435,18.597007464779676,18.798685877273044,1472700
2006-03-31,18.665996551513672,18.814604106987602,18.639460138799993,18.665996551513675,1166400
2006-04-03,18.66069221496582,18.89952400592588,18.65538574165504,18.79868279163233,1342100
2006-04-04,18.86238670349121,18.947304512063024,18.655399671634935,18.68193610720108,1168700
2006-04-05,18.708459854125977,18.92606171754462,18.64477204704217,18.920755243870506,1172000
2006-04-06,18.66069221496582,18.67661365949691,18.501471695858694,18.65538574165504,1314100
2006-04-07,18.5014705657959,18.81460511157323,18.474934151665334,18.708457430452356,1342000
2006-04-10,18.81991958618164,18.851764511436922,18.522708382196942,18.522708382196942,1260300
2006-04-11,18.607624053955078,18.85706885414706,18.538627736004454,18.846453880262402,1297200
2006-04-12,18.687238693237305,18.719083624045773,18.501481658354162,18.597014426179733,1033100
2006-04-13,18.766843795776367,18.80399519045518,18.60762324363873,18.634159664895144,1100900
2006-04-17,18.883602142333984,19.053437628892468,18.724379602161545,18.803990872247766,1879900
2006-04-18,19.02690887451172,19.069368780064305,18.501480703196687,18.575783513313986,1978500
2006-04-19,18.87830352783203,19.048139103303914,18.819922169151113,19.00037272116496,1373500
2006-04-20,18.89421844482422,18.973829729051474,18.75092137257366,18.772149293715078,1536000
2006-04-21,18.95259666442871,18.989748051061294,18.851757475654367,18.973826606675537,1280300
2006-04-24,18.93668556213379,19.010988375978734,18.804001387525002,18.93137706137353,1067500
2006-04-25,18.835847854614258,18.947302084472334,18.72439160015619,18.941993583279093,949100
2006-04-26,19.03221321105957,19.079979582055845,18.92075902026803,18.92075902026803,1425800
2006-04-27,19.348434448242188,19.44490880426893,18.892862690547307,18.892862690547307,1227000
2006-04-28,19.568178176879883,19.627134946035785,19.278757197153094,19.28411597409711,1497800
2006-05-01,19.28411293029785,19.62713184809451,19.230516991099886,19.53601834254716,1286300
2006-05-02,19.289478302001953,19.38059182904612,19.19836273040328,19.284117480084937,863300
2006-05-03,19.26803970336914,19.28411808051178,19.101888976195085,19.23052212699993,861800
2006-05-04,19.343074798583984,19.439549150262074,19.343074798583984,19.402031574004436,755300
2006-05-05,19.477069854736328,19.546746240928925,19.418113069846815,19.444911050827077,1022200
2006-05-08,19.519939422607422,19.648572548926207,19.482421853379893,19.482421853379893,802900
2006-05-09,19.557458877563477,19.611054820437783,19.519939264086467,19.53601968259209,661800
2006-05-10,19.482425689697266,19.578900042294737,19.391312159218863,19.530662865996003,643200
2006-05-11,19.22516441345215,19.423473971530928,19.101892064799202,19.402034768837833,907000
2006-05-12,19.123329162597656,19.33235625446058,19.091170362097714,19.235881897515437,898600
2006-05-15,19.364511489868164,19.47170542724508,19.080447249136196,19.214439159718765,1869800
2006-05-16,19.38594627380371,19.48242060120365,19.26267397647136,19.48242060120365,1088100
2006-05-17,19.23051643371582,19.38594547070653,19.18763804795703,19.24123603015552,2228500
2006-05-18,19.064367294311523,19.305553122284596,18.96253418674695,18.96253418674695,1346800
2006-05-19,19.166208267211914,19.294841443103458,19.11797108182196,19.268043461121252,1449800
2006-05-22,19.176923751831055,19.31091567753039,19.064371024936705,19.134047398775625,1084000
2006-05-23,19.107254028320312,19.278763570993203,19.09117360306315,19.214445959074602,1197900
2006-05-24,19.042924880981445,19.246593106239807,18.855337071239394,19.080442442929858,2104500
2006-05-25,18.458724975585938,19.61641500812174,18.410487805707184,19.61641500812174,7443900
2006-05-26,18.426565170288086,18.646311786734646,18.31937125004621,18.490880704611623,2646900
2006-05-30,18.10498046875,18.426562177240747,18.10498046875,18.362244608810414,2107600
2006-05-31,18.142505645751953,18.255060415487833,17.901321818807425,18.212182018530452,3218700
2006-06-01,18.389049530029297,18.415847501756744,18.153222471897728,18.169302890577544,2661200
2006-06-02,18.405132293701172,18.490887050413654,18.35689511526573,18.41049107150303,2441300
2006-06-05,18.190738677978516,18.405126524839822,18.185379901856297,18.372967734444416,1605400
2006-06-06,18.131792068481445,18.222905615170927,18.019237274055396,18.222905615170927,2568900
2006-06-07,18.222898483276367,18.36760998128418,18.131784972245978,18.212178885880885,1615300
2006-06-08,18.260417938232422,18.303296332243807,18.01387330633003,18.163943596261163,1466500
2006-06-09,18.276500701904297,18.39441426919234,18.13179119875696,18.22290474107601,1105200
2006-06-12,18.18001937866211,18.35153088569004,18.14250181153058,18.276493706872916,979800
2006-06-13,18.040674209594727,18.2818601036845,18.003156631020172,18.180024923649547,1492400
2006-06-14,17.831645965576172,18.137147396857944,17.59046008704989,17.99779669179529,1806300
2006-06-15,18.099634170532227,18.099634170532227,17.788771842488778,17.85844823404249,1112100
2006-06-16,18.099634170532227,18.15323013661659,18.024599000192097,18.07819496627646,1579700
2006-06-19,17.97635841369629,18.19074428204999,17.94956043572141,18.115709125898462,1766600
2006-06-20,18.003150939941406,18.158582027504465,17.94955500022162,18.019229312946536,1395300
2006-06-21,17.97099494934082,18.09426726554597,17.928118599795464,17.954916573830605,881700
2006-06-22,17.88524055480957,17.976356121772838,17.80484663113488,17.917399351012087,926500
2006-06-23,17.62797737121582,17.78340849530872,17.547583442741733,17.756610519150694,1241700
2006-06-26,17.7083683013916,17.71372707727537,17.569015593766405,17.66013114022195,947600
2006-06-27,17.52078628540039,17.767333022188435,17.504707905988834,17.71909583939891,825200
2006-06-28,17.6494140625,17.713729605052823,17.55293972639365,17.633335688000354,1049800
2006-06-29,17.86380386352539,17.895960616004487,17.579739601115133,17.64941597241061,1548800
2006-06-30,17.751251220703125,17.944199936888165,17.74053162040899,17.944199936888165,1440600
2006-07-03,18.008508682250977,18.024589098887,17.761964102407212,17.874516796089722,988700
2006-07-05,17.783401489257812,17.949552147267163,17.724444738204376,17.917393361814273,1345400
2006-07-06,17.804845809936523,17.81020458677925,17.71909106857274,17.783406613457,1136800
2006-07-07,17.83700942993164,18.008518978715205,17.740535053171495,17.804852667381656,1143600
2006-07-10,17.87451934814453,17.944195711371606,17.826282180457206,17.863801794928875,893100
2006-07-11,17.94420051574707,17.954920116387008,17.69229501209546,17.8477261545424,923300
2006-07-12,17.542226791381836,17.95492226490689,17.51006798561384,17.95492226490689,1118300
2006-07-13,17.392152786254883,17.617258245499947,17.349274387605586,17.51542511553974,1413700
2006-07-14,18.29258155822754,18.303301159557574,17.831648923810537,18.169309209764485,6409000
2006-07-17,18.98397445678711,19.032211630309423,18.287216873896046,18.31401484928523,5717700
2006-07-18,19.01613426208496,19.144767413148486,18.887503155576006,19.000055884909983,3343700
2006-07-19,19.418107986450195,19.434186361918275,19.069730235797554,19.080447789740035,3140400
2006-07-20,19.251964569091797,19.434193723456477,19.23052740853223,19.434193723456477,2131000
2006-07-21,19.198366165161133,19.375236518085146,18.91966266769458,18.91966266769458,2470800
2006-07-24,19.444900512695312,19.460980928212628,19.230514736484334,19.251951882917783,1692600
2006-07-25,19.418107986450195,19.428827584947033,19.262676875077574,19.391310012485278,1808200
2006-07-26,19.7075252532959,19.755762410158695,19.35914555989193,19.391304345985052,2472300
2006-07-27,19.439558029174805,19.7504183808011,19.39132083130368,19.7504183808011,2173200
2006-07-28,19.791318893432617,19.877909214172536,19.553196027516858,19.656021388246735,1974100
2006-07-31,19.639789581298828,19.74802801616063,19.455784861376692,19.61814148143118,2231000
2006-08-01,19.796741485595703,19.829211581216065,19.52073328596011,19.683089957493177,1939400
2006-08-02,19.883325576782227,19.883325576782227,19.704731849290912,19.82379433428512,1518700
2006-08-03,19.937448501586914,19.953683548135903,19.78591589519124,19.867093192413098,2160800
2006-08-04,20.04568099975586,20.21886165968874,19.932031578764217,19.980736703923796,2132300
2006-08-07,19.932035446166992,20.024036786398923,19.877915189139348,20.024036786398923,1299900
2006-08-08,19.693906784057617,20.10521240311913,19.688495791598847,20.024033064903314,1709900
2006-08-09,19.618139266967773,19.969913624441816,19.59649116954373,19.915793380881702,1574900
2006-08-10,19.780494689941406,19.84543691386732,19.536958769624125,19.618138097888576,1856200
2006-08-11,19.72638702392578,19.780505228617848,19.56403034537241,19.780505228617848,1186700
2006-08-14,19.515321731567383,19.91580137222628,19.43955336018067,19.91580137222628,1865800
2006-08-15,19.89955711364746,19.96991239370153,19.66684524187144,19.758846553539318,1898200
2006-08-16,19.91038703918457,20.024036480491333,19.80214859125955,20.024036480491333,1191000
2006-08-17,19.948261260986328,19.964496298344322,19.720960415595627,19.921202177231084,1702600
2006-08-18,19.87250328063965,20.02403586438627,19.818383026103984,20.02403586438627,1399300
2006-08-21,19.82921028137207,19.888741538743126,19.753443977255078,19.818386228715795,1079100
2006-08-22,19.969924926757812,19.996984031614325,19.82921427834015,19.8887455477109,1600900
2006-08-23,19.92121124267578,19.98615348613645,19.807559736023734,19.98615348613645,2054600
2006-08-24,20.04568099975586,20.051091992170377,19.861676290517636,19.9049704232627,2234600
2006-08-25,19.850849151611328,19.969911610962832,19.840025103990648,19.937439468100788,1394800
2006-08-28,19.69932746887207,19.867095138248335,19.661444313562775,19.753445672320453,2227700
2006-08-29,19.553192138671875,19.731783736470405,19.499071908675592,19.731783736470405,1747900
2006-08-30,19.542381286621094,19.607323541986414,19.38543561038425,19.536968227729023,1177900
2006-08-31,19.477428436279297,19.601901884886146,19.417897207711682,19.601901884886146,1217700
2006-09-01,19.553192138671875,19.585662212193963,19.45036473391678,19.47201282591529,1546400
2006-09-05,19.618139266967773,19.661435461815866,19.40166242167972,19.50990084432375,1611000
2006-09-06,19.645204544067383,19.829209301174483,19.520731041388586,19.536966087331997,2283800
2006-09-07,19.520721435546875,19.645194876974237,19.466603266048313,19.639783885814715,1241100
2006-09-08,19.56402015686035,19.62896238156578,19.401661498382627,19.61813833336886,1490200
2006-09-11,19.553192138671875,19.639782442190246,19.41248160515722,19.526133055911572,1706800
2006-09-12,19.693906784057617,19.731789924697974,19.46660794021546,19.639788601564625,1905400
2006-09-13,19.82921028137207,19.904976585489067,19.63438146251297,19.672264614571468,1994000
2006-09-14,19.926620483398438,19.969916684881778,19.8021470008486,19.834619151961107,1602400
2006-09-15,20.018619537353516,20.024030529127057,19.89414401732541,19.980734337034484,1624200
2006-09-18,19.82379722595215,19.96991882490237,19.720969768648253,19.96991882490237,1334300
2006-09-19,19.748029708862305,19.80214789869373,19.645202257915347,19.780499796970517,1090800
2006-09-20,19.850849151611328,19.95367450729381,19.72637570068748,19.775082882742552,1619500
2006-09-21,19.71556282043457,19.883332556869945,19.585676239891512,19.883332556869945,1350600
2006-09-22,19.62354850769043,19.775083111658134,19.55319529405558,19.775083111658134,1287500
2006-09-25,19.748029708862305,19.77508880377802,19.536963813775888,19.753440702054803,2267400
2006-09-26,20.040271759033203,20.040271759033203,19.63979218085572,19.78050071966699,2482300
2006-09-27,20.034860610961914,20.121450956749026,19.94285720729497,20.040271604365056,1645800
2006-09-28,20.08356475830078,20.13768294201706,19.9320321923141,20.024033517527048,1157500
2006-09-29,19.91038703918457,20.159334024278436,19.883327943322485,20.159334024278436,1580600
2006-10-02,19.877910614013672,20.02403217764172,19.74802615599512,19.959089948632442,1519500
2006-10-03,19.996973037719727,20.18097773985061,19.861675523343376,19.861675523343376,2709200
2006-10-04,20.27297592163086,20.29462401605554,19.92661466873966,19.92661466873966,2429500
2006-10-05,20.462406158447266,20.505700309283558,20.18639794701685,20.27298831316661,2635200
2006-10-06,20.500276565551758,20.505687556862277,20.256740667060637,20.4353322829702,1652200
2006-10-09,20.4136905670166,20.456984700077214,20.327100236419053,20.456984700077214,1957900
2006-10-10,20.42452049255371,20.44616653307344,20.33793013704404,20.41369644005539,1740100
2006-10-11,20.494874954223633,20.494874954223633,20.262162972881704,20.31628323858741,2036900
2006-10-12,20.565223693847656,20.57063468645011,20.429926169546025,20.505692452838716,2110600
2006-10-13,21.036062240600586,21.187596898605396,20.79793929870268,20.998179092218574,4765500
2006-10-16,20.916990280151367,21.04146370833934,20.770868760676194,21.025226607636135,2982200
2006-10-17,20.933231353759766,20.99276258973124,20.738402604935388,20.75463764584535,2591600
2006-10-18,20.754636764526367,20.88993427163404,20.57063207228089,20.835816094581418,2527100
2006-10-19,20.597692489624023,20.695106856420423,20.467805979070143,20.68969380022282,1829600
2006-10-20,20.532751083374023,20.673461661592324,20.473221908179262,20.673461661592324,1564900
2006-10-23,20.570634841918945,20.603106991208254,20.42451533130806,20.45698541612097,1746500
2006-10-24,20.608530044555664,20.624765094836977,20.500291558899647,20.511115613912988,1670700
2006-10-25,20.554397583007812,20.662636004490437,20.440748169465337,20.613928818047064,1293400
2006-10-26,20.635587692260742,20.651822741395296,20.478642002369202,20.597704534628612,1031700
2006-10-27,20.532751083374023,20.63016546384013,20.48404389314097,20.61934141440208,1487100
2006-10-30,20.6911563873291,20.740317083727472,20.592834994532364,20.641995690930734,1697500
2006-10-31,20.729394912719727,20.800405279672546,20.669309377890315,20.729394912719727,1631200
2006-11-01,20.631080627441406,20.84410971812112,20.620155791547653,20.756713114670486,1192200
2006-11-02,20.407115936279297,20.56552284763127,20.341569039191626,20.56552284763127,1498900
2006-11-03,20.286954879760742,20.549144680936887,20.286954879760742,20.549144680936887,4455600
2006-11-06,20.57099151611328,20.647463270451777,20.31972658508708,20.347037628250966,1918600
2006-11-07,20.54913902282715,20.581913520337103,20.428970032688124,20.538214190323828,1929600
2006-11-08,20.40165138244629,20.663843124096516,20.39072863660086,20.554596912358615,2806300
2006-11-09,20.325185775756836,20.494517559092163,20.281488528130858,20.467206518863577,3060600
2006-11-10,20.368885040283203,20.374346414831486,20.210478090298555,20.374346414831486,2205900
2006-11-13,20.22139549255371,20.428963071995472,20.19954583499183,20.40164995819411,2118000
2006-11-14,20.20501136779785,20.297869296432236,19.811725826056346,20.292407923329492,3750400
2006-11-15,20.057533264160156,20.226862951976095,19.986522897563884,20.134005004941375,2575400
2006-11-16,20.243253707885742,20.34703649963145,20.166779874090107,20.243253707885742,2896200
2006-11-17,20.226865768432617,20.226865768432617,20.008375347734177,20.12308297487828,2567300
2006-11-20,20.2159366607666,20.232324949535894,19.849964189529082,19.849964189529082,1734700
2006-11-21,19.95921516418457,20.237791135115337,19.904590994796866,20.215941467360256,2312800
2006-11-22,20.101234436035156,20.13400893864417,19.920979880933242,20.01383784611018,2732700
2006-11-24,20.095773696899414,20.17770683046688,19.910055676967705,19.948291556039017,969300
2006-11-27,19.844505310058594,20.068459170202306,19.800805979445787,20.057534337549104,3175000
2006-11-28,19.970134735107422,20.008370601752585,19.828114015826724,19.904585749117043,3070000
2006-11-29,20.134002685546875,20.161313720722756,19.9810592216032,20.090303362306727,2422300
2006-11-30,20.01929473876953,20.183163030667973,19.89912368565143,20.183163030667973,1879900
2006-12-01,20.084842681884766,20.20501374124389,19.964671622525643,20.117617175445933,3862700
2006-12-04,20.128538131713867,20.2104733164762,19.991980879575515,20.128538131713867,2954100
2006-12-05,20.1066951751709,20.205016585999022,20.002910306130776,20.19409175327381,1844500
2006-12-06,20.079389572143555,20.199560693431597,19.997456421564987,20.15039996960463,1356700
2006-12-07,20.04660987854004,20.194091996558992,20.00291054711273,20.08484575168953,1394300
2006-12-08,20.052066802978516,20.062991633410803,19.882737140523925,20.062991633410803,1482400
2006-12-11,19.931900024414062,20.123079368727325,19.9100503611501,19.991983472842108,2258300
2006-12-12,20.057533264160156,20.08484430248221,19.920975988851218,19.964673233426776,2637100
2006-12-13,20.237789154052734,20.270563652477083,20.112156702307594,20.237789154052734,2405400
2006-12-14,20.412578582763672,20.42350341357612,20.194088217609973,20.286946153968152,1938000
2006-12-15,20.363418579101562,20.472664807246225,20.29241030195125,20.43989031369328,4518400
2006-12-18,20.45627212524414,20.478121780694508,20.319714904226085,20.37980041486568,1680600
2006-12-19,20.48386573791504,20.588657998647452,20.36804470608643,20.500410998483616,2286800
2006-12-20,20.472822189331055,20.5003983078493,20.395608215910777,20.417669952294563,1310500
2006-12-21,20.52246856689453,20.54453031244022,20.439740176983985,20.439740176983985,1462100
2006-12-22,20.53350257873535,20.594171336298828,20.46180294671268,20.577626076572127,1350800
2006-12-26,20.7044677734375,20.72101302501041,20.54452332848892,20.56106858006183,999100
2006-12-27,20.875444412231445,20.952660508074917,20.709985557556692,20.709985557556692,2073800
2006-12-28,20.74308204650879,20.925086189486734,20.704475043333954,20.87544831341568,992400
2006-12-29,20.627256393432617,20.814776982606492,20.57210204136771,20.770653500954566,1392200
2007-01-03,20.969207763671875,21.05193614694313,20.709987534123176,20.847870276832282,4077400
2007-01-04,20.86992645263672,20.958171300270404,20.754105484603087,20.958171300270404,4770900
2007-01-05,20.51143455505371,20.85889963048878,20.384582693465184,20.85889963048878,2779200
2007-01-08,20.37906837463379,20.478344110787805,20.186031285923857,20.467313239668076,1995700
2007-01-09,20.43973731994629,20.50040395583125,20.20257884828946,20.434220832369025,2328800
2007-01-10,20.500402450561523,20.544525932245556,20.34597447251423,20.434219331958882,2232000
2007-01-11,20.56658363342285,20.665859343788895,20.43973180438246,20.610705002517207,1878200
2007-01-12,20.43973731994629,20.511434827062214,20.296338097867313,20.456282574830954,1601900
2007-01-16,20.35149574279785,20.489378499581242,20.241189116586362,20.489378499581242,1854700
2007-01-17,20.246700286865234,20.37355215049671,20.02057268579633,20.37355215049671,2099400
2007-01-18,20.53350257873535,20.599685721566335,20.241191769301338,20.307374912132325,3138900
2007-01-19,20.114330291748047,20.527978419356206,20.042630693864144,20.379064840946487,3494900
2007-01-22,19.993000030517578,20.10330665836729,19.82754114070498,20.04815229248047,2856100
2007-01-23,19.827529907226562,19.959896102513724,19.722737723374593,19.855106022584494,3841500
2007-01-24,19.976455688476562,19.976455688476562,19.777904170029846,19.783418554909353,2688900
2007-01-25,19.871662139892578,20.004030511501842,19.810993390568495,19.937847377659157,2514300
2007-01-26,19.92680549621582,19.970926859761647,19.799953683127814,19.85510591354078,2031400
2007-01-29,20.02057647705078,20.026092965688377,19.85511758463032,19.899241078035228,2205500
2007-01-30,19.96542739868164,20.075734045863722,19.91027302312845,20.07021755634625,1962700
2007-01-31,19.99851417541504,20.075730286730973,19.838571776070374,19.97645453324868,2347800
2007-02-01,19.970932006835938,20.07572421712031,19.910263275391987,20.0536624777001,3087600
2007-02-02,20.103296279907227,20.141903264134925,19.97644445974153,20.06468929567953,1741100
2007-02-05,20.285306930541992,20.357006540534915,20.0812410755567,20.136393326982933,2537600
2007-02-06,20.450769424438477,20.500405192085704,20.26876319403722,20.323915449594377,2036300
2007-02-07,20.555561065673828,20.57210632277495,20.406647439992213,20.505923190446623,1794400
2007-02-08,20.61622428894043,20.643800411360484,20.368034979313375,20.483855955831576,3332900
2007-02-09,20.456274032592773,20.654825423990875,20.42869791799252,20.610701957492328,2863400
2007-02-12,20.445253372192383,20.4838603726898,20.33494675480388,20.45628424432361,2037300
2007-02-13,20.58864974975586,20.58864974975586,20.401129157386848,20.516950142811503,1382000
2007-02-14,20.599672317504883,20.676888388475284,20.461789632370518,20.57209620126257,1370400
2007-02-15,20.54452133178711,20.59967356761871,20.483852610018594,20.500397859983487,1608600
2007-02-16,20.63276481628418,20.665857417963334,20.483851264612188,20.483851264612188,2355400
2007-02-20,20.72653579711914,20.74308105370965,20.44525381153784,20.67689792342384,1883200
2007-02-21,20.54452133178711,20.721011011155742,20.456276492102795,20.709980143204834,2299300
2007-02-22,20.64931869506836,20.64931869506836,20.5279833127144,20.599680823766025,2350400
2007-02-23,20.43421173095703,20.676886582103577,20.334936038019375,20.676886582103577,1572600
2007-02-26,20.224634170532227,20.472823460452023,20.11984407208747,20.43973295774479,2454400
2007-02-27,19.58486557006836,20.224641468314168,19.474561049344913,20.224641468314168,2970800
2007-02-28,19.75583267211914,19.871653632741303,19.579342988145473,19.66207344797444,3269100
2007-03-01,19.656558990478516,19.739289458845384,19.02229978071762,19.48006928829086,2776600
2007-03-02,19.496620178222656,19.656564674557295,19.41389178985647,19.628988545101898,3043000
2007-03-05,19.127086639404297,19.496611233201566,19.127086639404297,19.386306765987538,3611500
2007-03-06,19.662076950073242,19.68965307362027,19.226367044690733,19.320126285535306,2976400
2007-03-07,19.37527847290039,19.634496530003425,19.35321673495707,19.562799037572333,2317500
2007-03-08,19.524198532104492,19.66759566851188,19.358737546503267,19.502136786834484,1743200
2007-03-09,19.634498596191406,19.695167329958288,19.496615875420613,19.606922472821918,1731900
2007-03-12,19.662076950073242,19.684136586556846,19.43043288364679,19.568315605305305,1967000
2007-03-13,18.96714973449707,19.551773320504896,18.91751186300656,19.546256832603902,7451600
2007-03-14,19.176733016967773,19.21534001844147,18.658294637232594,19.027819395316186,4069000
2007-03-15,19.299333572387695,19.41636626820431,19.143287852031012,19.171154601835994,2027500
2007-03-16,19.25474739074707,19.483240695131773,19.193443946118467,19.288186213072052,3159500
2007-03-19,19.499958038330078,19.566833546308047,19.277036843824767,19.277036843824767,1855900
2007-03-20,19.717302322387695,19.722874394813783,19.410787316542244,19.455370273752273,1757300
2007-03-21,20.23560333251953,20.296904666601712,19.56126739826611,19.683874318300358,3046500
2007-03-22,20.146440505981445,20.218888135895135,19.98482263752384,20.16873093968193,2588700
2007-03-23,20.135284423828125,20.28575593921463,20.02939588007403,20.168721121068817,1568600
2007-03-26,20.090700149536133,20.168721947540867,19.839914280281942,20.168721947540867,1570400
2007-03-27,19.917945861816406,20.06284323868423,19.84549611041481,19.98482141068345,1501700
2007-03-28,19.477670669555664,19.81762462484297,19.477670669555664,19.81762462484297,2759700
2007-03-29,19.82876205444336,19.86777293755528,19.56683001703447,19.56683001703447,2742300
2007-03-30,19.711740493774414,19.940233873438874,19.494393391890554,19.923515519735535,2634600
2007-04-02,19.3662109375,19.68387235690364,19.238031954752454,19.667154006177572,3395500
2007-04-03,19.689443588256836,19.71730821057605,19.444229809605158,19.494386980153507,2299500
2007-04-04,19.6727237701416,19.761891840097213,19.544544802451316,19.75631976582132,2584500
2007-04-05,19.66158103942871,19.722884497185152,19.54454832513089,19.68944779363427,1955600
2007-04-09,19.360641479492188,19.63929203424292,19.327202647585494,19.628145756940686,3041200
2007-04-10,19.405223846435547,19.50553821303452,19.32162783229142,19.43866267728019,2980700
2007-04-11,19.15444564819336,19.477681432134084,19.126581007562283,19.477681432134084,2333900
2007-04-12,19.132143020629883,19.171153917843583,19.03182867752767,19.14328716903284,2401600
2007-04-13,19.32719612121582,19.360634941830963,18.976095945526914,19.16557834381077,2400700
2007-04-16,19.282611846923828,19.477668453237474,19.087557366544576,19.098703640556874,4832800
2007-04-17,19.0764102935791,19.505532258375478,19.03182732533151,19.304903586425556,3762300
2007-04-18,19.51668357849121,19.58355911112224,19.221314693930545,19.221314693930545,3975300
2007-04-19,19.466522216796875,19.616993727351744,19.388500424494584,19.477668490830684,2947800
2007-04-20,19.800907135009766,19.83991804140757,19.388505517108666,19.51111031181537,4204300
2007-04-23,19.66715431213379,19.890073453709903,19.58355830533352,19.800905371892505,1851200
2007-04-24,19.54454803466797,19.695019576215294,19.466526226295617,19.60585149151334,2050300
2007-04-25,19.778615951538086,19.839917283582434,19.52225584308545,19.544548396156962,2673700
2007-04-26,19.72845458984375,19.828768931475132,19.58912935157066,19.72845458984375,3175200
2007-04-27,19.689443588256836,19.750744906985343,19.60584759536478,19.71730821057605,2670100
2007-04-30,19.555700302124023,19.778621645140984,19.533407742635234,19.778621645140984,2532000
2007-05-01,19.555700302124023,19.70059768693021,19.421947071126752,19.644868414143712,2116400
2007-05-02,19.511110305786133,19.611424672473767,19.427516417503067,19.611424672473767,2222300
2007-05-03,19.96809959411621,19.990390022584975,19.511110732579,19.58356047142374,3022900
2007-05-04,19.990386962890625,20.112993867410335,19.901218884858473,20.057264615865744,2193500
2007-05-07,20.107419967651367,20.23559893531796,19.611420319809568,19.934655902047965,2217700
2007-05-08,19.929086685180664,20.202165163491678,19.912368332241115,20.023828979019797,2945900
2007-05-09,20.174299240112305,20.196591793226094,19.84549152245596,19.890074502748664,2488600
2007-05-10,19.912368774414062,20.09627916457304,19.912368774414062,20.062840332016393,2540700
2007-05-11,20.163145065307617,20.168717138435948,19.951370145552207,19.973662689933626,1933800
2007-05-14,19.979248046875,20.174304751000772,19.901226215598875,20.1185733529925,2067900
2007-05-15,20.03497314453125,20.280184840850122,19.979241764048695,20.03497314453125,2364700
2007-05-16,20.246749877929688,20.24674987792969,20.03497486577159,20.057267419879807,1919600
2007-05-17,20.20216178894043,20.2578910400533,20.14085833715548,20.20216178894043,1838000
2007-05-18,20.33591079711914,20.43065092976719,20.257886885254944,20.30804405134339,2592400
2007-05-21,20.218881607055664,20.33591644438532,20.140859799459104,20.33591644438532,2374300
2007-05-22,20.051687240600586,20.218877094699817,20.02382261923977,20.185440399440573,2667200
2007-05-23,19.87335205078125,20.129709980895644,19.86220577652396,20.06840653544776,3427800
2007-05-24,19.795333862304688,19.990388382497127,19.73960248086769,19.873355670381663,2840100
2007-05-25,20.00153923034668,20.00153923034668,19.75075327139747,19.84549557852731,2647400
2007-05-29,19.895647048950195,20.062836931525972,19.823197320324635,20.029398104636936,2173200
2007-05-30,19.86778450012207,19.9402321103877,19.706166675495812,19.86221029875707,2541400
2007-05-31,19.878931045532227,20.001537979111994,19.672730214822305,19.873358969430953,4170200
2007-06-01,20.01268196105957,20.09070377313648,19.873356689226537,19.873356689226537,2470200
2007-06-04,19.89007568359375,20.012682607063716,19.8399184990774,20.012682607063716,2184500
2007-06-05,19.66715431213379,19.895647654661794,19.639289685178618,19.856636751737604,2882200
2007-06-06,19.477670669555664,19.678299372737328,19.449806044321463,19.667153097456723,2245100
2007-06-07,19.171159744262695,19.477674940925642,19.15443926470774,19.460954461370683,3532500
2007-06-08,19.226886749267578,19.31605483466157,19.026258025647387,19.13214658863296,3540200
2007-06-11,19.24917984008789,19.299337022394763,19.070843664315657,19.154437550870504,2550900
2007-06-12,18.937088012695312,19.249177342774928,18.937088012695312,19.22688479221182,3457000
2007-06-13,19.137718200683594,19.16001075297626,18.90365065348022,18.976100385463976,3858300
2007-06-14,19.250356674194336,19.28978087198309,19.137715188316044,19.199668112971985,2758400
2007-06-15,19.430578231811523,19.515059866115326,19.26724821800135,19.26724821800135,6378700
2007-06-18,19.368627548217773,19.537588687807798,19.351732078796008,19.486900131085044,2629000
2007-06-19,19.363006591796875,19.41369517509184,19.29542038176454,19.346108965059504,3210100
2007-06-20,19.22783660888672,19.486910639191464,19.194045651821778,19.43622205513544,3824800
2007-06-21,19.205303192138672,19.34047343283751,19.041975259719273,19.227831923664827,3350300
2007-06-22,18.878643035888672,19.16024570262605,18.844849942435363,19.109557136675008,5336600
2007-06-25,18.726577758789062,19.03634026946843,18.670258083559318,18.89553893293618,3982200
2007-06-26,18.777267456054688,18.99128610203338,18.754738725223664,18.844851500089742,4416100
2007-06-27,18.90680503845215,18.923700512885084,18.698419642766268,18.737843848748515,2963200
2007-06-28,18.895532608032227,19.041967152146132,18.7322025966964,18.96311662537709,2719200
2007-06-29,18.642099380493164,19.00818377933024,18.512562385886053,18.918070994018414,4107300
2007-07-02,19.08702278137207,19.216559712072367,18.692778734460575,18.873004216170308,3622500
2007-07-03,19.188400268554688,19.374259008805726,19.10391863235744,19.10391863235744,1576200
2007-07-05,19.081390380859375,19.205294048345525,18.963115670887635,19.16586986117397,2656700
2007-07-06,19.008169174194336,19.137706069270347,18.929320816187772,19.137706069270347,2100400
2007-07-09,18.923690795898438,19.04759660733806,18.85047567864501,19.041965501571255,2658200
2007-07-10,18.574512481689453,18.889908256168955,18.52945717016835,18.749106916421347,4324500
2007-07-11,18.597042083740234,18.670259385410557,18.439345263334662,18.591408826749724,2980000
2007-07-12,19.115190505981445,19.137719237615425,18.597042569148453,18.698419713043275,4648400
2007-07-13,19.177148818969727,19.205308667176165,19.008187581272377,19.115195863840334,2394100
2007-07-16,19.267253875732422,19.396790844167505,19.075763977076683,19.092661597973667,3311900
2007-07-17,18.90680503845215,19.261625040750445,18.889909564019213,19.233465200542856,4464700
2007-07-18,18.732206344604492,18.918065115060642,18.53508535938519,18.88427202539836,4286900
2007-07-19,18.630834579467773,18.951861466916366,18.523824184679597,18.811060125107055,4214700
2007-07-20,18.37175750732422,18.65899343258003,18.28727799577558,18.613935974321134,4604100
2007-07-23,18.287277221679688,18.518191314337344,18.22532429342509,18.37738998592517,2941800
2007-07-24,17.831079483032227,18.264747816276945,17.763495449468465,18.214059253989703,8867700
2007-07-25,18.000041961669922,18.15774091616456,17.71280818660893,18.005674143918224,4455600
2007-07-26,17.470632553100586,17.98878158741929,17.166501107765452,17.98878158741929,6859700
2007-07-27,17.05385398864746,17.605794831555386,17.036957445780562,17.459361349394957,6185200
2007-07-30,17.36362075805664,17.4143093250878,17.025697335925237,17.065121538231928,7702900
2007-07-31,16.935575485229492,17.532572530522447,16.9299433058874,17.386140164541533,5834000
2007-08-01,17.23971176147461,17.262239411196795,16.586393806101018,16.86799641011476,8251000
2007-08-02,17.21155548095703,17.51568689063603,17.053858667845528,17.28477277924078,4990400
2007-08-03,16.38364028930664,17.262240150683294,16.36111156439068,17.23408031876707,5265100
2007-08-06,17.256610870361328,17.273507416888677,16.282265912757918,16.439963790993122,6330700
2007-08-07,17.50442123413086,17.639590381494436,16.9919044808748,17.127073628238378,5411600
2007-08-08,17.847976684570312,18.095787323280117,17.374884135319274,17.572006209878687,5077200
2007-08-09,16.946840286254883,17.71843061437903,16.451219233497927,17.71843061437903,7377700
2007-08-10,17.284765243530273,17.41430216189111,16.732823415585447,16.817305042039347,6799600
2007-08-13,17.13271141052246,17.459370558650622,17.0932871972667,17.37488994821268,5190800
2007-08-14,16.62018585205078,17.13833468747306,16.59202494705416,17.132702506473734,5250100
2007-08-15,16.378013610839844,16.969378873600046,16.316060670734437,16.530079332428155,5052400
2007-08-16,17.194660186767578,17.36362136664079,16.27663483989723,16.282267022456868,7967900
2007-08-17,18.056365966796875,18.86738097246695,17.41431107785508,17.836715129477472,8377400
2007-08-20,18.202796936035156,18.2929097070667,17.859241325084295,18.067628853716805,6025100
2007-08-21,18.276010513305664,18.501291320793438,18.039463194717385,18.039463194717385,3814900
2007-08-22,18.47313690185547,18.56324968094908,18.107054676738098,18.529458731575303,3184500
2007-08-23,18.360496520996094,18.64209924155406,18.191535318352965,18.557619714461623,2904000
2007-08-24,18.405550003051758,18.405550003051758,18.152107179724066,18.315437237919443,3013400
2007-08-27,18.022573471069336,18.326704914023594,17.994413629712426,18.304176181554794,2252300
2007-08-28,17.391775131225586,17.90992392923279,17.374879663676307,17.825443368800567,3613200
2007-08-29,17.707176208496094,17.740968228146556,17.335460769654198,17.442469010918817,3400600
2007-08-30,17.628326416015625,17.870504880021777,17.403044498647898,17.60579876139331,3057000
2007-08-31,17.628326416015625,17.97188201139448,17.521318176659026,17.85924051559616,3785600
2007-09-04,17.617067337036133,17.701547941964822,17.476265970745263,17.60580296991786,2993300
2007-09-05,17.290407180786133,17.594537555268136,17.222822056329516,17.53258461403533,2737000
2007-09-06,17.357986450195312,17.39741064767448,17.087648175284905,17.284770236909548,2238000
2007-09-07,17.13271141052246,17.34109791888335,17.076390645487415,17.34109791888335,3054900
2007-09-10,17.04259490966797,17.273509029285226,16.81731297275223,17.2340848246036,3179100
2007-09-11,17.357986450195312,17.45936357184392,17.059488341150875,17.110175827746364,3041800
2007-09-12,17.346723556518555,17.459365051055634,17.13833818812253,17.250978608430707,2549500
2007-09-13,17.58607292175293,17.745634777013066,17.494894408194675,17.580374128788836,3006300
2007-09-14,17.529085159301758,17.568975621023757,17.28974130203621,17.47209831958452,2541100
2007-09-17,17.557573318481445,17.6430530116246,17.323928316654627,17.42650438319972,2302800
2007-09-18,18.315492630004883,18.338287791406486,17.398009122252702,17.660146956772433,4270100
2007-09-19,18.28700065612793,18.606126409699467,18.184424598689446,18.509248055955858,3498100
2007-09-20,17.888093948364258,18.321193339195446,17.80261426309312,18.29269829921645,3627000
2007-09-21,17.386615753173828,18.047660376883876,17.346725297991334,17.979275963047183,5367900
2007-09-24,17.130176544189453,17.460698875035064,17.021902755882635,17.341027502611706,3316100
2007-09-25,16.799652099609375,17.232750459144484,16.742665273130196,16.919324543908974,4766500
2007-09-26,16.85093879699707,17.06178971215115,16.668581836287174,16.930719695574343,2899100
2007-09-27,17.050395965576172,17.05609475774686,16.856641379506733,16.953518672541453,1714700
2007-09-28,16.799652099609375,17.050393483957766,16.736967568722257,17.050393483957766,2953600
2007-10-01,17.266944885253906,17.30683643103057,16.845244040873375,16.87943679439623,3472800
2007-10-02,17.415115356445312,17.7684329717933,17.295443944640642,17.36952609191013,2914000
2007-10-03,17.500593185424805,17.59177279149772,17.323934940459253,17.341031320397992,2471100
2007-10-04,17.51767921447754,17.76272174747307,17.47208998184579,17.568967237054885,1993400
2007-10-05,17.671550750732422,17.79692092172163,17.563275869871948,17.688647127794656,2382000
2007-10-08,17.54618263244629,17.72853966137646,17.494894582192973,17.671552818102374,1547700
2007-10-09,17.648744583129883,17.700032595421877,17.392305608602733,17.591758868967954,2202500
2007-10-10,17.244138717651367,17.631647623857667,17.181453133726016,17.551865675152847,2237700
2007-10-11,17.038990020751953,17.426499002752667,17.01049716081252,17.312525389129068,2834600
2007-10-12,16.845243453979492,17.22705382621444,16.7540649549622,17.027600452014074,3656000
2007-10-15,16.600200653076172,16.93072298021914,16.48052928199342,16.833846777114115,3525100
2007-10-16,16.258281707763672,16.49762553507965,16.11581516976448,16.48052915922371,4710300
2007-10-17,15.990447044372559,16.406450242664548,15.677021034320902,16.3266682266851,5782500
2007-10-18,15.352193832397461,15.904963586692181,15.335097457217195,15.85367554808476,6331500
2007-10-19,15.044463157653809,15.528849506433797,15.02736787218306,15.369286624796505,6834200
2007-10-22,15.192630767822266,15.20972714282583,14.816519213210814,14.913396497697605,6973900
2007-10-23,15.192630767822266,15.602933985507473,15.033067861922442,15.243918805899588,4345200
2007-10-24,14.987479209899902,15.18693257845144,14.662655680483631,15.12424804148578,5564500
2007-10-25,15.072959899902344,15.283809763888735,14.76523166130589,15.107151564101924,4444900
2007-10-26,15.397785186767578,15.449073232394776,14.958987946149804,15.249619842392738,4250600
2007-10-29,15.380681037902832,15.511749938532692,15.232515768390954,15.488955866956315,2502800
2007-10-30,15.352193832397461,15.471865197859186,15.27811062688302,15.300905793790044,2741000
2007-10-31,15.454766273498535,15.55164353619386,15.181229769637358,15.409177037343861,4687000
2007-11-01,14.725345611572266,15.295211924444464,14.69115393714138,15.238225075770497,5154400
2007-11-02,14.383418083190918,14.850708041419916,14.246650370070224,14.793721222553001,6557200
2007-11-05,14.280842781066895,14.446104455818318,14.092787029724402,14.33213081206332,4835000
2007-11-06,14.525886535644531,14.55438049236724,14.05289772338065,14.280843942495776,4040400
2007-11-07,13.636894226074219,14.360624342610956,13.619797853935607,14.360624342610956,5447500
2007-11-08,14.035806655883789,14.08139591694281,13.534324784234567,13.705284241472462,7229300
2007-11-09,14.263750076293945,14.588573606757304,13.705280425162703,13.876240921729442,5161600
2007-11-12,14.372020721435547,14.839311773731417,14.161170901422226,14.39481588410357,4336600
2007-11-13,15.095756530761719,15.135646993556142,14.429012988092353,14.463204658068488,4385900
2007-11-14,14.54298210144043,15.312301499265098,14.531584519384776,15.158437402313515,3450000
2007-11-15,14.064287185668945,14.571467366232422,13.973108750667258,14.514480572623196,4627700
2007-11-16,13.859138488769531,14.389113948710516,13.676781575011976,14.132673859405864,5587900
2007-11-19,13.5457181930542,13.853445338550678,13.294976791103947,13.853445338550678,6384300
2007-11-20,13.426041603088379,13.83064699657349,13.015738506551115,13.51722006898555,5993400
2007-11-21,13.40324878692627,13.728072238010823,13.106918201506515,13.289275150400778,6401100
2007-11-23,13.802157402038574,13.8876381918578,13.386155384243041,13.517224334463542,3036600
2007-11-26,13.112621307373047,13.893337387625927,13.078429639936227,13.893337387625927,4630500
2007-11-27,14.001608848571777,14.240952636023142,13.391852341404386,13.568510514758199,11206700
2007-11-28,14.753830909729004,14.788023653520304,14.001607937251178,14.132676860984974,6096400
2007-11-29,14.485997200012207,14.736738603837244,14.246653379754987,14.736738603837244,3883900
2007-11-30,15.061556816101074,15.335092203676503,14.816514290464873,14.816514290464873,6232500
2007-12-03,14.799424171447754,15.192632136485823,14.759533713112518,14.95328829954093,3681100
2007-12-04,14.588570594787598,14.736735893115059,14.417610133517513,14.731037102379403,3254600
2007-12-05,15.0672607421875,15.23822014596762,14.753833719346101,14.753833719346101,5082800
2007-12-06,15.312297821044922,15.329393103088636,14.845006851411929,15.072954090036019,4411600
2007-12-07,15.0672607421875,15.551647168809017,14.976082248580317,15.31230335135682,4299700
2007-12-10,15.580141067504883,15.62573031731372,15.078658232674227,15.141343858761424,3583300
2007-12-11,14.497390747070312,15.671314354365125,14.485993166675922,15.637122700115047,6292600
2007-12-12,14.047187805175781,15.015959827711677,13.785050132567509,14.850698270424544,8482100
2007-12-13,13.921832084655762,13.961722546593803,13.500131207558018,13.950324961201915,6983700
2007-12-14,13.676796913146973,14.030114644987634,13.665399321521818,13.899044515166679,5218700
2007-12-17,13.833126068115234,14.151595526574765,13.45675407577219,13.809965275445837,6009400
2007-12-18,13.937349319458008,14.087898304045007,13.659413242260376,13.960511211434374,5626900
2007-12-19,13.728903770446777,14.041582846427135,13.601516612317944,13.914195688298303,6365500
2007-12-20,13.752063751220703,13.954725964227997,13.352529800368632,13.809967398425673,5959600
2007-12-21,14.128436088562012,14.140017039122412,13.543611338304512,13.943145297276512,8384800
2007-12-24,14.336888313293457,14.452694501859135,13.989467538756033,13.989467538756033,1895100
2007-12-26,14.174750328063965,14.244234885543502,14.018410902049686,14.134218129709058,2472000
2007-12-27,13.948929786682129,14.08210734771585,13.908397581534455,14.018413251386784,3870600
2007-12-28,13.659414291381836,14.035786229546963,13.647833344504168,13.931559916487721,3777200
2007-12-31,13.694156646728516,13.908399755972088,13.468333694503619,13.624673171160824,4503200
2008-01-02,13.4799165725708,13.792594466248683,13.393060559041304,13.763643198018912,5969700
2008-01-03,13.4799165725708,13.665207339849559,13.393060559041304,13.578352430740152,3954300
2008-01-04,12.043909072875977,12.935622134370213,11.991795914507096,12.767701711977175,10403700
2008-01-07,12.072859764099121,12.362376779523945,11.794923694352034,12.14234322932601,9490200
2008-01-08,11.29116153717041,12.200244622686743,11.267999650049694,12.159712424645056,11255300
2008-01-09,11.337486267089844,11.378018472496505,10.775823655389406,11.337486267089844,10257700
2008-01-10,11.615425109863281,11.852829030574053,10.961116985459938,11.227472172825184,10915000
2008-01-11,11.852834701538086,12.101819689805009,11.244848975544416,11.534366198288176,7530200
2008-01-14,11.818083763122559,11.97442320701222,11.499615507275943,11.97442320701222,6360800
2008-01-15,11.77755355834961,11.962844291691528,11.435923354592987,11.667536771270386,9606900
2008-01-16,12.252364158630371,12.5071395278242,11.73702404986071,11.742814524662856,9617300
2008-01-17,11.331697463989258,12.32763684950978,11.302746199981305,12.31026542845305,9467400
2008-01-18,11.111663818359375,11.5575192010964,11.013227984888642,11.41276068742884,8426300
2008-01-22,11.655957221984863,11.835458607801069,10.364711302809049,10.3936636736278,11302800
2008-01-23,12.646103858947754,13.086169873605035,10.712130025457515,10.712130025457515,11130700
2008-01-24,13.010896682739258,13.201977904094681,12.553460288036261,12.750331983301844,9926600
2008-01-25,13.196186065673828,13.752058204009131,12.86034526823821,13.161443228713049,10424700
2008-01-28,13.775226593017578,13.775226593017578,13.010900385648275,13.138288639086635,7168400
2008-01-29,14.435322761535645,14.504806246958488,13.6246751036086,13.891030305096306,7482800
2008-01-30,14.093683242797852,14.626394400454032,14.001037920111502,14.342667961674671,8153800
2008-01-31,14.574287414550781,14.8174817652654,13.335154872748586,13.867866255055855,10774600
2008-02-01,14.898539543151855,14.962233615139825,14.5221677906452,14.771152503595255,5922900
2008-02-04,14.533761978149414,14.898553121968494,14.441116573229637,14.898553121968494,6979300
2008-02-05,14.035787582397461,14.394789239268627,13.983674420844872,14.07052932195919,5551500
2008-02-06,13.717320442199707,14.064741181436498,13.364109228459958,13.838917093501538,8174200
2008-02-07,14.012624740600586,14.134221363485468,13.369896578438132,13.369896578438132,6105300
2008-02-08,13.439384460449219,14.024209187571483,13.213561455555938,13.960516170849386,8180800
2008-02-11,13.32357406616211,13.503074318394603,13.051428451201886,13.462542110253702,4879200
2008-02-12,13.728903770446777,13.972098239180267,13.3872745234458,13.3872745234458,5168900
2008-02-13,13.659414291381836,13.983673073017343,13.35831629908178,13.862076444061483,5097800
2008-02-14,13.213561058044434,13.642046259156267,13.173028838326038,13.642046259156267,5208400
2008-02-15,13.277254104614258,13.35831853750193,12.92404289659786,13.196189671726588,5488000
2008-02-19,13.03406047821045,13.53203026286811,12.929834141475578,13.410432501870716,4595600
2008-02-20,13.450961112976074,13.549396948554774,12.790862629930587,12.895088938710366,5551000
2008-02-21,13.016688346862793,13.60151301222429,12.993527553524356,13.474125887812704,4036900
2008-02-22,13.38147258758545,13.398842896205968,12.814018576894464,13.086165192423042,4300300
2008-02-25,13.38147258758545,13.450956030906358,12.93561625933518,13.33514992389837,7002000
2008-02-26,13.427796363830566,13.60150609094495,13.196183026204885,13.30619867131489,5801800
2008-02-27,13.445175170898438,13.705741030660507,13.201980736593907,13.317788030803762,4138900
2008-02-28,12.704009056091309,13.433592188668909,12.680847160888868,13.32357539529722,6011400
2008-02-29,12.275522232055664,12.605571461974158,12.217618606500537,12.605571461974158,10053800
2008-03-03,11.922310829162598,12.252360051302501,11.823874999364751,12.234988632719434,6726500
2008-03-04,12.049698829650879,12.11339293151683,11.488036172714311,11.829666366399191,9506000
2008-03-05,12.124979019165039,12.455028406195066,12.003381237173791,12.21183394663289,7444200
2008-03-06,11.563310623168945,12.055489830915525,11.540149833379644,11.957053989366209,5834900
2008-03-07,11.789138793945312,12.090235792949155,11.37802386342,11.493831166097062,6611400
2008-03-10,11.557512283325195,11.928094607506857,11.360641838640726,11.823868363343863,8819600
2008-03-11,12.692426681518555,12.692426681518555,11.893360162010193,12.443441858184697,8975500
2008-03-12,12.373960494995117,13.230930787416506,12.373960494995115,12.738751530140703,8096000
2008-03-13,12.455022811889648,12.570828961691115,11.725439760903077,11.818085122512182,9345300
2008-03-14,11.936309814453125,12.779219773827972,11.753581435796173,12.466812248016927,12038800
2008-03-17,11.494226455688477,12.101357796294534,11.164136164580459,11.62979911328689,14821400
2008-03-18,11.794842720031738,12.083671813838963,11.399912913339879,11.836103858535385,15082600
2008-03-19,12.024728775024414,12.348925574590329,11.836105754911385,11.900945339680945,14170100
2008-03-20,12.802799224853516,12.83227227426057,11.983467564129379,12.042412538661607,10573300
2008-03-24,13.050365447998047,13.628024770908022,12.832270533382884,12.832270533382884,7998100
2008-03-25,13.026790618896484,13.150574060360993,12.714383023709681,13.126996743821918,6019700
2008-03-26,12.48449993133545,12.938374838019453,12.083675396823967,12.083675396823967,6444000
2008-03-27,12.124934196472168,12.67312051977059,12.089567663308925,12.490392120098388,7423000
2008-03-28,11.5826416015625,12.31945087805225,11.547275071089878,12.160299804502847,6204800
2008-03-31,11.641584396362305,11.953991876044007,11.51780100066371,11.682845528261835,6079400
2008-04-01,12.64365005493164,12.726172349927413,11.865578365598259,11.865578365598259,10598500
2008-04-02,12.796907424926758,13.374566953047248,12.708490505854702,12.802802036102511,8086600
2008-04-03,12.85584545135498,12.920685014897506,12.278187360300805,12.69080092492894,6445000
2008-04-04,12.32534408569336,12.897107614494153,12.284082950786715,12.897107614494153,4861600
2008-04-07,12.466812133789062,12.696697381509667,12.325344894420363,12.531651706772012,5477200
2008-04-08,12.095464706420898,12.384293887975408,11.995258572062635,12.354820834174717,4712800
2008-04-09,11.895050048828125,12.254613363011352,11.853788906075653,12.113144981743137,3402600
2008-04-10,11.765369415283203,12.142616511015214,11.5944302560754,11.788947850639689,7811900
2008-04-11,11.653374671936035,11.953992962898152,11.559063183510466,11.641585454812434,7380900
2008-04-14,10.940141677856445,11.653373502305724,10.92245897822745,11.441172112505688,11666500
2008-04-15,11.859681129455566,12.136720978110946,11.464751361557015,11.618006682578907,15211100
2008-04-16,11.96578311920166,12.124934204970522,11.6946378242904,12.071883843047567,8958600
2008-04-17,12.785120010375977,12.885326157156765,11.912736622521152,11.912736622521152,8427100
2008-04-18,12.732063293457031,13.34508796768914,12.690802157841997,13.044469676988939,10126800
2008-04-21,12.372498512268066,12.69080058929708,12.189770166722605,12.68490598146897,6526600
2008-04-22,12.272298812866211,12.401978003992005,12.083675761354588,12.201565730690387,6153400
2008-04-23,12.042410850524902,12.33713455758902,11.924520917986568,12.207455406940507,6374500
2008-04-24,12.885316848754883,12.967839101448607,12.018828698345283,12.124929379969428,10758900
2008-04-25,13.09752368927002,13.144679446617417,12.63186072599973,13.06215715232996,8702800
2008-04-28,13.132890701293945,13.262568746518426,12.897110801930333,13.156468016661176,5011000
2008-04-29,13.174149513244629,13.256671788837997,12.991421135452882,13.168254904376292,5264300
2008-04-30,12.920684814453125,13.315614549002527,12.897106382882894,13.185936548210744,5689100
2008-05-01,13.580873489379883,13.651606573061724,12.938375503812328,13.003213976473669,7509600
2008-05-02,13.834332466125488,14.329468457709634,13.604448300133521,13.63392022551848,7979300
2008-05-05,13.49245548248291,13.828440441526753,13.457088940552532,13.798968510631788,6575900
2008-05-06,13.47476863861084,13.592657450295862,13.044471159329337,13.091626908859697,7799100
2008-05-07,12.914791107177734,13.557288796611866,12.855846148423106,13.457082704013471,6069100
2008-05-08,12.649537086486816,13.032678687542495,12.407863810785424,12.985522953851525,7220000
2008-05-09,12.478608131408691,12.885327368250332,12.313562366997607,12.478608131408691,7008200
2008-05-12,12.814589500427246,12.838167941895549,12.502181896664084,12.537549558866534,4537000
2008-05-13,12.63185977935791,12.849954719139676,12.537548271730898,12.74385511627068,6509000
2008-05-14,12.478608131408691,12.631864671729922,12.319456979042535,12.555235839428162,9112800
2008-05-15,12.5670166015625,12.5670166015625,12.337132508013427,12.466810512836732,6531000
2008-05-16,11.889153480529785,12.348922833200556,11.830208518759434,12.337133615990158,9985700
2008-05-19,11.61800479888916,11.948096069537923,11.588532885997605,11.900940334342588,9047100
2008-05-20,11.62979507446289,11.76536768497931,11.452961332422472,11.576744726994463,10641900
2008-05-21,11.140552520751953,11.72999975596932,11.105186001437698,11.694633236655065,12176100
2008-05-22,11.282023429870605,11.49422486405407,11.164134618654485,11.175922712778872,7700200
2008-05-23,10.999092102050781,11.311499734110466,10.969620171827938,11.217188208258877,6817600
2008-05-27,11.223078727722168,11.270234473457066,10.98729887476602,11.01677191852637,7281900
2008-05-28,10.657208442687988,11.311495385494716,10.409640501432603,11.299706168225022,18136500
2008-05-29,10.946041107177734,11.063931069944527,10.509850043791818,10.545216582909053,8585300
2008-05-30,10.50395393371582,11.04624566131969,10.486271228822531,11.01677373697631,7919700
2008-06-02,10.191548347473145,10.592371724031553,10.144391465697156,10.44500984132742,17573100
2008-06-03,9.831987380981445,10.309439682063,9.643364305210076,10.232811979136711,19627200
2008-06-04,9.684618949890137,9.967553373282456,9.5313625228156,9.87324189881835,16492000
2008-06-05,9.749458312988281,9.867347091543158,9.57851806630377,9.61388458744209,8743700
2008-06-06,9.106966972351074,9.625681022630392,9.018550041044623,9.625681022630392,16256800
2008-06-09,8.452678680419922,9.254327214663459,8.305316780306997,9.19538279190291,22064100
2008-06-10,8.488039016723633,9.22484797866633,8.22868250946168,8.287627451273345,20288800
2008-06-11,8.069533348083496,8.582352997480298,7.9575386076145564,8.517513434240763,16850900
2008-06-12,7.9516448974609375,8.458569996137086,7.798388446133692,8.216896101902206,17694100
2008-06-13,8.054757118225098,8.412611638132377,7.502812246545006,8.212455818257945,18855900
2008-06-16,8.339827537536621,8.637028525504467,7.927384972399291,8.018365256233333,16466700
2008-06-17,7.721166610717773,8.491463977779462,7.696905308204378,8.358026524738248,17422500
2008-06-18,6.9144744873046875,7.302655732379321,6.520228353139923,7.290525375764237,41276300
2008-06-19,6.781038761138916,6.975129125622277,6.259420038937515,6.962998188624611,32581100
2008-06-20,6.805299758911133,7.339048816319347,6.265485233269499,6.459575589259799,28882300
2008-06-23,6.59301233291626,6.902344240387124,6.423183288562284,6.865952013093857,13852100
2008-06-24,6.890214443206787,7.096435748915772,6.435314708296355,6.56875212583186,21535300
2008-06-25,7.023647785186768,7.345109916029454,6.9205371921634296,6.932668122370687,24645900
2008-06-26,6.756777286529541,7.029716998960321,6.677927933438889,6.914475414275946,15826300
2008-06-27,6.53842830657959,6.805303261872332,6.368599157670236,6.7264538695556215,16330700
2008-06-30,6.617274284362793,6.70218910421876,6.253354867340551,6.617274284362793,20115500
2008-07-01,7.029716491699219,7.02971649169922,6.429249051993978,6.5262942246613065,25908700
2008-07-02,6.423183917999268,7.387571383775006,6.380726797358914,7.163154265706892,22226000
2008-07-03,6.25335168838501,6.7021856970938405,5.980411541326646,6.5626828909935,16172500
2008-07-07,5.8469767570495605,6.665795739957318,5.69534354779611,6.3322025639127695,25609600
2008-07-08,6.641534805297852,6.7385799718676935,5.774193195253777,5.889434185946759,25200000
2008-07-09,5.822717666625977,6.993326091002287,5.792390897630371,6.635471489411159,20843100
2008-07-10,5.749932289123535,6.059264243248956,5.616495451937403,5.822716754687683,17945800
2008-07-11,5.179790019989014,5.5012522377529285,5.088810332572636,5.458795127416584,24724500
2008-07-14,4.324580192565918,5.355686137097915,4.276057600712759,5.264706421981973,32923600
2008-07-15,4.17294454574585,4.737019785085522,3.8878740489183454,4.1122913408519,46462700
2008-07-16,4.858328819274902,4.87652464488037,4.136554611068669,4.33064496001997,43952300
2008-07-17,5.937955379486084,6.059261809307287,4.906849858353827,5.3860106899735944,50837800
2008-07-18,6.132047176361084,6.362529738962888,5.774193264925607,6.210896519759188,32474800
2008-07-21,6.307942867279053,6.6415361276063445,6.192701853641956,6.404988631605215,32679000
2008-07-22,6.9144744873046875,7.005454764874509,4.749152326291316,5.113072279700961,68811300
2008-07-23,7.157087326049805,7.872795653750448,6.702187715221658,6.835625096359649,41887200
2008-07-24,6.162374973297119,7.193480921777398,5.974350073754881,7.047913145660519,28496900
2008-07-25,5.50731897354126,6.047133490988861,5.367816676899507,6.016806728716995,32394600
2008-07-28,5.264707565307617,5.762064529029933,5.246511155584815,5.489124745973419,21676000
2008-07-29,5.774192810058594,5.810584455877195,5.252574206890532,5.325358076962517,20292300
2008-07-30,5.907629489898682,6.411051680979148,5.604363081853352,6.0774590948771,23014300
2008-07-31,5.749932289123535,6.028937479003047,5.6468222161833115,5.822716754687683,12241200
2008-08-01,5.780257701873779,5.992544423524967,5.561906091539389,5.719604765998284,15844100
2008-08-04,5.695342540740967,5.846975723182513,5.458794567895667,5.780256752710033,12723600
2008-08-05,6.022871017456055,6.10778524106747,5.774192656705885,5.901563992123007,14794100
2008-08-06,6.150244235992432,6.1987668250451025,5.658952298790522,5.998611000594111,19784100
2008-08-07,5.743865966796875,6.253353628096335,5.646820808155982,5.913694994418438,23184400
2008-08-08,5.8469767570495605,5.962217741570876,5.652885855869488,5.762061951631105,18921000
2008-08-11,6.053196907043457,6.253353257935721,5.822714958131858,5.840910779691249,14639200
2008-08-12,5.495187282562256,6.010739802371536,5.307161864839514,5.931890470967466,18092400
2008-08-13,5.070616245269775,5.4466666783903435,4.858330018320347,5.4466666783903435,25295800
2008-08-14,5.386013031005859,5.476992748307453,5.0342239424017885,5.052419770175121,11824200
2008-08-15,5.519448757171631,5.737800358746896,5.355684622164113,5.519448757171631,10003900
2008-08-18,5.1252031326293945,5.567972471435761,5.107007306727315,5.567972471435761,14985600
2008-08-19,5.028158187866211,5.1373343051705245,4.925047538953226,5.119137899996536,17645400
2008-08-20,5.185855388641357,5.246508319626767,4.8947193532332935,5.052418014977881,15302700
2008-08-21,4.943243026733398,5.228313658794602,4.918981733266586,5.0524191365514906,13563900
2008-08-22,5.143399238586426,5.1555301754715845,4.864394631446651,5.113073053243342,10364900
2008-08-25,4.961438179016113,5.094874970203477,4.912915604323487,4.931111425224543,9959000
2008-08-26,5.070616245269775,5.0766817147801895,4.949309747236529,4.979636516353593,10985500
2008-08-27,5.137331485748291,5.204049866132446,5.003894146545397,5.009959611607934,7784000
2008-08-28,5.410272598266602,5.416338065064027,5.1312674883673015,5.240443576981952,10617800
2008-08-29,5.622562408447266,5.792391523359616,5.276838130046142,5.301099432176478,12843400
2008-09-02,6.702186584472656,6.714316937928774,6.144176443059162,6.295809621085988,36412900
2008-09-03,6.671865940093994,6.80530342085773,6.45957906517147,6.611212381991788,18897000
2008-09-04,6.368591785430908,6.750707361968905,6.3625263210966905,6.5323558518477,14924300
2008-09-05,6.726448059082031,6.7325135251980885,6.125980796024736,6.1684379019677715,15419200
2008-09-08,7.42396354675293,8.52178849659885,6.95086798365341,7.672641976350947,40573700
2008-09-09,7.005453586578369,7.581659600531846,6.987257765498816,7.2480664624215,23706200
2008-09-10,6.8174285888671875,7.272328192583259,6.562684764511406,7.181348503213948,17378900
2008-09-11,6.744644641876221,6.793167219423658,6.162373132872206,6.22302664402388,18245000
2008-09-12,7.090368747711182,7.114630038524936,6.520228124370557,6.562685238685926,15471700
2008-09-15,6.8028388023376465,7.4023698696489735,6.429661700128713,6.533661981362049,28313400
2008-09-16,7.182132720947266,7.24330955449609,6.270601518308029,6.270601518308029,27133600
2008-09-17,6.649899482727051,7.145430432876711,6.325663513340072,7.016959489017599,23857800
2008-09-18,8.931784629821777,8.931784629821777,5.983071850154274,6.851779694291416,41575500
2008-09-19,12.11296558380127,12.11296558380127,9.464019597797492,11.684730110407855,31386600
2008-09-22,9.543550491333008,11.134142434363698,9.476255853301167,11.134142434363698,10714300
2008-09-23,8.393430709838867,9.366138862144886,8.393430709838867,9.366138862144886,10432100
2008-09-24,7.96519660949707,8.680962563180078,7.738842590560336,8.680962563180078,8033300
2008-09-25,8.472963333129883,8.766610871705327,8.063079872965645,8.442374902005158,7630700
2008-09-26,8.564724922180176,9.048020090880463,7.6470758233751575,7.891782016352929,7889100
2008-09-29,5.047069549560547,8.191547030471458,5.047069549560547,7.836722793661244,24921400
2008-09-30,5.87295389175415,6.594837382201151,5.689423973244547,6.11154226073366,17028100
2008-10-01,6.392959117889404,6.839548918040217,5.964722730823183,6.019781803225086,20431100
2008-10-02,7.249427795410156,8.31390056323186,6.600955537372756,6.729426428897828,13198800
2008-10-03,8.27108097076416,8.87061168753229,7.377902115441117,8.405669141818741,15198200
2008-10-06,7.420721530914307,7.79389857489192,6.76001430819218,7.347309682103572,13982300
2008-10-07,6.509193420410156,7.622607861804684,6.460252164750558,7.494136919841793,10041900
2008-10-08,5.964719772338867,6.943545814503196,5.964719772338867,6.22777939514848,10697900
2008-10-09,4.649423122406006,6.344015506878749,4.576011247457904,6.344015506878749,26110600
2008-10-10,5.591543674468994,5.964720872893687,4.257893077218061,4.276245901160062,23495300
2008-10-13,5.408010959625244,6.7722487148523,5.047068964568626,6.656013443890649,16200200
2008-10-14,6.955783843994141,7.090372614308638,6.068722687565194,6.068722687565194,24236800
2008-10-15,7.139309883117676,7.30448641399857,6.503073211518848,6.692720361175637,17225100
2008-10-16,7.010838031768799,7.188250139535201,6.117659693221448,7.114838293227603,15458300
2008-10-17,6.58872127532959,7.035310254947152,6.368485102651887,6.686603759441624,14593000
2008-10-20,6.509193420410156,6.857900012841236,6.301192792143972,6.85178221002734,9708100
2008-10-21,6.906839370727539,7.035310277390831,6.172720154119708,6.307308861915926,13161000
2008-10-22,6.564249038696289,6.839544211255285,6.3562490843774855,6.42354313576661,14518600
2008-10-23,5.989190578460693,6.564250502109873,5.560954390625049,6.558133284020224,15830900
2008-10-24,5.469188690185547,5.97083729009753,4.894128811537199,4.894128811537199,14203000
2008-10-27,6.08707332611084,6.417427037357715,5.444718725512559,5.444718725512559,13509900
2008-10-28,7.096487998962402,7.15766426757588,6.2644856116729475,6.39295653421466,14647600
2008-10-29,6.949662685394287,7.561428785343892,6.845662401728806,7.023074547377166,14584600
2008-10-30,6.6376633644104,7.3411942463116535,6.454133391567469,7.310605820266881,9908600
2008-10-31,6.784486770629883,6.974133952473937,6.545897759501971,6.545897759501971,9788700
2008-11-03,7.20048713684082,7.243310576310791,6.637662289125752,6.668250126789671,6798000
2008-11-04,7.653194904327393,7.732724576205755,7.25554654493558,7.341194018518205,11238600
2008-11-05,7.029193878173828,7.928490404174302,6.943546978933804,7.8856669545542895,10277600
2008-11-06,6.503072738647461,7.249427432179367,6.4235430875524155,6.9007204106971605,10741300
2008-11-07,6.704955577850342,6.778367429968984,6.350131334230796,6.643778742705369,7644700
2008-11-10,6.533660411834717,6.949660853410105,6.386836143147352,6.833425581767465,5878800
2008-11-11,6.3134260177612305,6.662133094388012,6.215543534296037,6.362367259493827,7705600
2008-11-12,5.897425651550293,6.496956173651911,5.824013786604726,6.215543732981083,10404700
2008-11-13,6.411308765411377,6.42966216938659,5.505895172624159,5.915778526593565,11345300
2008-11-14,5.915780067443848,6.515310751241697,5.903544461606765,6.215545409342772,7578200
2008-11-17,5.542601108551025,6.013660700966581,5.505894885937504,5.934131038158632,11114600
2008-11-18,5.866839408874512,5.976957538927903,5.426367472086805,5.603779690825125,11712600
2008-11-19,5.334600925445557,5.921896445526037,5.3101303030849385,5.781189929383242,12025000
2008-11-20,4.686129570007324,5.401896157951084,4.6004823732444065,5.267307414182178,16931300
2008-11-21,4.863540172576904,4.985893270715987,4.190597549386354,4.894128592968073,18836500
2008-11-24,5.738368988037109,5.768957425180853,4.912484102285604,5.352956080248134,13384600
2008-11-25,5.756717681884766,5.958600405224206,5.352952235205887,5.830129528242245,10100300
2008-11-26,6.11766242980957,6.148250858643769,5.475307757994415,5.55483743959303,7882700
2008-11-28,6.233896732330322,6.331779805160183,6.056484574428791,6.0931907996681955,3418600
2008-12-01,5.181657791137695,6.111541737369602,5.114363162839175,6.056482708189167,9665700
2008-12-02,5.658838748931885,5.720015617425815,5.1204842898332075,5.414132441807875,9995500
2008-12-03,6.080955505371094,6.117661732473235,5.310130570482988,5.316247788811939,10568500
2008-12-04,5.940249443054199,6.4174268849864,5.7750722996397785,5.842366950701509,12350100
2008-12-05,5.848484039306641,5.9953077599355264,5.481424154308823,5.775071595566594,15271200
2008-12-08,6.1054253578186035,6.178837802750532,5.768954471771059,5.9953078572719365,10243100
2008-12-09,5.5731892585754395,6.105425723985826,5.505895194015154,5.952484190818739,10816100
2008-12-10,5.487543106079102,5.750602181520127,5.3284837503259155,5.658837482737911,7694300
2008-12-11,5.077658653259277,5.560953840029914,5.047070232136962,5.469188576662968,8742400
2008-12-12,5.42024564743042,5.456951858025621,4.8941271850686885,4.900244984072127,8101000
2008-12-15,5.110874176025391,5.488311392285387,4.980936676970987,5.488311392285387,6245800
2008-12-16,5.383123874664307,5.40168620596675,5.135624157012151,5.222248763147469,11796700
2008-12-17,5.426436424255371,5.525436305048282,5.166561442131064,5.3150612633204295,9490200
2008-12-18,5.1727471351623535,5.57493478298596,5.135622484646747,5.494497253421239,8145900
2008-12-19,4.993310451507568,5.568747926024178,4.962373435098267,5.333622942781755,11216500
2008-12-22,5.07374906539917,5.185124236301648,4.9933115075347025,5.0180614799479315,10655100
2008-12-23,5.024249076843262,5.259374107765434,4.925249188052007,5.110874274578552,8112500
2008-12-24,5.104686260223389,5.154186200994445,4.987124048413589,5.036623989184646,2298500
2008-12-26,5.09849739074707,5.1913101998779965,4.9994975330759726,5.154184958208487,2919600
2008-12-29,4.912871837615967,5.135621775240029,4.85099693689895,5.0984965397670186,5662300
2008-12-30,4.8819355964660645,5.024248055186406,4.78293572780596,4.949998153691327,6726900
2008-12-31,4.925248622894287,4.9561862321130254,4.640623680236358,4.850998714820803,9690800
2009-01-02,5.327434539794922,5.364559780284368,4.943809808470479,5.02424733779288,8917000
2009-01-05,5.395498752593994,5.612060841842897,5.197498403175265,5.2469983430084906,12011800
2009-01-06,5.463561534881592,5.506873838777347,5.2593741163931975,5.482123866538932,7774200
2009-01-07,4.8943095207214355,5.290309499737155,4.826247273270486,5.290309499737155,11288800
2009-01-08,4.820060729980469,4.94381056712593,4.7891231231726605,4.857185681124107,9061500
2009-01-09,4.436435699462891,4.888123023140045,4.3931231112867986,4.875748040095857,11123200
2009-01-12,4.343624591827393,4.541624679974671,4.269374669413274,4.461187116504561,12211500
2009-01-13,4.46118688583374,4.492124499428106,4.145624289325821,4.29412442151865,13708900
2009-01-14,4.238436222076416,4.393123677590467,4.170373659038219,4.281748815835797,12115100
2009-01-15,3.7743735313415527,4.244623497333627,3.69393599057298,4.244623497333627,17505500
2009-01-16,3.755809783935547,4.021871977789287,3.5949347632034456,3.9290594885240573,16682700
2009-01-20,2.8462486267089844,3.5887484608784077,2.8462486267089844,3.4649983409954097,28075400
2009-01-21,3.062811851501465,3.106124450215167,2.7534369050854406,2.9638119630620783,22708300
2009-01-22,2.6296865940093994,3.062811326770262,2.5616240348465587,3.013311391031065,18333500
2009-01-23,2.8833746910095215,2.9390622812790856,2.474999815813967,2.5059374315288294,15574900
2009-01-26,2.536874532699585,3.0380619166319005,2.4749996016665112,3.0380619166319005,12730100
2009-01-27,2.524498224258423,2.8771855889873574,2.4811859427420413,2.7905607309118046,13169500
2009-01-28,2.8214995861053467,2.9266871192018646,2.6668121068558674,2.7843746264906257,20610000
2009-01-29,2.5616235733032227,2.7781859006642993,2.5121236464827295,2.7781859006642993,15145500
2009-01-30,2.140874147415161,2.6049364574899583,2.103749198014322,2.518311575554667,19374300
2009-02-02,1.8067493438720703,2.134686698509416,1.6520619040890898,2.1037492400571076,27033800
2009-02-03,1.6149364709854126,1.9552488858386143,1.559249057338125,1.936686414622852,21499800
2009-02-04,1.546873927116394,1.7263112790584727,1.472624049425076,1.639686421751935,15650500
2009-02-05,1.751062035560608,1.9799995577219323,1.4540620945262452,1.5468746314200312,28918200
2009-02-06,2.5987486839294434,2.8153113201259434,1.862436635494196,1.8748116179874654,47574100
2009-02-09,2.8709983825683594,3.1184983092648872,2.6853736588280883,2.9081233273164133,32890000
2009-02-10,2.0047497749328613,2.8895622142992963,1.9614373212289247,2.877187227526743,47192400
2009-02-11,2.276998519897461,2.3450609095111608,2.0975611633944915,2.184186022902837,26647700
2009-02-12,2.2089362144470215,2.2336861769024527,1.992373895440585,2.0851862546484523,21358200
2009-02-13,2.091374397277832,2.2769993079925546,2.0728117734370564,2.1656243025551416,13067600
2009-02-17,1.9119372367858887,1.998562292175957,1.8438748091748547,1.8438748091748547,21006300
2009-02-18,1.8500616550445557,2.1037490914796666,1.812936707523738,2.017124066409664,17067300
2009-02-19,1.6334993839263916,1.942874254952331,1.62731189240673,1.856249226155637,11355900
2009-02-20,1.757249355316162,1.8686243591279061,1.4540619514830146,1.5097495271496097,23819600
2009-02-23,1.664436936378479,1.9490618575461227,1.633499477017092,1.9181242506632932,16631400
2009-02-24,2.03568696975708,2.0975620428705795,1.5716245852524038,1.6458746434843108,28278100
2009-02-25,2.3264987468719482,2.536873580983056,1.7510615140556567,1.97999896803433,38851300
2009-02-26,2.4378743171691895,2.765811555329666,2.233686777011421,2.5616241626933496,38114400
2009-02-27,2.1161246299743652,2.444062047612951,1.918124562798208,2.0418745679029398,34587500
2009-03-02,2.2089362144470215,2.351248646087164,1.9614364423712958,1.9676239329851537,20402200
2009-03-03,2.1223113536834717,2.4131237086505934,2.1099363724100977,2.351248654762309,13501600
2009-03-04,2.1779990196228027,2.345061433526946,2.0913741407576922,2.227498950402866,11990900
2009-03-05,1.9181236028671265,2.1594359994318673,1.7943738072148416,2.097561101605725,15967600
2009-03-06,1.8191231489181519,2.072810291422976,1.707748223111378,1.9490605377724972,16812000
2009-03-09,2.0233113765716553,2.0666238114693707,1.763436472142535,1.8191240359610121,16474700
2009-03-10,2.31412410736084,2.3821865160237596,2.1346867006371593,2.140874192333788,18503000
2009-03-11,2.1841864585876465,2.474998839988915,2.109936564198264,2.4254989103959934,17108500
2009-03-12,2.3264987468719482,2.357436200782197,1.9676239864702305,2.1470613666710894,27849500
2009-03-13,2.4069366455078125,2.4749990545998757,2.2274990901313125,2.351249072365594,13825900
2009-03-16,2.4450409412384033,2.7244742349267406,2.4196379420692486,2.5403023395365514,16162700
2009-03-17,2.597459316253662,2.6355638161395105,2.400585764015799,2.4450410138826224,12704300
2009-03-18,3.143624782562256,3.143624782562256,2.483146190557666,2.559355357867255,26273600
2009-03-19,2.7562291622161865,3.2960435499258924,2.6990722413762795,3.2579390369752046,20488400
2009-03-20,2.553004026412964,2.845138841117284,2.4259888698353684,2.8324373406009076,17175300
2009-03-23,2.8578407764434814,2.9404006937749423,2.6800194393316965,2.838788371356334,22101900
2009-03-24,2.851489782333374,3.124572530465368,2.6863702557949622,2.7181241623123507,20627800
2009-03-25,2.9785048961639404,3.175378315378059,2.7308254723562007,2.864191385828293,17119900
2009-03-26,2.889594078063965,3.111870475724045,2.832437177615392,3.0039075761334697,13933500
2009-03-27,2.7435266971588135,3.016609095756735,2.7435266971588135,2.7689296968968695,11550400
2009-03-30,2.476794958114624,2.667317460844887,2.476794958114624,2.578406959570764,11894400
2009-03-31,2.7054219245910645,2.7308249217661116,2.470443897894263,2.622862032358354,11869100
2009-04-01,2.8006839752197266,2.9340499076423536,2.60381052803102,2.680019545750316,13533200
2009-04-02,2.8260865211486816,3.0356617400075896,2.743526916804144,3.0166093372649003,14059300
2009-04-03,2.8959453105926514,2.8959453105926514,2.597459848867977,2.7498778796649916,11442700
2009-04-06,2.6863696575164795,2.7435265553873496,2.603809761220251,2.6419142588582885,11120900
2009-04-07,2.5339515209198,2.629212765216746,2.5339515209198,2.5720561700523925,8528400
2009-04-08,2.432339906692505,2.6101612377018557,2.3370786415951894,2.57840733125557,9464700
2009-04-09,2.7371761798858643,2.8387881930960925,2.470444493795171,2.7943330887304607,24425900
2009-04-13,3.1944291591644287,3.2579366339054907,2.5974582909433965,2.6800178566930133,24725600
2009-04-14,3.0039074420928955,3.41035571991999,2.9531014452179623,3.238885329053276,24231400
2009-04-15,3.17537784576416,3.1817287468129507,2.857840061187744,2.953101457126195,13220200
2009-04-16,4.255006790161133,4.470932610922607,3.1817291939504067,3.2833412023898427,74214400
2009-04-17,4.5915961265563965,4.826574001643193,3.9057145977475756,4.305812257161925,62195300
2009-04-20,3.683439254760742,4.350268571393631,3.588177837290987,4.350268571393631,28862700
2009-04-21,3.899364471435547,4.153394796250416,3.0547138912589347,3.1817292050802064,53901000
2009-04-22,3.683439254760742,4.401074579956781,3.5754763351501997,3.6516853479949245,42371300
2009-04-23,3.6961398124694824,3.905714695656068,3.30239274105933,3.79140090277057,37618700
2009-04-24,3.5310218334198,3.7787013402118466,3.2388869062998364,3.6897908023837895,49489500
2009-04-27,3.1182210445404053,3.4802142392251154,3.0801165455463786,3.4230573393202564,28849400
2009-04-28,2.991206407546997,3.302393338161514,2.8451389924267176,3.0166094099307257,27102600
2009-04-29,2.9594531059265137,3.2134834843316655,2.8641919789988517,3.143625062134008,26766300
2009-04-30,2.851489782333374,3.124572530465368,2.76257926804346,3.1182216280308124,26542100
2009-05-01,2.7879812717437744,2.978504036829399,2.7689291769317643,2.813384266711513,14480200
2009-05-04,3.511967658996582,3.5564227503230263,2.794332269120806,2.8006828666698986,47691300
2009-05-05,3.4865660667419434,3.54372298679599,3.1880805679849398,3.365901928804338,30330200
2009-05-06,3.7024903297424316,4.159744885655276,3.4357585559312076,3.683438233228838,66646100
2009-05-07,3.3214447498321533,4.1597444867256375,3.194429775830528,4.140692089211601,42991600
2009-05-08,4.1470441818237305,4.19149928409374,3.099169285093377,3.6072296300221405,68338400
2009-05-11,3.759648561477661,4.140693958313322,3.727894652229805,4.032731030263879,34952800
2009-05-12,3.3976547718048096,3.8739615240062597,3.207132252620836,3.835857020169465,36450500
2009-05-13,2.9848554134368896,3.2896917354633195,2.9531018128508517,3.1880797290637317,34110900
2009-05-14,3.1626787185668945,3.327798332919297,2.889596128031685,2.9213497486086033,24657800
2009-05-15,3.0801162719726562,3.213482158020106,2.984854881534819,3.1753776624104937,22590800
2009-05-18,3.448460578918457,3.518318983355323,3.137273664038378,3.1880796662369493,37149300
2009-05-19,3.327796459197998,3.7342451174849596,3.2769904526190494,3.346848863078947,32999100
2009-05-20,3.105520725250244,3.4548125530322884,3.0293116982959725,3.0928192207578658,101898000
2009-05-21,2.6038103103637695,2.6800193217123227,2.4767952914495144,2.5339520499609294,570981700
2009-05-22,2.5657050609588623,2.7308248405111915,2.52760056633008,2.718123342301597,101604500
2009-05-26,2.432339906692505,2.553004327229619,2.3307278905887014,2.5403028252166435,112017900
2009-05-27,2.5148987770080566,2.6165107509227035,2.470443538420399,2.5466526702701686,89481300
2009-05-28,2.553004026412964,2.5974594296341116,2.3942351185444273,2.5720564286013583,65791800
2009-05-29,2.660966396331787,2.6609663963317876,2.4704437755411,2.5657050102295442,82740200
2009-06-01,2.5339515209198,2.69272026141471,2.508548522440614,2.6736681639691353,58703700
2009-06-02,2.540302038192749,2.5974589309569183,2.4577421492728604,2.540302038192749,47847700
2009-06-03,2.5657050609588623,2.6228619543158387,2.540302064539674,2.546652965058273,38673600
2009-06-04,2.5911078453063965,2.667316828326566,2.5403018566262836,2.5911078453063965,71373600
2009-06-05,2.540302038192749,2.686369417501936,2.5212497910759595,2.648264923268357,51567000
2009-06-08,2.5847575664520264,2.6101605639205006,2.5148991719999128,2.533951420101269,32855500
2009-06-09,2.5784077644348145,2.610161676215841,2.546654155481534,2.584758667922118,21829400
2009-06-10,2.540302038192749,2.6038095285820475,2.5212497910759595,2.591108030504188,29959800
2009-06-11,2.7752814292907715,2.876893772585532,2.5974603584735334,2.616512464647211,103980700
2009-06-12,2.832437038421631,2.9403999327066117,2.7689295426150613,2.781631041776375,38747400
2009-06-15,2.756056547164917,2.870627223449546,2.7051363814864717,2.787881802468009,47528000
2009-06-16,2.705136775970459,2.7878822090185755,2.666946646142445,2.7878822090185755,39745800
2009-06-17,2.5396454334259033,2.666945986451186,2.4441699807184287,2.6478507745064523,57713200
2009-06-18,2.565106153488159,2.679676536431184,2.546010937910244,2.565106153488159,35301600
2009-06-19,2.628756284713745,2.654216369022651,2.5332808168012764,2.628756284713745,65579800
2009-06-22,2.444171190261841,2.622391991991484,2.4250761206216063,2.5969318991378385,43225800
2009-06-23,2.39324951171875,2.4950899713624946,2.329599319287678,2.444169665663608,33198800
2009-06-24,2.425074815750122,2.48236014560116,2.3996147365959017,2.46963010602405,23272800
2009-06-25,2.52055025100708,2.52055025100708,2.3868846844000315,2.393249704154937,31069100
2009-06-26,2.514185905456543,2.514185905456543,2.399615367390962,2.475995776686043,30677500
2009-06-29,2.5905661582946777,2.628756284758689,2.456900412162492,2.4950906903805765,31828500
2009-06-30,2.5714712142944336,2.6351214317753495,2.4759958880730593,2.616026518285164,23859900
2009-07-01,2.5269155502319336,2.584200734361664,2.5141855093142156,2.5714706934439464,16428700
2009-07-02,2.3868846893310547,2.514185236446186,2.3868846893310547,2.488725157373968,23419200
2009-07-06,2.444171190261841,2.482361481296433,2.386885981341138,2.399616027767961,23870000
2009-07-07,2.437805652618408,2.5014560230750336,2.4059805432671415,2.437805652618408,24461600
2009-07-08,2.39324951171875,2.4887249521193873,2.2595839558594695,2.450534684906715,34906000
2009-07-09,2.444171190261841,2.4759964580830216,2.405981050981372,2.4314411438350176,18983400
2009-07-10,2.48236083984375,2.4887258614124126,2.399615407697052,2.431440515540365,18488000
2009-07-13,2.5905661582946777,2.5905661582946777,2.456900412162492,2.539645837921923,26174600
2009-07-14,2.6032967567443848,2.6478517620525586,2.5460114030530634,2.584201537677874,25469500
2009-07-15,2.6796765327453613,2.7115017908287267,2.6096611470668507,2.641486405150216,34197400
2009-07-16,2.6860413551330566,2.705136570349699,2.603296231882671,2.6414863588078066,21168400
2009-07-17,2.5778355598449707,2.6733107036474597,2.4759950928306327,2.6733107036474597,25975500
2009-07-20,2.5714712142944336,2.628756561781347,2.5523763008042475,2.5969313012868,24797500
2009-07-21,2.17684006690979,2.3677909153614625,2.1386497758161562,2.3486958456917075,101115800
2009-07-22,2.22775936126709,2.335964864518506,2.100458795986729,2.164109154503941,49368600
2009-07-23,2.3295998573303223,2.3486949194698252,2.1832042291734024,2.2850445605840846,41573600
2009-07-24,2.348694086074829,2.3677891414387697,2.2468536390464697,2.2977737866836443,20355800
2009-07-27,2.5587399005889893,2.5841999749424693,2.348694135418763,2.361424172595503,52668900
2009-07-28,2.488725423812866,2.5778358618596893,2.4696303624644167,2.565105820960723,26472600
2009-07-29,2.4759955406188965,2.5651059843414816,2.444170284590358,2.4950906031835784,27424900
2009-07-30,2.6924068927764893,2.724232154612817,2.5460112346441246,2.5587412786770174,55067800
2009-07-31,2.8133420944213867,2.8388021791530433,2.6605812825232977,2.6987714096207824,33580900
2009-08-03,2.8260715007781982,2.8769916587819,2.7242311847707943,2.756056131769067,38427200
2009-08-04,2.91518235206604,3.0106578189017514,2.736961763913644,2.7878819319571857,45954000
2009-08-05,3.0106582641601562,3.0615784397344883,2.9151827832041906,2.9597380885858247,46393000
2009-08-06,2.927912712097168,3.106133623115475,2.9024526253100067,3.0806735363283133,49824800
2009-08-07,3.1379587650299072,3.18251407129093,2.991563105610197,3.0233883677263833,42904400
2009-08-10,3.1634185314178467,3.2397990920227566,3.0552133189515347,3.1634185314178467,36374500
2009-08-11,3.0297536849975586,3.1506889583451234,2.9915632472467193,3.1443240877254555,34391500
2009-08-12,3.0679445266723633,3.0997694941255856,2.966103841700531,2.997929112662031,29488000
2009-08-13,3.3098161220550537,3.3607366269014194,3.1379602907850477,3.3034512486419705,66286700
2009-08-14,3.5898756980895996,3.6917163522218863,3.34800486535736,3.4243851283254356,90586900
2009-08-17,3.3416390419006348,3.47530462785731,3.309813786764997,3.3734642970362723,42876400
2009-08-18,3.462575912475586,3.545321364708575,3.3607355426554415,3.4052905526976334,42514200
2009-08-19,3.5071299076080322,3.691715660270757,3.3543691067961845,3.398924403597167,38734200
2009-08-20,3.4944007396698,3.596241409016526,3.4116555941801376,3.4816706939399875,42430400
2009-08-21,3.7299060821533203,3.761731036543062,3.558050357222626,3.5835104421376807,52353200
2009-08-24,3.628065586090088,3.8890319223128818,3.596240630409958,3.8317465771772157,49706800
2009-08-25,3.7108101844787598,3.8126505054155873,3.6407948120806424,3.7426354365255667,44400900
2009-08-26,3.717177391052246,3.8190177677358923,3.6471619803281077,3.749002357011754,43023800
2009-08-27,3.768096446990967,3.7871913601265406,3.5898755378459684,3.729906317211647,40537000
2009-08-28,3.7999210357666016,3.86993641867587,3.749000867653731,3.844476334619435,27695800
2009-08-31,3.7299060821533203,3.7871911214581164,3.6789859123232116,3.7362709516280077,34671500
2009-09-01,3.5262250900268555,3.825381542252166,3.5071301781449904,3.6789859026225393,55743500
2009-09-02,3.3034491539001465,3.500764960719736,3.2843539387526355,3.462574833932862,49530900
2009-09-03,3.3289084434509277,3.456208835673342,3.303448365006445,3.392558639562135,41649800
2009-09-04,3.5198607444763184,3.538955659200332,3.3416398205057387,3.35436986482448,29040800
2009-09-08,3.5644161701202393,3.653526490908481,3.5134959868126723,3.6280663992546973,20003300
2009-09-09,3.602604627609253,3.621699839199095,3.5134943483755365,3.5707796796369715,23552600
2009-09-10,3.5644161701202393,3.6089714822684766,3.5198611614802346,3.5962414364415847,17469200
2009-09-11,3.5071299076080322,3.596240197701868,3.48166952121595,3.5707801148179152,21438800
2009-09-14,3.513495683670044,3.5134956836700444,3.3925601069947167,3.4498454600272948,22909100
2009-09-15,3.8642053604125977,3.9534773471516855,3.5071171093973827,3.5708828142110165,68683800
2009-09-16,4.074633598327637,4.291437365795175,3.8131939757172235,3.8833364247318314,80536800
2009-09-17,3.998115301132202,4.342450566947683,3.908843274010152,4.087387328254252,68204500
2009-09-18,3.908841371536255,4.068255780123617,3.8386989466213364,4.042749499074348,48860800
2009-09-21,4.163907051086426,4.246802363531272,3.90246705319409,3.9088437794139472,42629900
2009-09-22,4.342451572418213,4.374334598659355,4.214920075571789,4.278685823995001,38885900
2009-09-23,4.189412593841553,4.406216077292904,4.189412593841553,4.399839656279711,28920900
2009-09-24,4.061880588531494,4.253178072549382,3.959855425886737,4.227671781888192,39934400
2009-09-25,4.055504322052002,4.093763759498089,3.953478851470122,3.9598555764072936,27796200
2009-09-28,4.195790767669678,4.195790767669678,4.049129374389775,4.074635677215922,23837000
2009-09-29,4.112894058227539,4.285061709407784,4.106517636214437,4.227672695053726,34630800
2009-09-30,3.959857702255249,4.170284873205958,3.857832480960152,4.1447785678821845,47949300
2009-10-01,3.806818962097168,4.0108696763629,3.7685595101834233,3.927974045186906,43100000
2009-10-02,3.6920385360717773,3.9088422794042788,3.5517539577182866,3.6665322490984154,36211500
2009-10-05,3.800441265106201,3.870583722136337,3.7366755332874377,3.7685582471673227,27108000
2009-10-06,3.7621803283691406,3.9726073116339466,3.717544181835232,3.896088463911994,38988400
2009-10-07,3.8259477615356445,3.8323244870865287,3.679286418514418,3.7366757322363355,20706300
2009-10-08,3.787686586380005,3.9279711396271737,3.781309863748426,3.9024648572185976,26485300
2009-10-09,3.794064998626709,3.806818146532416,3.7430524070038804,3.7876885767033706,19185600
2009-10-12,3.8259477615356445,3.8833370752575624,3.794064741899244,3.8195710359847608,15915600
2009-10-13,3.800441265106201,3.902466436016222,3.7685582471673227,3.845077429408832,34364600
2009-10-14,3.8833372592926025,3.940726271675231,3.774935352262382,3.8769605334395196,52926800
2009-10-15,3.8833372592926025,3.953479419322373,3.787688499909524,3.8450778163511763,35311700
2009-10-16,3.717545509338379,3.851453692698679,3.717545509338379,3.8131942551755906,26271800
2009-10-19,3.6346497535705566,3.762181510574153,3.6027670423638836,3.7494283652796905,31722600
2009-10-20,3.7047934532165527,3.8960910011587857,3.5134962093333906,3.532625781692172,84135300
2009-10-21,3.6410272121429443,3.838701156080318,3.621897338315895,3.621897338315895,43310700
2009-10-22,3.7047934532165527,3.7366764792266154,3.5390025085178123,3.66015727761428,35075700
2009-10-23,3.526247978210449,3.762181305315337,3.475235095756814,3.762181305315337,41539800
2009-10-26,3.2520554065704346,3.5645079527237202,3.2137959669706646,3.5198717878278227,48627200
2009-10-27,3.232924699783325,3.3413262550947174,3.137275982453141,3.2201715577432264,45645500
2009-10-28,3.073512077331543,3.2711860470767755,3.054382201006941,3.2648093202822186,58697900
2009-10-29,3.3030688762664795,3.3221987532130597,3.150031076930154,3.1627842268748476,46967600
2009-10-30,3.08626389503479,3.2966909235037187,3.060757606981522,3.283937779477085,41091800
2009-11-02,3.0480055809020996,3.213796514057124,3.0033694084077607,3.130900895450087,38485000
2009-11-03,3.08626389503479,3.1627827591945934,2.965108874752299,3.0161214508588343,34751400
2009-11-04,2.9778614044189453,3.2010415308704108,2.9651082630234007,3.1691585253521124,31342400
2009-11-05,3.0671350955963135,3.105394541006319,2.939603610896297,3.022498923921786,30675200
2009-11-06,3.028876543045044,3.124525336795135,2.9842403582125656,3.0033702385862373,24253200
2009-11-09,3.1627840995788574,3.1755372490102616,3.022499151774347,3.0862652029904334,31464600
2009-11-10,3.079887628555298,3.188289520915875,3.035251769860225,3.143653358161819,20804000
2009-11-11,3.073512077331543,3.1882904231019484,3.054382201006941,3.092641649597076,23008200
2009-11-12,3.0416290760040283,3.1627841495459625,3.0224991995251664,3.073512102115774,34436600
2009-11-13,3.079887628555298,3.1181470663192106,3.022498319879938,3.048004915781529,23893300
2009-11-16,3.143653392791748,3.213795848161089,3.0926408085445853,3.1245238257285552,29667600
2009-11-17,3.3030688762664795,3.360458203047141,3.1117716270960725,3.13727792698546,38180700
2009-11-18,3.4369752407073975,3.5517538320865314,3.252054514662031,3.334950096422758,56042900
2009-11-19,3.411470413208008,3.4688597334343383,3.373210967743469,3.3987172647198283,39438100
2009-11-20,3.4752349853515625,3.5198711420583337,3.373209831803447,3.3859629759969616,35099900
2009-11-23,3.62827467918396,3.711170306384957,3.449730274755588,3.5134963289465584,36944000
2009-11-24,3.6601569652557373,3.7302994340564593,3.551755355002496,3.6218975197441736,28998900
2009-11-25,3.6984148025512695,3.730297505296349,3.6665317957473036,3.711167944461079,19397300
2009-11-27,3.5581300258636475,3.6729086099617616,3.5071174569573276,3.551753606779805,16437100
2009-11-30,3.7366762161254883,3.7430526384430913,3.5645085567235126,3.5645085567235126,31663200
2009-12-01,3.6856629848480225,3.8195708709827825,3.609143801838021,3.768558285015446,34446800
2009-12-02,3.730299711227417,3.8131953346913536,3.685663840176887,3.698416989628334,30304700
2009-12-03,3.5071182250976562,3.813194009632174,3.4943650800778414,3.7813109950531563,36072400
2009-12-04,3.6410272121429443,3.6474036340459417,3.5453784511257562,3.6346504861809183,29569200
2009-12-07,3.596390724182129,3.61552059631553,3.5326249905024643,3.6027674495795967,27671600
2009-12-08,3.62827467918396,3.653780979236716,3.481613301851073,3.519872751930207,26151500
2009-12-09,3.5453784465789795,3.6410272074735026,3.5326252987303115,3.6410272074735026,15592300
2009-12-10,3.526247978210449,3.570883832276322,3.4816118200856256,3.558130687677651,19940800
2009-12-11,3.5581300258636475,3.5581300258636475,3.5007407338145904,3.5453768836370676,10874400
2009-12-14,3.5645194053649902,3.57729544857184,3.5134152325375907,3.5645194053649902,14594400
2009-12-15,3.411207675933838,3.56452022987897,3.404819500550307,3.513416045230593,22634400
2009-12-16,3.404818058013916,3.4814743025091457,3.3856541491925283,3.436758312189348,19343900
2009-12-17,3.404818058013916,3.519802729361599,3.33454968159087,3.3537138950170964,16413500
2009-12-18,3.4814751148223877,3.513415376450263,3.4112070266089174,3.443146983631883,25628200
2009-12-21,3.5006394386291504,3.5070273083850396,3.4750873503957562,3.5006394386291504,11594700
2009-12-22,3.538968563079834,3.538968563079834,3.4942522438333365,3.5070282915316207,8637300
2009-12-23,3.4367589950561523,3.5389673413580782,3.4239829517684117,3.5261912980703376,7642600
2009-12-24,3.468698740005493,3.4878629560739793,3.423982743520494,3.4431466549840994,3305200
2009-12-28,3.417595863342285,3.5006403233921994,3.3984319446261484,3.4687000527253105,9044900
2009-12-29,3.4239814281463623,3.4431453322478647,3.411205390543773,3.4239814281463623,8039500
2009-12-30,3.398430109024048,3.4303700578341405,3.3664898556091236,3.39204193649913,10377600
2009-12-31,3.3792667388916016,3.411207000272884,3.308998346615725,3.3984309566413526,9583700
2010-01-04,3.462310552597046,3.4942505036335834,3.4048182142844854,3.4239824285902896,11754800
2010-01-05,3.5772955417633057,3.5836837158355963,3.4239830192871907,3.4239830192871907,23691300
2010-01-06,3.6220123767852783,3.6347884221956073,3.5453561043233024,3.58368424055429,22415300
2010-01-07,3.941413402557373,3.9733533604250595,3.5900717337784007,3.6156238219145167,41430700
2010-01-08,3.947800397872925,4.018068776985644,3.8775323233650556,3.928636488317997,25980300
2010-01-11,4.037234783172607,4.069174748143119,3.8775340445050914,4.00529451359711,27433000
2010-01-12,3.992518424987793,4.056398658866601,3.9605781557458974,3.998906600678165,32974200
2010-01-13,4.062784671783447,4.139440911631009,3.883919807534316,3.9733520873564716,41055600
2010-01-14,4.184158802032471,4.1969348468870225,4.0244580890481005,4.050010178757205,31881500
2010-01-15,4.164994716644287,4.184158936846054,4.00529399851436,4.15221867137809,28504300
2010-01-19,4.158605098724365,4.190545046165115,4.062784647192479,4.094724594633228,22996900
2010-01-20,4.299144268035889,4.305532139739131,4.094727195246949,4.126667467578193,32758200
2010-01-21,4.3821845054626465,4.644093389369758,4.318304327022463,4.331080362710499,81428500
2010-01-22,4.216097831726074,4.375798509477856,4.145829448225927,4.343858556690422,48623600
2010-01-25,4.184158802032471,4.273591116014336,4.0244580890481005,4.216098761866383,34139700
2010-01-26,3.883920431137085,4.133053402944894,3.871144389111168,3.9925169406598107,67534400
2010-01-27,3.941413402557373,4.050009929438326,3.864757138149025,3.864757138149025,38492200
2010-01-28,4.107500076293945,4.184156609864213,3.9541876183629627,4.0563959236502845,38907900
2010-01-29,4.056397914886475,4.196934708249114,4.037234000540159,4.14583022591411,29037400
2010-02-01,4.241650104522705,4.2544261471271,4.081949419665323,4.094725462269718,30603000
2010-02-02,4.2033233642578125,4.331084137081429,4.152219176970359,4.273591774080552,35671900
2010-02-03,4.081948280334473,4.184156897246613,4.011680217925574,4.1394406083097515,34371800
2010-02-04,3.909472942352295,4.050009724597812,3.851980899256313,4.043621550584424,41144000
2010-02-05,3.947800397872925,3.986128521587631,3.7753236888543227,3.915860447079762,24816400
2010-02-08,3.9797420501708984,4.113890682561318,3.8711455092258005,3.947801783561767,25259900
2010-02-09,4.018069267272949,4.1202776096503575,3.9925171816785974,4.037233483771157,21901600
2010-02-10,4.062784671783447,4.139440911631009,3.992516299620772,4.005292339595366,18117800
2010-02-11,4.075562000274658,4.1586064386669905,4.062785956260831,4.101114088302311,19687200
2010-02-12,4.056397914886475,4.081950003751514,3.966965603858839,4.037234000540159,22126400
2010-02-16,4.228873252868652,4.248037465411272,4.062784730786848,4.094724678884782,17782600
2010-02-17,4.126666069030762,4.279978593210339,4.101113981667499,4.254426505847077,16534700
2010-02-18,4.101114273071289,4.12666636225015,4.030845875526956,4.0947260984741085,18949400
2010-02-19,4.196932315826416,4.228872256398182,4.081947676874752,4.088335847751957,14485500
2010-02-22,4.35024881362915,4.388576960778588,4.196936225031401,4.216100146303601,23729800
2010-02-23,4.171381950378418,4.318306590091101,4.152217734500731,4.299142374213413,20854700
2010-02-24,4.241650104522705,4.279978232335891,4.171382022500972,4.184158065105367,20217300
2010-02-25,4.177769184112549,4.196933397076661,4.0883369010246335,4.139441062789157,18802500
2010-02-26,4.31191873550415,4.324694778832559,4.152218041596589,4.177770128253407,19859000
2010-03-01,4.248038291931152,4.363022675744347,4.184158078701601,4.318306678786102,16291900
2010-03-02,4.2224860191345215,4.311918313684541,4.190545761635651,4.260814145370244,16207600
2010-03-03,4.228873252868652,4.27358954573155,4.2097093449308565,4.222485385090995,12900100
2010-03-04,4.2608137130737305,4.279977621944812,4.203321377250807,4.216097418033142,11836200
2010-03-05,4.369410991668701,4.375798860897248,4.273590516401338,4.305530471753863,18875100
2010-03-08,4.45884370803833,4.48439579654016,4.356635354031008,4.356635354031008,19023600
2010-03-09,4.414126873016357,4.471619217573002,4.3183067048951305,4.426902915739514,22997500
2010-03-10,4.656872272491455,4.867677142542565,4.433291358940427,4.478007663492595,40783500
2010-03-11,4.714364051818848,4.765468219653491,4.631319626785118,4.688811967901526,24929300
2010-03-12,4.688813209533691,4.816573662952205,4.6440968985347375,4.797409747241902,29002600
2010-03-15,4.61854362487793,4.714364092701263,4.541887372461211,4.650483882353997,19977400
2010-03-16,4.8040547370910645,4.81684847879326,4.612148306531258,4.669720296704572,22336300
2010-03-17,4.925593376159668,4.9703716086799385,4.8296405000868425,4.861624690435534,25224500
2010-03-18,4.797657012939453,4.951181890940643,4.695307094271993,4.944785173537336,26623500
2010-03-19,4.720893383026123,4.8616244856924515,4.682512173208034,4.720893383026123,22666300
2010-03-22,4.87441873550415,4.887212473457176,4.5801624575578,4.66332190676585,19801300
2010-03-23,4.944784641265869,4.951181357980614,4.797656496505302,4.874418927242958,23056900
2010-03-24,5.021546840667725,5.053531337848325,4.8744187026851495,4.912799916285808,26987400
2010-03-25,4.9191975593566895,5.149485175088156,4.8936100803895055,5.098309912126978,35378100
2010-03-26,4.880815029144287,5.059927333776581,4.83603680047285,4.95757744541527,22603200
2010-03-29,4.887213230133057,4.976769714696828,4.810450790529956,4.919197732481092,17755000
2010-03-30,4.87441873550415,4.893609494947075,4.797656307786,4.868022019041025,12744700
2010-03-31,5.021546840667725,5.040737599981439,4.810450013350719,4.829640772664434,21527100
2010-04-01,4.970371723175049,5.079118643924497,4.900006014744213,5.0535311690454225,20835000
2010-04-05,5.239038944244385,5.245435963932735,5.015148745632484,5.072720397694202,28483800
2010-04-06,5.469327926635742,5.635646813306186,5.219849596630075,5.2326436387063415,58256900
2010-04-07,5.354185104370117,5.693219359375361,5.303010145503425,5.5141070033419375,54566600
2010-04-08,5.501313209533691,5.552488165059751,5.245437821849804,5.290216365475299,32548400
2010-04-09,5.494917392730713,5.571679842855424,5.437345402623747,5.533298312766206,17760100
2010-04-12,5.590868949890137,5.70601290223938,5.4885190411590665,5.4885190411590665,49794500
2010-04-13,5.334994792938232,5.539694633992707,5.334994792938232,5.462932193597279,38303500
2010-04-14,5.642045497894287,5.693220466714581,5.398964090971016,5.443742646229085,36670800
2010-04-15,5.4565348625183105,5.674028736367607,5.4053599051483125,5.629250801182262,39132300
2010-04-16,5.30940580368042,5.501312155149057,5.123896472939881,5.501312155149057,55336900
2010-04-19,5.3285980224609375,5.3989634436386345,5.143088630216396,5.245438555585292,29882900
2010-04-20,5.6292524337768555,5.6292524337768555,5.1175021016055435,5.277424042280717,58631800
2010-04-21,5.622855186462402,5.968286540202102,5.437345767047634,5.514108222317148,60841600
2010-04-22,5.68682336807251,5.7252042850371865,5.482122907397425,5.5332978700527775,28106700
2010-04-23,5.725203037261963,5.846744004619524,5.629250155708978,5.725203037261963,27691000
2010-04-26,5.558884620666504,5.789172532397978,5.501313252787232,5.7635850544337695,21155500
2010-04-27,5.392567157745361,5.5652825083564235,5.3541856298019646,5.514107544467687,39730200
2010-04-28,5.4309468269348145,5.5908687048308,5.398962329344907,5.475725367582105,22352500
2010-04-29,5.533297538757324,5.578076085939985,5.392566704907929,5.475726166757284,24888900
2010-04-30,5.654837131500244,5.6868216258745825,5.462930775307702,5.49491526968204,30368300
2010-05-03,5.654837131500244,5.731599551966563,5.571677690148359,5.661234152385809,20912900
2010-05-04,5.48852014541626,5.648442062497279,5.43734518075463,5.590870074739519,25258700
2010-05-05,5.546090126037598,5.642042997539273,5.245436859917011,5.373374225270405,24758100
2010-05-06,5.251834392547607,5.597265617694619,4.85522821627167,5.507709148192232,43556500
2010-05-07,5.111103534698486,5.360581906462143,4.957578664407131,5.277422449207591,46609300
2010-05-10,5.443741321563721,5.539694212239417,5.309406908585586,5.379772321077524,28882900
2010-05-11,5.546090126037598,5.667630470609953,5.296611806058369,5.296611806058369,32127900
2010-05-12,5.635647773742676,5.680425708533732,5.571678772566646,5.590869228898011,20856400
2010-05-13,5.590868949890137,5.731600379422147,5.5780755163255415,5.610060015317395,17484400
2010-05-14,5.283819675445557,5.443741574024028,5.175072735607906,5.443741574024028,34245400
2010-05-17,5.29021692276001,5.341391883676968,5.091913491666556,5.277422877503943,27055800
2010-05-18,5.066324234008789,5.38616793256968,4.906402384728343,5.36697748147099,28755000
2010-05-19,5.002357006072998,5.1238976833782655,4.861625567076663,5.015150745524773,36775400
2010-05-20,4.637733459472656,4.861623979269442,4.631336439322632,4.8104490381760865,40050400
2010-05-21,4.778465270996094,4.810449766535631,4.477812294036823,4.528987242878677,42828400
2010-05-24,4.605749130249023,4.791258450729569,4.605749130249023,4.784861735381991,20185700
2010-05-25,4.765672206878662,4.784862967918196,4.381859731329173,4.433034687398864,35971100
2010-05-26,4.733686923980713,4.887211756907624,4.708099451826228,4.868021305305125,23517500
2010-05-27,5.040739059448242,5.047135777720369,4.765673158129025,4.8616263724258015,23019100
2010-05-28,4.880815029144287,5.0791180903576905,4.855227557053959,5.059927333776581,16599800
2010-06-01,4.720893383026123,4.919196452932956,4.720893383026123,4.823243275874361,17244200
2010-06-02,4.9191975593566895,4.9191975593566895,4.746481923814792,4.784863142265568,13643300
2010-06-03,4.887213230133057,5.021547651951893,4.855229032811842,4.957578952282643,13181400
2010-06-04,4.560971736907959,4.778465269413822,4.522590525289277,4.727290320588913,25696900
2010-06-07,4.42024040222168,4.676115455981315,4.401049948580095,4.599353031361453,20635000
2010-06-08,4.541781902313232,4.548178924730779,4.337082065380826,4.46501946346358,34936300
2010-06-09,4.343476295471191,4.605747963863854,4.311491811753073,4.592954231381934,30532600
2010-06-10,4.580164432525635,4.580164432525635,4.3882582804802865,4.426639510889356,23385000
2010-06-11,4.5161943435668945,4.522591365872357,4.381859925420312,4.522591365872357,19446800
2010-06-14,4.580164432525635,4.650530174122381,4.465020741298426,4.567370689055945,20885400
2010-06-15,4.7018723487854,4.721089639248053,4.516103578562035,4.6314082376979195,16845500
2010-06-16,4.586568832397461,4.663438934879646,4.535322301044952,4.631409700057617,21471500
2010-06-17,4.580163478851318,4.6314100136739915,4.516105310322978,4.618598379968324,19927900
2010-06-18,4.580163478851318,4.618598379968324,4.516105310322978,4.573757509271764,14760300
2010-06-21,4.59297513961792,4.708279843648287,4.5545402382744635,4.650627644359825,19478200
2010-06-22,4.484076023101807,4.618598328231136,4.484076023101807,4.618598328231136,16738900
2010-06-23,4.528915882110596,4.567350774215575,4.420016868419802,4.490480990005616,17371600
2010-06-24,4.362365245819092,4.5161051502927085,4.343147948668284,4.484075914436787,23105800
2010-06-25,4.477670192718506,4.477670192718506,4.323930585195863,4.439235290837845,24197300
2010-06-28,4.535321235656738,4.56735046295481,4.445639826856826,4.452045489044431,18553900
2010-06-29,4.330336093902588,4.477669716033513,4.272683594492459,4.452046450840881,29651000
2010-06-30,4.215029239654541,4.432827203372114,4.195811951946097,4.3303341877183295,17448800
2010-07-01,4.093322277069092,4.3239320731648805,3.9844231982057043,4.221438966212776,27632300
2010-07-02,3.9972329139709473,4.15737846928299,3.9203631207299843,4.106131940455681,18842300
2010-07-06,4.106132984161377,4.221438008784705,4.048480777303196,4.0676980777714284,21651600
2010-07-07,4.240654468536377,4.253466101459766,4.074103240532316,4.106132170114077,30843900
2010-07-08,4.375178337097168,4.381584308584512,4.259873599406772,4.311120149491392,24643800
2010-07-09,4.580163478851318,4.605786746262655,4.343148102569734,4.362365400401516,20138500
2010-07-12,4.637814521789551,4.695467011821457,4.516104184649651,4.535321477691375,20507200
2010-07-13,4.72749662399292,4.772337181693521,4.66343846623964,4.721090655490897,18449600
2010-07-14,4.580163478851318,4.64422164737966,4.4904820429116405,4.64422164737966,22484800
2010-07-15,4.496887683868408,4.605786722532229,4.36877134747182,4.605786722532229,23794800
2010-07-16,4.195812702178955,4.452045287129119,4.170189443683938,4.43923365788161,21697500
2010-07-19,4.279088973999023,4.298306574344455,4.106131792703715,4.183001888632048,19111600
2010-07-20,4.202220439910889,4.221438046002032,4.0548864780570755,4.176597168758355,21502600
2010-07-21,3.971609354019165,4.323929671669919,3.971609354019165,4.291900440809529,36413200
2010-07-22,4.227841377258301,4.240653005762438,4.035666949696247,4.042072611221657,22231500
2010-07-23,4.259871006011963,4.311117524897879,4.118942773622346,4.183001227683088,19309800
2010-07-26,4.541726589202881,4.548132250524365,4.221435581342668,4.285493721824049,26631800
2010-07-27,4.618598461151123,4.9452952791148554,4.612192491458968,4.855613841598814,44147800
2010-07-28,4.663437843322754,4.714684362680144,4.554538836961624,4.554538836961624,23070800
2010-07-29,4.733902454376221,4.797960614393838,4.644221030351557,4.721090822372697,24413000
2010-07-30,4.695466041564941,4.753118519683719,4.644219530105274,4.663437124629301,17229200
2010-08-02,4.932482719421387,4.945294350947673,4.772337172616102,4.797960435668677,22209600
2010-08-03,4.855612277984619,4.970917251685091,4.8428006481793835,4.906858797205563,15767500
2010-08-04,4.868426322937012,4.970919717677555,4.855614686776132,4.868426322937012,13133200
2010-08-05,4.785149097442627,4.836395932142282,4.644221142015451,4.829989963259797,15962800
2010-08-06,4.7403082847595215,4.759525579477252,4.612191663009949,4.733902316218016,13619600
2010-08-09,4.862019062042236,4.881236357250377,4.701873509858536,4.765931669641336,16787900
2010-08-10,4.913265705108643,4.945294633024578,4.7659317814258,4.78514907708468,19654500
2010-08-11,4.59297513961792,4.836396486913251,4.5865691700006215,4.817178883514801,17501300
2010-08-12,4.573757648468018,4.605786886433677,4.439235337737772,4.496887843894577,13204900
2010-08-13,4.580163478851318,4.6570332810853285,4.554540211439982,4.567351845145651,12732300
2010-08-16,4.599381923675537,4.599381923675537,4.509700465371124,4.580164621051351,14887200
2010-08-17,4.580163478851318,4.669844914790997,4.535322608154758,4.669844914790997,12800200
2010-08-18,4.618598461151123,4.708279898667165,4.516105389704219,4.5737575896663785,27061800
2010-08-19,4.445641040802002,4.657033143423503,4.420017774148088,4.592974976788719,15343400
2010-08-20,4.368770599365234,4.445640388040035,4.2854948422408405,4.407205493702635,12275700
2010-08-23,4.381582260131836,4.541727807002697,4.375176291639375,4.439234449297041,13209400
2010-08-24,4.202220439910889,4.349554401764702,4.183003139273231,4.311119495035901,12927800
2010-08-25,4.150972366333008,4.195813227035117,4.003638458829931,4.144566398181261,20586000
2010-08-26,4.067697048187256,4.253465868111708,4.035668120362623,4.1701904114049375,17536100
2010-08-27,4.227841377258301,4.227841377258301,4.067695868229931,4.131754010750615,13131000
2010-08-30,4.099725246429443,4.253464794262049,4.099725246429443,4.215029907303898,12162800
2010-08-31,4.118942737579346,4.2022184827669244,4.067696219141864,4.086913816282592,14442000
2010-09-01,4.387989044189453,4.387989044189453,4.163785282382621,4.195814522120798,13605300
2010-09-02,4.439233779907227,4.439233779907227,4.3559583402360165,4.394393229035039,8420200
2010-09-03,4.41361141204834,4.573756967112756,4.3623648833002715,4.560945334925738,13639000
2010-09-07,4.208624362945557,4.355958253121976,4.20221839554716,4.3367406563801225,12109400
2010-09-08,4.4072065353393555,4.439235468797152,4.227843347252544,4.253466616200166,16209400
2010-09-09,4.426422119140625,4.541727090179161,4.336740712574363,4.522509493188291,13851400
2010-09-10,4.41361141204834,4.464857940796408,4.387988147674306,4.439234676422374,8154300
2010-09-13,4.663437843322754,4.669843505515753,4.535321239475929,4.535321239475929,13918500
2010-09-14,4.573757648468018,4.65062775849491,4.528917081860237,4.637815818945885,20255100
2010-09-15,4.483950138092041,4.5673427060729255,4.445461331150521,4.548098455543089,16751600
2010-09-16,4.4582905769348145,4.490364733095367,4.419801773071244,4.439046327943941,9689700
2010-09-17,4.381314754486084,4.490366562809717,4.374900104169254,4.47753695629411,25635200
2010-09-20,4.5288543701171875,4.5288543701171875,4.368484171575296,4.406972982519524,24188100
2010-09-21,4.548097133636475,4.695637670303832,4.503193385648407,4.535267535051563,19284000
2010-09-22,4.43263053894043,4.580171078884701,4.413386293576523,4.522438036911215,13547000
2010-09-23,4.336410045623779,4.528854088372792,4.336410045623779,4.3748988541735825,13444600
2010-09-24,4.4582905769348145,4.503194334383224,4.40055752408037,4.439046327943941,14530900
2010-09-27,4.4711198806762695,4.548097789162467,4.445460679808138,4.49036443426827,10829200
2010-09-28,4.554512023925781,4.554512023925781,4.432630677900334,4.5160232261096045,14300300
2010-09-29,4.625075817108154,4.676394223563873,4.477535245607049,4.509609402582789,28155000
2010-09-30,4.6635637283325195,4.81110427156237,4.625074930865834,4.676393327488082,16714300
2010-10-01,4.605833053588867,4.766203289093964,4.573759190017017,4.702055256068315,12211600
2010-10-04,4.6443190574646,4.708467357477853,4.567341464506811,4.599415614513438,11761000
2010-10-05,4.836764335632324,4.888082741440334,4.65714991530429,4.7148829688973874,18308000
2010-10-06,4.8111066818237305,4.888084315321248,4.785447470657891,4.8431808487219925,9105500
2010-10-07,4.721297264099121,4.875252460051481,4.682808465111031,4.849593260726087,12562500
2010-10-08,4.7597856521606445,4.766200298497305,4.682808060830171,4.734126455050486,9048600
2010-10-11,4.695639133453369,4.791860999881819,4.682809530870785,4.7469575437837035,5744000
2010-10-12,4.791860103607178,4.798275056639537,4.6314899483797625,4.657149454627402,8845300
2010-10-13,4.6828107833862305,4.856010617517944,4.669981177372101,4.836766055555782,12596700
2010-10-14,4.599417209625244,4.669980180582524,4.4903654288408665,4.657150577306825,14106900
2010-10-15,4.5288543701171875,4.657150712479828,4.4390471445806545,4.631491199301797,14005700
2010-10-18,4.714883327484131,4.72129828163893,4.49036513205762,4.509609688640166,11702900
2010-10-19,4.70846700668335,4.7854445939060835,4.612244869714061,4.612244869714061,17524800
2010-10-20,4.669978141784668,4.727711178379552,4.5288522614822035,4.676392787681105,19653500
2010-10-21,4.669978141784668,4.8303482656581815,4.637903994657271,4.702051983030328,14803400
2010-10-22,4.580171585083008,4.734127094418179,4.554512384507446,4.669979092979274,12958000
2010-10-25,4.509609222412109,4.637905233425644,4.496779621310756,4.6314902799340585,14203800
2010-10-26,4.156794548034668,4.310749754389157,4.099061192710832,4.265846305476667,53827900
2010-10-27,4.0862321853637695,4.208113561028355,4.066987934716748,4.124720992539663,19982900
2010-10-28,4.034912586212158,4.143964327333853,3.9835941917741273,4.131134728724345,31014900
2010-10-29,4.041327476501465,4.1054754685655706,4.015668279675823,4.034912524354177,19494000
2010-11-01,3.996425151824951,4.092647327116645,3.951521388453664,4.073402769705561,12189000
2010-11-02,3.9258604049682617,4.041327085390797,3.9002012106258594,4.041327085390797,19734100
2010-11-03,4.041327476501465,4.047742122766999,3.932275737051608,3.932275737051608,19403100
2010-11-04,4.195283889770508,4.227358048164843,4.054158265775486,4.099061720469344,24216400
2010-11-05,4.137549877166748,4.349238738734034,4.079816829359121,4.1888685837139,39522700
2010-11-08,4.066987991333008,4.13113600418583,3.9835954216834124,4.1247210499596205,22154300
2010-11-09,3.977180004119873,4.150379771585826,3.9579357554468877,4.0798171186091245,23531400
2010-11-10,4.009253978729248,4.060572380715893,3.9451059762459404,4.009253978729248,21403000
2010-11-11,4.111891746520996,4.195284322237235,3.9643511532852944,3.9707661079781786,23826700
2010-11-12,3.9451067447662354,4.092647332160156,3.938691790327348,4.073402774725356,20555200
2010-11-15,3.977180004119873,4.041328315381336,3.9643504030439436,4.015669113229478,15669500
2010-11-16,3.7975661754608154,3.8873733968599677,3.566633014552559,3.8873733968599677,79418100
2010-11-17,3.553802728652954,3.791150492543793,3.444750970681,3.791150492543793,73884200
2010-11-18,3.4062633514404297,3.6307815926842335,3.2972115556095187,3.6051223825924796,124940100
2010-11-19,3.5281429290771484,3.5345578812259855,3.2843802532929245,3.3164544022736004,56849500
2010-11-22,3.43192195892334,3.5217291784752907,3.374188899295158,3.5024849272265164,30803400
2010-11-23,3.342113971710205,3.5666321219606965,3.31645477201768,3.3485286186924426,72941200
2010-11-24,3.3613579273223877,3.4511654243474066,3.31645448469164,3.3613579273223877,22443600
2010-11-26,3.3677730560302734,3.3998472074880346,3.322869305165763,3.322869305165763,7149000
2010-11-29,3.444751739501953,3.4768259010810865,3.342114911859725,3.3549445153150037,25187500
2010-11-30,3.4511666297912598,3.4896554394391113,3.3998482169274573,3.3998482169274573,22928800
2010-12-01,3.637195587158203,3.6436102350453603,3.4832400614026304,3.502484616827764,28193000
2010-12-02,3.8873727321624756,3.9002023330257787,3.617950808151306,3.6371953623871662,47685000
2010-12-03,3.900202751159668,3.91303235339841,3.7911509791894398,3.8168101836669233,20281800
2010-12-06,3.8937864303588867,3.9258602692371194,3.7911493506560867,3.9130306725094837,24239800
2010-12-07,3.855299949645996,3.990010643042099,3.8296404349379936,3.977181038629046,18902400
2010-12-08,4.060572147369385,4.163208945444508,3.868128150978529,3.874542797917331,42035100
2010-12-09,4.1696248054504395,4.201698964768184,4.02208422317615,4.111891441031241,36481200
2010-12-10,4.143964767456055,4.19528316734451,4.111890614584874,4.176038920327235,19232300
2010-12-13,4.20169734954834,4.246600788273144,3.9771789323973827,4.1054752144667495,47789900
2010-12-14,3.9835946559906006,4.19528321065686,3.9707650558860332,4.169624010447725,36139600
2010-12-15,4.054271221160889,4.214900034866353,3.977169464112302,4.214900034866353,96752400
2010-12-16,3.9386179447174072,4.079971142972923,3.9386179447174072,4.054270561471919,34668700
2010-12-17,4.009295463562012,4.124948417640842,4.002870469654955,4.022146064126487,39878000
2010-12-20,4.054271221160889,4.092822099685182,4.034995935086316,4.054271221160889,15469700
2010-12-21,4.144223213195801,4.157073505857837,4.073546756742177,4.073546756742177,15716900
2010-12-22,4.439778804779053,4.459054390681695,4.1570721519155835,4.176347737818225,40880000
2010-12-23,4.336978435516357,4.446206089579021,4.317702840997872,4.381954618476037,13063000
2010-12-27,4.343404293060303,4.401230471284327,4.272727512591806,4.324128696068815,16492900
2010-12-28,4.362678050994873,4.381953641214524,4.330552169420492,4.349827759640143,8354300
2010-12-29,4.41408109664917,4.426931393477651,4.349829612506762,4.369105210937106,17977300
2010-12-30,4.446204662322998,4.465479944278832,4.401228493800915,4.414078783896499,10544900
2010-12-31,4.497607707977295,4.510458003459365,4.414080634156238,4.433356230566948,9530400
2011-01-03,4.542582035064697,4.645384356821437,4.504031164405919,4.6004081878653205,19962600
2011-01-04,4.516881942749023,4.587558393406995,4.452630178332513,4.574708101798716,15605100
2011-01-05,4.6325364112854,4.6325364112854,4.478332544227405,4.478332544227405,15210700
2011-01-06,4.587559700012207,4.754613844874447,4.5490088142075065,4.632535886638626,28247400
2011-01-07,4.510459899902344,4.638962908752703,4.4397830918469765,4.606837309727783,25453800
2011-01-10,4.529733657836914,4.555434249129943,4.426930986289585,4.510458061179535,18965700
2011-01-11,4.638960838317871,4.658236434230119,4.549008772269518,4.574709362569048,16387800
2011-01-12,4.671086311340332,4.722487487339234,4.626110129153704,4.690361905527508,20313000
2011-01-13,4.651810646057129,4.683936533753035,4.613259764647145,4.671086239949706,15014400
2011-01-14,4.799589157104492,4.838140344721947,4.619685044640494,4.632535338387922,26048800
2011-01-18,4.8509907722473145,4.895966648416049,4.722487524854069,4.806014589703402,22865800
2011-01-19,4.5811333656311035,4.838139502199315,4.574708066688718,4.80601362023762,19513900
2011-01-20,4.645383834838867,4.664659421189881,4.4847550719556075,4.5297312358579385,21217300
2011-01-21,4.754611968994141,4.786737541302327,4.671084929517703,4.761036960905744,16576500
2011-01-24,4.690362453460693,4.77388922102901,4.638960965081838,4.761038925528099,15919100
2011-01-25,4.510459899902344,4.658238513267927,4.478333994502084,4.555436106187639,46595600
2011-01-26,4.478331089019775,4.516882273038722,4.36267845608836,4.465480796471841,30926300
2011-01-27,4.5939836502075195,4.613258934255353,4.4654804289297925,4.478330720420053,22602800
2011-01-28,4.420506000518799,4.632536032299097,4.39480540917423,4.606835440954528,27082300
2011-01-31,4.561858654022217,4.5811342481877055,4.446206008154815,4.4654812959451275,17078900
2011-02-01,4.703211784362793,4.722487070473315,4.58113384895394,4.600409135064463,25725200
2011-02-02,4.6582350730896,4.690360954764401,4.600408608625003,4.677510663369503,12138700
2011-02-03,4.838142395019531,4.902393890985034,4.632537301554621,4.632537301554621,41935200
2011-02-04,5.037319660186768,5.159397288128664,4.818864377053623,4.831714669804094,43875600
2011-02-07,5.005193710327148,5.13369663616829,4.998768717222663,5.082295465831834,17263800
2011-02-08,5.0116190910339355,5.0308943770349455,4.825289692356726,5.024469383826324,22539500
2011-02-09,4.889540672302246,5.0373191779736715,4.87669038078191,4.9794927129446,15236300
2011-02-10,4.966643810272217,4.992344400499677,4.831715558390453,4.838140859134919,12961600
2011-02-11,5.152972221374512,5.197948089497401,4.92809165525957,4.934516647973501,19037600
2011-02-14,5.08229398727417,5.172246315568884,5.0244678406562,5.140120440267193,12170100
2011-02-15,5.037319660186768,5.1144214166895905,5.024469367436296,5.075870538438179,9540100
2011-02-16,4.98591947555542,5.0887218378967,4.979494174721486,5.01162006614074,14388700
2011-02-17,4.947368144989014,4.992344330443531,4.915242560843099,4.973068734855824,11181900
2011-02-18,5.005193710327148,5.024469302390891,4.91524166223835,4.928091954822464,12778500
2011-02-22,4.741762161254883,4.947366825347159,4.7289118697491155,4.908815950829857,17266200
2011-02-23,4.741762161254883,4.86384008374723,4.645384821774069,4.741762161254883,14627800
2011-02-24,4.7610368728637695,4.780312460992302,4.658234553178477,4.6903604312676705,12531500
2011-02-25,4.857414245605469,4.889540123991285,4.793162795208918,4.793162795208918,9274600
2011-02-28,4.908817291259766,4.908817291259766,4.825290526851537,4.902392296939994,9888000
2011-03-01,4.7738871574401855,4.902390363276948,4.76746216565464,4.88954007333078,15105800
2011-03-02,4.799589157104492,4.857415632155505,4.754613282176077,4.767463575923506,10884000
2011-03-03,4.921667575836182,4.947368165811159,4.838140811605104,4.838140811605104,13455500
2011-03-04,4.806014537811279,4.908816889515743,4.74176306799599,4.902391895721801,12890500
2011-03-07,4.7610368728637695,4.870264490716933,4.722486002981785,4.8188633308742865,12924100
2011-03-08,4.908817291259766,4.940943181984223,4.773889040417366,4.773889040417366,10329300
2011-03-09,4.966643810272217,5.0180449907271365,4.889542039589839,4.979494105385947,20795500
2011-03-10,4.716061115264893,4.8959651786843486,4.716061115264893,4.8638396062612745,15180700
2011-03-11,4.806014537811279,4.831715125737396,4.6775115981807005,4.690361892143758,12273300
2011-03-14,4.741762161254883,4.7738877368317425,4.645384821774069,4.7353368623144405,12158800
2011-03-15,4.709636211395264,4.748187085356705,4.593983589510938,4.593983589510938,13461400
2011-03-16,4.6324286460876465,4.7482395616557005,4.619560800668267,4.7160697947104335,13743000
2011-03-17,4.728938579559326,4.741806427534975,4.645297414320765,4.716070731583678,12127800
2011-03-18,4.568090438842773,4.825447711480472,4.542354742258373,4.812579863188272,43529600
2011-03-21,4.66459846496582,4.690334156091106,4.600259237152605,4.651730619403177,13042400
2011-03-22,4.696768760681152,4.709636607691498,4.632429218835752,4.638863295737761,14467600
2011-03-23,4.613127708435059,4.683901022026032,4.55522224215211,4.664599097667155,12838400
2011-03-24,4.5873918533325195,4.6388632407639285,4.555222082791055,4.6388632407639285,8867100
2011-03-25,4.619561672210693,4.625995749531076,4.568090280822403,4.580958128669476,7712600
2011-03-28,4.593826770782471,4.638864399431011,4.580958920710566,4.61956247092628,6201300
2011-03-29,4.600259780883789,4.6259954750509245,4.574524086716654,4.5809578568616,4989800
2011-03-30,4.651730060577393,4.664597904594184,4.568088921071446,4.619560297138612,14274400
2011-03-31,4.671034336090088,4.690335958454299,4.606694776759365,4.632430477774152,8638800
2011-04-01,4.690335273742676,4.793278062773871,4.664599576484877,4.716070971000475,13157800
2011-04-04,4.696768760681152,4.767541765841215,4.664598989758452,4.703202530789488,8935100
2011-04-05,4.625996112823486,4.709637283794878,4.625996112823486,4.664599659396348,9807500
2011-04-06,4.773976802825928,4.793278423826311,4.638864228648309,4.645298000050525,15023300
2011-04-07,4.716070175170898,4.786843484083814,4.690334482255958,4.780409407458249,8257400
2011-04-08,4.677467346191406,4.748240665853059,4.651731649367843,4.7418065882503155,8317900
2011-04-11,4.671034336090088,4.709637887612267,4.658166178788939,4.677468107946906,5224300
2011-04-12,4.677467346191406,4.709637120617714,4.632429723353317,4.651731649367843,8016900
2011-04-13,4.638864517211914,4.728939470002254,4.593826887419867,4.722505698199821,12864300
2011-04-14,4.65816593170166,4.664600010010947,4.561657211412288,4.645298081876828,11618400
2011-04-15,4.613127708435059,4.696768869334056,4.580957936768158,4.696768869334056,12432300
2011-04-18,4.490882873535156,4.574524031974268,4.48444879667353,4.529486414323899,18570600
2011-04-19,4.613127708435059,4.658165020616304,4.394373997404966,4.613127708435059,37997800
2011-04-20,4.542355060577393,4.690335479704709,4.52948721138344,4.671033859310643,13776900
2011-04-21,4.613127708435059,4.625995555743082,4.497316775869161,4.568090089460133,10980500
2011-04-25,4.600259780883789,4.632429245195872,4.574524086716654,4.5809578568616,7269400
2011-04-26,4.722503662109375,4.7418052759886065,4.600258982630962,4.638862517183047,12900000
2011-04-27,4.748239517211914,4.76110736251085,4.664598369372014,4.7353716719129775,11759100
2011-04-28,4.786843776702881,4.793277546928081,4.703202616219523,4.754674005195842,9795800
2011-04-29,4.722503662109375,4.793276655391386,4.690333896585827,4.793276655391386,9251800
2011-05-02,4.728938579559326,4.767542123486272,4.696769113017053,4.741806427534975,6610200
2011-05-03,4.7418060302734375,4.7418060302734375,4.664598948887844,4.70320248958064,9194200
2011-05-04,4.7418060302734375,4.754673877171036,4.677466795785442,4.728938183375838,10775800
2011-05-05,4.574526309967041,4.716072696678778,4.574526309967041,4.703204843341347,16146600
2011-05-06,4.561655044555664,4.625994263117702,4.535919357130848,4.625994263117702,22796500
2011-05-09,4.58095645904541,4.619559988516775,4.555220772731167,4.555220772731167,8403000
2011-05-10,4.5873918533325195,4.658164857653872,4.5873918533325195,4.619561317080315,12781800
2011-05-11,4.5873918533325195,4.632429163938167,4.561656159616815,4.580957776506758,9886100
2011-05-12,4.613127708435059,4.638863403051107,4.5101849299708645,4.5938257840761825,14324900
2011-05-13,4.535921573638916,4.613128673641122,4.52948749524186,4.6066945952440665,12441000
2011-05-16,4.5873918533325195,4.6710330113053935,4.516618542217498,4.523052619043258,12319600
2011-05-17,4.66459846496582,4.671032541143961,4.555221624286536,4.580957315411822,11747000
2011-05-18,4.5873918533325195,4.664598934479632,4.568089929648906,4.65173108762178,19479800
2011-05-19,4.568090438842773,4.613128061262324,4.555222590550573,4.600260212970124,12779500
2011-05-20,4.47158145904541,4.587392401395874,4.45227983984947,4.535921007815093,18277100
2011-05-23,4.394375801086426,4.478016996316141,4.368640095907099,4.445847211445079,13387700
2011-05-24,4.355771064758301,4.413676539140964,4.330035366542389,4.400808690033007,15347400
2011-05-25,4.375072956085205,4.420110274198362,4.336469102282899,4.362205107082342,8485400
2011-05-26,4.465147018432617,4.478014864897521,4.362204246713392,4.362204246713392,9183100
2011-05-27,4.490882873535156,4.535920491185525,4.458713102814368,4.48444879667353,8359000
2011-05-31,4.542355060577393,4.58095860815925,4.497317435001697,4.5680907589652975,10998500
2011-06-01,4.207790851593018,4.5166195520215755,4.182055152123449,4.510185780551052,27865000
2011-06-02,4.207790851593018,4.2721301002669385,4.156319452653881,4.207790851593018,14516800
2011-06-03,4.091978073120117,4.214222735339655,4.085543998206342,4.130581602222038,15828000
2011-06-06,3.892528772354126,4.085546537846622,3.808887587243826,4.085546537846622,35134200
2011-06-07,3.9053940773010254,4.0019027437324475,3.8989600025823608,3.931129762588547,16943100
2011-06-08,3.9439985752105713,4.0147715737602265,3.8667915003598696,3.8667915003598696,20512300
2011-06-09,3.9375650882720947,3.9890364792099744,3.9118293928031544,3.9568670132706445,28643300
2011-06-10,3.9504334926605225,3.9761691917558695,3.815320919013086,3.9182640221882057,21214400
2011-06-13,3.892528772354126,3.931132325452625,3.8217554382766594,3.8732268424079916,37826200
2011-06-14,4.027639865875244,4.079111250891956,3.8925273268095473,3.9439987118262594,25911900
2011-06-15,3.9631991386413574,3.995420084979385,3.8858684986885135,3.9696432049951036,26063000
2011-06-16,3.969644069671631,3.98253251247116,3.9052018556739836,3.918090298473513,19423600
2011-06-17,4.040530204772949,4.150082109903559,3.9954205064001447,4.014753322069827,37657500
2011-06-20,3.9889731407165527,4.040526863490849,3.918086618259681,4.0083056331147,15836300
2011-06-21,4.059861183166504,4.066305247283705,3.976086198651095,4.02119556932513,10575500
2011-06-22,4.001863956451416,4.162969589779462,3.995419583621682,4.034085206030869,28014000
2011-06-23,3.976086378097534,3.9825304425055656,3.892311389801241,3.9309766981030947,20292000
2011-06-24,3.8278706073760986,3.9889762711177625,3.8149821665681523,3.976087830309816,19594800
2011-06-27,3.8278706073760986,3.8987571854621375,3.782760910905952,3.860091555753631,24294800
2011-06-28,3.8278706073760986,3.8665359297999378,3.7763168441443127,3.8472031149456845,14624600
2011-06-29,3.956754207611084,3.976087018518187,3.853646702198815,3.8600907676447798,19652200
2011-06-30,3.9954183101654053,4.021195178699284,3.9309761388307076,3.9567530073645867,11250200
2011-07-01,4.059861183166504,4.117858989359482,3.9631977631321504,3.976086198651095,12580000
2011-07-05,3.976086378097534,4.040528558600624,3.9180882620024766,4.021195750807419,12274600
2011-07-06,3.8794233798980713,3.9503099398814174,3.840758067348407,3.9374215023648627,21705500
2011-07-07,3.976086378097534,3.9954188786061837,3.9116441975944456,3.937421069795681,16550600
2011-07-08,3.9631991386413574,4.00186445861778,3.879424125050119,3.911645378672795,16166300
2011-07-11,3.8020918369293213,3.918087746575546,3.78275903167936,3.8858668142049635,11877300
2011-07-12,3.86653470993042,3.937421265652157,3.77631565273839,3.7827597174669636,17227700
2011-07-13,3.8343145847320557,3.92453397556868,3.814982077613251,3.88586865404641,14748600
2011-07-14,3.7956483364105225,3.879423332895415,3.7763158340122147,3.8729792678575072,15267600
2011-07-15,3.860090732574463,3.8794235433059203,3.8020929149492955,3.8278697910681703,14526700
2011-07-18,3.763428211212158,3.866535732412058,3.6796531965949137,3.8214260382447756,19009100
2011-07-19,3.8020918369293213,3.814980271334458,3.6989840544037182,3.7634265337139134,13969300
2011-07-20,3.8729798793792725,3.9245336369609207,3.7827604963267536,3.8149817484576007,14464700
2011-07-21,4.014752388000488,4.053417703059328,3.905200508358137,3.905200508358137,22338700
2011-07-22,3.9954183101654053,4.01475111520807,3.937420509606433,4.008306744432345,9152100
2011-07-25,4.001863956451416,4.040529271575994,3.9116448878274017,3.943865830122245,16714800
2011-07-26,4.1371917724609375,4.208078321049284,4.008307110728986,4.05986115979249,29206400
2011-07-27,3.950309991836548,4.124304054240731,3.9438656193512185,4.092082806383271,22731100
2011-07-28,3.976086378097534,4.027640122500006,3.950309505896299,3.950309505896299,10539900
2011-07-29,3.9245340824127197,3.995420353491072,3.8858687598378,3.92453408241272,13362100
2011-08-01,3.808537006378174,4.021196389455286,3.756983253787917,3.9889754477286767,38487900
2011-08-02,3.6732072830200195,3.808536001505607,3.63454197877907,3.7956475667586234,37248400
2011-08-03,3.7183172702789307,3.7312057061073767,3.5378788613961403,3.686096027065542,52328200
2011-08-04,3.441215991973877,3.6796522254630033,3.441215991973877,3.6409869152175696,44492800
2011-08-05,3.286555051803589,3.550768514960432,3.241445668479822,3.5185472634852033,51296600
2011-08-08,2.8419029712677,3.2543335699600355,2.738795475236905,3.1383373296408137,39322300
2011-08-09,3.080338478088379,3.0867825407751037,2.8096810849875182,2.9127885462509036,28100600
2011-08-10,2.72590708732605,3.015897078777607,2.7130186500900826,2.977231767069705,22353200
2011-08-11,2.8999013900756836,2.9321226395459234,2.7516841956248754,2.8354591984198123,22526600
2011-08-12,2.771016836166382,3.0158971493826443,2.7452399610909857,2.9450108965676,27470300
2011-08-15,2.9321227073669434,2.9321227073669434,2.790349575160156,2.790349575160156,18312300
2011-08-16,2.829014539718628,2.95145484513357,2.809682037817866,2.887012659990068,16753900
2011-08-17,2.925678253173828,3.0158973210737687,2.8612360618167276,2.893457003852974,20354800
2011-08-18,2.700129985809326,2.8032374750271054,2.667908741786492,2.8032374750271054,25175900
2011-08-19,2.4874703884124756,2.7387951912083084,2.47458195274523,2.6227992702030987,30736700
2011-08-22,2.500359058380127,2.629243419210214,2.500359058380127,2.6034665470441962,28057500
2011-08-23,2.597022771835327,2.597022771835327,2.4745823081278844,2.545468868120252,18383000
2011-08-24,2.6807968616485596,2.7130181018698147,2.584133755553834,2.590577819227373,21787600
2011-08-25,2.6099114418029785,2.899901465432369,2.5905786301615317,2.8032380217943667,28893400
2011-08-26,2.6550214290618896,2.693686753879138,2.5196927922015195,2.6034676626388915,21710500
2011-08-29,2.867678642272949,2.8676786422729488,2.706573093666953,2.719461525264055,14104600
2011-08-30,2.8870129585266113,2.932122646433996,2.771017013273548,2.822570766719354,21047900
2011-08-31,2.925678253173828,2.983676379037522,2.8612360618167276,2.9321226259518416,14342000
2011-09-01,2.777461051940918,2.99012043648976,2.777461051940918,2.9192341798298833,13475600
2011-09-02,2.661465644836426,2.738796289860641,2.6163559482632994,2.6679097116127766,16496200
2011-09-06,2.506803274154663,2.609910916367767,2.4616935942626488,2.545468582368723,24733200
2011-09-07,2.816126585006714,2.8290150242428114,2.6034671839687857,2.60991155722915,30761000
2011-09-08,2.69368577003479,2.84190294800827,2.67435326832953,2.7710166987095515,23556000
2011-09-09,2.558357000350952,2.7001299497756963,2.526135910400391,2.661464641835023,25915300
2011-09-12,2.5712451934814453,2.64213158467758,2.506803019666777,2.506803019666777,28120900
2011-09-13,2.513247489929199,2.6163549784072613,2.487470464167407,2.577689670227988,32058400
2011-09-14,2.474483013153076,2.5649341589300745,2.4034143767861447,2.5649341589300745,43244000
2011-09-15,2.539090394973755,2.539090394973755,2.4874039726336634,2.5132472608223244,32222900
2011-09-16,2.584317207336426,2.5907781482305836,2.487405250446386,2.5649348467658797,29350600
2011-09-19,2.4615604877471924,2.552011598426519,2.4227957920434275,2.532629250574636,23983100
2011-09-20,2.442178964614868,2.506786966643027,2.4292573950166885,2.487404458208497,22750300
2011-09-21,2.338806629180908,2.4680224999396803,2.3323458433448336,2.4615617141036057,25442400
2011-09-22,2.209590196609497,2.2935803852678207,2.1708253401145745,2.248354899067185,27411800
2011-09-23,2.216050386428833,2.312962116599742,2.164363976300488,2.196668040394651,31923100
2011-09-26,2.3258841037750244,2.3388056701486573,2.1902076568518787,2.2741978382804926,22504500
2011-09-27,2.3323450088500977,2.4292569157541783,2.3129626582767275,2.390492214607438,26274500
2011-09-28,2.216050386428833,2.3517269627052992,2.209589604417439,2.332344462633924,30331300
2011-09-29,2.2935807704925537,2.3388062642891634,2.2031297828993353,2.2935807704925537,22082800
2011-09-30,2.1514430046081543,2.2612764830781518,2.1514430046081543,2.2418941317076646,19438600
2011-10-03,1.9511593580245972,2.151443892184039,1.9511593580245972,2.1449831057284863,39222500
2011-10-04,2.060992479324341,2.067453264518196,1.8219431190771562,1.9253158362161102,48196900
2011-10-05,2.1514430046081543,2.164364572188479,1.9640801206562082,2.0286881125950686,31151800
2011-10-06,2.3646492958068848,2.3904924322576853,2.073913702660894,2.1385215437878946,36457600
2011-10-07,2.196669101715088,2.3840320246070816,2.164365022013212,2.3775712394741597,26245300
2011-10-10,2.3258841037750244,2.3388056701486573,2.2095900064123284,2.2548154887200433,30720300
2011-10-11,2.3452675342559814,2.3711106772168273,2.2548163798557392,2.267737951336162,35357000
2011-10-12,2.468022346496582,2.5455519257465524,2.3517282086775397,2.364649779546322,31929500
2011-10-13,2.3775711059570312,2.442178953658068,2.287119965138321,2.435718168887964,17848100
2011-10-14,2.3904924392700195,2.461561064718195,2.300041307389643,2.4357179281915857,22807000
2011-10-17,2.235433340072632,2.3517276019246767,2.2160509887701636,2.3452668181571874,18460400
2011-10-18,2.474483013153076,2.519708663060209,2.2289730243936825,2.2741985202635475,28474000
2011-10-19,2.403414487838745,2.5520127066002978,2.3581889898791824,2.468022342066692,25055100
2011-10-20,2.3840317726135254,2.4163356948635895,2.2935806362760935,2.390492557063538,22304300
2011-10-21,2.442178964614868,2.4615613190121377,2.3581887622266997,2.4357181798157783,26251900
2011-10-24,2.5197088718414307,2.5649343714586474,2.4227969329101136,2.455100861208126,26302200
2011-10-25,2.3969533443450928,2.545551540908181,2.312962992358455,2.4744827578368334,51002600
2011-10-26,2.4809439182281494,2.5067872140119767,2.358188994932026,2.455100776481597,26394900
2011-10-27,2.7393743991851807,2.75875690181619,2.5649332618410217,2.623080307622408,40336600
2011-10-28,2.7587578296661377,2.7846009698163265,2.6618459000656656,2.7135321803660424,27292500
2011-10-31,2.539090394973755,2.7070709209952852,2.539090394973755,2.6941493539195696,20626600
2011-11-01,2.3904924392700195,2.487404201244804,2.306502091521295,2.3969532234016717,31261000
2011-11-02,2.5067873001098633,2.526169657085482,2.435718503828647,2.468022432121345,23103800
2011-11-03,2.577855348587036,2.6360024061206704,2.4421787269713113,2.58431613275744,46191100
2011-11-04,2.5972371101379395,2.629541177676923,2.5132469350333286,2.5584724139358115,26084800
2011-11-07,2.6876890659332275,2.6941500050698624,2.5649341490452415,2.5907774434799795,25109700
2011-11-08,2.8298261165618896,2.8815123876831974,2.7006101306841432,2.732914204172199,49531700
2011-11-09,2.636003255844116,2.7652192889798526,2.6166210511222388,2.70061111837469,40666800
2011-11-10,2.67476749420166,2.7458362842912445,2.6166205823779407,2.7135322047756514,37694100
2011-11-11,2.6941497325897217,2.7846007148328638,2.648924087430899,2.7781400844241766,27932300
2011-11-14,2.5972371101379395,2.6941490046804697,2.58431554473723,2.6812274392797604,25422200
2011-11-15,2.6101601123809814,2.6295426251889515,2.5584738223258476,2.5649346085827394,35654000
2011-11-16,2.6101601123809814,2.7135326924912495,2.5584738223258476,2.571395394839631,27342800
2011-11-17,2.5455522537231445,2.7006111241267843,2.519709108655871,2.6101601163913277,28078600
2011-11-18,2.6489243507385254,2.6618459209148293,2.5584733595044,2.590777438982426,30265400
2011-11-21,2.5649335384368896,2.616619960964623,2.545551187752951,2.584315889120828,20504900
2011-11-22,2.5197088718414307,2.629542382091952,2.4938655751657404,2.5455520144798403,17226100
2011-11-23,2.3775711059570312,2.493865231818897,2.3581887516467206,2.468022092738482,18056600
2011-11-25,2.3840317726135254,2.4615611860136797,2.3323453429761707,2.3646494192634866,8919500
2011-11-28,2.442178964614868,2.5326301058393863,2.3904926862221494,2.5132477514421168,16663600
2011-11-29,2.3194236755371094,2.4292571605583837,2.2677374021328602,2.422796376382853,37564200
2011-11-30,2.6553854942321777,2.6553854942321777,2.4227969050833047,2.4421792618394975,37510200
2011-12-01,2.661846160888672,2.6747677322298964,2.5390912331470425,2.603699243890444,20822500
2011-12-02,2.726452112197876,2.836285545877828,2.674765862954215,2.7199914850795914,27107900
2011-12-05,2.7846012115478516,2.855670007167625,2.7458364979574,2.791062151183539,27032500
2011-12-06,2.6876890659332275,2.765218795200174,2.6683068646723918,2.7587578560635393,27504300
2011-12-07,2.681227684020996,2.707070817181364,2.5907767179597077,2.668306117440812,21198200
2011-12-08,2.584317207336426,2.668307590512768,2.493866037303235,2.6553860167990706,25080600
2011-12-09,2.661846160888672,2.661846160888672,2.597238304182551,2.610159875523775,19569700
2011-12-12,2.584317207336426,2.623081928477518,2.5520132730521823,2.5907781482305836,16921800
2011-12-13,2.603699207305908,2.7070717765832155,2.552012768629976,2.6101598388484613,21571400
2011-12-14,2.5777909755706787,2.623129118769759,2.5389298423318243,2.564837264491061,17650600
2011-12-15,2.5713143348693848,2.636083050099449,2.5583606227074576,2.616652327436129,13066000
2011-12-16,2.58426833152771,2.6425600426735874,2.564837761145751,2.5907451883216965,15493000
2011-12-19,2.4741618633270264,2.590745451900268,2.4547312909682297,2.5777917369944037,14526300
2011-12-20,2.6555137634277344,2.668467477050664,2.525976627198438,2.525976627198438,16312600
2011-12-21,2.733234405517578,2.7461881113696727,2.603697346996635,2.655512170405012,15449400
2011-12-22,2.849820375442505,2.8822045118842285,2.7397136320905346,2.746190335842496,14638200
2011-12-23,2.849820375442505,2.8822045118842285,2.7980055100629797,2.8822045118842285,6548000
2011-12-27,2.823911666870117,2.849819087854546,2.791527236219171,2.823911666870117,7154100
2011-12-28,2.7461891174316406,2.8368654004561202,2.7008512847602226,2.823911689858455,8561900
2011-12-29,2.823911666870117,2.823911666870117,2.733235384583797,2.7461890950760113,10940300
2011-12-30,2.785051107406616,2.810958533712092,2.7720973942538785,2.8044815227152817,6497900
2012-01-03,2.8174357414245605,2.888681330969265,2.798005322629329,2.843343172378828,14255500
2012-01-04,2.8109586238861084,2.8109586238861084,2.726759331271803,2.8109586238861084,16914500
2012-01-05,2.927542209625244,2.9793570667943956,2.746189900692304,2.778574340843479,31886900
2012-01-06,2.8562965393066406,2.9534495479501857,2.8303891115138153,2.934019131526017,18310300
2012-01-09,2.934018135070801,3.037647811047251,2.895156697738836,2.9016337069077625,25590700
2012-01-10,3.0441248416900635,3.063555562464452,2.946972164340608,3.031171130787414,19395200
2012-01-11,3.1088945865631104,3.134802015714393,2.979357131965779,3.0182182756927034,18766800
2012-01-12,3.037648916244507,3.0959407846101694,2.985834059404321,3.0635563446645993,42072700
2012-01-13,3.102417230606079,3.154232083159193,2.934018959808459,2.966403088233714,25850900
2012-01-17,3.1088945865631104,3.1736631594413174,3.076510145703548,3.0959408719874686,17048500
2012-01-18,3.1801397800445557,3.199570505825841,3.0765100661201266,3.108894506141965,15687500
2012-01-19,3.199571371078491,3.231955511016989,3.1671869222990017,3.2125250888220886,18676200
2012-01-20,3.1801397800445557,3.1930934942851095,3.102417494601234,3.180139780044556,21891000
2012-01-23,3.1866161823272705,3.231954019080487,3.1412780367332047,3.1736624705633734,27691600
2012-01-24,3.387399196624756,3.3938758987125293,3.108894212351147,3.1801394795210527,43505100
2012-01-25,3.445690393447876,3.5363663670320564,3.3031992689747725,3.374444831211324,27643900
2012-01-26,3.3485374450683594,3.510458982575798,3.290245592736618,3.491028262184943,22767900
2012-01-27,3.4392144680023193,3.445691479720655,3.3161540249221972,3.322631036640533,18874500
2012-01-30,3.3485374450683594,3.3938752779123154,3.3161530140305424,3.387398577009246,12166300
2012-01-31,3.3809237480163574,3.4003544809403525,3.316155153004746,3.380923748016358,19252800
2012-02-01,3.445690393447876,3.4780745153075303,3.38739854172335,3.445690393447876,16561000
2012-02-02,3.5234129428863525,3.5363666544511947,3.3873988170350877,3.413306240164772,19688400
2012-02-03,3.6529510021209717,3.67885843194275,3.568752009620653,3.594659439442432,23756800
2012-02-06,3.6205661296844482,3.646473554214069,3.5752279823371804,3.6270428313964227,13781200
2012-02-07,3.6205661296844482,3.639996543661233,3.568751280625206,3.6011354068668013,10433400
2012-02-08,3.5752272605895996,3.6464728180838195,3.562273550939814,3.6205653987842483,15727000
2012-02-09,3.6788582801818848,3.6918119945584054,3.5881822795462406,3.6076130055314777,17024600
2012-02-10,3.6723806858062744,3.711241819500842,3.6076121296486616,3.6335195521117067,20558100
2012-02-13,3.724195718765259,3.7565801528995584,3.6918112846309588,3.7306727291284596,23185800
2012-02-14,3.6594271659851074,3.717718715155544,3.6205660302578653,3.704765003246463,14735300
2012-02-15,3.743626594543457,3.7889644335817985,3.6723810218306645,3.691811436035421,29291400
2012-02-16,3.827824831008911,3.827824831008911,3.698287731877282,3.743625870993755,20137500
2012-02-17,3.8861172199249268,3.9185016536273074,3.840779074509764,3.8731635082121443,17081400
2012-02-21,3.873164176940918,3.9379327466875753,3.808395607194261,3.899071604839581,17806200
2012-02-22,3.756579875946045,3.8537325535046665,3.711241733268746,3.840778842574128,18396100
2012-02-23,3.827824831008911,3.9055473993286944,3.639995882847646,3.7501025715299336,27750600
2012-02-24,3.756579875946045,3.847255852459812,3.711241733268746,3.840778842574128,9875200
2012-02-27,3.776010513305664,3.788964225009389,3.665903809403575,3.7436263884667746,18419100
2012-02-28,3.776010513305664,3.84077907182429,3.7371493781944882,3.7954412352816758,17490800
2012-02-29,3.7306735515594482,3.834303269489126,3.7177195279773176,3.795442125265497,19058100
2012-03-01,3.7889630794525146,3.8278242028144005,3.7371482483033343,3.7695326721919495,13853400
2012-03-02,3.8602101802825928,3.886117606283882,3.76305717835732,3.834302754281304,22915200
2012-03-05,3.8407797813415527,3.8666872095349496,3.7954419364235603,3.8537334954382514,15356100
2012-03-06,3.724195718765259,3.7889642781930055,3.6788575727454096,3.769533864785108,19287600
2012-03-07,3.776010513305664,3.808394946985401,3.724195666490763,3.7501030898982135,19252400
2012-03-08,3.7501027584075928,3.8343020314594294,3.7112416267315496,3.8213483209007486,20082600
2012-03-09,3.756579875946045,3.7954410087376593,3.7241954441992844,3.756579875946045,16154800
2012-03-12,3.646474599838257,3.737150611693217,3.633520883858977,3.737150611693217,20877500
2012-03-13,3.743626594543457,3.769534019377042,3.6399965863682504,3.685334734247457,36250700
2012-03-14,4.003150463104248,4.048566882437753,3.886364677672597,3.9317814063822563,155278200
2012-03-15,4.178328037261963,4.269161168030935,3.9836853048094985,4.055054347958881,63855600
2012-03-16,4.158864498138428,4.340531106525851,4.152376570718962,4.269162048654775,54444600
2012-03-19,4.119935512542725,4.230233049861967,4.113447585899539,4.145887837867709,48507500
2012-03-20,4.191304683685303,4.2042808467249175,4.068030980120897,4.068030980120897,48395500
2012-03-21,4.275648593902588,4.3016009120654175,4.217255723348204,4.262672434821173,61527300
2012-03-22,4.178328037261963,4.243208844954086,4.1393995526466885,4.210768286419977,21917200
2012-03-23,4.171839714050293,4.184815875315765,4.068030423926518,4.132911230253877,27746500
2012-03-26,4.288626194000244,4.288626194000244,4.1977927405334645,4.269161794149895,19665500
2012-03-27,4.269160747528076,4.340529783647767,4.256184587267774,4.3210653885692825,23439400
2012-03-28,4.249697208404541,4.301601856121514,4.184816089382221,4.275649532263027,19884700
2012-03-29,4.230234146118164,4.236722383818884,4.1329127462407795,4.204281814067689,16993600
2012-03-30,4.275648593902588,4.275648593902588,4.165351087022546,4.2691603596738625,24444800
2012-04-02,4.269160747528076,4.301601302866862,4.210767871668686,4.256184587267774,14670100
2012-04-03,4.314577579498291,4.314577579498291,4.210767985239901,4.269160862674241,28854500
2012-04-04,4.197792053222656,4.2886254918171405,4.165351804618417,4.243208772519899,29464300
2012-04-05,4.171839714050293,4.223744668488268,4.100470981778242,4.178327949371073,27900000
2012-04-09,4.035590648651123,4.1069597041390535,3.990174230102925,4.093983540357262,18491500
2012-04-10,3.9447567462921143,4.061542507326136,3.8798759398154856,4.022613714064069,27960000
2012-04-11,4.016124725341797,4.0485649653076035,3.9771962517572246,4.003148567480273,22752400
2012-04-12,4.08749532699585,4.0939832537444625,3.9966618775062517,4.016126276504345,12921900
2012-04-13,3.9642210006713867,4.074518522411794,3.9058281222497415,4.06803028730891,28571400
2012-04-16,4.029101848602295,4.068030331514384,3.905828164692637,4.0161256876315985,24395300
2012-04-17,4.0810065269470215,4.152375567576567,4.061542440014653,4.0810065269470215,19852300
2012-04-18,4.029101848602295,4.08749472765847,4.003149526660901,4.0485659353702985,15807400
2012-04-19,3.9707086086273193,4.074518196333168,3.9252922040460603,4.074518196333168,17409900
2012-04-20,3.938267230987549,4.022612090680529,3.879874374035824,4.003148011280596,23152700
2012-04-23,3.951246738433838,3.9836870014077195,3.8344609254744286,3.853925330759739,21115400
2012-04-24,4.184816837310791,4.217257402619869,3.970709972524122,4.0031505378332,51517300
2012-04-25,4.314577579498291,4.347017826335979,4.197791824629611,4.288625258277712,37160700
2012-04-26,4.379457473754883,4.39243363167245,4.256183818849995,4.282136134685128,21268800
2012-04-27,4.463804721832275,4.489757049684404,4.327554845920523,4.40541182947691,22356400
2012-04-30,4.372971534729004,4.4573167601394985,4.347019205275955,4.450828832464322,20117200
2012-05-01,4.437852382659912,4.502733202124734,4.366483326560533,4.392435654346461,18861000
2012-05-02,4.418389320373535,4.463806062442802,4.3470202426579,4.3924369847271665,14286100
2012-05-03,4.528685092926025,4.528685092926025,4.379459067868069,4.424875791799141,34477100
2012-05-04,4.347018241882324,4.515708655317856,4.347018241882324,4.47678016976568,32698900
2012-05-07,4.3535075187683105,4.43785274565978,4.321066951694306,4.321066951694306,24332500
2012-05-08,4.347018241882324,4.372970565583775,4.269161270777972,4.3210659181808735,22575900
2012-05-09,4.256186008453369,4.314578903810765,4.184816948502792,4.269162173046549,33502000
2012-05-10,4.327552318572998,4.385945176826166,4.282135616667649,4.353504631268635,21164700
2012-05-11,4.321065902709961,4.353506461908677,4.217256608275831,4.249697167474547,13481100
2012-05-14,4.191304683685303,4.28862606117048,4.18481644747743,4.23672140901202,21945200
2012-05-15,4.106958866119385,4.2432087127146705,4.068030382717315,4.197791994057547,35380700
2012-05-16,4.0680317878723145,4.204281681530216,4.035591219143789,4.145888781569346,19353100
2012-05-17,4.016124725341797,4.158862461818562,4.009636491723032,4.061541432545135,22373800
2012-05-18,3.9771976470947266,4.061542857473833,3.9447570863716503,4.042078459164764,16579200
2012-05-21,4.0226149559021,4.08749609178454,3.9836864599983457,3.9901746973370638,20118400
2012-05-22,4.0810065269470215,4.152375567576567,4.022613647397749,4.035589808478023,22049500
2012-05-23,4.093982696533203,4.126423253989329,3.95773285021921,4.042078052104269,21528000
2012-05-24,4.106958866119385,4.171839671789501,4.061542456838346,4.126423262508462,22893100
2012-05-25,4.100472450256348,4.184817373999822,4.093984212611973,4.113448616168897,9416400
2012-05-29,4.184816837310791,4.184816837310791,4.087495760135876,4.158864508813992,15164100
2012-05-30,4.0226149559021,4.132912515650827,4.003150862638315,4.126424587688294,14664800
2012-05-31,4.0810065269470215,4.1004709232554735,3.944756680916109,4.022613647397749,16986000
2012-06-01,3.8149945735931396,3.970708486290308,3.7890422548102785,3.9577323268988773,27797500
2012-06-04,3.600888967514038,3.7890434949606018,3.5424960764526405,3.704698276622171,40786500
2012-06-05,3.665769338607788,3.691721662719523,3.581424130556596,3.587912366272583,19725900
2012-06-06,3.860412359237671,3.879876759983287,3.67874606270064,3.7111863181084614,21829000
2012-06-07,3.951246738433838,4.035591669666912,3.866901497824537,3.9707108343429214,23843500
2012-06-08,3.99017333984375,4.009637426485675,3.8409473349593144,3.90582813939253,22293400
2012-06-11,3.8928520679473877,4.0810065598147585,3.8928520679473877,4.068030398629977,16793300
2012-06-12,4.016124725341797,4.0226126495845556,3.8474343637659767,3.89933930458808,14956900
2012-06-13,4.022623538970947,4.08760931708909,3.957637760852805,3.990130494973559,16707100
2012-06-14,4.1136040687561035,4.139598382786421,4.048618283680309,4.100606911740945,20100500
2012-06-15,4.191586971282959,4.191586971282959,4.087609716143122,4.15259550060552,19923300
2012-06-18,4.3085618019104,4.321558959130839,4.159094338937023,4.21758139149066,29114800
2012-06-19,4.37354850769043,4.419038722466066,4.295565547969399,4.315061132961288,20341200
2012-06-20,4.380046367645264,4.4060409940753615,4.289066259708357,4.386545101721962,16161200
2012-06-21,4.230579376220703,4.406041175103602,4.217581907533287,4.386545281949187,17156500
2012-06-22,4.334556579589844,4.373548055418219,4.243576469323636,4.263072052299472,11907500
2012-06-25,4.159093856811523,4.256572679603323,4.146096701097726,4.256572679603323,12591700
2012-06-26,4.1331000328063965,4.230578867094017,4.068114246573541,4.198085819039253,30158900
2012-06-27,4.16559362411499,4.178590784023433,4.074613504755893,4.159095199099137,38252700
2012-06-28,4.250075340270996,4.282568395147234,4.061616365692981,4.100607845618425,26919600
2012-06-29,4.386547088623047,4.386547088623047,4.3215612678039985,4.380048351602723,13872500
2012-07-02,4.451530933380127,4.451530933380127,4.334556507831508,4.43203535072704,16385300
2012-07-03,4.4580302238464355,4.497021703895171,4.425537168867454,4.451531488899944,7056400
2012-07-05,4.380046367645264,4.4645280513821675,4.373547943445261,4.4385337348287655,12849100
2012-07-06,4.341055393218994,4.373548447594647,4.289066754119336,4.32805823344408,12283000
2012-07-09,4.3085618019104,4.3540516972436,4.21758139149066,4.334556116351277,17789100
2012-07-10,4.178589820861816,4.341054437207751,4.126601193211384,4.341054437207751,19003300
2012-07-11,4.263072490692139,4.289066810584179,4.1590952111239785,4.172092371069999,17732200
2012-07-12,4.204585075378418,4.243576864716535,4.165593595917033,4.211083810227015,17688100
2012-07-13,4.3540520668029785,4.360550800903127,4.204584591143233,4.217581749466833,10887200
2012-07-16,4.328058242797852,4.360551297243728,4.295565498228708,4.328058242797852,8572300
2012-07-17,4.451530933380127,4.458029667515622,4.321559349437217,4.367049248878885,22593800
2012-07-18,4.367048740386963,4.4385332581703745,4.347553160003909,4.412538944408528,14706800
2012-07-19,4.321559429168701,4.39954238097321,4.276069219011052,4.39304395659452,13646200
2012-07-20,4.16559362411499,4.334557012801477,4.1460980391906945,4.224080998641349,24504700
2012-07-23,4.152595520019531,4.172091410387729,4.042119530978631,4.081111311715026,19290200
2012-07-24,4.321559429168701,4.419038273862689,4.243576477364193,4.360550905070956,55122200
2012-07-25,4.4905219078063965,4.516516221696246,4.334556024467302,4.367048761891281,54846100
2012-07-26,4.594499111175537,4.607496267096228,4.50351870985406,4.529513021695442,25423800
2012-07-27,4.613995552062988,4.659485761221794,4.529513867858076,4.63349144452439,23248600
2012-07-30,4.581503868103027,4.639990939227067,4.57500513249104,4.600999455185451,14821100
2012-07-31,4.523015975952148,4.594500510221632,4.523015975952148,4.555509030586478,14849100
2012-08-01,4.4580302238464355,4.575004663992642,4.4450330638301905,4.555509078906643,17424300
2012-08-02,4.367048740386963,4.477524728813146,4.341054426625116,4.406040520906397,24547200
2012-08-03,4.5035200119018555,4.55550896049219,4.425537053831449,4.445032948287415,19831800
2012-08-06,4.549010276794434,4.600998916091807,4.542511541943895,4.5750045964431205,13054000
2012-08-07,4.523015975952148,4.607497670100017,4.516517241074589,4.575004615465687,16338400
2012-08-08,4.4970197677612305,4.549008385443182,4.484022613340743,4.4970197677612305,14447300
2012-08-09,4.529512405395508,4.529512405395508,4.464526634634225,4.477523788786482,15703400
2012-08-10,4.549010276794434,4.549010276794434,4.477525742822179,4.490522902646521,9166000
2012-08-13,4.542510032653809,4.549008765345084,4.4580286768036395,4.523014454333243,14514300
2012-08-14,4.581503868103027,4.6334925134918485,4.5360136484494245,4.568506706755822,19726600
2012-08-15,4.581503868103027,4.600999455185451,4.542512074184642,4.57500513249104,9341800
2012-08-16,4.639991283416748,4.659487181822127,4.536013984926179,4.588002634171463,14300200
2012-08-17,4.652987480163574,4.659486214909046,4.620494736066398,4.659486214909046,9880200
2012-08-20,4.633491039276123,4.678980934579654,4.6139951485198445,4.639989462943769,7563500
2012-08-21,4.568506240844727,4.678981946090915,4.555509080823014,4.639990466025777,10697900
2012-08-22,4.607497692108154,4.626993277080486,4.523015997556752,4.549010317437686,11480800
2012-08-23,4.555509090423584,4.626993315755286,4.536013195411559,4.607497730619999,9530500
2012-08-24,4.665985107421875,4.67898226833872,4.523016337336583,4.529514762856626,11452000
2012-08-27,4.613995552062988,4.704975660503902,4.588001235365584,4.685480077919198,8758300
2012-08-28,4.620495319366455,4.646489641876459,4.575005100035563,4.600999422545567,8419900
2012-08-29,4.581503868103027,4.646489674839054,4.568506706755822,4.620495352144643,7254400
2012-08-30,4.568506240844727,4.581503400866439,4.523016025830363,4.555509080823014,9792900
2012-08-31,4.523015975952148,4.607497670100017,4.516517241074589,4.6009989352224565,13472100
2012-09-04,4.555509090423584,4.562007515509766,4.484024555215144,4.529514460448637,10960700
2012-09-05,4.542510032653809,4.562005920851005,4.523014454333243,4.549008765345084,7440500
2012-09-06,4.691978454589844,4.691978454589844,4.568505606467241,4.5750040306373645,19027800
2012-09-07,4.78945779800415,4.8089536923107294,4.698477680952478,4.717973575259057,14310200
2012-09-10,4.821950912475586,4.925928190412505,4.815452177666163,4.873939551444045,17988100
2012-09-11,4.763463973999023,4.860942835911197,4.724472491209506,4.828449778648219,19691000
2012-09-12,4.743940353393555,4.8220298324724595,4.7309254402137375,4.802507617852736,19857900
2012-09-13,4.939165115356445,4.965194945689544,4.704896332058497,4.750448690291448,31098100
2012-09-14,4.9586873054504395,5.030269493619424,4.932657475261728,4.984717135639152,28851200
2012-09-17,4.809015274047852,4.952179639886912,4.802507972127911,4.945672027666941,16627700
2012-09-18,4.737433433532715,4.822030220865417,4.717910907040533,4.809015306637306,17647700
2012-09-19,4.97821044921875,5.0107475858305826,4.743941638233137,4.750449251735558,43641900
2012-09-20,4.932657718658447,4.94567263439501,4.7960009482745,4.926150415940199,25494200
2012-09-21,4.893612861633301,5.030269628950593,4.8805979461888,5.030269628950593,18249300
2012-09-24,4.841554641723633,4.900121933815902,4.8220321075928245,4.8480619462338,12356700
2012-09-25,4.6918816566467285,4.87409047828928,4.685374043580888,4.848060646626059,16901000
2012-09-26,4.652834415435791,4.7179089597167305,4.607282079289182,4.665849324291979,16307300
2012-09-27,4.737433433532715,4.763463261988935,4.659343637864019,4.711403294776462,16239800
2012-09-28,4.685372352600098,4.7374323074378415,4.6658501410484075,4.6918799633173,10087700
2012-10-01,4.639821529388428,4.756955760160772,4.633313916973278,4.717911016569991,11909800
2012-10-02,4.665851593017578,4.685373810644399,4.620299234721571,4.678866508202144,12283200
2012-10-03,4.763464450836182,4.828539038217801,4.652837497137374,4.685374635678129,16736500
2012-10-04,4.887106418609619,4.965195925011076,4.776479462724165,4.782986766440895,44795100
2012-10-05,4.926151275634766,5.023763005543811,4.887106521611123,4.945673497496526,17987200
2012-10-08,4.880598545074463,4.945673130282103,4.861076014362121,4.887106158745276,9858800
2012-10-09,4.835046768188477,4.913136590232944,4.822031849564421,4.887106752984834,12167700
2012-10-10,4.913134574890137,4.945671702953643,4.8285374833850065,4.8285374833850065,15323100
2012-10-11,4.9586873054504395,5.004239663430712,4.9456723903560835,4.984717135639152,12061600
2012-10-12,4.737433433532715,4.900120016534112,4.717910907040533,4.854567661585709,22036700
2012-10-15,4.809015274047852,4.815522886267822,4.678866132648733,4.7699705316281165,20387000
2012-10-16,4.626806259155273,4.848059789160016,4.587761518566201,4.822029962100634,29515100
2012-10-17,4.67235803604126,4.737432910294478,4.607283472088038,4.646328210459971,24020200
2012-10-18,4.69838809967041,4.782985192245781,4.652836057745221,4.69838809967041,21805800
2012-10-19,4.639821529388428,4.6983884896245804,4.561732042206865,4.68537357509432,19641500
2012-10-22,4.607285499572754,4.691882625089801,4.54221090698277,4.607285499572754,29660100
2012-10-23,4.255881309509277,4.360000631236704,4.190806733429636,4.275403837483197,78830800
2012-10-24,4.203822612762451,4.314449572619378,4.151762939959221,4.288419736217763,30320300
2012-10-25,4.30143404006958,4.30143404006958,4.171284566349877,4.23635945835977,26533000
2012-10-26,4.281911849975586,4.307941684723757,4.197314731893976,4.294926767349672,26657000
2012-10-31,4.2428669929504395,4.327464108940426,4.138747656532056,4.320956495264228,25591900
2012-11-01,4.346985816955566,4.346985816955566,4.190806830738031,4.255881408328671,23302400
2012-11-02,4.333970546722412,4.412060343739961,4.3079407178165745,4.392537816910565,24937700
2012-11-05,4.281911849975586,4.314449298560854,4.249374711690425,4.288419463812683,17183800
2012-11-06,4.425075531005859,4.438090446261168,4.288418765675086,4.294926068152713,19538800
2012-11-07,4.249372959136963,4.359999556041312,4.242865347983777,4.340477343181712,26524100
2012-11-08,4.151762962341309,4.333971818134898,4.151762962341309,4.262389922794623,27716700
2012-11-09,4.197315216064453,4.262390120741536,4.1322406216875125,4.138748236275277,14840500
2012-11-12,4.249372959136963,4.2884176951561415,4.171283176798627,4.223342824824198,15816400
2012-11-13,4.197315216064453,4.301434877367701,4.19080791177683,4.216837749527606,18309400
2012-11-14,4.067164897918701,4.242866409096787,4.060657285138005,4.216836578574112,23220300
2012-11-15,4.099701404571533,4.171283267004697,4.028119231838383,4.054149056414077,25281900
2012-11-16,4.112717151641846,4.17779172628965,4.028120049449676,4.1517618964305285,26944600
2012-11-19,4.210328578948975,4.242866019262811,4.164776534869636,4.184298750817916,13808300
2012-11-20,4.30143404006958,4.3144489564115425,4.171284566349877,4.216836928696786,19592600
2012-11-21,4.281911849975586,4.314449298560854,4.223344566642147,4.307941684723757,7115800
2012-11-23,4.353492736816406,4.353492736816406,4.26889564426586,4.301433083031458,4336100
2012-11-26,4.327462673187256,4.346984887138629,4.262388109516018,4.346984887138629,12192200
2012-11-27,4.288417816162109,4.379522202777545,4.288417816162109,4.346984766693467,16357400
2012-11-28,4.3079400062561035,4.320954918559295,4.223342921135368,4.262387968344927,11786100
2012-11-29,4.340476989746094,4.373014111962659,4.31444716785286,4.327462078799477,13022900
2012-11-30,4.340476989746094,4.373014111962659,4.294924646282958,4.346984290069425,14760800
2012-12-03,4.281911849975586,4.379523885431282,4.268896932601501,4.353494050683111,11320800
2012-12-04,4.197315216064453,4.281912343904547,4.164778074026054,4.268897425029159,19936000
2012-12-05,4.27540397644043,4.294926194748797,4.171284341028899,4.216836700915198,23887200
2012-12-06,4.255881309509277,4.327463498346911,4.216836563861492,4.320955885588919,10795600
2012-12-07,4.320955276489258,4.32746288832991,4.2558807095827955,4.2558807095827955,9829800
2012-12-10,4.366508483886719,4.412060844795101,4.2819113751854685,4.307941207047381,11709500
2012-12-11,4.399046421051025,4.4380911732124115,4.36650897243315,4.392538807207408,10245600
2012-12-12,4.418595314025879,4.496800463820408,4.392526620001394,4.431629505658301,17598900
2012-12-13,4.386010646820068,4.431630482973992,4.353425005173022,4.4055620939602385,11013200
2012-12-14,4.36646032333374,4.405563227676723,4.36646032333374,4.3860117755052315,8104500
2012-12-17,4.50331974029541,4.509836994872183,4.379494700174955,4.405563407722242,12274700
2012-12-18,4.594558238983154,4.620626628957437,4.516352758300587,4.568489849008873,26744500
2012-12-19,4.594558238983154,4.685797603893142,4.581524043996014,4.685797603893142,25171800
2012-12-20,4.679279804229736,4.685797056341604,4.588040449981382,4.59455770209325,13758300
2012-12-21,4.633660793304443,4.6792803200779165,4.5750067608702985,4.6271435404741075,27942100
2012-12-24,4.555455207824707,4.620626491582539,4.522869876705503,4.581523907783667,8580900
2012-12-26,4.575007438659668,4.614110029155591,4.555455988031825,4.568490495623563,7859900
2012-12-27,4.555455207824707,4.607592296982915,4.4968014875062545,4.581523907783667,10721100
2012-12-28,4.516354560852051,4.568491672369115,4.509837616137321,4.516354560852051,7146900
2012-12-31,4.646694660186768,4.6532116017973415,4.483767080046359,4.490284021656933,13624400
2013-01-02,4.764003276824951,4.803105865915034,4.672763902281423,4.770520530386508,17693800
2013-01-03,4.777037143707275,4.803105534636013,4.692314717809012,4.757486005890589,22191900
2013-01-04,4.946481704711914,4.946481704711914,4.803105252272886,4.803105252272886,22613400
2013-01-07,4.861758708953857,4.946481119854156,4.829173070681534,4.946481119854156,13545500
2013-01-08,4.822657585144043,4.87479437350888,4.744452402596787,4.848725979326462,14243500
2013-01-09,4.757486820220947,4.861760401784216,4.737935368297941,4.8356920063933995,15827800
2013-01-10,4.7900710105896,4.816139399730137,4.718382785073265,4.777036816019331,17753800
2013-01-11,4.718384265899658,4.796589768625141,4.659730527305307,4.796589768625141,18322100
2013-01-14,4.685798645019531,4.744452690873728,4.666247192814868,4.718383984347581,13721500
2013-01-15,4.750969886779785,4.77052134002291,4.646696298175943,4.659730496751423,19088600
2013-01-16,4.809624671936035,4.855244218553083,4.757487869653779,4.777039015129698,21398100
2013-01-17,4.8552422523498535,4.920413539570438,4.790071275888997,4.829173861765511,20294300
2013-01-18,4.842207431793213,4.933447097816546,4.790070657356845,4.868275819011397,18960500
2013-01-22,5.057273864746094,5.089859204808136,4.8552433268663595,4.868277525043136,37498500
2013-01-23,4.99210262298584,5.115927662530477,4.97906842465271,5.050756670864826,22621500
2013-01-24,4.9986186027526855,5.037721187779885,4.972550212734553,4.992101349868292,12471000
2013-01-25,5.011654376983643,5.063791173448729,4.972551779634828,5.037722775216186,12567700
2013-01-28,5.024686336517334,5.050754723130782,4.946481176676987,4.998617949903885,11641200
2013-01-29,5.024686336517334,5.050754723130782,4.998617949903885,5.0051348911774065,19986400
2013-01-30,5.089858055114746,5.135477893808787,4.985584493253768,5.024687078951635,23375700
2013-01-31,5.070308685302734,5.089859829587901,4.9269321769989425,4.959517831820668,26415700
2013-02-01,5.1354780197143555,5.187614801923073,5.083341237505639,5.109409628609997,17800100
2013-02-04,5.089858055114746,5.128960640812613,5.050755469416879,5.096375308110921,10836800
2013-02-05,5.168062210083008,5.194130595421258,5.089857054068256,5.128959632075632,15305000
2013-02-06,5.174580097198486,5.2071654274927095,5.122443320119965,5.148511708659226,16963200
2013-02-07,5.187614917755127,5.213683309441556,5.1289608810807925,5.187614917755127,13759800
2013-02-08,5.168062210083008,5.187613654466529,5.148511076459153,5.187613654466529,8908400
2013-02-11,5.174580097198486,5.19413123322308,5.128960261874928,5.18109703895345,17158600
2013-02-12,5.168062210083008,5.194130595421258,5.128959632075632,5.187613654466529,11306400
2013-02-13,5.115926265716553,5.194131434362784,5.109409323709225,5.187614492355456,18352200
2013-02-14,5.155028820037842,5.155028820037842,5.0898578465452715,5.096375099274386,12751900
2013-02-15,5.115926265716553,5.1810972395884125,5.096375128934853,5.161546102806712,10253700
2013-02-19,5.187614917755127,5.194131860296864,5.115926685237578,5.122443938539056,12233800
2013-02-20,5.024686336517334,5.174579714924506,5.018169084484131,5.161545521617781,14877000
2013-02-21,4.946481704711914,5.050755262296869,4.913896062586758,5.005135425473594,23973600
2013-02-22,5.0637898445129395,5.070307097740605,4.972550474643804,4.992101612807322,15388000
2013-02-25,4.874794006347656,5.122444043187825,4.874794006347656,5.102892593643707,18348500
2013-02-26,4.887828350067139,4.933448193207945,4.835691564054651,4.9073798002017,15518100
2013-02-27,4.966034412384033,4.992102810027008,4.868277765842969,4.8878292194551065,11430600
2013-02-28,4.985584259033203,5.031203784824331,4.92693022786208,4.979067006343206,11554400
2013-03-01,5.024686336517334,5.031203277790856,4.920412790063538,4.952998117950509,17651400
2013-03-04,5.115926265716553,5.135477713257969,4.985584317972834,4.998618512747206,18824200
2013-03-05,5.161546230316162,5.213683010701622,5.135477840123432,5.161546230316162,17692800
2013-03-06,5.239752292633057,5.344025871150004,5.194132446652003,5.200649700689201,28197600
2013-03-07,5.35706090927124,5.370094797115701,5.246270065755051,5.259303953599512,14117700
2013-03-08,5.3114399909973145,5.448299212216019,5.246269318024305,5.415714186489278,23946100
2013-03-11,5.415714740753174,5.441783136914218,5.304923901688842,5.31144053458941,12761300
2013-03-12,5.298407554626465,5.428749557752885,5.29189029909022,5.396163901591356,16614700
2013-03-13,5.383232593536377,5.3962831530659585,5.252730109665208,5.3114563829784665,15792200
2013-03-14,5.422384738922119,5.4419599598632304,5.324507389646453,5.409334176771342,22810100
2013-03-15,5.455009937286377,5.4941610017232065,5.40933421401429,5.435434716210491,28238200
2013-03-18,5.3962836265563965,5.4419593443478345,5.357132566817318,5.3962836265563965,10948100
2013-03-19,5.409333229064941,5.441959006440847,5.36365751410964,5.422383788929281,15083100
2013-03-20,5.481109619140625,5.507210117430438,5.428908622560997,5.4615344009945055,13419700
2013-03-21,5.3636579513549805,5.474585230104882,5.357132670890869,5.45500938871255,10010700
2013-03-22,5.357132911682129,5.396283973941552,5.331032410937522,5.389758693184144,17160700
2013-03-25,5.402805805206299,5.422381637234782,5.33102962128929,5.4093310825491265,9926500
2013-03-26,5.415858745574951,5.448484524376029,5.363657748407214,5.4289086837244,13455100
2013-03-27,5.3636579513549805,5.376707889998206,5.298406391283863,5.376707889998206,11296300
2013-03-28,5.344082355499268,5.376708137033835,5.29188135395797,5.350607636263185,7841100
2013-04-01,5.233154296875,5.363656765888808,5.200528212907904,5.344080928823093,9929800
2013-04-02,5.2462053298950195,5.278831109543475,5.200529300615681,5.239680049508331,20246800
2013-04-03,5.135277271270752,5.24620453182999,5.096126528333805,5.226629315932741,15034200
2013-04-04,5.200527191162109,5.213577435499513,5.128751002877572,5.1352759694750905,8922800
2013-04-05,5.213579177856445,5.233155017618269,5.063501473392128,5.0961269395677515,14532400
2013-04-08,5.2462053298950195,5.2462053298950195,5.115702833586186,5.194004331371486,10312400
2013-04-09,5.272305488586426,5.2984059861622015,5.194003995859096,5.265780208621244,15188100
2013-04-10,5.370180606842041,5.383231162903342,5.27882920355199,5.298404415359178,11696600
2013-04-11,5.3636579513549805,5.383233170462317,5.2918811108197525,5.376707889998206,7872600
2013-04-12,5.291881084442139,5.376707863197771,5.26578058500079,5.317981583883488,9023200
2013-04-15,5.089601039886475,5.298404980875515,5.089601039886475,5.2918797021484,14878900
2013-04-16,5.200527191162109,5.213577435499513,5.1418012472149766,5.161376458149898,16890900
2013-04-17,5.083075523376465,5.154852030304997,5.030874540571132,5.141801784603664,12784800
2013-04-18,5.004775047302246,5.109177033734457,4.97214927097095,5.09612678543043,15995200
2013-04-19,5.1091766357421875,5.115701914957128,4.978674162867746,5.050450367377469,12312800
2013-04-22,5.043926239013672,5.128753016075171,5.01130045979233,5.128753016075171,13024700
2013-04-23,5.226629734039307,5.298405946260922,5.122227433379961,5.167903459364829,24312100
2013-04-24,5.3636579513549805,5.370182609534096,5.213579612105409,5.233155453497742,16023300
2013-04-25,5.428908348083496,5.474584684495067,5.3701820743292865,5.3701820743292865,15781600
2013-04-26,5.46153450012207,5.474585060646329,5.383233003831446,5.4680597803842,18355800
2013-04-29,5.49415922164917,5.507209157376642,5.461533448903206,5.481108663636842,12958600
2013-04-30,5.539836406707764,5.539836406707764,5.455009623872512,5.46806018536333,19998800
2013-05-01,5.500683784484863,5.559410043324666,5.494158506328268,5.520258996669872,17214600
2013-05-02,5.520258903503418,5.5789851613520876,5.461532645654749,5.500683691648783,13190500
2013-05-03,5.598561763763428,5.6442374768639825,5.57246126737955,5.57898654704675,13233900
2013-05-06,5.683389186859131,5.683389186859131,5.585512469723167,5.59203712785657,7999100
2013-05-07,5.696439266204834,5.742115607977552,5.644238266137448,5.722540388523534,12495400
2013-05-08,5.748640060424805,5.768215277058873,5.676863228958355,5.689913788237679,10197100
2013-05-09,5.748640060424805,5.820416269606336,5.729064221505818,5.742114780785142,15172600
2013-05-10,5.748640060424805,5.800841052972267,5.696438445592425,5.748640060424805,9702400
2013-05-13,5.768213748931885,5.813889449739186,5.729062703750805,5.761688471020913,9172900
2013-05-14,5.872615337371826,5.872615337371826,5.774738663996181,5.781263319212434,13326800
2013-05-15,5.963967800140381,5.996592945507967,5.839990007518422,5.859565219195925,15372000
2013-05-16,5.839990615844727,5.990068913764611,5.807364844793898,5.957443142713782,14737300
2013-05-17,5.905241966247559,5.93134245778397,5.853040983174735,5.8726161962558425,15019300
2013-05-20,5.970493316650391,5.996593810078403,5.892191836366352,5.898717115294567,13365200
2013-05-21,5.977017879486084,6.022693581941596,5.9509173891851095,5.996593091640621,10670600
2013-05-22,5.8856658935546875,6.094469795349807,5.859564783545585,5.97049201194542,16338900
2013-05-23,5.866091251373291,5.9313427950672235,5.755164000464511,5.820415544158442,15793900
2013-05-24,5.937870979309082,5.944395639043137,5.83999361587654,5.83999361587654,12234400
2013-05-28,6.022695541381836,6.074897161251977,5.996595042589254,6.022695541381836,15628300
2013-05-29,6.042270183563232,6.094471170793099,5.957443423743485,5.9704933594085245,14873500
2013-05-30,6.120572566986084,6.185823499503303,6.035745794657248,6.042271074594454,15413600
2013-05-31,5.957444667816162,6.159723380001851,5.957444667816161,6.107522381871029,17333800
2013-06-03,5.950919151306152,6.016170707522552,5.807366101001049,5.977019649335721,22932200
2013-06-04,5.8595662117004395,6.009644519407873,5.833465717614564,5.957443531236121,19924900
2013-06-05,5.794314861297607,5.872616337794016,5.755163811906994,5.833465288403402,18810000
2013-06-06,5.892193794250488,5.898719075346953,5.761691283746474,5.787791785847277,15185500
2013-06-07,6.009645462036133,6.035745960215938,5.859567130788529,5.937869247612908,20071900
2013-06-10,6.107522487640381,6.133622987157797,5.977019990053299,6.0683720495067535,22035500
2013-06-11,6.016169548034668,6.114046241210671,5.996593711571596,6.029219483391877,18512700
2013-06-12,5.937612533569336,6.120913045407623,5.88524113713448,6.055448487705908,18000900
2013-06-13,6.003078460693359,6.009625042820196,5.872149939738804,5.931067930247463,11367700
2013-06-14,5.8786940574646,6.003076581675892,5.832869245553196,5.98343746575904,14164100
2013-06-17,5.872148036956787,5.9441585440687525,5.839415761245445,5.9441585440687525,14743500
2013-06-18,5.963797092437744,5.976890251203232,5.8394152057464765,5.891786592176081,14771100
2013-06-19,5.937612533569336,5.9899839300041915,5.90488087903477,5.937612533569336,18897200
2013-06-20,5.931065082550049,5.996528999437752,5.8590539623626015,5.865600541346212,29187500
2013-06-21,5.957253456115723,6.009624862929875,5.904882049301571,5.989985117137256,29187300
2013-06-24,5.957253456115723,6.291121018476837,5.865603182032749,5.898335467370698,26617900
2013-06-25,6.068540096282959,6.094725787800546,5.976889863813341,6.0161680889316544,13056800
2013-06-26,6.238748073577881,6.245294653894777,6.134005285772593,6.160190982723916,22702400
2013-06-27,6.35658597946167,6.35658597946167,6.245296577069069,6.284575446749703,20494800
2013-06-28,6.238748073577881,6.3565840220169605,6.232202117577247,6.350037441700065,15855500
2013-07-01,6.376224994659424,6.415503863677932,6.291121298716358,6.29766788093885,12806200
2013-07-02,6.428595066070557,6.507152163444068,6.369677086961346,6.382770248681754,18019700
2013-07-03,6.467875003814697,6.4744215857649055,6.317306740541998,6.382771311411244,9560100
2013-07-05,6.664266109466553,6.664266109466553,6.520244470990937,6.552976746687608,13319200
2013-07-08,6.644627094268799,6.769009630620814,6.644627094268799,6.749370512787027,16502800
2013-07-09,6.677361011505127,6.723186463446765,6.572618191609588,6.703546716479012,19810500
2013-07-10,6.631533145904541,6.690451111183952,6.552976066970714,6.683904531860425,18114300
2013-07-11,6.467875003814697,6.736278620609056,6.369678147510828,6.729732038658848,25174700
2013-07-12,6.546432018280029,6.559525181988465,6.467874908978638,6.50715315147113,14176600
2013-07-15,6.500606536865234,6.624988457941064,6.494059955672732,6.598802757487397,13011300
2013-07-16,6.376224994659424,6.526793264194522,6.356585872308391,6.507153517527046,25940500
2013-07-17,6.533337593078613,6.539884173668781,6.395863146582812,6.4024091028566925,13162600
2013-07-18,6.69699764251709,6.723183962064723,6.467872965321279,6.520244355784105,16414100
2013-07-19,6.69699764251709,6.729729917635411,6.611894601252161,6.723183962064723,13346400
2013-07-22,6.821381568908691,6.821381568908691,6.683906484532745,6.696999022688557,19519500
2013-07-23,6.821381568908691,6.827928150144772,6.64462762143261,6.7821027058085575,34590500
2013-07-24,6.690452575683594,6.886845628165495,6.690452575683594,6.847566767942594,19704400
2013-07-25,6.664266109466553,6.762462312240335,6.6118947180783705,6.683905225158062,16872400
2013-07-26,6.69699764251709,6.710090802290906,6.592254861591436,6.611894601252161,10978700
2013-07-29,6.585709095001221,6.703544414765818,6.552976818943629,6.696997834691052,13308000
2013-07-30,6.572618007659912,6.670814242484622,6.539885721279531,6.631535998281312,17276200
2013-07-31,6.552979469299316,6.7297328325923145,6.546432886576782,6.605350882446611,27569700
2013-08-01,6.716640949249268,6.742826658387379,6.579165820195048,6.624990655107603,18890800
2013-08-02,6.703546047210693,6.749371494577212,6.638082103469994,6.690453508189109,12861300
2013-08-05,6.710091590881348,6.736277289190184,6.657720194263675,6.696998429568783,7204200
2013-08-06,6.559523582458496,6.703544602233534,6.552977002200652,6.703544602233534,13452000
2013-08-07,6.48751163482666,6.546429601127395,6.461325941394797,6.546429601127395,12508300
2013-08-08,6.500606536865234,6.579163638226234,6.467874255219066,6.546431356580065,11255100
2013-08-09,6.494058132171631,6.579161790828424,6.487511552817376,6.49405813217163,10860200
2013-08-12,6.448235034942627,6.526792135072984,6.4220493348991745,6.454780991716238,15257800
2013-08-13,6.467875003814697,6.520246410783527,6.3893178933614525,6.480967543398696,11294200
2013-08-14,6.513698101043701,6.533337217368539,6.448234171855493,6.461326707966633,12576200
2013-08-15,6.422048091888428,6.4809654373452785,6.389315817090479,6.435140627217878,14222200
2013-08-16,6.441687107086182,6.513697611071323,6.402408253074884,6.402408253074884,14188700
2013-08-19,6.336944580078125,6.467873058113576,6.336944580078126,6.441687362506486,14287800
2013-08-20,6.454780101776123,6.520244655017125,6.323851619610367,6.3369447799850676,21645800
2013-08-21,6.441687107086182,6.526790770513824,6.36313002337979,6.441687107086182,18017000
2013-08-22,6.585709095001221,6.611894790984046,6.4351408748627925,6.454779990770852,12848900
2013-08-23,6.5071539878845215,6.631536561836857,6.474422323039001,6.611897438066247,9969400
2013-08-26,6.422048091888428,6.513697712143227,6.415501512065595,6.500605176813776,10436100
2013-08-27,6.192923545837402,6.3500377347972154,6.186376965218337,6.3434911541781505,20356800
2013-08-28,6.179830551147461,6.23874852967432,6.114366616141412,6.186377131942957,14454000
2013-08-29,6.212562561035156,6.297666234732166,6.147098628871804,6.160191165577962,10545600
2013-08-30,6.153645992279053,6.245296267445815,6.120914330870458,6.238749685437527,9168700
2013-09-03,6.120912551879883,6.317304960517372,6.075087115457059,6.238747872199128,14264700
2013-09-04,6.212562561035156,6.278027117514788,6.114366350631989,6.134005467849366,16323600
2013-09-05,6.2649359703063965,6.31076142429888,6.219111140630394,6.219111140630394,9079300
2013-09-06,6.25184440612793,6.323854953200046,6.140554981542291,6.310762410239923,13253900
2013-09-09,6.245294570922852,6.284573427986125,6.1732840613424775,6.278026847756204,15267000
2013-09-10,6.323851108551025,6.376222497184956,6.271479719917094,6.284572879233677,16719000
2013-09-11,6.271318435668945,6.350120265988797,6.238484183137022,6.330419964974153,8174000
2013-09-12,6.225351333618164,6.2844528733854,6.199084052195102,6.264752568883451,8416300
2013-09-13,6.251619815826416,6.264753144614205,6.172817338053894,6.212218576940155,6917000
2013-09-16,6.29758358001709,6.336984168704941,6.2647493386031705,6.33041782143101,9681800
2013-09-17,6.330417633056641,6.330417633056641,6.264749152182899,6.304150365959353,11419200
2013-09-18,6.3107194900512695,6.402655278478369,6.277885861427105,6.330420418739355,15766600
2013-09-19,6.048045635223389,6.330419300597049,6.00864441106798,6.317285350458175,36857600
2013-09-20,6.100578784942627,6.12027907937422,6.028343954519406,6.0677445433825925,20894200
2013-09-23,5.956109046936035,6.08087905111465,5.92984177651861,6.074312076945012,22966200
2013-09-24,6.034910678863525,6.0874458443984425,5.805072226105887,5.910141304653505,23539200
2013-09-25,6.07431173324585,6.139980218704295,5.936408414791987,6.028344169181592,19929600
2013-09-26,6.028345584869385,6.120280734587815,5.995511334429415,6.0743131597286,7553500
2013-09-27,6.107147216796875,6.218783289001276,6.0349117428638985,6.067745992264232,20922200
2013-09-30,6.080880641937256,6.126848220628073,5.9889448582943325,6.015212135583555,13037600
2013-10-01,6.172816753387451,6.185950707192688,6.080881581796347,6.080881581796347,12132200
2013-10-02,6.1268463134765625,6.179380851702169,6.074311775250956,6.100579044363759,9730600
2013-10-03,6.107147216796875,6.192516014733254,6.061179017131922,6.126847515932588,17761100
2013-10-04,6.192514419555664,6.218781687057298,6.113712617050759,6.120278964230375,11716900
2013-10-07,6.087447166442871,6.166248992467412,6.087447166442871,6.126847766324519,9151500
2013-10-08,6.054611682891846,6.179381058793826,6.048044708828289,6.094012274750948,14940800
2013-10-09,6.0940117835998535,6.126846025010218,6.03491027431341,6.074311489258061,14863400
2013-10-10,6.218782901763916,6.2713174470286885,6.159681381775752,6.185948654408138,25179500
2013-10-11,6.29758358001709,6.336984168704941,6.1728135878964085,6.192514508501399,16567100
2013-10-14,6.382950305938721,6.389516651102466,6.238480065901641,6.264747325339213,12353600
2013-10-15,6.284451961517334,6.3829547222572,6.25818468390563,6.369820770320699,11439100
2013-10-16,6.44205379486084,6.455187115523756,6.330417751051289,6.336984098252218,13392200
2013-10-17,6.527425289154053,6.533992265980636,6.382955556537499,6.415789814409035,16369300
2013-10-18,6.639058589935303,6.6456255639920645,6.501155266048879,6.5339895100715735,31126400
2013-10-21,6.593092918395996,6.65219444936575,6.540558363369836,6.59965989433959,20361200
2013-10-22,6.35668420791626,6.5339880849494385,6.258181497332512,6.4092187363898665,51792600
2013-10-23,6.29758358001709,6.3566850893099325,6.245049044259245,6.29758358001709,22468800
2013-10-24,6.264750003814697,6.277883952279296,6.179381217578197,6.23848273314663,17386300
2013-10-25,6.231916904449463,6.291018430881789,6.1728153780171375,6.264751155385339,16669800
2013-10-28,6.277884483337402,6.330419029117532,6.199082038406021,6.245050235659525,11539600
2013-10-29,6.238482475280762,6.323851257988568,6.2319155013199055,6.304150962367107,15554200
2013-10-30,6.264750003814697,6.304151222947364,6.23191575891433,6.258183029582397,16111500
2013-10-31,6.323853969573975,6.356688227196045,6.231918173484453,6.271319407883212,46873700
2013-11-01,6.271318435668945,6.402654819535364,6.2581844841516645,6.317286013456873,14832000
2013-11-04,6.205648899078369,6.310717988706517,6.205648899078368,6.277884367893601,12847000
2013-11-05,6.264750003814697,6.291017274482764,6.15311394691013,6.1990815140139635,14482500
2013-11-06,6.205648899078369,6.297584665633585,6.139981031191363,6.297584665633585,21563400
2013-11-07,6.080880641937256,6.238484305672591,6.074313666049628,6.225350353897334,18588100
2013-11-08,6.422353744506836,6.422353744506836,6.100579516411619,6.10714649076323,37095500
2013-11-11,6.435488700866699,6.46175597612488,6.363253224210771,6.409221425608519,10476800
2013-11-12,6.330417633056641,6.435486701445789,6.29758339261977,6.409219434348501,10934000
2013-11-13,6.350118160247803,6.376385428310688,6.2778833296401375,6.31728391860393,8358900
2013-11-14,6.44205379486084,6.448620142061769,6.330417751051289,6.382952286225071,12771100
2013-11-15,6.46832275390625,6.501156377280022,6.422354553912769,6.461755778727007,17799900
2013-11-18,6.343551158905029,6.494588419301423,6.33698418535278,6.474887498644676,12320000
2013-11-19,6.291018009185791,6.350119531656457,6.251617411712818,6.350119531656457,13752900
2013-11-20,6.3107194900512695,6.369821023592881,6.277885861427105,6.297586163853868,12090600
2013-11-21,6.396088123321533,6.455189655209809,6.291019011636291,6.291019011636291,11750500
2013-11-22,6.474889278411865,6.474889278411865,6.369820177739571,6.41578837897963,7004400
2013-11-25,6.448622226715088,6.553691331028458,6.442055877391447,6.5077237544566735,9733100
2013-11-26,6.409221172332764,6.501156318972737,6.402654197212417,6.474889044752571,10263400
2013-11-27,6.448622226715088,6.520857705626476,6.3960876745584025,6.409221625728204,9213000
2013-11-29,6.3895182609558105,6.461753712304665,6.369817967979315,6.455186739225493,4863500
2013-12-02,6.396088123321533,6.520858163143738,6.38952114727588,6.396088123321533,12211500
2013-12-03,6.271318435668945,6.415788771052645,6.231917207378381,6.389520868018083,16219300
2013-12-04,6.350118160247803,6.448620258918353,6.271316356059149,6.2778833296401375,15705500
2013-12-05,6.277884483337402,6.356686302007597,6.27131750854959,6.28445083186403,10329700
2013-12-06,6.376388072967529,6.448622933535169,6.356687770314779,6.3632541203581425,16302600
2013-12-09,6.323853969573975,6.4289230929555,6.310720016020597,6.409222788886808,15019300
2013-12-10,6.277884483337402,6.350119327219785,6.139981144099264,6.317285079541907,26578100
2013-12-11,6.2054219245910645,6.363521694180389,6.185659610450559,6.356934046722674,15199700
2013-12-12,6.271298885345459,6.330585844241391,6.185661329296472,6.1988359996401865,14537900
2013-12-13,6.277884483337402,6.297647426722353,6.225184557442878,6.271297463775091,14538200
2013-12-16,6.304235935211182,6.343761203083439,6.284473615391463,6.3305859043817465,8494400
2013-12-17,6.271298885345459,6.330585844241391,6.2581235867689315,6.2976488542657,8037700
2013-12-18,6.323996543884277,6.337171209479563,6.21859607795905,6.310821250056403,18371400
2013-12-19,6.317409992218018,6.356934624088839,6.271297712291161,6.284472380170536,10970000
2013-12-20,6.343759536743164,6.4030471088618395,6.310821926873605,6.350347184363607,17570900
2013-12-23,6.468920707702637,6.475508354312195,6.3503462098933765,6.363520874879935,7419600
2013-12-24,6.48868465423584,6.501859321266418,6.435984729648217,6.462334691942028,3982800
2013-12-26,6.508447170257568,6.528209485531174,6.482097207148537,6.488684854983964,5327200
2013-12-27,6.475510120391846,6.521622402769939,6.4557478034059095,6.521622402769939,4730400
2013-12-30,6.482095241546631,6.495269904989782,6.435982977146874,6.475507595708813,4707200
2013-12-31,6.51503324508667,6.5413832018337,6.462333331592609,6.48209564209475,6774500
2014-01-02,6.51503324508667,6.580907822837984,6.475507995849862,6.495270306352004,12170200
2014-01-03,6.501857757568359,6.561145315528931,6.475507801611718,6.534795359572288,6671400
2014-01-06,6.633608818054199,6.7126587011857115,6.600671837923872,6.607258857010362,26432000
2014-01-07,6.653370380401611,6.732420247141736,6.607257486962168,6.712657309282332,21812600
2014-01-08,6.75218391418457,6.7785338750618385,6.646784070675493,6.659958736997817,18251300
2014-01-09,6.8839335441589355,6.890521191269503,6.76535903733175,6.76535903733175,33896400
2014-01-10,6.903695106506348,6.9234580456889026,6.804882923523724,6.844408173656296,20615600
2014-01-13,6.791710376739502,6.923460204542366,6.758772762730604,6.890522590533466,16696700
2014-01-14,6.831234455108643,6.910284345358096,6.778534528275673,6.864172066437418,17881900
2014-01-15,7.002508163452148,7.042032786739173,6.8707583721078,6.8707583721078,22993200
2014-01-16,6.903695106506348,6.962982667588936,6.857582838212128,6.949808003033104,13848300
2014-01-17,6.962982177734375,7.035445026507482,6.916869912684211,6.916869912684211,23296400
2014-01-21,7.154020309448242,7.186957914540482,6.9168706836027285,6.989332912219606,39727600
2014-01-22,7.259422302246094,7.298946934105626,7.140847150202103,7.167197114186024,20300200
2014-01-23,7.193547248840332,7.213309565238969,7.088147390403988,7.20672191702852,24655000
2014-01-24,6.949812889099121,7.167200347081178,6.930050564255201,7.140850371211625,22183200
2014-01-27,6.857583999633789,6.989333808668355,6.798296428510072,6.98274678939111,16709100
2014-01-28,6.936634540557861,6.976159801119642,6.831234683370052,6.9498098368226895,13402700
2014-01-29,6.791710376739502,6.916872556094039,6.739009817385623,6.897110238981793,18508700
2014-01-30,6.870759963989258,6.883934632059843,6.7851224227159905,6.870759963989258,8568200
2014-01-31,6.699484348297119,6.791709530382743,6.68630905304232,6.778534235127944,15592400
2014-02-03,6.468920707702637,6.712657978163274,6.44915839610652,6.712657978163274,18259200
2014-02-04,6.567734718322754,6.679722218151177,6.462334866303691,6.528209459699269,15435900
2014-02-05,6.521623611450195,6.574323552001615,6.475511320525915,6.541386560331612,14989100
2014-02-06,6.765358924865723,6.771945943634183,6.50844634591791,6.534796305689537,17491000
2014-02-07,6.739009380340576,6.8378222159589646,6.659959488785481,6.791709936276666,17551700
2014-02-10,6.7192463874816895,6.785121604589723,6.666546465088313,6.745596348678377,10865400
2014-02-11,6.785120964050293,6.804883276024019,6.659958189007362,6.712658106425679,12210800
2014-02-12,6.75218391418457,6.870759052248592,6.7324216005847735,6.7851215223393115,9325400
2014-02-13,6.785120964050293,6.791708610785725,6.673133482478227,6.686308147716521,8496400
2014-02-14,6.818059921264648,6.864172201089897,6.771947013206704,6.785122309289744,7538400
2014-02-18,6.831234455108643,6.864172066437418,6.804884491692158,6.8180597875167415,6282000
2014-02-19,6.653370380401611,6.831232423508766,6.633607442542209,6.818057759834994,13759000
2014-02-20,6.732421398162842,6.758771358247854,6.607258616584584,6.653371517907807,13315400
2014-02-21,6.745595455169678,6.831232974773688,6.712657850978513,6.73242079043274,10904700
2014-02-24,6.877344608306885,6.910282209454959,6.765357769575414,6.77853243309515,12908500
2014-02-25,6.8839335441589355,6.9300464457003015,6.837821270850174,6.890521191269503,13184200
2014-02-26,6.930047035217285,6.936634054655584,6.844409500192814,6.9036964445334545,10871600
2014-02-27,6.962982177734375,6.976157469595846,6.870757647634048,6.923457558614947,7872000
2014-02-28,7.00909948348999,7.094737049803914,6.9432242391768515,6.969574211255529,13617200
2014-03-03,6.936634540557861,6.982747449252055,6.890522260096371,6.956397484955104,11663900
2014-03-04,7.10132360458374,7.1276735749293385,7.002511372845957,7.028861343191555,12966000
2014-03-05,7.068383693695068,7.167196521639968,7.048621379399146,7.088146636223635,15980100
2014-03-06,7.13425874710083,7.186958669491227,7.081558824710432,7.101321138548673,15066100
2014-03-07,7.279185771942139,7.318710410066409,7.2198981865229355,7.233072856486761,19680800
2014-03-10,7.18037223815918,7.285772729022602,7.134259955316439,7.246247466419726,14406100
2014-03-11,7.114496231079102,7.226483720034334,7.081558623462984,7.186958465248471,14468400
2014-03-12,7.101285457611084,7.114497453877384,6.988986009278157,7.094679459477933,10292800
2014-03-13,7.04843807220459,7.200372235137721,7.035226077176006,7.127708152428301,14290100
2014-03-14,7.0220136642456055,7.127707088771418,7.0021963046426405,7.03522502732008,10703700
2014-03-17,7.134315490722656,7.173950223291924,7.055045395601403,7.055045395601403,13999200
2014-03-18,7.140922546386719,7.193769284289254,7.094681178234893,7.147527916137429,9476400
2014-03-19,7.32588529586792,7.385338026742377,7.127709736280642,7.147527103244548,21808600
2014-03-20,7.464606285095215,7.51084700661025,7.286248136424226,7.29285413377854,21195200
2014-03-21,7.32588529586792,7.623148320257469,7.319279296885705,7.596724954311347,50564700
2014-03-24,7.312671661376953,7.477817819077301,7.286248301344202,7.365518381442457,19259400
2014-03-25,7.3390936851501465,7.365517040371888,7.259823619484925,7.352305677752258,11775000
2014-03-26,7.266429424285889,7.424969551438152,7.246612065887471,7.378728838514358,13641300
2014-03-27,7.127710342407227,7.259827183372792,7.081469605564977,7.226797815635703,18555000
2014-03-28,7.23340368270874,7.312673785836344,7.1144988430087235,7.14752758015814,13414300
2014-03-31,7.3390936851501465,7.345699681451202,7.259823619484925,7.279641608388092,10591100
2014-04-01,7.431578636169434,7.451396002804056,7.312673176396251,7.345702540775771,14528800
2014-04-02,7.32588529586792,7.451396126616312,7.266432564993463,7.451396126616312,20477100
2014-04-03,7.319278717041016,7.352308079352714,7.206979263170854,7.3258847154998925,12892100
2014-04-04,7.246613025665283,7.43157653184042,7.226795034659608,7.352306457765362,15490400
2014-04-07,7.094680309295654,7.246615134643942,7.008804213226227,7.240009135719509,15554700
2014-04-08,7.041833877563477,7.154133344127324,6.975775775455939,7.088074612037028,12826900
2014-04-09,7.06165075302124,7.121103481762275,7.022016020515694,7.04843938551363,12992200
2014-04-10,6.797415733337402,7.121102046833806,6.797415733337402,7.081467322314803,23123000
2014-04-11,6.718145847320557,6.80402192622229,6.579423047553543,6.671905124059087,21157600
2014-04-14,6.724750995635986,6.883291138209333,6.605845573714713,6.843655787574733,14060700
2014-04-15,6.78420352935791,6.790808895972338,6.638874754137823,6.737962183161853,13132700
2014-04-16,6.830446243286133,6.850263608890463,6.744570152357111,6.817234246228117,10698500
2014-04-17,6.7511749267578125,6.876685726137778,6.737962932095406,6.817233010122107,17835300
2014-04-21,6.790809631347656,6.817232990614278,6.718145550860091,6.764386272081034,12494500
2014-04-22,6.863476753234863,6.96256422780249,6.790812017234657,6.870082122885319,19540100
2014-04-23,6.876686096191406,6.949350810779775,6.8304453723498,6.863474730800639,11883900
2014-04-24,6.8106279373168945,6.916321379256819,6.777598579215017,6.903109384023025,11848900
2014-04-25,6.7049336433410645,6.817233079178764,6.671904916315635,6.784204352153335,12863500
2014-04-28,6.652087211608887,6.764386652299906,6.59263449242157,6.737963291548055,15474500
2014-04-29,6.6652984619140625,6.724751174455622,6.632269107170692,6.698327816657434,7174100
2014-04-30,6.698326110839844,6.718143466646096,6.605844067106692,6.64547940870158,10612600
2014-05-01,6.744568824768066,6.784204178157667,6.678510112446255,6.731356830310676,14076300
2014-05-02,6.764385223388672,6.936137346986026,6.751173860794826,6.757779227100509,11708700
2014-05-05,6.770992755889893,6.830445476007121,6.718146033559606,6.830445476007121,12099400
2014-05-06,6.6785101890563965,6.790809623302136,6.665298824430027,6.757780266762347,10493100
2014-05-07,6.770992755889893,6.777598753676834,6.645481947851117,6.711540035772663,13393400
2014-05-08,6.718145847320557,6.8568686470875715,6.704933852112934,6.744569207753197,14772200
2014-05-09,6.777600288391113,6.784206287673912,6.625665454800572,6.691724187663027,8666200
2014-05-12,6.942745208740234,6.949351206803382,6.784205035120594,6.810628397390534,15253200
2014-05-13,6.88989782333374,6.975773899969629,6.8766858284747165,6.969167902540117,13860400
2014-05-14,6.731357097625732,6.8700798950244275,6.698328370135763,6.8568685300249586,16732400
2014-05-15,6.632270812988281,6.724752904059571,6.539788721916991,6.711540906771084,20326600
2014-05-16,6.526576519012451,6.638875961656048,6.473729796589891,6.612452600444768,14274800
2014-05-19,6.625662326812744,6.632268322976839,6.500151549607274,6.50675754577137,8691700
2014-05-20,6.592634201049805,6.638875552808794,6.5397874818817465,6.612452193224765,12059500
2014-05-21,6.671902656555176,6.7181433627152085,6.605843964913096,6.605843964913096,7336000
2014-05-22,6.6652984619140625,6.711539180565256,6.612451746317686,6.671904458859245,9021300
2014-05-23,6.652087211608887,6.724751926163436,6.632269848540652,6.658693209292503,8257400
2014-05-27,6.685116767883301,6.77099285036388,6.658693406349478,6.691722765762414,9732800
2014-05-28,6.671902656555176,6.724749357875892,6.6388733107341364,6.678508021733486,11533200
2014-05-29,6.671902656555176,6.731354723054201,6.619055955234462,6.6652966613944935,11312000
2014-05-30,6.731357097625732,6.737963095116764,6.665299012663199,6.67190501015423,10480600
2014-06-02,6.830446243286133,6.850263608890463,6.7049347911657575,6.724752786752782,13729300
2014-06-03,6.8965020179748535,6.929531369522916,6.770991238071192,6.804020589619254,14303200
2014-06-04,6.929533004760742,6.975774359833102,6.8436569224636505,6.870080283941015,22393800
2014-06-05,7.002196788787842,7.022014149761016,6.870079369013222,6.955955439873706,16513300
2014-06-06,7.0220136642456055,7.061648383451534,6.975772948511188,7.0088016711886265,9165900
2014-06-09,7.167344570159912,7.206979301156704,7.008803756224677,7.028621751705763,16686800
2014-06-10,7.173946857452393,7.200370210095623,7.068253446879472,7.200370210095623,10491400
2014-06-11,7.120856285095215,7.18058398123279,7.087674794260002,7.173948062803569,10044900
2014-06-12,7.041220188140869,7.167312142849096,7.0080386943826865,7.127493464284281,11706400
2014-06-13,7.1075873374938965,7.127496368440187,7.008041549865762,7.054496166372667,17700900
2014-06-16,7.027947902679443,7.100948076928864,7.001402327234523,7.087675605654624,14502900
2014-06-17,7.1274943351745605,7.193858596592656,7.008039550677092,7.014675470501699,14556200
2014-06-18,7.120856285095215,7.160674960152388,7.081038242934411,7.134129387746396,14439800
2014-06-19,7.094310283660889,7.154037976186432,7.04121914205959,7.127492405385783,9665200
2014-06-20,7.147401809692383,7.187219848060991,7.0611285493653195,7.140765258998845,30387900
2014-06-23,7.1075873374938965,7.160678508615126,7.061132720986992,7.154041954000801,16961400
2014-06-24,7.021310806274414,7.140766202964124,7.021310806274415,7.081038504619269,11715700
2014-06-25,7.087676525115967,7.114222104004559,6.921766498838132,7.008039788450189,14440600
2014-06-26,7.087676525115967,7.100948998112001,6.981494209561596,7.087676525115967,9688400
2014-06-27,7.081040382385254,7.134131543238092,7.047858248628091,7.087676935715999,10064600
2014-06-30,7.047857284545898,7.114221542982205,7.041220732122974,7.041220732122974,8954900
2014-07-01,7.140766620635986,7.2071302415369844,7.087675470756617,7.094311389819216,9365500
2014-07-02,7.100949287414551,7.1938591337581625,7.094312734197889,7.154040447354743,6844500
2014-07-03,7.213767051696777,7.273494755672996,7.154039347720558,7.167312452113697,5475100
2014-07-07,7.147401809692383,7.187219848060991,7.120855606918232,7.187219848060991,9994800
2014-07-08,7.014673233032227,7.14076516292778,6.994764214115776,7.114219593407079,9205200
2014-07-09,7.054493427276611,7.087675554567701,7.027947852023028,7.034584404060533,8271400
2014-07-10,7.001402854919434,7.047857457225145,6.915129569997047,6.948311700028194,12190300
2014-07-11,7.041220188140869,7.094311337629673,6.94167444107347,6.974856567728078,10612100
2014-07-14,7.047857284545898,7.127494014931582,7.034584812596521,7.107584990559279,5882300
2014-07-15,7.120856285095215,7.160674960152388,7.067765140283231,7.081038242934411,10682900
2014-07-16,7.054493427276611,7.160675728290947,7.0412203232016015,7.160675728290947,10435100
2014-07-17,6.7757649421691895,7.034584789754603,6.755855917861534,7.0213116849518515,23119300
2014-07-18,6.802310466766357,6.862038172128228,6.755855866105554,6.828856043272026,16231300
2014-07-21,6.7624921798706055,6.802310863399111,6.7094010237636015,6.802310863399111,27103600
2014-07-22,6.702764511108398,6.868674517493296,6.596581575389049,6.848764861041666,27348800
2014-07-23,6.702764511108398,6.769128133924489,6.66958238325213,6.689491406807313,15607200
2014-07-24,6.828855991363525,6.848765015367325,6.7027646621441805,6.716037133847893,15571800
2014-07-25,6.87531042098999,6.888583525260657,6.802310246190665,6.802310246190665,11916300
2014-07-28,6.7956743240356445,6.881947611103441,6.775765298680462,6.868675138498821,10140800
2014-07-29,6.755853652954102,6.815581338749768,6.735944002424707,6.769126120410772,10627200
2014-07-30,6.83549165725708,6.88194625154067,6.769127408655054,6.802309532956067,10200500
2014-07-31,6.729310035705566,6.828855785621884,6.709400379405149,6.789037105917491,14883200
2014-08-01,6.629762172698975,6.722671982668087,6.550125463966722,6.68948986247224,14464400
2014-08-04,6.59658145904541,6.682854736791532,6.523581285366277,6.643036690383436,12841300
2014-08-05,6.5368547439575195,6.6364004982730265,6.510309167280286,6.5501272158479,10879300
2014-08-06,6.530218124389648,6.629763877681158,6.497035995660324,6.516945019739333,12292400
2014-08-07,6.443943977355957,6.563399371578701,6.404125301649582,6.563399371578701,12710500
2014-08-08,6.477126598358154,6.477126598358155,6.410762344723528,6.4704900464154065,13231100
2014-08-11,6.45058012008667,6.523580282544021,6.4439435690733635,6.5169437315307155,8277700
2014-08-12,6.463853359222412,6.510308588953189,6.443944336707174,6.443944336707174,6495700
2014-08-13,6.576672077178955,6.589945180522089,6.483762885362629,6.483762885362629,17097700
2014-08-14,6.570035934448242,6.6164911661443355,6.543490359006093,6.570035934448243,8037000
2014-08-15,6.490399360656738,6.65630936929344,6.463853784590724,6.589945745576633,17638500
2014-08-18,6.603219509124756,6.649674751001896,6.516946211806158,6.536855872423467,9870600
2014-08-19,6.556764125823975,6.662946438323714,6.550127573068615,6.616491834829204,11614100
2014-08-20,6.609857082366943,6.6297661131590395,6.543492802531053,6.556765911656902,7524100
2014-08-21,6.716037750244141,6.75585643480275,6.596582329464833,6.609855435283209,12001800
2014-08-22,6.702764511108398,6.795673709630214,6.66958238325213,6.702764511108399,7796400
2014-08-25,6.782402992248535,6.795675467085619,6.722675273240129,6.742584301944061,6990800
2014-08-26,6.808947563171387,6.842129694678937,6.76249232590221,6.789037904528946,11046700
2014-08-27,6.742583751678467,6.835493599542081,6.729311277924555,6.822220492891611,6079300
2014-08-28,6.709401607513428,6.735947187876522,6.6762201067319795,6.722674714143254,5987100
2014-08-29,6.735944747924805,6.74258129883577,6.669581137504146,6.71603572808824,7311400
2014-09-02,6.755853652954102,6.822217256029973,6.7027625173349,6.755853652954102,16182400
2014-09-03,6.716037750244141,6.815584145192404,6.7027652773222846,6.782402013542983,18234700
2014-09-04,6.729310035705566,6.808946762217909,6.716036931505288,6.742582507009402,10880700
2014-09-05,6.729310035705566,6.735945954909263,6.649673309193225,6.716036931505288,7557800
2014-09-08,6.735944747924805,6.74258129883577,6.682853606429746,6.71603572808824,7486000
2014-09-09,6.636399745941162,6.729309570227041,6.636399745941162,6.709399915303811,12066900
2014-09-10,6.803142547607422,6.8231516126671865,6.63639885459706,6.643068754975884,17175000
2014-09-11,6.856500148773193,6.86317004883128,6.763124092266699,6.763124092266699,12638500
2014-09-12,6.903189182281494,6.949877213031589,6.856500515454686,6.876510216699052,24691900
2014-09-15,6.856500148773193,6.916527977142613,6.809812120519945,6.876509848947452,14761400
2014-09-16,6.809813976287842,6.889850890566001,6.803144074412115,6.8231531439624415,12224100
2014-09-17,6.923202037811279,7.009908882444252,6.796476404856527,6.809816212989475,25588300
2014-09-18,7.029915809631348,7.0899436557259135,6.949878893530882,6.963218061509193,21650000
2014-09-19,6.963217735290527,7.089943323570302,6.923199597153531,7.076603520140078,15740500
2014-09-22,6.89652156829834,6.983228394206718,6.883181763046163,6.97655849158063,14257800
2014-09-23,6.789804935455322,6.916529891245852,6.789804935455322,6.876511751975939,11504500
2014-09-24,6.789804935455322,6.816483906994216,6.709768020838642,6.783135033551385,14148600
2014-09-25,6.7097673416137695,6.783134346899624,6.676418471546821,6.769794544442129,11407700
2014-09-26,6.749784469604492,6.776463434461557,6.709766340357242,6.723105504747426,12727800
2014-09-29,6.7097673416137695,6.756455378061424,6.663078669089326,6.669748570318074,10405100
2014-09-30,6.696429252624512,6.76312700982489,6.656410471088893,6.723108228289273,14261700
2014-10-01,6.596381187438965,6.703097056683086,6.569702220127935,6.6897572549891935,15773800
2014-10-02,6.6097187995910645,6.649737559190482,6.516342753986765,6.5963796371089956,12609600
2014-10-03,6.736445903778076,6.749785069353506,6.669748167670669,6.676418068496759,15774500
2014-10-06,6.65640926361084,6.763125782988373,6.656409263610839,6.75645588126287,9175200
2014-10-07,6.576372146606445,6.683088662665035,6.576372146606445,6.676418761146969,24718000
2014-10-08,6.6697492599487305,6.683089063785519,6.54969356972506,6.563033373561848,18163800
2014-10-09,6.482997894287109,6.629731952521633,6.482997894287109,6.603052975017447,19677600
2014-10-10,6.396291255950928,6.569704933123118,6.396291255950928,6.476328190935704,15840200
2014-10-13,6.289574146270752,6.476326959045501,6.289574146270752,6.42296901253843,19951200
2014-10-14,6.349603176116943,6.4029611325484295,6.3095843907548215,6.356272443613118,20649700
2014-10-15,6.069472312927246,6.202867176008495,5.902728575056463,6.182858105565528,30574900
2014-10-16,6.042791843414307,6.14283780692303,5.9560850448709415,5.976094110357342,31833500
2014-10-17,6.069472312927246,6.169518301218963,6.02945353596443,6.096151285543495,25394500
2014-10-20,6.109489440917969,6.189526345497361,6.056131504531707,6.056131504531707,22126300
2014-10-21,6.176186561584473,6.2762325232811,6.096149665011828,6.149507596060258,42954300
2014-10-22,6.176186561584473,6.2428836573566535,6.129497894859562,6.136167795259794,33571600
2014-10-23,6.27623176574707,6.342929489545624,6.242882903847794,6.262892602633341,19928800
2014-10-24,6.296242713928223,6.329591585814149,6.222875704640644,6.296242713928222,16111600
2014-10-27,6.269564151763916,6.302913025820751,6.229546011757209,6.276234053790657,12277000
2014-10-28,6.422966957092285,6.436306121411871,6.27623233311668,6.27623233311668,13103800
2014-10-29,6.509675025939941,6.556363064314387,6.389619343175005,6.4029591461830275,17592300
2014-10-30,6.509675025939941,6.56970286732241,6.43630738154945,6.4829960560007125,14804400
2014-10-31,6.623062610626221,6.649741587829996,6.556364849578289,6.583043826782064,17040200
2014-11-03,6.689758777618408,6.723107653366789,6.589712786450166,6.596382688815222,17205600
2014-11-04,6.676419734954834,6.72310778023747,6.623061787181276,6.69642880635069,15628200
2014-11-05,6.7431159019470215,6.7631256066016645,6.67641879466201,6.7231068333692,20024600
2014-11-06,6.823155403137207,6.849835019473843,6.676421329748086,6.743118462358487,19488200
2014-11-07,6.77646541595459,6.816484192980348,6.72977737282194,6.769795513770816,17372900
2014-11-10,6.823155403137207,6.823155403137207,6.763128174610965,6.803146326961793,12227500
2014-11-11,6.796475410461426,6.863173169213462,6.776466337266601,6.823154386746846,8255300
2014-11-12,6.809813976287842,6.809813976287842,6.736446963885408,6.769795201110335,12349800
2014-11-13,6.783134460449219,6.823152596338027,6.736446423220008,6.7964736270532216,11572400
2014-11-14,6.783134460449219,6.816483331074427,6.756455491164412,6.763125392504815,12756800
2014-11-17,6.736445903778076,6.763124871005688,6.709766936550463,6.749785069353506,10299000
2014-11-18,6.729774475097656,6.769792598815422,6.723104575785826,6.723104575785826,7940800
2014-11-19,6.716437339782715,6.756456115445971,6.663079396282946,6.736447045652772,10429400
2014-11-20,6.689758777618408,6.689758777618408,6.6230616621985465,6.683089511330252,14458200
2014-11-21,6.696429252624512,6.796475252348126,6.696429252624512,6.756457106889462,10818000
2014-11-24,6.789804935455322,6.803144103186342,6.736446992377536,6.736446992377536,10152900
2014-11-25,6.763127326965332,6.809815377548748,6.736448350049526,6.803145474300551,10342500
2014-11-26,6.763127326965332,6.789806303881139,6.729778446801328,6.7697965941365466,9158700
2014-11-28,6.716437339782715,6.796474255032367,6.703098171946203,6.769795283282483,6981100
2014-12-01,6.516345024108887,6.683088747721784,6.48966541769707,6.676418846118829,17304600
2014-12-02,6.576372146606445,6.623060821156084,6.496335236620117,6.496335236620117,15505900
2014-12-03,6.643072128295898,6.656411299750405,6.536356212351713,6.5697050951035285,9670000
2014-12-04,6.7431159019470215,6.7431159019470215,6.596381884273903,6.643069922981093,19004700
2014-12-05,6.916528701782227,6.969886635683832,6.783133867028213,6.803142933222129,24235300
2014-12-08,6.916528701782227,7.023244569585437,6.856500867123734,6.903189536345198,18258400
2014-12-09,6.969889163970947,6.976559067147303,6.803145401023905,6.829824377652353,16127000
2014-12-10,6.795641899108887,7.003397844684043,6.782237959840811,6.936380065748671,16788900
2014-12-11,6.815746784210205,6.909572436386416,6.7755356078104105,6.802342845698618,14805300
2014-12-12,6.708518028259277,6.8023430440362,6.6884121199056645,6.755430536147739,13203100
2014-12-15,6.6079888343811035,6.762130899472395,6.5878835699378335,6.742025635029125,15771000
2014-12-16,6.648200511932373,6.735324183376966,6.520865669384551,6.547673542876624,26967400
2014-12-17,6.849257469177246,6.85595880074398,6.648202822067855,6.681712036441938,21592900
2014-12-18,6.996695041656494,7.003397010492244,6.9028700344957,6.90957200333145,19974200
2014-12-19,7.003398418426514,7.070416841987268,6.996696448243427,7.030205660023805,17396800
2014-12-22,7.043605804443359,7.050307771014616,6.963184122992415,7.023499904729591,8526400
2014-12-23,7.1441330909729,7.184344253204763,7.050308110989789,7.07041337253835,11369700
2014-12-24,7.1508355140686035,7.16423880957782,7.077115790930962,7.16423880957782,4854400
2014-12-26,7.157541751861572,7.204454272835856,7.130734505714102,7.150839780540914,6512800
2014-12-29,7.191045761108398,7.258064153462143,7.12402800788941,7.137431302879305,10192400
2014-12-30,7.170942306518555,7.217855448644709,7.124029803527318,7.170942306518555,7921300
2014-12-31,7.07711935043335,7.217857539306984,7.070417379740532,7.197751627228534,6229100
2015-01-02,7.043605804443359,7.157536679615875,6.943078223278646,7.137430779902107,9557200
2015-01-05,6.802342891693115,7.036906704152176,6.775535653623648,7.010099466082709,12597500
2015-01-06,6.5744805335998535,6.782236432385449,6.547673300236071,6.775534464260789,22149400
2015-01-07,6.614691734313965,6.675008175277772,6.5275680572701225,6.654902908001477,14461900
2015-01-08,6.715219974517822,6.728623274238955,6.641499589079155,6.681710766512517,14098600
2015-01-09,6.520866394042969,6.721920993632377,6.494059156706711,6.715219663649528,14962300
2015-01-12,6.39353084564209,6.561076203902243,6.360021646163095,6.534268972146012,17224200
2015-01-13,6.293004035949707,6.50746189509808,6.246090899909874,6.440443494546796,18948800
2015-01-14,6.138862609863281,6.239390221162861,6.085248139490799,6.192477080235762,24600800
2015-01-15,6.024930953979492,6.1522657846870565,5.964614522500627,6.078545417708522,24855900
2015-01-16,6.078546524047852,6.132160997535103,5.964615608103708,6.01823008159096,41123500
2015-01-20,5.857386589050293,6.078546449247426,5.75685961228248,5.93780829829153,49734700
2015-01-21,5.837280750274658,5.93110638810825,5.810473516484327,5.897597186086619,26963100
2015-01-22,6.158969402313232,6.225987826449657,5.870791712450749,5.877493682691403,31189900
2015-01-23,6.038334846496582,6.205880204240872,6.0249309110923255,6.1388618054892286,22072000
2015-01-26,6.085248947143555,6.118758155357525,6.011529200380808,6.031634469655196,21049700
2015-01-27,6.011529445648193,6.085249195418668,5.951212996229163,6.011529445648193,19222300
2015-01-28,5.857386589050293,6.078546449247426,5.850684620163124,6.071845119495188,21154500
2015-01-29,5.9311041831970215,5.951209441281844,5.823874648763829,5.843980545983283,21703400
2015-01-30,5.83057975769043,5.964615949070732,5.80377251941437,5.823877788337671,19817600
2015-02-02,5.984722137451172,6.004827407316197,5.8305800307926345,5.884194509856037,21380800
2015-02-03,6.105353355407715,6.1254592609816445,5.998124415553008,5.998124415553008,18651600
2015-02-04,6.058440208435059,6.152265840377586,6.058440208435059,6.078545472731733,17204500
2015-02-05,6.165668487548828,6.192475716832898,6.091948766801328,6.091948766801328,14320000
2015-02-06,6.4069366455078125,6.507463634063357,6.326514287701371,6.360023496931554,33160300
2015-02-09,6.272899627685547,6.333216074733435,6.239391058556709,6.313110805429134,18081100
2015-02-10,6.266197681427002,6.346619389874422,6.212583209128722,6.30640821608325,13432100
2015-02-11,6.246091842651367,6.2997063155306545,6.205881307559368,6.239390512892656,16271300
2015-02-12,6.39353084564209,6.4270400451210845,6.266196654583694,6.306407182650631,16265400
2015-02-13,6.380130767822266,6.4739558067322065,6.33991958033576,6.406938013101555,10904200
2015-02-17,6.487356662750244,6.487356662750245,6.326512628456682,6.36002182889846,13310400
2015-02-18,6.373429298400879,6.487360259589678,6.353323383507425,6.487360259589678,11056500
2015-02-19,6.386829853057861,6.406935759295912,6.272898940915247,6.353320648462695,10257900
2015-02-20,6.47395133972168,6.4806533062009475,6.306406012548201,6.366722432592205,10207100
2015-02-23,6.413637161254883,6.45384833504966,6.353320720130178,6.427041098898116,11831900
2015-02-24,6.480656623840332,6.520867165031497,6.406936872233177,6.406936872233177,12723200
2015-02-25,6.447145462036133,6.48735663019142,6.420338229644219,6.48735663019142,7689700
2015-02-26,6.447145462036133,6.480654662309733,6.393530997252306,6.4404434941544455,10429800
2015-02-27,6.440443515777588,6.473952716163692,6.413636283295672,6.4270402191040485,8081200
2015-03-02,6.500760555267334,6.50746252379692,6.393531615333548,6.4404441167708555,7853900
2015-03-03,6.447145462036133,6.48735663019142,6.400232965133993,6.447145462036133,11552600
2015-03-04,6.400233745574951,6.420339012536803,6.366724541215257,6.406935714273873,7859700
2015-03-05,6.500760555267334,6.50746252379692,6.333215176837069,6.400233583863134,10091400
2015-03-06,6.540971279144287,6.6884107418837315,6.487356812850879,6.520865374933119,20008100
2015-03-09,6.540971279144287,6.60798904244362,6.507462077927194,6.514164045997583,11022200
2015-03-10,6.400233745574951,6.473953483858349,6.400233745574951,6.460550185595419,16660500
2015-03-11,6.427181243896484,6.460866808819689,6.400232920457664,6.4204440024121014,10318600
2015-03-12,6.662979602813721,6.710139008539308,6.595608472492554,6.6495051197500015,32861900
2015-03-13,6.676451683044434,6.710137239323377,6.609081212985093,6.6427661267654905,20272500
2015-03-16,6.65624475479126,6.716878665383827,6.575399754834153,6.6764558441558,13490500
2015-03-17,6.662979602813721,6.676453443378724,6.548449066766967,6.629294037653137,19051900
2015-03-18,6.528238296508789,6.723613832002893,6.433919471269518,6.656243334331815,30471400
2015-03-19,6.400234699249268,6.5349763538915795,6.245281957035331,6.521502509676793,38704300
2015-03-20,6.4945549964904785,6.4945549964904785,6.380024414999021,6.427183839437044,26440100
2015-03-23,6.433919429779053,6.514764411962286,6.38002277499023,6.481078842094571,14963400
2015-03-24,6.353074073791504,6.433919051217954,6.332862347560816,6.427181809141058,16705200
2015-03-25,6.23180627822876,6.353074065458762,6.225069036160701,6.353074065458762,14946300
2015-03-26,6.2722296714782715,6.312651842648502,6.177910201249689,6.238544100503861,19301700
2015-03-27,6.218329906463623,6.2991755017414075,6.184644991346214,6.292438261718497,15379500
2015-03-30,6.2924418449401855,6.326127421738369,6.265493512001426,6.272230755860851,11360900
2015-03-31,6.366549015045166,6.366549015045166,6.225070119488656,6.258755693192374,25716100
2015-04-01,6.373285293579102,6.386759135521762,6.285703072206067,6.36654805135838,19357500
2015-04-02,6.454129695892334,6.494552503105084,6.346336399989963,6.406970289559728,19494400
2015-04-06,6.433919429779053,6.460867757173464,6.252017737992672,6.252017737992672,14104100
2015-04-07,6.481078147888184,6.534974796903986,6.420444257120723,6.427181498872382,11860600
2015-04-08,6.487814426422119,6.5551849064403,6.46760334666653,6.481077185670709,19775400
2015-04-09,6.514764785766602,6.541713114707254,6.447393642165547,6.487816456825948,17434000
2015-04-10,6.4608683586120605,6.528238862120168,6.427182785608574,6.501290532217152,17772700
2015-04-13,6.4945549964904785,6.521503330812059,6.447394929553486,6.454132173758623,14897000
2015-04-14,6.427181243896484,6.467604050304072,6.393495678973281,6.454129567335306,20994900
2015-04-15,6.541713237762451,6.568661567210025,6.400234347537974,6.433919919972155,19924800
2015-04-16,6.534974575042725,6.555185657112804,6.4676040873095575,6.548449058088588,19136600
2015-04-17,6.4608683586120605,6.514765018418093,6.440657271809515,6.494553931615547,12993100
2015-04-20,6.4608683586120605,6.514765018418093,6.420445542508104,6.4878166885150765,14857100
2015-04-21,6.454129695892334,6.649505205340062,6.43391861353532,6.568660233413284,30466500
2015-04-22,6.5551862716674805,6.5686607559765875,6.3934963149508395,6.406970799259947,18488900
2015-04-23,6.481078147888184,6.534974796903986,6.460867065131943,6.514763714147745,10795500
2015-04-24,6.454129695892334,6.5282374262005325,6.43391861353532,6.5012891022249395,11099200
2015-04-27,6.440656661987305,6.5282382440054505,6.440656661987305,6.481078831765094,10873300
2015-04-28,6.4945549964904785,6.514766086606921,6.420446595231906,6.440658327847318,12141100
2015-04-29,6.602346420288086,6.662980315563498,6.460867545478385,6.474341387484707,17493100
2015-04-30,6.622559547424316,6.676456217072815,6.568662877775818,6.595611212600067,22080500
2015-05-01,6.622559547424316,6.676456217072815,6.568662877775818,6.642770637917758,11788000
2015-05-04,6.723613739013672,6.730350981437245,6.6292949150788525,6.6360321575024255,12280900
2015-05-05,6.676451683044434,6.831404984928154,6.676451683044434,6.696662759812381,26269500
2015-05-06,6.683191299438477,6.737087951651789,6.615820162922449,6.716876867696491,14280600
2015-05-07,6.662979602813721,6.710139008539308,6.588871230960694,6.656242361281861,15442400
2015-05-08,6.689930438995361,6.72361537430836,6.629296527433635,6.696667040558587,20395800
2015-05-11,6.784247875213623,6.790985117874923,6.68319180528942,6.703402890774496,12547900
2015-05-12,6.851619720458984,6.9055163822866765,6.730351910097232,6.7573002410110785,21751000
2015-05-13,6.9122514724731445,6.932462553738054,6.7909836998863105,6.838143103670662,14809700
2015-05-14,6.8650946617126465,6.945940309872256,6.8448835709222395,6.939203065442457,14835700
2015-05-15,6.723613739013672,6.8920409446101925,6.696665411818181,6.871829859838273,18780000
2015-05-18,6.878566741943359,6.905515067727222,6.743825113024045,6.7505623550947025,14927600
2015-05-19,6.999835014343262,7.013308856919614,6.89204106123839,6.898778303775972,15793800
2015-05-20,6.9122514724731445,6.999833681286003,6.885303149953702,6.979621957522405,9431000
2015-05-21,6.898777961730957,6.952674614361763,6.858355793507243,6.885304119822646,13552200
2015-05-22,6.885306358337402,6.939203028490812,6.885306358337403,6.905517449020184,6978800
2015-05-26,6.858356475830078,6.878567561952692,6.811196418212187,6.858356475830078,10852900
2015-05-27,6.925724983215332,6.932462224149558,6.8650910998046175,6.878565581673069,8677200
2015-05-28,6.885306358337402,6.939203028490812,6.82467244379007,6.9189919378080305,10353300
2015-05-29,6.797719955444336,6.898775989614044,6.784245474889124,6.898775989614044,12771800
2015-06-01,6.723613739013672,6.851618775066355,6.710139896665327,6.831407690294437,14854400
2015-06-02,6.8246684074401855,6.844879486169421,6.72361172879679,6.737086209615352,14823800
2015-06-03,6.939200401306152,6.972885968023409,6.82466985996673,6.8516181848407856,35803900
2015-06-04,6.885306358337402,6.97288860796144,6.865094625155633,6.905517449020184,15847800
2015-06-05,7.087416648864746,7.154787141126569,7.013308272128356,7.013308272128356,25929000
2015-06-08,7.0267839431762695,7.168262836075753,7.020046700062278,7.046995030019376,15661800
2015-06-09,7.107628345489502,7.168262243505339,6.999835034571933,7.040257204916615,17767400
2015-06-10,7.216035842895508,7.283792308889481,7.13472847140687,7.148280023075085,14940100
2015-06-11,7.155056476593018,7.243138986084858,7.121178240387288,7.20926139605274,12486700
2015-06-12,7.168608665466309,7.195711130043406,7.127955291687526,7.148281978576917,9064500
2015-06-15,7.114401340484619,7.155055346746589,7.060196429584331,7.080523109628562,10774100
2015-06-16,7.182158470153809,7.195709376052392,7.0805237681333795,7.1144020021401895,8919400
2015-06-17,7.07374906539917,7.236364484070825,7.053422380380338,7.20248624492366,14028900
2015-06-18,7.114401340484619,7.121177115890532,6.958562383189668,7.100849789672793,16610800
2015-06-19,7.07374906539917,7.121178858674666,7.046646603316172,7.080524842463336,10049200
2015-06-22,7.188933372497559,7.1889333724975595,7.114401776980244,7.141504234093226,9267200
2015-06-23,7.290569305419922,7.331222674884263,7.209261920317583,7.236364382018363,12882600
2015-06-24,7.229588508605957,7.310895892623643,7.19571027038851,7.263466746823405,9869300
2015-06-25,7.161832332611084,7.270242182515808,7.107627407658721,7.256691274364556,15100400
2015-06-26,7.134729862213135,7.249915489152432,7.121178954076927,7.202486341415194,14277200
2015-06-29,6.972114086151123,7.100850602736558,6.931460075234175,7.026319003257999,18228000
2015-06-30,7.019545078277588,7.121179809286378,6.972115924844404,7.039872412183597,12922600
2015-07-01,7.053422451019287,7.134729838082563,7.0398715429289105,7.094076467637761,10993200
2015-07-02,6.9585652351379395,7.053423545004099,6.90435965584814,6.999218611888073,12811000
2015-07-06,6.890810489654541,6.924688742969764,6.823053983024095,6.8501564564414865,12639600
2015-07-07,6.802725791931152,6.8704822836454715,6.653661897863926,6.85693072683309,20789400
2015-07-08,6.660438060760498,6.755297025401757,6.653662281963159,6.748521246604417,17361900
2015-07-09,6.77562141418457,6.802723873994364,6.728192271060834,6.768845637688719,14816500
2015-07-10,6.870483875274658,6.945015516487514,6.829829841593318,6.877259009076595,13351700
2015-07-13,6.911134243011475,6.978890720816686,6.904358465996221,6.94501248191408,13757900
2015-07-14,6.924686431884766,6.93146156334749,6.809500796760092,6.8230517058592595,21315800
2015-07-15,6.985666275024414,7.094076119116096,6.931460706804932,6.945012260403213,26565600
2015-07-16,7.039874076843262,7.087303241491621,7.012771604733643,7.060200769382001,14450100
2015-07-17,6.856927394866943,6.958562083051384,6.7891715822507965,6.938234757710408,26639300
2015-07-20,6.911134243011475,6.938236704898827,6.836602634364671,6.911134243011475,17290200
2015-07-21,7.053422451019287,7.127954707124211,6.938236824469562,6.938236824469562,25902200
2015-07-22,7.24991512298584,7.351549836655734,7.026319657555171,7.026319657555171,50668500
2015-07-23,7.195712089538574,7.365102677275849,7.127956242147951,7.2363661149119975,25786400
2015-07-24,7.155056476593018,7.216036526354997,7.127954016863156,7.182158936322878,15410600
2015-07-27,7.053422451019287,7.100851598596113,7.005993303442461,7.100851598596113,18577300
2015-07-28,7.046646595001221,7.134729758210444,6.965339208848168,7.080524834108409,14121000
2015-07-29,7.127954006195068,7.155056465884366,7.012768390972149,7.053421757419292,15971900
2015-07-30,7.161832332611084,7.182159664098476,7.087300722345004,7.12117896198365,11128500
2015-07-31,7.039874076843262,7.155059744852623,7.033098297272381,7.148283965281742,11300700
2015-08-03,7.02631950378418,7.087300201416825,6.958563675660729,7.046646187603852,14982800
2015-08-04,7.02631950378418,7.134729345720604,7.019543727119746,7.02631950378418,13652900
2015-08-05,7.100851058959961,7.209261546312573,7.060197691604652,7.080524375282307,12096000
2015-08-06,7.161832332611084,7.229588811888375,7.107627407658721,7.134729870134902,20280800
2015-08-07,7.195712089538574,7.263468583103009,7.107628906374334,7.141507153156551,26399300
2015-08-10,7.3176727294921875,7.324448507351901,7.209262868431727,7.249916243242529,12584800
2015-08-11,7.168608665466309,7.270242746086992,7.127955291687526,7.243140281509895,12792600
2015-08-12,7.012768745422363,7.1008512592343775,6.904358255012112,7.094076128599821,16591800
2015-08-13,7.053422451019287,7.107627375728137,6.999217526310437,7.053422451019287,13293400
2015-08-14,7.148280143737793,7.161831049461197,7.026318761359358,7.066972770876689,11154900
2015-08-17,7.148280143737793,7.188933507081565,7.03309453730784,7.073747900651612,13069800
2015-08-18,7.114401340484619,7.182157802196732,7.087298885034475,7.13472802052885,10898700
2015-08-19,6.945013523101807,7.114404096835997,6.9314619670396675,7.087301630885477,29846100
2015-08-20,6.728194713592529,6.911136222178359,6.728194713592529,6.884033752529575,19190600
2015-08-21,6.552028179168701,6.707867214332998,6.53847662158546,6.653662276347692,19259700
2015-08-24,6.084507942199707,6.301328274777754,6.064181258142702,6.172591101344908,38293000
2015-08-25,5.942221641540527,6.436841807078982,5.935445863504006,6.40296356307013,29720700
2015-08-26,6.267448425292969,6.280999975294705,6.050628794652938,6.152262834972085,22494200
2015-08-27,6.47749662399292,6.497823314423063,6.335208498634246,6.369086100626538,24075600
2015-08-28,6.518148422241211,6.53169997668687,6.423289479642648,6.443616811311135,13097300
2015-08-31,6.497823238372803,6.531701486142423,6.423290964044873,6.450394079199633,13324600
2015-09-01,6.240347385406494,6.382635461797142,6.179366688928558,6.335206318391465,19585200
2015-09-02,6.328433036804199,6.348759728252656,6.186144904317262,6.335208816011641,12069200
2015-09-03,6.389412879943848,6.497822747680848,6.308105479141097,6.348758856455581,13322100
2015-09-04,6.274224758148193,6.3690830319005185,6.2064682944620815,6.335205446230989,12480500
2015-09-08,6.450394630432129,6.463945542993701,6.341984099070121,6.416516379767369,10022400
2015-09-09,6.368570327758789,6.586765245109483,6.348114716825198,6.559490880440646,10729200
2015-09-10,6.491306781768799,6.532218013013191,6.334478661272502,6.334478661272502,16330900
2015-09-11,6.484487056732178,6.498123915016852,6.409482060213769,6.42993832304908,12928100
2015-09-14,6.539035797119141,6.614040143442245,6.436756433654326,6.4572126965106085,17577000
2015-09-15,6.634494781494141,6.66176979462946,6.573127952755984,6.586764809051539,16306500
2015-09-16,6.525397300720215,6.6276766487017715,6.42993735626395,6.6276766487017715,17332100
2015-09-17,6.334476947784424,6.566309363032527,6.293565077334473,6.511760635947341,35232500
2015-09-18,6.0958251953125,6.259472011168451,6.082188339983205,6.245834505567098,28374200
2015-09-21,6.198105335235596,6.266290921213037,6.143556606344786,6.157193463431417,15484000
2015-09-22,6.082186222076416,6.177646777228945,6.041274369790523,6.089004972502703,14478600
2015-09-23,6.102643966674805,6.177648947166265,6.05491399746901,6.05491399746901,10734500
2015-09-24,6.082186222076416,6.09582307265716,5.9867256669238875,6.014000018357206,10548000
2015-09-25,6.191286087036133,6.232197955572535,6.150374868771821,6.191286087036133,12336900
2015-09-28,6.000364780426025,6.170829685266129,6.000364780426025,6.164010933007242,13023600
2015-09-29,6.020820140838623,6.0685501041559196,5.959452673560969,6.007183287150244,12504800
2015-09-30,6.1435546875,6.177647794976334,6.054912868170307,6.164010291877025,14803000
2015-10-01,6.157194137573242,6.184468505004876,6.068552280852378,6.143557278993532,14611900
2015-10-02,6.075367450714111,6.075367450714111,5.823079538257358,5.973088795759584,21449300
2015-10-05,6.164011478424072,6.204923345325429,6.089007147755661,6.123099611522717,18751500
2015-10-06,6.198105335235596,6.2253796996810005,6.129919098986012,6.150375360024173,13598800
2015-10-07,6.2799272537231445,6.327657220005247,6.1981041756943895,6.239015389572757,15413300
2015-10-08,6.314020156860352,6.3344757631237005,6.204922723093157,6.252652687798305,15348100
2015-10-09,6.198105335235596,6.348114664821394,6.1640122171108045,6.293565285658442,11229000
2015-10-12,6.191286087036133,6.2185604493030375,6.150374868771821,6.177649231038726,10553200
2015-10-13,6.123099327087402,6.2117411593626235,6.123099327087402,6.177648697179259,12389500
2015-10-14,6.014001369476318,6.143555055594276,5.966271406312848,6.129917551677869,15899100
2015-10-15,6.191286087036133,6.20492359330563,6.027639913434706,6.068551131699017,17701200
2015-10-16,6.1503729820251465,6.239014144496116,6.109461126039253,6.2253772926820785,15726200
2015-10-19,6.0958251953125,6.218560144636449,6.0890070927838815,6.143555814645179,12407300
2015-10-20,6.2799272537231445,6.341294724812716,6.150374209412288,6.204922928098124,25254500
2015-10-21,6.157194137573242,6.314022238009297,6.1503760334194935,6.245835994294106,16303400
2015-10-22,6.2799272537231445,6.341294724812716,6.1981041756943895,6.1981041756943895,17742800
2015-10-23,6.44357442855835,6.450393182040181,6.2935651033186835,6.3276582204557155,16672300
2015-10-26,6.354930877685547,6.470847054662382,6.327656521354053,6.443572698330889,9041100
2015-10-27,6.300381660461426,6.348112267923033,6.245832952166929,6.3140191626709985,9075000
2015-10-28,6.586761951446533,6.607217552151448,6.300380940490439,6.314018441141596,17966500
2015-10-29,6.573129653930664,6.6549527636967385,6.559492143833516,6.593585268804115,14713000
2015-10-30,6.375389099121094,6.593584017075067,6.300384108370304,6.559490898576721,23278600
2015-11-02,6.532216548919678,6.5458540564593735,6.395844724883472,6.436755946958258,13042800
2015-11-03,6.504940986633301,6.573127211235239,6.477666626846932,6.511759739147901,11121000
2015-11-04,6.539035797119141,6.573128918274079,6.498123921678775,6.532217042833713,11767200
2015-11-05,6.634494781494141,6.682225404208846,6.532216083325109,6.545853589892768,20710000
2015-11-06,6.907238483428955,6.96178720459887,6.825415401674083,6.825415401674083,23751000
2015-11-09,6.811777114868164,6.954967654081849,6.750409648023447,6.873144581712883,17932200
2015-11-10,6.86632776260376,6.893602127737624,6.723137183082936,6.804960278484527,14183200
2015-11-11,6.784502983093262,6.934512279228967,6.777684230934367,6.893600416547594,12101900
2015-11-12,6.682224750518799,6.750410325870517,6.668587245285231,6.7299547182922055,15262600
2015-11-13,6.620858192443848,6.702681284336213,6.5935838284797255,6.675406920372091,13141100
2015-11-16,6.689041614532471,6.695859714952173,6.559487952480288,6.586762304974665,12428600
2015-11-17,6.729955673217773,6.825416272581705,6.716318816321288,6.729955673217773,13332400
2015-11-18,6.879965305328369,6.879965305328369,6.709500359805951,6.75041158257892,19338300
2015-11-19,6.914058685302734,6.968607417905849,6.69586310461809,6.839053690269313,32049300
2015-11-20,6.873143672943115,6.975422337313004,6.8390505680625235,6.9617854855239,15200100
2015-11-23,6.873143672943115,6.948147983462908,6.8526880701235156,6.893599275762716,10235900
2015-11-24,6.907238483428955,6.934512844013913,6.81177789624558,6.825415401674083,13836300
2015-11-25,6.879965305328369,6.954969647260255,6.845872186169453,6.914058424487285,8577300
2015-11-27,6.934514045715332,6.941332799611225,6.825416584469697,6.879965315092515,5136000
2015-11-30,6.914058685302734,6.954969909618978,6.85950995269962,6.934514297460856,11749400
2015-12-01,6.989060401916504,7.0095160063825555,6.900418582201028,6.961786045871123,14012700
2015-12-02,6.886783123016357,7.009517424922769,6.873145617097827,7.009517424922769,13473200
2015-12-03,6.798140048980713,6.934511832003645,6.770865692376127,6.920874328565374,15801600
2015-12-04,6.995880603790283,7.009517459504018,6.757229451215201,6.818596927607198,19157400
2015-12-07,6.839051246643066,6.975423029424553,6.804958138379707,6.961786176282381,15003200
2015-12-08,6.573129653930664,6.7981433683554355,6.54585528400864,6.777687103209713,24117700
2015-12-09,6.483931064605713,6.628018450678943,6.408456968793956,6.5594058147623,25877300
2015-12-10,6.593710899353027,6.6829079026963765,6.429039810570571,6.483930173498057,16280900
2015-12-11,6.429039001464844,6.5182359935825955,6.381010103533999,6.477067899395688,17851200
2015-12-14,6.422177791595459,6.53195916222208,6.312397075313522,6.497652524797803,20950400
2015-12-15,6.703494071960449,6.765245256006599,6.525100017574018,6.531961478360785,21971900
2015-12-16,6.820133686065674,6.847578867030626,6.614295156000893,6.765243324135769,30767500
2015-12-17,6.676044940948486,6.875023279700985,6.676044940948486,6.847577450070632,21232800
2015-12-18,6.415317058563232,6.593710397322721,6.387871879189104,6.531959234489451,55937800
2015-12-21,6.442763805389404,6.463347531341617,6.346705327037661,6.442763805389404,14228300
2015-12-22,6.518237590789795,6.525099050559699,6.381011667115816,6.511376131019891,13100700
2015-12-23,6.648599624633789,6.655461081895833,6.5388189258194,6.566264100522997,10672100
2015-12-24,6.662322044372559,6.710350932950786,6.62801541495474,6.64173832845968,3692400
2015-12-28,6.607435703277588,6.641742353485911,6.5045157526526225,6.628019431664611,8696100
2015-12-29,6.696628570556641,6.717212286152205,6.64173822607212,6.65546048502099,8090500
2015-12-30,6.621155738830566,6.682907557520659,6.593710558784382,6.682907557520659,6842700
2015-12-31,6.586849212646484,6.676045549700078,6.545681118791658,6.573126296579992,9616300
2016-01-04,6.4770684242248535,6.504513604458424,6.3810106205797155,6.415317259457856,17834000
2016-01-05,6.463345527648926,6.525097340706822,6.401593714591031,6.483929247220009,16058300
2016-01-06,6.3535637855529785,6.408454131723862,6.298673439382094,6.353563785552978,17107900
2016-01-07,6.147726535797119,6.2918139020402055,6.147726535797119,6.209478357664834,27113600
2016-01-08,6.010500907897949,6.243785288311236,5.989916530088703,6.202617187037515,23234600
2016-01-11,5.955610752105713,6.106558935285916,5.880136006170818,6.065391486907604,19568600
2016-01-12,5.99677848815918,6.051668858193304,5.8458302977377485,6.024223673176242,18781200
2016-01-13,5.715464115142822,6.058529191222679,5.681157476665896,6.04480692843873,27971600
2016-01-14,5.736048698425293,5.818384250535344,5.605684237837246,5.749771617616036,43913000
2016-01-15,5.62626838684082,5.667436493174821,4.85780252147989,4.926415486749183,37304300
2016-01-19,5.543932914733887,5.763494407010124,5.489042541664827,5.7017432280660785,29177900
2016-01-20,5.420428276062012,5.5096249473327426,5.2145890992198725,5.39298309610604,34519400
2016-01-21,5.372400283813477,5.543932861596397,5.338093964560349,5.392984337103295,31909000
2016-01-22,5.441013336181641,5.557655870452461,5.427290742827267,5.461597389799416,17985400
2016-01-25,5.194005489349365,5.427289523983506,5.180282899076769,5.399844343438313,18528400
2016-01-26,5.365540027618408,5.441014138612021,5.235175207939692,5.235175207939692,22821100
2016-01-27,5.454735279083252,5.612545574599021,5.317509361903097,5.3586771370571435,28181600
2016-01-28,5.495903968811035,5.6674365472058,5.475319915447795,5.543932881371215,29478000
2016-01-29,5.571378231048584,5.591961957842745,5.461597482353223,5.5027655902864225,26117500
2016-02-01,5.447873115539551,5.591960137717146,5.406705348178476,5.578237875769121,24594000
2016-02-02,5.235174179077148,5.338093787772885,5.187144941106493,5.338093787772885,27109100
2016-02-03,5.365540027618408,5.399846352477556,5.036197411370201,5.283204128176995,34311700
2016-02-04,5.420428276062012,5.557654503014222,5.310647229065773,5.324370146216111,22205200
2016-02-05,5.351815700531006,5.523348250840687,5.338093109593127,5.454734968978915,20024500
2016-02-08,5.16655969619751,5.269478947452516,5.056778659861278,5.262617816715931,26654500
2016-02-09,5.248897552490234,5.283203875709995,5.036197170706841,5.056780899204204,26030000
2016-02-10,5.152836799621582,5.344953029177675,5.152836799621582,5.283201220377066,23601200
2016-02-11,4.857802391052246,5.008751237764275,4.802912020310569,4.974444592464518,28325600
2016-02-12,5.214589595794678,5.235173646308009,4.953860034211847,4.9675826254966085,32594900
2016-02-16,5.379261493682861,5.4410129963343055,5.228312649040635,5.324371123693838,24383700
2016-02-17,5.365540027618408,5.502766308572442,5.3243722414839425,5.44787559988734,20674900
2016-02-18,5.22831392288208,5.420430591823932,5.15283980934465,5.420430591823932,24287600
2016-02-19,5.248897552490234,5.317510526102221,5.139116467538589,5.207729768323042,19930100
2016-02-22,5.420428276062012,5.427289407464828,5.331231277618928,5.344953867596914,16755900
2016-02-23,5.194005489349365,5.420428392433387,5.145976259809097,5.392983211888194,19334700
2016-02-24,5.0910868644714355,5.111670590198776,4.9469994756903635,5.077364271595735,22039600
2016-02-25,5.152836799621582,5.180281975272452,5.043055769845799,5.09794612114754,15091200
2016-02-26,5.317509174346924,5.399844721750924,5.187144394037732,5.242034758973732,19076300
2016-02-29,5.159700393676758,5.310648931833644,5.159700393676758,5.2900652038530245,17443400
2016-03-01,5.475318431854248,5.4821795630012815,5.207727773673121,5.221450363139529,17608800
2016-03-02,5.571378231048584,5.605684878602104,5.461597482353223,5.4890426695270635,16713300
2016-03-03,5.681156635284424,5.6948795503807075,5.543930756044628,5.5645144743444455,20972500
2016-03-04,5.756634712219238,5.880137748289426,5.688021405467476,5.742911789130891,26469200
2016-03-07,5.7497711181640625,5.784077758816082,5.6605741142067085,5.6742970322054145,14909500
2016-03-08,5.523346900939941,5.69487940932724,5.454733635847186,5.6742956915372496,29012400
2016-03-09,5.440393447875977,5.613214080880645,5.412742172965565,5.592475789512436,22307700
2016-03-10,5.509522438049316,5.592476604498578,5.40583030683892,5.530261062068943,23258000
2016-03-11,5.696168899536133,5.7099948690330296,5.564825485608172,5.578650795846558,14643700
2016-03-14,5.675428867340088,5.723818427250496,5.599388036158259,5.696167155979076,16257400
2016-03-15,5.606302261352539,5.620128231307573,5.537174389352965,5.620128231307573,13348000
2016-03-16,5.544086456298828,5.723819421143005,5.461132298451129,5.620127300684502,19985800
2016-03-17,5.61321496963501,5.620127954271761,5.405830374971204,5.523348147132735,17728900
2016-03-18,5.689253807067871,5.7514693282376586,5.599387675665142,5.6754285019514,30536600
2016-03-21,5.675428867340088,5.765295663786781,5.606300359532383,5.689254173346644,15639300
2016-03-22,5.654693126678467,5.703082708392986,5.55791330399082,5.571739275485601,15599600
2016-03-23,5.585563659667969,5.654692187138802,5.571738349728901,5.633953233342454,13052100
2016-03-24,5.571738243103027,5.578650568311033,5.405830241828944,5.544086964495554,11387600
2016-03-28,5.564823627471924,5.613213186036403,5.502608104027141,5.585561915534088,9218000
2016-03-29,5.461132049560547,5.495695978261729,5.357439604198605,5.495695978261729,22268000
2016-03-30,5.461132049560547,5.571737478440243,5.433480774747922,5.488783324373172,17122400
2016-03-31,5.426568984985352,5.495697187223971,5.385092063642179,5.4334819700238475,15297600
2016-04-01,5.454219818115234,5.454219818115234,5.302137785675484,5.3920046060226845,15285100
2016-04-04,5.440393447875977,5.509521635152004,5.392003881597356,5.440393447875977,12083400
2016-04-05,5.295223712921143,5.405829134320208,5.295223712921143,5.364352224906499,14743300
2016-04-06,5.398918151855469,5.4058311374673025,5.260661735911772,5.302138660694881,19375600
2016-04-07,5.25374698638916,5.364352411638375,5.205357421869991,5.309049534199175,16828900
2016-04-08,5.302137851715088,5.398917328109436,5.274486572745275,5.329789130684902,18383500
2016-04-11,5.364353656768799,5.447307497738396,5.309050766493138,5.322876406654738,23200300
2016-04-12,5.509522438049316,5.530261062068943,5.385091682819294,5.412742961759299,15865800
2016-04-13,5.806774139404297,5.827513094081533,5.557912616604178,5.571738586389003,32141600
2016-04-14,5.862076759338379,5.965769555998141,5.779122917565688,5.79986187245276,35699700
2016-04-15,6.041811466217041,6.152416607864978,5.910468025324778,6.145504280955967,42654700
2016-04-18,6.055634498596191,6.110937042571272,5.924290462211632,5.986505988998179,19793300
2016-04-19,6.207716464996338,6.221542431287656,6.076373081520609,6.138588611314823,27380400
2016-04-20,6.33214807510376,6.352886367085373,6.186978712715643,6.221542972190607,28551200
2016-04-21,6.3390607833862305,6.401276315885904,6.304496525413258,6.366712057912931,17329000
2016-04-22,6.456577777862549,6.51188031760481,6.339059716095676,6.359798003684455,22043700
2016-04-25,6.428928852081299,6.463493116837463,6.339062027418681,6.415102882475427,16553800
2016-04-26,6.498056888580322,6.518795843519712,6.380538780957912,6.428929016557955,17023300
2016-04-27,6.629400253295898,6.65705153098318,6.456579602935769,6.5049691740738975,31436800
2016-04-28,6.511881351470947,6.650137722777027,6.484230077209731,6.546445609112062,21401200
2016-04-29,6.4842305183410645,6.532620086775608,6.401276689913951,6.4842305183410645,23878100
2016-05-02,6.53262186050415,6.553360158427156,6.415103740176107,6.53262186050415,18427900
2016-05-03,6.387449741363525,6.442752285156067,6.290670619355739,6.428926978837094,23707300
2016-05-04,6.249194145202637,6.373625213563903,6.166240319381261,6.283758404109478,25300200
2016-05-05,6.249194145202637,6.325234987390964,6.207716902662746,6.283758404109478,16834400
2016-05-06,6.276845932006836,6.283758916203257,6.166240821897924,6.186979115228731,20046400
2016-05-09,6.256107807159424,6.31832334808583,6.207717575739733,6.2630207915420195,13770900
2016-05-10,6.380540370941162,6.4012793310485465,6.276848207439029,6.2906741808439515,13378600
2016-05-11,6.3736252784729,6.491143364397923,6.345974002917508,6.345974002917508,14905100
2016-05-12,6.311408042907715,6.470402669691939,6.263018488540036,6.408187810901309,17652700
2016-05-13,6.2146315574646,6.401278210197417,6.145503680320231,6.311411376577015,16600700
2016-05-16,6.256107807159424,6.283759085431329,6.166240987961114,6.180066297467828,12127300
2016-05-17,6.3390607833862305,6.435840573858877,6.186978443860182,6.228455685279427,26396900
2016-05-18,6.663965225219727,6.677790535907129,6.3183238876737375,6.325236213388173,36225600
2016-05-19,6.546447277069092,6.705441979766451,6.456580448008545,6.581011543516772,19345700
2016-05-20,6.5740966796875,6.650137516735269,6.532619439951579,6.581009662853213,14869000
2016-05-23,6.546447277069092,6.608662824823206,6.470405759032487,6.560272588093035,14037600
2016-05-24,6.670877456665039,6.6916164112908705,6.58101129032053,6.587923615937283,14450000
2016-05-25,6.809134483337402,6.8436980890251755,6.719267658180449,6.726179983762892,17412600
2016-05-26,6.7261786460876465,6.8160454533722525,6.691615047273743,6.809133129164505,13385400
2016-05-27,6.822957992553711,6.822957992553711,6.712352901331261,6.774568429958475,13114800
2016-05-31,6.795309543609619,6.905914680795183,6.753832946794343,6.843699126313648,24980000
2016-06-01,6.864438056945801,6.885176355271765,6.636314797584335,6.684704380097792,20315400
2016-06-02,6.912826061248779,6.912826061248779,6.7883949811835915,6.82987222762481,11752800
2016-06-03,6.7261786460876465,6.753830579952192,6.567183981916845,6.712353338413763,20465100
2016-06-06,6.878262042999268,6.91282630638288,6.753831617780149,6.7883952219052714,14497500
2016-06-07,6.795309543609619,6.892089368276298,6.7883965577208665,6.8782633964987925,12400100
2016-06-08,6.833580493927002,6.875333824870201,6.78486882753217,6.791827826630484,16659900
2016-06-09,6.7500739097595215,6.770950241595649,6.63873258843801,6.7570329082537715,13663200
2016-06-10,6.624814510345459,6.645690839834703,6.576102190008489,6.631772844410841,16682700
2016-06-13,6.513473987579346,6.659609653822153,6.513473987579346,6.58306265289371,17829600
2016-06-14,6.325586795806885,6.555228503724569,6.276875119474896,6.478681488967613,20246500
2016-06-15,6.332544326782227,6.513473652734294,6.304708994816781,6.367337994004037,29858700
2016-06-16,6.242079734802246,6.290791402973615,6.116820401051063,6.269915068563986,44564800
2016-06-17,6.325586795806885,6.3534221342318515,6.228162779496091,6.242080780531983,20699000
2016-06-20,6.3812575340271,6.548269566183104,6.374298533442227,6.478681551274847,12534900
2016-06-21,6.3812575340271,6.436928211412434,6.3047105185339705,6.402133872134894,13159200
2016-06-22,6.346463203430176,6.47868156013631,6.339504202835785,6.395174880297265,14676100
2016-06-23,6.576105117797852,6.576105117797852,6.42996941901804,6.443887420638424,12912800
2016-06-24,5.935891151428223,6.2629568622794745,5.928932814841694,6.186409850653347,31847600
2016-06-27,5.504443168640137,5.824549883734538,5.469649162457162,5.824549883734538,30320400
2016-06-28,5.727126598358154,5.748003602004962,5.574032553496194,5.664497578358379,26919000
2016-06-29,5.859344005584717,5.866303005658628,5.720167322340367,5.741043658915325,20291700
2016-06-30,5.921973705291748,5.921973705291748,5.803673358096268,5.908055705082032,26525500
2016-07-01,5.817592144012451,5.908057176973086,5.768880458436318,5.873262831427159,15101200
2016-07-05,5.580991268157959,5.741044306017661,5.539237926655035,5.734085305159366,17939400
2016-07-06,5.6992902755737305,5.7062492755908085,5.427895911375362,5.532278257044462,26737200
2016-07-07,5.741044521331787,5.845426883533616,5.685373839671229,5.692332840790518,21554000
2016-07-08,5.87326192855835,5.935891608183867,5.824550250470432,5.838468252008032,23632600
2016-07-11,5.963726043701172,6.005479378338653,5.915014372996394,5.942849708205801,18732000
2016-07-12,6.144656181335449,6.165532517262129,6.040273838055297,6.040273838055297,21033400
2016-07-13,6.165532112121582,6.172491111522113,6.075067110854804,6.123779443011814,18219500
2016-07-14,6.318626880645752,6.346462215041457,6.269915211364946,6.304709545271259,20403000
2016-07-15,6.346463203430176,6.3882165433496985,6.276875188426738,6.353422204024567,21362600
2016-07-18,6.374298572540283,6.429969250267085,6.325586895441038,6.346463233676882,21831200
2016-07-19,6.1794514656066895,6.332546167746862,6.1585751264752115,6.26295748577946,33691900
2016-07-20,6.207287311553955,6.242081655373371,6.123781284575501,6.21424631304722,26129500
2016-07-21,6.221203804016113,6.325586821264955,6.200327466025073,6.228162804562067,21061300
2016-07-22,6.28383207321167,6.3255854034822026,6.200326076317274,6.221202409629205,19156900
2016-07-25,6.242079734802246,6.297750402325726,6.2281617360980235,6.269915068563986,11725200
2016-07-26,6.367340087890625,6.381258090273585,6.228163382295424,6.249039722222984,20471100
2016-07-27,6.332544326782227,6.464761987706429,6.297749995913754,6.388214990713118,23562400
2016-07-28,6.374298572540283,6.395174910776127,6.262957217086679,6.304710557205194,13576500
2016-07-29,6.3812575340271,6.485639888212897,6.332545857226638,6.332545857226638,28556900
2016-08-01,6.27687406539917,6.4299680692039995,6.262956066700528,6.409091734802741,19576500
2016-08-02,6.1933674812316895,6.290791482451995,6.137696813004861,6.269915147778613,20249300
2016-08-03,6.2907915115356445,6.339503180547646,6.1794501745672346,6.200326509337132,18022500
2016-08-04,6.2907915115356445,6.339503180547646,6.2768741762379525,6.304709510480055,12049600
2016-08-05,6.534351348876953,6.576104019470974,6.402133010153506,6.416051009449335,16707600
2016-08-08,6.534351348876953,6.583063019118889,6.513474349933208,6.541309684878134,11365200
2016-08-09,6.5204339027404785,6.5830635775914175,6.506516565910709,6.541310239808529,10501300
2016-08-10,6.443887233734131,6.534352250702167,6.429969232517437,6.520434249485473,18159000
2016-08-11,6.471721172332764,6.499556505097019,6.416050506804254,6.443885839568509,11666400
2016-08-12,6.423010349273682,6.423010349273682,6.360381333594644,6.4090930114495075,9984200
2016-08-15,6.652650833129883,6.666568166989955,6.457802849915687,6.464761848669047,18672200
2016-08-16,6.638733386993408,6.694404054350639,6.5761037203048485,6.610898053314793,17488000
2016-08-17,6.645692825317383,6.66656916104369,6.6039394902180195,6.631774825735346,16724800
2016-08-18,6.701365947723389,6.70136594772339,6.62481891296139,6.645695256324301,12426300
2016-08-19,6.74311637878418,6.74311637878418,6.638734033239965,6.694404706016448,11066800
2016-08-22,6.7222394943237305,6.763992827325224,6.673527825527583,6.701363159646341,14818900
2016-08-23,6.7291975021362305,6.777909163754124,6.729197502136231,6.743114835321365,11186300
2016-08-24,6.701365947723389,6.784871984822021,6.694406945386755,6.736160295759567,14044700
2016-08-25,6.715280532836914,6.777910200869778,6.701363197522232,6.701363197522232,15908800
2016-08-26,6.812703609466553,6.868374270458682,6.715279620907011,6.73615661651403,18289000
2016-08-29,6.861416816711426,6.937964490544619,6.81966414339039,6.826623143492822,12043700
2016-08-30,6.937964916229248,6.951882253641244,6.854458900816819,6.861417237699408,13300600
2016-08-31,6.937964916229248,6.958841254170651,6.819664561816602,6.937964916229248,14360400
2016-09-01,6.854459285736084,6.979717984065352,6.784870603827827,6.95188264403142,15272600
2016-09-02,6.910129070281982,6.944922743080151,6.798787724575596,6.889252070226958,14590200
2016-09-06,6.882295608520508,6.958842638632564,6.840542260684055,6.931007294623912,25578000
2016-09-07,6.9768595695495605,6.990868980288281,6.857776572102481,6.864781611490503,25300500
2016-09-08,6.955844402313232,7.060917310151824,6.913814838355442,6.983863888939341,17253000
2016-09-09,6.885797023773193,7.025894490922905,6.885797023773193,6.948841050999918,20459400
2016-09-12,6.9488396644592285,6.976859152298286,6.787727108356681,6.87178623991114,22353100
2016-09-13,6.731688022613525,6.878790498372734,6.647629560470732,6.878790498372734,32703900
2016-09-14,6.668643951416016,6.738692328227709,6.626614390899239,6.710672843895592,22165000
2016-09-15,6.745700359344482,6.7667148149082506,6.563573296358495,6.605602875523529,16629700
2016-09-16,6.696663856506348,6.745697790159105,6.647629254816347,6.696663856506348,23557000
2016-09-19,6.766712188720703,6.857775684871597,6.738692702830985,6.738692702830985,13215200
2016-09-20,6.759705543518066,6.84376464924437,6.717676658691994,6.84376464924437,8484100
2016-09-21,6.780722618103027,6.8647810801410065,6.7386930530654015,6.794732027757388,21196600
2016-09-22,6.8437676429748535,6.857777054699446,6.780723620120755,6.822752523331906,12771000
2016-09-23,6.850772857666016,6.920821929019202,6.794733867798447,6.801738908541257,13343900
2016-09-26,6.696663856506348,6.801736762344326,6.675648740908957,6.7877266852794,17065100
2016-09-27,6.801738262176514,6.815747674293374,6.619611228395604,6.6546357607438384,15910000
2016-09-28,6.885797023773193,6.885797023773193,6.745699556623481,6.843768117646988,12901700
2016-09-29,6.773716449737549,7.004877348805145,6.752702004741538,6.857774897758751,17502500
2016-09-30,6.913815975189209,6.9628499178381995,6.76671347920487,6.822752461671535,15485500
2016-10-03,6.9488396644592285,6.962849074360115,6.850771123003883,6.878790610842941,14397500
2016-10-04,7.060916423797607,7.130965465588276,6.955843529148778,6.9698529366846085,19913200
2016-10-05,7.222029685974121,7.271063619383837,7.0889366266659755,7.0889366266659755,15205000
2016-10-06,7.2290358543396,7.306089960904108,7.187006948974782,7.2220314821370675,14442700
2016-10-07,7.236037731170654,7.271062249021124,7.130964845656357,7.243042768348171,15135900
2016-10-10,7.264060974121094,7.334110046102573,7.243046519741634,7.2990855101118335,9465900
2016-10-11,7.187005519866943,7.306088508117085,7.130966545165379,7.222030046064739,15658400
2016-10-12,7.172997951507568,7.264061484263744,7.158988536949891,7.187008034102752,18336300
2016-10-13,6.969852447509766,7.088935409373834,6.850769485645698,7.074926002821245,17088800
2016-10-14,7.039902687072754,7.158985669280818,6.997873124160456,7.046907725564344,15093800
2016-10-17,7.0118842124938965,7.095942682405319,6.983864722523422,7.081932603401414,18969300
2016-10-18,7.1800007820129395,7.187005821153612,6.913815307003106,7.004878811719941,35550900
2016-10-19,7.383142948150635,7.432176890758284,7.180001469870904,7.236040452290322,32929700
2016-10-20,7.432175636291504,7.558263659471652,7.362127254109286,7.383141701960226,25311300
2016-10-21,7.453191757202148,7.495220658571398,7.341113128130349,7.3691332864263055,13930500
2016-10-24,7.432175636291504,7.558263659471652,7.432175636291504,7.509229725140373,12002900
2016-10-25,7.439182281494141,7.495221266557052,7.397153376715655,7.411162788962685,12755900
2016-10-26,7.530245304107666,7.565269834478428,7.383142810980348,7.383142810980348,16865600
2016-10-27,7.593288898468018,7.677347365811828,7.544254959526791,7.579278819892059,17057900
2016-10-28,7.460195541381836,7.621308098712143,7.4181666433216105,7.607298020667208,17271900
2016-10-31,7.502224922180176,7.572273974600115,7.4601953571207575,7.502224922180176,14577300
2016-11-01,7.593288898468018,7.621308387582621,7.474205902721624,7.565269409353414,23181100
2016-11-02,7.36212682723999,7.558263221230017,7.348116750793523,7.551258183006784,26381900
2016-11-03,7.3271050453186035,7.502227058191384,7.30609059082436,7.418168572176945,21137500
2016-11-04,7.369132995605469,7.4812109522167995,7.229034881803989,7.334108467155099,17525500
2016-11-07,7.6773481369018555,7.6843531768934,7.523240597274775,7.537250677257865,20491900
2016-11-08,7.628311634063721,7.670340523839333,7.4952185910209135,7.621306596422066,17481300
2016-11-09,8.08363151550293,8.153680582910482,7.698362980836223,7.747397595236476,26809800
2016-11-10,8.531941413879395,8.686048245209816,8.314789907132406,8.321794945293936,39209900
2016-11-11,8.721076011657715,8.735086093191622,8.405856525556825,8.482909969880945,30371300
2016-11-14,9.295475959777832,9.386538810720708,9.008275322361214,9.0152803625991,49676000
2016-11-15,9.477604866027832,9.484609908140355,9.001273359015245,9.190404819790258,38734400
2016-11-16,9.029288291931152,9.351512717695416,9.015278214793153,9.253444181841163,52425700
2016-11-17,9.225425720214844,9.267454620222244,8.966245276711472,8.987259726715173,59508300
2016-11-18,9.288470268249512,9.337504210401722,9.176392304451682,9.225426246603893,41142400
2016-11-21,9.183395385742188,9.372527424102866,9.183395385742188,9.358517346578106,25605300
2016-11-22,9.211418151855469,9.281467228340968,9.092335122652623,9.25344773135427,30905000
2016-11-23,9.316489219665527,9.337503669651298,9.176391773031517,9.274459651656663,22007200
2016-11-25,9.358519554138184,9.407554169004246,9.288471154102616,9.358519554138184,7301000
2016-11-28,9.16238021850586,9.302477642573477,9.127355695479652,9.22542422634559,16588500
2016-11-29,9.232430458068848,9.330498333575171,9.11334746520777,9.19740593051489,18209000
2016-11-30,9.48460865020752,9.554657725967045,9.407555201302038,9.43557469799835,23328300
2016-12-01,9.69474983215332,9.736778719867273,9.491608426770215,9.533637314484167,26961700
2016-12-02,9.624703407287598,9.68074238480599,9.519630491449938,9.666732974445045,22137700
2016-12-05,9.820839881896973,9.827844252620348,9.694751856354504,9.757795869125738,25628900
2016-12-06,9.97494888305664,9.995964003882168,9.750792938550283,9.890890403866758,24188900
2016-12-07,10.175503730773926,10.189577384158296,9.922171929948696,9.964393561202536,27360600
2016-12-08,10.238835334777832,10.365500880910531,10.119206278746496,10.210687361070496,29711500
2016-12-09,10.27402114868164,10.2880948009151,10.105132624175408,10.2880948009151,22542900
2016-12-12,10.105131149291992,10.344389242246217,10.06290952765335,10.196612224309819,27497600
2016-12-13,10.05587387084961,10.189576587501056,9.908096830813443,10.140317797855893,22190100
2016-12-14,10.091059684753418,10.36550229814834,9.816616400257775,9.957356288037314,34204400
2016-12-15,10.21772289276123,10.351425578773162,10.09105669572849,10.24587086197956,23696600
2016-12-16,9.992538452148438,10.323277593267374,9.957353322905908,10.259944494850926,40262100
2016-12-19,10.048834800720215,10.098094252110883,9.901057788749306,9.985501699718318,20147400
2016-12-20,10.259943962097168,10.330314216928208,10.098093315526459,10.133277771841492,20740700
2016-12-21,10.224761009216309,10.274020466514408,10.154391410520013,10.252908982914953,10701600
2016-12-22,10.238835334777832,10.302168443394496,10.147354252453832,10.231798173575841,11161500
2016-12-23,10.245874404907227,10.295133200297403,10.16846695946466,10.245874404907227,8573800
2016-12-27,10.302165985107422,10.337350440520458,10.238832891603204,10.27401801811671,9803900
2016-12-28,10.154394149780273,10.316244874433343,10.098098187196527,10.309207711335173,12332800
2016-12-29,9.971429824829102,10.196613627491505,9.936244687887934,10.168465652158705,13542100
2016-12-30,10.105131149291992,10.182538574130463,9.96439129199556,10.013650074274167,17954600
2017-01-03,10.154394149780273,10.35846718192156,10.013653572220097,10.245875256754065,15937800
2017-01-04,10.288094520568848,10.337353308694686,10.182539782841863,10.224761409492395,9759700
2017-01-05,10.154394149780273,10.337355692627046,9.999579917124565,10.231800930557723,12715500
2017-01-06,10.189576148986816,10.295131556527542,10.133280200072022,10.238835607612748,8194100
2017-01-09,10.11216926574707,10.182539536597064,9.999577369267595,10.091058452932328,9540100
2017-01-10,10.245874404907227,10.32328117924904,10.076985860096649,10.175504121977756,15784900
2017-01-11,10.21772289276123,10.21772289276123,10.048834406350736,10.133278314005722,15381900
2017-01-12,10.154394149780273,10.182542131072148,9.96439477273452,10.168467804875807,15692000
2017-01-13,10.330318450927734,10.506243489009742,10.231800188005536,10.231800188005536,26587300
2017-01-17,9.69698429107666,10.21068555947265,9.682910642256495,10.21068555947265,26023000
2017-01-18,9.872912406921387,9.879949569122289,9.60550628319363,9.767357658310756,20628200
2017-01-19,9.837724685668945,10.062909119305951,9.78846590538923,9.908094947011863,12778900
2017-01-20,9.879947662353516,9.950317928580061,9.781429423856471,9.830688878655291,20038200
2017-01-23,9.788466453552246,9.908095501874213,9.69698537712365,9.774392803155854,13191100
2017-01-24,10.020689010620117,10.091059287288516,9.816616013602598,9.823653175489577,16160200
2017-01-25,10.288094520568848,10.309205333894113,10.112169510290103,10.16846545989125,14882800
2017-01-26,10.344389915466309,10.42179734534251,10.238835183399553,10.309204781077185,13194700
2017-01-27,10.231797218322754,10.32327829210597,10.168464115618946,10.316241131560977,9361500
2017-01-30,10.168466567993164,10.217726032587676,9.999578700785284,10.133281427883006,16119400
2017-01-31,10.140314102172852,10.302165406606301,10.04883304681489,10.133276943045216,15317300
2017-02-01,10.175503730773926,10.372539575860214,10.161429406288827,10.238836848755415,14411900
2017-02-02,10.027724266052246,10.154390471533508,9.992539134407387,10.05587223714802,12731600
2017-02-03,10.288094520568848,10.3514276316453,10.105132348814797,10.217724919117742,14251000
2017-02-06,10.295132637023926,10.372539407130613,10.189577218404933,10.217725866917238,10411500
2017-02-07,10.259943962097168,10.456979736083397,10.245870313791253,10.344387865234124,16867100
2017-02-08,10.196615219116211,10.210689544529854,10.020690178050296,10.154393585076825,14423800
2017-02-09,10.548463821411133,10.548463821411133,10.196613788640109,10.196613788640109,17083200
2017-02-10,10.548463821411133,10.67513004796092,10.492167869855823,10.5625381448503,17501200
2017-02-13,10.661053657531738,10.794757019878388,10.63994284756668,10.63994284756668,11738900
2017-02-14,10.900312423706055,10.956608367873503,10.632906353360383,10.668091486240186,12495400
2017-02-15,10.949572563171387,11.019942162232645,10.801795532711918,11.01290500099633,14434700
2017-02-16,10.970683097839355,10.991793909912833,10.780683775876225,10.991793909912833,19147600
2017-02-17,10.822906494140625,10.844017307039225,10.703277435880828,10.822906494140625,11504400
2017-02-21,10.858092308044434,10.956609888459692,10.787722032518662,10.907351098252063,11857800
2017-02-22,10.780684471130371,10.879202718994465,10.745500005772378,10.759573657695443,13662400
2017-02-23,10.794755935668945,10.822903903162066,10.604756651765024,10.794755935668945,15193600
2017-02-24,10.696239471435547,10.766609737281414,10.604758394276159,10.668091499317319,15315600
2017-02-27,10.773648262023926,10.808832728300601,10.675130011587475,10.717351639559757,9942200
2017-02-28,10.745499610900879,10.766610423560035,10.639944205403832,10.731425288394354,13345900
2017-03-01,11.195863723754883,11.266233972277586,10.97771716131527,10.9847536492872,21595000
2017-03-02,10.780684471130371,11.280312200862042,10.773647980719167,11.266237877838318,19305600
2017-03-03,10.808831214904785,10.907349451547228,10.773646753554454,10.801794725295068,17478400
2017-03-06,10.717350959777832,10.759573256172706,10.597722574043729,10.710314469629214,13541100
2017-03-07,10.731423377990723,10.815867284695308,10.639942311285624,10.7173490579897,11551900
2017-03-08,10.749093055725098,10.996442606055258,10.72789187751698,10.925771113397126,15975300
2017-03-09,10.742026329040527,10.925771680307099,10.692556685996966,10.777362077203074,11940300
2017-03-10,10.692553520202637,10.833895797031616,10.522942788007862,10.812694624000555,13792100
2017-03-13,10.6854887008667,10.756160192557495,10.593616031257982,10.727891730675836,8711000
2017-03-14,10.664286613464355,10.671353896825373,10.42400437097564,10.614816977883702,11586800
2017-03-15,10.60068130493164,10.848030804969312,10.551211674513373,10.734956304912583,26270900
2017-03-16,10.636019706726074,10.770294740321791,10.593616674342863,10.678422065135948,18075800
2017-03-17,10.636019706726074,10.678422065135948,10.459341640747146,10.636019706726074,34593000
2017-03-20,10.515876770019531,10.664286347026845,10.487608311254958,10.586547579944353,15471200
2017-03-21,9.964643478393555,10.614818833878791,9.893971980372978,10.579483084868501,27095600
2017-03-22,10.021180152893066,10.113052828398837,9.703159093844882,9.901039013691161,23672500
2017-03-23,10.056512832641602,10.275593879604846,9.936372396017706,9.97877474447951,18160600
2017-03-24,10.056512832641602,10.162520051742467,9.901036656317418,10.120117029307485,14864000
2017-03-27,9.950506210327148,9.992909232433206,9.618351338078073,9.787962752529133,18574900
2017-03-28,10.176652908325195,10.247324380538846,9.922236821507653,9.943437993582505,14736900
2017-03-29,10.113051414489746,10.211990686606816,10.042379928143346,10.183722226862905,10766900
2017-03-30,10.37453556060791,10.438139767969814,10.09891755336409,10.113052121210421,13106300
2017-03-31,10.268529891967773,10.38867104111728,10.233194140928497,10.310932928009585,12912000
2017-04-03,10.303861618041992,10.33919735527818,10.09891515083985,10.289727727531394,16905400
2017-04-04,10.289730072021484,10.310931249604582,10.176655552307297,10.219058581446777,10004000
2017-04-05,10.155455589294434,10.537080201298092,10.14132169387308,10.50881173648202,19344900
2017-04-06,10.268529891967773,10.31800021301212,10.035314878671295,10.141322131789126,14163700
2017-04-07,10.204922676086426,10.27559415739755,10.098916128092934,10.16958760940406,13992500
2017-04-10,10.049447059631348,10.268527450840995,10.021178600314837,10.183722072891465,11537400
2017-04-11,10.01411247253418,10.042380935112625,9.858635591366072,9.964642831515228,17832100
2017-04-12,9.865702629089355,10.063581862196068,9.79503113742174,10.007044938451294,18538900
2017-04-13,9.667821884155273,9.950506458673713,9.660754601299015,9.816231454270751,16908500
2017-04-17,9.886902809143066,9.936373117906816,9.597150935701611,9.696090879255886,18530200
2017-04-18,9.42753791809082,9.745558174196868,9.187255737130187,9.61128319458696,39772700
2017-04-19,9.441675186157227,9.583018171874608,9.385138261459597,9.519413963096447,29156200
2017-04-20,9.63955307006836,9.660754243879564,9.484076222848808,9.547680418255586,24624200
2017-04-21,9.519413948059082,9.681957437814681,9.448742455312027,9.604219334971564,18510400
2017-04-24,9.759697914123535,9.929308717483458,9.703160305696805,9.82330145990344,26731000
2017-04-25,9.795031547546387,9.901038789486407,9.717293442635697,9.886904220971742,27694600
2017-04-26,9.908105850219727,9.999977847599153,9.773830148252921,9.787964716448714,19059200
2017-04-27,9.745563507080078,9.92224159870515,9.625422350857155,9.908107701841331,19331100
2017-04-28,9.717292785644531,9.837433914003089,9.710225501865022,9.759695814348314,14091500
2017-05-01,9.80209732055664,9.893969979817445,9.674888919430416,9.752627686328983,15256800
2017-05-02,9.780895233154297,9.858633318832128,9.689022582458774,9.830364862769903,15366000
2017-05-03,9.978779792785645,9.985847079095707,9.689027793808261,9.710228978764931,18782800
2017-05-04,10.084782600402832,10.28266181165745,10.056513467678952,10.24025878654485,21097500
2017-05-05,10.091849327087402,10.134252352693604,10.02824512566471,10.105983893613878,11117300
2017-05-08,10.141319274902344,10.204922800087374,10.014110876585876,10.049446617670807,11615800
2017-05-09,10.042378425598145,10.254392178942512,9.999975405340015,10.155452247655635,11254000
2017-05-10,10.141319274902344,10.155453166952395,9.957573960439271,10.00704359357425,16698500
2017-05-11,10.021180152893066,10.183723650652505,9.971709835944829,10.091850975146734,13374000
2017-05-12,9.985843658447266,9.992910942336431,9.816232888947004,9.929306735280512,13168600
2017-05-15,10.134252548217773,10.134252548217773,10.02824531914364,10.02824531914364,10304200
2017-05-16,10.275595664978027,10.325065304769819,10.105984893714776,10.14132063955461,17249600
2017-05-17,9.872771263122559,10.275597068382622,9.787965865908513,10.275597068382622,39891200
2017-05-18,9.901037216186523,10.021178333577158,9.79502999109132,9.865701474488123,19820100
2017-05-19,9.957574844360352,10.084783253968945,9.915171816499733,9.94344027708239,13766400
2017-05-22,9.943438529968262,10.035311179212712,9.872767727915479,9.98584155037845,12038000
2017-05-23,10.226125717163086,10.282662639214543,9.922239255656548,9.957575000432028,15570200
2017-05-24,10.084782600402832,10.23319150336388,10.021178399720542,10.21905761097516,19811900
2017-05-25,10.091849327087402,10.17665470432658,10.014111233111462,10.120117786167128,18015800
2017-05-26,9.985843658447266,10.12718596636415,9.9787763745581,10.063581759308232,12053100
2017-05-30,9.872771263122559,9.943442090480904,9.773831296052812,9.93637547952644,16152800
2017-05-31,9.780895233154297,9.91517023095658,9.611284496780943,9.901036339912045,31447300
2017-06-01,9.745563507080078,9.85157009246575,9.632489636275782,9.844503481020556,27049100
2017-06-02,9.568882942199707,9.660755606975362,9.519413305002532,9.62541986298884,24083700
2017-06-05,9.561817169189453,9.66782441789611,9.547683273745918,9.561817169189453,15492300
2017-06-06,9.540616035461426,9.568884500459413,9.371005245473498,9.498213000977758,17350500
2017-06-07,9.654277801513672,9.732421085671843,9.540614596379553,9.597446198946614,13937700
2017-06-08,9.966852188110352,10.101827760074476,9.61165431292124,9.654278356037853,23115300
2017-06-09,10.229696273803711,10.300736104137,10.037889815881483,10.044993934412018,17130900
2017-06-12,10.20128345489502,10.435714014944082,10.20128345489502,10.258115064756232,25258200
2017-06-13,10.243906021118164,10.364673343997795,10.17286618031151,10.28652938361325,17011500
2017-06-14,10.300736427307129,10.322048106081324,10.016578452031007,10.158657439669069,16289500
2017-06-15,10.229696273803711,10.385983494045327,10.201280477167602,10.229696273803711,12898700
2017-06-16,10.20128345489502,10.258115064756232,10.151555965638016,10.208387575499229,22663000
2017-06-19,10.300736427307129,10.393087938643381,10.236800713498488,10.2652165110261,10083300
2017-06-20,10.137347221374512,10.26521798992798,10.12313898182071,10.26521798992798,13928100
2017-06-21,9.917125701904297,10.158660389774422,9.910021581087824,10.144452148141474,13669600
2017-06-22,9.83187484741211,9.966849708307622,9.78214737405366,9.888706439103485,11788300
2017-06-23,9.640068054199219,9.902914344328165,9.561924782264464,9.881602666070693,23569200
2017-06-26,9.767940521240234,9.838980359661878,9.625861521883053,9.654277321754488,20666600
2017-06-27,9.94554328918457,9.981063222143218,9.803464234836351,9.853191734486634,22856900
2017-06-28,10.00947380065918,10.130241103096843,9.973953886268216,10.023681359923954,20979100
2017-06-29,10.414400100708008,10.549375653342377,10.286528667156727,10.393088420944823,32447100
2017-06-30,10.400192260742188,10.520959571967305,10.279424949517072,10.464127298314837,13453000
2017-07-03,10.570690155029297,10.634625888873053,10.435714566362197,10.492546856712632,9366200
2017-07-05,10.549376487731934,10.61331153207835,10.428609163711805,10.584895730984563,14363700
2017-07-06,10.449921607971191,10.634624667306602,10.435713367644073,10.542273137638896,11626900
2017-07-07,10.435712814331055,10.52806433910218,10.35046540934682,10.51385677701455,13656500
2017-07-10,10.478337287902832,10.520961330896695,10.371778196647444,10.414401562155128,9640200
2017-07-11,10.478337287902832,10.55648057632437,10.421505682235134,10.485441407982838,10827300
2017-07-12,10.393089294433594,10.485440817817206,10.34336181164478,10.414400975987922,11351700
2017-07-13,10.528064727783203,10.549377087930697,10.378881594181628,10.428609757039604,15767700
2017-07-14,10.428611755371094,10.485443371682138,10.258116228951655,10.3788835829842,11022500
2017-07-17,10.442815780639648,10.499647377685044,10.329152586548856,10.421504101119144,8545900
2017-07-18,10.329153060913086,10.421504579724598,10.243905661430022,10.336257180241535,9975200
2017-07-19,10.279426574707031,10.393089785010124,10.187075046964225,10.343362299874064,14924100
2017-07-20,10.165763854980469,10.329154558304484,10.144451493905523,10.300738754357429,18573000
2017-07-21,10.108932495117188,10.208388156780584,9.952645897842766,10.101829051594727,19775300
2017-07-24,10.229696273803711,10.279424426031426,10.101825527684236,10.130241324320345,14459900
2017-07-25,10.343361854553223,10.492544981024677,10.300737813781602,10.336257734843596,18396700
2017-07-26,10.265218734741211,10.478337601108453,10.229698810765637,10.42861011403437,21764100
2017-07-27,10.2225923538208,10.300735621537504,10.158656645013497,10.279423944430404,19114400
2017-07-28,10.300736427307129,10.336256343588156,10.172864999689848,10.229696594745072,16575100
2017-07-31,10.371776580810547,10.428608177624351,10.3362566634304,10.343360782403643,13453700
2017-08-01,10.435712814331055,10.492545095140029,10.35756952913371,10.428609372030316,16128000
2017-08-02,10.535168647766113,10.549376887594624,10.400193756826084,10.442817121339287,13687900
2017-08-03,10.584896087646484,10.634624249350823,10.471232879441414,10.549376843197022,18065400
2017-08-04,10.613311767578125,10.854846420977818,10.520960920088742,10.684351610631971,32547300
2017-08-07,10.563583374023438,10.655934891044152,10.556479254832746,10.64883077185346,9644900
2017-08-08,10.556480407714844,10.734079341961309,10.528064605334857,10.542272845267934,16854200
2017-08-09,10.428611755371094,10.528066745172266,10.364676017649593,10.464131007450765,12848400
2017-08-10,10.158659934997559,10.371778807547257,10.137348250988456,10.343363003039713,14306000
2017-08-11,9.995266914367676,10.229697432541485,9.945539433993265,10.130242471792661,18741400
2017-08-14,10.236802101135254,10.279426141947546,10.10182721395426,10.10182721395426,12035900
2017-08-15,10.286531448364258,10.421507037492477,10.279428004846668,10.364675424434154,10524400
2017-08-16,10.1870756149292,10.371778680712652,10.172867374106067,10.329154635729466,10905900
2017-08-17,9.938437461853027,10.229699642663546,9.917125776729057,10.144452224681412,14048100
2017-08-18,9.988164901733398,10.108931560282413,9.867397565698178,9.881605128915506,14369600
2017-08-21,9.973954200744629,9.995265879056753,9.902914369722835,9.988162437943403,9522600
2017-08-22,10.116036415100098,10.158660462819176,10.023684876280639,10.023684876280639,10391600
2017-08-23,10.165763854980469,10.279427070768689,10.01658071488688,10.037892398475618,12878200
2017-08-24,10.265218734741211,10.27942697532592,10.1728672033992,10.215491247667128,9752700
2017-08-25,10.265218734741211,10.357570266083224,10.251011171642702,10.300738658716785,7536100
2017-08-28,10.151558876037598,10.307846186705815,10.130247185601249,10.272326250987618,15370400
2017-08-29,10.059205055236816,10.094724982978542,9.924230142801779,10.016581683935762,13823000
2017-08-30,10.116036415100098,10.165764583686732,10.052100682264607,10.066308923999717,9641700
2017-08-31,10.02368450164795,10.15866008314181,10.02368450164795,10.144451841937727,10356300
2017-09-01,10.108932495117188,10.201284035771856,10.02368507547125,10.037893317488706,8064300
2017-09-05,9.689798355102539,10.044996233079354,9.661382551963841,10.044996233079354,14188000
2017-09-06,9.675590515136719,9.76794204853026,9.640070590372092,9.739526244215803,9733600
2017-09-07,9.418146133422852,9.732799157165337,9.318028921235705,9.661287447311128,11124700
2017-09-08,9.482507705688477,9.575473547743393,9.38954186363356,9.396693239636111,12265400
2017-09-11,9.668437004089355,9.754251448966809,9.568319810736034,9.611226692178468,13296600
2017-09-12,9.797160148620605,9.918730805256903,9.697043618679686,9.711345687817227,11801600
2017-09-13,9.825766563415527,9.89727896668641,9.754254842137465,9.775708290321601,11526900
2017-09-14,9.790005683898926,9.933030422100309,9.775703619274285,9.825761868449272,13712700
2017-09-15,9.832916259765625,9.84721901077269,9.761403868715702,9.775706619722769,13642200
2017-09-18,10.0260009765625,10.076059249440663,9.8472206511487,9.875825475935194,12525000
2017-09-19,10.118963241577148,10.133265990862052,9.990241907976134,10.011695349910866,12606100
2017-09-20,10.233386039733887,10.254839487643105,9.954488488942802,10.104663988292954,15824300
2017-09-21,10.319201469421387,10.340654919318233,10.176176651461407,10.176176651461407,9552100
2017-09-22,10.312047958374023,10.319199334190849,10.219082118733516,10.261989691641725,10885800
2017-09-25,10.354955673217773,10.41216600231177,10.276292578951809,10.276292578951809,11470500
2017-09-26,10.51943302154541,10.562340594202494,10.34780409490254,10.369257540234717,12869000
2017-09-27,10.762574195861816,10.855540033696306,10.626700785952668,10.683910427390398,12811100
2017-09-28,10.755422592163086,10.841237052500366,10.67675950735209,10.784027412275513,11072200
2017-09-29,10.891294479370117,10.962806865146343,10.755421764786474,10.762573139762628,10157800
2017-10-02,10.891294479370117,10.89844585434627,10.719665571898362,10.791177957674586,13231500
2017-10-03,10.848386764526367,10.948503960564164,10.769723691777628,10.90559639597865,9730900
2017-10-04,10.791181564331055,10.862693292015459,10.762576736858717,10.812635014437088,9423700
2017-10-05,10.919900894165039,10.934202963322946,10.726817845587954,10.798330237355625,9283000
2017-10-06,10.876996040344238,11.070078455170623,10.841239835526645,10.991415350166227,13544400
2017-10-09,10.733968734741211,10.89844627356357,10.726817359489974,10.884144205053778,9380700
2017-10-10,10.841235160827637,10.855537909384536,10.719664526064344,10.726815900342794,9550800
2017-10-11,10.755422592163086,10.819783607914223,10.662456756299521,10.812632232387939,13462700
2017-10-12,10.662457466125488,10.834086398225809,10.641004020111136,10.784028130194736,10460500
2017-10-13,10.605247497558594,10.705364712549782,10.455072016068177,10.633852318699972,9731800
2017-10-16,10.698213577270508,10.712515647166352,10.612399111917197,10.619550487861494,6797800
2017-10-17,10.569491386413574,10.72681824496435,10.548037940881612,10.698213423590822,8543500
2017-10-18,10.655303955078125,10.698211520502024,10.562338813646138,10.633850513362482,7211100
2017-10-19,10.705364227294922,10.748271116065732,10.497979112922144,10.55518875261169,10489700
2017-10-20,10.884145736694336,10.90559918347434,10.791179891323946,10.855540913656737,10315400
2017-10-23,10.812631607055664,10.96280707445891,10.769724720364833,10.919900187768077,16399200
2017-10-24,11.041470527648926,11.098680848490106,10.733968889336465,10.769725084114944,20275500
2017-10-25,11.134435653686523,11.306065241317686,10.998562940554194,11.048621200867267,19364600
2017-10-26,11.306065559387207,11.35612382110855,11.155890092230512,11.155890092230512,18389300
2017-10-27,11.241704940795898,11.334670774383046,11.220250814742387,11.263158384856721,11897800
2017-10-30,11.155891418457031,11.234554507941091,11.112983844743068,11.155891418457031,10514800
2017-10-31,11.070075988769531,11.21310077617413,11.070075988769531,11.148739758240607,12445400
2017-11-01,11.127286911010742,11.277462400263213,11.084379336084565,11.112984158704428,9210600
2017-11-02,11.234557151794434,11.270313357971865,10.955659562001957,11.084381631443547,15041900
2017-11-03,11.306065559387207,11.363275196209504,11.163040785338799,11.177343535540706,12768800
2017-11-06,11.356123924255371,11.384728742926335,11.248855342744752,11.284611536581625,9596100
2017-11-07,11.062926292419434,11.420486929182895,11.041472163178817,11.341823152619547,16027500
2017-11-08,10.984262466430664,11.084379689791344,10.869843172300051,11.020018666344678,13251300
2017-11-09,10.927053451538086,11.062926882673588,10.798332079190507,10.912751379940723,16629100
2017-11-10,10.848386764526367,11.041469100179672,10.841235390096681,10.969957401860619,11869900
2017-11-13,11.041470527648926,11.077226722427405,10.769725084114944,10.805480596900733,12688500
2017-11-14,11.220250129699707,11.263157697194355,10.984260213460761,11.00571433820441,12554000
2017-11-15,11.298912048339844,11.37042373985281,11.070072862317751,11.134433862074198,16554100
2017-11-16,11.227401733398438,11.434786836197784,11.191645540089723,11.434786836197784,17455500
2017-11-17,11.298912048339844,11.36327304809629,11.112980422819561,11.155887983321373,10911400
2017-11-20,11.34182071685791,11.384728284131553,11.256006264303267,11.298913831576911,11253000
2017-11-21,11.198798179626465,11.377578484363777,11.191646803758715,11.370427108496028,13636500
2017-11-22,11.127286911010742,11.248856895650583,11.112984158704428,11.248856895650583,9616100
2017-11-24,11.134435653686523,11.205948038698896,11.120133585879637,11.155889778385824,3487100
2017-11-27,11.098681449890137,11.177344537071123,11.06292525317415,11.163041785587637,7915600
2017-11-28,11.441939353942871,11.45624210549181,11.120134946011774,11.134437015567983,14585000
2017-11-29,11.849557876586914,11.935373019370491,11.556358298386613,11.563509673950696,18101100
2017-11-30,11.863861083984375,12.114153782411544,11.820954192935153,11.928222102550947,19716300
2017-12-01,11.90676498413086,11.963974612487624,11.477692089462558,11.871009477902305,16312600
2017-12-04,12.121304512023926,12.24287516683662,12.056943496888653,12.15706002532779,16551300
2017-12-05,12.064094543457031,12.278630345402366,11.999733530076359,12.185665194955485,11927000
2017-12-06,11.999732971191406,12.157059127691529,11.95682472161249,12.014034357065745,8467500
2017-12-07,12.20104694366455,12.20823688279075,11.920646174446103,11.970974376988833,9865000
2017-12-08,12.280133247375488,12.30170306184652,12.150717103230258,12.229805051616895,8342900
2017-12-11,12.208237648010254,12.352033696866132,12.165099381889792,12.258565853707584,7813600
2017-12-12,12.445500373840332,12.503018520062684,12.251377487427881,12.29451575425945,10874900
2017-12-13,12.280133247375488,12.517395721194914,12.272943309218476,12.423929267834739,12385000
2017-12-14,12.157909393310547,12.352033647081338,12.100391248268172,12.308895381134747,10923400
2017-12-15,12.308893203735352,12.423929473470594,12.165097180896048,12.222615315763669,24017400
2017-12-18,12.459878921508789,12.517397061583553,12.380790964653253,12.3951708425071,10763700
2017-12-19,12.438311576843262,12.567727760568113,12.387983365692685,12.503019668705686,11165000
2017-12-20,12.402361869812012,12.603676063410472,12.287325579567392,12.56772636562106,8705400
2017-12-21,12.574917793273926,12.639625885611567,12.488641251051012,12.582107733682653,7848600
2017-12-22,12.56053638458252,12.625244469049017,12.438310155183665,12.625244469049017,5300600
2017-12-26,12.474258422851562,12.639622899157729,12.40955034580296,12.560534944689307,3995000
2017-12-27,12.438311576843262,12.524589489773463,12.38079342533676,12.524589489773463,5360800
2017-12-28,12.495829582214355,12.53177928357356,12.402363101362196,12.474261132739718,4386700
2017-12-29,12.423933029174805,12.560537781493586,12.416743088841041,12.546159272166962,6240700
2018-01-02,12.488641738891602,12.538969952377744,12.395173881267937,12.50302024892981,9951000
2018-01-03,12.510210037231445,12.560538250104536,12.431123433291281,12.459881824358355,8324600
2018-01-04,12.610867500305176,12.7474722541023,12.58210773865889,12.610867500305176,10343300
2018-01-05,12.574917793273926,12.682764156723023,12.4598814894161,12.654005766429023,10765000
2018-01-08,12.56053638458252,12.596486082253211,12.45987997378608,12.54615787685499,8292200
2018-01-09,12.783419609069824,12.884076013669057,12.582105428530694,12.582105428530694,9190300
2018-01-10,12.99911117553711,13.128527325342654,12.79779701235731,12.82655676624323,10142100
2018-01-11,13.085389137268066,13.135717335502546,12.984731369458554,13.035059567693034,6331300
2018-01-12,13.142909049987793,13.207617133987583,13.085390905470286,13.1644774970939,7141600
2018-01-16,13.056629180908203,13.250753403667936,12.977541229856342,13.207615144612616,9776100
2018-01-17,13.200428009033203,13.243566277247982,12.869697629144369,13.092580281485022,10112900
2018-01-18,13.04944133758545,13.337032063027571,13.013493011157966,13.193237385976886,11732900
2018-01-19,13.423311233520508,13.444881054217687,13.150100361393976,13.193238631447453,15230200
2018-01-22,13.775607109069824,13.78279704775323,13.444878157676694,13.588672817323044,13579500
2018-01-23,13.919403076171875,14.005679597295591,13.64619089281876,13.732468785283054,18157500
2018-01-24,13.969733238220215,14.091959469769522,13.861886885992186,13.933783539917025,18690100
2018-01-25,13.76122760772705,14.056008245098589,13.754037668847182,14.027249860919733,11805000
2018-01-26,13.933784484863281,13.933784484863281,13.746851526372557,13.847507945766157,8529000
2018-01-29,13.847508430480957,14.020062886056122,13.818748668881307,13.905026582339344,8093900
2018-01-30,13.76841926574707,13.89064549928491,13.703711179089343,13.725280998422184,6516700
2018-01-31,13.82594108581543,13.969737176888941,13.761232981966463,13.78999274871763,9979500
2018-02-01,14.048818588256836,14.091956846850621,13.76841647904594,13.797176232335472,9505100
2018-02-02,13.840315818786621,14.307650883854144,13.804367495066291,14.056008503789894,14249800
2018-02-05,13.272321701049805,13.933780941740359,13.200425060531247,13.674950018924415,17764500
2018-02-06,13.423311233520508,13.495209264503558,12.747471936425251,13.006304299427878,20334900
2018-02-07,13.631814956665039,13.804370791481915,13.308275851900587,13.337034243476083,14037300
2018-02-08,12.869698524475098,13.689333905621968,12.869698524475098,13.689333905621968,16345400
2018-02-09,13.135717391967773,13.250753665952667,12.668382357486573,13.049439500808825,18812200
2018-02-12,13.279513359069824,13.48801748332842,13.142908627321805,13.243565034155228,9323600
2018-02-13,13.552725791931152,13.581484178075705,13.128528968408448,13.186047112038269,13246400
2018-02-14,13.926589965820312,13.955348342785177,13.466443592319994,13.509583214777706,16959900
2018-02-15,14.005678176879883,14.070386246830452,13.825933842870622,14.012868114801107,8832400
2018-02-16,13.984113693237305,14.142288258260738,13.919405604968441,13.940974053497511,7873600
2018-02-20,13.948162078857422,14.14228631701752,13.883453999470722,13.969731895766534,6879100
2018-02-21,14.106340408325195,14.293273368175356,13.926596017334685,13.933784586194337,9887300
2018-02-22,13.883453369140625,14.242942073260666,13.840315108621581,14.178233996811812,12121700
2018-02-23,14.127907752990723,14.1350976926291,13.840317024159459,13.94097343641521,9741600
2018-02-26,14.235757827758789,14.264517593833428,14.091963111408967,14.199809491506615,11291400
2018-02-27,14.106340408325195,14.451449309905165,14.106340408325195,14.250135098313079,11728400
2018-02-28,13.955355644226074,14.278896125233878,13.948165703388012,14.156669873668818,14165400
2018-03-01,13.847508430480957,14.149479070572724,13.739662067164092,13.976924614997559,12432200
2018-03-02,13.998489379882812,14.027249133911722,13.538344286144667,13.761226894506514,9335600
2018-03-05,14.178234100341797,14.257322054654695,13.718088994537133,13.818745393596757,6964400
2018-03-06,14.307649612426758,14.336409365919849,14.05600725472432,14.235751600034558,7795300
2018-03-07,14.286080360412598,14.343598492804166,14.11352459189745,14.156664219696461,6610000
2018-03-08,14.271636009216309,14.40164100958376,14.047739273905822,14.336638509400036,7466500
2018-03-09,14.524426460266113,14.546093046569991,14.264416403975481,14.387198777492667,10828300
2018-03-12,14.387197494506836,14.596648949722615,14.343862948182949,14.50997985707484,8554500
2018-03-13,14.235525131225586,14.459423281666153,14.192190583028891,14.444977973073772,8248000
2018-03-14,14.01162338256836,14.314967867382663,13.953843546298016,14.314967867382663,10893200
2018-03-15,13.989957809448242,14.119961417205944,13.86717547636036,14.105517490286239,9701200
2018-03-16,14.177743911743164,14.235523762978733,13.982737774810818,14.011627011638444,22955400
2018-03-19,14.119966506958008,14.213859642471597,13.989962852338552,14.156079781224987,10701000
2018-03-20,14.054962158203125,14.264414988898956,14.018850266225405,14.206635135186378,10213200
2018-03-21,14.105518341064453,14.322192411309441,13.98995865325644,14.098295688378935,6715800
2018-03-22,13.448274612426758,13.982738612780677,13.4121613422526,13.932181412117258,12313200
2018-03-23,13.00770092010498,13.5421648613222,12.964366378271219,13.49160766625277,13440200
2018-03-26,13.578278541564941,13.621614466697098,13.144930310886824,13.238822060178968,12380200
2018-03-27,13.209931373596191,13.708282059787969,13.108815603614152,13.643279556792471,11449500
2018-03-28,13.202712059020996,13.303826476993493,12.978813879823857,13.260491923231083,15874700
2018-03-29,13.419381141662598,13.455493026574489,13.15937116204064,13.30382145684842,12310700
2018-04-02,13.116039276123047,13.441051816353895,12.892142513730901,13.383271962266232,12853900
2018-04-03,13.289379119873047,13.36882693751904,13.08715031507294,13.209932679807467,8307800
2018-04-04,13.54939079284668,13.578280035198885,13.05103861965074,13.072706584600331,8834300
2018-04-05,13.60716724395752,13.715504286385352,13.520496783467115,13.686615051275373,7229700
2018-04-06,13.166594505310059,13.469939038256948,13.014922927626705,13.426604498573157,12367700
2018-04-09,13.27493667602539,13.607171948939397,13.27493667602539,13.289381987365285,9916500
2018-04-10,13.433823585510254,13.542160594752309,13.354375802528832,13.520492641871972,10152200
2018-04-11,13.303826332092285,13.462720612544242,13.224378503076002,13.303826332092285,10008500
2018-04-12,13.708282470703125,13.794952936488553,13.397715253210787,13.441051174893662,10703800
2018-04-13,13.368825912475586,13.831064719525966,13.289378100921187,13.802175482875471,10682000
2018-04-16,13.339938163757324,13.506056476107206,13.202711849424757,13.498833820998028,10550700
2018-04-17,12.964369773864746,13.448276646756147,12.870476634789064,13.448276646756147,15058000
2018-04-18,12.935479164123535,13.130486719984038,12.85603133523653,13.029372303277382,15215000
2018-04-19,13.108817100524902,13.152151648276897,12.906588292628642,12.971589425466414,19888000
2018-04-20,13.643277168273926,13.643277168273926,12.993253629698373,12.993253629698373,18950500
2018-04-23,13.621615409851074,13.773287025573998,13.441053175373009,13.693839201577882,15552500
2018-04-24,13.628839492797852,13.888848200939576,13.455498517262477,13.722731258430567,15895300
2018-04-25,13.737175941467285,13.84551301303987,13.484388522744183,13.643282802545267,13805600
2018-04-26,13.585501670837402,13.715506695619272,13.527721812887734,13.64328152878707,10997100
2018-04-27,13.72272777557373,13.744395736411445,13.53494291438782,13.549388221612963,8856900
2018-04-30,13.506052017211914,13.867176387965387,13.506052017211914,13.758837974675224,9989200
2018-05-01,13.54216480255127,13.599944650605613,13.325490716742546,13.469939648088282,9304800
2018-05-02,13.397717475891113,13.592725023074827,13.34716026978731,13.49161061086722,11447300
2018-05-03,13.303826332092285,13.404940748963476,13.087152188059562,13.325494297527802,10668200
2018-05-04,13.520498275756836,13.607168745813269,13.130484604453855,13.188264458631348,10261700
2018-05-07,13.54216480255127,13.628835263422904,13.419382453238262,13.54216480255127,8201200
2018-05-08,13.701055526733398,13.852728449967879,13.513270724318268,13.571051935135129,10519500
2018-05-09,13.881621360778809,14.018849017717432,13.715504468346936,13.744395081420437,9098600
2018-05-10,13.96107006072998,14.069407111513705,13.809398465148837,13.874399593554797,8065400
2018-05-11,13.953845024108887,14.076627361384382,13.903287834215465,14.011624866498526,9816700
2018-05-14,13.867177963256836,14.011626901419326,13.816619388440643,14.004404247874156,8948800
2018-05-15,14.004404067993164,14.047739988707555,13.859955131686064,13.910512328272564,13358600
2018-05-16,13.939403533935547,14.0116287010836,13.867179744367975,13.961071497354107,7312400
2018-05-17,13.953845024108887,13.982735634093759,13.802173454428623,13.932178444200337,8104100
2018-05-18,13.816618919372559,13.953846576911367,13.80217499035289,13.91051203469184,8757800
2018-05-21,13.83106803894043,13.932183835435417,13.83106803894043,13.874402593106488,9348100
2018-05-22,14.047744750976562,14.156081834328877,13.83106920669118,13.83106920669118,10506000
2018-05-23,13.867177963256836,14.047740169145179,13.758839537659586,13.961069704183439,12143700
2018-05-24,13.823840141296387,13.852730751504795,13.585498117397488,13.83828544640059,8644700
2018-05-25,13.729954719543457,13.794957244788371,13.650506882559505,13.751622687152011,6609200
2018-05-29,13.07992935180664,13.58550280674291,13.000481523890409,13.58550280674291,13899400
2018-05-30,13.303826332092285,13.412163404108648,13.195489260075924,13.332715575092363,10805800
2018-05-31,13.173820495605469,13.347160075834163,13.137708599650523,13.282157561050836,12813400
2018-06-01,13.426604270935059,13.50605207365851,13.347156468211605,13.390492384740845,9464600
2018-06-04,13.527721405029297,13.549389367699815,13.433829655284585,13.498832165715706,5467100
2018-06-05,13.455499649047852,13.52050217594602,13.361607875517597,13.477167617207503,5641300
2018-06-06,13.903288841247559,13.939400728764172,13.549387108779973,13.5638324148187,11850100
2018-06-07,13.830723762512207,14.019390679858148,13.72187783667252,13.968596006736364,6973700
2018-06-08,13.8670072555542,13.89603219113315,13.750904745136202,13.823467776109126,7591600
2018-06-11,13.692859649658203,13.961346306759346,13.692859649658203,13.896038442264102,9521400
2018-06-12,13.75090503692627,13.881519325879788,13.671084040300956,13.743648456864774,12432500
2018-06-13,13.707366943359375,13.968598315797976,13.613034161118362,13.765418205673367,12110400
2018-06-14,13.51144790649414,13.750909591635772,13.431626883429736,13.7291398442405,12841300
2018-06-15,13.48967170715332,13.547722955057251,13.279235068469744,13.43162045924939,18415800
2018-06-18,13.584007263183594,13.678341425484506,13.37357196521831,13.511444226399764,13435900
2018-06-19,13.75090503692627,13.76541681299813,13.438879014537639,13.48241711085548,10416100
2018-06-20,13.721881866455078,13.896035675753515,13.714625284727878,13.83072782426017,8467800
2018-06-21,13.729138374328613,13.82347116817186,13.525958239214354,13.671087104874745,10623200
2018-06-22,13.446135520935059,13.867007473838122,13.409852620826358,13.830724573729423,12078500
2018-06-25,13.31551742553711,13.438876495356016,13.155875462212133,13.38082524979717,10753500
2018-06-26,13.192163467407227,13.351804108538763,13.076060931302218,13.322779166538213,9887000
2018-06-27,12.959959983825684,13.235703194862761,12.916420489410692,13.148626974135926,12322900
2018-06-28,13.054285049438477,13.148619180705797,12.872874749055978,13.032515315134305,12372600
2018-06-29,12.901904106140137,13.337287822562324,12.89464752632629,13.264724792526014,18515700
2018-07-02,12.981725692749023,12.996238854586673,12.793058741013466,12.829341645607588,13185900
2018-07-03,12.74226188659668,13.07605763170757,12.727750111283989,13.010749798621767,6077500
2018-07-05,12.669699668884277,12.851110040207715,12.640674729179201,12.836598262380825,11142700
2018-07-06,12.764033317565918,12.800314836733488,12.481033592715395,12.640674214724442,9841900
2018-07-09,13.112343788146973,13.119600370397848,12.78580589116684,12.836600582871425,11564400
2018-07-10,12.974467277526855,13.184903942267786,12.880134507021294,13.163134202589074,12428700
2018-07-11,12.83659553527832,12.988979550471786,12.83659553527832,12.894646786406927,7794500
2018-07-12,12.713241577148438,12.959959839886938,12.61165080869334,12.930933510599322,10073600
2018-07-13,12.488286972045898,12.684210468763492,12.386697625918718,12.684210468763492,19405700
2018-07-16,12.705982208251953,12.74952030858339,12.517315261414055,12.531828422874952,8645100
2018-07-17,12.800312042236328,12.887389606899914,12.669696387266416,12.735004214751372,9817200
2018-07-18,13.105086326599121,13.141369235419067,12.778548451528327,12.778548451528327,11263900
2018-07-19,12.785804748535156,13.047034765963556,12.76403500372803,12.99624007879835,12868400
2018-07-20,12.930932998657227,13.010754016986459,12.53183067511408,12.69872790975565,16016600
2018-07-23,13.25747013092041,13.301008232051892,12.887392811174623,12.952700654897484,13069100
2018-07-24,13.25747013092041,13.446137081225203,13.184905706333756,13.293751651188098,17133000
2018-07-25,13.271985054016113,13.337291522354729,13.15588112883817,13.21393239940141,13383300
2018-07-26,13.344545364379883,13.438879524709332,13.221186266753726,13.293750686072261,12116100
2018-07-27,13.467904090881348,13.504186991566385,13.308263480020607,13.366314737065524,10344500
2018-07-30,13.656572341918945,13.714623604573333,13.475161973117576,13.475161973117576,13781200
2018-07-31,13.504190444946289,13.736395532506966,13.46065095299004,13.707369204536134,12467000
2018-08-01,13.663826942443848,13.888775379621167,13.54046785417543,13.562237593534944,14581000
2018-08-02,13.837982177734375,13.9250597603877,13.547725875641998,13.584007394384336,11759500
2018-08-03,13.888776779174805,13.983110941854209,13.779930839511135,13.8307255190841,10476500
2018-08-06,13.874263763427734,13.975853113503266,13.736391514003023,13.874263763427736,10461900
2018-08-07,14.012137413024902,14.106471586025966,13.896034880140027,13.939572983959014,11555600
2018-08-08,14.05567455291748,14.106469229563023,13.925058879228292,14.048417972817955,8902400
2018-08-09,13.99036693572998,14.106469451042997,13.946827454449233,14.019391872532657,7004500
2018-08-10,13.881521224975586,13.94682907041251,13.765418696210235,13.83072654164716,8846900
2018-08-13,13.75090503692627,14.026648159007424,13.750905036926268,13.881519325879788,9497400
2018-08-14,13.932312965393066,13.99036421174675,13.77267099988227,13.77267099988227,10964900
2018-08-15,13.837982177734375,13.903290018711564,13.750905979132273,13.808957239550748,10243200
2018-08-16,14.077445030212402,14.142752876896925,13.903291233737459,13.92506097731608,10024400
2018-08-17,14.14275074005127,14.157263900244205,14.012135066417109,14.04841796689945,10071100
2018-08-20,14.13549518585205,14.17903466959078,14.019392663984574,14.099213666787678,8298700
2018-08-21,14.179037094116211,14.302394833648966,14.09195949580027,14.150010766660406,9948200
2018-08-22,14.171778678894043,14.215316780393891,14.062931349067481,14.120982612417711,6141200
2018-08-23,14.033902168273926,14.157261238619594,13.975850922467192,14.13549150242299,5897000
2018-08-24,13.975852966308594,14.113725214281226,13.946826647134953,14.106468634487817,7958500
2018-08-27,14.106471061706543,14.229830171318044,14.012136892211759,14.04116321637979,8804700
2018-08-28,14.128235816955566,14.179031871292578,14.026646476383464,14.157262133719573,8124800
2018-08-29,14.164520263671875,14.237084679475435,14.033904592035688,14.142750523715472,9292200
2018-08-30,14.041165351867676,14.171781062386222,14.026652187576389,14.142754733803645,8096700
2018-08-31,14.120980262756348,14.164519741062735,13.917801566864124,13.96859624083718,7923500
2018-09-04,14.251599311828613,14.287882219028095,14.091958672305061,14.157266521212739,8883300
2018-09-05,14.462035179138184,14.50557328119044,14.23708670380833,14.258855062808804,10739500
2018-09-06,14.308570861816406,14.491264566075472,14.293955030953516,14.454726382760597,8587600
2018-09-07,14.330495834350586,14.469342057901857,14.272033899738874,14.462035535687551,8874100
2018-09-10,14.279343605041504,14.403574012045684,14.257419854124073,14.39626748891585,6645600
2018-09-11,14.359722137451172,14.462031540137618,14.250106214569058,14.272029956682314,8759200
2018-09-12,13.99433708190918,14.374340310820491,13.98702916667908,14.323186298052105,11764500
2018-09-13,13.789727210998535,14.140498936195344,13.745879699966734,14.125883099184744,14796500
2018-09-14,13.862796783447266,13.935874538679768,13.804334858029716,13.818950687844666,11172100
2018-09-17,13.87010669708252,13.943184462845766,13.753182829398307,13.86279878112195,16291000
2018-09-18,13.818953514099121,13.884723367875408,13.753183660322835,13.855491702267043,11182200
2018-09-19,14.0016450881958,14.082030762407355,13.811643472504512,13.840875133615011,8512800
2018-09-20,14.242798805236816,14.28664489717497,14.074720957938789,14.09664470082893,8848900
2018-09-21,14.20626449584961,14.286648787317212,14.140494643112701,14.250110599726712,14424400
2018-09-24,14.096648216247559,14.25011027322249,14.052800719532598,14.177032505873365,8067000
2018-09-25,14.067414283752441,14.213569794886771,14.0601063688115,14.184338135123003,7670800
2018-09-26,13.840879440307617,14.155112925809977,13.818955687653004,14.133189173155364,9266800
2018-09-27,13.548566818237305,13.818952740770825,13.533950986251046,13.811644824777696,13998400
2018-09-28,13.409716606140137,13.599718203652786,13.365870512511735,13.482794358082261,13617100
2018-10-01,13.256258010864258,13.504721621563732,13.21241190128279,13.482799263694345,15586500
2018-10-02,13.234333038330078,13.409718835848233,13.168563190030468,13.270871223455455,11908900
2018-10-03,13.497410774230957,13.56318062124681,13.307409148834315,13.322024980136147,12179000
2018-10-04,13.643566131591797,13.833567754649234,13.52664227030143,13.555872538702836,11839600
2018-10-05,13.548566818237305,13.753182890675115,13.482796968141594,13.716644704551921,8604000
2018-10-08,13.65817928314209,13.760487293238956,13.482793525615131,13.526639616536345,8363500
2018-10-09,13.585100173950195,13.687408173791775,13.512022433845372,13.607023914134231,8757100
2018-10-10,13.351256370544434,13.716643782586642,13.336640539540578,13.563180344730887,12205900
2018-10-11,12.963944435119629,13.38779375193532,12.920098338577946,13.256254068467989,15154200
2018-10-12,12.635098457336426,13.153947957736069,12.386634884405124,13.13202420935655,19965800
2018-10-15,12.540095329284668,12.766635124710778,12.540095329284668,12.63509683287266,13905800
2018-10-16,12.583943367004395,12.635098781201165,12.393941724372516,12.59125128331822,14614600
2018-10-17,12.664328575134277,12.810484108215267,12.372018902814762,12.540096790168175,15434200
2018-10-18,12.45240306854248,12.788558802301534,12.408555577653852,12.627788850570111,13042300
2018-10-19,12.35009479522705,12.62048210540401,12.298940778290378,12.423172559640479,16990800
2018-10-22,11.977398872375488,12.474325973762165,11.962784435272976,12.379325860305231,20725400
2018-10-23,11.897016525268555,12.006632487502666,11.48047433555209,11.48047433555209,21101400
2018-10-24,11.297779083251953,11.867783264775893,11.268548117453832,11.853167433416234,29458900
2018-10-25,11.73624324798584,11.897014600843054,11.348932787564697,11.414702633034947,16413200
2018-10-26,11.73624324798584,11.86047502344716,11.509703443500733,11.575473288970983,15845900
2018-10-29,12.006629943847656,12.203939470373754,11.867782344383853,11.926244271446146,15731100
2018-10-30,12.07240104675293,12.130862979920447,11.772783465039101,12.057785215000443,20155600
2018-10-31,12.401250839233398,12.605868334268651,12.211249178238377,12.211249178238377,21663900
2018-11-01,12.576632499694824,12.620479987289343,12.415862560041488,12.45240213303692,13956400
2018-11-02,12.613175392150879,12.839715228973215,12.467019849389178,12.708175519256196,10271500
2018-11-05,12.657020568847656,12.752022082825649,12.532788784767362,12.64240473687528,8068400
2018-11-06,12.89086627960205,12.89086627960205,12.598556655294951,12.627788314646779,14261100
2018-11-07,12.803177833557129,12.934717551425049,12.540098397821286,12.89087004957398,13347800
2018-11-08,12.912792205810547,13.066254261809283,12.722790569448444,12.752022233739138,10510200
2018-11-09,12.598559379577637,12.993178503105403,12.518173692819937,12.883561150674888,17214000
2018-11-12,12.372018814086914,12.69356014825363,12.350095066129256,12.59125071829368,13848600
2018-11-13,12.335478782653809,12.591250257428246,12.32817226077781,12.393940714558617,12300100
2018-11-14,11.962785720825195,12.50355897931703,11.809322267097206,12.423173294324153,16666000
2018-11-15,12.021245002746582,12.072399011413573,11.721627471546604,11.838551318168927,16979800
2018-11-16,11.838554382324219,11.99201644804555,11.780092443881442,11.918938676531438,17433000
2018-11-19,11.787398338317871,11.977399976590638,11.641244196922077,11.845860273644686,18830200
2018-11-20,11.568167686462402,11.699707403703307,11.429320749202471,11.670476432863252,16370200
2018-11-21,11.560857772827148,11.77278314596721,11.436625993982863,11.648550670201727,12623700
2018-11-23,11.663166999816895,11.707013798837949,11.378164548483108,11.458550230534836,17990100
2018-11-26,11.9408597946167,12.013937550025966,11.772781932864964,11.882397869057737,15245900
2018-11-27,11.882400512695312,12.065094244943685,11.80932274102745,11.860476763042184,14286400
2018-11-28,12.006629943847656,12.072399786023023,11.73624266003312,11.918936356333074,14888000
2018-11-29,11.845858573913574,11.970090342887676,11.787396646975308,11.904321894694124,14182800
2018-11-30,12.021245002746582,12.087014840701913,11.809319659592248,11.831243403524757,20201000
2018-12-03,12.152786254882812,12.313557628661712,12.021247940667177,12.262403607492985,15801800
2018-12-04,11.392782211303711,12.101633450174766,11.261242490023113,12.07971109252312,17607800
2018-12-06,11.282169342041016,11.282169342041016,10.920845137701189,11.186307689274807,19708900
2018-12-07,10.987211227416992,11.429649556042193,10.92821954403181,11.274796211347006,14311700
2018-12-10,10.611138343811035,10.913470866259518,10.448910879361994,10.913470866259518,18644900
2018-12-11,10.441537857055664,10.83973207352859,10.41204201521457,10.736496978702935,17283500
2018-12-12,10.515275955200195,10.729120946570243,10.419414310346559,10.729120946570243,11803900
2018-12-13,10.161327362060547,10.530025749541197,10.087588106506235,10.51527817972488,13554100
2018-12-14,9.932733535766602,10.227691928231867,9.881115289657972,10.043342757132006,15312900
2018-12-17,9.873743057250977,10.146579779248855,9.807377235071641,9.807377235071641,15430200
2018-12-18,9.755757331848145,10.124455656466495,9.674643953597156,9.910610656317301,13604800
2018-12-19,9.46817398071289,9.917985725958957,9.40180816351147,9.741010682246044,21492100
2018-12-20,9.519793510437012,9.674646881774876,9.387061848365569,9.401810123367488,20242600
2018-12-21,9.482919692993164,9.696764671425605,9.446050426864536,9.497667962033555,31504500
2018-12-24,9.269075393676758,9.48292038777695,9.239579556671085,9.387058741699454,7330100
2018-12-26,9.873743057250977,9.873743057250977,9.136346283234108,9.298573067187636,16054400
2018-12-27,9.8516206741333,9.8516206741333,9.47554885283529,9.733637302491857,13462400
2018-12-28,9.844246864318848,10.013847778757585,9.777881044499747,9.888490275374023,12257100
2018-12-31,9.86636734008789,10.006472395281497,9.718888149558765,9.888489042858197,10700600
2019-01-02,10.080216407775879,10.087590546085579,9.667273804507655,9.704143792819618,11301300
2019-01-03,10.065464973449707,10.235066585183226,9.947481610454032,10.021221563944486,12302100
2019-01-04,10.434163093566895,10.463658933634932,10.183448804606737,10.264562188984762,16824000
2019-01-07,10.611138343811035,10.780739240507007,10.33830166005908,10.412040905182268,10922400
2019-01-08,10.72175121307373,10.765995337798493,10.478410285178795,10.736499489060819,10790100
2019-01-09,10.83973217010498,10.920846263317927,10.677504686915437,10.765992916463441,8797500
2019-01-10,10.84710693359375,10.95034273854437,10.736497695118105,10.824985226545898,9324900
2019-01-11,10.898723602294922,10.987211126560428,10.70700098467116,10.795488508936664,8807300
2019-01-14,11.031454086303711,11.097819898369352,10.751243270491148,10.795487379613661,8154500
2019-01-15,11.142065048217773,11.142065048217773,10.854480755235485,10.994585833452962,14079000
2019-01-16,11.355908393859863,11.42227420642727,11.17893336250429,11.252673310520578,12393700
2019-01-17,11.510762214660645,11.54025805448206,11.171559705096227,11.282169631853753,13514300
2019-01-18,11.577127456665039,11.621371565823944,11.03145409537734,11.429648264862454,21818700
2019-01-22,11.496015548706055,11.621373053595622,11.385405613266604,11.496015548706055,16134200
2019-01-23,11.333789825439453,11.591879011642282,11.237928147799444,11.540260752459842,12494900
2019-01-24,11.437023162841797,11.496014843496187,11.245299849096874,11.267421553533195,14425900
2019-01-25,11.54025650024414,11.636118142562198,11.437021426391,11.562378904557985,10185400
2019-01-28,11.562379837036133,11.59924910739356,11.429648213393381,11.481265754482783,9985400
2019-01-29,11.451772689819336,11.658244310655881,11.444399255903793,11.562382637389577,12582200
2019-01-30,11.378032684326172,11.591877725101076,11.370658547656188,11.473894351326837,11223900
2019-01-31,11.186307907104492,11.385404648852624,11.009332869275866,11.304291265656909,19708300
2019-02-01,11.304291725158691,11.429649224525292,11.178934225792089,11.223178338665843,12146600
2019-02-04,11.407526969909668,11.451770377414752,11.223177797753825,11.296917044674393,8603500
2019-02-05,11.363283157348633,11.444397245296914,11.289543908493098,11.392778997538107,7942700
2019-02-06,11.363283157348633,11.429648973584026,11.252673932447179,11.29691734111324,7507700
2019-02-07,11.437023162841797,11.990070696403937,11.29691739386039,11.702485725786554,32773500
2019-02-08,11.385405540466309,11.481267202606338,11.237926330726397,11.41490138241429,12905900
2019-02-11,11.32641315460205,11.481266491040818,11.32641315460205,11.437023082479056,12148000
2019-02-12,11.407526969909668,11.584502006402568,11.392778698583784,11.444396944988092,15124500
2019-02-13,11.496015548706055,11.540258960292757,11.40015388595307,11.459145570226237,8964000
2019-02-14,11.437023162841797,11.525510683823383,11.267421553533195,11.378031482187405,8650200
2019-02-15,11.798346519470215,11.820468925524324,11.518135705244447,11.584501516934267,9929200
2019-02-19,11.90158462524414,11.945829448593507,11.702487842827011,11.75410539692841,9295800
2019-02-20,12.063810348510742,12.100679620574645,11.827843631767587,11.864712903831489,9050800
2019-02-21,11.982696533203125,12.108054030117078,11.901582445060978,12.108054030117078,8124400
2019-02-22,11.975323677062988,12.019567090562832,11.8573403034149,12.012194360373488,10314200
2019-02-25,12.071186065673828,12.203916306376518,12.04168951898028,12.056437792327054,11865100
2019-02-26,11.94582748413086,12.11542839299438,11.872087530481137,11.997445029743876,10640500
2019-02-27,12.218664169311523,12.262907581392998,11.960575020302949,11.960575020302949,21573900
2019-02-28,12.093305587768555,12.233411354454171,12.056436315390933,12.218663082914087,14091000
2019-03-01,12.026938438415527,12.329270939092913,12.01219157498359,12.211287592802833,14202800
2019-03-04,11.91633129119873,12.181794569570602,11.835217199146731,12.034314657925636,11493800
2019-03-05,11.879462242126465,11.945828062979784,11.665616506827389,11.916331517501552,12362200
2019-03-06,11.628747940063477,11.901583969999193,11.621373803244568,11.835218145101795,13099400
2019-03-07,11.472505569458008,11.598985907489194,11.390665642893529,11.58410553382187,11658000
2019-03-08,11.509706497192383,11.546906724097902,11.316265884911932,11.353466111817452,8707700
2019-03-11,11.584105491638184,11.66594612743991,11.487385191758586,11.57666601436688,6703400
2019-03-12,11.621306419372559,11.74034657734004,11.546906675410538,11.621306419372559,11137500
2019-03-13,11.76266860961914,11.829628174695308,11.59898801718369,11.636188248582936,8269700
2019-03-14,11.747784614562988,11.874264936639326,11.732904952307926,11.77010446271317,7636700
2019-03-15,11.710585594177246,11.85194630252388,11.703145407520003,11.740345631270971,12812500
2019-03-18,11.881707191467285,11.94866674757734,11.762667034557893,11.814746925821925,10486800
2019-03-19,11.628747940063477,12.000748121600358,11.60642808526905,11.970988788231383,10237000
2019-03-20,11.130264282226562,11.628745425224425,11.122824095725642,11.569225352287537,12457700
2019-03-21,10.735947608947754,11.085627989938832,10.713627041155172,11.085627989938832,26932400
2019-03-22,10.066343307495117,10.631784798159462,9.984503371820809,10.631784798159462,29240100
2019-03-25,10.066343307495117,10.304424345926884,9.954743330708757,10.148183952704771,18113100
2019-03-26,10.363945007324219,10.378824673944099,10.125863955587656,10.148184519820557,21078900
2019-03-27,10.39370346069336,10.460663724081718,10.252342746976762,10.33418338424488,17025600
2019-03-28,10.542503356933594,10.55738302086188,10.326742908459005,10.430903394098044,10337800
2019-03-29,10.527623176574707,10.71362359106921,10.475543287567534,10.6838635531315,11975600
2019-04-01,10.914505004882812,10.95170523182096,10.6541041258511,10.661544313145793,15469300
2019-04-02,11.040984153747559,11.115383890022521,10.825223712340264,10.907063635103295,12535600
2019-04-03,11.063304901123047,11.368345476526088,11.048425236475122,11.197225430630837,16022700
2019-04-04,11.234428405761719,11.286508309077014,11.003787516228117,11.026107373429605,10009500
2019-04-05,11.26418685913086,11.338586609127592,11.145145981972426,11.271626337455777,8871100
2019-04-08,11.33858585357666,11.405546120786553,11.189785653963185,11.197225841327688,9973400
2019-04-09,11.160025596618652,11.2790657561236,11.085625142160401,11.241865528894476,8770400
2019-04-10,11.24930477142334,11.256744958151332,11.026104136330424,11.160024659293226,7455000
2019-04-11,11.316267013549805,11.420427517366736,11.204667031238037,11.308826825519585,8237000
2019-04-12,11.606424331665039,11.68826424580056,11.346023508315856,11.502263860418333,9762800
2019-04-15,11.353466033935547,11.651066428067612,11.331145472224161,11.643626240830484,11748200
2019-04-16,11.576667785644531,11.606427827888949,11.293947029554873,11.442747240776963,13591400
2019-04-17,11.725467681884766,11.747787535584656,11.546907433214933,11.643627035759575,13784800
2019-04-18,11.346025466918945,11.792426752710199,11.197225274833624,11.792426752710199,24412300
2019-04-22,11.33858585357666,11.405546120786553,11.204666028692191,11.293946148460277,15552400
2019-04-23,11.435306549072266,11.465066590005664,11.040985829320903,11.204666409222265,23356700
2019-04-24,11.442745208740234,11.479945432323474,11.189784539816504,11.331144537990516,18523700
2019-04-25,11.509706497192383,11.643626320702813,11.3013855103356,11.331145549952952,11916600
2019-04-26,11.569228172302246,11.606428404339216,11.427867432468842,11.524587751950799,8729600
2019-04-29,11.665946960449219,11.837067012007568,11.613866358619676,11.636186920633188,8853100
2019-04-30,11.55434799194336,11.74034844575233,11.465067859259303,11.703148213083452,11317500
2019-05-01,11.286504745483398,11.673385222809495,11.241864335639688,11.58410511265732,17403800
2019-05-02,11.479948043823242,11.53202794296595,11.286507404814024,11.30882726022727,12809200
2019-05-03,11.591546058654785,11.643625948938487,11.465065716935543,11.517145607219247,9322900
2019-05-06,11.450183868408203,11.561783814740101,11.3013829939188,11.323703550813303,9871500
2019-05-07,11.241867065429688,11.346027574000805,11.17490749870763,11.323707718426785,9399700
2019-05-08,11.122823715209961,11.256744229504111,11.107944052252398,11.197224158603426,10188200
2019-05-09,11.107948303222656,11.167468396901459,10.907067454905086,10.951707879931929,11749000
2019-05-10,11.19722843170166,11.226988478509064,10.95170786815671,11.040988008578921,10096500
2019-05-13,10.668983459472656,11.01866442331652,10.654103086335144,11.01866442331652,12062600
2019-05-14,10.817784309387207,10.907064425104888,10.624343703897924,10.713623819615604,12432300
2019-05-15,10.654105186462402,10.728505647745228,10.46066526429075,10.661545374497763,9969700
2019-05-16,10.802905082702637,10.929384719610681,10.743384293609894,10.788024708045622,8463400
2019-05-17,10.713624954223633,10.907065580198912,10.668985246404945,10.668985246404945,7831300
2019-05-20,10.765704154968262,10.847544081649788,10.683863518751465,10.691303705595768,6674900
2019-05-21,10.83266544342041,10.899625002754837,10.788025027662123,10.817785068322536,9834100
2019-05-22,10.72106647491455,10.795466943242541,10.63922652738212,10.72850666365444,6737500
2019-05-23,10.46810531616211,10.61690624687806,10.378825183453793,10.587145493106531,9739700
2019-05-24,10.557385444641113,10.6020258657451,10.453225644624183,10.52018592151245,7565700
2019-05-28,10.37138557434082,10.549946559267022,10.363946095017804,10.497865946793127,11569300
2019-05-29,10.527623176574707,10.572263588248907,10.230022797197613,10.282102686204786,15941900
2019-05-30,10.460663795471191,10.64666421302588,10.356503306207864,10.587143426635919,17110600
2019-05-31,10.289542198181152,10.386262492518634,10.19282190384367,10.267222348575649,12063600
2019-06-03,10.401143074035645,10.482983712373379,10.200262990780448,10.244903403467875,9541300
2019-06-04,10.661544799804688,10.706185216075191,10.549944823431447,10.587144342532298,13023800
2019-06-05,10.542503356933594,10.683863357160977,10.393703169974438,10.654103319769145,11370700
2019-06-06,10.550017356872559,10.617645788104983,10.422274923792518,10.534989214718369,7472300
2019-06-07,10.429789543151855,10.519960547565708,10.339618538738002,10.497417975616106,10667600
2019-06-10,10.512447357177734,10.73036082268452,10.4974192129784,10.572561367206122,18697800
2019-06-11,10.873130798339844,10.985844374143781,10.610131499310073,10.647702930116532,19846500
2019-06-12,10.700300216674805,10.918213608846719,10.655215082633877,10.835557052028161,11328300
2019-06-13,10.888160705566406,10.963303579359309,10.752904536000957,10.752904536000957,8375300
2019-06-14,10.963302612304688,11.000874045887025,10.730360297386584,10.903188605219142,8641100
2019-06-17,10.775445938110352,11.030930821246766,10.752903365073456,10.9633023855206,6571700
2019-06-18,11.173702239990234,11.181216670435248,10.70030387118736,10.74538973724191,12792900
2019-06-19,10.948273658752441,11.36155799139868,10.903188512130953,11.241329978254063,12878900
2019-06-20,10.97081470489502,11.008385413857026,10.6702440168916,10.99335727359529,12600000
2019-06-21,10.99336051940918,11.158674410789583,10.93324650738277,10.93324650738277,14843000
2019-06-24,10.903188705444336,11.11358773217779,10.888159845227054,10.963302713082465,7547500
2019-06-25,10.813016891479492,10.92573046828187,10.71533145716356,10.92573046828187,13636200
2019-06-26,10.843077659606934,10.993362719752817,10.828048795284499,10.865620239474893,10209900
2019-06-27,10.955789566040039,11.015903580718305,10.888161120373093,10.895675551361771,6418100
2019-06-28,11.226301193237305,11.271387056775222,10.918216728343928,11.158673472853666,14479600
2019-07-01,11.32398509979248,11.466756384476714,11.233814101546571,11.293928100377178,10021800
2019-07-02,11.166186332702637,11.436700060020653,11.091044188037413,11.31647205526395,13826000
2019-07-03,11.32398509979248,11.331499528800155,11.166185673708291,11.226299672538897,4881100
2019-07-05,11.429187774658203,11.609529815625,11.399130767830405,11.429187774658203,6919800
2019-07-08,11.369071960449219,11.444214107310449,11.301443526643292,11.323986099040114,7110700
2019-07-09,11.504329681396484,11.526872255465408,11.248844786563666,11.286416221088876,8772800
2019-07-10,11.316474914550781,11.519359544685878,11.286417905767225,11.504331398601908,9594900
2019-07-11,11.4442138671875,11.481785298137519,11.233814857129016,11.30144328951596,11462000
2019-07-12,11.436700820922852,11.489300397349584,11.3315009514539,11.451728964209568,8218200
2019-07-15,11.256357192993164,11.481785057350333,11.211272050090985,11.481785057350333,7089700
2019-07-16,11.226301193237305,11.339015493774351,11.158673472853666,11.27890148680079,9638300
2019-07-17,11.053473472595215,11.203758488265057,11.030930899398609,11.166187055193726,13526600
2019-07-18,11.113587379455566,11.248844250656333,11.015901940990064,11.068501516850151,14774500
2019-07-19,11.369071960449219,11.56444283219624,11.19624366109902,11.233815092837364,20534300
2019-07-22,11.361557006835938,11.44421357955619,11.293928576148721,11.39161400751743,12781900
2019-07-23,11.699698448181152,11.699698448181152,11.323985581209472,11.36907144055686,14569400
2019-07-24,11.985241889953613,12.037842185548678,11.654614838829222,11.654614838829222,10728600
2019-07-25,11.812416076660156,12.097958022252183,11.804901645209297,11.962701122599215,10658000
2019-07-26,12.052873611450195,12.075415473964243,11.797387942645488,11.849988249435722,8698200
2019-07-29,11.880041122436523,12.128010839722199,11.880041122436523,12.022811696015928,9066700
2019-07-30,12.060380935668945,12.075409792428056,11.75229725487581,11.75229725487581,9996100
2019-07-31,11.970213890075684,12.12049819850816,11.940156885066084,12.015299039282322,24490700
2019-08-01,11.4442138671875,12.000269468693801,11.39161429382674,11.925126606793764,21792800
2019-08-02,11.519357681274414,11.556929115330076,11.256358359500277,11.436701099644356,18300400
2019-08-05,10.94075870513916,11.27890013293028,10.828044418131851,11.226299845680709,15374500
2019-08-06,11.083528518676758,11.106071087892953,10.813015538236344,11.045957092239528,9397600
2019-08-07,10.880646705627441,10.94076143701103,10.617648070171306,10.752904961707113,12902400
2019-08-08,11.060988426208496,11.113588005029367,10.93324597768737,11.015902561065241,10346000
2019-08-09,11.023414611816406,11.091043036625091,10.888157762199034,11.008385754474315,10523200
2019-08-12,10.745388984680176,10.903188429896193,10.722846411539454,10.865616996918002,9199400
2019-08-13,10.722846031188965,10.970816476787583,10.587589163911373,10.685274599543472,15424800
2019-08-14,10.264476776123047,10.437305090555192,10.159277618013975,10.437305090555192,15820300
2019-08-15,10.196847915649414,10.369676222949915,10.144248338765365,10.309562216049434,14858700
2019-08-16,10.587591171264648,10.595105602341537,10.302049239883246,10.302049239883246,10048800
2019-08-19,10.715331077575684,10.820530221100464,10.685274077052116,10.790473220576896,10728500
2019-08-20,10.519963264465332,10.655220164325458,10.474877392306748,10.632676869938352,9089700
2019-08-21,10.617647171020508,10.677761180697786,10.527476156504589,10.655218606222686,9295500
2019-08-22,10.707819938659668,10.790476536344883,10.647705919140304,10.707819938659668,7886700
2019-08-23,10.362163543701172,10.797990525673749,10.31707767260046,10.617648474502118,12282300
2019-08-26,10.542502403259277,10.55001683227043,10.377189264706285,10.467360262993934,9585200
2019-08-27,10.407249450683594,10.625162942421197,10.332106570795203,10.595105933788961,9413600
2019-08-28,10.595101356506348,10.670243487316316,10.3321021071332,10.3321021071332,8031900
2019-08-29,10.873130798339844,10.948272943337322,10.70781693276069,10.715331362245069,11275200
2019-08-30,10.985845565795898,11.121102444724503,10.93324598693056,10.96330299151297,10389800
2019-09-03,10.715331077575684,10.888158651432347,10.617645646720232,10.888158651432347,11341900
2019-09-04,10.850587844848633,10.895673706531289,10.775445697531486,10.865616704281338,8039500
2019-09-05,11.249369621276855,11.36330622519906,11.06707004085356,11.08985794115101,10269400
2019-09-06,11.279749870300293,11.386090480176614,11.218983600544947,11.226578840971058,8471500
2019-09-09,11.735499382019043,11.857031947301143,11.370901686172743,11.393688861065328,15609900
2019-09-10,12.160866737365723,12.198845129006616,11.781077025825692,11.803864205688505,16533900
2019-09-11,12.335566520690918,12.396332801136394,11.95577690571109,12.16845961166146,14678700
2019-09-12,12.343161582946777,12.457098169340595,12.008947064971402,12.176054686154664,11308900
2019-09-13,12.419119834899902,12.669780905382698,12.38114000677687,12.53305642170439,9920900
2019-09-16,12.487482070922852,12.510268519003752,12.236821000556803,12.236821000556803,7587600
2019-09-17,12.35075855255127,12.40392886727184,12.153267777315994,12.365950484980694,8389200
2019-09-18,12.419119834899902,12.495078042363662,12.176054730041713,12.23682100625626,12906000
2019-09-19,12.24441909790039,12.449504410244861,12.236823130956882,12.381142156535851,8220600
2019-09-20,12.122884750366211,12.335566735631241,12.107692817794529,12.282396420412788,14487000
2019-09-23,12.191243171691895,12.267201366440236,11.978561964935011,11.993753169250061,6054900
2019-09-24,12.039329528808594,12.214032381415182,11.95577536070013,12.16845803916612,8465500
2019-09-25,12.1836519241333,12.25201272408291,12.03933146027868,12.084905809839237,5653000
2019-09-26,12.069714546203613,12.198842352294959,12.054522613492148,12.145672036587273,6678000
2019-09-27,12.122884750366211,12.373546567060444,12.046926536290234,12.16845982369004,7700700
2019-09-30,12.016541481018066,12.191244331410802,12.008946240333543,12.13807402466364,7161900
2019-10-01,11.720307350158691,12.214033543028906,11.644349139998114,12.115288159576627,11021400
2019-10-02,11.515219688415527,11.68992326793487,11.446857449664094,11.606369098620398,8322800
2019-10-03,11.568390846252441,11.575986812091852,11.218985110333646,11.45445425622598,11667000
2019-10-04,11.689924240112305,11.70511544754758,11.469646299366957,11.575986924587427,9279700
2019-10-07,11.682326316833496,11.84183795232932,11.629156013131908,11.689922281474026,6924500
2019-10-08,11.31013298034668,11.492431789212487,11.30253701554617,11.446856724800497,10580000
2019-10-09,11.325325012207031,11.424070388648001,11.249367531830911,11.416474423293051,10402800
2019-10-10,11.477242469787598,11.560796652813115,11.38609304462532,11.41647618634608,10244000
2019-10-11,11.720307350158691,11.887414253486075,11.705115418370104,11.765881696742094,9809600
2019-10-14,11.689924240112305,11.735498586809312,11.575986924587427,11.613966029762386,6940100
2019-10-15,11.85703182220459,11.948181245204502,11.667137009856969,11.743095224552507,8491300
2019-10-16,11.796266555786133,11.993757351484218,11.765883412170373,11.910203887638698,7695000
2019-10-17,11.80385971069336,11.917796291010939,11.735497472746365,11.90260508501778,7941700
2019-10-18,11.97856616973877,12.039332457111655,11.765883439542378,11.803862550248255,14813500
2019-10-21,12.206438064575195,12.252012412978523,12.115288643377333,12.115288643377333,8952200
2019-10-22,12.320375442504883,12.517866229839505,11.667137520234116,11.993756843565127,18679000
2019-10-23,12.365950584411621,12.419120899559717,12.214034156460688,12.297588336711945,7876300
2019-10-24,12.28999137878418,12.41911989748865,12.206437205274725,12.373545552293635,6594900
2019-10-25,12.457098960876465,12.472290893036229,12.244417705769315,12.252012223066806,6814900
2019-10-28,12.548246383666992,12.722949219268655,12.449500294826347,12.563438312532027,9964300
2019-10-29,12.510269165039062,12.60901527442994,12.457098851728151,12.464694817741478,8535800
2019-10-30,12.358352661132812,12.47988520473534,12.267202529039817,12.47988520473534,7243400
2019-10-31,12.229226112365723,12.358354641735875,12.024139368875051,12.252012562454176,8206100
2019-11-01,12.571032524108887,12.571032524108887,12.305181019311705,12.38873372848423,8110600
2019-11-04,12.905248641967773,12.912844606766788,12.65458759872888,12.65458759872888,10327100
2019-11-05,13.064763069152832,13.178699661573448,12.935634544734166,12.935634544734166,8383600
2019-11-06,12.958420753479004,13.064762826709579,12.844484163172712,12.950824787620936,7188100
2019-11-07,12.844483375549316,13.148314747329277,12.829291444764753,13.10274040375785,14247800
2019-11-08,12.821695327758789,12.874867084876017,12.738142606996206,12.829291293061251,6690700
2019-11-11,12.73814582824707,12.791316150027884,12.65459163757287,12.65459163757287,7260500
2019-11-12,12.677376747131348,12.814101229473662,12.58622660930904,12.669780781580963,10035500
2019-11-13,12.464695930480957,12.555846081995599,12.381141745657747,12.495079797246673,7586000
2019-11-14,12.487482070922852,12.510268519003752,12.350757587308225,12.419119829115537,8075300
2019-11-15,12.548246383666992,12.639395059293044,12.517862525936923,12.55584234809951,8153100
2019-11-18,12.59382438659668,12.59382438659668,12.45709988458529,12.533058102234117,9655100
2019-11-19,12.548246383666992,12.684970845888147,12.49507608142145,12.639395059293044,5927000
2019-11-20,12.464695930480957,12.586228499978805,12.350759327674538,12.495079797246673,7018500
2019-11-21,12.525461196899414,12.571035544560248,12.373546221769173,12.540653129047156,6462800
2019-11-22,12.662186622619629,12.760931291298515,12.563441953940744,12.593824371694826,5918400
2019-11-25,12.791314125061035,12.791314125061033,12.631801736188065,12.684973498333974,7250700
2019-11-26,12.601421356201172,12.768528289302823,12.601421356201172,12.72295393459921,8049800
2019-11-27,12.71535587310791,12.75333570309108,12.639397661923946,12.68497345790375,5238300
2019-11-29,12.639398574829102,12.753336624225634,12.631802608283834,12.730548724589832,3348200
2019-12-02,12.616608619689941,12.783715490924152,12.586224761948044,12.692565366480533,7290700
2019-12-03,12.472289085388184,12.510267461500879,12.22922400118969,12.403926849359584,9932300
2019-12-04,12.669777870178223,12.745736059445244,12.495075049011444,12.540649383058874,9094700
2019-12-05,12.788618087768555,12.834619900800243,12.711947424468226,12.750282024932757,11004900
2019-12-06,13.0646333694458,13.095300760814315,12.949626630292425,12.980295484032375,9920000
2019-12-09,13.087634086608887,13.148970334244494,12.995630446341224,13.018630625222391,8621800
2019-12-10,13.033964157104492,13.164303857170392,13.00329530420833,13.064633010000653,9382000
2019-12-11,12.911293983459473,13.125971605080224,12.911293983459473,13.010964848486315,8461300
2019-12-12,13.355982780456543,13.37898442526047,12.918961765784001,12.934296195653285,10356800
2019-12-13,13.164306640625,13.409651666184354,13.07230152485439,13.325313765258937,8754400
2019-12-16,13.217977523803711,13.447989614091503,13.20264309197681,13.371318917328905,9052200
2019-12-17,13.3636474609375,13.3636474609375,13.18730593799957,13.248642183472391,9671600
2019-12-18,13.286980628967285,13.432654802460133,13.271646197573961,13.41732037106681,10374500
2019-12-19,13.2639741897583,13.33297764372625,13.179637772308512,13.286975828538063,7615400
2019-12-20,13.225639343261719,13.378980674219074,13.187304741708035,13.332977397509081,17360800
2019-12-23,13.164306640625,13.248644541550417,13.118304813925548,13.240977326705226,7879600
2019-12-24,13.187308311462402,13.202641278811665,13.118304840089746,13.179641096601918,3147700
2019-12-26,13.233306884765625,13.248641310716534,13.156636217382427,13.210305245839262,4234100
2019-12-27,13.156636238098145,13.286975934143404,13.102967209556807,13.286975934143404,6065200
2019-12-30,13.125968933105469,13.263974380656236,13.102967293994663,13.240974203916789,5555800
2019-12-31,13.156636238098145,13.202638053651958,13.079965570594226,13.141301812123091,6545100
2020-01-02,13.102965354919434,13.263972417753973,13.041629122072303,13.233305032515979,8972200
2020-01-03,12.857625961303711,12.941962403810212,12.750286410811785,12.895960574954687,8382600
2020-01-06,12.71195125579834,12.727285685554392,12.604613172249381,12.704284040920312,7579200
2020-01-07,12.535608291625977,12.673615219174065,12.481939255884285,12.650613577125535,9229600
2020-01-08,12.61227798461914,12.711948834303806,12.53560731281555,12.550941739650554,7741800
2020-01-09,12.688944816589355,12.711946452532164,12.60460840954137,12.711946452532164,7596500
2020-01-10,12.535608291625977,12.711949826883403,12.489606469900462,12.688948184834873,6160400
2020-01-13,12.604610443115234,12.612277656333166,12.497270920435582,12.573941590243507,6571100
2020-01-14,12.64294719696045,12.719617879807396,12.573943728635358,12.604612586722796,10616300
2020-01-15,12.504938125610352,12.59694322179496,12.405267278584134,12.504938125610352,12849500
2020-01-16,12.765616416931152,12.780950842025668,12.566273277816245,12.596942128005278,14894600
2020-01-17,12.56627368927002,12.842287500523677,12.420601033216201,12.803952898903475,17323400
2020-01-21,12.458937644958496,12.558608502674682,12.35926678724231,12.489606501099814,10804400
2020-01-22,12.435937881469727,12.512608571033622,12.40527048306723,12.512608571033622,8446500
2020-01-23,12.397600173950195,12.420601813790645,12.228925137715404,12.382265747389894,7058400
2020-01-24,12.05258560180664,12.397602213119322,11.95291400632772,12.366933354954279,6501900
2020-01-27,11.845575332641602,11.922246016564987,11.745903736015531,11.77657186334772,13732500
2020-01-28,11.906911849975586,12.075586919616553,11.853242808756761,11.93757997798432,10869700
2020-01-29,11.807236671447754,12.021914233609078,11.77656855273694,11.93757635876512,8072400
2020-01-30,11.968247413635254,12.00658275422495,11.592562684464982,11.676899848813672,13677100
2020-01-31,11.937577247619629,11.952911673709629,11.776569429603043,11.80723755059736,24895900
2020-02-03,12.159920692443848,12.228924143986536,12.029581002015577,12.044915427329794,11277300
2020-02-04,12.466604232788086,12.504938838667613,12.282595492297704,12.343931739127832,18884900
2020-02-05,12.7042818069458,12.788619693402058,12.558607674622664,12.604610955801414,8967100
2020-02-06,12.535608291625977,12.85762396844767,12.512606649577446,12.819287898366786,10912400
2020-02-07,12.512605667114258,12.527940093942584,12.389933177230505,12.435934995344056,6312700
2020-02-10,12.481938362121582,12.49727132668448,12.366931622485474,12.458936721720072,8848600
2020-02-11,12.581612586975098,12.719619541656217,12.512609109634537,12.535610756205335,6629600
2020-02-12,12.627612113952637,12.811620865832806,12.543275683323122,12.681282612826141,5081900
2020-02-13,12.72728157043457,12.734948782833552,12.504936797977791,12.566273034798414,4604400
2020-02-14,12.681282997131348,12.711950392188298,12.589277887217273,12.688948749116877,5911600
2020-02-18,12.504938125610352,12.66594667834057,12.374598425732133,12.589276008581962,9830000
2020-02-19,12.596944808959961,12.635279417483579,12.52794134372019,12.581610380601884,5140500
2020-02-20,12.681282997131348,12.796288287745233,12.52794163473176,12.52794163473176,9131300
2020-02-21,12.52027416229248,12.61227927031004,12.405268874049215,12.589277627712756,12312700
2020-02-24,12.060250282287598,12.190589985261388,12.044916586683117,12.067917495682694,10858700
2020-02-25,11.33954906463623,12.083251948277438,11.270545606304426,12.060250308043026,15818400
2020-02-26,11.17854118347168,11.61556210915761,11.155540274537081,11.454554284243997,11377700
2020-02-27,10.618847846984863,11.117205020967752,10.572845297590177,10.879526522935691,15071800
2020-02-28,10.365835189819336,10.626513854115156,10.097488581250568,10.319832642481435,28618400
2020-03-02,11.124873161315918,11.14020685826793,10.2738314104988,10.450173678154496,23705400
2020-03-03,10.802858352661133,11.324217252379178,10.710853969978979,11.078871500707596,32399400
2020-03-04,11.155539512634277,11.209208540211415,10.772187644373206,10.94852915280418,20535200
2020-03-05,10.702189445495605,10.926927637865894,10.609193668806851,10.717688248904489,24354300
2020-03-06,10.058971405029297,10.492948940190155,9.865231579147604,10.128717860596112,21487800
2020-03-09,8.113824844360352,9.067024518650438,7.943333575319456,8.873284675349963,23502700
2020-03-10,8.888786315917969,8.919784668601402,8.14482511245655,8.555553470276795,17013400
2020-03-11,8.284314155578613,8.718291665912083,8.090574340780567,8.563299961885395,25918700
2020-03-12,7.331116676330566,8.044079453745637,7.129627035091754,7.579103472280521,18790100
2020-03-13,7.734094619750977,8.199070565144027,7.424111148861537,8.044078829699307,28002000
2020-03-16,6.439913272857666,6.79639464489042,6.300420337131267,6.60265478485216,20294300
2020-03-17,6.881639003753662,7.183873411354924,6.137678010400325,6.56390579371734,23497600
2020-03-18,5.703701496124268,6.742146878833244,5.649454203109165,6.416663859801531,18007800
2020-03-19,6.41666316986084,6.556156088463953,5.378217898808908,5.626205022247122,15534000
2020-03-20,6.401163101196289,6.788642697069304,6.098928750354213,6.50965691504318,23045600
2020-03-23,5.982686519622803,6.47091140916003,5.889691478534495,6.300420130968688,17459500
2020-03-24,6.858391761779785,7.013383511508247,6.3391688458952204,6.43991366798346,15558100
2020-03-25,6.765395641326904,7.129626789632858,6.610403899194241,7.01338316779809,18087500
2020-03-26,7.633350372314453,7.726345411465247,6.835141659583776,6.858390973665631,17779900
2020-03-27,7.493856906890869,7.82708966092221,7.145125350308138,7.160624152859528,12732600
2020-03-30,7.362114429473877,7.5248559358982865,7.083129306628698,7.393112776456674,11634200
2020-03-31,6.951384544372559,7.323364622396875,6.85838952486648,7.261367942726156,15360200
2020-04-01,6.432162284851074,6.695648562931005,6.2461722317565735,6.4786594285953125,14045200
2020-04-02,6.501909255981445,6.773144586857479,6.222923415120706,6.331417990906419,14036000
2020-04-03,6.253922939300537,6.5406578661086,6.122180134477809,6.478661165126261,14772800
2020-04-06,6.881639003753662,6.959134494046601,6.509658137547586,6.672399627939217,15990700
2020-04-07,7.27686882019043,7.695346854443814,7.222621161209849,7.493857238936185,14330800
2020-04-08,7.834839344024658,7.912335580400792,7.385362946784404,7.408612261132574,10880200
2020-04-09,8.532301902770996,8.695043382136557,8.106074148331787,8.137072490160524,16772700
2020-04-13,8.268817901611328,8.578801405143752,8.044079676785579,8.532304249143374,11637000
2020-04-14,7.842587471008301,8.509052155672258,7.664347199399778,8.408308104190144,16539500
2020-04-15,7.199372291564941,7.4783573899392675,7.1761237181317865,7.3543640128840115,13275000
2020-04-16,6.858391761779785,7.168375261236707,6.7808955173860745,7.145126683542178,15716100
2020-04-17,7.377613067626953,7.524855012971224,6.796393578692179,6.982383637777195,16877000
2020-04-20,7.284616947174072,7.555852991199615,6.9048870767853225,7.137375008941679,11453000
2020-04-21,6.881639003753662,7.199372213789985,6.8041427744019085,6.9978826087224775,15522000
2020-04-22,7.044380187988281,7.207121671306976,6.990133273234977,7.09087733233146,11047700
2020-04-23,7.3001179695129395,7.3776142089835135,7.098628338136578,7.121876914354185,12417400
2020-04-24,7.586852073669434,7.749593568163214,7.284617658449887,7.377613431639621,16855700
2020-04-27,8.121572494506836,8.199068714264438,7.517104493197199,7.67209619365368,14233000
2020-04-28,8.284314155578613,8.671793785174707,8.21456844306066,8.524551851114037,11182800
2020-04-29,8.726040840148926,8.88103253359429,8.532301038577549,8.67179319314903,11712000
2020-04-30,8.330812454223633,8.516802508385682,8.175820742421925,8.416057710949877,9886400
2020-05-01,7.881338596343994,8.082828254512357,7.7805937672598136,8.05182990241407,6817500
2020-05-04,7.873585224151611,7.896833792832508,7.586850413558301,7.69534496583361,6483200
2020-05-05,7.734094619750977,8.199070565144027,7.695347240183965,8.106075523877195,8155700
2020-05-06,7.478357791900635,7.91233537397913,7.455109217217871,7.8425889108719735,8734600
2020-05-07,7.633350372314453,7.889086914743855,7.571353679547258,7.6023520259308555,9976700
2020-05-08,7.9975810050964355,8.044078895640462,7.757343997952505,7.881337387324714,7561600
2020-05-11,7.602351188659668,7.858087702923991,7.4861068482293796,7.858087702923991,10962000
2020-05-12,7.222620964050293,7.780591907509875,7.222620964050293,7.679847102506143,10209900
2020-05-13,6.912638187408447,7.207122860035854,6.75764644893584,7.160624968964619,14005600
2020-05-14,7.238120079040527,7.34661390952371,6.517407683704911,6.687898938968358,16513000
2020-05-15,7.121875286102295,7.261368189633941,6.982383121629394,7.1296250560893295,9178000
2020-05-18,7.7728424072265625,7.834839098763174,7.455109178336713,7.509356098666533,10766400
2020-05-19,7.470608234405518,7.772841901206041,7.431860119952964,7.648848526204922,9639400
2020-05-20,7.788341522216797,7.8425884395695515,7.625600031099712,7.641098833603862,9019100
2020-05-21,7.703094959259033,7.966581234119227,7.679846387671006,7.749592841493853,7991500
2020-05-22,7.710846900939941,7.858089620266518,7.56360492067234,7.734095479075043,6788200
2020-05-26,8.493553161621094,8.671793429169766,8.075075208399527,8.129322117817173,13327600
2020-05-27,9.284010887145996,9.299510425937395,8.795787240155928,8.997276071033301,15820400
2020-05-28,8.912033081054688,9.470004054805031,8.873284963325284,9.423506165717972,12227400
2020-05-29,8.764789581298828,8.91203151594158,8.58654856666945,8.679543589453095,19646300
2020-06-01,8.896533012390137,9.012777358706163,8.726042486954094,8.795788946931944,8730400
2020-06-02,9.067024230957031,9.26076406811021,8.950780624288655,9.074774001817277,10844500
2020-06-03,9.539752960205078,9.679245185045682,9.299515160051104,9.377011415341821,11358900
2020-06-04,10.148003578186035,10.148003578186035,9.394555504540243,9.527978655491932,14367300
2020-06-05,10.461938858032227,11.18399321682147,10.344212913037953,10.987782809508813,14606200
2020-06-08,10.862207412719727,10.97208475312793,10.587512564732725,10.815116589342464,8903500
2020-06-09,10.563966751098633,10.705238462367241,10.22648466239393,10.375604968395947,10772500
2020-06-10,9.936095237731934,10.454090610545132,9.904701601454871,10.407000530371203,11739000
2020-06-11,8.94719409942627,9.473038040639066,8.892255425965715,9.119859464066531,11101700
2020-06-12,9.339616775512695,9.535827218262824,8.93934804114985,9.535827218262824,11041600
2020-06-15,9.543671607971191,9.645701083036261,8.86085965805859,8.96288913312366,12572500
2020-06-16,9.873307228088379,10.163698529092946,9.598612369808864,10.116608452434516,11065700
2020-06-17,9.700642585754395,9.998882504454205,9.66140110179345,9.9360952319367,9980800
2020-06-18,9.700642585754395,9.967488868195453,9.473038535757608,9.551523000646153,9730400
2020-06-19,9.418100357055664,9.928247160336165,9.355313081220629,9.928247160336165,51155600
2020-06-22,9.480887413024902,9.64570419539054,9.284676993469779,9.35531286426696,7723000
2020-06-23,9.425945281982422,9.794820196705151,9.41024809489648,9.700639319638727,9601000
2020-06-24,8.853013038635254,9.300373259614522,8.845165191482357,9.261131029916934,9605400
2020-06-25,9.143404960632324,9.174798596821834,8.743136286336899,8.7902263663795,10895300
2020-06-26,8.358562469482422,8.923648612728204,8.319320989541907,8.868709942024882,14589700
2020-06-29,8.5233793258667,8.68819608831223,8.389956196816351,8.539076516805922,9390100
2020-06-30,8.72744083404541,8.805925314408796,8.413504409558822,8.437049454274447,14251800
2020-07-01,8.342865943908691,8.79022539741679,8.272230083147782,8.711741689836082,12519300
2020-07-02,8.31932258605957,8.750984936109308,8.264383156329858,8.570471698595185,13439800
2020-07-06,8.476287841796875,8.703891833219501,8.311471106733379,8.515530064142114,9382800
2020-07-07,8.107413291931152,8.382108138578412,8.091716849870783,8.35071450597443,9078700
2020-07-08,8.11526107788086,8.232987001284355,7.934747147047909,8.083867448407716,9510300
2020-07-09,7.714993476867676,8.130959348113864,7.683599840329912,8.076020671293612,10371200
2020-07-10,8.076019287109375,8.091716476929514,7.691447118314454,7.714992154561456,10660900
2020-07-13,8.225138664245605,8.342865339817164,7.966141025864644,8.248684448449831,9936600
2020-07-14,8.01323127746582,8.217290235197453,7.90335320442191,8.170199418612023,10079800
2020-07-15,8.421351432800293,8.45274582065311,8.170202317844977,8.287929026842834,9049800
2020-07-16,8.476287841796875,8.625407388529021,8.240835256208575,8.311471106733379,9137100
2020-07-17,8.099565505981445,8.38995682370546,8.060324022667826,8.358563187964574,17500000
2020-07-20,8.028928756713867,8.185897666663422,7.981838682515588,8.005383719614727,8707400
2020-07-21,8.476287841796875,8.531226503990329,8.115260743490317,8.115260743490317,10967500
2020-07-22,8.476287841796875,8.546923692321679,8.350713329078618,8.382106957258182,9561900
2020-07-23,8.664650917053223,8.727438182877407,8.413501853756484,8.42134970062207,6922700
2020-07-24,8.570469856262207,8.798073877692039,8.523379033542861,8.71174157593701,6263400
2020-07-27,8.327169418334961,8.491986190445422,8.287927935652288,8.48413834299887,9275100
2020-07-28,8.272233009338379,8.374262538919787,8.23299076742499,8.272233009338379,9091200
2020-07-29,8.664650917053223,8.664650917053223,8.201594270237424,8.26438153606161,9914100
2020-07-30,8.43704605102539,8.444894645592539,8.201593453393164,8.350713756236283,5713900
2020-07-31,8.5233793258667,8.5233793258667,8.2957752966308,8.397804792285964,11041700
2020-08-03,8.444897651672363,8.586168661752557,8.389958218629037,8.531229977192673,6465600
2020-08-04,8.397806167602539,8.507684276722154,8.36641252906599,8.444896999649055,6312900
2020-08-05,8.578319549560547,8.617561033619472,8.476290044344015,8.523380124608057,5624900
2020-08-06,8.507682800292969,8.609712294951331,8.429198343330151,8.515531395685901,6168500
2020-08-07,8.83731460571289,8.845163199581586,8.382106640092015,8.405651673214997,7677400
2020-08-10,9.025678634643555,9.159101769990862,8.845165421222665,8.8530132685794,6380000
2020-08-11,9.363161087036133,9.661401002676275,9.30037381516277,9.30037381516277,10987100
2020-08-12,9.355313301086426,9.66140183933835,9.025679720963858,9.559372326587708,11644900
2020-08-13,9.119857788085938,9.214038674631855,9.064919124721607,9.174796451450268,6540500
2020-08-14,9.237586975097656,9.339615735298686,9.002134320324716,9.025679361257003,5124500
2020-08-17,9.159102439880371,9.229738310640291,9.0256792947746,9.119860206293376,9335600
2020-08-18,8.923648834228516,9.1591014621322,8.89225520040691,9.1591014621322,5079600
2020-08-19,8.962891578674316,9.08846612117682,8.845165632199047,8.9079529034503,5046900
2020-08-20,8.696044921875,8.86871028451763,8.688196326190498,8.829468054578403,5384600
2020-08-21,8.609712600708008,8.750983580381481,8.55477317948967,8.656802677771406,5334400
2020-08-24,9.057071685791016,9.057071685791016,8.633257268027194,8.703893129068371,5806100
2020-08-25,9.166949272155762,9.339613869136642,9.033526152726678,9.2140393446112,8049800
2020-08-26,8.931496620178223,9.16694922673849,8.923648025313465,9.127707000897912,5936500
2020-08-27,9.182645797729492,9.229736619100189,8.923648151398694,8.947193187842435,6175600
2020-08-28,9.190494537353516,9.253281801180506,9.127707273526527,9.221888169267011,4964800
2020-08-31,9.072769165039062,9.206191547547782,9.049223378287579,9.198343700447225,7327600
2020-09-01,9.12770938873291,9.198345264027859,8.923650359766036,8.986437638143013,5897400
2020-09-02,9.253284454345703,9.292526692610181,9.025680370591855,9.080619055072061,6862800
2020-09-03,9.16977596282959,9.63104825094891,9.122058558378333,9.360647855998025,7846700
2020-09-04,9.384507179260254,9.535613314628247,9.16182417402418,9.416319037151121,6025100
2020-09-08,9.042530059814453,9.257260691306593,8.970953182650407,9.20954252037903,7351300
2020-09-09,9.114106178283691,9.185683049489391,9.010717448592628,9.130011728299106,6218900
2020-09-10,8.939140319824219,9.376553930235701,8.931187165818399,9.193635938828896,6968100
2020-09-11,9.161825180053711,9.201589437942786,8.907329530526928,8.96300085678992,6161100
2020-09-14,9.591283798217773,9.607189346548653,9.217493931761474,9.257258940270349,6420700
2020-09-15,9.527660369873047,9.654908562686794,9.352695526856401,9.639002254164625,7992800
2020-09-16,9.615141868591309,9.798059833885128,9.464034997870463,9.527658703925217,8277100
2020-09-17,9.567425727844238,9.63900260186688,9.416319583705544,9.464036994084262,8007100
2020-09-18,9.4719877243042,9.591282736626908,9.39245847454343,9.479940876816586,12367600
2020-09-21,8.994811058044434,9.34474146868369,8.891422338014674,9.161823489099513,8490600
2020-09-22,8.780080795288086,9.122058823774257,8.732362630994054,8.986858243138073,8993700
2020-09-23,8.549444198608398,9.034575177764902,8.541491045231789,8.827798499154174,7301300
2020-09-24,8.55739688873291,8.780079862041983,8.438101869905099,8.597161895008847,6390500
2020-09-25,8.748266220092773,8.788031218238592,8.430147751834738,8.477865142846316,6619100
2020-09-28,9.153871536254883,9.169777086870198,8.931187760003981,8.986859083293988,9044400
2020-09-29,9.042530059814453,9.201589365482004,8.89937630548636,9.074341920947964,7784100
2020-09-30,9.16977596282959,9.312929693092299,9.026622991021348,9.122058558378333,9507000
2020-10-01,9.16977596282959,9.273164683746606,9.050481693246978,9.177729116389623,7672700
2020-10-02,9.503802299499512,9.567426020923165,8.986859373318687,9.018671234030514,8072300
2020-10-05,9.996885299682617,10.004838453503572,9.623096171551683,9.639001720739099,8103500
2020-10-06,9.85373306274414,10.338864105416185,9.798061740273575,10.15594610453239,9982500
2020-10-07,10.108230590820312,10.283196241685365,9.973029964032055,10.02870054266672,7868600
2020-10-08,10.370675086975098,10.378628240719905,10.076415224507588,10.203662650606567,10066200
2020-10-09,10.17185115814209,10.442252327507578,10.100274288785988,10.386581766210394,6694500
2020-10-12,10.299097061157227,10.32295576125219,10.1161790963385,10.163896496528428,5145200
2020-10-13,9.933263778686523,10.259335572777607,9.901451914835068,10.251383175655738,6629100
2020-10-14,9.742388725280762,10.012789839824926,9.742388725280762,9.933259832563339,7819800
2020-10-15,9.973027229309082,10.020745396807296,9.623096781988824,9.65490864083612,7103800
2020-10-16,9.917356491088867,10.036650770049336,9.758297199656731,9.973027053476482,6503400
2020-10-19,9.81396770477295,10.05255701975608,9.798061396495296,10.020745161655297,6513300
2020-10-20,10.291146278381348,10.633124345136547,10.08436956584652,10.140040131707291,16365500
2020-10-21,10.17185115814209,10.442252327507578,10.12413299241985,10.299098588795376,9093300
2020-10-22,10.975102424621582,10.991007975548289,10.132086988777909,10.195710709393893,15865600
2020-10-23,10.959197044372559,11.165974533132614,10.823996436987496,11.078492099482425,9295300
2020-10-26,10.617218017578125,10.831947869086868,10.553594301690014,10.808089165242457,9455600
2020-10-27,10.259333610534668,10.593358496315286,10.259333610534668,10.585406100714426,8385100
2020-10-28,10.12413215637207,10.2911445849263,10.012791042972218,10.044602898008526,9612100
2020-10-29,10.497922897338867,10.593358470406415,9.957121316622768,10.052556889690313,8177400
2020-10-30,10.577452659606934,10.617217670350149,10.33886335360214,10.45815762737729,7247900
2020-11-02,10.943289756774902,10.9751016147354,10.513829295080907,10.768324158764898,7507400
2020-11-03,11.158020973205566,11.253456558760417,11.022820370722542,11.18188043843524,8472900
2020-11-04,10.442252159118652,10.831947598823845,10.251381016216659,10.831947598823845,10892800
2020-11-05,10.87966537475586,11.118253915624964,10.47406364175122,10.47406364175122,10522900
2020-11-06,10.37862777709961,10.911476918927217,10.322956461827316,10.855805603654925,10748100
2020-11-09,12.104424476623535,12.406637525615572,11.317079614940921,11.325032769548372,22576700
2020-11-10,12.112374305725098,12.287339877734636,11.929456339248077,12.239622477112112,10973000
2020-11-11,11.826068878173828,12.160093751698815,11.643150892338685,12.136235048862599,8738700
2020-11-12,11.468184471130371,11.714726152307176,11.285265740090209,11.571573187204475,8837100
2020-11-13,11.84992790222168,11.905599221621232,11.587479888545749,11.611339350483203,6048300
2020-11-16,12.414590835571289,12.557744595224284,12.223719661670382,12.38277897325447,9783800
2020-11-17,12.422541618347168,12.446400320914668,12.072611199690753,12.183952317308737,9589100
2020-11-18,12.25553035736084,12.629320272842675,12.231671652508037,12.47026097639973,7031300
2020-11-19,12.295294761657715,12.31120031128636,11.953316722414922,12.144188627140268,5775800
2020-11-20,12.01694107055664,12.183953521950817,11.913552337936004,12.16804797148471,6150000
2020-11-23,12.239623069763184,12.358917335550213,12.152139900295214,12.215763609842222,5890300
2020-11-24,12.796333312988281,12.907674446398289,12.462308395849085,12.645226405568147,12374000
2020-11-25,12.525928497314453,12.637270357000821,12.414586637628085,12.629317204497287,6104400
2020-11-27,12.422541618347168,12.6849896219531,12.327106049622692,12.525930340745639,3711100
2020-11-30,12.14418888092041,12.692943627530145,12.120329418297073,12.684990473322365,12087700
2020-12-01,12.621363639831543,12.764516587948519,12.40663383842891,12.478209933260224,8931100
2020-12-02,12.859956741333008,12.891767842906752,12.414589942482031,12.510025522566975,9168800
2020-12-03,12.87199878692627,12.960327115745166,12.687309705358064,12.880028913471628,14249700
2020-12-04,12.984421730041504,13.128960991817078,12.847912597430186,12.992451859205762,16112100
2020-12-07,12.823820114135742,12.95229832311801,12.727460883052721,12.936239599963482,7397600
2020-12-08,12.807760238647461,12.928209855414247,12.663221770640481,12.743520749356554,8927000
2020-12-09,12.74351978302002,12.936239002074025,12.623070941181943,12.912148621070362,9757800
2020-12-10,12.727459907531738,12.759579648764198,12.526711333380103,12.63109991803932,10552500
2020-12-11,12.478533744812012,12.566862858784614,12.333994498497585,12.51868362054326,8628300
2020-12-14,12.165363311767578,12.703369552840908,12.101123829173304,12.703369552840908,8948800
2020-12-15,12.350054740905762,12.374144359998734,12.109156252590475,12.277785117831657,8566800
2020-12-16,12.526712417602539,12.55080203416315,12.309903571171734,12.36611293174486,9109200
2020-12-17,12.49459457397461,12.550803943096986,12.277785694567925,12.534743685750467,10842000
2020-12-18,12.253694534301758,12.542772238050896,12.125215554857697,12.478532748328865,15145100
2020-12-21,12.478533744812012,12.623072991126438,12.17339576136777,12.342024626802873,10235700
2020-12-22,12.390206336975098,12.574894718657243,12.382176207564058,12.53474483739734,6277600
2020-12-23,12.799729347229004,12.912148829677152,12.462472431474705,12.494592174203452,5870900
2020-12-24,12.807760238647461,12.863970366123342,12.598981515554458,12.855940238513199,2588200
2020-12-28,12.81579303741455,13.008512311250282,12.775643156790638,12.920182420718616,4884100
2020-12-29,12.647159576416016,12.847908141121032,12.607009710316012,12.847908141121032,4173000
2020-12-30,12.791703224182129,12.847912596738373,12.679283713274371,12.687313842438197,3726300
2020-12-31,12.944271087646484,12.960329812488618,12.663222726439372,12.767611330069832,4764700
2021-01-04,12.807760238647461,13.080779216826487,12.623071898384886,13.064718961606202,7872800
2021-01-05,13.048659324645996,13.193198565296525,12.783671227316798,12.82382110147474,7444800
2021-01-06,13.851651191711426,14.044369633196608,13.410004954756639,13.410004954756639,13449500
2021-01-07,14.18088150024414,14.397690363757203,14.004223277154047,14.020282001732909,9326900
2021-01-08,14.108613967895508,14.24512310236354,13.819535440412483,14.23709297309006,7526900
2021-01-11,14.357539176940918,14.397689815835909,13.77938376116547,13.931953125785897,9390700
2021-01-12,14.662679672241211,14.718889041874116,14.277242681966612,14.453900919611524,7801600
2021-01-13,14.582377433776855,14.654647048598529,14.33344961138564,14.574347306397758,8682400
2021-01-14,14.975845336914062,15.024024572336556,14.598438518189026,14.718887372540395,7244000
2021-01-15,14.638588905334473,14.847367652534988,14.510109911917295,14.70282840204306,9273200
2021-01-19,14.791152000427246,14.815242375804713,14.486014903594809,14.710852280758784,9750100
2021-01-20,14.574348449707031,14.775097055161922,14.437839336734092,14.742978074716103,7854900
2021-01-21,14.285269737243652,14.638586136517615,14.164819363556035,14.550257802494185,8286100
2021-01-22,14.24512004852295,14.630556981477406,14.14073145352745,14.317389664900688,7702600
2021-01-25,14.229058265686035,14.285269152514807,13.811502398945589,14.020279566520781,9305300
2021-01-26,14.253151893615723,14.477990897394603,14.188912397048957,14.405721272308192,8197400
2021-01-27,13.77135181427002,14.172848960642849,13.739232838987029,13.859681676580864,10037100
2021-01-28,14.14073371887207,14.237092201752194,13.835594949373911,13.939985092682928,10431800
2021-01-29,13.658935546875,14.221030733397509,13.562575540607813,14.092551746101488,11010100
2021-02-01,13.907862663269043,13.931953046468886,13.602725467355654,13.859683428459615,6484600
2021-02-02,14.261180877685547,14.397689988383961,13.964072272663014,14.108611511236663,6677900
2021-02-03,14.72691822052002,14.734948348748153,14.21300226664227,14.253151376192587,8066500
2021-02-04,15.240832328796387,15.353252578786286,14.767065541840141,14.807216178118736,8473600
2021-02-05,15.200688362121582,15.457646394798793,15.176597972211587,15.40143701659949,6505300
2021-02-08,15.690512657165527,15.698541254054817,15.256894908804531,15.28098529424361,6693600
2021-02-09,15.698541641235352,15.706571769913095,15.457643907264805,15.602183160283309,6400900
2021-02-10,15.642329216003418,15.899287157126984,15.545970753877151,15.754749463937584,7591600
2021-02-11,15.52991008758545,15.746718919001909,15.248861772592642,15.618239951849214,5560500
2021-02-12,15.706576347351074,15.891266297583316,15.449618281138596,15.505827666673715,5460400
2021-02-16,16.23654556274414,16.316845305828338,15.875199016250567,15.907317994530121,8479400
2021-02-17,16.075944900512695,16.437291386145088,15.971554792608485,16.17230335071202,6377100
2021-02-18,15.786870956420898,15.971559314584784,15.586122341480053,15.883230965492274,6136700
2021-02-19,16.356998443603516,16.397147555487965,15.899290297532387,15.899290297532387,8363400
2021-02-22,16.630014419555664,16.8307630332051,16.284728090614554,16.292758218951377,11219100
2021-02-23,17.0716609954834,17.087721250940593,16.646073415409255,16.7906126513435,12472000
2021-02-24,17.83450698852539,17.922836873033514,17.119842378495523,17.119842378495523,11766600
2021-02-25,17.119840621948242,18.155704148782945,17.04757100232767,18.09146465707469,11435000
2021-02-26,16.56577491760254,17.08772253814757,16.453356184114256,16.94318329132528,12723700
2021-03-01,17.119840621948242,17.240289477452436,16.903031763086517,16.967271254794774,7944800
2021-03-02,16.951215744018555,17.208173759563355,16.92712535571476,17.11984386737336,7403500
2021-03-03,16.854854583740234,17.441040208550024,16.846824454848125,17.18408221036439,11910000
2021-03-04,16.389698028564453,17.020693861327008,16.074200883675474,16.826540110488846,16952500
2021-03-05,16.91551971435547,16.94787917299405,15.985206880271079,16.769905236449684,15265900
2021-03-08,17.247203826904297,17.67595757933486,16.931706685163352,17.150128495438423,13417600
2021-03-09,17.004514694213867,17.263384313351892,16.60003052856454,17.028782756642656,9513300
2021-03-10,17.400909423828125,17.4170891611725,16.923617973061816,17.020694854143386,8383100
2021-03-11,17.344280242919922,17.554612179516027,17.182485970773833,17.295741035485374,6163600
2021-03-12,17.68404769897461,17.732585365397895,17.433266412654334,17.58697082314344,7792600
2021-03-15,17.360458374023438,17.611239649256706,17.214845381191108,17.546522249225273,10244700
2021-03-16,16.93979263305664,17.239109969290052,16.76181866158186,17.214841913532013,11756600
2021-03-17,17.142038345336914,17.34428041604599,16.907436802681804,17.142038345336914,9633900
2021-03-18,17.360458374023438,17.95909625304486,17.303830841869,17.44944537768586,10846900
2021-03-19,17.053050994873047,17.33619019672457,16.648566861652164,17.004513330922205,35973000
2021-03-22,16.535310745239258,16.955973044335575,16.40587595428894,16.931704985397655,9712400
2021-03-23,16.2278995513916,16.59193581128429,16.122734377969373,16.357334323134737,9890500
2021-03-24,16.114648818969727,16.705195315761493,16.114648818969727,16.46250543962325,7892600
2021-03-25,16.794178009033203,16.850805529384598,15.904312786839897,16.098464946466475,7907200
2021-03-26,16.98833465576172,17.101589726378386,16.680927374237356,17.05305205939762,6685400
2021-03-29,16.438230514526367,16.729459506022685,16.227898636555036,16.69710004341905,7028900
2021-03-30,16.91551971435547,17.0692240569209,16.65665021718248,16.680919811161417,7129800
2021-03-31,16.713285446166992,17.0530522038803,16.689015840978676,16.86698985972375,9146800
2021-04-01,17.03687286376953,17.07732220669187,16.65665829820752,16.6971060981452,8297600
2021-04-05,16.98024559020996,17.384729767803293,16.891258577384328,17.255294954412204,8978200
2021-04-06,17.053050994873047,17.133948130114128,16.858898796085164,16.923616195681124,6360600
2021-04-07,17.08540916442871,17.190574352140434,16.947884507892212,17.028780093985354,4987000
2021-04-08,17.02878189086914,17.07732109922818,16.67283695414355,17.00451382967418,5412400
2021-04-09,17.174396514892578,17.24720378480656,16.980244309450157,17.190576251092256,6675600
2021-04-12,17.32809829711914,17.39281568912675,17.174393912481943,17.35236789774112,6555800
2021-04-13,16.858901977539062,17.231026709693598,16.745646892619824,17.19866877528159,9252700
2021-04-14,17.174396514892578,17.328100922820376,16.769912367808054,16.810361708307248,9291900
2021-04-15,16.96406364440918,17.19866517750555,16.624296917742203,17.174395574534877,9283100
2021-04-16,17.150129318237305,17.279564128391314,17.004514771067882,17.19057711779119,5956700
2021-04-19,16.90743637084961,17.239113234902383,16.875078442714575,17.150127775292656,6321600
2021-04-20,16.179363250732422,16.84271689713496,16.09037625909841,16.75372990550095,9068200
2021-04-21,16.624296188354492,16.632386055656443,15.944762764834934,16.033749762171958,6896300
2021-04-22,16.41396713256836,16.802271536432908,16.38969752870762,16.753732328711433,8567600
2021-04-23,16.689014434814453,16.7860913044037,15.443204123490164,15.443204123490164,11971500
2021-04-26,17.07732391357422,17.263386280659965,16.778004917970563,16.826542591344058,8653800
2021-04-27,17.174396514892578,17.23911391670672,16.955974705150638,17.1582167786929,6626000
2021-04-28,17.32000732421875,17.41708417752317,17.198662414826405,17.23102033727172,7530100
2021-04-29,17.75684928894043,17.773027477249048,17.449440566315175,17.546517411087386,7674500
2021-04-30,17.635509490966797,17.86202118544518,17.481806614734552,17.54652402130199,8753100
2021-05-03,17.635509490966797,17.94291832940065,17.44944713995849,17.84584144805715,6154100
2021-05-04,18.056169509887695,18.072349243785272,17.368546249084265,17.522250635142527,8167200
2021-05-05,18.193693161010742,18.39593519464979,17.87819608228879,18.08043811592784,5449500
2021-05-06,18.34739875793457,18.363578492017183,17.99954219008024,18.282681364588488,5657300
2021-05-07,18.51728057861328,18.533460312033373,17.9429139290587,17.975271852914585,5183900
2021-05-10,18.323129653930664,18.81660075594801,18.323129653930664,18.68716596574418,6131500
2021-05-11,18.15324592590332,18.606267663055142,17.983361810106192,18.169424116420508,7200300
2021-05-12,17.708314895629883,18.46874549970857,17.659777231577696,18.37166862861968,6789700
2021-05-13,18.250320434570312,18.379755210894736,17.59505668655489,17.643594341930488,7776900
2021-05-14,18.808513641357422,18.857051309041356,18.282684536325,18.298864273214523,8138400
2021-05-17,18.929859161376953,18.95412876745397,18.5820025225298,18.703349009930196,6069400
2021-05-18,18.50919532775879,19.018846256699245,18.48492726456094,18.921769374953787,6208600
2021-05-19,18.339313507080078,18.3635831143129,17.9429191801859,18.28268596652159,5702900
2021-05-20,18.21796226501465,18.412114426869312,18.048078159026677,18.30694770816623,4270500
2021-05-21,18.41211700439453,18.630538795677133,18.27459234428894,18.339309740633663,6461900
2021-05-24,18.50110626220703,18.606271465490043,18.363581585307937,18.50919458762642,4063600
2021-05-25,18.16942596435547,18.784242013083993,18.153247772192866,18.533462290242248,5569200
2021-05-26,18.4687442779541,18.501103747171246,18.145157300704756,18.290771826213067,5005700
2021-05-27,18.905588150024414,18.92985620933223,18.62244896188585,18.751883754809004,8693800
2021-05-28,18.937946319580078,18.978394114268006,18.573909995450858,18.946036187114554,7593700
2021-06-01,19.10782814025879,19.261530975866236,19.026931017685026,19.21299331951569,4862400
2021-06-02,18.808513641357422,19.13210066422471,18.62245129608181,19.10783260187506,8820400
2021-06-03,18.682279586791992,19.09762250935003,18.61712784717544,18.71485467993027,9401100
2021-06-04,18.429819107055664,18.633418530282857,18.25879633714818,18.633418530282857,8759500
2021-06-07,18.332090377807617,18.478682196064533,18.20178688454373,18.446105546078478,6187200
2021-06-08,18.19364356994629,18.258795319614574,17.729437159392226,18.120347657401936,10307200
2021-06-09,17.835308074951172,18.055195811411146,17.794588814128314,18.055195811411146,5509500
2021-06-10,17.33852195739746,18.17735031263284,17.31408947539786,18.12848690197345,6833200
2021-06-11,17.525835037231445,17.61541770833419,17.35481074996257,17.419962489555473,5695000
2021-06-14,17.24894142150879,17.574700150934703,17.094205442528924,17.48511591784002,6615700
2021-06-15,17.34666633605957,17.550265713493793,17.110491865972666,17.273370435916053,6459600
2021-06-16,17.42810821533203,17.60727668029776,16.955757672555354,17.183789558266216,7344900
2021-06-17,16.141357421875,17.623560551753588,16.10063817017763,17.582841300056216,15610300
2021-06-18,15.742303848266602,15.994766642106578,15.603856209062746,15.77488049435691,14896400
2021-06-21,16.17393684387207,16.271663686066862,15.86446488579488,15.913329860232425,6617700
2021-06-22,16.19021987915039,16.320524894240062,15.937757116177476,16.141356469329136,5417000
2021-06-23,16.304241180419922,16.45083300464723,16.230945268306268,16.271664529107085,4119900
2021-06-24,16.548555374145508,16.638139587675607,16.239085037112154,16.3856768216742,5243700
2021-06-25,16.776592254638672,16.866174941757418,16.57299283784291,16.678863851106986,7740700
2021-06-28,16.564847946166992,16.687007280203225,16.40196779855854,16.687007280203225,6225300
2021-06-29,16.33681297302246,16.849884254010128,16.279805398099366,16.784732517906605,6591500
2021-06-30,16.434539794921875,16.49154736443742,16.271659693443375,16.28794801425918,6498900
2021-07-01,16.638145446777344,16.703297201376937,16.45083434647106,16.621857119792356,4718700
2021-07-02,16.499696731567383,16.678863657060678,16.377537393579217,16.605567743599725,4125900
2021-07-06,15.945902824401855,16.4182533074261,15.921470340449932,16.36124573154489,7910700
2021-07-07,15.823742866516113,15.986621426205256,15.677151075457969,15.823742866516113,6788600
2021-07-08,15.449122428894043,15.75859439710281,15.326963095481194,15.408403168869826,10783700
2021-07-09,16.182083129882812,16.19022574001749,15.693444194763416,15.815603540208176,8324500
2021-07-12,16.312381744384766,16.377533479296332,15.807454633815212,15.962190586732639,5436100
2021-07-13,16.05992317199707,16.3449626969613,15.921475491491043,16.20651501645527,7071300
2021-07-14,15.880753517150879,16.353104072450478,15.636434853607707,16.05992043352653,9286300
2021-07-15,16.06806182861328,16.206509461666315,15.644574768293419,15.726014826561071,10422800
2021-07-16,15.481697082519531,16.214654541788768,15.424689504503256,16.198366218544116,8739800
2021-07-19,14.77316951751709,15.172224088952415,14.675442691590831,15.074497263026156,10147200
2021-07-20,15.400260925292969,15.587572030090367,14.675447443826275,14.789462628774189,8121200
2021-07-21,15.669005393981934,15.905181379621958,15.522413617148779,15.546846097734214,8446200
2021-07-22,15.44097900390625,15.750450986899887,15.359540479967134,15.685299235744427,10334600
2021-07-23,15.5549955368042,16.05992121354122,15.449122971677232,15.620147287136081,8420900
2021-07-26,15.750447273254395,15.897039067125785,15.59571131824127,15.709728020885633,5664200
2021-07-27,15.791170120239258,15.840035098213018,15.449123041124242,15.530563117740249,4869200
2021-07-28,15.807454109191895,16.002909307439758,15.506127927728876,15.872605841941182,6322600
2021-07-29,15.905181884765625,16.10878123609132,15.783021031298386,15.994764543077881,5580500
2021-07-30,15.677152633666992,16.04363214773808,15.62014505444261,15.79116779211576,7369100
2021-08-02,15.563136100769043,16.198365131272336,15.563136100769043,15.783022236452547,5606400
2021-08-03,15.978475570678711,16.019194813989188,15.326956804334126,15.734155450797155,5918800
2021-08-04,15.701587677001953,15.986625619559485,15.64457853515016,15.685299350758584,4527900
2021-08-05,15.913326263427734,15.970333834046269,15.791165408285389,15.848172978903923,5295100
2021-08-06,16.255374908447266,16.434543369713747,16.108784649238473,16.173936393333527,5425900
2021-08-09,16.198368072509766,16.426399964013992,15.986624506114453,16.14950465052321,4779500
2021-08-10,16.442686080932617,16.491549496357003,16.100639066281985,16.133214158784916,6795500
2021-08-11,16.792875289916992,16.86616962779784,16.32866746107301,16.499691725034435,7003500
2021-08-12,16.931325912475586,16.939468521085573,16.621853971733987,16.792878266004884,6364800
2021-08-13,16.695146560668945,17.02090520728234,16.63813899167907,16.980185958958074,5739100
2021-08-16,16.556699752807617,16.678859057104784,16.361244555264182,16.54855559207583,4158000
2021-08-17,16.23908805847168,16.50783919572459,16.043632827136847,16.369391546028236,4183100
2021-08-18,16.133214950561523,16.4589736582781,16.084351532739046,16.173935759863625,4296600
2021-08-19,16.019195556640625,16.157643164990084,15.823740383677798,15.897036267706312,11049400
2021-08-20,16.312381744384766,16.320525905416197,15.92146978157548,16.019198160612774,10723200
2021-08-23,16.572988510131836,16.662571173857827,16.36938914650206,16.467115971174024,8818000
2021-08-24,16.78473472595215,16.80916565936743,16.581135329677483,16.589279491929286,7441500
2021-08-25,17.04534149169922,17.25708504758034,16.776590354107814,16.866173031078215,7007500
2021-08-26,16.735868453979492,17.151211376556006,16.638141621220313,17.110492121796348,6823500
2021-08-27,17.037193298339844,17.167496755229116,16.74400974366911,16.784730544784342,7228500
2021-08-30,16.564847946166992,17.061630998366578,16.556703783452548,17.029054347508804,6570200
2021-08-31,16.638145446777344,16.80916822009864,16.524130264563144,16.57299369217775,8323700
2021-09-01,16.39382553100586,16.670720881945805,16.287954510159594,16.63000161700656,10166200
2021-09-02,16.459529876708984,16.582729631694075,16.344542081029005,16.434889299084016,5763600
2021-09-03,16.18848419189453,16.50880535498526,16.08171151524395,16.426671683255087,7441100
2021-09-07,16.16385269165039,16.508813019822327,16.155639164006985,16.18849170801039,5723500
2021-09-08,16.007789611816406,16.11456384332686,15.818883284152452,15.99136256595798,6932800
2021-09-09,16.147424697875977,16.36097170448252,15.925664164103397,15.991370814861556,5652400
2021-09-10,16.016008377075195,16.328114517696704,15.999581325839896,16.270621404942993,10883300
2021-09-13,16.33633041381836,16.385611574675256,16.08171734900461,16.22134417162571,13102000
2021-09-14,15.97494125366211,16.43488769168784,15.884594044443409,16.410247116472814,9267600
2021-09-15,16.262409210205078,16.328115853953726,16.00779616150031,16.03243674036979,6663700
2021-09-16,16.295263290405273,16.50059674762654,16.213129594202776,16.31990386923701,6693900
2021-09-17,16.28704833984375,16.467741202431892,16.204914650823753,16.204914650823753,13530200
2021-09-20,15.73675537109375,15.843529641615817,15.44928822981804,15.794248486034913,10156100
2021-09-21,15.69568920135498,15.884595596755085,15.572487879809811,15.810675430455936,7401300
2021-09-22,16.032438278198242,16.196704120041232,15.901024978095807,15.925663992758695,8524700
2021-09-23,16.755203247070312,16.927684098337384,16.2213367802739,16.2213367802739,12068600
2021-09-24,16.960538864135742,17.05909958738731,16.730566454164666,16.763418984202154,8713600
2021-09-27,17.872222900390625,17.937929538876368,17.13302282578354,17.21515494896335,11540200
2021-09-28,17.724384307861328,18.052917532462512,17.666891189377367,18.028278519723667,8198300
2021-09-29,17.81473159790039,17.88865176952998,17.666891254641218,17.864011190130118,6598800
2021-09-30,17.50262451171875,17.913291450957566,17.494410984945567,17.913291450957566,7064600
2021-10-01,17.855796813964844,17.995423624113016,17.45334343567186,17.601183771895798,6528600
2021-10-04,17.9215030670166,18.11862298884674,17.822943889386472,17.822943889386472,7658200
2021-10-05,17.946142196655273,18.176114636949283,17.847581460408016,18.069341942037028,6488000
2021-10-06,17.82294464111328,17.937930875388222,17.461557319230675,17.839370127031167,6195100
2021-10-07,17.946142196655273,18.102196042976033,17.839367935173264,17.987208256259272,6513100
2021-10-08,18.085769653320312,18.184328826598946,17.847582112518953,17.896863265728083,5765500
2021-10-11,17.946142196655273,18.389661593343543,17.92150162095102,18.159689153049538,5733400
2021-10-12,18.110410690307617,18.143264796124132,17.790090991446526,17.872224689417827,8263800
2021-10-13,17.847583770751953,18.036490175895622,17.42870332897471,18.00363763727366,8158100
2021-10-14,18.167903900146484,18.176115859363765,17.888650289663076,18.06934315727063,7092600
2021-10-15,18.422513961791992,18.611420324716864,18.167900969738053,18.332166759275918,8112600
2021-10-18,18.53750228881836,18.709983189092096,18.34859590431314,18.373236480515043,5749900
2021-10-19,18.74283218383789,18.759259231536294,18.496432734639804,18.627845983088047,5120600
2021-10-20,19.317771911621094,19.325985437847432,18.578571783520122,18.652490386417266,8524800
2021-10-21,19.120651245117188,19.432757396841804,19.005663448949267,19.260278052444754,10913500
2021-10-22,19.785932540893555,20.00769305602367,19.30134544482553,19.30134544482553,10312600
2021-10-25,19.892702102661133,20.114462582683664,19.761288832996616,20.081610048552406,8650500
2021-10-26,19.77772331237793,20.08161759173387,19.728443709385463,19.925563687925667,7534500
2021-10-27,19.194568634033203,19.712008158914045,19.18635510931196,19.654515052435027,8426100
2021-10-28,19.49846076965332,19.506674294186595,19.235634250866998,19.293127356030304,5982900
2021-10-29,19.449180603027344,19.67094105903536,19.44096707874154,19.564166809889468,7210200
2021-11-01,19.83521270751953,19.884492301229816,19.605240225824836,19.638092766108347,5218500
2021-11-02,19.679157257080078,19.983051454857584,19.654518245483192,19.744865465524867,5407800
2021-11-03,20.29515838623047,20.352653070812657,19.449185535645064,19.539532759132815,7476200
2021-11-04,19.933773040771484,20.196599623772293,19.744866630060905,20.196599623772293,5935700
2021-11-05,19.966625213623047,20.262305897353023,19.851638977314714,20.14731966104469,5795700
2021-11-08,20.1226749420166,20.229447629969307,19.958407581168196,20.065181835690556,6512700
2021-11-09,19.99126434326172,20.12267762281985,19.8680645894972,19.917344177689035,8249600
2021-11-10,19.851640701293945,20.155534937804223,19.802361105249346,19.95020145995326,8009500
2021-11-11,19.810571670532227,20.02411707698899,19.769504041159866,19.89270379613719,7909600
2021-11-12,19.670944213867188,19.900916664474483,19.457397247896253,19.810571015980113,7724000
2021-11-15,19.909130096435547,20.01590436220372,19.62987649352316,19.76950329497935,5243000
2021-11-16,19.917341232299805,20.098034073328797,19.82699402850049,19.991261386941126,4374900
2021-11-17,19.736652374267578,19.933772304234765,19.564171456440075,19.884491146815506,3882600
2021-11-18,19.6298770904541,19.868064639357122,19.473823233123493,19.67094471952524,4569900
2021-11-19,19.457399368286133,19.629878725037717,19.14529162763565,19.465612894784304,7704600
2021-11-22,19.75307846069336,20.056972674404484,19.67915828888714,19.785932566638344,5883900
2021-11-23,20.196596145629883,20.221236721006502,19.83520887295482,19.917342557640477,5467100
2021-11-24,20.188385009765625,20.442998052511435,20.139105419749967,20.163744431472836,4568800
2021-11-26,19.276702880859375,19.482036321899262,18.931742637249574,19.36705009621927,6513800
2021-11-29,19.334199905395508,19.744866837286796,19.18635955926344,19.580599437902272,8162300
2021-11-30,18.685344696044922,19.128865717706823,18.66070411709594,19.046732021113513,13243200
2021-12-01,18.192543029785156,19.31777100485675,18.192543029785156,19.096010506864776,8936200
2021-12-02,18.73054313659668,18.846420309810604,18.275316233507883,18.482237840127624,13700600
2021-12-03,18.12632942199707,18.805031926710555,17.944239006657405,18.73881708670647,10420100
2021-12-06,18.573280334472656,18.879523370203483,18.250481615776515,18.432573605473383,8280900
2021-12-07,18.929183959960938,19.09472025162411,18.689154205823062,18.730537884067324,7329300
2021-12-08,18.738813400268555,19.11954983940551,18.66432152258276,18.954011982617963,6314800
2021-12-09,18.44912338256836,18.738812246074534,18.432569282172032,18.606382600275737,8410200
2021-12-10,18.399463653564453,18.664322982188516,18.151158427650927,18.63949340680884,7224200
2021-12-13,17.75387191772461,18.3663595955002,17.679380023795087,18.30014475408355,9378600
2021-12-14,18.068389892578125,18.2090966113588,17.762145300401542,17.786976455016777,9017500
2021-12-15,18.101499557495117,18.30014407436687,17.88630093621248,18.184266922176963,8580100
2021-12-16,18.17599105834961,18.639496540041456,18.076669582763063,18.34980600865565,7307300
2021-12-17,17.604883193969727,18.184262499252757,17.44762239768915,18.076664004125565,17185000
2021-12-20,17.124828338623047,17.331749893680936,16.760645959689032,17.315195790391623,12154300
2021-12-21,17.646272659301758,17.7290416097102,17.348305069305923,17.348305069305923,6393100
2021-12-22,17.662822723388672,17.770421229217707,17.5055619114668,17.621439046997367,5250300
2021-12-23,17.811803817749023,18.002171226547457,17.72075784889507,17.80352676797268,4489200
2021-12-27,18.118051528930664,18.118051528930664,17.67110177431441,17.82836260403413,4564700
2021-12-28,18.084941864013672,18.225648566209486,17.993895886508742,18.043556611199623,3763600
2021-12-29,18.084941864013672,18.233925616772297,17.97734178538312,18.126325538141746,3712100
2021-12-30,18.101499557495117,18.35808186111868,18.08494545308423,18.175989869971524,4150000
2021-12-31,18.043561935424805,18.159439098810754,17.993901196080223,18.027009408100906,3959100
2022-01-03,18.763647079467773,18.82986191536336,18.50706478770815,18.639494459499325,10995500
2022-01-04,19.599607467651367,19.79825194592927,19.069888858910296,19.069888858910296,10302500
2022-01-05,19.40924072265625,19.9058511464754,19.38440956999088,19.732037813875905,6667200
2022-01-06,20.35280418395996,20.38591081169328,19.558224595440123,19.856192138470835,9872500
2022-01-07,20.791479110717773,20.915631731382373,20.228652213106272,20.369358937509148,11494100
2022-01-10,20.576278686523438,21.11427438115925,20.245202955652704,21.04805955072232,11121300
2022-01-11,20.41074562072754,20.94046438878771,20.187269923444735,20.89908070204043,13560200
2022-01-12,20.51006507873535,20.725263685155344,20.369358358333287,20.518342130369142,8779700
2022-01-13,20.716989517211914,20.99012594440133,20.617666462467398,20.683881306068276,10708000
2022-01-14,21.03150749206543,21.039784544010086,20.18726713794549,20.261759026761144,10115300
2022-01-18,20.534896850585938,21.130832002448024,20.460404956603178,21.039786003427682,10056900
2022-01-19,19.574779510498047,20.66732510867487,19.56650245854989,20.62594142762033,19197600
2022-01-20,18.55672836303711,19.094724184450943,18.25048371342135,18.48223646390588,18409900
2022-01-21,18.2918643951416,18.565000763949065,18.018728026334138,18.523615508865475,16730300
2022-01-24,19.011951446533203,19.094720382274176,17.679377737979486,17.869745185103426,18654000
2022-01-25,19.218873977661133,19.36785775386324,18.43257299469678,18.862970219572595,16217300
2022-01-26,19.392684936523438,19.92240351788759,19.03677967266218,19.44234565885485,15991400
2022-01-27,18.96228790283203,19.831357652439433,18.87124192915826,19.665821384206833,11703300
2022-01-28,19.11955451965332,19.127831572387425,18.606388300943518,18.88780177915754,10778000
2022-01-31,18.987123489379883,19.160936848434492,18.523618041195043,18.92918570302835,12377100
2022-02-01,19.533397674560547,19.566504306794172,18.846418084834134,19.03678556156505,9480200
2022-02-02,19.690658569335938,19.732042254405236,19.28509087796213,19.458905828363246,6407900
2022-02-03,19.516843795776367,20.013455914539698,19.43407484620141,19.798257277119376,8488300
2022-02-04,20.071388244628906,20.270032722349928,19.61616151385398,19.61616151385398,7084600
2022-02-07,20.253482818603516,20.361082919680552,20.005177564664095,20.162438400791757,6480200
2022-02-08,20.766647338867188,20.882522904224086,20.5266175778437,20.609386515392703,10191400
2022-02-09,20.568004608154297,20.816309863509755,20.501789768147088,20.733540918829164,7870100
2022-02-10,20.625940322875977,20.99839974716255,20.510064759180665,20.59283211685666,8593400
2022-02-11,20.551450729370117,21.09772356010548,20.36936031202044,20.402466943044775,11539900
2022-02-14,20.294864654541016,20.849414434845464,20.14588089584937,20.617661745915562,8571700
2022-02-15,20.932188034057617,21.06461772050316,20.534897396034598,20.592835186518723,7950600
2022-02-16,20.89080047607422,21.163936871707296,20.65077228775968,20.6590477609031,6396100
2022-02-17,19.78169822692871,20.73353696240765,19.65754562294207,20.73353696240765,17784200
2022-02-18,19.616165161132812,20.079669028662202,19.55822579634115,19.798255571562077,16611500
2022-02-22,19.765146255493164,20.038282645173943,19.51684102076016,19.65754774142518,10644100
2022-02-23,19.384408950805664,20.063111315119396,19.326471175123174,19.92240461188221,8168200
2022-02-24,19.102998733520508,19.177490622887337,18.209097639804813,18.63949487199399,14344400
2022-02-25,20.104501724243164,20.162439514784392,19.293367920606833,19.293367920606833,8958500
2022-02-28,20.021730422973633,20.17071419753819,19.400965748078796,19.400965748078796,12837500
2022-03-01,18.300140380859375,19.781697695513316,18.200817353126666,19.781697695513316,15189800
2022-03-02,19.343027114868164,19.492009304203748,18.689154261591995,18.730537939959742,11277300
2022-03-03,19.392684936523438,19.541668682203582,19.03677967266218,19.400961986692987,8011800
2022-03-04,18.713985443115234,19.069890760866993,18.432572009482964,18.796752799971436,10699300
2022-03-07,17.596609115600586,18.61466278089157,17.588332064010476,18.45740195805182,16306200
2022-03-08,17.712486267089844,18.242206565503515,17.555225430163418,17.952516048645247,16081500
2022-03-09,18.58155632019043,18.763646720750597,18.258757620020162,18.49878738223174,10750000
2022-03-10,18.348031997680664,18.631592619448796,18.139531634070657,18.289652150386907,8808200
2022-03-11,18.272972106933594,18.848433567472735,18.247951490133957,18.539852323203466,8355500
2022-03-14,18.94851303100586,19.457254442251156,18.631593168894554,18.73167245556904,10280300
2022-03-15,19.006898880004883,19.298798192797065,18.74835721620045,19.03191791211167,10312400
2022-03-16,19.63239860534668,19.940978309331435,19.182036973716833,19.357176547751667,9562400
2022-03-17,19.4072208404541,19.415561048728577,18.93184010393356,19.26544048125218,7486800
2022-03-18,19.140338897705078,19.323818691817646,18.781717926307476,19.3071382766987,24226400
2022-03-21,18.998554229736328,19.465594611722217,18.865114120597504,19.240413831026107,6842000
2022-03-22,19.54065704345703,19.732477022819104,19.257096382342766,19.34883706409496,6519000
2022-03-23,18.931835174560547,19.46559563929256,18.890134144046073,19.315475110903765,6623200
2022-03-24,19.098634719848633,19.32381551473597,18.98187501467669,19.131995544601576,6345000
2022-03-25,19.548995971679688,19.548995971679688,19.090294183646364,19.215395683575593,6263500
2022-03-28,19.20705795288086,19.47393821775888,18.83175658618873,19.357176908825856,5919200
2022-03-29,19.373855590820312,19.690777070075463,19.223735057565946,19.682436863702254,6285000
2022-03-30,18.890134811401367,19.39053606013176,18.706655042850635,19.332156206080693,9412200
2022-03-31,18.56487464904785,19.040255276882586,18.539854029944866,18.823414683518518,11027800
2022-04-01,17.906015396118164,19.015237560643502,17.797595878250675,18.965197905530196,11893900
2022-04-04,17.906015396118164,18.106175607303342,17.472335733916253,17.839295325723104,7694500
2022-04-05,17.78091812133789,18.089499487257537,17.714198040967723,17.764237703562298,6923300
2022-04-06,17.363916397094727,17.755898242553172,17.29719631989169,17.68917657461802,9205700
2022-04-07,17.030317306518555,17.388938345288523,16.655015849495975,17.238817762479492,11362800
2022-04-08,17.3055362701416,17.438976422556415,16.971935889104568,17.188776534461663,7765500
2022-04-11,17.630794525146484,18.02277632212054,17.36391424934487,17.38893487172574,9620400
2022-04-12,17.363916397094727,17.88933839695925,17.188776790961295,17.60577767116331,7958400
2022-04-13,17.455656051635742,17.472336467617943,17.130395893642934,17.147074718893112,5263900
2022-04-14,17.28885269165039,17.5640731545156,17.113713120159712,17.430633026504093,7050700
2022-04-18,17.44731330871582,17.463993722274516,17.180433054703858,17.180433054703858,4173300
2022-04-19,18.081153869628906,18.13953372364771,17.46399291313743,17.5974330339609,7637700
2022-04-20,18.32301139831543,18.573212789317555,18.18123108730035,18.28131196184751,10731900
2022-04-21,17.96439552307129,18.873455818552355,17.789254357009618,18.581556526335966,14794000
2022-04-22,17.822614669799805,18.231275257818876,17.530713795291387,17.931034176526584,16456900
2022-04-25,18.01443099975586,18.031111409940312,17.25548983440953,17.6474699293553,13281600
2022-04-26,17.53071403503418,17.956055042437786,17.480672793646594,17.814274706636585,12938500
2022-04-27,17.739215850830078,17.964396682847617,17.405615501951466,17.497354603685622,11634300
2022-04-28,17.797595977783203,17.99775619008777,17.405615760861583,17.931036119319582,9262900
2022-04-29,17.280515670776367,17.93937781619638,17.247156427989026,17.72253717051633,11859500
2022-05-02,17.564071655273438,17.672492744235505,17.130392071620165,17.572411861403726,12514400
2022-05-03,17.972736358642578,18.139537338275858,17.605776748620613,17.722536479924692,7301800
2022-05-04,18.38973617553711,18.456456245465493,17.72253547625329,17.98941575596682,7904900
2022-05-05,17.88933753967285,18.181236869240273,17.514036129183253,18.08115755359774,7214100
2022-05-06,17.614118576049805,17.88933910423501,17.355576874775686,17.84763806012684,10540000
2022-05-09,17.155414581298828,17.589095843707675,17.072014093799897,17.355574796857066,13179800
2022-05-10,16.8384952545166,17.42229550693117,16.429834600606792,17.305535774594667,11041900
2022-05-11,16.69671630859375,17.41395677020573,16.688376099760426,16.896876548397014,7493000
2022-05-12,16.5299129486084,16.763433990337248,16.12125231863188,16.596633018997792,9448800
2022-05-13,16.57994842529297,16.82180961370892,16.404808881183392,16.713390123174165,6210200
2022-05-16,16.446514129638672,16.671694986547323,16.146274577825924,16.55493524921637,5891800
2022-05-17,17.213794708251953,17.288854989074263,16.79679385512002,16.82181447897146,6167800
2022-05-18,16.621646881103516,17.12204800085298,16.479866590353353,17.021967140610567,6458300
2022-05-19,16.69671630859375,16.846836886129243,16.429835988856066,16.45485502462386,8677000
2022-05-20,16.805131912231445,16.98861328219475,16.329751255020728,16.86351176968093,7964000
2022-05-23,17.280515670776367,17.655817094209553,16.971935914382055,17.20545538608973,7979400
2022-05-24,17.038654327392578,17.29719439900141,16.671693148161634,17.238814536773475,6858300
2022-05-25,17.65581512451172,17.822616092036252,16.92189436701399,16.94691339863033,8443200
2022-05-26,18.022775650024414,18.131195161501225,17.730874762727343,17.730874762727343,6468600
2022-05-27,18.247955322265625,18.281316151671028,18.014435879355407,18.07281574008296,5991200
2022-05-31,18.423097610473633,18.539857338997116,17.90601585851021,17.956057105647698,9655300
2022-06-01,18.022775650024414,18.473135700962064,17.705854141279527,18.473135700962064,6971500
2022-06-02,18.401050567626953,18.48511233681442,17.947119579366454,18.047992419715502,5600700
2022-06-03,18.283363342285156,18.45989159805347,18.216114253895597,18.367425103608287,5480600
2022-06-06,18.308584213256836,18.628017014750185,18.241335118029557,18.459893475009537,4858500
2022-06-07,18.493515014648438,18.518734021417913,18.031177780620055,18.132050601008814,6421200
2022-06-08,18.325393676757812,18.35901902309375,18.115240072192496,18.333800013341797,4875000
2022-06-09,17.728557586669922,18.342205705643092,17.728557586669922,18.32539303306568,5031300
2022-06-10,16.929977416992188,17.459565509301363,16.88794732861309,17.25781819906052,6858000
2022-06-13,16.341548919677734,16.669388113582023,16.22386178074542,16.46764079399899,7646700
2022-06-14,16.26589012145996,16.68619735145456,16.064142843463934,16.434012051450896,7984700
2022-06-15,16.291105270385742,16.59372694709424,15.980078861186117,16.43400977290424,10166000
2022-06-16,15.593400001525879,16.01370729648178,15.425278045550572,16.01370729648178,7625800
2022-06-17,15.71949291229248,15.938051286934316,15.542963020964805,15.753116660950827,12373300
2022-06-21,16.047332763671875,16.232267397561873,15.90442821823798,16.10617552884846,5578100
2022-06-22,16.030519485473633,16.139800276711362,15.753116743374456,15.803553168298386,5367000
2022-06-23,15.484119415283203,15.988488444458687,15.282372124281999,15.929645685001454,9318300
2022-06-24,16.383577346801758,16.526481884084074,15.534556460988599,15.576588150392224,11636000
2022-06-27,16.26589012145996,16.551699166123875,16.064142843463934,16.518073818118783,6904000
2022-06-28,16.333139419555664,16.736633980622678,16.25748398893749,16.49285661789901,5446600
2022-06-29,16.173419952392578,16.476041632413267,16.013702776454476,16.408792548335853,5808500
2022-06-30,15.761519432067871,16.055734782135406,15.408461332655763,15.811955845313982,10637700
2022-07-01,15.996894836425781,16.072550271226742,15.500932143106123,15.711085772365472,7841300
2022-07-05,15.845582962036133,15.845582962036133,15.38324404497607,15.652242020180305,6944700
2022-07-06,15.601807594299316,15.870804028164702,15.467309377366623,15.685869380718554,7779800
2022-07-07,16.00530242919922,16.198643398477625,15.8623978859619,15.896021635540935,7757600
2022-07-08,15.988486289978027,16.181827217382985,15.803550095638737,16.13139080226533,7164900
2022-07-11,16.013700485229492,16.06413849357941,15.702674117127039,15.912827675218471,6919900
2022-07-12,15.946459770202637,16.27430058295968,15.652245917317822,15.652245917317822,7558400
2022-07-13,15.66905403137207,15.81195856291763,15.349621221452852,15.761522141003004,7020900
2022-07-14,15.332810401916504,15.416872184177187,15.139469425058529,15.265561296776985,5560200
2022-07-15,16.131397247314453,16.198646362121245,15.500936194746277,15.627028084590838,7459300
2022-07-18,16.358354568481445,16.719818997440914,16.249075407871313,16.400386248211987,4830400
2022-07-19,16.845914840698242,16.955194016925205,16.602135873457133,16.66938496729177,5010200
2022-07-20,17.039255142211914,17.056067815872495,16.67779067523343,16.753446103361245,5198400
2022-07-21,17.123319625854492,17.190568727829213,16.803885188965772,16.963602407410132,12503700
2022-07-22,17.358688354492188,17.81262093448934,16.837508284878623,17.594060981529026,12949000
2022-07-25,17.89668083190918,17.92189823704473,17.451154635493214,17.610871815845304,8174200
2022-07-26,17.33347511291504,17.85465530779703,17.29984975667995,17.753782445782235,8296800
2022-07-27,17.79581069946289,17.913496227438575,17.257817882036825,17.459565188571602,7714400
2022-07-28,17.585655212402344,17.846245255624627,17.41753167289738,17.762183485872146,6710800
2022-07-29,17.804218292236328,17.871467399153328,17.64450106205401,17.66131373961956,7986800
2022-08-01,17.753782272338867,17.854655133368198,17.493190574098456,17.65290780796432,8626100
2022-08-02,17.51000213623047,17.821030245165343,17.442753032047943,17.711749448778043,7598200
2022-08-03,17.778995513916016,17.896682628627477,17.602467246866084,17.70334008422466,7180700
2022-08-04,17.66971778869629,17.77059063432773,17.552030664332978,17.678124126389736,7372100
2022-08-05,17.947118759155273,18.098429616108593,17.61087330111723,17.65290338211768,6557200
2022-08-08,17.87146759033203,18.157276698622997,17.81262482156834,18.06480857436851,5571900
2022-08-09,18.03958511352539,18.047991450327107,17.79580775965481,17.92189960499096,5191900
2022-08-10,18.678449630737305,18.86338580745151,18.342204223090445,18.367423229918174,7268100
2022-08-11,19.031511306762695,19.05673031835709,18.85498303563657,18.89701311828235,6720500
2022-08-12,19.300506591796875,19.308912928519415,19.014699159954358,19.149197340825467,4816200
2022-08-15,19.25847625732422,19.350944356706858,19.03991631545738,19.08194799851529,4111500
2022-08-16,19.477035522460938,19.645159042161595,19.191226500976647,19.208039173615656,5159400
2022-08-17,19.19963836669922,19.29210648949942,19.023108459839296,19.18282568921824,6065400
2022-08-18,19.300506591796875,19.325725601964503,19.140791004102923,19.20804009453848,4496300
2022-08-19,18.997886657714844,19.216446604436218,18.897012219480057,19.149197513394626,4620600
2022-08-22,18.58598518371582,18.74570076777086,18.493517085219402,18.686858015398503,6650000
2022-08-23,18.535551071166992,18.812953821778162,18.535551071166992,18.62801918915241,5793300
2022-08-24,18.59439468383789,18.678454856760272,18.37583470688065,18.501926569609243,4819800
2022-08-25,18.93064308166504,18.947455760159613,18.594397528499954,18.670051375034987,4013600
2022-08-26,18.46829605102539,19.1323821340719,18.451484983151037,19.006290306619086,7138000
2022-08-29,18.274961471557617,18.443085035287197,18.106839511173167,18.2917741485996,4728100
2022-08-30,18.23293113708496,18.426272110432166,18.098432929248204,18.375835683329658,5574300
2022-08-31,18.216115951538086,18.434675910008927,18.140460519631066,18.291771383445102,8117300
2022-09-01,18.139759063720703,18.21611926707554,17.76644431207584,18.21611926707554,6340400
2022-09-02,18.05491065979004,18.572461023038727,17.970065833891425,18.402772989521953,6356700
2022-09-06,17.825834274291992,18.241572238082497,17.664629229301934,18.173696685183657,7301500
2022-09-07,18.283994674682617,18.351870230636283,17.707053258216927,17.76644416739127,5726000
2022-09-08,18.84396743774414,18.860936730421965,18.07188242199219,18.190665852456135,6591400
2022-09-09,18.84396743774414,19.11547126574686,18.82699976334714,18.971235514546997,9929800
2022-09-12,19.05607795715332,19.20879834840714,18.843966662252072,18.928811503868722,8489100
2022-09-13,18.3942928314209,18.810030799612946,18.30096333834157,18.64882575291616,9638900
2022-09-14,18.776090621948242,18.835483142324346,18.233086239040965,18.44519752839921,11095200
2022-09-15,19.039108276367188,19.344547408394924,18.826997003826538,18.869418611022436,7467800
2022-09-16,18.606401443481445,18.860934328105678,18.38580552160949,18.810028074836953,13704100
2022-09-19,18.869415283203125,18.93729081371435,18.351863351629866,18.41973888214109,5279200
2022-09-20,18.827001571655273,18.962752689554932,18.64882721798636,18.73367207124389,6310200
2022-09-21,18.555496215820312,19.09001595038766,18.555496215820312,18.937295563859646,8155000
2022-09-22,18.08036231994629,18.7166960637191,18.046425361784213,18.68275910555702,6240600
2022-09-23,17.715532302856445,17.944612859539895,17.469484074710937,17.851285002516686,6831000
2022-09-26,17.5543270111084,17.859766102116918,17.376152724596427,17.57129468073972,8071300
2022-09-27,17.3167667388916,17.85128813151118,17.053749174901473,17.66462914818588,8328300
2022-09-28,17.359188079833984,17.86825552538483,17.147076779044532,17.461002216256475,19665700
2022-09-29,16.858606338500977,17.257374988151163,16.663462718366784,17.08768530584684,10098000
2022-09-30,17.02829360961914,17.427063858981736,16.90102716295731,16.985872000158754,10594500
2022-10-03,17.41009521484375,17.520392374507797,16.850121534098548,17.231920888271695,9218900
2022-10-04,18.156726837158203,18.1736961294342,17.690082627533698,17.690082627533698,7203400
2022-10-05,17.961584091186523,18.080365895665636,17.817348349341575,17.876739251581135,6821700
2022-10-06,17.656137466430664,17.9615781405051,17.639169798755557,17.842796375378455,6031100
2022-10-07,17.350704193115234,17.588267802541484,17.181014513570155,17.545846191795572,10460800
2022-10-10,17.189498901367188,17.545845928438634,17.062232452758963,17.435547152905663,7426000
2022-10-11,16.87557601928711,17.197986130356615,16.790732786324444,17.11314127911301,7644300
2022-10-12,16.629526138305664,16.960419246359553,16.62104149216572,16.824668144682022,8707800
2022-10-13,17.715532302856445,17.766440172084238,16.247722724013084,16.391958450264084,9981800
2022-10-14,17.54584312438965,18.250052420312965,17.52038919142359,17.817345269572552,9318000
2022-10-17,18.029460906982422,18.173696658969515,17.77492798854912,18.01249161421198,9467200
2022-10-18,18.377323150634766,18.674279298299886,18.05491468232574,18.428229410203386,11347900
2022-10-19,17.732501983642578,18.368835798497795,17.656141796397506,18.19066310711301,9927000
2022-10-20,16.748306274414062,17.902192141671485,16.638009122175923,17.69008086420685,16959600
2022-10-21,16.5616512298584,17.55433221080485,16.205304169562726,16.841638090213507,24905200
2022-10-24,17.435548782348633,17.562816861131417,16.61255749404063,16.70588698693978,16159100
2022-10-25,18.012489318847656,18.05491254536769,17.189498143726468,17.27434297848591,11146400
2022-10-26,18.063396453857422,18.25853843304778,17.970066977600922,18.080364125492693,8611600
2022-10-27,18.283994674682617,18.44519972692791,18.190666796671895,18.233088412287596,8884700
2022-10-28,18.538524627685547,18.57246158810926,18.283990142245447,18.4197412205013,6064100
2022-10-31,18.623374938964844,18.78457838042732,18.46216987922139,18.51307614398422,7019200
2022-11-01,18.92032814025879,18.945782079953226,18.66579521643789,18.776092385218718,6303300
2022-11-02,18.538524627685547,19.098498230061068,18.521555338333442,18.928808573101,7641200
2022-11-03,18.657306671142578,18.826996330417828,18.054911455448437,18.36883522134297,7648600
2022-11-04,19.05607795715332,19.29364319002379,18.733669500946956,18.903359184180257,7605500
2022-11-07,19.361520767211914,19.37849006096843,19.039112277242726,19.276675916710257,5121600
2022-11-08,19.369998931884766,19.471813042070664,19.18334161787107,19.403937508040194,7146600
2022-11-09,19.05607795715332,19.251221578355842,18.98820240751615,19.14092279876997,5708200
2022-11-10,19.751802444458008,19.853614949880033,19.43787704646547,19.67544225625119,8716600
2022-11-11,19.862096786499023,20.07420803079592,19.726345719611437,19.938456963908333,7080100
2022-11-14,19.43787384033203,19.921487207019698,19.42938919656624,19.802705430859312,4889500
2022-11-15,19.624536514282227,19.93846194633184,19.42939450915232,19.743319941201936,5785900
2022-11-16,19.251218795776367,19.633018100444723,19.191827900713324,19.57362720538168,6116300
2022-11-17,18.962745666503906,19.140918335903734,18.784571378823703,18.996682624269425,6360200
2022-11-18,19.08152961730957,19.403939653309745,18.8524490577748,19.31909482182125,5677300
2022-11-21,19.09850311279297,19.208800285219287,18.903361090195144,18.962751999830925,5621300
2022-11-22,19.225765228271484,19.403939535140307,19.149405042224924,19.268186834617104,3725900
2022-11-23,19.293642044067383,19.344548298701465,19.174860243827634,19.23425114394751,2784800
2022-11-25,19.40393829345703,19.49726614510134,19.344545782780994,19.38696900469245,1377500
2022-11-28,19.123952865600586,19.378485742097045,19.030623389020953,19.225765368886947,5422700
2022-11-29,19.43787384033203,19.454843127863608,19.07304224980475,19.157887069182312,4434900
2022-11-30,19.692411422729492,19.717865360156956,18.793060004608346,19.353033681766863,9060300
2022-12-01,19.505756378173828,19.887557393366375,19.302129709498107,19.8281664839544,8117800
2022-12-02,19.649986267089844,19.819675916099357,19.302123943072726,19.31909323162976,8925500
2022-12-05,18.64882469177246,19.53969310287594,18.46216733451572,19.51423916486244,10018900
2022-12-06,18.3264102935791,18.75063274658658,18.071875850806475,18.66578793232904,10502800
2022-12-07,18.489126205444336,18.754601851989992,18.18083085242049,18.215086617603042,10545800
2022-12-08,18.89162254333496,18.934442251847255,18.4377450669387,18.634710825880656,7741400
2022-12-09,18.85736846923828,19.03720634534093,18.694656843189552,18.805984818861923,5093100
2022-12-12,19.174224853515625,19.285554455087258,18.65183751047985,18.90874921142172,6884000
2022-12-13,18.540510177612305,19.653798162532013,18.377798542623086,19.568160373937427,11632400
2022-12-14,18.086633682250977,18.651840831689594,18.0438139688662,18.557639095648142,9303900
2022-12-15,17.8297176361084,17.966737431641224,17.64131582560196,17.898227533874813,8255900
2022-12-16,17.624189376831055,17.941048700660517,17.452913801776493,17.667007453892225,15597100
2022-12-19,17.641315460205078,17.889663221937607,17.529985857762572,17.607059695328992,6993900
2022-12-20,17.735517501831055,17.90679307828203,17.607061636195297,17.744081443994098,5876300
2022-12-21,18.01812171936035,18.129449694654244,17.941047877462708,17.958174127458403,5169200
2022-12-22,18.052377700805664,18.06950558595963,17.62419037238674,17.906793943807028,5778100
2022-12-23,18.17226791381836,18.257905698095207,18.02668417056918,18.035248112337353,4005300
2022-12-27,18.360671997070312,18.369235939132878,18.07806844262542,18.232216132941712,3646300
2022-12-28,18.197961807250977,18.446311246537302,18.112324013241725,18.36067345252805,4215900
2022-12-29,18.514820098876953,18.549074234483573,18.20652471139253,18.215088653645424,3697900
2022-12-30,18.46343421936035,18.583327763041268,18.334978367863798,18.40348826422228,3324200
2023-01-03,18.3863582611084,18.79741922525249,18.257902424427876,18.643271567874027,7741300
2023-01-04,18.763168334960938,18.900188147442407,18.514820537365146,18.66896660135305,7857300
2023-01-05,18.55763816833496,18.703221919758366,18.33498057007534,18.60902018842411,5704400
2023-01-06,19.174224853515625,19.24273474932711,18.480561954248763,18.677527700531183,5829400
2023-01-09,18.917316436767578,19.15710193043878,18.900188551489983,19.088592022733444,6034100
2023-01-10,18.865936279296875,19.00295610825239,18.711788563370618,18.763170590877635,5741000
2023-01-11,18.951568603515625,19.045770329343163,18.76316678526542,18.925878411675296,6590500
2023-01-12,19.148534774780273,19.25986274359433,18.951567393948064,19.088588819772337,5318800
2023-01-13,19.20848274230957,19.251300819400033,18.52338207502756,18.84024139907379,9809000
2023-01-17,19.20848274230957,19.276992645697277,18.960133321651043,19.157100723120024,6397000
2023-01-18,18.686092376708984,19.311245404755034,18.668964493731192,19.080025518174118,8585400
2023-01-19,18.574764251708984,18.62614626681582,18.07806708326342,18.394924748727846,12621000
2023-01-20,19.43113899230957,19.885016458324348,18.61758251663788,19.49108494945078,14212500
2023-01-23,19.662357330322266,19.730868856977384,19.354063627397725,19.551029366317096,10372500
2023-01-24,19.551029205322266,19.79937858718792,19.3626274087862,19.688048990694803,7757900
2023-01-25,19.61097526550293,19.63666708792886,19.354063574862398,19.491083360991308,6279600
2023-01-26,19.867889404296875,19.910707476691297,19.653795775515245,19.73943192030409,5572300
2023-01-27,20.039161682128906,20.124799453291924,19.850759892293965,19.910705842086692,5107300
2023-01-30,19.867889404296875,20.01347313720457,19.825069698497693,19.902143535531458,5910800
2023-01-31,20.159059524536133,20.167621833418643,19.705180383729292,19.92783798298897,7184100
2023-02-01,20.364587783813477,20.63862738380815,19.876452908742504,19.979218575442935,8606400
2023-02-02,20.510169982910156,20.835591575077558,20.261820593215383,20.47591421878478,6070600
2023-02-03,20.552989959716797,20.724265529409728,20.37315208160362,20.41597015732441,6160700
2023-02-06,20.287511825561523,20.45878574098691,20.21043799192846,20.42453161126371,6406100
2023-02-07,20.441659927368164,20.58724365694708,20.14192852724631,20.184746598661693,6651400
2023-02-08,20.424531936645508,20.52729596085693,20.124800538120223,20.210438313899548,14767000
2023-02-09,20.15049171447754,20.57011500559016,20.116235951902798,20.484477232557968,6677700
2023-02-10,20.270387649536133,20.27895159188364,19.99634802803581,20.039166106368366,5951900
2023-02-13,20.467350006103516,20.475913947021198,20.133364477337548,20.219002253109636,6449700
2023-02-14,20.424531936645508,20.57011566544895,20.184746491144335,20.450222125996007,5391900
2023-02-15,20.467350006103516,20.484477887938876,20.167618607603554,20.253256383375646,5275400
2023-02-16,20.261821746826172,20.43309731039519,20.081983875143045,20.244693863788303,6166100
2023-02-17,20.433094024658203,20.458784211679074,20.090542952603975,20.210436481184782,5687800
2023-02-21,19.859325408935547,20.21900276964321,19.69661379415226,20.159056815092725,7654400
2023-02-22,19.73086929321289,19.953525226146,19.576721621640175,19.722305352191658,7211100
2023-02-23,19.70517921447754,19.953526992458414,19.42257566937937,19.739433348189955,6991100
2023-02-24,19.842195510864258,19.876449638525425,19.48251818669675,19.525336254624357,6375800
2023-02-27,19.927837371826172,20.15049496425721,19.867891411057222,20.03916535133923,6826700
2023-02-28,19.970651626586914,20.150491107881226,19.91070567729035,20.06485333742701,8711300
2023-03-01,20.004911422729492,20.05629344200292,19.756562001665515,19.85932767361732,6898600
2023-03-02,19.602415084838867,19.85932845816534,19.41401325112346,19.799382494410665,9871400
2023-03-03,19.996347427368164,20.039165504414512,19.610978200331274,19.69661598782891,7674600
2023-03-06,19.96209144592285,20.193312979676822,19.885017601338195,20.03916529050751,7120300
2023-03-07,19.182790756225586,19.902145552506976,19.17422681419784,19.82507170766219,9243500
2023-03-08,18.634708404541016,19.225607237992083,18.531942750869444,19.191351475633343,14364400
2023-03-09,17.856822967529297,18.496418563195505,17.692601964360808,18.470490059076305,14824900
2023-03-10,17.528383255004883,18.219837532920305,17.009791722289798,17.58024191370928,23657200
2023-03-13,16.29240608215332,17.38144772550147,12.048601026656504,12.281967446350446,41541700
2023-03-14,16.38747787475586,17.407373962678644,15.696023738142122,17.182650956140005,27123800
2023-03-15,15.255228042602539,16.128190317258735,15.021861547202304,15.782463091790303,31085300
2023-03-16,16.084970474243164,16.517129795755924,14.762562356933605,15.021857290418469,31920300
2023-03-17,15.462658882141113,15.963963593035844,15.160148697722896,15.74788394784748,40250900
2023-03-20,15.626880645751953,16.37883857350495,15.531805069635945,15.842960301610557,21455400
2023-03-21,16.404766082763672,16.56898707285797,16.18004305646538,16.21461659061443,21495400
2023-03-22,15.402155876159668,16.309691317983127,15.376227375444868,16.309691317983127,19665600
2023-03-23,15.151505470275879,15.808387796246715,15.039143130427812,15.479945808982857,26435400
2023-03-24,15.45401668548584,15.549092264209401,14.797135964390113,14.892209894556684,11571000
2023-03-27,15.782456398010254,16.205972275653863,15.488587968860523,16.007179411392798,20207200
2023-03-28,15.825675964355469,15.894821398908872,15.488592176977273,15.76517391519089,8968700
2023-03-29,16.12818717956543,16.136830564590277,15.808390176431779,16.093615288023177,14269700
2023-03-30,15.842962265014648,16.378840603319965,15.730601555408468,16.361553833055275,15355000
2023-03-31,16.04175567626953,16.07632921787411,15.773817323062836,16.033112290868385,12739500
2023-04-03,16.05904197692871,16.154117565000682,15.791103631566155,16.102257254112068,14968000
2023-04-04,15.825675964355469,16.154118014902036,15.531807455364202,16.14547462951321,11644200
2023-04-05,15.80838680267334,15.92074748690254,15.523160103396679,15.670094320346728,9358500
2023-04-06,15.868888854980469,16.067681722688047,15.74788313887243,15.817028555838405,6509300
2023-04-10,15.912103652954102,16.084968014547773,15.7651694401665,15.81702808922191,7980100
2023-04-11,15.989893913269043,16.145471523221303,15.842959687042674,15.946678643196472,5228400
2023-04-12,15.842962265014648,16.102257224756386,15.817032109617616,16.01582667054724,6426100
2023-04-13,15.894817352294922,15.946677651424915,15.600948918118739,15.851602084910038,9528000
2023-04-14,15.998537063598633,16.18004317352376,15.842959455916034,16.18004317352376,15091600
2023-04-17,16.370195388793945,16.39612389273628,15.747884917266454,15.91210591931476,10018200
2023-04-18,16.16275978088379,16.42205472234003,16.12818624279254,16.33562252566894,7978800
2023-04-19,16.612205505371094,16.75913975637086,16.16276101574577,16.387482436279853,11377500
2023-04-20,16.326980590820312,16.56034704798578,16.249191771765158,16.36155413198135,9404900
2023-04-21,15.868888854980469,16.145470522844366,14.892207985709708,15.886173972804379,16786400
2023-04-24,15.817031860351562,15.929394216744134,15.488591473284222,15.626882336108062,10149700
2023-04-25,15.393512725830078,15.730598077230281,15.272508657846652,15.540446943477145,14267800
2023-04-26,15.315729141235352,15.626884448937233,15.160153135941757,15.358946072059139,8273100
2023-04-27,15.55773639678955,15.678740485670764,15.333013339897965,15.376230263467733,7509900
2023-04-28,15.782456398010254,15.89481708042315,15.324366988204673,15.43672931917432,8922300
2023-05-01,15.41944694519043,15.79110427901124,15.177437096792474,15.765174122503781,11478200
2023-05-02,14.390905380249023,15.358943006224061,14.261257910771594,15.358943006224061,11862500
2023-05-03,14.097036361694336,14.788492253258443,14.027890937393622,14.503267171948373,13947600
2023-05-04,13.613018035888672,14.045177338615296,13.232718212171763,13.647590747135665,24716400
2023-05-05,14.295832633972168,14.304474370571175,13.872315004106099,14.22668555272289,14479600
2023-05-08,14.174824714660645,14.650200933941408,14.045177254332037,14.60698401479394,9316300
2023-05-09,14.088393211364746,14.226684062260924,13.811811509572388,13.932817240524281,8860600
2023-05-10,13.906888008117676,14.330403973084747,13.716737663412207,14.287188697528613,8453300
2023-05-11,13.414227485656738,13.837743478171465,13.414227485656738,13.751311272880109,11903600
2023-05-12,13.604374885559082,13.621661653618576,13.293220478994444,13.509300134067283,11187100
2023-05-15,13.967390060424805,14.036535490484054,13.552517480069318,13.60437614047448,7643700
2023-05-16,13.72537899017334,14.071106912731826,13.72537899017334,13.932816073419799,9544300
2023-05-17,14.572412490844727,14.606984378466544,13.863671484749581,13.863671484749581,10619600
2023-05-18,14.684774398803711,14.736633058796771,14.39954929600626,14.485981495032746,7355400
2023-05-19,14.572412490844727,14.788492146291144,14.28718741159773,14.745275226067696,8695700
2023-05-22,15.134218215942383,15.142861599387771,14.572411480446718,14.702058935013898,9175800
2023-05-23,15.272505760192871,15.583660902893943,15.090998044098423,15.151501715167553,9397500
2023-05-24,15.06507396697998,15.298440392459636,14.961355006136705,15.1428627754732,6201200
2023-05-25,15.021859169006348,15.203366963990149,14.87492491537458,14.987287276211502,7356400
2023-05-26,15.367584228515625,15.436729645745615,14.944068341912335,15.073715793148969,7317000
2023-05-30,15.462658882141113,15.618236490445835,15.160148697722896,15.540447686293474,9936600
2023-05-31,14.926780700683594,15.367583327900395,14.788489874328128,15.307079648882777,10726700
2023-06-01,15.180374145507812,15.276562014655084,14.76063904534077,15.189118800498001,7460800
2023-06-02,15.792484283447266,15.871184506995581,15.355261560566548,15.486428043856298,9686600
2023-06-05,15.5651273727417,15.844951300314204,15.320283729440074,15.844951300314204,7093000
2023-06-06,16.011096954345703,16.185986724950176,15.503918621039684,15.582618851024451,12295400
2023-06-07,16.334638595581055,16.413338806611726,15.871181982608439,16.107282615700456,15245000
2023-06-08,16.229707717895508,16.317152599880007,15.976119394800095,16.220963062909817,6480400
2023-06-09,16.1510066986084,16.325896453998176,16.019840216002226,16.17724066227856,7075200
2023-06-12,15.941140174865723,16.43957381518324,15.740018121381869,16.0023510895893,9517100
2023-06-13,16.133520126342773,16.247197307367532,15.801229902659761,15.871185475876327,13346700
2023-06-14,15.748764991760254,16.378365204761064,15.58261986565505,16.264688013977022,8320800
2023-06-15,16.019838333129883,16.133517161133827,15.66131587780443,15.722526784634807,7753600
2023-06-16,15.844954490661621,16.15975376227247,15.731275632349249,16.081053527401618,17528500
2023-06-20,15.626340866088867,15.774996658739868,15.486428060177047,15.774996658739868,7007100
2023-06-21,15.468939781188965,15.652572516844243,15.381494906550722,15.617595567712302,5499200
2023-06-22,14.996740341186523,15.460197067429553,14.987995685837886,15.433963101383638,7546200
2023-06-23,14.82185173034668,14.883062647818885,14.66445127520535,14.865573337720424,11736600
2023-06-26,15.145393371582031,15.197859626189056,14.953015992774835,14.979248286142266,8858800
2023-06-27,15.320281028747559,15.364002623666304,15.00548020814241,15.101669718409969,3835400
2023-06-28,15.189117431640625,15.320283908927806,15.07543859488542,15.311539254725695,5953300
2023-06-29,15.468939781188965,15.6001062592102,15.355260943797571,15.390239560801772,6982500
2023-06-30,15.582616806030273,15.67006167985663,15.381494763740227,15.573872151860414,7588500
2023-07-03,15.993606567382812,16.054817476230003,15.565126869708111,15.600105484976321,4241300
2023-07-05,15.853693008422852,16.107282953252042,15.748760503430983,15.879926968606867,7620100
2023-07-06,15.600104331970215,15.740015446957853,15.364003699976553,15.73127079378712,7491600
2023-07-07,16.02858543395996,16.185985885768886,15.626341317445934,15.626341317445934,8389200
2023-07-10,16.142261505126953,16.203474084980357,15.853694585878523,15.897417857202385,5901200
2023-07-11,16.36087417602539,16.378363485963728,16.08105188850158,16.26468630710933,5445400
2023-07-12,16.518274307250977,16.850564518102733,16.45706339153417,16.614463842161594,6345200
2023-07-13,16.824325561523438,16.850559518134546,16.544503362492406,16.59696960784276,6131700
2023-07-14,16.570741653442383,17.034196666359545,16.457062812931618,17.034196666359545,8047700
2023-07-17,16.789350509643555,16.92051697171363,16.51827126444373,16.570739183569405,5433700
2023-07-18,17.174104690551758,17.270294204651133,16.74562670536581,16.789349969898257,5532500
2023-07-19,17.506399154663086,17.602587024654753,17.112898016012213,17.427698926932912,8669600
2023-07-20,17.794963836669922,17.838685438570415,17.357741146176174,17.567607837468508,10674300
2023-07-21,17.244060516357422,18.083528861953095,16.929261346147072,18.031062611563375,12963600
2023-07-24,17.488908767700195,17.690030818239393,17.34899763098838,17.44518716292987,7794300
2023-07-25,17.436443328857422,17.74249958026784,17.375232412149817,17.620076078980237,6688700
2023-07-26,17.690032958984375,17.847433423800936,17.541377149754567,17.68128830339762,7745000
2023-07-27,17.45392608642578,17.891148703835707,17.418949144326387,17.803705514651263,5404100
2023-07-28,17.70751953125,17.73375349395253,17.462674216309814,17.67254091431329,4619000
2023-07-31,17.812454223632812,17.873665137150457,17.663798433144688,17.751241642242864,5374100
2023-08-01,17.794963836669922,17.80370849062446,17.54137387560489,17.71626361895127,6832400
2023-08-02,17.716264724731445,17.78622029286191,17.480164056839012,17.558864279469823,9114700
2023-08-03,17.92612648010254,17.934871132188675,17.506393187199137,17.637559632747468,7033300
2023-08-04,18.022319793701172,18.232186484502442,17.829940742895857,17.864919358632168,7428900
2023-08-07,18.345863342285156,18.38084195743496,18.048551785000505,18.135996655002845,7619800
2023-08-08,18.275907516479492,18.319630784786643,17.567607248625144,17.78621858654445,8611500
2023-08-09,18.022319793701172,18.24093113843652,17.95236423010075,18.179720228770172,6060500
2023-08-10,18.092273712158203,18.267161771320467,18.01357350177997,18.170973922536437,5667500
2023-08-11,18.03106689453125,18.205954993329303,17.908643390712946,18.013577584289717,4138200
2023-08-14,17.742496490478516,17.89115059495378,17.67253926314131,17.89115059495378,4501500
2023-08-15,17.261545181274414,17.567601284022825,17.252800530581993,17.488901095662616,5476900
2023-08-16,17.042936325073242,17.235313663867093,16.981725429451192,17.156615132261464,6008500
2023-08-17,17.139129638671875,17.25280680326029,17.06917407557004,17.15661894641538,6373100
2023-08-18,17.08666229248047,17.27903966176087,16.894283255327988,17.007962080531193,5633300
2023-08-21,16.955495834350586,17.191596493504225,16.868052628328268,17.15661954466975,6299800
2023-08-22,16.107282638549805,16.999217252914647,16.072304025654525,16.911772388548517,9386900
2023-08-23,16.439573287963867,16.448317942339983,15.897418059622883,16.05481850264842,8154900
2023-08-24,16.413341522216797,16.710653109107177,16.33464129816509,16.439573818319143,5525800
2023-08-25,16.21221923828125,16.52701846214172,16.142262002009687,16.439573584674577,4916000
2023-08-28,16.413341522216797,16.55325266100376,16.282175038088063,16.36961824892566,4098700
2023-08-29,16.50078582763672,16.596973689790673,16.299662113229846,16.45706255586467,6525000
2023-08-30,16.247194290161133,16.553250491599208,16.212217343984502,16.492039584886015,6490900
2023-08-31,16.247194290161133,16.44208914065371,16.211757941145326,16.35349995781231,10171500
2023-09-01,16.442087173461914,16.530676345704176,16.35349800121965,16.433228087267896,7725500
2023-09-05,16.31806755065918,16.663563552756887,16.264914709497614,16.450950498412272,5747900
2023-09-06,16.043439865112305,16.256052883654895,15.866261504811112,16.167463703504296,7013300
2023-09-07,15.759954452514648,16.185180452153006,15.697940849081707,15.999143021250024,9864000
2023-09-08,15.875120162963867,15.963709340721419,15.573917972407008,15.81310824544299,7580100
2023-09-11,15.919415473937988,16.22947678175967,15.901698988401069,16.078875671657606,7318300
2023-09-12,16.114309310913086,16.23833313729561,15.945990053895443,15.990283794832656,6196300
2023-09-13,15.821969985961914,16.2914898343415,15.724521705114087,16.2914898343415,6359900
2023-09-14,15.928277015686035,16.132030993188394,15.7953940603453,16.016866215812676,9729700
2023-09-15,15.910557746887207,15.972571365513096,15.680228207927254,15.76881571228185,15295600
2023-09-18,15.768816947937012,15.90170159427851,15.671370347571308,15.857406148931855,4871300
2023-09-19,15.892839431762695,15.910555916776776,15.697942889324537,15.821968422611949,7735500
2023-09-20,15.777671813964844,16.149745006795534,15.75109624356852,16.052298432512316,8504500
2023-09-21,15.432178497314453,15.901700033720369,15.432178497314453,15.724521649118584,7095700
2023-09-22,15.113258361816406,15.511908889730872,15.095541874785578,15.44989696087714,7457200
2023-09-25,15.325870513916016,15.3524477774498,15.015810887846376,15.086681900904898,7504800
2023-09-26,14.944938659667969,15.33472835494831,14.936079572543674,15.13983350730814,8436700
2023-09-27,15.006951332092285,15.060104167804338,14.723467288697089,14.98923315695554,10992700
2023-09-28,15.095541000366211,15.281576776151159,14.927221710585851,14.944939886288676,7952900
2023-09-29,15.237282752990723,15.520766800352712,15.175269139144358,15.281576501754207,8740000
2023-10-02,14.634879112243652,15.17526997360576,14.581724583166752,15.13097622240664,12951900
2023-10-03,14.51085376739502,14.590583872410788,14.200794125331834,14.519712855696586,12657100
2023-10-04,14.546287536621094,14.634876714201582,14.324815437518883,14.581722193834477,10824300
2023-10-05,14.670312881469727,14.77662024344842,14.377969748151065,14.431124273989509,10817300
2023-10-06,14.634879112243652,14.767762055539308,14.298240520216474,14.48427799258903,11894200
2023-10-09,14.537431716918945,14.714610111897573,14.404548765534177,14.519713539481403,9831900
2023-10-10,14.67917251586914,14.856350895866981,14.626019677749092,14.696890691808576,9235900
2023-10-11,14.608302116394043,14.900645272900839,14.510853834325667,14.66145495675028,5637400
2023-10-12,14.431123733520508,14.661453244734771,14.315957288215245,14.634877672509042,6367100
2023-10-13,14.200794219970703,14.608302146368558,14.129922357935024,14.58172488128674,7569300
2023-10-16,14.652597427368164,14.661454825933232,14.298240655626127,14.36911167203487,7750800
2023-10-17,14.874068260192871,15.042385853338372,14.56400695696448,14.56400695696448,8344000
2023-10-18,14.652597427368164,14.882926963422847,14.599442897787869,14.767762195395505,9921100
2023-10-19,14.599441528320312,14.971514751989313,14.546288693424213,14.776619897571514,11228900
2023-10-20,12.792228698730469,13.244032005783485,12.242977967447,12.81880596021527,37373000
2023-10-23,12.570757865905762,12.916254696667332,12.561899622693263,12.623911549426442,16855600
2023-10-24,12.553040504455566,12.756794460288571,12.40243938716633,12.59733509980813,19157400
2023-10-25,12.455591201782227,12.677063300467301,12.154389012394681,12.446732115071061,17128200
2023-10-26,12.783371925354004,12.951690376520617,12.411298670302388,12.482169686040873,13223800
2023-10-27,12.411298751831055,12.730218324749185,12.37586324372904,12.659347308545156,10744000
2023-10-30,12.597332954406738,12.703639458238776,12.358142687147911,12.570755694811986,14051400
2023-10-31,12.87195873260498,12.942829739864477,12.650486623706792,12.67706388506589,9568600
2023-11-01,12.880819320678711,12.995984932107476,12.730218201491029,12.845383812919794,9314900
2023-11-02,13.669260025024414,13.678118268068488,12.933972626871688,13.013701883363074,9298700
2023-11-03,13.94388484954834,14.307099000995606,13.899590255380575,14.050191368641508,12918000
2023-11-06,13.713554382324219,14.059051221822772,13.651542454022872,13.96160378522792,8446000
2023-11-07,13.607247352600098,13.713553873536528,13.536376338642476,13.616106440557083,6646800
2023-11-08,13.50979995727539,13.624965566489797,13.412352524024337,13.571811883448866,6332100
2023-11-09,13.306045532226562,13.651541502802273,13.261750938733776,13.580670491153455,6527300
2023-11-10,13.394635200500488,13.430070709833194,13.182022144504254,13.376917868258728,6380400
2023-11-13,13.279468536376953,13.385775055988848,13.164302928918456,13.261751205532864,5927200
2023-11-14,14.103344917297363,14.298239778034654,13.7224125938442,13.740130769283466,8531500
2023-11-15,14.351394653320312,14.43998215327431,14.103345260233665,14.129921679189689,9286000
2023-11-16,14.245086669921875,14.422265041541317,14.05905005560073,14.324816768180806,9392700
2023-11-17,14.537431716918945,14.55514989435649,14.271665814149406,14.386830588096633,6685000
2023-11-20,14.439983367919922,14.510854387663516,14.245088486049635,14.457701545280418,5744900
2023-11-21,14.138782501220703,14.395690168902533,14.1210643231775,14.351396413492985,6156400
2023-11-22,14.209651947021484,14.324816705279702,14.059049993866623,14.280522957418427,3770000
2023-11-24,14.21850872039795,14.29823881480526,14.13877947083969,14.25394506888924,2510400
2023-11-27,14.147638320922852,14.236226656119662,13.988178134779943,14.103343730899928,6079200
2023-11-28,14.174216270446777,14.245087284211081,14.01475606705253,14.156498094581139,9558000
2023-11-29,14.590582847595215,14.714608385407486,14.315957888329118,14.333676063687758,7337000
2023-11-30,14.776619911193848,14.891784668524588,14.626018804100935,14.69688981392712,10424000
2023-12-01,15.5650634765625,15.63593450173228,14.705752085166614,14.723470263883689,11017600
2023-12-04,15.627073287963867,15.689085215344948,15.334730137668567,15.361307402131155,8158000
2023-12-05,15.06010627746582,15.503050579744226,15.042388099847063,15.503050579744226,14188100
2023-12-06,15.148694038391113,15.591638298638232,15.130975862453646,15.246140626650662,9195600
2023-12-07,15.49911117553711,15.526066768445004,15.148697036490574,15.24753078298375,8886500
2023-12-08,15.669822692871094,15.903432633348336,15.47215182044761,15.570987256659352,7372600
2023-12-11,15.696776390075684,15.804597020533762,15.57997227801765,15.61591134566982,6780500
2023-12-12,15.508092880249023,15.723732433689522,15.481137293412399,15.714747238077313,6671000
2023-12-13,16.262832641601562,16.30775690720301,15.436213472778418,15.499108130120796,11750800
2023-12-14,17.610578536987305,17.7723086109304,16.712079649526224,16.855839334419947,21939300
2023-12-15,17.547685623168945,17.736369585581667,17.25118102955553,17.502759646105826,21975400
2023-12-18,17.188283920288086,17.691444559187534,17.14335965891347,17.691444559187534,10048700
2023-12-19,17.394943237304688,17.45783790051275,17.080468207513334,17.170318460846726,8389700
2023-12-20,17.044527053833008,17.592612044994418,17.035541857317952,17.30509261151663,8305500
2023-12-21,17.1972713470459,17.314077183779236,17.008587368285657,17.233212131810294,6791000
2023-12-22,17.314077377319336,17.43986669789893,17.14336207528206,17.287121788444725,4685500
2023-12-26,17.58362579345703,17.628551773336742,17.26915078930266,17.341030643359296,4500100
2023-12-27,17.556671142578125,17.655504866439312,17.439865313809236,17.6015954067195,4563300
2023-12-28,17.565656661987305,17.619567841711532,17.520732392634805,17.583627055228714,3783100
2023-12-29,17.412904739379883,17.59260517197424,17.36798048810646,17.538695727696066,4118300
2024-01-02,17.52073097229004,17.700431462634395,17.12539092178299,17.206255971062863,7612800
2024-01-03,16.891780853271484,17.31407648854134,16.85584178370115,17.251181831480093,8616300
2024-01-04,17.044527053833008,17.251183146177297,16.78396320990039,16.900767337094113,6867900
2024-01-05,17.421897888183594,17.529718539727128,16.89178325507605,16.954679634831262,8809400
2024-01-08,17.529714584350586,17.53869977943107,17.2242248066171,17.32306023875168,5250500
2024-01-09,17.179302215576172,17.484790309266284,17.14336143175916,17.466821631108676,11562000
2024-01-10,16.999601364135742,17.170316656150955,16.819900876356478,17.170316656150955,11157600
2024-01-11,16.68512535095215,16.918735285333504,16.487456197437506,16.88279621821755,9862000
2024-01-12,16.424562454223633,16.828885978860047,16.262832358868724,16.748020931182594,11575100
2024-01-16,16.1280574798584,16.343697030790246,16.056177629547783,16.1639965481383,8907100
2024-01-17,16.11907196044922,16.208922199969717,15.741702325463761,15.85850643721486,8966200
2024-01-18,16.1280574798584,16.289785857744175,15.894447537911192,16.21790600743356,11401100
2024-01-19,16.73004913330078,16.7749733897427,15.903430133015501,16.12805484272617,12612700
2024-01-22,17.134374618530273,17.170315398954916,16.819899644817585,16.846855230136068,9640000
2024-01-23,17.044527053833008,17.323063004546743,16.864828264784894,17.21524236011707,5910700
2024-01-24,17.29610824584961,17.367988107671927,17.035542675649275,17.251183974867317,6693200
2024-01-25,17.188283920288086,17.53869967126283,17.017570356063967,17.50275889116256,10631300
2024-01-26,17.206254959106445,17.376970243518166,17.089450846877867,17.27813480826652,7811500
2024-01-29,17.430879592895508,17.44884998351079,17.161330588669337,17.179300979284623,5945100
2024-01-30,17.50275993347168,17.655504830492514,17.394941014251575,17.403926209811722,5903600
2024-01-31,16.774978637695312,17.3140784524052,16.774978637695312,16.945693950332842,13833400
2024-02-01,16.370651245117188,16.89178059917962,15.741702970214718,16.81091555167417,18174700
2024-02-02,16.44253158569336,16.52339663560258,16.074147119996194,16.14602697394318,10951200
2024-02-05,16.137042999267578,16.27181923515037,16.011253673778068,16.27181923515037,9002600
2024-02-06,16.047195434570312,16.298774100822644,15.93038958488076,16.056180631758057,10609000
2024-02-07,16.029226303100586,16.208926833511413,15.651856560238866,16.146030448241735,11993400
2024-02-08,16.074148178100586,16.16399842988657,15.822569529601052,15.903434584833334,8686300
2024-02-09,16.17298126220703,16.262831500858333,15.921400936733537,16.020236370625046,9743500
2024-02-12,16.586292266845703,16.783963162112116,16.101103652671146,16.217907779532297,8061800
2024-02-13,16.074148178100586,16.307758147243735,15.822569529601052,16.22689309201145,11382500
2024-02-14,16.433547973632812,16.478472239338124,16.22689189563608,16.29877174901511,6968800
2024-02-15,16.66715431213379,16.91873462716153,16.541365011495262,16.541365011495262,6784200
2024-02-16,16.604263305664062,16.70309875714157,16.40659411646011,16.46050358374281,5519700
2024-02-20,16.55035400390625,16.721069318051757,16.406594280547218,16.460503748369085,6049100
2024-02-21,16.46949005126953,16.532384720243773,15.95734578819219,16.46949005126953,14634600
2024-02-22,16.379638671875,16.71208410287418,16.208925071666986,16.469488927314057,8950500
2024-02-23,16.424562454223633,16.550351766721516,16.23587677172596,16.43354764993789,5413900
2024-02-26,16.379638671875,16.58629305975907,16.280804933268012,16.370653474955986,7313200
2024-02-27,16.69411277770996,16.70309797412771,16.451517615683663,16.487458401354665,5919600
2024-02-28,16.68512535095215,16.78396078458485,16.586289917319448,16.62223069818616,7011000
2024-02-29,16.95820426940918,17.176668986091084,16.839870806046797,16.930897481966017,11593900
2024-03-01,16.921796798706055,16.985514959118333,16.530383257671026,16.830770111178662,7490700
2024-03-04,17.31320571899414,17.477053365575976,17.1220495525856,17.29500003910967,8520500
2024-03-05,17.741029739379883,17.913980235264926,17.249488509218825,17.249488509218825,8543600
2024-03-06,17.586286544799805,17.768339897894528,17.34051503897876,17.722825691526126,10905500
2024-03-07,17.795650482177734,18.05052488364919,17.7046255223999,17.759240845504564,10504900
2024-03-08,17.923086166381836,18.105137797905755,17.850265166534353,18.005010008233956,8768200
2024-03-11,17.81385612487793,17.995909516366304,17.750137958713943,17.85937034084493,6778800
2024-03-12,17.613595962524414,17.923085636778616,17.5953902790531,17.841161797347237,8502700
2024-03-13,17.659109115600586,17.8138539586916,17.558981325028473,17.659109115600586,6076600
2024-03-14,17.194873809814453,17.65910831812287,17.04012897371165,17.49526064034466,8690900
2024-03-15,17.340518951416016,17.504366658931353,16.99461958592018,17.049234909695343,37178700
2024-03-18,17.458852767944336,17.622700462222056,17.285902231074555,17.531673772491136,5137000
2024-03-19,17.586286544799805,17.62269790989453,17.322311092620847,17.413336032978762,7664700
2024-03-20,17.995906829833984,18.07783067015471,17.449748473092324,17.477056998595753,6982400
2024-03-21,18.341806411743164,18.451038779194008,18.12334341303105,18.12334341303105,8544100
2024-03-22,18.077829360961914,18.523858161412576,18.059623678611413,18.43283148584951,6199900
2024-03-25,18.159753799438477,18.32359973747506,18.06872712084738,18.123342433526243,5911300
2024-03-26,18.123342514038086,18.305395872029035,18.114239672519588,18.250778822918054,4329400
2024-03-27,18.82424545288086,18.833348294286985,18.25077859762118,18.323599592680726,6171200
2024-03-28,19.151941299438477,19.18835092982538,18.824245945008766,18.824245945008766,8206700
2024-04-01,18.715009689331055,19.170141259746035,18.633085867761224,19.170141259746035,5925500
2024-04-02,18.532962799072266,18.678604799615147,18.405524746455047,18.605783799343705,6915400
2024-04-03,18.414628982543945,18.696811899123592,18.39642329705047,18.54206704480853,4968900
2024-04-04,18.25988006591797,18.787832674445948,18.205264757777652,18.696807739608534,5238700
2024-04-05,18.341806411743164,18.36911493765327,18.014112781769786,18.15065193894116,3490400
2024-04-08,18.56937026977539,18.724115094364745,18.369112976384802,18.43283112718229,4611600
2024-04-09,18.833345413208008,18.833345413208008,18.53295863751615,18.660394925328088,5321400
2024-04-10,17.913982391357422,18.47834467673417,17.786546082309027,18.46924357139314,6684200
2024-04-11,17.668210983276367,17.986803493974342,17.47705651857129,17.950392127636515,8061100
2024-04-12,17.46795654296875,17.568084344446817,17.240390674588923,17.34051847606699,6276900
2024-04-15,17.49526023864746,17.88667374075518,17.376926771963245,17.64090222973087,6936600
2024-04-16,17.122051239013672,17.367822733093572,16.985512098810183,17.29500174257242,7244600
2024-04-17,17.167566299438477,17.331413970330296,17.003718628546657,17.27679692257339,8080300
2024-04-18,17.29500389099121,17.458851574064617,17.14025904988739,17.194874365515332,9397100
2024-04-19,17.203977584838867,17.25859290166475,16.748845893514083,17.249491795685117,18046100
2024-04-22,17.458852767944336,17.540776615083196,17.02192674066355,17.14936306457302,13334500
2024-04-23,17.613595962524414,17.759237957915857,17.367824444230276,17.51346643962172,10539800
2024-04-24,17.995906829833984,18.050522144651286,17.413337105754422,17.4224399475889,11041600
2024-04-25,17.850265502929688,18.232576193381178,17.613596814917848,18.205267666852635,9220900
2024-04-26,17.859363555908203,18.13244180320601,17.777439734481028,17.89577317865964,5245500
2024-04-29,17.904878616333008,18.023212077681407,17.81385194196302,17.886672934221128,4486200
2024-04-30,17.540775299072266,17.904880294488983,17.52256961525404,17.759238296322295,5531900
2024-05-01,17.81385612487793,18.18706401485827,17.604495939999165,17.622701626385965,7339300
2024-05-02,17.87757110595703,18.03231594029572,17.65000527523481,18.014111993341967,4897200
2024-05-03,18.023212432861328,18.278086778882173,17.95039143916815,18.12334195026049,4133700
2024-05-06,18.050525665283203,18.223476221491957,17.98680749620363,18.20527053427211,5926700
2024-05-07,17.88667869567871,18.205271290500463,17.859371899904538,18.159758806750197,7865400
2024-05-08,17.968595504760742,17.968595504760742,17.686414396615014,17.76833822417172,9638500
2024-05-09,18.0050106048584,18.04142023789384,17.85026575803108,17.85936860033735,6587800
2024-05-10,18.050525665283203,18.096038147142924,17.968601808983788,18.032319978063356,7888600
2024-05-13,18.14154815673828,18.250778782338386,18.07783000243997,18.14154815673828,5749500
2024-05-14,18.296293258666992,18.532961932530707,18.177958053640378,18.305396100299003,7291200
2024-05-15,18.441938400268555,18.542067939122337,18.296296381675678,18.460144086640117,6376000
2024-05-16,18.296293258666992,18.469243777296153,18.278087575402974,18.360011413901546,4156300
2024-05-17,18.369112014770508,18.451035843275573,18.268982505222247,18.451035843275573,3248400
2024-05-20,18.096033096313477,18.39641990683965,18.05962346822606,18.369113119821442,3436900
2024-05-21,18.105138778686523,18.24167967996306,18.050523459889718,18.168856939981076,5415600
2024-05-22,17.731929779052734,18.0050098278877,17.61359630655695,17.98680414406079,5775700
2024-05-23,17.222183227539062,17.731930234457305,17.149362226550743,17.704623444205193,6810100
2024-05-24,17.404233932495117,17.422437877811895,17.213077749059497,17.267693057388524,3559600
2024-05-28,17.349620819091797,17.540777045840013,17.240390177684024,17.4315446682425,5931600
2024-05-29,16.967308044433594,17.103848933921814,16.666921212700665,17.031026200227014,8225900
2024-05-30,17.29500389099121,17.304106732960797,16.967308524844395,17.122053365948215,5945600
2024-05-31,17.613595962524414,17.640902751541848,17.295003446534555,17.38603012770159,13353900
2024-06-03,17.438472747802734,17.779500735414647,17.198831791804043,17.733414921956804,5484900
2024-06-04,17.19883155822754,17.45690683610446,17.15274750338959,17.19883155822754,4834400
2024-06-05,17.263347625732422,17.30943343239107,17.09744223774882,17.30021627105934,3635700
2024-06-06,17.180397033691406,17.364736766891678,17.079011762625843,17.291001225210366,6845000
2024-06-07,17.143529891967773,17.208048270249268,16.996058810754654,17.02370853973589,5173300
2024-06-10,16.765636444091797,16.922324700877482,16.590513861097417,16.830154827828117,9003900
2024-06-11,16.765636444091797,16.79328617541073,16.332438568158025,16.572079534888726,11162200
2024-06-12,17.226482391357422,17.67811279198554,17.12509536497362,17.263349282228116,11038500
2024-06-13,17.281784057617188,17.30943554498721,16.96840756606621,17.13431297429837,8277200
2024-06-14,17.189611434936523,17.25412980379466,17.04214037526258,17.08822618015675,7175300
2024-06-17,17.4200382232666,17.429255385852795,17.042143347202693,17.19883159517997,5214000
2024-06-18,17.493772506713867,17.549075478250177,17.327867108092704,17.420036969326006,5321300
2024-06-20,17.42925453186035,17.521424395212176,17.36473615491225,17.42003736972578,4414900
2024-06-21,17.447690963745117,17.49377502199085,17.217267156528187,17.38317257900344,11028300
2024-06-24,17.79793357849121,17.890103448840563,17.346303147572844,17.558292618780516,6224900
2024-06-25,17.530641555786133,17.899319251166688,17.512207231518623,17.733413848746956,6156100
2024-06-26,17.4016056060791,17.502992646484465,17.208050446753425,17.392390200582415,6873900
2024-06-27,17.696548461914062,17.705763866836946,17.254133431870656,17.383171954713934,7364800
2024-06-28,18.470773696899414,18.479989102386025,17.797934826755203,17.834803480678364,13355800
2024-07-01,18.341733932495117,18.83945017901622,18.332516769634275,18.526073673723836,9129300
2024-07-02,18.516855239868164,18.544506726552697,18.286431458145557,18.30486578260191,6434300
2024-07-03,18.332517623901367,18.73806401870595,18.332517623901367,18.609027248629367,5070600
2024-07-05,17.98227310180664,18.387819471644807,17.973055939083725,18.332516495307306,10228000
2024-07-08,18.240352630615234,18.38782375252669,18.056012849228697,18.11131408044688,5822600
2024-07-09,18.53529167175293,18.627459788526163,18.065226892634044,18.111310951020663,7062500
2024-07-10,18.609025955200195,18.6643271731044,18.43390338084385,18.53529041199658,6046900
2024-07-11,19.088308334350586,19.171261049883263,18.691980842131848,18.86710167892819,12536600
2024-07-12,18.86709976196289,19.180476264802994,18.84866719437951,19.125175046064754,11522600
2024-07-15,19.35559844970703,19.503069535350992,19.13439182124109,19.189693038859073,8411800
2024-07-16,20.065303802490234,20.120605019155654,19.26342824986873,19.36481527875032,8772000
2024-07-17,20.378679275512695,20.507716027283625,19.80722753853849,19.871745914423954,7534900
2024-07-18,20.360246658325195,20.86717830391559,20.258859626009503,20.277293951520363,13159600
2024-07-19,20.360246658325195,20.756575866838503,19.521504185515468,20.139040026176986,18490800
2024-07-22,20.636756896972656,20.68284271608258,20.111390865079223,20.406333075405765,12762700
2024-07-23,20.636756896972656,21.051520478990756,20.461636058337675,20.59988999967896,11029700
2024-07-24,20.378679275512695,20.848743988670375,20.33259346559887,20.636752779054557,8384600
2024-07-25,20.784225463867188,21.06995223347167,20.304945309615658,20.304945309615658,7900700
2024-07-26,20.977781295776367,21.014648186689495,20.728923189635474,20.839527378362742,7329000
2024-07-29,20.673622131347656,21.088383886739912,20.609103753264016,21.023865508656268,6610800
2024-07-30,20.950132369995117,21.05151940888895,20.710491396787795,20.867179657808194,5419200
2024-07-31,20.618322372436523,20.959348611545003,20.581453720644213,20.84874617215623,8303200
2024-08-01,19.853317260742188,20.682842664724326,19.751930216946356,20.627539681929743,8660900
2024-08-02,19.244993209838867,19.456984422167686,18.811797139068332,19.410898611664066,8259400
2024-08-05,18.811800003051758,19.014572326156806,18.323300885305827,18.69198039348836,8178200
2024-08-06,19.06987190246582,19.327945402524403,18.655108408809,18.765712593115442,5878700
2024-08-07,18.885536193847656,19.57680765815245,18.87631903003095,19.41090222544022,5303600
2024-08-08,19.198911666870117,19.300298705236735,19.00535651143655,19.162044771642165,4973100
2024-08-09,19.106740951538086,19.254212041952737,19.042222569230933,19.189693659645584,6177600
2024-08-12,19.125173568725586,19.586021124598492,18.913184114942588,19.31872869835513,9194200
2024-08-13,19.254213333129883,19.2818648236847,18.986922623076733,19.263430496648155,5943000
2024-08-14,19.254213333129883,19.41090159695214,19.180477782977892,19.346383210318418,5679000
2024-08-15,19.47541618347168,19.84409562028775,19.39246524398129,19.613671851274628,7098900
2024-08-16,19.81644630432129,19.844097792507498,19.374033041306173,19.45698574787076,5037600
2024-08-19,20.05608558654785,20.083737072425084,19.8164446495935,19.82566181155258,4141500
2024-08-20,20.12982177734375,20.203557317414848,19.945482048169026,19.945482048169026,7250300
2024-08-21,20.083742141723633,20.240428660595224,19.825666815710832,20.2035617614473,5965300
2024-08-22,20.42476463317871,20.53536882604888,20.056086920268157,20.056086920268157,6464200
2024-08-23,21.023866653442383,21.189772067830702,20.507717842674086,20.56301906147218,10817700
2024-08-26,21.005434036254883,21.281941887586676,20.857961189818006,21.19898918058833,6183500
2024-08-27,20.977781295776367,21.042299673369797,20.81187589168244,20.904045755956172,4990400
2024-08-28,21.180553436279297,21.337241677003476,20.87639411699047,20.959346818432323,4592200
2024-08-29,21.392547607421875,21.558453046875314,20.98700293097382,21.26351082473334,5318400
2024-08-30,21.586097717285156,21.63218176568237,21.364891120589768,21.43862665282156,13068400
2024-09-03,21.427724838256836,21.791063951668786,21.39045837690039,21.50225598400705,6637900
2024-09-04,21.26934242248535,21.53020227805681,21.055065635924365,21.3625067835439,6410900
2024-09-05,21.06438446044922,21.511571308107975,20.95258686005324,21.427723552051635,7210900
2024-09-06,20.654462814331055,21.269345189564515,20.561298441152097,21.092333058220753,8837400
2024-09-09,21.00848388671875,21.204129234928864,20.766259020496705,20.77557385792159,5794200
2024-09-10,20.794208526611328,21.092333099801614,20.374971511923473,21.036435186569094,8460200
2024-09-11,20.496084213256836,20.626513271440423,19.871885213865507,20.4867675981062,9847500
2024-09-12,20.430866241455078,20.70104092744701,20.263170750926538,20.524030600300083,7586200
2024-09-13,20.46813201904297,20.72899188243856,20.170007476283686,20.496081861287568,6943300
2024-09-16,20.77557373046875,20.812840187789675,20.51471563707223,20.51471563707223,6602400
2024-09-17,20.989852905273438,21.260027620712055,20.84079062565988,20.887371921678167,5077300
2024-09-18,21.166860580444336,21.567466072710104,20.906002512522303,21.064381386744532,6598500
2024-09-19,21.76311492919922,21.82832945675335,21.334559527187967,21.3997740547421,9119200
2024-09-20,21.53020477294922,21.697900286894466,21.4370404010949,21.688583672012776,15209000
2024-09-23,21.343873977661133,21.71652965229603,21.213444935779524,21.595417224400595,5168600
2024-09-24,21.353193283081055,21.651317860365673,21.213447609599225,21.46499088804411,7821600
2024-09-25,20.99916648864746,21.343872294134698,20.952583422390887,21.334555680883383,5024600
2024-09-26,21.334558486938477,21.36250833036856,21.04575054601101,21.222762667143176,5894500
2024-09-27,21.45567512512207,21.66995195143632,21.269346368436718,21.390458816408294,4541100
2024-09-30,21.735164642333984,21.77243110129987,21.297294411260232,21.43704007845717,7454700
2024-10-01,20.99916648864746,21.651313423578962,20.81283777754573,21.558149068028094,9990200
2024-10-02,21.01780128479004,21.55815250066885,20.924636914404886,20.999169832283062,8778700
2024-10-03,20.89668846130371,21.01780089669426,20.719676338536722,20.961902986280357,7960900
2024-10-04,21.278661727905273,21.40909078370827,20.99917038633811,21.241395267982927,7376500
2024-10-07,21.250713348388672,21.35319434327949,21.036436519946715,21.26934657963477,4426200
2024-10-08,21.185497283935547,21.45567378657767,21.157547439087622,21.297294886364643,4379200
2024-10-09,21.502254486083984,21.632683537820036,21.073700872115495,21.176180079781297,6084700
2024-10-10,21.464990615844727,21.707215499094815,21.371826242384046,21.47430545392443,4967900
2024-10-11,22.070554733276367,22.191667165876545,21.688582429817156,21.707213881550842,7084100
2024-10-14,22.21961784362793,22.331413666079765,21.8842268223473,22.117136858911614,5191100
2024-10-15,22.13576889038086,22.666803460695352,22.11713566199308,22.33141245756516,10043000
2024-10-16,22.340728759765625,22.638853301956875,22.228932944925123,22.322095531638062,7567200
2024-10-17,22.340728759765625,22.601588622664188,22.19166648867,22.396628444148313,12409700
2024-10-18,22.191667556762695,22.797233284355073,22.061238507517036,22.65748762059722,11191500
2024-10-21,22.0146541595459,22.45252613143843,21.865591889911716,22.405943061576234,11433300
2024-10-22,22.023971557617188,22.173033832558293,21.77243007925562,22.014654943313058,9066600
2024-10-23,22.023971557617188,22.12645253800013,21.819011373813783,21.940123805842504,5810600
2024-10-24,22.13576889038086,22.36867891434072,21.95875677462187,22.36867891434072,9158200
2024-10-25,21.89354133605957,22.368677978290393,21.79106036117771,22.275513617212553,7022700
2024-10-28,22.415260314941406,22.480474837646295,22.014654787511404,22.033288015987793,7344300
2024-10-29,22.238250732421875,22.555006742492335,22.154402978385935,22.433894307197384,5798000
2024-10-30,22.415260314941406,22.7786011623811,22.20098351835035,22.20098351835035,7778700
2024-10-31,22.238250732421875,22.657487725639047,22.22893411786649,22.555006742492335,7391000
2024-11-01,21.949440002441406,22.471159731769266,21.91217532289653,22.275514389030704,7072800
2024-11-04,21.791061401367188,22.033288040947223,21.669948970058407,21.96807351816846,6051100
2024-11-05,22.005342483520508,22.070557013732984,21.80969711592041,21.86559503082215,4771700
2024-11-06,24.511451721191406,24.530084950565303,23.207155873382195,23.309636857976066,20811400
2024-11-07,23.672977447509766,24.33444291653875,23.52391515698883,24.26922660959351,9131300
2024-11-08,23.868621826171875,23.989734265844636,23.51459756812055,23.719557764860067,6488000
2024-11-11,24.408971786499023,24.511450991077822,24.15742852833173,24.222643052235288,7492200
2024-11-12,24.39034080505371,24.52076986487881,24.15743075424451,24.166747369512397,7045300
2024-11-13,24.315807342529297,24.9027398327691,24.25059281883182,24.57666543731921,6713600
2024-11-14,24.474185943603516,24.604614989455865,24.241275917745764,24.408971420677343,9158800
2024-11-15,24.558032989501953,24.74435993865738,24.343754421377692,24.641880738558744,9270700
2024-11-18,24.53008270263672,24.651195128543222,24.408970276730216,24.50213286113719,6366200
2024-11-19,24.46487045288086,24.54871820819735,24.204010572233717,24.25991026041975,6214900
2024-11-20,24.46487045288086,24.58598289002548,24.325124786340897,24.58598289002548,6632900
2024-11-21,24.91205406188965,25.079749550748218,24.520765180207093,24.67914405557771,6854000
2024-11-22,25.415143966674805,25.452408648705543,24.92137404678891,25.079752943585323,7976700
2024-11-25,25.59215545654297,26.04865893778005,25.54557415768797,25.62942191719709,11189700
2024-11-26,25.443092346191406,25.610787859794083,25.35924458939007,25.433775731328748,6036300
2024-11-27,25.387195587158203,25.741218083207293,25.34992912601479,25.592155792558973,5389900
2024-11-29,25.396509170532227,25.564204671732256,25.200863826811368,25.48035692113224,4016600
2024-12-02,24.9451847076416,25.49994016949314,24.898170469021235,25.452925930872773,6647400
2024-12-03,24.76653289794922,25.058013988576864,24.625493776252597,25.001598698580164,5504800
2024-12-04,24.72892189025879,24.84175426540147,24.4562464898961,24.71011798890981,8001400
2024-12-05,24.71952247619629,25.067418885263823,24.65370254017417,24.869964457427095,5871300
2024-12-06,24.691312789916992,24.992196738459107,24.51266227294144,24.82294906905172,4042400
2024-12-09,24.19297218322754,24.681909487299045,24.145959739663258,24.550273210591243,6824100
2024-12-10,23.81686782836914,24.362220436540415,23.751049688429305,24.34341474129766,10201800
2024-12-11,23.882686614990234,24.11775243166024,23.788659929640264,24.108349583784253,8280300
2024-12-12,23.553592681884766,23.9955175381559,23.403150711829408,23.85447841540522,9574900
2024-12-13,23.610010147094727,23.610010147094727,23.290320507210584,23.54419200830854,7466700
2024-12-16,23.67582893371582,23.769855617444527,23.421957425671252,23.704035683447554,7852300
2024-12-17,23.13987922668457,23.58180230989949,23.008241151766004,23.421957485177526,7187700
2024-12-18,21.898731231689453,23.290320365412892,21.851716994692858,23.215099379628104,8936900
2024-12-19,21.785898208618164,22.35945932905644,21.691871530830127,22.17140597348037,8786300
2024-12-20,22.350055694580078,22.472289116011638,21.635455479338823,21.654261172915877,29520600
2024-12-23,22.415874481201172,22.491095464289376,22.14319729662537,22.23722397383805,5356700
2024-12-24,22.58512306213379,22.58512306213379,22.256030575179544,22.378264005151806,2592000
2024-12-26,22.556913375854492,22.575719069791838,22.28423798740175,22.453483852608787,5432900
2024-12-27,22.321849822998047,22.707357620370455,22.209019234865075,22.35946121464895,6100100
2024-12-30,22.246627807617188,22.331251641520996,21.955146709398388,22.086782987288856,6013000
2024-12-31,22.114992141723633,22.425278943487697,22.03977115321749,22.25603127099642,7412500
2025-01-02,21.87052345275879,22.34065507867344,21.861120605031317,22.209018797308484,8641800
2025-01-03,22.209016799926758,22.2560292409262,21.7764948104113,21.936339620582935,7709600
2025-01-06,22.359458923339844,22.829590510339685,22.237223706410465,22.350056076390686,10026500
2025-01-07,22.425277709960938,22.70735595299049,22.218418657890183,22.444083404405504,8402400
2025-01-08,22.397069931030273,22.547511904890662,22.058574593139504,22.406472778572773,7851500
2025-01-10,21.68246841430664,22.180808545004577,21.56963783709068,22.058573327375985,6557600
2025-01-13,22.209016799926758,22.227820700280734,21.597844306476027,21.654261387766955,9145100
2025-01-14,22.566316604614258,22.6791489767376,22.312445112394016,22.50990131525744,7821500
2025-01-15,23.22450065612793,23.39374651763863,22.989434867274042,23.31852553694177,9422900
2025-01-16,23.055255889892578,23.196295022194338,22.726163385581895,22.933020660063818,9896600
2025-01-17,22.754371643066406,23.61941391528405,22.594526816893257,23.61941391528405,15291500
2025-01-21,23.177486419677734,23.35613692134109,22.68854914849889,22.810784362998422,12669700
2025-01-22,22.86720085144043,23.083460958103867,22.6791492865456,23.083460958103867,9213600
2025-01-23,22.8107852935791,23.00823970341258,22.688550074092905,22.933018719655582,5116200
2025-01-24,23.008241653442383,23.13987973123121,22.622733854838398,22.68855199702788,5209600
2025-01-27,23.290319442749023,23.29972228977584,22.9236155823419,23.139877477139322,7120900
2025-01-28,23.271516799926758,23.374946337373164,23.07406236670354,23.233905406888088,8675500
2025-01-29,23.111669540405273,23.74164596039776,23.10226669313258,23.27151435722157,7472600
2025-01-30,23.290319442749023,23.544190932244028,23.07405934136129,23.403150020251452,6473600
2025-01-31,23.1680850982666,23.43135944471409,23.04585166912905,23.22450218255448,13614400
2025-02-03,22.613330841064453,22.82018990746856,22.274837284656577,22.509903101272258,7173000
2025-02-04,22.904813766479492,23.1398795833164,22.622733710229287,22.660345101759923,6742700
2025-02-05,22.86720085144043,23.055254209744998,22.61332935575218,23.036448515232596,6244700
2025-02-06,23.1680850982666,23.22450218255448,22.904812545228875,23.027045974366423,5397300
2025-02-07,22.989437103271484,23.22450291498833,22.76377234582267,23.22450291498833,4715000
2025-02-10,22.641536712646484,23.036447309691873,22.613328172354084,23.02704446292774,4990000
2025-02-11,22.933019638061523,22.998837777308523,22.44408412076533,22.50990226001233,7163700
2025-02-12,22.556913375854492,22.6979524935652,22.472289546546133,22.641537205162855,6645100
2025-02-13,22.613330841064453,22.622733688938265,22.406473568070204,22.54751269935764,5623500
2025-02-14,22.86720085144043,23.02704566797639,22.650940744776992,22.71675888216067,8730000
2025-02-18,23.186891555786133,23.22450294654865,22.857799060253374,22.92361720067796,7556500
2025-02-19,23.055255889892578,23.233904620550202,22.923617812122384,22.933020660063818,5666700
2025-02-20,22.622732162475586,23.111669458463656,22.434680597917684,23.05525416843726,8375400
2025-02-21,21.992755889892578,22.7449675333188,21.95514629409663,22.726161838715953,9066400
2025-02-24,22.039772033691406,22.312447455390682,21.82351011386313,22.07738163274204,7279700
2025-02-25,21.973955154418945,22.331254436299332,21.84231706664406,22.180812444622326,8472400
2025-02-26,21.983352661132812,22.293639443056687,21.898730623707863,22.049172591100668,4752600
2025-02-27,22.002159118652344,22.387666897645676,21.926938132346567,21.9927562711879,11692200
2025-02-28,22.293638229370117,22.340652462501943,21.93633902461634,22.162001963420245,8334000
2025-03-03,21.98954963684082,22.597732033520362,21.789991062359253,22.38866859832507,6678600
2025-03-04,21.248329162597656,21.770984104871218,20.78269069470351,21.75197800923773,10815800
2025-03-05,20.99175262451172,21.37186548028745,20.545120245540364,21.229323385936684,10910500
2025-03-06,20.858713150024414,20.991752193685212,20.535616776115877,20.773187532665034,10475600
2025-03-07,20.972745895385742,21.077277607263458,20.393072675003516,20.773187331823934,10446600
2025-03-10,20.4595947265625,20.925233203731914,20.250531295471813,20.61163986961696,12826000
2025-03-11,19.946441650390625,20.659153961058557,19.908431269665993,20.52611490974064,10254100
2025-03-12,20.01296043395996,20.24102814741431,19.651853674120844,20.17450862422192,11286500
2025-03-13,19.803897857666016,20.317049734965025,19.765885667670023,20.18401069502102,6914400
2025-03-14,20.364566802978516,20.39307413551698,20.003458215641405,20.117492983358687,5857300
2025-03-17,20.469100952148438,20.51661438703344,20.09848927246428,20.288546637046995,8173800
2025-03-18,20.412078857421875,20.4976044743192,20.18401114986935,20.459594095987622,9839400
2025-03-19,20.668655395507812,20.86821395690264,20.33605598066211,20.41207854869647,6870100
2025-03-20,20.60213851928711,20.85871539902959,20.393075070968983,20.431087266125452,7736500
2025-03-21,20.63064193725586,20.7066663131387,20.231524838996236,20.440586435111403,38594800
2025-03-24,21.162805557250977,21.25783423193414,20.82070305340007,20.839709150840946,6572000
2025-03-25,21.30534553527832,21.46689372234973,21.058271730785513,21.19131077454278,8350300
2025-03-26,21.134296417236328,21.723472750426332,21.096286034864736,21.390873295199132,6674400
2025-03-27,20.839706420898438,21.153299737508195,20.79219118352061,21.105784500130365,5411100
2025-03-28,20.355064392089844,20.934737672140947,20.222025336020884,20.716171178214683,5097500
2025-03-31,20.64965057373047,20.763685339074467,20.08898342020812,20.15550294477499,9062300
2025-04-01,20.49760627746582,20.678160574856737,20.241029404203125,20.52611542311318,7170800
2025-04-02,20.925233840942383,20.95374117330752,20.117492861042756,20.155503241703315,7369700
2025-04-03,18.635053634643555,19.8799240859124,18.625550585394624,19.78489540594441,12987700
2025-04-04,17.732284545898438,18.08389013095517,17.124103871769368,18.026871833364535,14885100
2025-04-07,17.75128936767578,18.635052978997987,16.905537952011894,17.276147797074273,22347100
2025-04-08,17.428190231323242,18.635050067071372,17.133603011088674,18.31195370454792,13295100
2025-04-09,19.005661010742188,19.30024824890279,16.85802109902579,17.209626625233795,18922900
2025-04-10,18.055377960205078,18.663558532542083,17.361671768318047,18.48300605795521,16402700
2025-04-11,18.02686882019043,18.12189748776949,17.39017910368813,17.950846248631397,13082000
2025-04-14,18.311954498291016,18.48300573439669,17.97935507392121,18.34996487713614,7134300
2025-04-15,18.464000701904297,18.834610526459617,18.321458601115417,18.368972030537993,9745000
2025-04-16,18.21692657470703,18.559029060858506,18.064881428088846,18.43549124640553,12571400
2025-04-17,18.349966049194336,20.336057861907243,17.922339744137634,19.281244859417114,18651900
2025-04-21,18.14090347290039,18.273942519185205,17.893829663713543,18.197919948090874,8791600
2025-04-22,18.796598434448242,18.796598434448242,18.349964263438242,18.425986831107032,10732600
2025-04-23,19.024667739868164,19.784893480588504,18.89162687585125,19.30024889118386,7553500
2025-04-24,19.518815994262695,19.556826376239023,18.84411404210127,18.90113052132636,8695200
2025-04-25,19.271739959716797,19.50931071054531,19.157705201809875,19.35726557501674,6572600
2025-04-28,19.442790985107422,19.53781965579893,19.176712882196565,19.290745837009464,5151200
2025-04-29,19.49981117248535,19.547324606193882,19.176714748207658,19.319256861854566,5584200
2025-04-30,19.39527702331543,19.433289215556453,18.93914159154968,19.072180639351085,6629600
2025-05-01,19.490304946899414,19.689863510978714,19.176711622974075,19.31925371339086,5091600
2025-05-02,20.003456115722656,20.050971352500625,19.727874992494264,19.84190793571948,5370300
2025-05-05,20.06047821044922,20.307552051064754,19.528318332575157,19.78489522235144,9176600
2025-05-06,19.680362701416016,19.98445482474777,19.642352318825314,19.718374896527944,4772700
2025-05-07,19.746883392333984,19.984454166393494,19.64235167174103,19.82290596753218,5446900
2025-05-08,20.24102783203125,20.35506259324214,19.860914982196686,19.96544669559658,5981300
2025-05-09,20.107990264892578,20.30755065854148,20.060476834868215,20.250532367486837,7438100
2025-05-12,21.143798828125,21.314850074940182,20.839708528240745,21.010759775055927,9459600
2025-05-13,21.324350357055664,21.40037292216463,21.096282661728765,21.18180827404147,6511000
2025-05-14,21.324350357055664,21.419379016572105,21.162802179633996,21.210315603131754,8373100
2025-05-15,21.34335708618164,21.42888270830075,21.12479241299775,21.33385585040941,5749600
2025-05-16,21.466896057128906,21.552421683852227,21.210319176958944,21.333856998902064,4804800
2025-05-19,21.419382095336914,21.428883331385407,21.17230827008881,21.21982170041602,5162200
2025-05-20,21.143798828125,21.38136960147472,21.067776253153937,21.343357407728607,4874200
2025-05-21,20.26003646850586,20.94424149653667,20.26003646850586,20.868217104514343,6422000
2025-05-22,20.30755043029785,20.488102912378075,20.136499184098778,20.231527855600614,7083000
2025-05-23,20.184011459350586,20.298046221135852,19.77538946402486,19.77538946402486,5621300
2025-05-27,20.592634201049805,20.611640297456393,20.24102866761236,20.49760553153797,5924100
2025-05-28,20.2695369720459,20.697165060863316,20.260033924236506,20.573627251862266,6733700
2025-05-29,20.49760627746582,20.49760627746582,20.279041598399605,20.42158370159404,6978900
2025-05-30,20.37407112121582,20.478601034573945,20.222025963130132,20.38357417016133,12194700
2025-06-02,20.297151565551758,20.38368622614781,19.989473587390425,20.374071060092092,6311800
2025-06-03,20.700977325439453,20.739436151957797,20.200999743364367,20.210614908470262,5752500
2025-06-04,20.47983169555664,20.825970295292812,20.47983169555664,20.672131325166774,6233000
2025-06-05,20.49906349182129,20.575982982387202,20.306765682359167,20.489448326262387,5007300
2025-06-06,21.200952529907227,21.2682586839224,20.604826979871408,20.893274590030007,11085200
2025-06-09,21.23941421508789,21.508633342434806,21.181725057051146,21.287488207800966,8651300
2025-06-10,21.4990177154541,21.643241524401617,21.152879106855877,21.24902892412263,10581400
2025-06-11,21.431713104248047,21.71054555326213,21.354791784348766,21.60478057230582,14710900
2025-06-12,21.229799270629883,21.3067187601142,20.970195305905825,21.239414436053583,8155200
2025-06-13,20.681747436523438,21.008655721478288,20.595212782629197,20.9317362328951,10896400
2025-06-16,20.845203399658203,21.01827272256287,20.739438405904146,20.97981205795942,12151300
2025-06-17,20.710594177246094,20.854817997769835,20.575983688705943,20.64328801602333,11073100
2025-06-18,21.11441993713379,21.239415258577214,20.614444153076164,20.672133313947167,13444900
2025-06-20,21.34518051147461,21.383639341227436,21.143265695079773,21.316335013730953,21251700
2025-06-23,21.76823616027832,21.797081657163297,21.152880231308153,21.210569391172776,9331300
2025-06-24,21.998994827270508,22.229755136570727,21.95092083261108,21.95092083261108,11431800
2025-06-25,22.00861167907715,22.09514634321787,21.81631385180203,21.989383180083475,8770600
2025-06-26,22.450897216796875,22.508586374010086,22.066299778866732,22.15283443163917,7746100
2025-06-27,22.450897216796875,22.652810183995733,22.34513223365162,22.498971208823676,10748900
2025-06-30,22.614351272583008,22.768190247179742,22.51820145498374,22.54704695043509,9647800
2025-07-01,23.239322662353516,23.393161639109838,22.450897448001037,22.450897448001037,11081600
2025-07-02,23.60468864440918,23.671994798187203,23.181632395521216,23.373930190314333,8659200
2025-07-03,23.845064163208008,24.027748641636432,23.652766353093376,23.81622050033874,4691600
2025-07-07,23.623920440673828,23.96044389483521,23.46046629630432,23.806604915888055,7645800
2025-07-08,23.7104549407959,23.88352424945803,23.470081308521888,23.720070106155493,8879800
2025-07-09,23.681608200073242,23.998901304642622,23.64314937456144,23.92198181971384,8090400
2025-07-10,23.883522033691406,24.066206490764788,23.643148423717783,23.710452741085582,6482300
2025-07-11,23.739301681518555,23.864295169936085,23.566232363782454,23.691225852199988,6445100
2025-07-14,23.74891471862793,23.845062700836014,23.575845416405045,23.69122372861683,7096300
2025-07-15,23.10471534729004,23.777760450898498,23.03740918641436,23.691225792249423,12049100
2025-07-16,23.152788162231445,23.277781643960402,22.768190717790112,23.239322816468903,11168500
2025-07-17,23.56623077392578,23.66238059217096,23.037407690529943,23.11432901225028,10246300
2025-07-18,25.008472442626953,25.152696252446585,24.470036030144538,24.518110022116005,23430000
2025-07-21,25.046932220458984,25.402686009833666,24.873864742447168,25.152697207498406,17171900
2025-07-22,25.191158294677734,25.431531935528074,24.96039798562471,25.04693264304326,18208200
2025-07-23,25.354610443115234,25.44114325980026,25.181541141934794,25.364223774153974,24666800
2025-07-24,25.287303924560547,25.633442521939635,25.229614769632423,25.46037322325009,25188100
2025-07-25,25.402685165405273,25.441143992383246,24.864248750376884,25.268076520124488,18073500
2025-07-28,25.287303924560547,25.489218717666738,25.162310449898747,25.421914397933065,20406300
2025-07-29,25.181543350219727,25.46037582242516,25.143082687071193,25.46037582242516,19801000
2025-07-30,24.71040916442871,25.344995382088744,24.556570192505383,25.26807589612708,17970800
2025-07-31,24.354656219482422,24.768099158225883,24.25850640030169,24.623875346407416,18280600
2025-08-01,23.931598663330078,24.01813331918337,23.460466555853994,23.950828994387546,14881800
2025-08-04,24.210433959960938,24.26812312160612,23.93159964984936,24.0565949729702,13331300
2025-08-05,24.210433959960938,24.335427449176393,23.796990994708814,24.28735345345631,11527300
2025-08-06,23.97005844116211,24.29696672145779,23.96044327598809,24.229662399144896,9542000
2025-08-07,23.691225051879883,24.22966331862647,23.65276622362959,24.22966331862647,9196800
2025-08-08,23.9604434967041,24.04697815016216,23.63353521339705,23.864293677983454,7576800
2025-08-11,23.681608200073242,24.152742108405366,23.64314937456144,24.027746799205357,11623600
2025-08-12,24.354656219482422,24.36427138479102,23.796989468920497,23.88352412279263,21326400
2025-08-13,24.84501838684082,24.960396701526303,24.40272995679914,24.527725270597866,23710100
2025-08-14,25.046932220458984,25.046932220458984,24.470036959275642,24.65271960282789,17438000
2025-08-15,24.614259719848633,25.1911567902172,24.614259719848633,25.133465799446682,16244500
2025-08-18,24.700796127319336,24.72963979084897,24.431576986308762,24.5469571421434,10508200
2025-08-19,24.729639053344727,25.008473351851375,24.62387590038126,24.652719563050702,15819700
2025-08-20,24.864248275756836,24.90270710200069,24.575798826354458,24.739252964177574,13900300
2025-08-21,24.748870849609375,24.873866174928114,24.566186361631054,24.70079685304396,14219300
2025-08-22,25.72959327697754,25.816127929486736,24.816172760005,24.873863750947958,17468600
2025-08-25,25.623828887939453,25.854587355342975,25.623828887939453,25.719978707833906,21616300
2025-08-26,26.03727149963379,26.07573216066605,25.402685263843498,25.556524240162037,19624900
2025-08-27,26.354564666748047,26.47955998143108,25.85458707582642,25.941121729405364,20348700
2025-08-28,26.277647018432617,26.518020665448613,26.12380803105481,26.518020665448613,18288700
2025-08-29,26.33533477783203,26.489173757017713,26.191110964083617,26.296875949988255,15961100
2025-09-02,26.107175827026367,26.13630313156202,25.796491985933134,25.990670312527286,19564500
2025-09-03,26.155723571777344,26.349900063158334,25.786785090056192,26.058634400175887,18485900
2025-09-04,26.563495635986328,26.573204737972276,26.116886203741977,26.281937233859388,17124500
2025-09-05,26.24310302734375,26.806217987277495,26.05863379079697,26.592621444384843,17502300
2025-09-08,26.252811431884766,26.320773293064086,25.90329117230904,26.320773293064086,19666500
2025-09-09,26.039213180541992,26.48582257746927,25.874162163476516,26.213973298825636,21556000
2025-09-10,26.252811431884766,26.446987913565412,25.97125303348836,26.194556820740925,20332400
2025-09-11,26.252811431884766,26.388735154243403,26.08776040395421,26.27222778377755,18682200
2025-09-12,26.36931610107422,26.505239819054243,26.116885016381485,26.233392383094195,17753400
2025-09-15,26.116886138916016,26.43727909636963,26.039215175043076,26.408153642305933,18593100
2025-09-16,25.78678321838379,26.165430774964044,25.476099373266916,26.165430774964044,16191800
2025-09-17,26.146011352539062,26.58290979492957,25.796491117169296,25.854743872457025,20749900
2025-09-18,26.60232925415039,26.66058201219032,25.990670665176637,26.12659438454374,18314900
2025-09-19,26.36931610107422,26.650874490400575,26.31106334362875,26.602328982677875,32203200
2025-09-22,25.78678321838379,26.311063595884857,25.738239562017448,26.213974431330385,18542200
2025-09-23,25.951833724975586,26.379024929401936,25.825619109847352,25.91299917102142,18053700
2025-09-24,25.883872985839844,26.10717677324119,25.63144189284717,25.961543948928217,17567500
2025-09-25,25.825620651245117,25.942126171882983,25.60231686017099,25.767367890926185,13320300
2025-09-26,25.854745864868164,26.194557025239458,25.825620410890693,25.971253236243577,17473800
2025-09-29,25.728530883789062,26.00038017865099,25.43726523715414,25.94212556786655,23658200
2025-09-30,25.60231590270996,25.942125201713957,25.14599738378152,25.84503788875384,22620300
2025-10-01,25.446971893310547,25.67998662736714,25.320757276533186,25.534351955626327,21412700
2025-10-02,25.437265396118164,25.514936359160984,25.136288793983134,25.359594433075344,20726100
2025-10-03,25.621732711791992,25.796492841156144,25.466390786095374,25.544061748943683,21006600
2025-10-06,25.10716438293457,26.08776148946314,25.058618871628063,25.689695704037405,28172100
2025-10-07,24.980947494506836,25.398429625767086,24.971238392405215,25.23337859368331,24422200
2025-10-08,24.553756713867188,25.087744336275925,24.534338510770418,25.05861703163077,20149200
2025-10-09,24.57317352294922,24.864441019361852,24.427540700653804,24.679971790149363,24114800
2025-10-10,23.45665168762207,24.699388875378173,23.437233485042665,24.689679774088468,17838900
2025-10-13,23.845006942749023,23.99063976127673,23.5634504071717,23.864425145705187,34952800
2025-10-14,24.427539825439453,24.563463541135587,23.5634501725339,23.61199382761917,45545300
2025-10-15,24.01976776123047,24.57317359875329,23.864425836726586,24.553757247056662,35798600
2025-10-16,22.67023468017578,24.058604786447162,22.476056343645656,23.980933822199486,56001800
2025-10-17,22.893537521362305,23.340146936128978,22.039156950074705,22.96149938078246,47515900
2025-10-20,23.35956382751465,23.437234790336287,22.971209013406447,23.08771638354982,51485500
2025-10-21,23.65083122253418,23.786754943916435,23.19451269762778,23.19451269762778,52041300
2025-10-22,23.408109664916992,23.747918974638146,23.30131139510643,23.641122556649435,62396100
2025-10-23,23.398401260375977,23.563452295083792,23.26247568061419,23.45665402208994,44692700
2025-10-24,23.854717254638672,23.922679116611935,23.582869806745624,23.689666224779955,58105400
2025-10-27,23.534324645996094,23.980934084165366,23.29160264859289,23.94209767570635,49146400
2025-10-28,23.56344985961914,23.73820997852012,23.33043698502507,23.466360698916183,52778600
2025-10-29,23.369272232055664,23.786754339198385,23.213930311047456,23.35956313051493,32437800
2025-10-30,23.4954891204834,23.932387586699804,23.369272650018228,23.398399955161373,30640000
2025-10-31,23.4954891204834,23.59257643398362,23.165387069481596,23.340147196696883,23296900
2025-11-03,23.534324645996094,23.544033748110845,23.1750971268596,23.378982715803794,23508200
2025-11-04,23.446945190429688,23.59257802230626,23.21393228906279,23.378983325675417,20686600
2025-11-05,23.670246124267578,23.786753486759377,23.194511276750994,23.446942352298475,23884300
2025-11-06,23.602285385131836,23.83529826932515,23.311019742845637,23.63141269008917,23956300
2025-11-07,24.12656593322754,24.136275034948316,23.456652729068516,23.524614589292135,30064800
2025-11-10,24.311037063598633,24.47608625029457,24.019769544661322,24.272200653678212,23496300
2025-11-11,24.33045196533203,24.563464855488593,24.126566380878227,24.35957927103479,17758800
2025-11-12,24.65084457397461,24.942112071439,24.340160724803383,24.398413483567534,16884500
2025-11-13,24.233362197875977,24.67997161514643,24.213945846376923,24.524629692223264,16272600
2025-11-14,24.233362197875977,24.311035011159355,23.88384379720974,24.136274884915338,14510600
2025-11-17,23.592575073242188,24.252779137167412,23.46636046187846,24.194526382062744,15588200
2025-11-18,23.476070404052734,23.592575918435827,22.90324637817419,23.30131028065633,23726800
2025-11-19,23.51490592956543,23.689666060180617,23.359564002756784,23.466362271870917,15745700
2025-11-20,23.398401260375977,24.029478092439295,23.33043939640604,23.786756091505566,16512600
2025-11-21,24.184818267822266,24.359578392089432,23.524614176955982,23.53432327850658,14122100
2025-11-24,24.12656593322754,24.243071450233227,23.932387602455652,24.15569138656806,11537800
2025-11-25,24.67997169494629,24.80618631329629,24.281907784690848,24.349869644711756,10966600
2025-11-26,24.70909881591797,24.932402597700523,24.57317324506711,24.631427854783958,10417500
2025-11-28,24.70909881591797,24.845022534947038,24.68968061267902,24.718806065715658,3895200
2025-12-01,24.851360321044922,25.204558304092284,24.40986284223572,24.527596127020534,12005100
2025-12-02,24.929847717285156,25.13588049091844,24.83173696180774,25.027958472762577,9854100
2025-12-03,25.704919815063477,25.744162993230486,24.929846929715254,25.00833515735623,12200600
2025-12-04,25.910951614379883,26.12679378009211,25.596998692868635,25.675486923246446,9766600
2025-12-05,25.783409118652344,26.058116991205907,25.685298362180202,25.783409118652344,9895700
2025-12-08,25.842273712158203,25.999250167236966,25.67548599472365,25.861896236869786,10204200
2025-12-09,25.940385818481445,26.28377253363092,25.783409355208608,25.783409355208608,10824400
2025-12-10,26.862619400024414,26.97054140952829,26.028682723589647,26.21509108561488,15523400
2025-12-11,27.313928604125977,27.421850615659213,26.784131679843078,26.833187990224957,11867100
2025-12-12,27.07846450805664,27.45128311840775,26.960731231925955,27.45128311840775,8719100
2025-12-15,26.872432708740234,27.441472842664293,26.862621446101045,27.37279587549696,12464000
2025-12-16,26.990163803100586,27.107895202621503,26.69583156168459,26.97054127941148,10908600
2025-12-17,27.04903221130371,27.34336448219145,27.009789031302905,27.10789791695844,12468900
2025-12-18,26.970542907714844,27.421851623277007,26.774323272897924,27.11770810165428,13741100
2025-12-19,27.137331008911133,27.19619671305497,26.931300108754208,26.970543287747766,20038700
2025-12-22,27.2943058013916,27.45128225039762,27.127518090409342,27.127518090409342,6718400
2025-12-23,27.029407501220703,27.33355101035551,26.99997558642545,27.274683438151225,7041400
2025-12-24,27.20600700378418,27.333551541397874,26.95091979986372,27.107896252844476,4768800
2025-12-26,27.264875411987305,27.313929853305748,27.107897082892915,27.20600783683679,5004400
2025-12-29,27.029407501220703,27.33355101035551,26.99997558642545,27.323739748321465,5765900
2025-12-30,26.803754806518555,27.10789645249542,26.79394354422163,27.10789645249542,5142900
2025-12-31,26.587913513183594,26.85281198988063,26.57810225056811,26.85281198988063,6220000
2026-01-02,27.03921890258789,27.147140914211647,26.303391088004602,26.57810081245285,10729600
2026-01-05,27.735803604125977,27.892780055228002,26.96073073941618,27.029407702859952,19793500
2026-01-06,28.16748809814453,28.216544409010137,27.45128280126894,27.539582289520112,15593700
2026-01-07,27.922210693359375,28.21654292919603,27.765234249435885,28.138054707234286,14499300
2026-01-08,28.295032501220703,28.70709615400768,27.80448062272701,27.853535062053616,14661100
2026-01-09,27.981081008911133,28.530498616554098,27.971269746289845,28.373522157227534,10426200
2026-01-12,27.72599220275879,27.93202309205527,27.52977070421337,27.74561472687471,12024200
2026-01-13,27.313928604125977,27.91240249163661,27.255062902974622,27.784857955950624,14122200
2026-01-14,27.608259201049805,27.79466943937164,27.05884161954573,27.235440595713055,14757800
2026-01-15,27.981081008911133,28.0693805011957,27.647505565015436,27.72599379467872,15745900
2026-01-16,27.24525260925293,27.529771734352654,26.823377681508926,27.127519331458828,30172600
2026-01-20,27.10789680480957,27.569016782223326,26.735078189215752,26.784132630030978,20403100
2026-01-21,28.108623504638672,28.38333324239617,27.17657601712775,27.235441721180432,18288000
2026-01-22,27.75542640686035,28.442197919496596,27.676936309214803,28.187110716069334,18186900
2026-01-23,26.960731506347656,27.686748081173693,26.931299590495616,27.58863919992428,11166300
2026-01-26,27.215818405151367,27.34336294341714,26.73507778152662,27.0195987735757,13484300
2026-01-27,27.34336280822754,27.421851034731137,27.127518781862452,27.284495234869645,11724700
2026-01-28,27.333553314208984,27.461095988787967,27.068654830882963,27.333553314208984,13515600
2026-01-29,27.922210693359375,28.0399439619554,27.44147009993034,27.47090388490605,21691400
2026-01-30,27.961458206176758,28.12824592646939,27.637694028115412,27.853536189720646,19274400
2026-02-02,28.569744110107422,28.58936476434727,27.824104981089157,28.03013588541033,13285800
2026-02-03,29.266326904296875,29.32519260958833,28.57955348110412,28.628609794936192,18509300
2026-02-04,29.86479949951172,30.257240636098498,29.22708241864483,29.433113313612786,18101200
2026-02-05,29.92366600036621,29.95309978813545,29.39386904836188,29.76668954154426,15984200
2026-02-06,30.345539093017578,30.581003766956258,30.090451895090617,30.345539093017578,10975800
2026-02-09,30.178752899169922,30.541760254671267,29.972720129547096,30.227807340300274,8745000
2026-02-10,30.23761749267578,30.48289343193669,29.77649940053576,30.119886089762414,10145500
2026-02-11,30.365161895751953,30.728169236333006,29.854987495214736,30.40440507278187,15583600
2026-02-12,29.21727180480957,30.93420345287852,28.903317017264804,30.630059927879557,18718000
2026-02-13,29.17802619934082,29.35462517919047,28.74634001207578,28.903316467207258,11073900
2026-02-17,29.21727180480957,29.698012441712038,29.0799160004753,29.40368017925888,10232600
2026-02-18,29.49197769165039,29.727442363026633,29.187836058369438,29.30556932971099,11337500
2026-02-19,29.158403396606445,29.452735650651814,28.864073013868012,29.246702885689363,12017400
2026-02-20,29.49197769165039,29.531222739199862,28.785583677521668,29.148591010819967,14965300
2026-02-23,28.16748809814453,29.59008930102951,27.951645944256615,29.295758921063545,14377300
2026-02-24,27.902591705322266,28.304844100777913,27.745615252037474,28.089000074031123,15307100
2026-02-25,28.452009201049805,28.569742476291268,28.04975680687745,28.167488210811985,15999700
2026-02-26,28.805208206176758,29.10934986062637,28.5108759429904,28.569743518411865,13209600
2026-02-27,27.304119110107422,28.442199386365967,27.088276944371152,28.353899893267716,21072100
2026-03-02,27.705284118652344,27.933108775959745,26.803896741483364,26.803896741483364,13054900
2026-03-03,27.477460861206055,27.774622713110713,26.84351860001793,27.041624611990738,13561700
2026-03-04,27.56661033630371,27.685475459704545,27.269450361747186,27.665664290921566,10896600
2026-03-05,27.477460861206055,27.57651481184094,27.160489730611992,27.39821807855754,14579000
2026-03-06,26.784088134765625,26.89304578477253,26.23929232754292,26.576074640575996,13960600
2026-03-09,26.70484161376953,26.833612313010306,25.81335986000544,26.31853329464104,19249800
2026-03-10,26.506736755371094,27.071341827572873,26.368062355685602,26.724653939062147,13793700
2026-03-11,25.96194076538086,26.536453306687086,25.347809666317698,26.44730493919453,18771400
2026-03-12,25.080364227294922,25.51620047482162,24.991215860998622,25.466672555047587,24667800
2026-03-13,24.76339340209961,25.397335668618325,24.68415061878477,25.288378022371035,14116000
2026-03-16,25.09027099609375,25.40724214042813,25.040744963277895,25.2190398149932,15486400
2026-03-17,25.209135055541992,25.486483850476432,25.050649490066036,25.456768987760295,11108100
2026-03-18,24.961502075195312,25.387430867843534,24.882259289435524,25.129893231096997,9701000
2026-03-19,24.971405029296875,25.14970176429001,24.486042744758322,24.88225855109729,12259800
2026-03-20,25.11998748779297,25.13979676713481,24.723771672203643,25.030839118215074,35145900
2026-03-23,25.219038009643555,26.031278870476015,25.199228731513525,26.031278870476015,18022300
2026-03-24,25.397335052490234,25.724211761896186,24.733676049842156,24.8129188312346,19034800
2026-03-25,25.51620101928711,25.833172155416626,25.179418714825246,25.674686587351868,14863100
2026-03-26,25.268566131591797,25.56572608820007,25.139795431577134,25.337903328847265,17858300
2026-03-27,24.921878814697266,25.258661114028065,24.812919279826428,25.179418331202992,11670600
2026-03-30,25.001121520996094,25.28837778866832,24.79310992520335,25.209135006085802,14578500
2026-03-31,25.87279510498047,25.952037890890026,25.23885092840697,25.44686442223021,14128400
2026-04-01,26.09071159362793,26.269008329463176,25.872794410549844,26.1204283460328,10007400
2026-04-02,26.219480514526367,26.259102851225986,25.50629545760624,25.526106625956047,7608500
2026-04-06,26.48692512512207,26.48692512512207,25.95203681473703,26.23929119326121,8633300
2026-04-07,26.358156204223633,26.477019433025223,26.22938550217546,26.358156204223633,9017500
2026-04-08,27.21001625061035,27.437840907956748,26.942573035172668,27.160490219050743,11083800
2026-04-09,27.883581161499023,27.95291836215129,26.803897036007104,27.071342143634723,12924900
2026-04-10,27.23973274230957,27.89348617698124,27.180301127147686,27.883580592904764,13031700
2026-04-13,27.56661033630371,27.60623267386967,26.883140127667257,26.883140127667257,8779100
2026-04-14,27.48736572265625,27.626040116321665,27.061435068630285,27.536891752023347,10482200
2026-04-15,27.5864200592041,27.82414840424871,27.309069378670255,27.546797723714864,13203100
2026-04-16,27.655757904052734,27.824149055227828,27.368501632925874,27.63594673584461,17836100
2026-04-17,27.86376953125,28.378848569413634,27.467555613161434,28.190646249835194,14650600
2026-04-20,28.04206657409668,28.160931695474684,27.447744745800687,27.725095436151353,9461400
2026-04-21,28.081687927246094,28.43827950029416,27.843959582115065,28.03216000786654,7599300
2026-04-22,27.943012237548828,28.279794539316473,27.81424342301272,28.279794539316473,7607000
2026-04-23,28.131214141845703,28.259984843780227,27.715189062813398,28.012350913149017,8451700
2026-04-24,27.497272491455078,28.121309179140834,27.437840875793814,28.07178314763928,7249900
2026-04-27,27.99254035949707,28.151025927434873,27.54679851886137,27.54679851886137,6746800
2026-04-28,28.061878204345703,28.458092133297697,28.061878204345703,28.35903817873544,6959900
2026-04-29,27.744905471801758,28.190645407851903,27.586419909299895,28.07178218062397,5828300
2026-04-30,28.279794692993164,28.368943060962987,27.477461270561765,27.626041254079134,5648200
2026-05-01,27.923202514648438,28.27979408962258,27.923202514648438,28.25007922713129,5729800
2026-05-04,27.398218154907227,27.86376926810247,27.29916420399631,27.70528370236379,6269300
2026-05-05,27.77462387084961,27.87367593631635,27.36850246738839,27.447745253340006,6938400
2026-05-06,27.943012237548828,28.289700123403403,27.943012237548828,27.972728989809614,6280600
2026-05-07,27.685474395751953,28.032160389645743,27.497272078140348,27.86376924005577,14389100
2026-05-08,27.368501663208008,27.89348628552229,27.190206817028564,27.80433791778407,16008700
2026-05-11,26.576074600219727,27.497273167452693,26.33834624243332,27.497273167452693,16833700
2026-05-12,26.89304542541504,26.962382626119382,26.308629177625534,26.635505901872456,13386800
2026-05-13,26.377965927124023,26.863330102346126,26.368062232304542,26.754370566361942,15806500
2026-05-14,26.546356201171875,26.754369682149076,26.377965055351062,26.546356201171875,9986100
2026-05-15,26.407682418823242,26.5760735685472,25.912414553670075,26.5661679845285,14759300
2026-05-18,26.71474838256836,26.8930451190898,26.130332141435648,26.417588414563966,9952700
2026-05-19,26.585979461669922,26.89304501263186,26.43739947825589,26.675127829577743,8572500
2026-05-20,27.26944923400879,27.38831246319695,26.457208351170546,26.76427578671671,11455400
2026-05-21,27.447744369506836,27.50717787402954,26.942572806142735,27.110963957029764,7960000
2026-05-22,27.56661033630371,27.843961031374295,27.487367550468836,27.487367550468836,9709400
2026-05-26,27.982635498046875,28.11140431683568,27.715190386758145,27.725095971172212,10082500
2026-05-27,27.824148178100586,28.259984418455133,27.606231002571775,28.081687688796595,12762100
2026-05-28,27.56661033630371,27.72509590797346,27.34869314758206,27.645853122138586,10592800
2026-05-29,27.735000610351562,27.853865729972313,27.39821830893925,27.635946658883768,13652800
2026-06-01,27.34000015258789,27.760000228881836,27.18000030517578,27.420000076293945,10629600
2026-06-02,28.030000686645508,28.18000030517578,27.1200008392334,27.149999618530273,11126700
2026-06-03,27.399999618530273,27.84000015258789,27.31999969482422,27.790000915527344,10920900
2026-06-04,28.43000030517578,28.459999084472656,27.530000686645508,27.860000610351562,9637100
2026-06-05,28.540000915527344,28.68000030517578,28.239999771118164,28.479999542236328,9464500
2026-06-08,28.559999465942383,28.860000610351562,28.459999084472656,28.649999618530273,9245800
2026-06-09,28.600000381469727,29.270000457763672,28.100000381469727,28.739999771118164,13930200
2026-06-10,28.579999923706055,29.1200008392334,28.469999313354492,28.65999984741211,10055700
2026-06-11,28.889999389648438,29.010000228881836,28.40999984741211,28.709999084472656,11410500
2026-06-12,29.270000457763672,29.399999618530273,29.010000228881836,29.149999618530273,10057600
2026-06-15,28.600000381469727,29.59000015258789,28.56999969482422,29.489999771118164,12012100
2026-06-16,29.0,29.09000015258789,28.610000610351562,28.899999618530273,11731500
2026-06-17,28.649999618530273,29.239999771118164,28.479999542236328,28.90999984741211,11411200
2026-06-18,28.6200008392334,29.079999923706055,28.489999771118164,29.079999923706055,21172100
2026-06-22,28.75,29.1200008392334,28.540000915527344,28.729999542236328,10319000
2026-06-23,29.290000915527344,29.360000610351562,28.639999389648438,28.81999969482422,13810100
2026-06-24,29.489999771118164,29.690000534057617,29.260000228881836,29.309999465942383,12621500
2026-06-25,29.979999542236328,30.209999084472656,29.469999313354492,29.540000915527344,10071000
2026-06-26,30.059999465942383,30.149999618530273,29.809999465942383,30.149999618530273,11192600
2026-06-29,30.270000457763672,30.440000534057617,29.84000015258789,29.959999084472656,10278600
2026-06-30,30.200000762939453,30.420000076293945,30.030000686645508,30.229999542236328,8796200
2026-07-01,30.799999237060547,30.850000381469727,30.0,30.149999618530273,7417200
2026-07-02,30.280000686645508,31.040000915527344,30.09000015258789,30.969999313354492,8239600
2026-07-06,30.479999542236328,30.549999237060547,29.93000030517578,30.219999313354492,7077000
2026-07-07,30.59000015258789,30.799999237060547,30.489999771118164,30.540000915527344,8618600
2026-07-08,29.81999969482422,30.450000762939453,29.549999237060547,30.450000762939453,8076900
2026-07-09,30.579999923706055,30.790000915527344,29.729999542236328,29.93000030517578,10748900
2026-07-10,31.020000457763672,31.190000534057617,30.700000762939453,30.829999923706055,12462900
2026-07-13,31.06999969482422,31.25,30.889999389648438,31.219999313354492,9204700
2026-07-14,30.920000076293945,31.440000534057617,30.780000686645508,31.030000686645508,7922800
2026-07-15,31.479999542236328,31.549999237060547,30.790000915527344,31.010000228881836,7787800
2026-07-16,32.400001525878906,32.470001220703125,31.6200008392334,31.68000030517578,14884200
2026-07-17,31.649999618530273,32.470001220703125,31.459999084472656,31.920000076293945,20191900
2026-07-20,31.110000610351562,31.809999465942383,31.030000686645508,31.520000457763672,18270900
2026-07-21,30.81999969482422,31.149999618530273,30.709999084472656,31.1299991607666,10136800
2026-07-22,30.860000610351562,30.959999084472656,30.6299991607666,30.950000762939453,12082200
2026-07-23,30.65999984741211,30.670000076293945,30.100000381469727,30.639999389648438,10003600
2026-07-24,30.860000610351562,31.030000686645508,30.579999923706055,30.719999313354492,7521900
2026-07-27,30.739999771118164,31.200000762939453,30.56999969482422,31.0,8214500
2026-07-28,31.270000457763672,31.309999465942383,30.84000015258789,30.899999618530273,8104700
2026-07-29,30.940000534057617,31.34000015258789,30.799999237060547,31.059999465942383,8528100
2026-07-30,30.850000381469727,31.149999618530273,30.540000915527344,31.1299991607666,6175100
2026-07-31,30.950000762939453,31.079999923706055,30.729999542236328,30.950000762939453,7194300
2026-08-03,31.479999542236328,31.549999237060547,30.920000076293945,31.030000686645508,8493200
2026-08-04,31.950000762939453,32.04999923706055,31.329999923706055,31.399999618530273,9040200
2026-08-05,31.8799991607666,32.290000915527344,31.84000015258789,32.119998931884766,12309300
2026-08-06,31.389999389648438,32.15999984741211,31.34000015258789,32.119998931884766,8862700
2026-08-07,31.43000030517578,31.6200008392334,31.1200008392334,31.309999465942383,7591900
2026-08-10,31.459999084472656,31.530000686645508,31.18000030517578,31.25,5272900
2026-08-11,31.600000381469727,31.709999084472656,31.34000015258789,31.389999389648438,5174300
2026-08-12,31.600000381469727,31.760000228881836,31.3799991607666,31.68000030517578,6716100
2026-08-13,31.65999984741211,31.90999984741211,31.56999969482422,31.81999969482422,6388100
2026-08-14,31.899999618530273,31.959999084472656,31.530000686645508,31.639999389648438,6198000
