Price,Close,High,Low,Open,Volume
Ticker,WFBIX,WFBIX,WFBIX,WFBIX,WFBIX
Date,,,,,
1993-07-02,2.319514036178589,2.319514036178589,2.319514036178589,2.319514036178589,0
1993-07-06,2.314879894256592,2.314879894256592,2.314879894256592,2.314879894256592,0
1993-07-07,2.314879894256592,2.314879894256592,2.314879894256592,2.314879894256592,0
1993-07-08,2.3171985149383545,2.3171985149383545,2.3171985149383545,2.3171985149383545,0
1993-07-09,2.3218374252319336,2.3218374252319336,2.3218374252319336,2.3218374252319336,0
1993-07-12,2.324158191680908,2.324158191680908,2.324158191680908,2.324158191680908,0
1993-07-13,2.3218374252319336,2.3218374252319336,2.3218374252319336,2.3218374252319336,0
1993-07-14,2.32879376411438,2.32879376411438,2.32879376411438,2.32879376411438,0
1993-07-15,2.32879376411438,2.32879376411438,2.32879376411438,2.32879376411438,0
1993-07-16,2.3311166763305664,2.3311166763305664,2.3311166763305664,2.3311166763305664,0
1993-07-19,2.3311166763305664,2.3311166763305664,2.3311166763305664,2.3311166763305664,0
1993-07-20,2.32647705078125,2.32647705078125,2.32647705078125,2.32647705078125,0
1993-07-21,2.319514036178589,2.319514036178589,2.319514036178589,2.319514036178589,0
1993-07-22,2.3125593662261963,2.3125593662261963,2.3125593662261963,2.3125593662261963,0
1993-07-23,2.3079190254211426,2.3079190254211426,2.3079190254211426,2.3079190254211426,0
1993-07-26,2.3125593662261963,2.3125593662261963,2.3125593662261963,2.3125593662261963,0
1993-07-27,2.3102407455444336,2.3102407455444336,2.3102407455444336,2.3102407455444336,0
1993-07-28,2.314879894256592,2.314879894256592,2.314879894256592,2.314879894256592,0
1993-07-29,2.324158191680908,2.324158191680908,2.324158191680908,2.324158191680908,0
1993-07-30,2.325090169906616,2.325090169906616,2.325090169906616,2.325090169906616,0
1993-08-02,2.3227574825286865,2.3227574825286865,2.3227574825286865,2.3227574825286865,0
1993-08-03,2.325090169906616,2.325090169906616,2.325090169906616,2.325090169906616,0
1993-08-04,2.325090169906616,2.325090169906616,2.325090169906616,2.325090169906616,0
1993-08-05,2.327420234680176,2.327420234680176,2.327420234680176,2.327420234680176,0
1993-08-06,2.329751491546631,2.329751491546631,2.329751491546631,2.329751491546631,0
1993-08-09,2.33440899848938,2.33440899848938,2.33440899848938,2.33440899848938,0
1993-08-10,2.33440899848938,2.33440899848938,2.33440899848938,2.33440899848938,0
1993-08-11,2.3367388248443604,2.3367388248443604,2.3367388248443604,2.3367388248443604,0
1993-08-12,2.3390681743621826,2.3390681743621826,2.3390681743621826,2.3390681743621826,0
1993-08-13,2.34372615814209,2.34372615814209,2.34372615814209,2.34372615814209,0
1993-08-16,2.3460588455200195,2.3460588455200195,2.3460588455200195,2.3460588455200195,0
1993-08-17,2.3460588455200195,2.3460588455200195,2.3460588455200195,2.3460588455200195,0
1993-08-18,2.348388433456421,2.348388433456421,2.348388433456421,2.348388433456421,0
1993-08-19,2.3530466556549072,2.3530466556549072,2.3530466556549072,2.3530466556549072,0
1993-08-20,2.355374336242676,2.355374336242676,2.355374336242676,2.355374336242676,0
1993-08-23,2.355374336242676,2.355374336242676,2.355374336242676,2.355374336242676,0
1993-08-24,2.360036849975586,2.360036849975586,2.360036849975586,2.360036849975586,0
1993-08-25,2.364694833755493,2.364694833755493,2.364694833755493,2.364694833755493,0
1993-08-26,2.364694833755493,2.364694833755493,2.364694833755493,2.364694833755493,0
1993-08-27,2.3716845512390137,2.3716845512390137,2.3716845512390137,2.3716845512390137,0
1993-08-30,2.3740129470825195,2.3740129470825195,2.3740129470825195,2.3740129470825195,0
1993-08-31,2.3758859634399414,2.3758859634399414,2.3758859634399414,2.3758859634399414,0
1993-09-01,2.3758859634399414,2.3758859634399414,2.3758859634399414,2.3758859634399414,0
1993-09-02,2.3805673122406006,2.3805673122406006,2.3805673122406006,2.3805673122406006,0
1993-09-03,2.3946127891540527,2.3946127891540527,2.3946127891540527,2.3946127891540527,0
1993-09-07,2.3992934226989746,2.3992934226989746,2.3992934226989746,2.3992934226989746,0
1993-09-08,2.3992934226989746,2.3992934226989746,2.3992934226989746,2.3992934226989746,0
1993-09-09,2.385248899459839,2.385248899459839,2.385248899459839,2.385248899459839,0
1993-09-10,2.3969528675079346,2.3969528675079346,2.3969528675079346,2.3969528675079346,0
1993-09-13,2.3969528675079346,2.3969528675079346,2.3969528675079346,2.3969528675079346,0
1993-09-14,2.385248899459839,2.385248899459839,2.385248899459839,2.385248899459839,0
1993-09-15,2.382908582687378,2.382908582687378,2.382908582687378,2.382908582687378,0
1993-09-16,2.385248899459839,2.385248899459839,2.385248899459839,2.385248899459839,0
1993-09-17,2.382908582687378,2.382908582687378,2.382908582687378,2.382908582687378,0
1993-09-20,2.3782272338867188,2.3782272338867188,2.3782272338867188,2.3782272338867188,0
1993-09-21,2.373546838760376,2.373546838760376,2.373546838760376,2.373546838760376,0
1993-09-22,2.3782272338867188,2.3782272338867188,2.3782272338867188,2.3782272338867188,0
1993-09-23,2.3805673122406006,2.3805673122406006,2.3805673122406006,2.3805673122406006,0
1993-09-24,2.3805673122406006,2.3805673122406006,2.3805673122406006,2.3805673122406006,0
1993-09-27,2.3946127891540527,2.3946127891540527,2.3946127891540527,2.3946127891540527,0
1993-09-28,2.3969528675079346,2.3969528675079346,2.3969528675079346,2.3969528675079346,0
1993-09-29,2.3899316787719727,2.3899316787719727,2.3899316787719727,2.3899316787719727,0
1993-09-30,2.3847601413726807,2.3847601413726807,2.3847601413726807,2.3847601413726807,0
1993-10-01,2.3918120861053467,2.3918120861053467,2.3918120861053467,2.3918120861053467,0
1993-10-04,2.3941650390625,2.3941650390625,2.3941650390625,2.3941650390625,0
1993-10-05,2.3918120861053467,2.3918120861053467,2.3918120861053467,2.3918120861053467,0
1993-10-06,2.3918120861053467,2.3918120861053467,2.3918120861053467,2.3918120861053467,0
1993-10-07,2.3941650390625,2.3941650390625,2.3941650390625,2.3941650390625,0
1993-10-08,2.405923843383789,2.405923843383789,2.405923843383789,2.405923843383789,0
1993-10-11,2.405923843383789,2.405923843383789,2.405923843383789,2.405923843383789,0
1993-10-12,2.405923843383789,2.405923843383789,2.405923843383789,2.405923843383789,0
1993-10-13,2.403571128845215,2.403571128845215,2.403571128845215,2.403571128845215,0
1993-10-14,2.4106285572052,2.4106285572052,2.4106285572052,2.4106285572052,0
1993-10-15,2.417680501937866,2.417680501937866,2.417680501937866,2.417680501937866,0
1993-10-18,2.408273458480835,2.408273458480835,2.408273458480835,2.408273458480835,0
1993-10-19,2.408273458480835,2.408273458480835,2.408273458480835,2.408273458480835,0
1993-10-20,2.4106285572052,2.4106285572052,2.4106285572052,2.4106285572052,0
1993-10-21,2.4012200832366943,2.4012200832366943,2.4012200832366943,2.4012200832366943,0
1993-10-22,2.3941650390625,2.3941650390625,2.3941650390625,2.3941650390625,0
1993-10-25,2.38710880279541,2.38710880279541,2.38710880279541,2.38710880279541,0
1993-10-26,2.3918120861053467,2.3918120861053467,2.3918120861053467,2.3918120861053467,0
1993-10-27,2.3918120861053467,2.3918120861053467,2.3918120861053467,2.3918120861053467,0
1993-10-28,2.3918120861053467,2.3918120861053467,2.3918120861053467,2.3918120861053467,0
1993-10-29,2.3915774822235107,2.3915774822235107,2.3915774822235107,2.3915774822235107,0
1993-11-01,2.3821239471435547,2.3821239471435547,2.3821239471435547,2.3821239471435547,0
1993-11-02,2.3726699352264404,2.3726699352264404,2.3726699352264404,2.3726699352264404,0
1993-11-03,2.3726699352264404,2.3726699352264404,2.3726699352264404,2.3726699352264404,0
1993-11-04,2.365582227706909,2.365582227706909,2.365582227706909,2.365582227706909,0
1993-11-05,2.360856294631958,2.360856294631958,2.360856294631958,2.360856294631958,0
1993-11-08,2.365582227706909,2.365582227706909,2.365582227706909,2.365582227706909,0
1993-11-09,2.370307683944702,2.370307683944702,2.370307683944702,2.370307683944702,0
1993-11-10,2.365582227706909,2.365582227706909,2.365582227706909,2.365582227706909,0
1993-11-11,2.365582227706909,2.365582227706909,2.365582227706909,2.365582227706909,0
1993-11-12,2.3726699352264404,2.3726699352264404,2.3726699352264404,2.3726699352264404,0
1993-11-15,2.3726699352264404,2.3726699352264404,2.3726699352264404,2.3726699352264404,0
1993-11-16,2.375032901763916,2.375032901763916,2.375032901763916,2.375032901763916,0
1993-11-17,2.375032901763916,2.375032901763916,2.375032901763916,2.375032901763916,0
1993-11-18,2.370307683944702,2.370307683944702,2.370307683944702,2.370307683944702,0
1993-11-19,2.358490467071533,2.358490467071533,2.358490467071533,2.358490467071533,0
1993-11-22,2.356125593185425,2.356125593185425,2.356125593185425,2.356125593185425,0
1993-11-23,2.360856294631958,2.360856294631958,2.360856294631958,2.360856294631958,0
1993-11-24,2.363217830657959,2.363217830657959,2.363217830657959,2.363217830657959,0
1993-11-26,2.367945432662964,2.367945432662964,2.367945432662964,2.367945432662964,0
1993-11-29,2.3726699352264404,2.3726699352264404,2.3726699352264404,2.3726699352264404,0
1993-11-30,2.3650715351104736,2.3650715351104736,2.3650715351104736,2.3650715351104736,0
1993-12-01,2.367446184158325,2.367446184158325,2.367446184158325,2.367446184158325,0
1993-12-02,2.367446184158325,2.367446184158325,2.367446184158325,2.367446184158325,0
1993-12-03,2.367446184158325,2.367446184158325,2.367446184158325,2.367446184158325,0
1993-12-06,2.3793206214904785,2.3793206214904785,2.3793206214904785,2.3793206214904785,0
1993-12-07,2.38169527053833,2.38169527053833,2.38169527053833,2.38169527053833,0
1993-12-08,2.38169527053833,2.38169527053833,2.38169527053833,2.38169527053833,0
1993-12-09,2.386444568634033,2.386444568634033,2.386444568634033,2.386444568634033,0
1993-12-10,2.3793206214904785,2.3793206214904785,2.3793206214904785,2.3793206214904785,0
1993-12-13,2.372196912765503,2.372196912765503,2.372196912765503,2.372196912765503,0
1993-12-14,2.369821786880493,2.369821786880493,2.369821786880493,2.369821786880493,0
1993-12-15,2.367446184158325,2.367446184158325,2.367446184158325,2.367446184158325,0
1993-12-16,2.367446184158325,2.367446184158325,2.367446184158325,2.367446184158325,0
1993-12-17,2.372196912765503,2.372196912765503,2.372196912765503,2.372196912765503,0
1993-12-20,2.369821786880493,2.369821786880493,2.369821786880493,2.369821786880493,0
1993-12-21,2.367446184158325,2.367446184158325,2.367446184158325,2.367446184158325,0
1993-12-22,2.3793206214904785,2.3793206214904785,2.3793206214904785,2.3793206214904785,0
1993-12-23,2.3840677738189697,2.3840677738189697,2.3840677738189697,2.3840677738189697,0
1993-12-27,2.3840677738189697,2.3840677738189697,2.3840677738189697,2.3840677738189697,0
1993-12-28,2.3840677738189697,2.3840677738189697,2.3840677738189697,2.3840677738189697,0
1993-12-29,2.38169527053833,2.38169527053833,2.38169527053833,2.38169527053833,0
1993-12-30,2.372196912765503,2.372196912765503,2.372196912765503,2.372196912765503,0
1993-12-31,2.3731508255004883,2.3731508255004883,2.3731508255004883,2.3731508255004883,0
1994-01-03,2.3635993003845215,2.3635993003845215,2.3635993003845215,2.3635993003845215,0
1994-01-04,2.370762348175049,2.370762348175049,2.370762348175049,2.370762348175049,0
1994-01-05,2.3683762550354004,2.3683762550354004,2.3683762550354004,2.3683762550354004,0
1994-01-06,2.375540256500244,2.375540256500244,2.375540256500244,2.375540256500244,0
1994-01-07,2.3946380615234375,2.3946380615234375,2.3946380615234375,2.3946380615234375,0
1994-01-10,2.3970255851745605,2.3970255851745605,2.3970255851745605,2.3970255851745605,0
1994-01-11,2.3970255851745605,2.3970255851745605,2.3970255851745605,2.3970255851745605,0
1994-01-12,2.404188632965088,2.404188632965088,2.404188632965088,2.404188632965088,0
1994-01-13,2.392252206802368,2.392252206802368,2.392252206802368,2.392252206802368,0
1994-01-14,2.3898632526397705,2.3898632526397705,2.3898632526397705,2.3898632526397705,0
1994-01-17,2.3898632526397705,2.3898632526397705,2.3898632526397705,2.3898632526397705,0
1994-01-18,2.392252206802368,2.392252206802368,2.392252206802368,2.392252206802368,0
1994-01-19,2.392252206802368,2.392252206802368,2.392252206802368,2.392252206802368,0
1994-01-20,2.3970255851745605,2.3970255851745605,2.3970255851745605,2.3970255851745605,0
1994-01-21,2.3970255851745605,2.3970255851745605,2.3970255851745605,2.3970255851745605,0
1994-01-24,2.3970255851745605,2.3970255851745605,2.3970255851745605,2.3970255851745605,0
1994-01-25,2.3946380615234375,2.3946380615234375,2.3946380615234375,2.3946380615234375,0
1994-01-26,2.3970255851745605,2.3970255851745605,2.3970255851745605,2.3970255851745605,0
1994-01-27,2.4017999172210693,2.4017999172210693,2.4017999172210693,2.4017999172210693,0
1994-01-28,2.408963918685913,2.408963918685913,2.408963918685913,2.408963918685913,0
1994-01-31,2.4075238704681396,2.4075238704681396,2.4075238704681396,2.4075238704681396,0
1994-02-01,2.397930145263672,2.397930145263672,2.397930145263672,2.397930145263672,0
1994-02-02,2.397930145263672,2.397930145263672,2.397930145263672,2.397930145263672,0
1994-02-03,2.3931360244750977,2.3931360244750977,2.3931360244750977,2.3931360244750977,0
1994-02-04,2.3811466693878174,2.3811466693878174,2.3811466693878174,2.3811466693878174,0
1994-02-07,2.378749370574951,2.378749370574951,2.378749370574951,2.378749370574951,0
1994-02-08,2.3739511966705322,2.3739511966705322,2.3739511966705322,2.3739511966705322,0
1994-02-09,2.376349925994873,2.376349925994873,2.376349925994873,2.376349925994873,0
1994-02-10,2.376349925994873,2.376349925994873,2.376349925994873,2.376349925994873,0
1994-02-11,2.3811466693878174,2.3811466693878174,2.3811466693878174,2.3811466693878174,0
1994-02-14,2.378749370574951,2.378749370574951,2.378749370574951,2.378749370574951,0
1994-02-15,2.378749370574951,2.378749370574951,2.378749370574951,2.378749370574951,0
1994-02-16,2.378749370574951,2.378749370574951,2.378749370574951,2.378749370574951,0
1994-02-17,2.3691582679748535,2.3691582679748535,2.3691582679748535,2.3691582679748535,0
1994-02-18,2.359564781188965,2.359564781188965,2.359564781188965,2.359564781188965,0
1994-02-22,2.361961841583252,2.361961841583252,2.361961841583252,2.361961841583252,0
1994-02-23,2.354769229888916,2.354769229888916,2.354769229888916,2.354769229888916,0
1994-02-24,2.3451786041259766,2.3451786041259766,2.3451786041259766,2.3451786041259766,0
1994-02-25,2.3475732803344727,2.3475732803344727,2.3475732803344727,2.3475732803344727,0
1994-02-28,2.3516740798950195,2.3516740798950195,2.3516740798950195,2.3516740798950195,0
1994-03-01,2.337214469909668,2.337214469909668,2.337214469909668,2.337214469909668,0
1994-03-02,2.3396236896514893,2.3396236896514893,2.3396236896514893,2.3396236896514893,0
1994-03-03,2.332395315170288,2.332395315170288,2.332395315170288,2.332395315170288,0
1994-03-04,2.332395315170288,2.332395315170288,2.332395315170288,2.332395315170288,0
1994-03-07,2.337214469909668,2.337214469909668,2.337214469909668,2.337214469909668,0
1994-03-08,2.332395315170288,2.332395315170288,2.332395315170288,2.332395315170288,0
1994-03-09,2.332395315170288,2.332395315170288,2.332395315170288,2.332395315170288,0
1994-03-10,2.3227577209472656,2.3227577209472656,2.3227577209472656,2.3227577209472656,0
1994-03-11,2.3251681327819824,2.3251681327819824,2.3251681327819824,2.3251681327819824,0
1994-03-14,2.3227577209472656,2.3227577209472656,2.3227577209472656,2.3227577209472656,0
1994-03-15,2.3251681327819824,2.3251681327819824,2.3251681327819824,2.3251681327819824,0
1994-03-16,2.3348066806793213,2.3348066806793213,2.3348066806793213,2.3348066806793213,0
1994-03-17,2.3348066806793213,2.3348066806793213,2.3348066806793213,2.3348066806793213,0
1994-03-18,2.3251681327819824,2.3251681327819824,2.3251681327819824,2.3251681327819824,0
1994-03-21,2.320347309112549,2.320347309112549,2.320347309112549,2.320347309112549,0
1994-03-22,2.3299851417541504,2.3299851417541504,2.3299851417541504,2.3299851417541504,0
1994-03-23,2.332395315170288,2.332395315170288,2.332395315170288,2.332395315170288,0
1994-03-24,2.3179409503936768,2.3179409503936768,2.3179409503936768,2.3179409503936768,0
1994-03-25,2.3155276775360107,2.3155276775360107,2.3155276775360107,2.3155276775360107,0
1994-03-28,2.3155276775360107,2.3155276775360107,2.3155276775360107,2.3155276775360107,0
1994-03-29,2.3058905601501465,2.3058905601501465,2.3058905601501465,2.3058905601501465,0
1994-03-30,2.3010740280151367,2.3010740280151367,2.3010740280151367,2.3010740280151367,0
1994-03-31,2.30519437789917,2.30519437789917,2.30519437789917,2.30519437789917,0
1994-04-04,2.263984441757202,2.263984441757202,2.263984441757202,2.263984441757202,0
1994-04-05,2.278529405593872,2.278529405593872,2.278529405593872,2.278529405593872,0
1994-04-06,2.283377170562744,2.283377170562744,2.283377170562744,2.283377170562744,0
1994-04-07,2.288224697113037,2.288224697113037,2.288224697113037,2.288224697113037,0
1994-04-08,2.2809507846832275,2.2809507846832275,2.2809507846832275,2.2809507846832275,0
1994-04-11,2.283377170562744,2.283377170562744,2.283377170562744,2.283377170562744,0
1994-04-12,2.288224697113037,2.288224697113037,2.288224697113037,2.288224697113037,0
1994-04-13,2.283377170562744,2.283377170562744,2.283377170562744,2.283377170562744,0
1994-04-14,2.278529405593872,2.278529405593872,2.278529405593872,2.278529405593872,0
1994-04-15,2.2809507846832275,2.2809507846832275,2.2809507846832275,2.2809507846832275,0
1994-04-18,2.263984441757202,2.263984441757202,2.263984441757202,2.263984441757202,0
1994-04-19,2.268833875656128,2.268833875656128,2.268833875656128,2.268833875656128,0
1994-04-20,2.273684501647949,2.273684501647949,2.273684501647949,2.273684501647949,0
1994-04-21,2.288224697113037,2.288224697113037,2.288224697113037,2.288224697113037,0
1994-04-22,2.28580379486084,2.28580379486084,2.28580379486084,2.28580379486084,0
1994-04-25,2.295496940612793,2.295496940612793,2.295496940612793,2.295496940612793,0
1994-04-26,2.2979202270507812,2.2979202270507812,2.2979202270507812,2.2979202270507812,0
1994-04-28,2.278529405593872,2.278529405593872,2.278529405593872,2.278529405593872,0
1994-04-29,2.276092052459717,2.276092052459717,2.276092052459717,2.276092052459717,0
1994-05-02,2.2736551761627197,2.2736551761627197,2.2736551761627197,2.2736551761627197,0
1994-05-03,2.2712178230285645,2.2712178230285645,2.2712178230285645,2.2712178230285645,0
1994-05-04,2.2687785625457764,2.2687785625457764,2.2687785625457764,2.2687785625457764,0
1994-05-05,2.2736551761627197,2.2736551761627197,2.2736551761627197,2.2736551761627197,0
1994-05-06,2.2492876052856445,2.2492876052856445,2.2492876052856445,2.2492876052856445,0
1994-05-09,2.2371022701263428,2.2371022701263428,2.2371022701263428,2.2371022701263428,0
1994-05-10,2.2541584968566895,2.2541584968566895,2.2541584968566895,2.2541584968566895,0
1994-05-11,2.241973876953125,2.241973876953125,2.241973876953125,2.241973876953125,0
1994-05-12,2.2492876052856445,2.2492876052856445,2.2492876052856445,2.2492876052856445,0
1994-05-13,2.2565956115722656,2.2565956115722656,2.2565956115722656,2.2565956115722656,0
1994-05-16,2.2639083862304688,2.2639083862304688,2.2639083862304688,2.2639083862304688,0
1994-05-17,2.28340220451355,2.28340220451355,2.28340220451355,2.28340220451355,0
1994-05-18,2.28340220451355,2.28340220451355,2.28340220451355,2.28340220451355,0
1994-05-19,2.293148994445801,2.293148994445801,2.293148994445801,2.293148994445801,0
1994-05-20,2.288278341293335,2.288278341293335,2.288278341293335,2.288278341293335,0
1994-05-23,2.2712178230285645,2.2712178230285645,2.2712178230285645,2.2712178230285645,0
1994-05-24,2.2736551761627197,2.2736551761627197,2.2736551761627197,2.2736551761627197,0
1994-05-25,2.2785286903381348,2.2785286903381348,2.2785286903381348,2.2785286903381348,0
1994-05-26,2.2687785625457764,2.2687785625457764,2.2687785625457764,2.2687785625457764,0
1994-05-27,2.2687785625457764,2.2687785625457764,2.2687785625457764,2.2687785625457764,0
1994-05-31,2.2749099731445312,2.2749099731445312,2.2749099731445312,2.2749099731445312,0
1994-06-01,2.270005702972412,2.270005702972412,2.270005702972412,2.270005702972412,0
1994-06-02,2.284714937210083,2.284714937210083,2.284714937210083,2.284714937210083,0
1994-06-03,2.2969722747802734,2.2969722747802734,2.2969722747802734,2.2969722747802734,0
1994-06-06,2.304328441619873,2.304328441619873,2.304328441619873,2.304328441619873,0
1994-06-07,2.30187726020813,2.30187726020813,2.30187726020813,2.30187726020813,0
1994-06-08,2.299424886703491,2.299424886703491,2.299424886703491,2.299424886703491,0
1994-06-09,2.30187726020813,2.30187726020813,2.30187726020813,2.30187726020813,0
1994-06-10,2.2969722747802734,2.2969722747802734,2.2969722747802734,2.2969722747802734,0
1994-06-13,2.292069435119629,2.292069435119629,2.292069435119629,2.292069435119629,0
1994-06-14,2.299424886703491,2.299424886703491,2.299424886703491,2.299424886703491,0
1994-06-15,2.2896177768707275,2.2896177768707275,2.2896177768707275,2.2896177768707275,0
1994-06-16,2.294520378112793,2.294520378112793,2.294520378112793,2.294520378112793,0
1994-06-17,2.2871668338775635,2.2871668338775635,2.2871668338775635,2.2871668338775635,0
1994-06-20,2.284714937210083,2.284714937210083,2.284714937210083,2.284714937210083,0
1994-06-21,2.2798140048980713,2.2798140048980713,2.2798140048980713,2.2798140048980713,0
1994-06-22,2.2896177768707275,2.2896177768707275,2.2896177768707275,2.2896177768707275,0
1994-06-23,2.292069435119629,2.292069435119629,2.292069435119629,2.292069435119629,0
1994-06-24,2.2798140048980713,2.2798140048980713,2.2798140048980713,2.2798140048980713,0
1994-06-27,2.284714937210083,2.284714937210083,2.284714937210083,2.284714937210083,0
1994-06-28,2.277362108230591,2.277362108230591,2.277362108230591,2.277362108230591,0
1994-06-29,2.2798140048980713,2.2798140048980713,2.2798140048980713,2.2798140048980713,0
1994-06-30,2.2679810523986816,2.2679810523986816,2.2679810523986816,2.2679810523986816,0
1994-07-01,2.2729101181030273,2.2729101181030273,2.2729101181030273,2.2729101181030273,0
1994-07-05,2.2753758430480957,2.2753758430480957,2.2753758430480957,2.2753758430480957,0
1994-07-06,2.2729101181030273,2.2729101181030273,2.2729101181030273,2.2729101181030273,0
1994-07-07,2.2778406143188477,2.2778406143188477,2.2778406143188477,2.2778406143188477,0
1994-07-08,2.265512466430664,2.265512466430664,2.265512466430664,2.265512466430664,0
1994-07-11,2.2605831623077393,2.2605831623077393,2.2605831623077393,2.2605831623077393,0
1994-07-12,2.2679810523986816,2.2679810523986816,2.2679810523986816,2.2679810523986816,0
1994-07-13,2.2679810523986816,2.2679810523986816,2.2679810523986816,2.2679810523986816,0
1994-07-14,2.2852365970611572,2.2852365970611572,2.2852365970611572,2.2852365970611572,0
1994-07-15,2.28770112991333,2.28770112991333,2.28770112991333,2.28770112991333,0
1994-07-18,2.292632818222046,2.292632818222046,2.292632818222046,2.292632818222046,0
1994-07-19,2.3000285625457764,2.3000285625457764,2.3000285625457764,2.3000285625457764,0
1994-07-20,2.28770112991333,2.28770112991333,2.28770112991333,2.28770112991333,0
1994-07-21,2.28770112991333,2.28770112991333,2.28770112991333,2.28770112991333,0
1994-07-22,2.2852365970611572,2.2852365970611572,2.2852365970611572,2.2852365970611572,0
1994-07-25,2.28770112991333,2.28770112991333,2.28770112991333,2.28770112991333,0
1994-07-26,2.2852365970611572,2.2852365970611572,2.2852365970611572,2.2852365970611572,0
1994-07-27,2.2827718257904053,2.2827718257904053,2.2827718257904053,2.2827718257904053,0
1994-07-28,2.28770112991333,2.28770112991333,2.28770112991333,2.28770112991333,0
1994-07-29,2.3085296154022217,2.3085296154022217,2.3085296154022217,2.3085296154022217,0
1994-08-01,2.3060524463653564,2.3060524463653564,2.3060524463653564,2.3060524463653564,0
1994-08-02,2.3085296154022217,2.3085296154022217,2.3085296154022217,2.3085296154022217,0
1994-08-03,2.3110103607177734,2.3110103607177734,2.3110103607177734,2.3110103607177734,0
1994-08-04,2.3110103607177734,2.3110103607177734,2.3110103607177734,2.3110103607177734,0
1994-08-05,2.2936534881591797,2.2936534881591797,2.2936534881591797,2.2936534881591797,0
1994-08-08,2.2936534881591797,2.2936534881591797,2.2936534881591797,2.2936534881591797,0
1994-08-09,2.291172742843628,2.291172742843628,2.291172742843628,2.291172742843628,0
1994-08-10,2.2936534881591797,2.2936534881591797,2.2936534881591797,2.2936534881591797,0
1994-08-11,2.2862143516540527,2.2862143516540527,2.2862143516540527,2.2862143516540527,0
1994-08-12,2.291172742843628,2.291172742843628,2.291172742843628,2.291172742843628,0
1994-08-15,2.2936534881591797,2.2936534881591797,2.2936534881591797,2.2936534881591797,0
1994-08-16,2.303572416305542,2.303572416305542,2.303572416305542,2.303572416305542,0
1994-08-17,2.3060524463653564,2.3060524463653564,2.3060524463653564,2.3060524463653564,0
1994-08-18,2.2936534881591797,2.2936534881591797,2.2936534881591797,2.2936534881591797,0
1994-08-19,2.296133279800415,2.296133279800415,2.296133279800415,2.296133279800415,0
1994-08-22,2.2936534881591797,2.2936534881591797,2.2936534881591797,2.2936534881591797,0
1994-08-23,2.296133279800415,2.296133279800415,2.296133279800415,2.296133279800415,0
1994-08-24,2.303572416305542,2.303572416305542,2.303572416305542,2.303572416305542,0
1994-08-25,2.296133279800415,2.296133279800415,2.296133279800415,2.296133279800415,0
1994-08-26,2.303572416305542,2.303572416305542,2.303572416305542,2.303572416305542,0
1994-08-29,2.303572416305542,2.303572416305542,2.303572416305542,2.303572416305542,0
1994-08-30,2.3085296154022217,2.3085296154022217,2.3085296154022217,2.3085296154022217,0
1994-08-31,2.312023401260376,2.312023401260376,2.312023401260376,2.312023401260376,0
1994-09-01,2.312023401260376,2.312023401260376,2.312023401260376,2.312023401260376,0
1994-09-02,2.30952787399292,2.30952787399292,2.30952787399292,2.30952787399292,0
1994-09-06,2.3045401573181152,2.3045401573181152,2.3045401573181152,2.3045401573181152,0
1994-09-07,2.3020472526550293,2.3020472526550293,2.3020472526550293,2.3020472526550293,0
1994-09-08,2.3020472526550293,2.3020472526550293,2.3020472526550293,2.3020472526550293,0
1994-09-09,2.2870819568634033,2.2870819568634033,2.2870819568634033,2.2870819568634033,0
1994-09-12,2.2870819568634033,2.2870819568634033,2.2870819568634033,2.2870819568634033,0
1994-09-13,2.2895758152008057,2.2895758152008057,2.2895758152008057,2.2895758152008057,0
1994-09-14,2.2920687198638916,2.2920687198638916,2.2920687198638916,2.2920687198638916,0
1994-09-15,2.2995522022247314,2.2995522022247314,2.2995522022247314,2.2995522022247314,0
1994-09-16,2.2820942401885986,2.2820942401885986,2.2820942401885986,2.2820942401885986,0
1994-09-19,2.2870819568634033,2.2870819568634033,2.2870819568634033,2.2870819568634033,0
1994-09-20,2.2820942401885986,2.2820942401885986,2.2820942401885986,2.2820942401885986,0
1994-09-21,2.2771077156066895,2.2771077156066895,2.2771077156066895,2.2771077156066895,0
1994-09-22,2.279597520828247,2.279597520828247,2.279597520828247,2.279597520828247,0
1994-09-23,2.279597520828247,2.279597520828247,2.279597520828247,2.279597520828247,0
1994-09-26,2.279597520828247,2.279597520828247,2.279597520828247,2.279597520828247,0
1994-09-27,2.2771077156066895,2.2771077156066895,2.2771077156066895,2.2771077156066895,0
1994-09-28,2.279597520828247,2.279597520828247,2.279597520828247,2.279597520828247,0
1994-09-29,2.2746119499206543,2.2746119499206543,2.2746119499206543,2.2746119499206543,0
1994-09-30,2.278123617172241,2.278123617172241,2.278123617172241,2.278123617172241,0
1994-10-03,2.270597457885742,2.270597457885742,2.270597457885742,2.270597457885742,0
1994-10-04,2.270597457885742,2.270597457885742,2.270597457885742,2.270597457885742,0
1994-10-05,2.2630691528320312,2.2630691528320312,2.2630691528320312,2.2630691528320312,0
1994-10-06,2.2630691528320312,2.2630691528320312,2.2630691528320312,2.2630691528320312,0
1994-10-07,2.2731056213378906,2.27310562133789,2.27310562133789,2.27310562133789,0
1994-10-10,2.2731056213378906,2.27310562133789,2.27310562133789,2.27310562133789,0
1994-10-11,2.278123617172241,2.278123617172241,2.278123617172241,2.278123617172241,0
1994-10-12,2.2731056213378906,2.27310562133789,2.27310562133789,2.27310562133789,0
1994-10-13,2.280632734298706,2.280632734298706,2.280632734298706,2.280632734298706,0
1994-10-14,2.2856497764587402,2.28564977645874,2.28564977645874,2.28564977645874,0
1994-10-17,2.2831406593322754,2.2831406593322754,2.2831406593322754,2.2831406593322754,0
1994-10-18,2.2831406593322754,2.2831406593322754,2.2831406593322754,2.2831406593322754,0
1994-10-19,2.278123617172241,2.278123617172241,2.278123617172241,2.278123617172241,0
1994-10-20,2.2680859565734863,2.2680859565734863,2.2680859565734863,2.2680859565734863,0
1994-10-21,2.2680859565734863,2.2680859565734863,2.2680859565734863,2.2680859565734863,0
1994-10-24,2.2655773162841797,2.26557731628418,2.26557731628418,2.26557731628418,0
1994-10-25,2.2630691528320312,2.2630691528320312,2.2630691528320312,2.2630691528320312,0
1994-10-26,2.2630691528320312,2.2630691528320312,2.2630691528320312,2.2630691528320312,0
1994-10-27,2.2655773162841797,2.26557731628418,2.26557731628418,2.26557731628418,0
1994-10-28,2.2731056213378906,2.27310562133789,2.27310562133789,2.27310562133789,0
1994-10-31,2.2743685245513916,2.2743685245513916,2.2743685245513916,2.2743685245513916,0
1994-11-01,2.2642734050750732,2.2642734050750732,2.2642734050750732,2.2642734050750732,0
1994-11-02,2.2617456912994385,2.2617456912994385,2.2617456912994385,2.2617456912994385,0
1994-11-03,2.2592217922210693,2.2592217922210693,2.2592217922210693,2.2592217922210693,0
1994-11-04,2.25417160987854,2.25417160987854,2.25417160987854,2.25417160987854,0
1994-11-07,2.251649856567383,2.251649856567383,2.251649856567383,2.251649856567383,0
1994-11-08,2.2566967010498047,2.2566967010498047,2.2566967010498047,2.2566967010498047,0
1994-11-09,2.2617456912994385,2.2617456912994385,2.2617456912994385,2.2617456912994385,0
1994-11-10,2.2566967010498047,2.2566967010498047,2.2566967010498047,2.2566967010498047,0
1994-11-11,2.2592217922210693,2.2592217922210693,2.2592217922210693,2.2592217922210693,0
1994-11-14,2.2642734050750732,2.2642734050750732,2.2642734050750732,2.2642734050750732,0
1994-11-15,2.266793966293335,2.2667939662933345,2.2667939662933345,2.2667939662933345,0
1994-11-16,2.2617456912994385,2.2617456912994385,2.2617456912994385,2.2617456912994385,0
1994-11-17,2.25417160987854,2.25417160987854,2.25417160987854,2.25417160987854,0
1994-11-18,2.2566967010498047,2.2566967010498047,2.2566967010498047,2.2566967010498047,0
1994-11-21,2.2566967010498047,2.2566967010498047,2.2566967010498047,2.2566967010498047,0
1994-11-22,2.2592217922210693,2.2592217922210693,2.2592217922210693,2.2592217922210693,0
1994-11-23,2.27689266204834,2.27689266204834,2.27689266204834,2.27689266204834,0
1994-11-25,2.2794172763824463,2.2794172763824463,2.2794172763824463,2.2794172763824463,0
1994-11-28,2.271841526031494,2.271841526031494,2.271841526031494,2.271841526031494,0
1994-11-29,2.2642734050750732,2.2642734050750732,2.2642734050750732,2.2642734050750732,0
1994-11-30,2.270364284515381,2.270364284515381,2.270364284515381,2.270364284515381,0
1994-12-01,2.2678234577178955,2.2678234577178955,2.2678234577178955,2.2678234577178955,0
1994-12-02,2.2779877185821533,2.2779877185821533,2.2779877185821533,2.2779877185821533,0
1994-12-05,2.272904634475708,2.272904634475708,2.272904634475708,2.272904634475708,0
1994-12-06,2.2830629348754883,2.2830629348754883,2.2830629348754883,2.2830629348754883,0
1994-12-07,2.2779877185821533,2.2779877185821533,2.2779877185821533,2.2779877185821533,0
1994-12-08,2.275444507598877,2.2754445075988765,2.2754445075988765,2.2754445075988765,0
1994-12-09,2.2805233001708984,2.2805233001708984,2.2805233001708984,2.2805233001708984,0
1994-12-12,2.272904634475708,2.272904634475708,2.272904634475708,2.272904634475708,0
1994-12-13,2.275444507598877,2.2754445075988765,2.2754445075988765,2.2754445075988765,0
1994-12-14,2.2830629348754883,2.2830629348754883,2.2830629348754883,2.2830629348754883,0
1994-12-15,2.2830629348754883,2.2830629348754883,2.2830629348754883,2.2830629348754883,0
1994-12-16,2.2830629348754883,2.2830629348754883,2.2830629348754883,2.2830629348754883,0
1994-12-19,2.2830629348754883,2.2830629348754883,2.2830629348754883,2.2830629348754883,0
1994-12-20,2.2856009006500244,2.2856009006500244,2.2856009006500244,2.2856009006500244,0
1994-12-21,2.2856009006500244,2.2856009006500244,2.2856009006500244,2.2856009006500244,0
1994-12-22,2.2805233001708984,2.2805233001708984,2.2805233001708984,2.2805233001708984,0
1994-12-23,2.2830629348754883,2.2830629348754883,2.2830629348754883,2.2830629348754883,0
1994-12-27,2.290682554244995,2.290682554244995,2.290682554244995,2.290682554244995,0
1994-12-28,2.2881429195404053,2.2881429195404053,2.2881429195404053,2.2881429195404053,0
1994-12-29,2.2856009006500244,2.2856009006500244,2.2856009006500244,2.2856009006500244,0
1994-12-30,2.2843244075775146,2.2843244075775146,2.2843244075775146,2.2843244075775146,0
1995-01-03,2.279215097427368,2.279215097427368,2.279215097427368,2.279215097427368,0
1995-01-04,2.2894351482391357,2.2894351482391357,2.2894351482391357,2.2894351482391357,0
1995-01-05,2.2843244075775146,2.2843244075775146,2.2843244075775146,2.2843244075775146,0
1995-01-06,2.2868800163269043,2.2868800163269043,2.2868800163269043,2.2868800163269043,0
1995-01-09,2.2843244075775146,2.2843244075775146,2.2843244075775146,2.2843244075775146,0
1995-01-10,2.2894351482391357,2.2894351482391357,2.2894351482391357,2.2894351482391357,0
1995-01-11,2.2945446968078613,2.2945446968078613,2.2945446968078613,2.2945446968078613,0
1995-01-12,2.2945446968078613,2.2945446968078613,2.2945446968078613,2.2945446968078613,0
1995-01-13,2.3073220252990723,2.3073220252990723,2.3073220252990723,2.3073220252990723,0
1995-01-16,2.309877395629883,2.309877395629883,2.309877395629883,2.309877395629883,0
1995-01-17,2.3073220252990723,2.3073220252990723,2.3073220252990723,2.3073220252990723,0
1995-01-18,2.3073220252990723,2.3073220252990723,2.3073220252990723,2.3073220252990723,0
1995-01-19,2.304767370223999,2.3047673702239995,2.3047673702239995,2.3047673702239995,0
1995-01-20,2.299654006958008,2.299654006958008,2.299654006958008,2.299654006958008,0
1995-01-23,2.2971010208129883,2.2971010208129883,2.2971010208129883,2.2971010208129883,0
1995-01-24,2.2945446968078613,2.2945446968078613,2.2945446968078613,2.2945446968078613,0
1995-01-25,2.3022122383117676,2.3022122383117676,2.3022122383117676,2.3022122383117676,0
1995-01-26,2.3073220252990723,2.3073220252990723,2.3073220252990723,2.3073220252990723,0
1995-01-27,2.3226537704467773,2.3226537704467773,2.3226537704467773,2.3226537704467773,0
1995-01-30,2.3226537704467773,2.3226537704467773,2.3226537704467773,2.3226537704467773,0
1995-01-31,2.3267667293548584,2.3267667293548584,2.3267667293548584,2.3267667293548584,0
1995-02-01,2.3241958618164062,2.324195861816406,2.324195861816406,2.324195861816406,0
1995-02-02,2.3190536499023438,2.3190536499023438,2.3190536499023438,2.3190536499023438,0
1995-02-03,2.342190742492676,2.342190742492676,2.342190742492676,2.342190742492676,0
1995-02-06,2.3396217823028564,2.3396217823028564,2.3396217823028564,2.3396217823028564,0
1995-02-07,2.3396217823028564,2.3396217823028564,2.3396217823028564,2.3396217823028564,0
1995-02-08,2.3396217823028564,2.3396217823028564,2.3396217823028564,2.3396217823028564,0
1995-02-09,2.3344812393188477,2.3344812393188477,2.3344812393188477,2.3344812393188477,0
1995-02-10,2.3293375968933105,2.3293375968933105,2.3293375968933105,2.3293375968933105,0
1995-02-13,2.3319079875946045,2.3319079875946045,2.3319079875946045,2.3319079875946045,0
1995-02-14,2.342190742492676,2.342190742492676,2.342190742492676,2.342190742492676,0
1995-02-15,2.3499059677124023,2.3499059677124023,2.3499059677124023,2.3499059677124023,0
1995-02-16,2.3550491333007812,2.3550491333007812,2.3550491333007812,2.3550491333007812,0
1995-02-17,2.3550491333007812,2.3550491333007812,2.3550491333007812,2.3550491333007812,0
1995-02-21,2.352478504180908,2.352478504180908,2.352478504180908,2.352478504180908,0
1995-02-22,2.3653316497802734,2.3653316497802734,2.3653316497802734,2.3653316497802734,0
1995-02-23,2.3653316497802734,2.3653316497802734,2.3653316497802734,2.3653316497802734,0
1995-02-24,2.367901563644409,2.367901563644409,2.367901563644409,2.367901563644409,0
1995-02-27,2.378187417984009,2.378187417984009,2.378187417984009,2.378187417984009,0
1995-02-28,2.378444194793701,2.378444194793701,2.378444194793701,2.378444194793701,0
1995-03-01,2.381030321121216,2.381030321121216,2.381030321121216,2.381030321121216,0
1995-03-02,2.3732757568359375,2.3732757568359375,2.3732757568359375,2.3732757568359375,0
1995-03-03,2.3681063652038574,2.3681063652038574,2.3681063652038574,2.3681063652038574,0
1995-03-06,2.362933874130249,2.362933874130249,2.362933874130249,2.362933874130249,0
1995-03-07,2.3603484630584717,2.3603484630584717,2.3603484630584717,2.3603484630584717,0
1995-03-08,2.3681063652038574,2.3681063652038574,2.3681063652038574,2.3681063652038574,0
1995-03-09,2.3758606910705566,2.3758606910705566,2.3758606910705566,2.3758606910705566,0
1995-03-10,2.3836162090301514,2.3836162090301514,2.3836162090301514,2.3836162090301514,0
1995-03-13,2.391371011734009,2.391371011734009,2.391371011734009,2.391371011734009,0
1995-03-14,2.4017133712768555,2.401713371276855,2.401713371276855,2.401713371276855,0
1995-03-15,2.4017133712768555,2.401713371276855,2.401713371276855,2.401713371276855,0
1995-03-16,2.4068822860717773,2.4068822860717773,2.4068822860717773,2.4068822860717773,0
1995-03-17,2.399127721786499,2.399127721786499,2.399127721786499,2.399127721786499,0
1995-03-20,2.399127721786499,2.399127721786499,2.399127721786499,2.399127721786499,0
1995-03-21,2.396540880203247,2.396540880203247,2.396540880203247,2.396540880203247,0
1995-03-22,2.391371011734009,2.391371011734009,2.391371011734009,2.391371011734009,0
1995-03-23,2.391371011734009,2.391371011734009,2.391371011734009,2.391371011734009,0
1995-03-24,2.404301643371582,2.404301643371582,2.404301643371582,2.404301643371582,0
1995-03-27,2.40946626663208,2.40946626663208,2.40946626663208,2.40946626663208,0
1995-03-28,2.399127721786499,2.399127721786499,2.399127721786499,2.399127721786499,0
1995-03-29,2.4017133712768555,2.401713371276855,2.401713371276855,2.401713371276855,0
1995-03-30,2.399127721786499,2.399127721786499,2.399127721786499,2.399127721786499,0
1995-03-31,2.3957455158233643,2.395745515823364,2.395745515823364,2.395745515823364,0
1995-04-03,2.4061505794525146,2.4061505794525146,2.4061505794525146,2.4061505794525146,0
1995-04-04,2.4087517261505127,2.4087517261505127,2.4087517261505127,2.4087517261505127,0
1995-04-05,2.4087517261505127,2.4087517261505127,2.4087517261505127,2.4087517261505127,0
1995-04-06,2.413954734802246,2.413954734802246,2.413954734802246,2.413954734802246,0
1995-04-07,2.4113523960113525,2.4113523960113525,2.4113523960113525,2.4113523960113525,0
1995-04-10,2.4113523960113525,2.4113523960113525,2.4113523960113525,2.4113523960113525,0
1995-04-11,2.413954734802246,2.413954734802246,2.413954734802246,2.413954734802246,0
1995-04-12,2.4165565967559814,2.4165565967559814,2.4165565967559814,2.4165565967559814,0
1995-04-13,2.4243571758270264,2.424357175827026,2.424357175827026,2.424357175827026,0
1995-04-17,2.4243571758270264,2.424357175827026,2.424357175827026,2.424357175827026,0
1995-04-18,2.4243571758270264,2.424357175827026,2.424357175827026,2.424357175827026,0
1995-04-19,2.4243571758270264,2.424357175827026,2.424357175827026,2.424357175827026,0
1995-04-20,2.429561138153076,2.429561138153076,2.429561138153076,2.429561138153076,0
1995-04-21,2.4321632385253906,2.4321632385253906,2.4321632385253906,2.4321632385253906,0
1995-04-24,2.4321632385253906,2.4321632385253906,2.4321632385253906,2.4321632385253906,0
1995-04-25,2.4321632385253906,2.4321632385253906,2.4321632385253906,2.4321632385253906,0
1995-04-26,2.4321632385253906,2.4321632385253906,2.4321632385253906,2.4321632385253906,0
1995-04-27,2.429561138153076,2.429561138153076,2.429561138153076,2.429561138153076,0
1995-04-28,2.4282538890838623,2.4282538890838623,2.4282538890838623,2.4282538890838623,0
1995-05-01,2.4282538890838623,2.4282538890838623,2.4282538890838623,2.4282538890838623,0
1995-05-02,2.4334874153137207,2.4334874153137207,2.4334874153137207,2.4334874153137207,0
1995-05-03,2.443956136703491,2.443956136703491,2.443956136703491,2.443956136703491,0
1995-05-04,2.4570367336273193,2.4570367336273193,2.4570367336273193,2.4570367336273193,0
1995-05-05,2.4779701232910156,2.4779701232910156,2.4779701232910156,2.4779701232910156,0
1995-05-08,2.4779701232910156,2.4779701232910156,2.4779701232910156,2.4779701232910156,0
1995-05-09,2.4884371757507324,2.4884371757507324,2.4884371757507324,2.4884371757507324,0
1995-05-10,2.4858198165893555,2.485819816589355,2.485819816589355,2.485819816589355,0
1995-05-11,2.4805850982666016,2.480585098266601,2.480585098266601,2.480585098266601,0
1995-05-12,2.4805850982666016,2.480585098266601,2.480585098266601,2.480585098266601,0
1995-05-15,2.4884371757507324,2.4884371757507324,2.4884371757507324,2.4884371757507324,0
1995-05-16,2.496286630630493,2.496286630630493,2.496286630630493,2.496286630630493,0
1995-05-17,2.4989044666290283,2.4989044666290283,2.4989044666290283,2.4989044666290283,0
1995-05-18,2.4884371757507324,2.4884371757507324,2.4884371757507324,2.4884371757507324,0
1995-05-19,2.493669271469116,2.4936692714691158,2.4936692714691158,2.4936692714691158,0
1995-05-22,2.491054058074951,2.491054058074951,2.491054058074951,2.491054058074951,0
1995-05-23,2.4989044666290283,2.4989044666290283,2.4989044666290283,2.4989044666290283,0
1995-05-24,2.514601707458496,2.514601707458496,2.514601707458496,2.514601707458496,0
1995-05-25,2.519835948944092,2.519835948944092,2.519835948944092,2.519835948944092,0
1995-05-26,2.519835948944092,2.519835948944092,2.519835948944092,2.519835948944092,0
1995-05-30,2.5303022861480713,2.530302286148071,2.530302286148071,2.530302286148071,0
1995-05-31,2.5318806171417236,2.5318806171417236,2.5318806171417236,2.5318806171417236,0
1995-06-01,2.5450408458709717,2.5450408458709717,2.5450408458709717,2.5450408458709717,0
1995-06-02,2.5608325004577637,2.5608325004577637,2.5608325004577637,2.5608325004577637,0
1995-06-05,2.5634641647338867,2.5634641647338863,2.5634641647338863,2.5634641647338863,0
1995-06-06,2.5608325004577637,2.5608325004577637,2.5608325004577637,2.5608325004577637,0
1995-06-07,2.5503041744232178,2.5503041744232178,2.5503041744232178,2.5503041744232178,0
1995-06-08,2.5450408458709717,2.5450408458709717,2.5450408458709717,2.5450408458709717,0
1995-06-09,2.52398681640625,2.52398681640625,2.52398681640625,2.52398681640625,0
1995-06-12,2.5266199111938477,2.5266199111938477,2.5266199111938477,2.5266199111938477,0
1995-06-13,2.5529372692108154,2.5529372692108154,2.5529372692108154,2.5529372692108154,0
1995-06-14,2.555568218231201,2.555568218231201,2.555568218231201,2.555568218231201,0
1995-06-15,2.5503041744232178,2.5503041744232178,2.5503041744232178,2.5503041744232178,0
1995-06-16,2.547673225402832,2.547673225402832,2.547673225402832,2.547673225402832,0
1995-06-19,2.558202028274536,2.558202028274536,2.558202028274536,2.558202028274536,0
1995-06-20,2.555568218231201,2.555568218231201,2.555568218231201,2.555568218231201,0
1995-06-21,2.558202028274536,2.558202028274536,2.558202028274536,2.558202028274536,0
1995-06-22,2.5687286853790283,2.5687286853790283,2.5687286853790283,2.5687286853790283,0
1995-06-23,2.5660953521728516,2.566095352172851,2.566095352172851,2.566095352172851,0
1995-06-26,2.5608325004577637,2.5608325004577637,2.5608325004577637,2.5608325004577637,0
1995-06-27,2.558202028274536,2.558202028274536,2.558202028274536,2.558202028274536,0
1995-06-28,2.5634641647338867,2.5634641647338863,2.5634641647338863,2.5634641647338863,0
1995-06-29,2.5424106121063232,2.5424106121063232,2.5424106121063232,2.5424106121063232,0
1995-06-30,2.5516738891601562,2.551673889160156,2.551673889160156,2.551673889160156,0
1995-07-03,2.5543179512023926,2.5543179512023926,2.5543179512023926,2.5543179512023926,0
1995-07-05,2.5543179512023926,2.5543179512023926,2.5543179512023926,2.5543179512023926,0
1995-07-06,2.570202350616455,2.570202350616455,2.570202350616455,2.570202350616455,0
1995-07-07,2.5781424045562744,2.5781424045562744,2.5781424045562744,2.5781424045562744,0
1995-07-10,2.5781424045562744,2.5781424045562744,2.5781424045562744,2.5781424045562744,0
1995-07-11,2.570202350616455,2.570202350616455,2.570202350616455,2.570202350616455,0
1995-07-12,2.5728507041931152,2.5728507041931152,2.5728507041931152,2.5728507041931152,0
1995-07-13,2.5728507041931152,2.5728507041931152,2.5728507041931152,2.5728507041931152,0
1995-07-14,2.564908027648926,2.564908027648926,2.564908027648926,2.564908027648926,0
1995-07-17,2.5596156120300293,2.559615612030029,2.559615612030029,2.559615612030029,0
1995-07-18,2.5516738891601562,2.551673889160156,2.551673889160156,2.551673889160156,0
1995-07-19,2.533144950866699,2.533144950866699,2.533144950866699,2.533144950866699,0
1995-07-20,2.533144950866699,2.533144950866699,2.533144950866699,2.533144950866699,0
1995-07-21,2.522556781768799,2.522556781768799,2.522556781768799,2.522556781768799,0
1995-07-24,2.5278520584106445,2.527852058410644,2.527852058410644,2.527852058410644,0
1995-07-25,2.533144950866699,2.533144950866699,2.533144950866699,2.533144950866699,0
1995-07-26,2.5304996967315674,2.5304996967315674,2.5304996967315674,2.5304996967315674,0
1995-07-27,2.5357918739318848,2.5357918739318848,2.5357918739318848,2.5357918739318848,0
1995-07-28,2.5304996967315674,2.5304996967315674,2.5304996967315674,2.5304996967315674,0
1995-07-31,2.5384786128997803,2.5384786128997803,2.5384786128997803,2.5384786128997803,0
1995-08-01,2.530498743057251,2.530498743057251,2.530498743057251,2.530498743057251,0
1995-08-02,2.5384786128997803,2.5384786128997803,2.5384786128997803,2.5384786128997803,0
1995-08-03,2.530498743057251,2.530498743057251,2.530498743057251,2.530498743057251,0
1995-08-04,2.5358190536499023,2.5358190536499023,2.5358190536499023,2.5358190536499023,0
1995-08-07,2.5384786128997803,2.5384786128997803,2.5384786128997803,2.5384786128997803,0
1995-08-08,2.5384786128997803,2.5384786128997803,2.5384786128997803,2.5384786128997803,0
1995-08-09,2.5358190536499023,2.5358190536499023,2.5358190536499023,2.5358190536499023,0
1995-08-10,2.530498743057251,2.530498743057251,2.530498743057251,2.530498743057251,0
1995-08-11,2.5198569297790527,2.5198569297790527,2.5198569297790527,2.5198569297790527,0
1995-08-14,2.5225136280059814,2.522513628005981,2.522513628005981,2.522513628005981,0
1995-08-15,2.5225136280059814,2.522513628005981,2.522513628005981,2.522513628005981,0
1995-08-16,2.530498743057251,2.530498743057251,2.530498743057251,2.530498743057251,0
1995-08-17,2.527836561203003,2.527836561203003,2.527836561203003,2.527836561203003,0
1995-08-18,2.527836561203003,2.527836561203003,2.527836561203003,2.527836561203003,0
1995-08-21,2.5358190536499023,2.5358190536499023,2.5358190536499023,2.5358190536499023,0
1995-08-22,2.533159017562866,2.533159017562866,2.533159017562866,2.533159017562866,0
1995-08-23,2.530498743057251,2.530498743057251,2.530498743057251,2.530498743057251,0
1995-08-24,2.5438036918640137,2.543803691864014,2.543803691864014,2.543803691864014,0
1995-08-25,2.559769868850708,2.559769868850708,2.559769868850708,2.559769868850708,0
1995-08-28,2.562427282333374,2.562427282333374,2.562427282333374,2.562427282333374,0
1995-08-29,2.559769868850708,2.559769868850708,2.559769868850708,2.559769868850708,0
1995-08-30,2.565089702606201,2.565089702606201,2.565089702606201,2.565089702606201,0
1995-08-31,2.569106101989746,2.569106101989746,2.569106101989746,2.569106101989746,0
1995-09-01,2.5771310329437256,2.5771310329437256,2.5771310329437256,2.5771310329437256,0
1995-09-05,2.5851614475250244,2.585161447525025,2.585161447525025,2.585161447525025,0
1995-09-06,2.5851614475250244,2.585161447525025,2.585161447525025,2.585161447525025,0
1995-09-07,2.582484722137451,2.582484722137451,2.582484722137451,2.582484722137451,0
1995-09-08,2.5771310329437256,2.5771310329437256,2.5771310329437256,2.5771310329437256,0
1995-09-11,2.582484722137451,2.582484722137451,2.582484722137451,2.582484722137451,0
1995-09-12,2.5878360271453857,2.5878360271453857,2.5878360271453857,2.5878360271453857,0
1995-09-13,2.5851614475250244,2.585161447525025,2.585161447525025,2.585161447525025,0
1995-09-14,2.60122013092041,2.60122013092041,2.60122013092041,2.60122013092041,0
1995-09-15,2.595867156982422,2.595867156982422,2.595867156982422,2.595867156982422,0
1995-09-18,2.590513229370117,2.590513229370117,2.590513229370117,2.590513229370117,0
1995-09-19,2.5931875705718994,2.5931875705718994,2.5931875705718994,2.5931875705718994,0
1995-09-20,2.5985422134399414,2.5985422134399414,2.5985422134399414,2.5985422134399414,0
1995-09-21,2.5851614475250244,2.585161447525025,2.585161447525025,2.585161447525025,0
1995-09-22,2.582484722137451,2.582484722137451,2.582484722137451,2.582484722137451,0
1995-09-25,2.582484722137451,2.582484722137451,2.582484722137451,2.582484722137451,0
1995-09-26,2.5798096656799316,2.5798096656799316,2.5798096656799316,2.5798096656799316,0
1995-09-27,2.5798096656799316,2.5798096656799316,2.5798096656799316,2.5798096656799316,0
1995-09-28,2.582484722137451,2.582484722137451,2.582484722137451,2.582484722137451,0
1995-09-29,2.5953946113586426,2.5953946113586426,2.5953946113586426,2.5953946113586426,0
1995-10-02,2.5980846881866455,2.598084688186646,2.598084688186646,2.598084688186646,0
1995-10-03,2.6034634113311768,2.6034634113311768,2.6034634113311768,2.6034634113311768,0
1995-10-04,2.6088433265686035,2.6088433265686035,2.6088433265686035,2.6088433265686035,0
1995-10-05,2.6115317344665527,2.6115317344665527,2.6115317344665527,2.6115317344665527,0
1995-10-06,2.6115317344665527,2.6115317344665527,2.6115317344665527,2.6115317344665527,0
1995-10-09,2.6142232418060303,2.6142232418060303,2.6142232418060303,2.6142232418060303,0
1995-10-10,2.6142232418060303,2.6142232418060303,2.6142232418060303,2.6142232418060303,0
1995-10-11,2.6142232418060303,2.6142232418060303,2.6142232418060303,2.6142232418060303,0
1995-10-12,2.6169116497039795,2.6169116497039795,2.6169116497039795,2.6169116497039795,0
1995-10-13,2.6330490112304688,2.6330490112304683,2.6330490112304683,2.6330490112304683,0
1995-10-16,2.630359172821045,2.6303591728210454,2.6303591728210454,2.6303591728210454,0
1995-10-17,2.6330490112304688,2.6330490112304683,2.6330490112304683,2.6330490112304683,0
1995-10-18,2.630359172821045,2.6303591728210454,2.6303591728210454,2.6303591728210454,0
1995-10-19,2.6330490112304688,2.6330490112304683,2.6330490112304683,2.6330490112304683,0
1995-10-20,2.624978542327881,2.624978542327881,2.624978542327881,2.624978542327881,0
1995-10-23,2.6222896575927734,2.6222896575927734,2.6222896575927734,2.6222896575927734,0
1995-10-24,2.630359172821045,2.6303591728210454,2.6303591728210454,2.6303591728210454,0
1995-10-25,2.635739326477051,2.635739326477051,2.635739326477051,2.635739326477051,0
1995-10-26,2.6276674270629883,2.627667427062988,2.627667427062988,2.627667427062988,0
1995-10-27,2.630359172821045,2.6303591728210454,2.6303591728210454,2.6303591728210454,0
1995-10-30,2.6330490112304688,2.6330490112304683,2.6330490112304683,2.6330490112304683,0
1995-10-31,2.6365649700164795,2.6365649700164795,2.6365649700164795,2.6365649700164795,0
1995-11-01,2.641969919204712,2.641969919204712,2.641969919204712,2.641969919204712,0
1995-11-02,2.6473798751831055,2.6473798751831055,2.6473798751831055,2.6473798751831055,0
1995-11-03,2.6473798751831055,2.6473798751831055,2.6473798751831055,2.6473798751831055,0
1995-11-06,2.644676685333252,2.644676685333252,2.644676685333252,2.644676685333252,0
1995-11-07,2.641969919204712,2.641969919204712,2.641969919204712,2.641969919204712,0
1995-11-08,2.65008544921875,2.65008544921875,2.65008544921875,2.65008544921875,0
1995-11-09,2.644676685333252,2.644676685333252,2.644676685333252,2.644676685333252,0
1995-11-10,2.641969919204712,2.641969919204712,2.641969919204712,2.641969919204712,0
1995-11-13,2.6473798751831055,2.6473798751831055,2.6473798751831055,2.6473798751831055,0
1995-11-14,2.6473798751831055,2.6473798751831055,2.6473798751831055,2.6473798751831055,0
1995-11-15,2.641969919204712,2.641969919204712,2.641969919204712,2.641969919204712,0
1995-11-16,2.6527907848358154,2.6527907848358154,2.6527907848358154,2.6527907848358154,0
1995-11-17,2.6527907848358154,2.6527907848358154,2.6527907848358154,2.6527907848358154,0
1995-11-20,2.6527907848358154,2.6527907848358154,2.6527907848358154,2.6527907848358154,0
1995-11-21,2.6473798751831055,2.6473798751831055,2.6473798751831055,2.6473798751831055,0
1995-11-22,2.6473798751831055,2.6473798751831055,2.6473798751831055,2.6473798751831055,0
1995-11-24,2.6527907848358154,2.6527907848358154,2.6527907848358154,2.6527907848358154,0
1995-11-27,2.6581952571868896,2.6581952571868896,2.6581952571868896,2.6581952571868896,0
1995-11-28,2.6581952571868896,2.6581952571868896,2.6581952571868896,2.6581952571868896,0
1995-11-29,2.663606882095337,2.6636068820953374,2.6636068820953374,2.6636068820953374,0
1995-11-30,2.674203872680664,2.674203872680664,2.674203872680664,2.674203872680664,0
1995-12-01,2.679640769958496,2.679640769958496,2.679640769958496,2.679640769958496,0
1995-12-04,2.6932268142700195,2.6932268142700195,2.6932268142700195,2.6932268142700195,0
1995-12-05,2.6877918243408203,2.6877918243408203,2.6877918243408203,2.6877918243408203,0
1995-12-06,2.6877918243408203,2.6877918243408203,2.6877918243408203,2.6877918243408203,0
1995-12-07,2.6823575496673584,2.6823575496673584,2.6823575496673584,2.6823575496673584,0
1995-12-08,2.6823575496673584,2.6823575496673584,2.6823575496673584,2.6823575496673584,0
1995-12-11,2.6850745677948,2.6850745677948,2.6850745677948,2.6850745677948,0
1995-12-12,2.6823575496673584,2.6823575496673584,2.6823575496673584,2.6823575496673584,0
1995-12-13,2.6823575496673584,2.6823575496673584,2.6823575496673584,2.6823575496673584,0
1995-12-14,2.6823575496673584,2.6823575496673584,2.6823575496673584,2.6823575496673584,0
1995-12-15,2.6823575496673584,2.6823575496673584,2.6823575496673584,2.6823575496673584,0
1995-12-18,2.6714859008789062,2.6714859008789062,2.6714859008789062,2.6714859008789062,0
1995-12-19,2.6850745677948,2.6850745677948,2.6850745677948,2.6850745677948,0
1995-12-20,2.6850745677948,2.6850745677948,2.6850745677948,2.6850745677948,0
1995-12-21,2.6823575496673584,2.6823575496673584,2.6823575496673584,2.6823575496673584,0
1995-12-22,2.6905107498168945,2.6905107498168945,2.6905107498168945,2.6905107498168945,0
1995-12-26,2.6959469318389893,2.6959469318389893,2.6959469318389893,2.6959469318389893,0
1995-12-27,2.701380729675293,2.701380729675293,2.701380729675293,2.701380729675293,0
1995-12-28,2.704097032546997,2.7040970325469975,2.7040970325469975,2.7040970325469975,0
1995-12-29,2.7142128944396973,2.7142128944396973,2.7142128944396973,2.7142128944396973,0
1996-01-02,2.7114791870117188,2.7114791870117188,2.7114791870117188,2.7114791870117188,0
1996-01-03,2.7142128944396973,2.7142128944396973,2.7142128944396973,2.7142128944396973,0
1996-01-04,2.7087440490722656,2.7087440490722656,2.7087440490722656,2.7087440490722656,0
1996-01-05,2.703278064727783,2.7032780647277836,2.7032780647277836,2.7032780647277836,0
1996-01-08,2.706012010574341,2.706012010574341,2.706012010574341,2.706012010574341,0
1996-01-09,2.706012010574341,2.706012010574341,2.706012010574341,2.706012010574341,0
1996-01-10,2.6923463344573975,2.6923463344573975,2.6923463344573975,2.6923463344573975,0
1996-01-11,2.6950807571411133,2.6950807571411133,2.6950807571411133,2.6950807571411133,0
1996-01-12,2.7005457878112793,2.7005457878112793,2.7005457878112793,2.7005457878112793,0
1996-01-15,2.7005457878112793,2.7005457878112793,2.7005457878112793,2.7005457878112793,0
1996-01-16,2.7087440490722656,2.7087440490722656,2.7087440490722656,2.7087440490722656,0
1996-01-17,2.7224130630493164,2.7224130630493164,2.7224130630493164,2.7224130630493164,0
1996-01-18,2.727879524230957,2.7278795242309566,2.7278795242309566,2.7278795242309566,0
1996-01-19,2.727879524230957,2.7278795242309566,2.7278795242309566,2.7278795242309566,0
1996-01-22,2.7169456481933594,2.7169456481933594,2.7169456481933594,2.7169456481933594,0
1996-01-23,2.7142128944396973,2.7142128944396973,2.7142128944396973,2.7142128944396973,0
1996-01-24,2.7196781635284424,2.7196781635284424,2.7196781635284424,2.7196781635284424,0
1996-01-25,2.7087440490722656,2.7087440490722656,2.7087440490722656,2.7087440490722656,0
1996-01-26,2.7169456481933594,2.7169456481933594,2.7169456481933594,2.7169456481933594,0
1996-01-29,2.7114791870117188,2.7114791870117188,2.7114791870117188,2.7114791870117188,0
1996-01-30,2.7224130630493164,2.7224130630493164,2.7224130630493164,2.7224130630493164,0
1996-01-31,2.728731632232666,2.728731632232666,2.728731632232666,2.728731632232666,0
1996-02-01,2.7259843349456787,2.725984334945679,2.725984334945679,2.725984334945679,0
1996-02-02,2.723235607147217,2.723235607147217,2.723235607147217,2.723235607147217,0
1996-02-05,2.7177417278289795,2.7177417278289795,2.7177417278289795,2.7177417278289795,0
1996-02-06,2.723235607147217,2.723235607147217,2.723235607147217,2.723235607147217,0
1996-02-07,2.723235607147217,2.723235607147217,2.723235607147217,2.723235607147217,0
1996-02-08,2.723235607147217,2.723235607147217,2.723235607147217,2.723235607147217,0
1996-02-09,2.7259843349456787,2.725984334945679,2.725984334945679,2.725984334945679,0
1996-02-12,2.734227180480957,2.734227180480957,2.734227180480957,2.734227180480957,0
1996-02-13,2.739722967147827,2.739722967147827,2.739722967147827,2.739722967147827,0
1996-02-14,2.734227180480957,2.734227180480957,2.734227180480957,2.734227180480957,0
1996-02-15,2.723235607147217,2.723235607147217,2.723235607147217,2.723235607147217,0
1996-02-16,2.7149951457977295,2.714995145797729,2.714995145797729,2.714995145797729,0
1996-02-20,2.684765338897705,2.6847653388977046,2.6847653388977046,2.6847653388977046,0
1996-02-21,2.687512159347534,2.687512159347534,2.687512159347534,2.687512159347534,0
1996-02-22,2.695755958557129,2.695755958557129,2.695755958557129,2.695755958557129,0
1996-02-23,2.687512159347534,2.687512159347534,2.687512159347534,2.687512159347534,0
1996-02-26,2.684765338897705,2.6847653388977046,2.6847653388977046,2.6847653388977046,0
1996-02-27,2.6765217781066895,2.67652177810669,2.67652177810669,2.67652177810669,0
1996-02-28,2.6682796478271484,2.6682796478271484,2.6682796478271484,2.6682796478271484,0
1996-02-29,2.6685550212860107,2.6685550212860107,2.6685550212860107,2.6685550212860107,0
1996-03-01,2.6851279735565186,2.6851279735565186,2.6851279735565186,2.6851279735565186,0
1996-03-04,2.696176767349243,2.696176767349243,2.696176767349243,2.696176767349243,0
1996-03-05,2.687891960144043,2.687891960144043,2.687891960144043,2.687891960144043,0
1996-03-06,2.6796042919158936,2.6796042919158936,2.6796042919158936,2.6796042919158936,0
1996-03-07,2.676839828491211,2.676839828491211,2.676839828491211,2.676839828491211,0
1996-03-08,2.632641077041626,2.632641077041626,2.632641077041626,2.632641077041626,0
1996-03-11,2.643691062927246,2.6436910629272456,2.6436910629272456,2.6436910629272456,0
1996-03-12,2.640928268432617,2.6409282684326167,2.6409282684326167,2.6409282684326167,0
1996-03-13,2.640928268432617,2.6409282684326167,2.6409282684326167,2.6409282684326167,0
1996-03-14,2.640928268432617,2.6409282684326167,2.6409282684326167,2.6409282684326167,0
1996-03-15,2.627117395401001,2.627117395401001,2.627117395401001,2.627117395401001,0
1996-03-18,2.6298787593841553,2.6298787593841553,2.6298787593841553,2.6298787593841553,0
1996-03-19,2.635404348373413,2.635404348373413,2.635404348373413,2.635404348373413,0
1996-03-20,2.643691062927246,2.6436910629272456,2.6436910629272456,2.6436910629272456,0
1996-03-21,2.651977300643921,2.651977300643921,2.651977300643921,2.651977300643921,0
1996-03-22,2.646454334259033,2.646454334259033,2.646454334259033,2.646454334259033,0
1996-03-25,2.6575045585632324,2.6575045585632324,2.6575045585632324,2.6575045585632324,0
1996-03-26,2.6575045585632324,2.6575045585632324,2.6575045585632324,2.6575045585632324,0
1996-03-27,2.643691062927246,2.6436910629272456,2.6436910629272456,2.6436910629272456,0
1996-03-28,2.635404348373413,2.635404348373413,2.635404348373413,2.635404348373413,0
1996-03-29,2.6448497772216797,2.6448497772216797,2.6448497772216797,2.6448497772216797,0
1996-04-01,2.647627115249634,2.647627115249634,2.647627115249634,2.647627115249634,0
1996-04-02,2.655963182449341,2.655963182449341,2.655963182449341,2.655963182449341,0
1996-04-03,2.653186082839966,2.653186082839966,2.653186082839966,2.653186082839966,0
1996-04-04,2.647627115249634,2.647627115249634,2.647627115249634,2.647627115249634,0
1996-04-08,2.608733892440796,2.608733892440796,2.608733892440796,2.608733892440796,0
1996-04-09,2.619844913482666,2.619844913482666,2.619844913482666,2.619844913482666,0
1996-04-10,2.6115119457244873,2.6115119457244873,2.6115119457244873,2.6115119457244873,0
1996-04-11,2.6059553623199463,2.6059553623199463,2.6059553623199463,2.6059553623199463,0
1996-04-12,2.630958318710327,2.6309583187103276,2.6309583187103276,2.6309583187103276,0
1996-04-15,2.6337358951568604,2.6337358951568604,2.6337358951568604,2.6337358951568604,0
1996-04-16,2.6365139484405518,2.6365139484405513,2.6365139484405513,2.6365139484405513,0
1996-04-17,2.630958318710327,2.6309583187103276,2.6309583187103276,2.6309583187103276,0
1996-04-18,2.6254022121429443,2.6254022121429443,2.6254022121429443,2.6254022121429443,0
1996-04-19,2.6337358951568604,2.6337358951568604,2.6337358951568604,2.6337358951568604,0
1996-04-22,2.639291763305664,2.639291763305664,2.639291763305664,2.639291763305664,0
1996-04-23,2.6365139484405518,2.6365139484405513,2.6365139484405513,2.6365139484405513,0
1996-04-24,2.630958318710327,2.6309583187103276,2.6309583187103276,2.6309583187103276,0
1996-04-25,2.630958318710327,2.6309583187103276,2.6309583187103276,2.6309583187103276,0
1996-04-26,2.639291763305664,2.639291763305664,2.639291763305664,2.639291763305664,0
1996-04-29,2.6337358951568604,2.6337358951568604,2.6337358951568604,2.6337358951568604,0
1996-04-30,2.6231205463409424,2.623120546340943,2.623120546340943,2.623120546340943,0
1996-05-01,2.6231205463409424,2.623120546340943,2.623120546340943,2.623120546340943,0
1996-05-02,2.6035661697387695,2.6035661697387695,2.6035661697387695,2.6035661697387695,0
1996-05-03,2.6007721424102783,2.6007721424102783,2.6007721424102783,2.6007721424102783,0
1996-05-06,2.6035661697387695,2.6035661697387695,2.6035661697387695,2.6035661697387695,0
1996-05-07,2.6035661697387695,2.6035661697387695,2.6035661697387695,2.6035661697387695,0
1996-05-08,2.6091561317443848,2.6091561317443848,2.6091561317443848,2.6091561317443848,0
1996-05-09,2.6091561317443848,2.6091561317443848,2.6091561317443848,2.6091561317443848,0
1996-05-10,2.6231205463409424,2.623120546340943,2.623120546340943,2.623120546340943,0
1996-05-13,2.6231205463409424,2.623120546340943,2.623120546340943,2.623120546340943,0
1996-05-14,2.6314992904663086,2.6314992904663086,2.6314992904663086,2.6314992904663086,0
1996-05-15,2.634293556213379,2.634293556213379,2.634293556213379,2.634293556213379,0
1996-05-16,2.6287076473236084,2.6287076473236084,2.6287076473236084,2.6287076473236084,0
1996-05-17,2.637089252471924,2.637089252471924,2.637089252471924,2.637089252471924,0
1996-05-20,2.639885187149048,2.639885187149048,2.639885187149048,2.639885187149048,0
1996-05-21,2.639885187149048,2.639885187149048,2.639885187149048,2.639885187149048,0
1996-05-22,2.639885187149048,2.639885187149048,2.639885187149048,2.639885187149048,0
1996-05-23,2.634293556213379,2.634293556213379,2.634293556213379,2.634293556213379,0
1996-05-24,2.639885187149048,2.639885187149048,2.639885187149048,2.639885187149048,0
1996-05-28,2.639885187149048,2.639885187149048,2.639885187149048,2.639885187149048,0
1996-05-29,2.6287076473236084,2.6287076473236084,2.6287076473236084,2.6287076473236084,0
1996-05-30,2.625913143157959,2.625913143157959,2.625913143157959,2.625913143157959,0
1996-05-31,2.618610143661499,2.618610143661499,2.618610143661499,2.618610143661499,0
1996-06-03,2.618610143661499,2.618610143661499,2.618610143661499,2.618610143661499,0
1996-06-04,2.618610143661499,2.618610143661499,2.618610143661499,2.618610143661499,0
1996-06-05,2.62423038482666,2.62423038482666,2.62423038482666,2.62423038482666,0
1996-06-06,2.6354665756225586,2.6354665756225586,2.6354665756225586,2.6354665756225586,0
1996-06-07,2.610182762145996,2.610182762145996,2.610182762145996,2.610182762145996,0
1996-06-10,2.610182762145996,2.610182762145996,2.610182762145996,2.610182762145996,0
1996-06-11,2.610182762145996,2.610182762145996,2.610182762145996,2.610182762145996,0
1996-06-12,2.6045620441436768,2.6045620441436768,2.6045620441436768,2.6045620441436768,0
1996-06-13,2.6045620441436768,2.6045620441436768,2.6045620441436768,2.6045620441436768,0
1996-06-14,2.615800142288208,2.615800142288208,2.615800142288208,2.615800142288208,0
1996-06-17,2.618610143661499,2.618610143661499,2.618610143661499,2.618610143661499,0
1996-06-18,2.618610143661499,2.618610143661499,2.618610143661499,2.618610143661499,0
1996-06-19,2.615800142288208,2.615800142288208,2.615800142288208,2.615800142288208,0
1996-06-20,2.6129910945892334,2.6129910945892334,2.6129910945892334,2.6129910945892334,0
1996-06-21,2.618610143661499,2.618610143661499,2.618610143661499,2.618610143661499,0
1996-06-24,2.62142014503479,2.62142014503479,2.62142014503479,2.62142014503479,0
1996-06-25,2.62423038482666,2.62423038482666,2.62423038482666,2.62423038482666,0
1996-06-26,2.618610143661499,2.618610143661499,2.618610143661499,2.618610143661499,0
1996-06-27,2.632657527923584,2.6326575279235844,2.6326575279235844,2.6326575279235844,0
1996-06-28,2.6530003547668457,2.6530003547668457,2.6530003547668457,2.6530003547668457,0
1996-07-01,2.650174140930176,2.650174140930176,2.650174140930176,2.650174140930176,0
1996-07-02,2.644526958465576,2.644526958465576,2.644526958465576,2.644526958465576,0
1996-07-03,2.6473472118377686,2.6473472118377686,2.6473472118377686,2.6473472118377686,0
1996-07-05,2.616269111633301,2.616269111633301,2.616269111633301,2.616269111633301,0
1996-07-08,2.6134450435638428,2.6134450435638428,2.6134450435638428,2.6134450435638428,0
1996-07-09,2.619095802307129,2.619095802307129,2.619095802307129,2.619095802307129,0
1996-07-10,2.6275734901428223,2.627573490142822,2.627573490142822,2.627573490142822,0
1996-07-11,2.6332240104675293,2.6332240104675297,2.6332240104675297,2.6332240104675297,0
1996-07-12,2.641697883605957,2.641697883605957,2.641697883605957,2.641697883605957,0
1996-07-15,2.6360483169555664,2.6360483169555664,2.6360483169555664,2.6360483169555664,0
1996-07-16,2.6473472118377686,2.6473472118377686,2.6473472118377686,2.6473472118377686,0
1996-07-17,2.6473472118377686,2.6473472118377686,2.6473472118377686,2.6473472118377686,0
1996-07-18,2.6614742279052734,2.6614742279052734,2.6614742279052734,2.6614742279052734,0
1996-07-19,2.655825614929199,2.655825614929199,2.655825614929199,2.655825614929199,0
1996-07-22,2.650174140930176,2.650174140930176,2.650174140930176,2.650174140930176,0
1996-07-23,2.6530003547668457,2.6530003547668457,2.6530003547668457,2.6530003547668457,0
1996-07-24,2.644526958465576,2.644526958465576,2.644526958465576,2.644526958465576,0
1996-07-25,2.6473472118377686,2.6473472118377686,2.6473472118377686,2.6473472118377686,0
1996-07-26,2.650174140930176,2.650174140930176,2.650174140930176,2.650174140930176,0
1996-07-29,2.641697883605957,2.641697883605957,2.641697883605957,2.641697883605957,0
1996-07-30,2.6473472118377686,2.6473472118377686,2.6473472118377686,2.6473472118377686,0
1996-07-31,2.6595683097839355,2.6595683097839355,2.6595683097839355,2.6595683097839355,0
1996-08-01,2.679457426071167,2.679457426071167,2.679457426071167,2.679457426071167,0
1996-08-02,2.6993484497070312,2.6993484497070312,2.6993484497070312,2.6993484497070312,0
1996-08-05,2.6965057849884033,2.6965057849884033,2.6965057849884033,2.6965057849884033,0
1996-08-06,2.6965057849884033,2.6965057849884033,2.6965057849884033,2.6965057849884033,0
1996-08-07,2.6936638355255127,2.6936638355255127,2.6936638355255127,2.6936638355255127,0
1996-08-08,2.6936638355255127,2.6936638355255127,2.6936638355255127,2.6936638355255127,0
1996-08-09,2.7021899223327637,2.7021899223327637,2.7021899223327637,2.7021899223327637,0
1996-08-12,2.705031156539917,2.705031156539917,2.705031156539917,2.705031156539917,0
1996-08-13,2.6936638355255127,2.6936638355255127,2.6936638355255127,2.6936638355255127,0
1996-08-14,2.6936638355255127,2.6936638355255127,2.6936638355255127,2.6936638355255127,0
1996-08-15,2.6879820823669434,2.6879820823669434,2.6879820823669434,2.6879820823669434,0
1996-08-16,2.6993484497070312,2.6993484497070312,2.6993484497070312,2.6993484497070312,0
1996-08-19,2.6965057849884033,2.6965057849884033,2.6965057849884033,2.6965057849884033,0
1996-08-20,2.6936638355255127,2.6936638355255127,2.6936638355255127,2.6936638355255127,0
1996-08-21,2.690823554992676,2.690823554992676,2.690823554992676,2.690823554992676,0
1996-08-22,2.690823554992676,2.690823554992676,2.690823554992676,2.690823554992676,0
1996-08-23,2.679457426071167,2.679457426071167,2.679457426071167,2.679457426071167,0
1996-08-26,2.668092727661133,2.668092727661133,2.668092727661133,2.668092727661133,0
1996-08-27,2.6709327697753906,2.67093276977539,2.67093276977539,2.67093276977539,0
1996-08-28,2.6709327697753906,2.67093276977539,2.67093276977539,2.67093276977539,0
1996-08-29,2.665250539779663,2.665250539779663,2.665250539779663,2.665250539779663,0
1996-08-30,2.651820182800293,2.651820182800293,2.651820182800293,2.651820182800293,0
1996-09-03,2.6575355529785156,2.6575355529785156,2.6575355529785156,2.6575355529785156,0
1996-09-04,2.651820182800293,2.651820182800293,2.651820182800293,2.651820182800293,0
1996-09-05,2.6489620208740234,2.6489620208740234,2.6489620208740234,2.6489620208740234,0
1996-09-06,2.6575355529785156,2.6575355529785156,2.6575355529785156,2.6575355529785156,0
1996-09-09,2.660393714904785,2.6603937149047856,2.6603937149047856,2.6603937149047856,0
1996-09-10,2.6575355529785156,2.6575355529785156,2.6575355529785156,2.6575355529785156,0
1996-09-11,2.6575355529785156,2.6575355529785156,2.6575355529785156,2.6575355529785156,0
1996-09-12,2.666107654571533,2.6661076545715336,2.6661076545715336,2.6661076545715336,0
1996-09-13,2.686110734939575,2.686110734939575,2.686110734939575,2.686110734939575,0
1996-09-16,2.688969373703003,2.688969373703003,2.688969373703003,2.688969373703003,0
1996-09-17,2.677537441253662,2.677537441253662,2.677537441253662,2.677537441253662,0
1996-09-18,2.6746816635131836,2.6746816635131836,2.6746816635131836,2.6746816635131836,0
1996-09-19,2.671821355819702,2.671821355819702,2.671821355819702,2.671821355819702,0
1996-09-20,2.677537441253662,2.677537441253662,2.677537441253662,2.677537441253662,0
1996-09-23,2.677537441253662,2.677537441253662,2.677537441253662,2.677537441253662,0
1996-09-24,2.688969373703003,2.688969373703003,2.688969373703003,2.688969373703003,0
1996-09-25,2.694683790206909,2.694683790206909,2.694683790206909,2.694683790206909,0
1996-09-26,2.703256368637085,2.703256368637085,2.703256368637085,2.703256368637085,0
1996-09-27,2.70039963722229,2.70039963722229,2.70039963722229,2.70039963722229,0
1996-09-30,2.6981022357940674,2.6981022357940674,2.6981022357940674,2.6981022357940674,0
1996-10-01,2.709594488143921,2.709594488143921,2.709594488143921,2.709594488143921,0
1996-10-02,2.7153403759002686,2.7153403759002686,2.7153403759002686,2.7153403759002686,0
1996-10-03,2.7153403759002686,2.7153403759002686,2.7153403759002686,2.7153403759002686,0
1996-10-04,2.729708433151245,2.729708433151245,2.729708433151245,2.729708433151245,0
1996-10-07,2.7239620685577393,2.7239620685577393,2.7239620685577393,2.7239620685577393,0
1996-10-08,2.721087694168091,2.721087694168091,2.721087694168091,2.721087694168091,0
1996-10-09,2.7182133197784424,2.7182133197784424,2.7182133197784424,2.7182133197784424,0
1996-10-10,2.709594488143921,2.709594488143921,2.709594488143921,2.709594488143921,0
1996-10-11,2.7182133197784424,2.7182133197784424,2.7182133197784424,2.7182133197784424,0
1996-10-14,2.7182133197784424,2.7182133197784424,2.7182133197784424,2.7182133197784424,0
1996-10-15,2.7182133197784424,2.7182133197784424,2.7182133197784424,2.7182133197784424,0
1996-10-16,2.7182133197784424,2.7182133197784424,2.7182133197784424,2.7182133197784424,0
1996-10-17,2.7268319129943848,2.7268319129943848,2.7268319129943848,2.7268319129943848,0
1996-10-18,2.729708433151245,2.729708433151245,2.729708433151245,2.729708433151245,0
1996-10-21,2.729708433151245,2.729708433151245,2.729708433151245,2.729708433151245,0
1996-10-22,2.7239620685577393,2.7239620685577393,2.7239620685577393,2.7239620685577393,0
1996-10-23,2.7239620685577393,2.7239620685577393,2.7239620685577393,2.7239620685577393,0
1996-10-24,2.7239620685577393,2.7239620685577393,2.7239620685577393,2.7239620685577393,0
1996-10-25,2.729708433151245,2.729708433151245,2.729708433151245,2.729708433151245,0
1996-10-28,2.7268319129943848,2.7268319129943848,2.7268319129943848,2.7268319129943848,0
1996-10-29,2.7498199939727783,2.7498199939727783,2.7498199939727783,2.7498199939727783,0
1996-10-30,2.7498199939727783,2.7498199939727783,2.7498199939727783,2.7498199939727783,0
1996-10-31,2.755305051803589,2.755305051803589,2.755305051803589,2.755305051803589,0
1996-11-01,2.7524194717407227,2.7524194717407227,2.7524194717407227,2.7524194717407227,0
1996-11-04,2.7581982612609863,2.758198261260986,2.758198261260986,2.758198261260986,0
1996-11-05,2.766862154006958,2.7668621540069576,2.7668621540069576,2.7668621540069576,0
1996-11-06,2.7639710903167725,2.763971090316772,2.763971090316772,2.763971090316772,0
1996-11-07,2.7726376056671143,2.772637605667114,2.772637605667114,2.772637605667114,0
1996-11-08,2.7697503566741943,2.7697503566741943,2.7697503566741943,2.7697503566741943,0
1996-11-11,2.7726376056671143,2.772637605667114,2.772637605667114,2.772637605667114,0
1996-11-12,2.7813010215759277,2.7813010215759277,2.7813010215759277,2.7813010215759277,0
1996-11-13,2.7813010215759277,2.7813010215759277,2.7813010215759277,2.7813010215759277,0
1996-11-14,2.7870776653289795,2.787077665328979,2.787077665328979,2.787077665328979,0
1996-11-15,2.7841904163360596,2.7841904163360596,2.7841904163360596,2.7841904163360596,0
1996-11-18,2.7841904163360596,2.7841904163360596,2.7841904163360596,2.7841904163360596,0
1996-11-19,2.7870776653289795,2.787077665328979,2.787077665328979,2.787077665328979,0
1996-11-20,2.7928555011749268,2.7928555011749268,2.7928555011749268,2.7928555011749268,0
1996-11-21,2.7928555011749268,2.7928555011749268,2.7928555011749268,2.7928555011749268,0
1996-11-22,2.789966344833374,2.789966344833374,2.789966344833374,2.789966344833374,0
1996-11-25,2.7928555011749268,2.7928555011749268,2.7928555011749268,2.7928555011749268,0
1996-11-26,2.7928555011749268,2.7928555011749268,2.7928555011749268,2.7928555011749268,0
1996-11-27,2.7957425117492676,2.7957425117492676,2.7957425117492676,2.7957425117492676,0
1996-11-29,2.8047432899475098,2.8047432899475098,2.8047432899475098,2.8047432899475098,0
1996-12-02,2.8047432899475098,2.8047432899475098,2.8047432899475098,2.8047432899475098,0
1996-12-03,2.8076467514038086,2.807646751403808,2.807646751403808,2.807646751403808,0
1996-12-04,2.7989370822906494,2.7989370822906494,2.7989370822906494,2.7989370822906494,0
1996-12-05,2.787322998046875,2.787322998046875,2.787322998046875,2.787322998046875,0
1996-12-06,2.7844197750091553,2.7844197750091557,2.7844197750091557,2.7844197750091557,0
1996-12-09,2.79022479057312,2.79022479057312,2.79022479057312,2.79022479057312,0
1996-12-10,2.79022479057312,2.79022479057312,2.79022479057312,2.79022479057312,0
1996-12-11,2.7728073596954346,2.772807359695434,2.772807359695434,2.772807359695434,0
1996-12-12,2.76990008354187,2.7699000835418706,2.7699000835418706,2.7699000835418706,0
1996-12-13,2.7786104679107666,2.778610467910766,2.778610467910766,2.778610467910766,0
1996-12-16,2.7728073596954346,2.772807359695434,2.772807359695434,2.772807359695434,0
1996-12-17,2.766998291015625,2.766998291015625,2.766998291015625,2.766998291015625,0
1996-12-18,2.7640960216522217,2.7640960216522217,2.7640960216522217,2.7640960216522217,0
1996-12-19,2.7757089138031006,2.7757089138031006,2.7757089138031006,2.7757089138031006,0
1996-12-20,2.7786104679107666,2.778610467910766,2.778610467910766,2.778610467910766,0
1996-12-23,2.7815160751342773,2.781516075134278,2.781516075134278,2.781516075134278,0
1996-12-24,2.7815160751342773,2.781516075134278,2.781516075134278,2.781516075134278,0
1996-12-26,2.7815160751342773,2.781516075134278,2.781516075134278,2.781516075134278,0
1996-12-27,2.787322998046875,2.787322998046875,2.787322998046875,2.787322998046875,0
1996-12-30,2.79022479057312,2.79022479057312,2.79022479057312,2.79022479057312,0
1996-12-31,2.7718257904052734,2.7718257904052734,2.7718257904052734,2.7718257904052734,0
1997-01-02,2.7601420879364014,2.7601420879364014,2.7601420879364014,2.7601420879364014,0
1997-01-03,2.7630615234375,2.7630615234375,2.7630615234375,2.7630615234375,0
1997-01-06,2.7630615234375,2.7630615234375,2.7630615234375,2.7630615234375,0
1997-01-07,2.757220506668091,2.757220506668091,2.757220506668091,2.757220506668091,0
1997-01-08,2.757220506668091,2.757220506668091,2.757220506668091,2.757220506668091,0
1997-01-09,2.765986204147339,2.765986204147339,2.765986204147339,2.765986204147339,0
1997-01-10,2.751380205154419,2.751380205154419,2.751380205154419,2.751380205154419,0
1997-01-13,2.7543013095855713,2.7543013095855717,2.7543013095855717,2.7543013095855717,0
1997-01-14,2.765986204147339,2.765986204147339,2.765986204147339,2.765986204147339,0
1997-01-15,2.7689049243927,2.7689049243927,2.7689049243927,2.7689049243927,0
1997-01-16,2.7601420879364014,2.7601420879364014,2.7601420879364014,2.7601420879364014,0
1997-01-17,2.765986204147339,2.765986204147339,2.765986204147339,2.765986204147339,0
1997-01-20,2.765986204147339,2.765986204147339,2.765986204147339,2.765986204147339,0
1997-01-21,2.7718257904052734,2.7718257904052734,2.7718257904052734,2.7718257904052734,0
1997-01-22,2.7689049243927,2.7689049243927,2.7689049243927,2.7689049243927,0
1997-01-23,2.765986204147339,2.765986204147339,2.765986204147339,2.765986204147339,0
1997-01-24,2.757220506668091,2.757220506668091,2.757220506668091,2.757220506668091,0
1997-01-27,2.7543013095855713,2.7543013095855717,2.7543013095855717,2.7543013095855717,0
1997-01-28,2.7601420879364014,2.7601420879364014,2.7601420879364014,2.7601420879364014,0
1997-01-29,2.7601420879364014,2.7601420879364014,2.7601420879364014,2.7601420879364014,0
1997-01-30,2.765986204147339,2.765986204147339,2.765986204147339,2.765986204147339,0
1997-01-31,2.7783172130584717,2.7783172130584717,2.7783172130584717,2.7783172130584717,0
1997-02-03,2.787130117416382,2.787130117416382,2.787130117416382,2.787130117416382,0
1997-02-04,2.7900664806365967,2.7900664806365967,2.7900664806365967,2.7900664806365967,0
1997-02-05,2.787130117416382,2.787130117416382,2.787130117416382,2.787130117416382,0
1997-02-06,2.787130117416382,2.787130117416382,2.787130117416382,2.787130117416382,0
1997-02-07,2.7930028438568115,2.7930028438568115,2.7930028438568115,2.7930028438568115,0
1997-02-10,2.7959401607513428,2.7959401607513428,2.7959401607513428,2.7959401607513428,0
1997-02-11,2.7959401607513428,2.7959401607513428,2.7959401607513428,2.7959401607513428,0
1997-02-12,2.7959401607513428,2.7959401607513428,2.7959401607513428,2.7959401607513428,0
1997-02-13,2.804753541946411,2.804753541946411,2.804753541946411,2.804753541946411,0
1997-02-14,2.8135616779327393,2.8135616779327393,2.8135616779327393,2.8135616779327393,0
1997-02-18,2.8135616779327393,2.8135616779327393,2.8135616779327393,2.8135616779327393,0
1997-02-19,2.8135616779327393,2.8135616779327393,2.8135616779327393,2.8135616779327393,0
1997-02-20,2.807687997817993,2.807687997817993,2.807687997817993,2.807687997817993,0
1997-02-21,2.804753541946411,2.804753541946411,2.804753541946411,2.804753541946411,0
1997-02-24,2.804753541946411,2.804753541946411,2.804753541946411,2.804753541946411,0
1997-02-25,2.8018124103546143,2.8018124103546143,2.8018124103546143,2.8018124103546143,0
1997-02-26,2.7812583446502686,2.7812583446502686,2.7812583446502686,2.7812583446502686,0
1997-02-27,2.7783172130584717,2.7783172130584717,2.7783172130584717,2.7783172130584717,0
1997-02-28,2.783928394317627,2.783928394317627,2.783928394317627,2.783928394317627,0
1997-03-03,2.780973196029663,2.780973196029663,2.780973196029663,2.780973196029663,0
1997-03-04,2.778022050857544,2.7780220508575444,2.7780220508575444,2.7780220508575444,0
1997-03-05,2.778022050857544,2.7780220508575444,2.7780220508575444,2.7780220508575444,0
1997-03-06,2.775071382522583,2.775071382522583,2.775071382522583,2.775071382522583,0
1997-03-07,2.783928394317627,2.783928394317627,2.783928394317627,2.783928394317627,0
1997-03-10,2.783928394317627,2.783928394317627,2.783928394317627,2.783928394317627,0
1997-03-11,2.783928394317627,2.783928394317627,2.783928394317627,2.783928394317627,0
1997-03-12,2.780973196029663,2.780973196029663,2.780973196029663,2.780973196029663,0
1997-03-13,2.7662136554718018,2.7662136554718018,2.7662136554718018,2.7662136554718018,0
1997-03-14,2.7691667079925537,2.7691667079925537,2.7691667079925537,2.7691667079925537,0
1997-03-17,2.7691667079925537,2.7691667079925537,2.7691667079925537,2.7691667079925537,0
1997-03-18,2.7691667079925537,2.7691667079925537,2.7691667079925537,2.7691667079925537,0
1997-03-19,2.7662136554718018,2.7662136554718018,2.7662136554718018,2.7662136554718018,0
1997-03-20,2.7662136554718018,2.7662136554718018,2.7662136554718018,2.7662136554718018,0
1997-03-21,2.7662136554718018,2.7662136554718018,2.7662136554718018,2.7662136554718018,0
1997-03-24,2.7721190452575684,2.772119045257569,2.772119045257569,2.772119045257569,0
1997-03-25,2.7662136554718018,2.7662136554718018,2.7662136554718018,2.7662136554718018,0
1997-03-26,2.763261556625366,2.763261556625366,2.763261556625366,2.763261556625366,0
1997-03-27,2.7484991550445557,2.7484991550445557,2.7484991550445557,2.7484991550445557,0
1997-03-31,2.7496871948242188,2.7496871948242188,2.7496871948242188,2.7496871948242188,0
1997-04-01,2.7556264400482178,2.7556264400482178,2.7556264400482178,2.7556264400482178,0
1997-04-02,2.7556264400482178,2.7556264400482178,2.7556264400482178,2.7556264400482178,0
1997-04-03,2.758596181869507,2.758596181869507,2.758596181869507,2.758596181869507,0
1997-04-04,2.7496871948242188,2.7496871948242188,2.7496871948242188,2.7496871948242188,0
1997-04-07,2.758596181869507,2.758596181869507,2.758596181869507,2.758596181869507,0
1997-04-08,2.7556264400482178,2.7556264400482178,2.7556264400482178,2.7556264400482178,0
1997-04-09,2.7556264400482178,2.7556264400482178,2.7556264400482178,2.7556264400482178,0
1997-04-10,2.7556264400482178,2.7556264400482178,2.7556264400482178,2.7556264400482178,0
1997-04-11,2.746718168258667,2.746718168258667,2.746718168258667,2.746718168258667,0
1997-04-14,2.746718168258667,2.746718168258667,2.746718168258667,2.746718168258667,0
1997-04-15,2.761568307876587,2.761568307876587,2.761568307876587,2.761568307876587,0
1997-04-16,2.758596181869507,2.758596181869507,2.758596181869507,2.758596181869507,0
1997-04-17,2.7645363807678223,2.7645363807678223,2.7645363807678223,2.7645363807678223,0
1997-04-18,2.767502784729004,2.767502784729004,2.767502784729004,2.767502784729004,0
1997-04-21,2.7645363807678223,2.7645363807678223,2.7645363807678223,2.7645363807678223,0
1997-04-22,2.767502784729004,2.767502784729004,2.767502784729004,2.767502784729004,0
1997-04-23,2.7645363807678223,2.7645363807678223,2.7645363807678223,2.7645363807678223,0
1997-04-24,2.758596181869507,2.758596181869507,2.758596181869507,2.758596181869507,0
1997-04-25,2.758596181869507,2.758596181869507,2.758596181869507,2.758596181869507,0
1997-04-28,2.761568307876587,2.761568307876587,2.761568307876587,2.761568307876587,0
1997-04-29,2.78235125541687,2.78235125541687,2.78235125541687,2.78235125541687,0
1997-04-30,2.7901198863983154,2.790119886398315,2.790119886398315,2.790119886398315,0
1997-05-01,2.793105125427246,2.793105125427246,2.793105125427246,2.793105125427246,0
1997-05-02,2.7960917949676514,2.7960917949676514,2.7960917949676514,2.7960917949676514,0
1997-05-05,2.799079179763794,2.799079179763794,2.799079179763794,2.799079179763794,0
1997-05-06,2.799079179763794,2.799079179763794,2.799079179763794,2.799079179763794,0
1997-05-07,2.7901198863983154,2.790119886398315,2.790119886398315,2.790119886398315,0
1997-05-08,2.7960917949676514,2.7960917949676514,2.7960917949676514,2.7960917949676514,0
1997-05-09,2.8020687103271484,2.8020687103271484,2.8020687103271484,2.8020687103271484,0
1997-05-12,2.80804443359375,2.80804443359375,2.80804443359375,2.80804443359375,0
1997-05-13,2.799079179763794,2.799079179763794,2.799079179763794,2.799079179763794,0
1997-05-14,2.805056095123291,2.805056095123291,2.805056095123291,2.805056095123291,0
1997-05-15,2.80804443359375,2.80804443359375,2.80804443359375,2.80804443359375,0
1997-05-16,2.8020687103271484,2.8020687103271484,2.8020687103271484,2.8020687103271484,0
1997-05-19,2.8020687103271484,2.8020687103271484,2.8020687103271484,2.8020687103271484,0
1997-05-20,2.805056095123291,2.805056095123291,2.805056095123291,2.805056095123291,0
1997-05-21,2.8020687103271484,2.8020687103271484,2.8020687103271484,2.8020687103271484,0
1997-05-22,2.799079179763794,2.799079179763794,2.799079179763794,2.799079179763794,0
1997-05-23,2.799079179763794,2.799079179763794,2.799079179763794,2.799079179763794,0
1997-05-27,2.7960917949676514,2.7960917949676514,2.7960917949676514,2.7960917949676514,0
1997-05-28,2.7960917949676514,2.7960917949676514,2.7960917949676514,2.7960917949676514,0
1997-05-29,2.8020687103271484,2.8020687103271484,2.8020687103271484,2.8020687103271484,0
1997-05-30,2.8116798400878906,2.8116798400878906,2.8116798400878906,2.8116798400878906,0
1997-06-02,2.814683675765991,2.8146836757659917,2.8146836757659917,2.8146836757659917,0
1997-06-03,2.820692300796509,2.820692300796509,2.820692300796509,2.820692300796509,0
1997-06-04,2.820692300796509,2.820692300796509,2.820692300796509,2.820692300796509,0
1997-06-05,2.820692300796509,2.820692300796509,2.820692300796509,2.820692300796509,0
1997-06-06,2.8357112407684326,2.8357112407684326,2.8357112407684326,2.8357112407684326,0
1997-06-09,2.8297040462493896,2.82970404624939,2.82970404624939,2.82970404624939,0
1997-06-10,2.8297040462493896,2.82970404624939,2.82970404624939,2.82970404624939,0
1997-06-11,2.8297040462493896,2.82970404624939,2.82970404624939,2.82970404624939,0
1997-06-12,2.8417201042175293,2.8417201042175293,2.8417201042175293,2.8417201042175293,0
1997-06-13,2.8507306575775146,2.8507306575775146,2.8507306575775146,2.8507306575775146,0
1997-06-16,2.8537352085113525,2.8537352085113525,2.8537352085113525,2.8537352085113525,0
1997-06-17,2.8507306575775146,2.8507306575775146,2.8507306575775146,2.8507306575775146,0
1997-06-18,2.8567419052124023,2.856741905212402,2.856741905212402,2.856741905212402,0
1997-06-19,2.8567419052124023,2.856741905212402,2.856741905212402,2.856741905212402,0
1997-06-20,2.8597450256347656,2.8597450256347656,2.8597450256347656,2.8597450256347656,0
1997-06-23,2.8567419052124023,2.856741905212402,2.856741905212402,2.856741905212402,0
1997-06-24,2.8567419052124023,2.856741905212402,2.856741905212402,2.856741905212402,0
1997-06-25,2.8537352085113525,2.8537352085113525,2.8537352085113525,2.8537352085113525,0
1997-06-26,2.8477280139923096,2.8477280139923096,2.8477280139923096,2.8477280139923096,0
1997-06-27,2.8537352085113525,2.8537352085113525,2.8537352085113525,2.8537352085113525,0
1997-06-30,2.8473961353302,2.8473961353302,2.8473961353302,2.8473961353302,0
1997-07-01,2.8564534187316895,2.8564534187316895,2.8564534187316895,2.8564534187316895,0
1997-07-02,2.8594720363616943,2.8594720363616943,2.8594720363616943,2.8594720363616943,0
1997-07-03,2.874572277069092,2.874572277069092,2.874572277069092,2.874572277069092,0
1997-07-07,2.8836305141448975,2.8836305141448975,2.8836305141448975,2.8836305141448975,0
1997-07-08,2.8836305141448975,2.8836305141448975,2.8836305141448975,2.8836305141448975,0
1997-07-09,2.8866493701934814,2.8866493701934814,2.8866493701934814,2.8866493701934814,0
1997-07-10,2.8866493701934814,2.8866493701934814,2.8866493701934814,2.8866493701934814,0
1997-07-11,2.8896656036376953,2.889665603637695,2.889665603637695,2.889665603637695,0
1997-07-14,2.8896656036376953,2.889665603637695,2.889665603637695,2.889665603637695,0
1997-07-15,2.8896656036376953,2.889665603637695,2.889665603637695,2.889665603637695,0
1997-07-16,2.898725748062134,2.8987257480621333,2.8987257480621333,2.8987257480621333,0
1997-07-17,2.898725748062134,2.8987257480621333,2.8987257480621333,2.8987257480621333,0
1997-07-18,2.892686605453491,2.892686605453491,2.892686605453491,2.892686605453491,0
1997-07-21,2.892686605453491,2.892686605453491,2.892686605453491,2.892686605453491,0
1997-07-22,2.9077835083007812,2.9077835083007812,2.9077835083007812,2.9077835083007812,0
1997-07-23,2.910804033279419,2.9108040332794185,2.9108040332794185,2.9108040332794185,0
1997-07-24,2.910804033279419,2.9108040332794185,2.9108040332794185,2.9108040332794185,0
1997-07-25,2.9077835083007812,2.9077835083007812,2.9077835083007812,2.9077835083007812,0
1997-07-28,2.9138236045837402,2.91382360458374,2.91382360458374,2.91382360458374,0
1997-07-29,2.9198615550994873,2.9198615550994873,2.9198615550994873,2.9198615550994873,0
1997-07-30,2.925901412963867,2.925901412963867,2.925901412963867,2.925901412963867,0
1997-07-31,2.9307608604431152,2.930760860443115,2.930760860443115,2.930760860443115,0
1997-08-01,2.909501791000366,2.909501791000366,2.909501791000366,2.909501791000366,0
1997-08-04,2.9064626693725586,2.9064626693725586,2.9064626693725586,2.9064626693725586,0
1997-08-05,2.9034290313720703,2.9034290313720703,2.9034290313720703,2.9034290313720703,0
1997-08-06,2.9064626693725586,2.9064626693725586,2.9064626693725586,2.9064626693725586,0
1997-08-07,2.9034290313720703,2.9034290313720703,2.9034290313720703,2.9034290313720703,0
1997-08-08,2.8852052688598633,2.8852052688598633,2.8852052688598633,2.8852052688598633,0
1997-08-11,2.8882429599761963,2.8882429599761967,2.8882429599761967,2.8882429599761967,0
1997-08-12,2.8852052688598633,2.8852052688598633,2.8852052688598633,2.8852052688598633,0
1997-08-13,2.8882429599761963,2.8882429599761967,2.8882429599761967,2.8882429599761967,0
1997-08-14,2.900393009185791,2.900393009185791,2.900393009185791,2.900393009185791,0
1997-08-15,2.900393009185791,2.900393009185791,2.900393009185791,2.900393009185791,0
1997-08-18,2.909501791000366,2.909501791000366,2.909501791000366,2.909501791000366,0
1997-08-19,2.909501791000366,2.909501791000366,2.909501791000366,2.909501791000366,0
1997-08-20,2.9064626693725586,2.9064626693725586,2.9064626693725586,2.9064626693725586,0
1997-08-21,2.900393009185791,2.900393009185791,2.900393009185791,2.900393009185791,0
1997-08-22,2.8912808895111084,2.8912808895111084,2.8912808895111084,2.8912808895111084,0
1997-08-25,2.8882429599761963,2.8882429599761967,2.8882429599761967,2.8882429599761967,0
1997-08-26,2.8912808895111084,2.8912808895111084,2.8912808895111084,2.8912808895111084,0
1997-08-27,2.8912808895111084,2.8912808895111084,2.8912808895111084,2.8912808895111084,0
1997-08-28,2.9034290313720703,2.9034290313720703,2.9034290313720703,2.9034290313720703,0
1997-08-29,2.897320032119751,2.897320032119751,2.897320032119751,2.897320032119751,0
1997-09-02,2.906482458114624,2.906482458114624,2.906482458114624,2.906482458114624,0
1997-09-03,2.9034292697906494,2.9034292697906494,2.9034292697906494,2.9034292697906494,0
1997-09-04,2.9034292697906494,2.9034292697906494,2.9034292697906494,2.9034292697906494,0
1997-09-05,2.9003748893737793,2.9003748893737793,2.9003748893737793,2.9003748893737793,0
1997-09-08,2.9034292697906494,2.9034292697906494,2.9034292697906494,2.9034292697906494,0
1997-09-09,2.9034292697906494,2.9034292697906494,2.9034292697906494,2.9034292697906494,0
1997-09-10,2.9003748893737793,2.9003748893737793,2.9003748893737793,2.9003748893737793,0
1997-09-11,2.897320032119751,2.897320032119751,2.897320032119751,2.897320032119751,0
1997-09-12,2.912586212158203,2.912586212158203,2.912586212158203,2.912586212158203,0
1997-09-15,2.912586212158203,2.912586212158203,2.912586212158203,2.912586212158203,0
1997-09-16,2.9370110034942627,2.9370110034942627,2.9370110034942627,2.9370110034942627,0
1997-09-17,2.940062999725342,2.940062999725342,2.940062999725342,2.940062999725342,0
1997-09-18,2.940062999725342,2.940062999725342,2.940062999725342,2.940062999725342,0
1997-09-19,2.943118095397949,2.943118095397949,2.943118095397949,2.943118095397949,0
1997-09-22,2.9492239952087402,2.9492239952087402,2.9492239952087402,2.9492239952087402,0
1997-09-23,2.943118095397949,2.943118095397949,2.943118095397949,2.943118095397949,0
1997-09-24,2.952277660369873,2.952277660369873,2.952277660369873,2.952277660369873,0
1997-09-25,2.940062999725342,2.940062999725342,2.940062999725342,2.940062999725342,0
1997-09-26,2.9461705684661865,2.9461705684661865,2.9461705684661865,2.9461705684661865,0
1997-09-29,2.9461705684661865,2.9461705684661865,2.9461705684661865,2.9461705684661865,0
1997-09-30,2.9455580711364746,2.9455580711364746,2.9455580711364746,2.9455580711364746,0
1997-10-01,2.957854747772217,2.957854747772217,2.957854747772217,2.957854747772217,0
1997-10-02,2.9609274864196777,2.9609274864196777,2.9609274864196777,2.9609274864196777,0
1997-10-03,2.9609274864196777,2.9609274864196777,2.9609274864196777,2.9609274864196777,0
1997-10-06,2.97015380859375,2.97015380859375,2.97015380859375,2.97015380859375,0
1997-10-07,2.973229169845581,2.973229169845581,2.973229169845581,2.973229169845581,0
1997-10-08,2.9547808170318604,2.9547808170318604,2.9547808170318604,2.9547808170318604,0
1997-10-09,2.951704263687134,2.951704263687134,2.951704263687134,2.951704263687134,0
1997-10-10,2.9455580711364746,2.9455580711364746,2.9455580711364746,2.9455580711364746,0
1997-10-13,2.9455580711364746,2.9455580711364746,2.9455580711364746,2.9455580711364746,0
1997-10-14,2.957854747772217,2.957854747772217,2.957854747772217,2.957854747772217,0
1997-10-15,2.951704263687134,2.951704263687134,2.951704263687134,2.951704263687134,0
1997-10-16,2.9547808170318604,2.9547808170318604,2.9547808170318604,2.9547808170318604,0
1997-10-17,2.9455580711364746,2.9455580711364746,2.9455580711364746,2.9455580711364746,0
1997-10-20,2.951704263687134,2.951704263687134,2.951704263687134,2.951704263687134,0
1997-10-21,2.948629856109619,2.948629856109619,2.948629856109619,2.948629856109619,0
1997-10-22,2.948629856109619,2.948629856109619,2.948629856109619,2.948629856109619,0
1997-10-23,2.9670791625976562,2.9670791625976562,2.9670791625976562,2.9670791625976562,0
1997-10-24,2.9670791625976562,2.9670791625976562,2.9670791625976562,2.9670791625976562,0
1997-10-27,2.982452154159546,2.9824521541595455,2.9824521541595455,2.9824521541595455,0
1997-10-28,2.973229169845581,2.973229169845581,2.973229169845581,2.973229169845581,0
1997-10-29,2.979377269744873,2.979377269744873,2.979377269744873,2.979377269744873,0
1997-10-30,2.9916775226593018,2.9916775226593018,2.9916775226593018,2.9916775226593018,0
1997-10-31,2.9922947883605957,2.9922947883605957,2.9922947883605957,2.9922947883605957,0
1997-11-03,2.9830195903778076,2.9830195903778076,2.9830195903778076,2.9830195903778076,0
1997-11-04,2.976837396621704,2.9768373966217037,2.9768373966217037,2.9768373966217037,0
1997-11-05,2.979931592941284,2.979931592941284,2.979931592941284,2.979931592941284,0
1997-11-06,2.986112356185913,2.986112356185913,2.986112356185913,2.986112356185913,0
1997-11-07,2.989203453063965,2.9892034530639644,2.9892034530639644,2.9892034530639644,0
1997-11-10,2.989203453063965,2.9892034530639644,2.9892034530639644,2.9892034530639644,0
1997-11-11,2.989203453063965,2.9892034530639644,2.9892034530639644,2.9892034530639644,0
1997-11-12,2.9922947883605957,2.9922947883605957,2.9922947883605957,2.9922947883605957,0
1997-11-13,2.9953861236572266,2.9953861236572266,2.9953861236572266,2.9953861236572266,0
1997-11-14,2.9953861236572266,2.9953861236572266,2.9953861236572266,2.9953861236572266,0
1997-11-17,2.998478889465332,2.998478889465332,2.998478889465332,2.998478889465332,0
1997-11-18,3.0015714168548584,3.0015714168548584,3.0015714168548584,3.0015714168548584,0
1997-11-19,3.007750988006592,3.007750988006592,3.007750988006592,3.007750988006592,0
1997-11-20,3.004660129547119,3.0046601295471196,3.0046601295471196,3.0046601295471196,0
1997-11-21,3.007750988006592,3.007750988006592,3.007750988006592,3.007750988006592,0
1997-11-24,3.004660129547119,3.0046601295471196,3.0046601295471196,3.0046601295471196,0
1997-11-25,3.004660129547119,3.0046601295471196,3.0046601295471196,3.0046601295471196,0
1997-11-26,3.007750988006592,3.007750988006592,3.007750988006592,3.007750988006592,0
1997-11-28,3.0034003257751465,3.0034003257751465,3.0034003257751465,3.0034003257751465,0
1997-12-01,3.009613275527954,3.009613275527954,3.009613275527954,3.009613275527954,0
1997-12-02,3.009613275527954,3.009613275527954,3.009613275527954,3.009613275527954,0
1997-12-03,3.012720823287964,3.012720823287964,3.012720823287964,3.012720823287964,0
1997-12-04,3.012720823287964,3.012720823287964,3.012720823287964,3.012720823287964,0
1997-12-05,3.00650691986084,3.00650691986084,3.00650691986084,3.00650691986084,0
1997-12-08,3.000295877456665,3.000295877456665,3.000295877456665,3.000295877456665,0
1997-12-09,3.000295877456665,3.000295877456665,3.000295877456665,3.000295877456665,0
1997-12-10,3.00650691986084,3.00650691986084,3.00650691986084,3.00650691986084,0
1997-12-11,3.0189318656921387,3.0189318656921382,3.0189318656921382,3.0189318656921382,0
1997-12-12,3.031355857849121,3.031355857849121,3.031355857849121,3.031355857849121,0
1997-12-15,3.028247833251953,3.028247833251953,3.028247833251953,3.028247833251953,0
1997-12-16,3.031355857849121,3.031355857849121,3.031355857849121,3.031355857849121,0
1997-12-17,3.025143623352051,3.025143623352051,3.025143623352051,3.025143623352051,0
1997-12-18,3.034461498260498,3.034461498260498,3.034461498260498,3.034461498260498,0
1997-12-19,3.0375664234161377,3.037566423416138,3.037566423416138,3.037566423416138,0
1997-12-22,3.040672779083252,3.040672779083252,3.040672779083252,3.040672779083252,0
1997-12-23,3.040672779083252,3.040672779083252,3.040672779083252,3.040672779083252,0
1997-12-24,3.040672779083252,3.040672779083252,3.040672779083252,3.040672779083252,0
1997-12-26,3.040672779083252,3.040672779083252,3.040672779083252,3.040672779083252,0
1997-12-29,3.040672779083252,3.040672779083252,3.040672779083252,3.040672779083252,0
1997-12-30,3.034461498260498,3.034461498260498,3.034461498260498,3.034461498260498,0
1997-12-31,3.0432119369506836,3.0432119369506836,3.0432119369506836,3.0432119369506836,0
1998-01-02,3.055706262588501,3.055706262588501,3.055706262588501,3.055706262588501,0
1998-01-05,3.077579975128174,3.077579975128174,3.077579975128174,3.077579975128174,0
1998-01-06,3.0807015895843506,3.0807015895843506,3.0807015895843506,3.0807015895843506,0
1998-01-07,3.0713305473327637,3.071330547332764,3.071330547332764,3.071330547332764,0
1998-01-08,3.0838303565979004,3.0838303565979004,3.0838303565979004,3.0838303565979004,0
1998-01-09,3.096324920654297,3.096324920654297,3.096324920654297,3.096324920654297,0
1998-01-12,3.0994508266448975,3.0994508266448975,3.0994508266448975,3.0994508266448975,0
1998-01-13,3.096324920654297,3.096324920654297,3.096324920654297,3.096324920654297,0
1998-01-14,3.0900766849517822,3.0900766849517822,3.0900766849517822,3.0900766849517822,0
1998-01-15,3.0900766849517822,3.0900766849517822,3.0900766849517822,3.0900766849517822,0
1998-01-16,3.077579975128174,3.077579975128174,3.077579975128174,3.077579975128174,0
1998-01-20,3.077579975128174,3.077579975128174,3.077579975128174,3.077579975128174,0
1998-01-21,3.0807015895843506,3.0807015895843506,3.0807015895843506,3.0807015895843506,0
1998-01-22,3.077579975128174,3.077579975128174,3.077579975128174,3.077579975128174,0
1998-01-23,3.058833360671997,3.058833360671997,3.058833360671997,3.058833360671997,0
1998-01-26,3.0650832653045654,3.0650832653045654,3.0650832653045654,3.0650832653045654,0
1998-01-27,3.058833360671997,3.058833360671997,3.058833360671997,3.058833360671997,0
1998-01-28,3.058833360671997,3.058833360671997,3.058833360671997,3.058833360671997,0
1998-01-29,3.077579975128174,3.077579975128174,3.077579975128174,3.077579975128174,0
1998-01-30,3.082923650741577,3.082923650741577,3.082923650741577,3.082923650741577,0
1998-02-02,3.0766348838806152,3.0766348838806152,3.0766348838806152,3.0766348838806152,0
1998-02-03,3.07977557182312,3.07977557182312,3.07977557182312,3.07977557182312,0
1998-02-04,3.07977557182312,3.07977557182312,3.07977557182312,3.07977557182312,0
1998-02-05,3.070350408554077,3.0703504085540767,3.0703504085540767,3.0703504085540767,0
1998-02-06,3.070350408554077,3.0703504085540767,3.0703504085540767,3.0703504085540767,0
1998-02-09,3.0672099590301514,3.0672099590301514,3.0672099590301514,3.0672099590301514,0
1998-02-10,3.070350408554077,3.0703504085540767,3.0703504085540767,3.0703504085540767,0
1998-02-11,3.07977557182312,3.07977557182312,3.07977557182312,3.07977557182312,0
1998-02-12,3.0766348838806152,3.0766348838806152,3.0766348838806152,3.0766348838806152,0
1998-02-13,3.086064577102661,3.0860645771026607,3.0860645771026607,3.0860645771026607,0
1998-02-17,3.0954909324645996,3.0954909324645996,3.0954909324645996,3.0954909324645996,0
1998-02-18,3.089207410812378,3.089207410812378,3.089207410812378,3.089207410812378,0
1998-02-19,3.086064577102661,3.0860645771026607,3.0860645771026607,3.0860645771026607,0
1998-02-20,3.082923650741577,3.082923650741577,3.082923650741577,3.082923650741577,0
1998-02-23,3.0766348838806152,3.0766348838806152,3.0766348838806152,3.0766348838806152,0
1998-02-24,3.0640623569488525,3.0640623569488525,3.0640623569488525,3.0640623569488525,0
1998-02-25,3.070350408554077,3.0703504085540767,3.0703504085540767,3.0703504085540767,0
1998-02-26,3.0672099590301514,3.0672099590301514,3.0672099590301514,3.0672099590301514,0
1998-02-27,3.0725743770599365,3.072574377059936,3.072574377059936,3.072574377059936,0
1998-03-02,3.0599453449249268,3.0599453449249268,3.0599453449249268,3.0599453449249268,0
1998-03-03,3.0536279678344727,3.0536279678344727,3.0536279678344727,3.0536279678344727,0
1998-03-04,3.0567843914031982,3.0567843914031982,3.0567843914031982,3.0567843914031982,0
1998-03-05,3.0536279678344727,3.0536279678344727,3.0536279678344727,3.0536279678344727,0
1998-03-06,3.063102960586548,3.063102960586548,3.063102960586548,3.063102960586548,0
1998-03-09,3.0725743770599365,3.072574377059936,3.072574377059936,3.072574377059936,0
1998-03-10,3.0725743770599365,3.072574377059936,3.072574377059936,3.072574377059936,0
1998-03-11,3.0788917541503906,3.0788917541503906,3.0788917541503906,3.0788917541503906,0
1998-03-12,3.091522216796875,3.091522216796875,3.091522216796875,3.091522216796875,0
1998-03-13,3.0883657932281494,3.0883657932281494,3.0883657932281494,3.0883657932281494,0
1998-03-16,3.094681978225708,3.094681978225708,3.094681978225708,3.094681978225708,0
1998-03-17,3.091522216796875,3.091522216796875,3.091522216796875,3.091522216796875,0
1998-03-18,3.0883657932281494,3.0883657932281494,3.0883657932281494,3.0883657932281494,0
1998-03-19,3.0883657932281494,3.0883657932281494,3.0883657932281494,3.0883657932281494,0
1998-03-20,3.091522216796875,3.091522216796875,3.091522216796875,3.091522216796875,0
1998-03-23,3.094681978225708,3.094681978225708,3.094681978225708,3.094681978225708,0
1998-03-24,3.094681978225708,3.094681978225708,3.094681978225708,3.094681978225708,0
1998-03-25,3.0852062702178955,3.085206270217896,3.085206270217896,3.085206270217896,0
1998-03-26,3.0820510387420654,3.082051038742066,3.082051038742066,3.082051038742066,0
1998-03-27,3.0788917541503906,3.0788917541503906,3.0788917541503906,3.0788917541503906,0
1998-03-30,3.0757341384887695,3.0757341384887695,3.0757341384887695,3.0757341384887695,0
1998-03-31,3.081451654434204,3.081451654434204,3.081451654434204,3.081451654434204,0
1998-04-01,3.0909814834594727,3.0909814834594727,3.0909814834594727,3.0909814834594727,0
1998-04-02,3.1005136966705322,3.1005136966705327,3.1005136966705327,3.1005136966705327,0
1998-04-03,3.1164000034332275,3.116400003433227,3.116400003433227,3.116400003433227,0
1998-04-06,3.110042095184326,3.110042095184326,3.110042095184326,3.110042095184326,0
1998-04-07,3.106868028640747,3.1068680286407466,3.1068680286407466,3.1068680286407466,0
1998-04-08,3.0973336696624756,3.0973336696624756,3.0973336696624756,3.0973336696624756,0
1998-04-09,3.1005136966705322,3.1005136966705327,3.1005136966705327,3.1005136966705327,0
1998-04-13,3.0909814834594727,3.0909814834594727,3.0909814834594727,3.0909814834594727,0
1998-04-14,3.0973336696624756,3.0973336696624756,3.0973336696624756,3.0973336696624756,0
1998-04-15,3.1005136966705322,3.1005136966705327,3.1005136966705327,3.1005136966705327,0
1998-04-16,3.103686571121216,3.103686571121216,3.103686571121216,3.103686571121216,0
1998-04-17,3.103686571121216,3.103686571121216,3.103686571121216,3.103686571121216,0
1998-04-20,3.0973336696624756,3.0973336696624756,3.0973336696624756,3.0973336696624756,0
1998-04-21,3.0941574573516846,3.0941574573516846,3.0941574573516846,3.0941574573516846,0
1998-04-22,3.0909814834594727,3.0909814834594727,3.0909814834594727,3.0909814834594727,0
1998-04-23,3.0909814834594727,3.0909814834594727,3.0909814834594727,3.0909814834594727,0
1998-04-24,3.0941574573516846,3.0941574573516846,3.0941574573516846,3.0941574573516846,0
1998-04-27,3.078275442123413,3.078275442123413,3.078275442123413,3.078275442123413,0
1998-04-28,3.078275442123413,3.078275442123413,3.078275442123413,3.078275442123413,0
1998-04-29,3.075099229812622,3.075099229812622,3.075099229812622,3.075099229812622,0
1998-04-30,3.097773551940918,3.0977735519409184,3.0977735519409184,3.0977735519409184,0
1998-05-01,3.1009645462036133,3.1009645462036133,3.1009645462036133,3.1009645462036133,0
1998-05-04,3.1009645462036133,3.1009645462036133,3.1009645462036133,3.1009645462036133,0
1998-05-05,3.097773551940918,3.0977735519409184,3.0977735519409184,3.0977735519409184,0
1998-05-06,3.1041605472564697,3.1041605472564693,3.1041605472564693,3.1041605472564693,0
1998-05-07,3.1041605472564697,3.1041605472564693,3.1041605472564693,3.1041605472564693,0
1998-05-08,3.097773551940918,3.0977735519409184,3.0977735519409184,3.0977735519409184,0
1998-05-11,3.0881917476654053,3.0881917476654053,3.0881917476654053,3.0881917476654053,0
1998-05-12,3.1009645462036133,3.1009645462036133,3.1009645462036133,3.1009645462036133,0
1998-05-13,3.1041605472564697,3.1041605472564693,3.1041605472564693,3.1041605472564693,0
1998-05-14,3.1009645462036133,3.1009645462036133,3.1009645462036133,3.1009645462036133,0
1998-05-15,3.1009645462036133,3.1009645462036133,3.1009645462036133,3.1009645462036133,0
1998-05-18,3.1105449199676514,3.1105449199676514,3.1105449199676514,3.1105449199676514,0
1998-05-19,3.1105449199676514,3.1105449199676514,3.1105449199676514,3.1105449199676514,0
1998-05-20,3.1169352531433105,3.1169352531433105,3.1169352531433105,3.1169352531433105,0
1998-05-21,3.1105449199676514,3.1105449199676514,3.1105449199676514,3.1105449199676514,0
1998-05-22,3.1137378215789795,3.113737821578979,3.113737821578979,3.113737821578979,0
1998-05-26,3.123323917388916,3.123323917388916,3.123323917388916,3.123323917388916,0
1998-05-27,3.1297097206115723,3.1297097206115723,3.1297097206115723,3.1297097206115723,0
1998-05-28,3.1265146732330322,3.1265146732330322,3.1265146732330322,3.1265146732330322,0
1998-05-29,3.1326141357421875,3.1326141357421875,3.1326141357421875,3.1326141357421875,0
1998-06-01,3.135824203491211,3.135824203491211,3.135824203491211,3.135824203491211,0
1998-06-02,3.1326141357421875,3.1326141357421875,3.1326141357421875,3.1326141357421875,0
1998-06-03,3.1326141357421875,3.1326141357421875,3.1326141357421875,3.1326141357421875,0
1998-06-04,3.129401922225952,3.129401922225952,3.129401922225952,3.129401922225952,0
1998-06-05,3.1326141357421875,3.1326141357421875,3.1326141357421875,3.1326141357421875,0
1998-06-08,3.135824203491211,3.135824203491211,3.135824203491211,3.135824203491211,0
1998-06-09,3.135824203491211,3.135824203491211,3.135824203491211,3.135824203491211,0
1998-06-10,3.1486639976501465,3.1486639976501465,3.1486639976501465,3.1486639976501465,0
1998-06-11,3.1614990234375,3.1614990234375,3.1614990234375,3.1614990234375,0
1998-06-12,3.1614990234375,3.1614990234375,3.1614990234375,3.1614990234375,0
1998-06-15,3.1711316108703613,3.1711316108703613,3.1711316108703613,3.1711316108703613,0
1998-06-16,3.1614990234375,3.1614990234375,3.1614990234375,3.1614990234375,0
1998-06-17,3.1454532146453857,3.1454532146453857,3.1454532146453857,3.1454532146453857,0
1998-06-18,3.151869773864746,3.1518697738647456,3.1518697738647456,3.1518697738647456,0
1998-06-19,3.155080795288086,3.155080795288086,3.155080795288086,3.155080795288086,0
1998-06-22,3.1582906246185303,3.1582906246185303,3.1582906246185303,3.1582906246185303,0
1998-06-23,3.1614990234375,3.1614990234375,3.1614990234375,3.1614990234375,0
1998-06-24,3.1582906246185303,3.1582906246185303,3.1582906246185303,3.1582906246185303,0
1998-06-25,3.1582906246185303,3.1582906246185303,3.1582906246185303,3.1582906246185303,0
1998-06-26,3.1614990234375,3.1614990234375,3.1614990234375,3.1614990234375,0
1998-06-29,3.1614990234375,3.1614990234375,3.1614990234375,3.1614990234375,0
1998-06-30,3.165696859359741,3.1656968593597408,3.1656968593597408,3.1656968593597408,0
1998-07-01,3.165696859359741,3.1656968593597408,3.1656968593597408,3.1656968593597408,0
1998-07-02,3.172149896621704,3.172149896621704,3.172149896621704,3.172149896621704,0
1998-07-06,3.1786022186279297,3.1786022186279297,3.1786022186279297,3.1786022186279297,0
1998-07-07,3.1753764152526855,3.1753764152526855,3.1753764152526855,3.1753764152526855,0
1998-07-08,3.172149896621704,3.172149896621704,3.172149896621704,3.172149896621704,0
1998-07-09,3.1753764152526855,3.1753764152526855,3.1753764152526855,3.1753764152526855,0
1998-07-10,3.1753764152526855,3.1753764152526855,3.1753764152526855,3.1753764152526855,0
1998-07-13,3.1689207553863525,3.1689207553863525,3.1689207553863525,3.1689207553863525,0
1998-07-14,3.1624703407287598,3.1624703407287598,3.1624703407287598,3.1624703407287598,0
1998-07-15,3.165696859359741,3.1656968593597408,3.1656968593597408,3.1656968593597408,0
1998-07-16,3.1624703407287598,3.1624703407287598,3.1624703407287598,3.1624703407287598,0
1998-07-17,3.1592416763305664,3.1592416763305664,3.1592416763305664,3.1592416763305664,0
1998-07-20,3.165696859359741,3.1656968593597408,3.1656968593597408,3.1656968593597408,0
1998-07-21,3.172149896621704,3.172149896621704,3.172149896621704,3.172149896621704,0
1998-07-22,3.1689207553863525,3.1689207553863525,3.1689207553863525,3.1689207553863525,0
1998-07-23,3.1753764152526855,3.1753764152526855,3.1753764152526855,3.1753764152526855,0
1998-07-24,3.172149896621704,3.172149896621704,3.172149896621704,3.172149896621704,0
1998-07-27,3.172149896621704,3.172149896621704,3.172149896621704,3.172149896621704,0
1998-07-28,3.165696859359741,3.1656968593597408,3.1656968593597408,3.1656968593597408,0
1998-07-29,3.1624703407287598,3.1624703407287598,3.1624703407287598,3.1624703407287598,0
1998-07-30,3.1689207553863525,3.1689207553863525,3.1689207553863525,3.1689207553863525,0
1998-07-31,3.1695709228515625,3.1695709228515625,3.1695709228515625,3.1695709228515625,0
1998-08-03,3.1793062686920166,3.1793062686920166,3.1793062686920166,3.1793062686920166,0
1998-08-04,3.1825497150421143,3.1825497150421143,3.1825497150421143,3.1825497150421143,0
1998-08-05,3.185791254043579,3.185791254043579,3.185791254043579,3.185791254043579,0
1998-08-06,3.1825497150421143,3.1825497150421143,3.1825497150421143,3.1825497150421143,0
1998-08-07,3.1890368461608887,3.189036846160889,3.189036846160889,3.189036846160889,0
1998-08-10,3.1922810077667236,3.192281007766723,3.192281007766723,3.192281007766723,0
1998-08-11,3.1987688541412354,3.1987688541412354,3.1987688541412354,3.1987688541412354,0
1998-08-12,3.1922810077667236,3.192281007766723,3.192281007766723,3.192281007766723,0
1998-08-13,3.185791254043579,3.185791254043579,3.185791254043579,3.185791254043579,0
1998-08-14,3.1922810077667236,3.192281007766723,3.192281007766723,3.192281007766723,0
1998-08-17,3.1922810077667236,3.192281007766723,3.192281007766723,3.192281007766723,0
1998-08-18,3.1922810077667236,3.192281007766723,3.192281007766723,3.192281007766723,0
1998-08-19,3.1922810077667236,3.192281007766723,3.192281007766723,3.192281007766723,0
1998-08-20,3.1987688541412354,3.1987688541412354,3.1987688541412354,3.1987688541412354,0
1998-08-21,3.2085013389587402,3.2085013389587402,3.2085013389587402,3.2085013389587402,0
1998-08-24,3.2085013389587402,3.2085013389587402,3.2085013389587402,3.2085013389587402,0
1998-08-25,3.214989185333252,3.214989185333252,3.214989185333252,3.214989185333252,0
1998-08-26,3.2182328701019287,3.2182328701019287,3.2182328701019287,3.2182328701019287,0
1998-08-27,3.224722385406494,3.224722385406494,3.224722385406494,3.224722385406494,0
1998-08-28,3.2279646396636963,3.2279646396636963,3.2279646396636963,3.2279646396636963,0
1998-08-31,3.2367663383483887,3.2367663383483887,3.2367663383483887,3.2367663383483887,0
1998-09-01,3.233508348464966,3.233508348464966,3.233508348464966,3.233508348464966,0
1998-09-02,3.230246067047119,3.230246067047119,3.230246067047119,3.230246067047119,0
1998-09-03,3.2367663383483887,3.2367663383483887,3.2367663383483887,3.2367663383483887,0
1998-09-04,3.240028142929077,3.240028142929077,3.240028142929077,3.240028142929077,0
1998-09-08,3.2367663383483887,3.2367663383483887,3.2367663383483887,3.2367663383483887,0
1998-09-09,3.253065824508667,3.2530658245086674,3.2530658245086674,3.2530658245086674,0
1998-09-10,3.279141902923584,3.279141902923584,3.279141902923584,3.279141902923584,0
1998-09-11,3.266103506088257,3.266103506088257,3.266103506088257,3.266103506088257,0
1998-09-14,3.266103506088257,3.266103506088257,3.266103506088257,3.266103506088257,0
1998-09-15,3.259582996368408,3.259582996368408,3.259582996368408,3.259582996368408,0
1998-09-16,3.266103506088257,3.266103506088257,3.266103506088257,3.266103506088257,0
1998-09-17,3.2758822441101074,3.275882244110108,3.275882244110108,3.275882244110108,0
1998-09-18,3.2856597900390625,3.2856597900390625,3.2856597900390625,3.2856597900390625,0
1998-09-21,3.2856597900390625,3.2856597900390625,3.2856597900390625,3.2856597900390625,0
1998-09-22,3.279141902923584,3.279141902923584,3.279141902923584,3.279141902923584,0
1998-09-23,3.2889187335968018,3.2889187335968018,3.2889187335968018,3.2889187335968018,0
1998-09-24,3.2954370975494385,3.2954370975494385,3.2954370975494385,3.2954370975494385,0
1998-09-25,3.301957130432129,3.301957130432129,3.301957130432129,3.301957130432129,0
1998-09-28,3.2986960411071777,3.2986960411071777,3.2986960411071777,3.2986960411071777,0
1998-09-29,3.305217742919922,3.305217742919922,3.305217742919922,3.305217742919922,0
1998-09-30,3.325859308242798,3.325859308242798,3.325859308242798,3.325859308242798,0
1998-10-01,3.345524311065674,3.345524311065674,3.345524311065674,3.345524311065674,0
1998-10-02,3.3488004207611084,3.3488004207611084,3.3488004207611084,3.3488004207611084,0
1998-10-05,3.3750147819519043,3.3750147819519043,3.3750147819519043,3.3750147819519043,0
1998-10-06,3.361905813217163,3.361905813217163,3.361905813217163,3.361905813217163,0
1998-10-07,3.338970899581909,3.338970899581909,3.338970899581909,3.338970899581909,0
1998-10-08,3.3029239177703857,3.3029239177703857,3.3029239177703857,3.3029239177703857,0
1998-10-09,3.2734344005584717,3.2734344005584717,3.2734344005584717,3.2734344005584717,0
1998-10-12,3.276710033416748,3.276710033416748,3.276710033416748,3.276710033416748,0
1998-10-13,3.276710033416748,3.276710033416748,3.276710033416748,3.276710033416748,0
1998-10-14,3.296372890472412,3.2963728904724126,3.2963728904724126,3.2963728904724126,0
1998-10-15,3.2930970191955566,3.2930970191955566,3.2930970191955566,3.2930970191955566,0
1998-10-16,3.319308280944824,3.319308280944824,3.319308280944824,3.319308280944824,0
1998-10-19,3.319308280944824,3.319308280944824,3.319308280944824,3.319308280944824,0
1998-10-20,3.3029239177703857,3.3029239177703857,3.3029239177703857,3.3029239177703857,0
1998-10-21,3.3029239177703857,3.3029239177703857,3.3029239177703857,3.3029239177703857,0
1998-10-22,3.296372890472412,3.2963728904724126,3.2963728904724126,3.2963728904724126,0
1998-10-23,3.28653883934021,3.28653883934021,3.28653883934021,3.28653883934021,0
1998-10-26,3.2930970191955566,3.2930970191955566,3.2930970191955566,3.2930970191955566,0
1998-10-27,3.3094775676727295,3.309477567672729,3.309477567672729,3.309477567672729,0
1998-10-28,3.3094775676727295,3.309477567672729,3.309477567672729,3.309477567672729,0
1998-10-29,3.319308280944824,3.319308280944824,3.319308280944824,3.319308280944824,0
1998-10-30,3.3058111667633057,3.3058111667633057,3.3058111667633057,3.3058111667633057,0
1998-11-02,3.2860536575317383,3.2860536575317383,3.2860536575317383,3.2860536575317383,0
1998-11-03,3.2860536575317383,3.2860536575317383,3.2860536575317383,3.2860536575317383,0
1998-11-04,3.2663002014160156,3.2663002014160156,3.2663002014160156,3.2663002014160156,0
1998-11-05,3.2663002014160156,3.2663002014160156,3.2663002014160156,3.2663002014160156,0
1998-11-06,3.2498340606689453,3.2498340606689453,3.2498340606689453,3.2498340606689453,0
1998-11-09,3.2695908546447754,3.2695908546447754,3.2695908546447754,3.2695908546447754,0
1998-11-10,3.2761754989624023,3.2761754989624023,3.2761754989624023,3.2761754989624023,0
1998-11-11,3.279468536376953,3.279468536376953,3.279468536376953,3.279468536376953,0
1998-11-12,3.2860536575317383,3.2860536575317383,3.2860536575317383,3.2860536575317383,0
1998-11-13,3.282761812210083,3.282761812210083,3.282761812210083,3.282761812210083,0
1998-11-16,3.279468536376953,3.279468536376953,3.279468536376953,3.279468536376953,0
1998-11-17,3.279468536376953,3.279468536376953,3.279468536376953,3.279468536376953,0
1998-11-18,3.2860536575317383,3.2860536575317383,3.2860536575317383,3.2860536575317383,0
1998-11-19,3.2860536575317383,3.2860536575317383,3.2860536575317383,3.2860536575317383,0
1998-11-20,3.2959301471710205,3.29593014717102,3.29593014717102,3.29593014717102,0
1998-11-23,3.292637586593628,3.292637586593628,3.292637586593628,3.292637586593628,0
1998-11-24,3.292637586593628,3.292637586593628,3.292637586593628,3.292637586593628,0
1998-11-25,3.2992234230041504,3.2992234230041504,3.2992234230041504,3.2992234230041504,0
1998-11-27,3.302513837814331,3.302513837814331,3.302513837814331,3.302513837814331,0
1998-11-30,3.3213722705841064,3.321372270584107,3.321372270584107,3.321372270584107,0
1998-12-01,3.3279905319213867,3.327990531921387,3.327990531921387,3.327990531921387,0
1998-12-02,3.3379099369049072,3.3379099369049077,3.3379099369049077,3.3379099369049077,0
1998-12-03,3.3379099369049072,3.3379099369049077,3.3379099369049077,3.3379099369049077,0
1998-12-04,3.3279905319213867,3.327990531921387,3.327990531921387,3.327990531921387,0
1998-12-07,3.3213722705841064,3.321372270584107,3.321372270584107,3.321372270584107,0
1998-12-08,3.331294059753418,3.331294059753418,3.331294059753418,3.331294059753418,0
1998-12-09,3.3412187099456787,3.3412187099456787,3.3412187099456787,3.3412187099456787,0
1998-12-10,3.3412187099456787,3.3412187099456787,3.3412187099456787,3.3412187099456787,0
1998-12-11,3.331294059753418,3.331294059753418,3.331294059753418,3.331294059753418,0
1998-12-14,3.3379099369049072,3.3379099369049077,3.3379099369049077,3.3379099369049077,0
1998-12-15,3.3279905319213867,3.327990531921387,3.327990531921387,3.327990531921387,0
1998-12-16,3.3379099369049072,3.3379099369049077,3.3379099369049077,3.3379099369049077,0
1998-12-17,3.3379099369049072,3.3379099369049077,3.3379099369049077,3.3379099369049077,0
1998-12-18,3.3379099369049072,3.3379099369049077,3.3379099369049077,3.3379099369049077,0
1998-12-21,3.3279905319213867,3.327990531921387,3.327990531921387,3.327990531921387,0
1998-12-22,3.3180625438690186,3.3180625438690186,3.3180625438690186,3.3180625438690186,0
1998-12-23,3.301522970199585,3.301522970199585,3.301522970199585,3.301522970199585,0
1998-12-24,3.2915992736816406,3.2915992736816406,3.2915992736816406,3.2915992736816406,0
1998-12-28,3.3081374168395996,3.3081374168395996,3.3081374168395996,3.3081374168395996,0
1998-12-29,3.3180625438690186,3.3180625438690186,3.3180625438690186,3.3180625438690186,0
1998-12-30,3.3279905319213867,3.327990531921387,3.327990531921387,3.327990531921387,0
1998-12-31,3.328322410583496,3.328322410583496,3.328322410583496,3.328322410583496,0
1999-01-04,3.3249926567077637,3.3249926567077637,3.3249926567077637,3.3249926567077637,0
1999-01-05,3.3183443546295166,3.3183443546295166,3.3183443546295166,3.3183443546295166,0
1999-01-06,3.3249926567077637,3.3249926567077637,3.3249926567077637,3.3249926567077637,0
1999-01-07,3.3183443546295166,3.3183443546295166,3.3183443546295166,3.3183443546295166,0
1999-01-08,3.305043935775757,3.305043935775757,3.305043935775757,3.305043935775757,0
1999-01-11,3.3017210960388184,3.3017210960388184,3.3017210960388184,3.3017210960388184,0
1999-01-12,3.311694860458374,3.311694860458374,3.311694860458374,3.311694860458374,0
1999-01-13,3.3249926567077637,3.3249926567077637,3.3249926567077637,3.3249926567077637,0
1999-01-14,3.34494948387146,3.34494948387146,3.34494948387146,3.34494948387146,0
1999-01-15,3.334970474243164,3.334970474243164,3.334970474243164,3.334970474243164,0
1999-01-19,3.331648826599121,3.331648826599121,3.331648826599121,3.331648826599121,0
1999-01-20,3.3249926567077637,3.3249926567077637,3.3249926567077637,3.3249926567077637,0
1999-01-21,3.334970474243164,3.334970474243164,3.334970474243164,3.334970474243164,0
1999-01-22,3.34494948387146,3.34494948387146,3.34494948387146,3.34494948387146,0
1999-01-25,3.3416213989257812,3.3416213989257812,3.3416213989257812,3.3416213989257812,0
1999-01-26,3.3416213989257812,3.3416213989257812,3.3416213989257812,3.3416213989257812,0
1999-01-27,3.3416213989257812,3.3416213989257812,3.3416213989257812,3.3416213989257812,0
1999-01-28,3.3482704162597656,3.3482704162597656,3.3482704162597656,3.3482704162597656,0
1999-01-29,3.3506088256835938,3.3506088256835938,3.3506088256835938,3.3506088256835938,0
1999-02-01,3.333906888961792,3.333906888961792,3.333906888961792,3.333906888961792,0
1999-02-02,3.327225685119629,3.327225685119629,3.327225685119629,3.327225685119629,0
1999-02-03,3.3205437660217285,3.3205437660217285,3.3205437660217285,3.3205437660217285,0
1999-02-04,3.3105225563049316,3.3105225563049316,3.3105225563049316,3.3105225563049316,0
1999-02-05,3.303842782974243,3.303842782974243,3.303842782974243,3.303842782974243,0
1999-02-08,3.307183027267456,3.307183027267456,3.307183027267456,3.307183027267456,0
1999-02-09,3.3138628005981445,3.313862800598145,3.313862800598145,3.313862800598145,0
1999-02-10,3.3138628005981445,3.313862800598145,3.313862800598145,3.313862800598145,0
1999-02-11,3.3138628005981445,3.313862800598145,3.313862800598145,3.313862800598145,0
1999-02-12,3.2837958335876465,3.2837958335876465,3.2837958335876465,3.2837958335876465,0
1999-02-16,3.2971596717834473,3.2971596717834473,3.2971596717834473,3.2971596717834473,0
1999-02-17,3.307183027267456,3.307183027267456,3.307183027267456,3.307183027267456,0
1999-02-18,3.2971596717834473,3.2971596717834473,3.2971596717834473,3.2971596717834473,0
1999-02-19,3.2971596717834473,3.2971596717834473,3.2971596717834473,3.2971596717834473,0
1999-02-22,3.307183027267456,3.307183027267456,3.307183027267456,3.307183027267456,0
1999-02-23,3.293818950653076,3.293818950653076,3.293818950653076,3.293818950653076,0
1999-02-24,3.28045916557312,3.28045916557312,3.28045916557312,3.28045916557312,0
1999-02-25,3.2604129314422607,3.2604129314422607,3.2604129314422607,3.2604129314422607,0
1999-02-26,3.265446424484253,3.265446424484253,3.265446424484253,3.265446424484253,0
1999-03-01,3.2520229816436768,3.2520229816436763,3.2520229816436763,3.2520229816436763,0
1999-03-02,3.2587313652038574,3.2587313652038574,3.2587313652038574,3.2587313652038574,0
1999-03-03,3.2520229816436768,3.2520229816436763,3.2520229816436763,3.2520229816436763,0
1999-03-04,3.2486672401428223,3.248667240142822,3.248667240142822,3.248667240142822,0
1999-03-05,3.262089967727661,3.262089967727661,3.262089967727661,3.262089967727661,0
1999-03-08,3.2688028812408447,3.2688028812408447,3.2688028812408447,3.2688028812408447,0
1999-03-09,3.2822272777557373,3.2822272777557373,3.2822272777557373,3.2822272777557373,0
1999-03-10,3.2788708209991455,3.2788708209991455,3.2788708209991455,3.2788708209991455,0
1999-03-11,3.2788708209991455,3.2788708209991455,3.2788708209991455,3.2788708209991455,0
1999-03-12,3.2855849266052246,3.2855849266052246,3.2855849266052246,3.2855849266052246,0
1999-03-15,3.2922961711883545,3.2922961711883545,3.2922961711883545,3.2922961711883545,0
1999-03-16,3.299008369445801,3.2990083694458003,3.2990083694458003,3.2990083694458003,0
1999-03-17,3.295651912689209,3.295651912689209,3.295651912689209,3.295651912689209,0
1999-03-18,3.299008369445801,3.2990083694458003,3.2990083694458003,3.2990083694458003,0
1999-03-19,3.2889394760131836,3.2889394760131836,3.2889394760131836,3.2889394760131836,0
1999-03-22,3.2855849266052246,3.2855849266052246,3.2855849266052246,3.2855849266052246,0
1999-03-23,3.2855849266052246,3.2855849266052246,3.2855849266052246,3.2855849266052246,0
1999-03-24,3.2922961711883545,3.2922961711883545,3.2922961711883545,3.2922961711883545,0
1999-03-25,3.2855849266052246,3.2855849266052246,3.2855849266052246,3.2855849266052246,0
1999-03-26,3.2855849266052246,3.2855849266052246,3.2855849266052246,3.2855849266052246,0
1999-03-29,3.2788708209991455,3.2788708209991455,3.2788708209991455,3.2788708209991455,0
1999-03-30,3.2889394760131836,3.2889394760131836,3.2889394760131836,3.2889394760131836,0
1999-03-31,3.2838780879974365,3.2838780879974365,3.2838780879974365,3.2838780879974365,0
1999-04-01,3.2771270275115967,3.2771270275115967,3.2771270275115967,3.2771270275115967,0
1999-04-05,3.294004440307617,3.294004440307617,3.294004440307617,3.294004440307617,0
1999-04-06,3.3075013160705566,3.3075013160705566,3.3075013160705566,3.3075013160705566,0
1999-04-07,3.3075013160705566,3.3075013160705566,3.3075013160705566,3.3075013160705566,0
1999-04-08,3.324378490447998,3.3243784904479976,3.3243784904479976,3.3243784904479976,0
1999-04-09,3.3210031986236572,3.3210031986236572,3.3210031986236572,3.3210031986236572,0
1999-04-12,3.3210031986236572,3.3210031986236572,3.3210031986236572,3.3210031986236572,0
1999-04-13,3.314253091812134,3.3142530918121333,3.3142530918121333,3.3142530918121333,0
1999-04-14,3.3108787536621094,3.3108787536621094,3.3108787536621094,3.3108787536621094,0
1999-04-15,3.3075013160705566,3.3075013160705566,3.3075013160705566,3.3075013160705566,0
1999-04-16,3.3007524013519287,3.3007524013519287,3.3007524013519287,3.3007524013519287,0
1999-04-19,3.3075013160705566,3.3075013160705566,3.3075013160705566,3.3075013160705566,0
1999-04-20,3.314253091812134,3.3142530918121333,3.3142530918121333,3.3142530918121333,0
1999-04-21,3.314253091812134,3.3142530918121333,3.3142530918121333,3.3142530918121333,0
1999-04-22,3.297375202178955,3.297375202178955,3.297375202178955,3.297375202178955,0
1999-04-23,3.3007524013519287,3.3007524013519287,3.3007524013519287,3.3007524013519287,0
1999-04-26,3.304130792617798,3.304130792617798,3.304130792617798,3.304130792617798,0
1999-04-27,3.3075013160705566,3.3075013160705566,3.3075013160705566,3.3075013160705566,0
1999-04-28,3.304130792617798,3.304130792617798,3.304130792617798,3.304130792617798,0
1999-04-29,3.314253091812134,3.3142530918121333,3.3142530918121333,3.3142530918121333,0
1999-04-30,3.286442756652832,3.286442756652832,3.286442756652832,3.286442756652832,0
1999-05-03,3.2898313999176025,3.289831399917602,3.289831399917602,3.289831399917602,0
1999-05-04,3.2830517292022705,3.2830517292022705,3.2830517292022705,3.2830517292022705,0
1999-05-05,3.286442756652832,3.286442756652832,3.286442756652832,3.286442756652832,0
1999-05-06,3.2694830894470215,3.2694830894470215,3.2694830894470215,3.2694830894470215,0
1999-05-07,3.2660908699035645,3.2660908699035645,3.2660908699035645,3.2660908699035645,0
1999-05-10,3.272873640060425,3.272873640060425,3.272873640060425,3.272873640060425,0
1999-05-11,3.2627012729644775,3.2627012729644775,3.2627012729644775,3.2627012729644775,0
1999-05-12,3.2660908699035645,3.2660908699035645,3.2660908699035645,3.2660908699035645,0
1999-05-13,3.286442756652832,3.286442756652832,3.286442756652832,3.286442756652832,0
1999-05-14,3.2525267601013184,3.2525267601013184,3.2525267601013184,3.2525267601013184,0
1999-05-17,3.2525267601013184,3.2525267601013184,3.2525267601013184,3.2525267601013184,0
1999-05-18,3.245742082595825,3.2457420825958248,3.2457420825958248,3.2457420825958248,0
1999-05-19,3.2593090534210205,3.2593090534210205,3.2593090534210205,3.2593090534210205,0
1999-05-20,3.2525267601013184,3.2525267601013184,3.2525267601013184,3.2525267601013184,0
1999-05-21,3.2627012729644775,3.2627012729644775,3.2627012729644775,3.2627012729644775,0
1999-05-24,3.2660908699035645,3.2660908699035645,3.2660908699035645,3.2660908699035645,0
1999-05-25,3.2660908699035645,3.2660908699035645,3.2660908699035645,3.2660908699035645,0
1999-05-26,3.2593090534210205,3.2593090534210205,3.2593090534210205,3.2593090534210205,0
1999-05-27,3.2491343021392822,3.2491343021392827,3.2491343021392827,3.2491343021392827,0
1999-05-28,3.2477705478668213,3.2477705478668213,3.2477705478668213,3.2477705478668213,0
1999-06-01,3.2307300567626953,3.2307300567626953,3.2307300567626953,3.2307300567626953,0
1999-06-02,3.2273237705230713,3.2273237705230713,3.2273237705230713,3.2273237705230713,0
1999-06-03,3.2273237705230713,3.2273237705230713,3.2273237705230713,3.2273237705230713,0
1999-06-04,3.2273237705230713,3.2273237705230713,3.2273237705230713,3.2273237705230713,0
1999-06-07,3.2273237705230713,3.2273237705230713,3.2273237705230713,3.2273237705230713,0
1999-06-08,3.2273237705230713,3.2273237705230713,3.2273237705230713,3.2273237705230713,0
1999-06-09,3.2205097675323486,3.2205097675323486,3.2205097675323486,3.2205097675323486,0
1999-06-10,3.2136924266815186,3.213692426681518,3.213692426681518,3.213692426681518,0
1999-06-11,3.2000584602355957,3.2000584602355957,3.2000584602355957,3.2000584602355957,0
1999-06-14,3.2034661769866943,3.2034661769866943,3.2034661769866943,3.2034661769866943,0
1999-06-15,3.2068748474121094,3.20687484741211,3.20687484741211,3.20687484741211,0
1999-06-16,3.21028470993042,3.21028470993042,3.21028470993042,3.21028470993042,0
1999-06-17,3.2375478744506836,3.2375478744506836,3.2375478744506836,3.2375478744506836,0
1999-06-18,3.2307300567626953,3.2307300567626953,3.2307300567626953,3.2307300567626953,0
1999-06-21,3.2205097675323486,3.2205097675323486,3.2205097675323486,3.2205097675323486,0
1999-06-22,3.2136924266815186,3.213692426681518,3.213692426681518,3.213692426681518,0
1999-06-23,3.2068748474121094,3.20687484741211,3.20687484741211,3.20687484741211,0
1999-06-24,3.2000584602355957,3.2000584602355957,3.2000584602355957,3.2000584602355957,0
1999-06-25,3.2034661769866943,3.2034661769866943,3.2034661769866943,3.2034661769866943,0
1999-06-28,3.2136924266815186,3.213692426681518,3.213692426681518,3.213692426681518,0
1999-06-29,3.2205097675323486,3.2205097675323486,3.2205097675323486,3.2205097675323486,0
1999-06-30,3.2352452278137207,3.2352452278137207,3.2352452278137207,3.2352452278137207,0
1999-07-01,3.2352452278137207,3.2352452278137207,3.2352452278137207,3.2352452278137207,0
1999-07-02,3.2386739253997803,3.2386739253997803,3.2386739253997803,3.2386739253997803,0
1999-07-06,3.2318172454833984,3.2318172454833984,3.2318172454833984,3.2318172454833984,0
1999-07-07,3.228390693664551,3.228390693664551,3.228390693664551,3.228390693664551,0
1999-07-08,3.2386739253997803,3.2386739253997803,3.2386739253997803,3.2386739253997803,0
1999-07-09,3.2420990467071533,3.2420990467071533,3.2420990467071533,3.2420990467071533,0
1999-07-12,3.2592358589172363,3.2592358589172363,3.2592358589172363,3.2592358589172363,0
1999-07-13,3.2626614570617676,3.262661457061768,3.262661457061768,3.262661457061768,0
1999-07-14,3.2592358589172363,3.2592358589172363,3.2592358589172363,3.2592358589172363,0
1999-07-15,3.2592358589172363,3.2592358589172363,3.2592358589172363,3.2592358589172363,0
1999-07-16,3.2660880088806152,3.2660880088806152,3.2660880088806152,3.2660880088806152,0
1999-07-19,3.2695164680480957,3.2695164680480957,3.2695164680480957,3.2695164680480957,0
1999-07-20,3.2729432582855225,3.2729432582855225,3.2729432582855225,3.2729432582855225,0
1999-07-21,3.2660880088806152,3.2660880088806152,3.2660880088806152,3.2660880088806152,0
1999-07-22,3.252377510070801,3.252377510070801,3.252377510070801,3.252377510070801,0
1999-07-23,3.2420990467071533,3.2420990467071533,3.2420990467071533,3.2420990467071533,0
1999-07-26,3.2386739253997803,3.2386739253997803,3.2386739253997803,3.2386739253997803,0
1999-07-27,3.2420990467071533,3.2420990467071533,3.2420990467071533,3.2420990467071533,0
1999-07-28,3.24552583694458,3.24552583694458,3.24552583694458,3.24552583694458,0
1999-07-29,3.2352452278137207,3.2352452278137207,3.2352452278137207,3.2352452278137207,0
1999-07-30,3.228010416030884,3.2280104160308842,3.2280104160308842,3.2280104160308842,0
1999-08-02,3.228010416030884,3.2280104160308842,3.2280104160308842,3.2280104160308842,0
1999-08-03,3.2245657444000244,3.2245657444000244,3.2245657444000244,3.2245657444000244,0
1999-08-04,3.228010416030884,3.2280104160308842,3.2280104160308842,3.2280104160308842,0
1999-08-05,3.234898567199707,3.234898567199707,3.234898567199707,3.234898567199707,0
1999-08-06,3.2107818126678467,3.2107818126678467,3.2107818126678467,3.2107818126678467,0
1999-08-09,3.2004501819610596,3.20045018196106,3.20045018196106,3.20045018196106,0
1999-08-10,3.1970062255859375,3.1970062255859375,3.1970062255859375,3.1970062255859375,0
1999-08-11,3.2038934230804443,3.2038934230804443,3.2038934230804443,3.2038934230804443,0
1999-08-12,3.2004501819610596,3.20045018196106,3.20045018196106,3.20045018196106,0
1999-08-13,3.2142293453216553,3.2142293453216553,3.2142293453216553,3.2142293453216553,0
1999-08-16,3.217677116394043,3.2176771163940434,3.2176771163940434,3.2176771163940434,0
1999-08-17,3.2314536571502686,3.231453657150268,3.231453657150268,3.231453657150268,0
1999-08-18,3.234898567199707,3.234898567199707,3.234898567199707,3.234898567199707,0
1999-08-19,3.234898567199707,3.234898567199707,3.234898567199707,3.234898567199707,0
1999-08-20,3.23834490776062,3.23834490776062,3.23834490776062,3.23834490776062,0
1999-08-23,3.23834490776062,3.23834490776062,3.23834490776062,3.23834490776062,0
1999-08-24,3.245234966278076,3.2452349662780757,3.2452349662780757,3.2452349662780757,0
1999-08-25,3.2624619007110596,3.2624619007110596,3.2624619007110596,3.2624619007110596,0
1999-08-26,3.2590115070343018,3.2590115070343018,3.2590115070343018,3.2590115070343018,0
1999-08-27,3.245234966278076,3.2452349662780757,3.2452349662780757,3.2452349662780757,0
1999-08-30,3.2314536571502686,3.231453657150268,3.231453657150268,3.231453657150268,0
1999-08-31,3.224529266357422,3.224529266357422,3.224529266357422,3.224529266357422,0
1999-09-01,3.224529266357422,3.224529266357422,3.224529266357422,3.224529266357422,0
1999-09-02,3.217602491378784,3.217602491378784,3.217602491378784,3.217602491378784,0
1999-09-03,3.238386869430542,3.238386869430542,3.238386869430542,3.238386869430542,0
1999-09-07,3.2314536571502686,3.2314536571502686,3.2314536571502686,3.2314536571502686,0
1999-09-08,3.234922409057617,3.234922409057617,3.234922409057617,3.234922409057617,0
1999-09-09,3.2279911041259766,3.2279911041259766,3.2279911041259766,3.2279911041259766,0
1999-09-10,3.241842746734619,3.241842746734619,3.241842746734619,3.241842746734619,0
1999-09-13,3.238386869430542,3.238386869430542,3.238386869430542,3.238386869430542,0
1999-09-14,3.2314536571502686,3.2314536571502686,3.2314536571502686,3.2314536571502686,0
1999-09-15,3.238386869430542,3.238386869430542,3.238386869430542,3.238386869430542,0
1999-09-16,3.2453083992004395,3.2453083992004395,3.2453083992004395,3.2453083992004395,0
1999-09-17,3.2522361278533936,3.2522361278533936,3.2522361278533936,3.2522361278533936,0
1999-09-20,3.2487709522247314,3.248770952224731,3.248770952224731,3.248770952224731,0
1999-09-21,3.2453083992004395,3.2453083992004395,3.2453083992004395,3.2453083992004395,0
1999-09-22,3.2487709522247314,3.248770952224731,3.248770952224731,3.248770952224731,0
1999-09-23,3.2556986808776855,3.255698680877686,3.255698680877686,3.255698680877686,0
1999-09-24,3.273017406463623,3.273017406463623,3.273017406463623,3.273017406463623,0
1999-09-27,3.262627124786377,3.262627124786377,3.262627124786377,3.262627124786377,0
1999-09-28,3.2556986808776855,3.255698680877686,3.255698680877686,3.255698680877686,0
1999-09-29,3.241842746734619,3.241842746734619,3.241842746734619,3.241842746734619,0
1999-09-30,3.2550792694091797,3.2550792694091797,3.2550792694091797,3.2550792694091797,0
1999-10-01,3.241150379180908,3.241150379180908,3.241150379180908,3.241150379180908,0
1999-10-04,3.24811053276062,3.24811053276062,3.24811053276062,3.24811053276062,0
1999-10-05,3.2376670837402344,3.2376670837402344,3.2376670837402344,3.2376670837402344,0
1999-10-06,3.2341885566711426,3.2341885566711426,3.2341885566711426,3.2341885566711426,0
1999-10-07,3.2341885566711426,3.2341885566711426,3.2341885566711426,3.2341885566711426,0
1999-10-08,3.2376670837402344,3.2376670837402344,3.2376670837402344,3.2376670837402344,0
1999-10-11,3.241150379180908,3.241150379180908,3.241150379180908,3.241150379180908,0
1999-10-12,3.2341885566711426,3.2341885566711426,3.2341885566711426,3.2341885566711426,0
1999-10-13,3.2272253036499023,3.2272253036499023,3.2272253036499023,3.2272253036499023,0
1999-10-14,3.2202608585357666,3.2202608585357666,3.2202608585357666,3.2202608585357666,0
1999-10-15,3.230705499649048,3.2307054996490483,3.2307054996490483,3.2307054996490483,0
1999-10-18,3.2272253036499023,3.2272253036499023,3.2272253036499023,3.2272253036499023,0
1999-10-19,3.223740577697754,3.223740577697754,3.223740577697754,3.223740577697754,0
1999-10-20,3.223740577697754,3.223740577697754,3.223740577697754,3.223740577697754,0
1999-10-21,3.2202608585357666,3.2202608585357666,3.2202608585357666,3.2202608585357666,0
1999-10-22,3.2202608585357666,3.2202608585357666,3.2202608585357666,3.2202608585357666,0
1999-10-25,3.223740577697754,3.223740577697754,3.223740577697754,3.223740577697754,0
1999-10-26,3.2202608585357666,3.2202608585357666,3.2202608585357666,3.2202608585357666,0
1999-10-27,3.230705499649048,3.2307054996490483,3.2307054996490483,3.2307054996490483,0
1999-10-28,3.241150379180908,3.241150379180908,3.241150379180908,3.241150379180908,0
1999-10-29,3.2617955207824707,3.2617955207824707,3.2617955207824707,3.2617955207824707,0
1999-11-01,3.2582991123199463,3.2582991123199463,3.2582991123199463,3.2582991123199463,0
1999-11-02,3.2652974128723145,3.2652974128723145,3.2652974128723145,3.2652974128723145,0
1999-11-03,3.2617955207824707,3.2617955207824707,3.2617955207824707,3.2617955207824707,0
1999-11-04,3.2792956829071045,3.279295682907104,3.279295682907104,3.279295682907104,0
1999-11-05,3.2862966060638428,3.2862966060638428,3.2862966060638428,3.2862966060638428,0
1999-11-08,3.2862966060638428,3.2862966060638428,3.2862966060638428,3.2862966060638428,0
1999-11-09,3.2827954292297363,3.282795429229736,3.282795429229736,3.282795429229736,0
1999-11-10,3.2792956829071045,3.279295682907104,3.279295682907104,3.279295682907104,0
1999-11-11,3.2792956829071045,3.279295682907104,3.279295682907104,3.279295682907104,0
1999-11-12,3.2897956371307373,3.2897956371307373,3.2897956371307373,3.2897956371307373,0
1999-11-15,3.2897956371307373,3.2897956371307373,3.2897956371307373,3.2897956371307373,0
1999-11-16,3.2862966060638428,3.2862966060638428,3.2862966060638428,3.2862966060638428,0
1999-11-17,3.275797128677368,3.2757971286773677,3.2757971286773677,3.2757971286773677,0
1999-11-18,3.2723031044006348,3.2723031044006343,3.2723031044006343,3.2723031044006343,0
1999-11-19,3.275797128677368,3.2757971286773677,3.2757971286773677,3.2757971286773677,0
1999-11-22,3.2723031044006348,3.2723031044006343,3.2723031044006343,3.2723031044006343,0
1999-11-23,3.2723031044006348,3.2723031044006343,3.2723031044006343,3.2723031044006343,0
1999-11-24,3.268801689147949,3.268801689147949,3.268801689147949,3.268801689147949,0
1999-11-26,3.2652974128723145,3.2652974128723145,3.2652974128723145,3.2652974128723145,0
1999-11-29,3.2477989196777344,3.2477989196777344,3.2477989196777344,3.2477989196777344,0
1999-11-30,3.2555415630340576,3.2555415630340576,3.2555415630340576,3.2555415630340576,0
1999-12-01,3.259061336517334,3.259061336517334,3.259061336517334,3.259061336517334,0
1999-12-02,3.2555415630340576,3.2555415630340576,3.2555415630340576,3.2555415630340576,0
1999-12-03,3.2660999298095703,3.2660999298095703,3.2660999298095703,3.2660999298095703,0
1999-12-06,3.2731399536132812,3.2731399536132817,3.2731399536132817,3.2731399536132817,0
1999-12-07,3.2801756858825684,3.2801756858825684,3.2801756858825684,3.2801756858825684,0
1999-12-08,3.2766599655151367,3.2766599655151367,3.2766599655151367,3.2766599655151367,0
1999-12-09,3.2801756858825684,3.2801756858825684,3.2801756858825684,3.2801756858825684,0
1999-12-10,3.2872207164764404,3.2872207164764404,3.2872207164764404,3.2872207164764404,0
1999-12-13,3.2872207164764404,3.2872207164764404,3.2872207164764404,3.2872207164764404,0
1999-12-14,3.2660999298095703,3.2660999298095703,3.2660999298095703,3.2660999298095703,0
1999-12-15,3.259061336517334,3.259061336517334,3.259061336517334,3.259061336517334,0
1999-12-16,3.2520177364349365,3.2520177364349365,3.2520177364349365,3.2520177364349365,0
1999-12-17,3.2520177364349365,3.2520177364349365,3.2520177364349365,3.2520177364349365,0
1999-12-20,3.2449843883514404,3.2449843883514404,3.2449843883514404,3.2449843883514404,0
1999-12-21,3.2414660453796387,3.2414660453796387,3.2414660453796387,3.2414660453796387,0
1999-12-22,3.2379441261291504,3.2379441261291504,3.2379441261291504,3.2379441261291504,0
1999-12-23,3.239008903503418,3.239008903503418,3.239008903503418,3.239008903503418,0
1999-12-27,3.242546796798706,3.242546796798706,3.242546796798706,3.242546796798706,0
1999-12-28,3.239008903503418,3.239008903503418,3.239008903503418,3.239008903503418,0
1999-12-29,3.2460856437683105,3.2460856437683105,3.2460856437683105,3.2460856437683105,0
1999-12-30,3.2496252059936523,3.2496252059936523,3.2496252059936523,3.2496252059936523,0
1999-12-31,3.2496252059936523,3.2496252059936523,3.2496252059936523,3.2496252059936523,0
2000-01-03,3.224846601486206,3.224846601486206,3.224846601486206,3.224846601486206,0
2000-01-04,3.2354636192321777,3.2354636192321777,3.2354636192321777,3.2354636192321777,0
2000-01-05,3.2213051319122314,3.2213051319122314,3.2213051319122314,3.2213051319122314,0
2000-01-06,3.2319247722625732,3.2319247722625732,3.2319247722625732,3.2319247722625732,0
2000-01-07,3.239008903503418,3.239008903503418,3.239008903503418,3.239008903503418,0
2000-01-10,3.2354636192321777,3.2354636192321777,3.2354636192321777,3.2354636192321777,0
2000-01-11,3.2213051319122314,3.2213051319122314,3.2213051319122314,3.2213051319122314,0
2000-01-12,3.214226484298706,3.214226484298706,3.214226484298706,3.214226484298706,0
2000-01-13,3.2319247722625732,3.2319247722625732,3.2319247722625732,3.2319247722625732,0
2000-01-14,3.2213051319122314,3.2213051319122314,3.2213051319122314,3.2213051319122314,0
2000-01-18,3.2177677154541016,3.2177677154541016,3.2177677154541016,3.2177677154541016,0
2000-01-19,3.224846601486206,3.224846601486206,3.224846601486206,3.224846601486206,0
2000-01-20,3.2213051319122314,3.2213051319122314,3.2213051319122314,3.2213051319122314,0
2000-01-21,3.2213051319122314,3.2213051319122314,3.2213051319122314,3.2213051319122314,0
2000-01-24,3.2354636192321777,3.2354636192321777,3.2354636192321777,3.2354636192321777,0
2000-01-25,3.2354636192321777,3.2354636192321777,3.2354636192321777,3.2354636192321777,0
2000-01-26,3.239008903503418,3.239008903503418,3.239008903503418,3.239008903503418,0
2000-01-27,3.242546796798706,3.242546796798706,3.242546796798706,3.242546796798706,0
2000-01-28,3.2460856437683105,3.2460856437683105,3.2460856437683105,3.2460856437683105,0
2000-01-31,3.237192153930664,3.237192153930664,3.237192153930664,3.237192153930664,0
2000-02-01,3.2443063259124756,3.2443063259124756,3.2443063259124756,3.2443063259124756,0
2000-02-02,3.247864007949829,3.247864007949829,3.247864007949829,3.247864007949829,0
2000-02-03,3.2656500339508057,3.2656500339508057,3.2656500339508057,3.2656500339508057,0
2000-02-04,3.254979372024536,3.254979372024536,3.254979372024536,3.254979372024536,0
2000-02-07,3.2443063259124756,3.2443063259124756,3.2443063259124756,3.2443063259124756,0
2000-02-08,3.258537530899048,3.258537530899048,3.258537530899048,3.258537530899048,0
2000-02-09,3.247864007949829,3.247864007949829,3.247864007949829,3.247864007949829,0
2000-02-10,3.237192153930664,3.237192153930664,3.237192153930664,3.237192153930664,0
2000-02-11,3.2443063259124756,3.2443063259124756,3.2443063259124756,3.2443063259124756,0
2000-02-14,3.254979372024536,3.254979372024536,3.254979372024536,3.254979372024536,0
2000-02-15,3.2514214515686035,3.251421451568603,3.251421451568603,3.251421451568603,0
2000-02-16,3.2514214515686035,3.251421451568603,3.251421451568603,3.251421451568603,0
2000-02-17,3.2514214515686035,3.251421451568603,3.251421451568603,3.251421451568603,0
2000-02-18,3.262094736099243,3.262094736099243,3.262094736099243,3.262094736099243,0
2000-02-22,3.2834365367889404,3.2834365367889404,3.2834365367889404,3.2834365367889404,0
2000-02-23,3.2692103385925293,3.2692103385925293,3.2692103385925293,3.2692103385925293,0
2000-02-24,3.2798821926116943,3.2798821926116943,3.2798821926116943,3.2798821926116943,0
2000-02-25,3.276325225830078,3.276325225830078,3.276325225830078,3.276325225830078,0
2000-02-28,3.2692103385925293,3.2692103385925293,3.2692103385925293,3.2692103385925293,0
2000-02-29,3.2767224311828613,3.2767224311828613,3.2767224311828613,3.2767224311828613,0
2000-03-01,3.2767224311828613,3.2767224311828613,3.2767224311828613,3.2767224311828613,0
2000-03-02,3.2767224311828613,3.2767224311828613,3.2767224311828613,3.2767224311828613,0
2000-03-03,3.2838733196258545,3.2838733196258545,3.2838733196258545,3.2838733196258545,0
2000-03-06,3.2802982330322266,3.2802982330322266,3.2802982330322266,3.2802982330322266,0
2000-03-07,3.2838733196258545,3.2838733196258545,3.2838733196258545,3.2838733196258545,0
2000-03-08,3.2802982330322266,3.2802982330322266,3.2802982330322266,3.2802982330322266,0
2000-03-09,3.2838733196258545,3.2838733196258545,3.2838733196258545,3.2838733196258545,0
2000-03-10,3.2731449604034424,3.2731449604034424,3.2731449604034424,3.2731449604034424,0
2000-03-13,3.2767224311828613,3.2767224311828613,3.2767224311828613,3.2767224311828613,0
2000-03-14,3.2874529361724854,3.2874529361724854,3.2874529361724854,3.2874529361724854,0
2000-03-15,3.2874529361724854,3.2874529361724854,3.2874529361724854,3.2874529361724854,0
2000-03-16,3.2946064472198486,3.2946064472198486,3.2946064472198486,3.2946064472198486,0
2000-03-17,3.305338144302368,3.305338144302368,3.305338144302368,3.305338144302368,0
2000-03-20,3.308915376663208,3.308915376663208,3.308915376663208,3.308915376663208,0
2000-03-21,3.3124945163726807,3.31249451637268,3.31249451637268,3.31249451637268,0
2000-03-22,3.308915376663208,3.308915376663208,3.308915376663208,3.308915376663208,0
2000-03-23,3.3160696029663086,3.3160696029663086,3.3160696029663086,3.3160696029663086,0
2000-03-24,3.301760196685791,3.301760196685791,3.301760196685791,3.301760196685791,0
2000-03-27,3.301760196685791,3.301760196685791,3.301760196685791,3.301760196685791,0
2000-03-28,3.305338144302368,3.305338144302368,3.305338144302368,3.305338144302368,0
2000-03-29,3.301760196685791,3.301760196685791,3.301760196685791,3.301760196685791,0
2000-03-30,3.3160696029663086,3.3160696029663086,3.3160696029663086,3.3160696029663086,0
2000-03-31,3.3247053623199463,3.3247053623199463,3.3247053623199463,3.3247053623199463,0
2000-04-03,3.3319032192230225,3.3319032192230225,3.3319032192230225,3.3319032192230225,0
2000-04-04,3.3498926162719727,3.3498926162719727,3.3498926162719727,3.3498926162719727,0
2000-04-05,3.3390986919403076,3.3390986919403076,3.3390986919403076,3.3390986919403076,0
2000-04-06,3.3390986919403076,3.3390986919403076,3.3390986919403076,3.3390986919403076,0
2000-04-07,3.3498926162719727,3.3498926162719727,3.3498926162719727,3.3498926162719727,0
2000-04-10,3.3570876121520996,3.3570876121520996,3.3570876121520996,3.3570876121520996,0
2000-04-11,3.3390986919403076,3.3390986919403076,3.3390986919403076,3.3390986919403076,0
2000-04-12,3.3283040523529053,3.3283040523529053,3.3283040523529053,3.3283040523529053,0
2000-04-13,3.3354997634887695,3.3354997634887695,3.3354997634887695,3.3354997634887695,0
2000-04-14,3.3426947593688965,3.3426947593688965,3.3426947593688965,3.3426947593688965,0
2000-04-17,3.3247053623199463,3.3247053623199463,3.3247053623199463,3.3247053623199463,0
2000-04-18,3.3247053623199463,3.3247053623199463,3.3247053623199463,3.3247053623199463,0
2000-04-19,3.3390986919403076,3.3390986919403076,3.3390986919403076,3.3390986919403076,0
2000-04-20,3.3390986919403076,3.3390986919403076,3.3390986919403076,3.3390986919403076,0
2000-04-24,3.3354997634887695,3.3354997634887695,3.3354997634887695,3.3354997634887695,0
2000-04-25,3.3211071491241455,3.3211071491241455,3.3211071491241455,3.3211071491241455,0
2000-04-26,3.317511558532715,3.317511558532715,3.317511558532715,3.317511558532715,0
2000-04-27,3.303115129470825,3.303115129470825,3.303115129470825,3.303115129470825,0
2000-04-28,3.305285930633545,3.305285930633545,3.305285930633545,3.305285930633545,0
2000-05-01,3.301668405532837,3.301668405532837,3.301668405532837,3.301668405532837,0
2000-05-02,3.294436454772949,3.2944364547729497,3.2944364547729497,3.2944364547729497,0
2000-05-03,3.2763543128967285,3.2763543128967285,3.2763543128967285,3.2763543128967285,0
2000-05-04,3.265505075454712,3.265505075454712,3.265505075454712,3.265505075454712,0
2000-05-05,3.258273124694824,3.258273124694824,3.258273124694824,3.258273124694824,0
2000-05-08,3.2474236488342285,3.2474236488342285,3.2474236488342285,3.2474236488342285,0
2000-05-09,3.2546591758728027,3.2546591758728027,3.2546591758728027,3.2546591758728027,0
2000-05-10,3.2618918418884277,3.2618918418884277,3.2618918418884277,3.2618918418884277,0
2000-05-11,3.265505075454712,3.265505075454712,3.265505075454712,3.265505075454712,0
2000-05-12,3.2510433197021484,3.2510433197021484,3.2510433197021484,3.2510433197021484,0
2000-05-15,3.258273124694824,3.258273124694824,3.258273124694824,3.258273124694824,0
2000-05-16,3.265505075454712,3.265505075454712,3.265505075454712,3.265505075454712,0
2000-05-17,3.2618918418884277,3.2618918418884277,3.2618918418884277,3.2618918418884277,0
2000-05-18,3.2474236488342285,3.2474236488342285,3.2474236488342285,3.2474236488342285,0
2000-05-19,3.2546591758728027,3.2546591758728027,3.2546591758728027,3.2546591758728027,0
2000-05-22,3.269124746322632,3.269124746322632,3.269124746322632,3.269124746322632,0
2000-05-23,3.265505075454712,3.265505075454712,3.265505075454712,3.265505075454712,0
2000-05-24,3.265505075454712,3.265505075454712,3.265505075454712,3.265505075454712,0
2000-05-25,3.279972791671753,3.279972791671753,3.279972791671753,3.279972791671753,0
2000-05-26,3.2908194065093994,3.290819406509399,3.290819406509399,3.290819406509399,0
2000-05-30,3.2835891246795654,3.2835891246795654,3.2835891246795654,3.2835891246795654,0
2000-05-31,3.2985482215881348,3.2985482215881348,3.2985482215881348,3.2985482215881348,0
2000-06-01,3.313143730163574,3.313143730163574,3.313143730163574,3.313143730163574,0
2000-06-02,3.324091672897339,3.324091672897339,3.324091672897339,3.324091672897339,0
2000-06-05,3.335035800933838,3.335035800933838,3.335035800933838,3.335035800933838,0
2000-06-06,3.3386878967285156,3.3386878967285156,3.3386878967285156,3.3386878967285156,0
2000-06-07,3.3423359394073486,3.3423359394073486,3.3423359394073486,3.3423359394073486,0
2000-06-08,3.3423359394073486,3.3423359394073486,3.3423359394073486,3.3423359394073486,0
2000-06-09,3.3423359394073486,3.3423359394073486,3.3423359394073486,3.3423359394073486,0
2000-06-12,3.349634885787964,3.349634885787964,3.349634885787964,3.349634885787964,0
2000-06-13,3.3459861278533936,3.3459861278533936,3.3459861278533936,3.3459861278533936,0
2000-06-14,3.3569295406341553,3.3569295406341553,3.3569295406341553,3.3569295406341553,0
2000-06-15,3.3569295406341553,3.3569295406341553,3.3569295406341553,3.3569295406341553,0
2000-06-16,3.3678767681121826,3.3678767681121826,3.3678767681121826,3.3678767681121826,0
2000-06-19,3.364229679107666,3.364229679107666,3.364229679107666,3.364229679107666,0
2000-06-20,3.360579490661621,3.360579490661621,3.360579490661621,3.360579490661621,0
2000-06-21,3.349634885787964,3.349634885787964,3.349634885787964,3.349634885787964,0
2000-06-22,3.3459861278533936,3.3459861278533936,3.3459861278533936,3.3459861278533936,0
2000-06-23,3.335035800933838,3.335035800933838,3.335035800933838,3.335035800933838,0
2000-06-26,3.3459861278533936,3.3459861278533936,3.3459861278533936,3.3459861278533936,0
2000-06-27,3.349634885787964,3.349634885787964,3.349634885787964,3.349634885787964,0
2000-06-28,3.349634885787964,3.349634885787964,3.349634885787964,3.349634885787964,0
2000-06-29,3.364229679107666,3.364229679107666,3.364229679107666,3.364229679107666,0
2000-06-30,3.364229679107666,3.364229679107666,3.364229679107666,3.364229679107666,0
2000-07-03,3.3715667724609375,3.3715667724609375,3.3715667724609375,3.3715667724609375,0
2000-07-05,3.378901481628418,3.378901481628418,3.378901481628418,3.378901481628418,0
2000-07-06,3.3678996562957764,3.3678996562957764,3.3678996562957764,3.3678996562957764,0
2000-07-07,3.378901481628418,3.378901481628418,3.378901481628418,3.378901481628418,0
2000-07-10,3.378901481628418,3.378901481628418,3.378901481628418,3.378901481628418,0
2000-07-11,3.3752331733703613,3.3752331733703613,3.3752331733703613,3.3752331733703613,0
2000-07-12,3.3752331733703613,3.3752331733703613,3.3752331733703613,3.3752331733703613,0
2000-07-13,3.3862404823303223,3.3862404823303223,3.3862404823303223,3.3862404823303223,0
2000-07-14,3.3752331733703613,3.3752331733703613,3.3752331733703613,3.3752331733703613,0
2000-07-17,3.3678996562957764,3.3678996562957764,3.3678996562957764,3.3678996562957764,0
2000-07-18,3.3678996562957764,3.3678996562957764,3.3678996562957764,3.3678996562957764,0
2000-07-19,3.3678996562957764,3.3678996562957764,3.3678996562957764,3.3678996562957764,0
2000-07-20,3.3935797214508057,3.3935797214508057,3.3935797214508057,3.3935797214508057,0
2000-07-21,3.3935797214508057,3.3935797214508057,3.3935797214508057,3.3935797214508057,0
2000-07-24,3.3935797214508057,3.3935797214508057,3.3935797214508057,3.3935797214508057,0
2000-07-25,3.3935797214508057,3.3935797214508057,3.3935797214508057,3.3935797214508057,0
2000-07-26,3.3935797214508057,3.3935797214508057,3.3935797214508057,3.3935797214508057,0
2000-07-27,3.4009175300598145,3.400917530059815,3.400917530059815,3.400917530059815,0
2000-07-28,3.3972461223602295,3.3972461223602295,3.3972461223602295,3.3972461223602295,0
2000-07-31,3.399827480316162,3.399827480316162,3.399827480316162,3.399827480316162,0
2000-08-01,3.403515100479126,3.403515100479126,3.403515100479126,3.403515100479126,0
2000-08-02,3.4072000980377197,3.4072000980377197,3.4072000980377197,3.4072000980377197,0
2000-08-03,3.4145772457122803,3.4145772457122807,3.4145772457122807,3.4145772457122807,0
2000-08-04,3.425640106201172,3.425640106201172,3.425640106201172,3.425640106201172,0
2000-08-07,3.418267011642456,3.418267011642456,3.418267011642456,3.418267011642456,0
2000-08-08,3.425640106201172,3.425640106201172,3.425640106201172,3.425640106201172,0
2000-08-09,3.425640106201172,3.425640106201172,3.425640106201172,3.425640106201172,0
2000-08-10,3.433016777038574,3.433016777038574,3.433016777038574,3.433016777038574,0
2000-08-11,3.425640106201172,3.425640106201172,3.425640106201172,3.425640106201172,0
2000-08-14,3.429326057434082,3.429326057434082,3.429326057434082,3.429326057434082,0
2000-08-15,3.429326057434082,3.429326057434082,3.429326057434082,3.429326057434082,0
2000-08-16,3.425640106201172,3.425640106201172,3.425640106201172,3.425640106201172,0
2000-08-17,3.425640106201172,3.425640106201172,3.425640106201172,3.425640106201172,0
2000-08-18,3.433016777038574,3.433016777038574,3.433016777038574,3.433016777038574,0
2000-08-21,3.433016777038574,3.433016777038574,3.433016777038574,3.433016777038574,0
2000-08-22,3.433016777038574,3.433016777038574,3.433016777038574,3.433016777038574,0
2000-08-23,3.44038987159729,3.44038987159729,3.44038987159729,3.44038987159729,0
2000-08-24,3.447768211364746,3.447768211364746,3.447768211364746,3.447768211364746,0
2000-08-25,3.447768211364746,3.447768211364746,3.447768211364746,3.447768211364746,0
2000-08-28,3.44038987159729,3.44038987159729,3.44038987159729,3.44038987159729,0
2000-08-29,3.433016777038574,3.433016777038574,3.433016777038574,3.433016777038574,0
2000-08-30,3.436701536178589,3.436701536178589,3.436701536178589,3.436701536178589,0
2000-08-31,3.4478330612182617,3.4478330612182617,3.4478330612182617,3.4478330612182617,0
2000-09-01,3.4552621841430664,3.4552621841430664,3.4552621841430664,3.4552621841430664,0
2000-09-05,3.4589688777923584,3.4589688777923584,3.4589688777923584,3.4589688777923584,0
2000-09-06,3.4552621841430664,3.4552621841430664,3.4552621841430664,3.4552621841430664,0
2000-09-07,3.4515461921691895,3.4515461921691895,3.4515461921691895,3.4515461921691895,0
2000-09-08,3.4552621841430664,3.4552621841430664,3.4552621841430664,3.4552621841430664,0
2000-09-11,3.4515461921691895,3.4515461921691895,3.4515461921691895,3.4515461921691895,0
2000-09-12,3.4478330612182617,3.4478330612182617,3.4478330612182617,3.4478330612182617,0
2000-09-13,3.4552621841430664,3.4552621841430664,3.4552621841430664,3.4552621841430664,0
2000-09-14,3.4478330612182617,3.4478330612182617,3.4478330612182617,3.4478330612182617,0
2000-09-15,3.4441239833831787,3.4441239833831787,3.4441239833831787,3.4441239833831787,0
2000-09-18,3.4441239833831787,3.4441239833831787,3.4441239833831787,3.4441239833831787,0
2000-09-19,3.4441239833831787,3.4441239833831787,3.4441239833831787,3.4441239833831787,0
2000-09-20,3.4404141902923584,3.4404141902923584,3.4404141902923584,3.4404141902923584,0
2000-09-21,3.4441239833831787,3.4441239833831787,3.4441239833831787,3.4441239833831787,0
2000-09-22,3.4515461921691895,3.4515461921691895,3.4515461921691895,3.4515461921691895,0
2000-09-25,3.4552621841430664,3.4552621841430664,3.4552621841430664,3.4552621841430664,0
2000-09-26,3.4626803398132324,3.4626803398132324,3.4626803398132324,3.4626803398132324,0
2000-09-27,3.4589688777923584,3.4589688777923584,3.4589688777923584,3.4589688777923584,0
2000-09-28,3.4589688777923584,3.4589688777923584,3.4589688777923584,3.4589688777923584,0
2000-09-29,3.4627015590667725,3.4627015590667725,3.4627015590667725,3.4627015590667725,0
2000-10-02,3.458972215652466,3.458972215652466,3.458972215652466,3.458972215652466,0
2000-10-03,3.4552390575408936,3.4552390575408936,3.4552390575408936,3.4552390575408936,0
2000-10-04,3.451505184173584,3.451505184173584,3.451505184173584,3.451505184173584,0
2000-10-05,3.458972215652466,3.458972215652466,3.458972215652466,3.458972215652466,0
2000-10-06,3.4627015590667725,3.4627015590667725,3.4627015590667725,3.4627015590667725,0
2000-10-09,3.4627015590667725,3.4627015590667725,3.4627015590667725,3.4627015590667725,0
2000-10-10,3.470163583755493,3.470163583755493,3.470163583755493,3.470163583755493,0
2000-10-11,3.470163583755493,3.470163583755493,3.470163583755493,3.470163583755493,0
2000-10-12,3.4776244163513184,3.4776244163513184,3.4776244163513184,3.4776244163513184,0
2000-10-13,3.4776244163513184,3.4776244163513184,3.4776244163513184,3.4776244163513184,0
2000-10-16,3.4738993644714355,3.4738993644714355,3.4738993644714355,3.4738993644714355,0
2000-10-17,3.4850914478302,3.4850914478302,3.4850914478302,3.4850914478302,0
2000-10-18,3.4850914478302,3.4850914478302,3.4850914478302,3.4850914478302,0
2000-10-19,3.4850914478302,3.4850914478302,3.4850914478302,3.4850914478302,0
2000-10-20,3.4925537109375,3.4925537109375,3.4925537109375,3.4925537109375,0
2000-10-23,3.503746271133423,3.503746271133423,3.503746271133423,3.503746271133423,0
2000-10-24,3.4962821006774902,3.4962821006774902,3.4962821006774902,3.4962821006774902,0
2000-10-25,3.4888222217559814,3.4888222217559814,3.4888222217559814,3.4888222217559814,0
2000-10-26,3.4925537109375,3.4925537109375,3.4925537109375,3.4925537109375,0
2000-10-27,3.4888222217559814,3.4888222217559814,3.4888222217559814,3.4888222217559814,0
2000-10-30,3.4888222217559814,3.4888222217559814,3.4888222217559814,3.4888222217559814,0
2000-10-31,3.4865686893463135,3.4865686893463135,3.4865686893463135,3.4865686893463135,0
2000-11-01,3.490323305130005,3.490323305130005,3.490323305130005,3.490323305130005,0
2000-11-02,3.4940779209136963,3.4940779209136963,3.4940779209136963,3.4940779209136963,0
2000-11-03,3.4790639877319336,3.4790639877319336,3.4790639877319336,3.4790639877319336,0
2000-11-06,3.475309371948242,3.475309371948242,3.475309371948242,3.475309371948242,0
2000-11-07,3.475309371948242,3.475309371948242,3.475309371948242,3.475309371948242,0
2000-11-08,3.4790639877319336,3.4790639877319336,3.4790639877319336,3.4790639877319336,0
2000-11-09,3.4865686893463135,3.4865686893463135,3.4865686893463135,3.4865686893463135,0
2000-11-10,3.4865686893463135,3.4865686893463135,3.4865686893463135,3.4865686893463135,0
2000-11-13,3.4940779209136963,3.4940779209136963,3.4940779209136963,3.4940779209136963,0
2000-11-14,3.4978268146514893,3.4978268146514893,3.4978268146514893,3.4978268146514893,0
2000-11-15,3.5053346157073975,3.5053346157073975,3.5053346157073975,3.5053346157073975,0
2000-11-16,3.5128376483917236,3.5128376483917236,3.5128376483917236,3.5128376483917236,0
2000-11-17,3.5053346157073975,3.5053346157073975,3.5053346157073975,3.5053346157073975,0
2000-11-20,3.5090880393981934,3.5090880393981934,3.5090880393981934,3.5090880393981934,0
2000-11-21,3.5090880393981934,3.5090880393981934,3.5090880393981934,3.5090880393981934,0
2000-11-22,3.520345449447632,3.520345449447632,3.520345449447632,3.520345449447632,0
2000-11-24,3.5165953636169434,3.516595363616944,3.516595363616944,3.516595363616944,0
2000-11-27,3.5165953636169434,3.516595363616944,3.516595363616944,3.516595363616944,0
2000-11-28,3.524101734161377,3.524101734161377,3.524101734161377,3.524101734161377,0
2000-11-29,3.5316054821014404,3.5316054821014404,3.5316054821014404,3.5316054821014404,0
2000-11-30,3.546696424484253,3.546696424484253,3.546696424484253,3.546696424484253,0
2000-12-01,3.539151430130005,3.539151430130005,3.539151430130005,3.539151430130005,0
2000-12-04,3.539151430130005,3.539151430130005,3.539151430130005,3.539151430130005,0
2000-12-05,3.55424165725708,3.55424165725708,3.55424165725708,3.55424165725708,0
2000-12-06,3.5731101036071777,3.5731101036071777,3.5731101036071777,3.5731101036071777,0
2000-12-07,3.576881170272827,3.576881170272827,3.576881170272827,3.576881170272827,0
2000-12-08,3.5693368911743164,3.5693368911743164,3.5693368911743164,3.5693368911743164,0
2000-12-11,3.5731101036071777,3.5731101036071777,3.5731101036071777,3.5731101036071777,0
2000-12-12,3.5731101036071777,3.5731101036071777,3.5731101036071777,3.5731101036071777,0
2000-12-13,3.5882012844085693,3.5882012844085693,3.5882012844085693,3.5882012844085693,0
2000-12-14,3.599519729614258,3.599519729614258,3.599519729614258,3.599519729614258,0
2000-12-15,3.605593204498291,3.605593204498291,3.605593204498291,3.605593204498291,0
2000-12-18,3.6093907356262207,3.609390735626221,3.609390735626221,3.609390735626221,0
2000-12-19,3.605593204498291,3.605593204498291,3.605593204498291,3.605593204498291,0
2000-12-20,3.62077260017395,3.6207726001739498,3.6207726001739498,3.6207726001739498,0
2000-12-21,3.63215970993042,3.63215970993042,3.63215970993042,3.63215970993042,0
2000-12-22,3.6359598636627197,3.6359598636627197,3.6359598636627197,3.6359598636627197,0
2000-12-26,3.6359598636627197,3.6359598636627197,3.6359598636627197,3.6359598636627197,0
2000-12-27,3.62457013130188,3.62457013130188,3.62457013130188,3.62457013130188,0
2000-12-28,3.62077260017395,3.6207726001739498,3.6207726001739498,3.6207726001739498,0
2000-12-29,3.62077260017395,3.6207726001739498,3.6207726001739498,3.6207726001739498,0
2001-01-02,3.6549315452575684,3.6549315452575684,3.6549315452575684,3.6549315452575684,0
2001-01-03,3.63215970993042,3.63215970993042,3.63215970993042,3.63215970993042,0
2001-01-04,3.651136636734009,3.651136636734009,3.651136636734009,3.651136636734009,0
2001-01-05,3.6663177013397217,3.6663177013397217,3.6663177013397217,3.6663177013397217,0
2001-01-08,3.6777079105377197,3.67770791053772,3.67770791053772,3.67770791053772,0
2001-01-09,3.6663177013397217,3.6663177013397217,3.6663177013397217,3.6663177013397217,0
2001-01-10,3.6549315452575684,3.6549315452575684,3.6549315452575684,3.6549315452575684,0
2001-01-11,3.6473422050476074,3.6473422050476074,3.6473422050476074,3.6473422050476074,0
2001-01-12,3.628364324569702,3.628364324569702,3.628364324569702,3.628364324569702,0
2001-01-16,3.6359598636627197,3.6359598636627197,3.6359598636627197,3.6359598636627197,0
2001-01-17,3.651136636734009,3.651136636734009,3.651136636734009,3.651136636734009,0
2001-01-18,3.6663177013397217,3.6663177013397217,3.6663177013397217,3.6663177013397217,0
2001-01-19,3.651136636734009,3.651136636734009,3.651136636734009,3.651136636734009,0
2001-01-22,3.6473422050476074,3.6473422050476074,3.6473422050476074,3.6473422050476074,0
2001-01-23,3.6359598636627197,3.6359598636627197,3.6359598636627197,3.6359598636627197,0
2001-01-24,3.6359598636627197,3.6359598636627197,3.6359598636627197,3.6359598636627197,0
2001-01-25,3.6435489654541016,3.6435489654541016,3.6435489654541016,3.6435489654541016,0
2001-01-26,3.6473422050476074,3.6473422050476074,3.6473422050476074,3.6473422050476074,0
2001-01-29,3.6435489654541016,3.6435489654541016,3.6435489654541016,3.6435489654541016,0
2001-01-30,3.6625258922576904,3.6625258922576904,3.6625258922576904,3.6625258922576904,0
2001-01-31,3.6766364574432373,3.6766364574432373,3.6766364574432373,3.6766364574432373,0
2001-02-01,3.695704936981201,3.695704936981201,3.695704936981201,3.695704936981201,0
2001-02-02,3.680450916290283,3.680450916290283,3.680450916290283,3.680450916290283,0
2001-02-05,3.684263229370117,3.684263229370117,3.684263229370117,3.684263229370117,0
2001-02-06,3.6766364574432373,3.6766364574432373,3.6766364574432373,3.6766364574432373,0
2001-02-07,3.6728196144104004,3.6728196144104004,3.6728196144104004,3.6728196144104004,0
2001-02-08,3.6728196144104004,3.6728196144104004,3.6728196144104004,3.6728196144104004,0
2001-02-09,3.6880757808685303,3.6880757808685303,3.6880757808685303,3.6880757808685303,0
2001-02-12,3.680450916290283,3.680450916290283,3.680450916290283,3.680450916290283,0
2001-02-13,3.6766364574432373,3.6766364574432373,3.6766364574432373,3.6766364574432373,0
2001-02-14,3.669006824493408,3.669006824493408,3.669006824493408,3.669006824493408,0
2001-02-15,3.657564878463745,3.657564878463745,3.657564878463745,3.657564878463745,0
2001-02-16,3.669006824493408,3.669006824493408,3.669006824493408,3.669006824493408,0
2001-02-20,3.6766364574432373,3.6766364574432373,3.6766364574432373,3.6766364574432373,0
2001-02-21,3.669006824493408,3.669006824493408,3.669006824493408,3.669006824493408,0
2001-02-22,3.669006824493408,3.669006824493408,3.669006824493408,3.669006824493408,0
2001-02-23,3.680450916290283,3.680450916290283,3.680450916290283,3.680450916290283,0
2001-02-26,3.6880757808685303,3.6880757808685303,3.6880757808685303,3.6880757808685303,0
2001-02-27,3.707146167755127,3.707146167755127,3.707146167755127,3.707146167755127,0
2001-02-28,3.716726303100586,3.716726303100586,3.716726303100586,3.716726303100586,0
2001-03-01,3.7282214164733887,3.7282214164733887,3.7282214164733887,3.7282214164733887,0
2001-03-02,3.709064245223999,3.709064245223999,3.709064245223999,3.709064245223999,0
2001-03-05,3.709064245223999,3.709064245223999,3.709064245223999,3.709064245223999,0
2001-03-06,3.709064245223999,3.709064245223999,3.709064245223999,3.709064245223999,0
2001-03-07,3.724388360977173,3.724388360977173,3.724388360977173,3.724388360977173,0
2001-03-08,3.7282214164733887,3.7282214164733887,3.7282214164733887,3.7282214164733887,0
2001-03-09,3.7205593585968018,3.7205593585968018,3.7205593585968018,3.7205593585968018,0
2001-03-12,3.724388360977173,3.724388360977173,3.724388360977173,3.724388360977173,0
2001-03-13,3.7205593585968018,3.7205593585968018,3.7205593585968018,3.7205593585968018,0
2001-03-14,3.7320525646209717,3.7320525646209717,3.7320525646209717,3.7320525646209717,0
2001-03-15,3.739715099334717,3.739715099334717,3.739715099334717,3.739715099334717,0
2001-03-16,3.747380256652832,3.747380256652832,3.747380256652832,3.747380256652832,0
2001-03-19,3.739715099334717,3.739715099334717,3.739715099334717,3.739715099334717,0
2001-03-20,3.747380256652832,3.747380256652832,3.747380256652832,3.747380256652832,0
2001-03-21,3.7512130737304688,3.7512130737304683,3.7512130737304683,3.7512130737304683,0
2001-03-22,3.762709617614746,3.7627096176147465,3.7627096176147465,3.7627096176147465,0
2001-03-23,3.7512130737304688,3.7512130737304683,3.7512130737304683,3.7512130737304683,0
2001-03-26,3.7435476779937744,3.7435476779937744,3.7435476779937744,3.7435476779937744,0
2001-03-27,3.7205593585968018,3.7205593585968018,3.7205593585968018,3.7205593585968018,0
2001-03-28,3.7205593585968018,3.7205593585968018,3.7205593585968018,3.7205593585968018,0
2001-03-29,3.724388360977173,3.724388360977173,3.724388360977173,3.724388360977173,0
2001-03-30,3.73286771774292,3.73286771774292,3.73286771774292,3.73286771774292,0
2001-04-02,3.7290139198303223,3.7290139198303223,3.7290139198303223,3.7290139198303223,0
2001-04-03,3.73286771774292,3.73286771774292,3.73286771774292,3.73286771774292,0
2001-04-04,3.7367172241210938,3.7367172241210938,3.7367172241210938,3.7367172241210938,0
2001-04-05,3.7290139198303223,3.7290139198303223,3.7290139198303223,3.7290139198303223,0
2001-04-06,3.748274326324463,3.7482743263244633,3.7482743263244633,3.7482743263244633,0
2001-04-09,3.7405717372894287,3.7405717372894287,3.7405717372894287,3.7405717372894287,0
2001-04-10,3.717454195022583,3.717454195022583,3.717454195022583,3.717454195022583,0
2001-04-11,3.7136056423187256,3.7136056423187256,3.7136056423187256,3.7136056423187256,0
2001-04-12,3.705897331237793,3.7058973312377934,3.7058973312377934,3.7058973312377934,0
2001-04-16,3.6866376399993896,3.6866376399993896,3.6866376399993896,3.6866376399993896,0
2001-04-17,3.702047109603882,3.7020471096038823,3.7020471096038823,3.7020471096038823,0
2001-04-18,3.717454195022583,3.717454195022583,3.717454195022583,3.717454195022583,0
2001-04-19,3.6981959342956543,3.6981959342956543,3.6981959342956543,3.6981959342956543,0
2001-04-20,3.702047109603882,3.7020471096038823,3.7020471096038823,3.7020471096038823,0
2001-04-23,3.717454195022583,3.717454195022583,3.717454195022583,3.717454195022583,0
2001-04-24,3.7136056423187256,3.7136056423187256,3.7136056423187256,3.7136056423187256,0
2001-04-25,3.705897331237793,3.7058973312377934,3.7058973312377934,3.7058973312377934,0
2001-04-26,3.721306324005127,3.721306324005127,3.721306324005127,3.721306324005127,0
2001-04-27,3.702047109603882,3.7020471096038823,3.7020471096038823,3.7020471096038823,0
2001-04-30,3.70320987701416,3.70320987701416,3.70320987701416,3.70320987701416,0
2001-05-01,3.7148282527923584,3.7148282527923584,3.7148282527923584,3.7148282527923584,0
2001-05-02,3.7225775718688965,3.7225775718688965,3.7225775718688965,3.7225775718688965,0
2001-05-03,3.7380712032318115,3.7380712032318115,3.7380712032318115,3.7380712032318115,0
2001-05-04,3.7380712032318115,3.7380712032318115,3.7380712032318115,3.7380712032318115,0
2001-05-07,3.7380712032318115,3.7380712032318115,3.7380712032318115,3.7380712032318115,0
2001-05-08,3.7380712032318115,3.7380712032318115,3.7380712032318115,3.7380712032318115,0
2001-05-09,3.745817184448242,3.745817184448242,3.745817184448242,3.745817184448242,0
2001-05-10,3.726449728012085,3.726449728012085,3.726449728012085,3.726449728012085,0
2001-05-11,3.6915862560272217,3.691586256027222,3.691586256027222,3.691586256027222,0
2001-05-14,3.70320987701416,3.70320987701416,3.70320987701416,3.70320987701416,0
2001-05-15,3.6954593658447266,3.6954593658447266,3.6954593658447266,3.6954593658447266,0
2001-05-16,3.70320987701416,3.70320987701416,3.70320987701416,3.70320987701416,0
2001-05-17,3.7109568119049072,3.7109568119049072,3.7109568119049072,3.7109568119049072,0
2001-05-18,3.7148282527923584,3.7148282527923584,3.7148282527923584,3.7148282527923584,0
2001-05-21,3.7187061309814453,3.7187061309814453,3.7187061309814453,3.7187061309814453,0
2001-05-22,3.7187061309814453,3.7187061309814453,3.7187061309814453,3.7187061309814453,0
2001-05-23,3.7187061309814453,3.7187061309814453,3.7187061309814453,3.7187061309814453,0
2001-05-24,3.70320987701416,3.70320987701416,3.70320987701416,3.70320987701416,0
2001-05-25,3.70320987701416,3.70320987701416,3.70320987701416,3.70320987701416,0
2001-05-29,3.70320987701416,3.70320987701416,3.70320987701416,3.70320987701416,0
2001-05-30,3.707082986831665,3.707082986831665,3.707082986831665,3.707082986831665,0
2001-05-31,3.7250046730041504,3.7250046730041504,3.7250046730041504,3.7250046730041504,0
2001-06-01,3.736693859100342,3.736693859100342,3.736693859100342,3.736693859100342,0
2001-06-04,3.744488000869751,3.744488000869751,3.744488000869751,3.744488000869751,0
2001-06-05,3.756179094314575,3.7561790943145748,3.7561790943145748,3.7561790943145748,0
2001-06-06,3.756179094314575,3.7561790943145748,3.7561790943145748,3.7561790943145748,0
2001-06-07,3.748382806777954,3.748382806777954,3.748382806777954,3.748382806777954,0
2001-06-08,3.740591526031494,3.740591526031494,3.740591526031494,3.740591526031494,0
2001-06-11,3.7522785663604736,3.7522785663604736,3.7522785663604736,3.7522785663604736,0
2001-06-12,3.7639718055725098,3.7639718055725098,3.7639718055725098,3.7639718055725098,0
2001-06-13,3.7639718055725098,3.7639718055725098,3.7639718055725098,3.7639718055725098,0
2001-06-14,3.771761655807495,3.771761655807495,3.771761655807495,3.771761655807495,0
2001-06-15,3.7639718055725098,3.7639718055725098,3.7639718055725098,3.7639718055725098,0
2001-06-18,3.7639718055725098,3.7639718055725098,3.7639718055725098,3.7639718055725098,0
2001-06-19,3.7678630352020264,3.7678630352020264,3.7678630352020264,3.7678630352020264,0
2001-06-20,3.771761655807495,3.771761655807495,3.771761655807495,3.771761655807495,0
2001-06-21,3.775662422180176,3.775662422180176,3.775662422180176,3.775662422180176,0
2001-06-22,3.7912468910217285,3.7912468910217285,3.7912468910217285,3.7912468910217285,0
2001-06-25,3.7912468910217285,3.7912468910217285,3.7912468910217285,3.7912468910217285,0
2001-06-26,3.775662422180176,3.775662422180176,3.775662422180176,3.775662422180176,0
2001-06-27,3.771761655807495,3.771761655807495,3.771761655807495,3.771761655807495,0
2001-06-28,3.756179094314575,3.7561790943145748,3.7561790943145748,3.7561790943145748,0
2001-06-29,3.7436461448669434,3.7436461448669434,3.7436461448669434,3.7436461448669434,0
2001-07-02,3.7593135833740234,3.7593135833740234,3.7593135833740234,3.7593135833740234,0
2001-07-03,3.751478672027588,3.751478672027588,3.751478672027588,3.751478672027588,0
2001-07-05,3.747562885284424,3.747562885284424,3.747562885284424,3.747562885284424,0
2001-07-06,3.755394458770752,3.7553944587707524,3.7553944587707524,3.7553944587707524,0
2001-07-09,3.7632272243499756,3.7632272243499756,3.7632272243499756,3.7632272243499756,0
2001-07-10,3.771057367324829,3.771057367324829,3.771057367324829,3.771057367324829,0
2001-07-11,3.771057367324829,3.771057367324829,3.771057367324829,3.771057367324829,0
2001-07-12,3.7788915634155273,3.7788915634155273,3.7788915634155273,3.7788915634155273,0
2001-07-13,3.7788915634155273,3.7788915634155273,3.7788915634155273,3.7788915634155273,0
2001-07-16,3.790639877319336,3.790639877319336,3.790639877319336,3.790639877319336,0
2001-07-17,3.790639877319336,3.790639877319336,3.790639877319336,3.790639877319336,0
2001-07-18,3.810215473175049,3.810215473175049,3.810215473175049,3.810215473175049,0
2001-07-19,3.8063008785247803,3.8063008785247803,3.8063008785247803,3.8063008785247803,0
2001-07-20,3.8063008785247803,3.8063008785247803,3.8063008785247803,3.8063008785247803,0
2001-07-23,3.8141326904296875,3.8141326904296875,3.8141326904296875,3.8141326904296875,0
2001-07-24,3.8180487155914307,3.81804871559143,3.81804871559143,3.81804871559143,0
2001-07-25,3.8063008785247803,3.8063008785247803,3.8063008785247803,3.8063008785247803,0
2001-07-26,3.810215473175049,3.810215473175049,3.810215473175049,3.810215473175049,0
2001-07-27,3.8219661712646484,3.821966171264648,3.821966171264648,3.821966171264648,0
2001-07-30,3.829798460006714,3.8297984600067143,3.8297984600067143,3.8297984600067143,0
2001-07-31,3.839247703552246,3.839247703552246,3.839247703552246,3.839247703552246,0
2001-08-01,3.831369400024414,3.831369400024414,3.831369400024414,3.831369400024414,0
2001-08-02,3.8234970569610596,3.8234970569610596,3.8234970569610596,3.8234970569610596,0
2001-08-03,3.8195605278015137,3.8195605278015137,3.8195605278015137,3.8195605278015137,0
2001-08-06,3.8234970569610596,3.8234970569610596,3.8234970569610596,3.8234970569610596,0
2001-08-07,3.8234970569610596,3.8234970569610596,3.8234970569610596,3.8234970569610596,0
2001-08-08,3.843186855316162,3.843186855316162,3.843186855316162,3.843186855316162,0
2001-08-09,3.839247703552246,3.839247703552246,3.839247703552246,3.839247703552246,0
2001-08-10,3.84712815284729,3.8471281528472905,3.8471281528472905,3.8471281528472905,0
2001-08-13,3.8510608673095703,3.8510608673095703,3.8510608673095703,3.8510608673095703,0
2001-08-14,3.8510608673095703,3.8510608673095703,3.8510608673095703,3.8510608673095703,0
2001-08-15,3.84712815284729,3.8471281528472905,3.8471281528472905,3.8471281528472905,0
2001-08-16,3.8549976348876953,3.8549976348876958,3.8549976348876958,3.8549976348876958,0
2001-08-17,3.866811990737915,3.8668119907379155,3.8668119907379155,3.8668119907379155,0
2001-08-20,3.858936309814453,3.8589363098144536,3.8589363098144536,3.8589363098144536,0
2001-08-21,3.862875461578369,3.862875461578369,3.862875461578369,3.862875461578369,0
2001-08-22,3.862875461578369,3.862875461578369,3.862875461578369,3.862875461578369,0
2001-08-23,3.8707480430603027,3.8707480430603027,3.8707480430603027,3.8707480430603027,0
2001-08-24,3.862875461578369,3.862875461578369,3.862875461578369,3.862875461578369,0
2001-08-27,3.862875461578369,3.862875461578369,3.862875461578369,3.862875461578369,0
2001-08-28,3.8786258697509766,3.8786258697509766,3.8786258697509766,3.8786258697509766,0
2001-08-29,3.890437126159668,3.890437126159668,3.890437126159668,3.890437126159668,0
2001-08-30,3.890437126159668,3.890437126159668,3.890437126159668,3.890437126159668,0
2001-08-31,3.8864805698394775,3.8864805698394775,3.8864805698394775,3.8864805698394775,0
2001-09-04,3.854816436767578,3.854816436767578,3.854816436767578,3.854816436767578,0
2001-09-05,3.8587746620178223,3.8587746620178223,3.8587746620178223,3.8587746620178223,0
2001-09-06,3.878563642501831,3.8785636425018306,3.8785636425018306,3.8785636425018306,0
2001-09-07,3.8864805698394775,3.8864805698394775,3.8864805698394775,3.8864805698394775,0
2001-09-10,3.8864805698394775,3.8864805698394775,3.8864805698394775,3.8864805698394775,0
2001-09-17,3.910223960876465,3.910223960876465,3.910223960876465,3.910223960876465,0
2001-09-18,3.8864805698394775,3.8864805698394775,3.8864805698394775,3.8864805698394775,0
2001-09-19,3.902312994003296,3.902312994003296,3.902312994003296,3.902312994003296,0
2001-09-20,3.8864805698394775,3.8864805698394775,3.8864805698394775,3.8864805698394775,0
2001-09-21,3.8943965435028076,3.8943965435028076,3.8943965435028076,3.8943965435028076,0
2001-09-24,3.8943965435028076,3.8943965435028076,3.8943965435028076,3.8943965435028076,0
2001-09-25,3.89835524559021,3.89835524559021,3.89835524559021,3.89835524559021,0
2001-09-26,3.9141852855682373,3.9141852855682373,3.9141852855682373,3.9141852855682373,0
2001-09-27,3.9260549545288086,3.9260549545288086,3.9260549545288086,3.9260549545288086,0
2001-09-28,3.9280431270599365,3.9280431270599365,3.9280431270599365,3.9280431270599365,0
2001-10-01,3.9439449310302734,3.9439449310302734,3.9439449310302734,3.9439449310302734,0
2001-10-02,3.9479222297668457,3.9479222297668457,3.9479222297668457,3.9479222297668457,0
2001-10-03,3.951899766921997,3.951899766921997,3.951899766921997,3.951899766921997,0
2001-10-04,3.955876588821411,3.955876588821411,3.955876588821411,3.955876588821411,0
2001-10-05,3.959852933883667,3.9598529338836665,3.9598529338836665,3.9598529338836665,0
2001-10-08,3.959852933883667,3.9598529338836665,3.9598529338836665,3.9598529338836665,0
2001-10-09,3.9479222297668457,3.9479222297668457,3.9479222297668457,3.9479222297668457,0
2001-10-10,3.9479222297668457,3.9479222297668457,3.9479222297668457,3.9479222297668457,0
2001-10-11,3.9359960556030273,3.9359960556030273,3.9359960556030273,3.9359960556030273,0
2001-10-12,3.9359960556030273,3.9359960556030273,3.9359960556030273,3.9359960556030273,0
2001-10-15,3.951899766921997,3.951899766921997,3.951899766921997,3.951899766921997,0
2001-10-16,3.959852933883667,3.9598529338836665,3.9598529338836665,3.9598529338836665,0
2001-10-17,3.959852933883667,3.9598529338836665,3.9598529338836665,3.9598529338836665,0
2001-10-18,3.963827610015869,3.9638276100158696,3.9638276100158696,3.9638276100158696,0
2001-10-19,3.955876588821411,3.955876588821411,3.955876588821411,3.955876588821411,0
2001-10-22,3.959852933883667,3.9598529338836665,3.9598529338836665,3.9598529338836665,0
2001-10-23,3.955876588821411,3.955876588821411,3.955876588821411,3.955876588821411,0
2001-10-24,3.9678030014038086,3.9678030014038086,3.9678030014038086,3.9678030014038086,0
2001-10-25,3.9797286987304688,3.9797286987304688,3.9797286987304688,3.9797286987304688,0
2001-10-26,3.9797286987304688,3.9797286987304688,3.9797286987304688,3.9797286987304688,0
2001-10-29,3.9916579723358154,3.9916579723358154,3.9916579723358154,3.9916579723358154,0
2001-10-30,4.003584861755371,4.003584861755371,4.003584861755371,4.003584861755371,0
2001-10-31,4.029166221618652,4.029166221618652,4.029166221618652,4.029166221618652,0
2001-11-01,4.0371599197387695,4.0371599197387695,4.0371599197387695,4.0371599197387695,0
2001-11-02,4.01317834854126,4.01317834854126,4.01317834854126,4.01317834854126,0
2001-11-05,4.029166221618652,4.029166221618652,4.029166221618652,4.029166221618652,0
2001-11-06,4.0371599197387695,4.0371599197387695,4.0371599197387695,4.0371599197387695,0
2001-11-07,4.06114387512207,4.06114387512207,4.06114387512207,4.06114387512207,0
2001-11-08,4.045154571533203,4.045154571533203,4.045154571533203,4.045154571533203,0
2001-11-09,4.045154571533203,4.045154571533203,4.045154571533203,4.045154571533203,0
2001-11-12,4.045154571533203,4.045154571533203,4.045154571533203,4.045154571533203,0
2001-11-13,4.033166408538818,4.033166408538818,4.033166408538818,4.033166408538818,0
2001-11-14,4.009179592132568,4.009179592132568,4.009179592132568,4.009179592132568,0
2001-11-15,3.9612131118774414,3.9612131118774414,3.9612131118774414,3.9612131118774414,0
2001-11-16,3.933234214782715,3.933234214782715,3.933234214782715,3.933234214782715,0
2001-11-19,3.965208053588867,3.965208053588867,3.965208053588867,3.965208053588867,0
2001-11-20,3.9452247619628906,3.9452247619628906,3.9452247619628906,3.9452247619628906,0
2001-11-21,3.9252402782440186,3.9252402782440186,3.9252402782440186,3.9252402782440186,0
2001-11-23,3.9172439575195312,3.9172439575195312,3.9172439575195312,3.9172439575195312,0
2001-11-26,3.9172439575195312,3.9172439575195312,3.9172439575195312,3.9172439575195312,0
2001-11-27,3.933234214782715,3.933234214782715,3.933234214782715,3.933234214782715,0
2001-11-28,3.933234214782715,3.933234214782715,3.933234214782715,3.933234214782715,0
2001-11-29,3.965208053588867,3.965208053588867,3.965208053588867,3.965208053588867,0
2001-11-30,3.9644083976745605,3.9644083976745605,3.9644083976745605,3.9644083976745605,0
2001-12-03,3.9724414348602295,3.972441434860229,3.972441434860229,3.972441434860229,0
2001-12-04,3.984492301940918,3.9844923019409175,3.9844923019409175,3.9844923019409175,0
2001-12-05,3.94031023979187,3.94031023979187,3.94031023979187,3.94031023979187,0
2001-12-06,3.920227289199829,3.920227289199829,3.920227289199829,3.920227289199829,0
2001-12-07,3.8961246013641357,3.8961246013641357,3.8961246013641357,3.8961246013641357,0
2001-12-10,3.9001426696777344,3.900142669677734,3.900142669677734,3.900142669677734,0
2001-12-11,3.91219162940979,3.91219162940979,3.91219162940979,3.91219162940979,0
2001-12-12,3.93227481842041,3.93227481842041,3.93227481842041,3.93227481842041,0
2001-12-13,3.908174753189087,3.908174753189087,3.908174753189087,3.908174753189087,0
2001-12-14,3.8961246013641357,3.8961246013641357,3.8961246013641357,3.8961246013641357,0
2001-12-17,3.8840713500976562,3.8840713500976562,3.8840713500976562,3.8840713500976562,0
2001-12-18,3.908174753189087,3.908174753189087,3.908174753189087,3.908174753189087,0
2001-12-19,3.923920154571533,3.923920154571533,3.923920154571533,3.923920154571533,0
2001-12-20,3.9198811054229736,3.9198811054229736,3.9198811054229736,3.9198811054229736,0
2001-12-21,3.9198811054229736,3.9198811054229736,3.9198811054229736,3.9198811054229736,0
2001-12-24,3.9118118286132812,3.9118118286132812,3.9118118286132812,3.9118118286132812,0
2001-12-26,3.9037349224090576,3.903734922409057,3.903734922409057,3.903734922409057,0
2001-12-27,3.9198811054229736,3.9198811054229736,3.9198811054229736,3.9198811054229736,0
2001-12-28,3.915846824645996,3.915846824645996,3.915846824645996,3.915846824645996,0
2001-12-31,3.9400675296783447,3.9400675296783447,3.9400675296783447,3.9400675296783447,0
2002-01-02,3.9198811054229736,3.9198811054229736,3.9198811054229736,3.9198811054229736,0
2002-01-03,3.927955150604248,3.927955150604248,3.927955150604248,3.927955150604248,0
2002-01-04,3.927955150604248,3.927955150604248,3.927955150604248,3.927955150604248,0
2002-01-07,3.9481394290924072,3.9481394290924072,3.9481394290924072,3.9481394290924072,0
2002-01-08,3.9481394290924072,3.9481394290924072,3.9481394290924072,3.9481394290924072,0
2002-01-09,3.9521772861480713,3.9521772861480713,3.9521772861480713,3.9521772861480713,0
2002-01-10,3.968325138092041,3.968325138092041,3.968325138092041,3.968325138092041,0
2002-01-11,3.984476089477539,3.984476089477539,3.984476089477539,3.984476089477539,0
2002-01-14,3.9885144233703613,3.9885144233703613,3.9885144233703613,3.9885144233703613,0
2002-01-15,3.99255108833313,3.99255108833313,3.99255108833313,3.99255108833313,0
2002-01-16,3.9885144233703613,3.9885144233703613,3.9885144233703613,3.9885144233703613,0
2002-01-17,3.972365140914917,3.972365140914917,3.972365140914917,3.972365140914917,0
2002-01-18,3.980437994003296,3.9804379940032963,3.9804379940032963,3.9804379940032963,0
2002-01-22,3.980437994003296,3.9804379940032963,3.9804379940032963,3.9804379940032963,0
2002-01-23,3.968325138092041,3.968325138092041,3.968325138092041,3.968325138092041,0
2002-01-24,3.9642884731292725,3.9642884731292725,3.9642884731292725,3.9642884731292725,0
2002-01-25,3.9602527618408203,3.9602527618408203,3.9602527618408203,3.9602527618408203,0
2002-01-28,3.9602527618408203,3.9602527618408203,3.9602527618408203,3.9602527618408203,0
2002-01-29,3.9763996601104736,3.9763996601104736,3.9763996601104736,3.9763996601104736,0
2002-01-30,3.9763996601104736,3.9763996601104736,3.9763996601104736,3.9763996601104736,0
2002-01-31,3.9695065021514893,3.9695065021514893,3.9695065021514893,3.9695065021514893,0
2002-02-01,3.9776179790496826,3.9776179790496826,3.9776179790496826,3.9776179790496826,0
2002-02-04,3.9857215881347656,3.9857215881347656,3.9857215881347656,3.9857215881347656,0
2002-02-05,3.9857215881347656,3.9857215881347656,3.9857215881347656,3.9857215881347656,0
2002-02-06,3.9816739559173584,3.9816739559173584,3.9816739559173584,3.9816739559173584,0
2002-02-07,3.9776179790496826,3.9776179790496826,3.9776179790496826,3.9776179790496826,0
2002-02-08,3.9897830486297607,3.9897830486297607,3.9897830486297607,3.9897830486297607,0
2002-02-11,3.9897830486297607,3.9897830486297607,3.9897830486297607,3.9897830486297607,0
2002-02-12,3.9816739559173584,3.9816739559173584,3.9816739559173584,3.9816739559173584,0
2002-02-13,3.9776179790496826,3.9776179790496826,3.9776179790496826,3.9776179790496826,0
2002-02-14,3.9857215881347656,3.9857215881347656,3.9857215881347656,3.9857215881347656,0
2002-02-15,3.9978888034820557,3.997888803482055,3.997888803482055,3.997888803482055,0
2002-02-19,3.9978888034820557,3.997888803482055,3.997888803482055,3.997888803482055,0
2002-02-20,3.9938368797302246,3.9938368797302246,3.9938368797302246,3.9938368797302246,0
2002-02-21,3.9978888034820557,3.997888803482055,3.997888803482055,3.997888803482055,0
2002-02-22,4.005998611450195,4.005998611450195,4.005998611450195,4.005998611450195,0
2002-02-25,4.001945495605469,4.001945495605469,4.001945495605469,4.001945495605469,0
2002-02-26,3.9938368797302246,3.9938368797302246,3.9938368797302246,3.9938368797302246,0
2002-02-27,4.010056972503662,4.010056972503662,4.010056972503662,4.010056972503662,0
2002-02-28,4.007609844207764,4.007609844207764,4.007609844207764,4.007609844207764,0
2002-03-01,3.9913170337677,3.9913170337677,3.9913170337677,3.9913170337677,0
2002-03-04,3.987247943878174,3.987247943878174,3.987247943878174,3.987247943878174,0
2002-03-05,3.9913170337677,3.9913170337677,3.9913170337677,3.9913170337677,0
2002-03-06,3.987247943878174,3.987247943878174,3.987247943878174,3.987247943878174,0
2002-03-07,3.9587395191192627,3.9587395191192623,3.9587395191192623,3.9587395191192623,0
2002-03-08,3.9383723735809326,3.9383723735809326,3.9383723735809326,3.9383723735809326,0
2002-03-11,3.9424452781677246,3.9424452781677246,3.9424452781677246,3.9424452781677246,0
2002-03-12,3.9424452781677246,3.9424452781677246,3.9424452781677246,3.9424452781677246,0
2002-03-13,3.950592517852783,3.950592517852783,3.950592517852783,3.950592517852783,0
2002-03-14,3.9302282333374023,3.9302282333374023,3.9302282333374023,3.9302282333374023,0
2002-03-15,3.9343035221099854,3.9343035221099854,3.9343035221099854,3.9343035221099854,0
2002-03-18,3.9424452781677246,3.9424452781677246,3.9424452781677246,3.9424452781677246,0
2002-03-19,3.9424452781677246,3.9424452781677246,3.9424452781677246,3.9424452781677246,0
2002-03-20,3.9302282333374023,3.9302282333374023,3.9302282333374023,3.9302282333374023,0
2002-03-21,3.9343035221099854,3.9343035221099854,3.9343035221099854,3.9343035221099854,0
2002-03-22,3.9343035221099854,3.9343035221099854,3.9343035221099854,3.9343035221099854,0
2002-03-25,3.9302282333374023,3.9302282333374023,3.9302282333374023,3.9302282333374023,0
2002-03-26,3.9424452781677246,3.9424452781677246,3.9424452781677246,3.9424452781677246,0
2002-03-27,3.9465205669403076,3.9465205669403076,3.9465205669403076,3.9465205669403076,0
2002-03-28,3.9293289184570312,3.9293289184570312,3.9293289184570312,3.9293289184570312,0
2002-04-01,3.9334230422973633,3.9334230422973633,3.9334230422973633,3.9334230422973633,0
2002-04-02,3.949794054031372,3.949794054031372,3.949794054031372,3.949794054031372,0
2002-04-03,3.96207332611084,3.9620733261108403,3.9620733261108403,3.9620733261108403,0
2002-04-04,3.96207332611084,3.9620733261108403,3.9620733261108403,3.9620733261108403,0
2002-04-05,3.9743480682373047,3.9743480682373047,3.9743480682373047,3.9743480682373047,0
2002-04-08,3.9702606201171875,3.9702606201171875,3.9702606201171875,3.9702606201171875,0
2002-04-09,3.9743480682373047,3.9743480682373047,3.9743480682373047,3.9743480682373047,0
2002-04-10,3.9743480682373047,3.9743480682373047,3.9743480682373047,3.9743480682373047,0
2002-04-11,3.9784486293792725,3.9784486293792725,3.9784486293792725,3.9784486293792725,0
2002-04-12,3.9866294860839844,3.9866294860839844,3.9866294860839844,3.9866294860839844,0
2002-04-15,3.9948136806488037,3.9948136806488037,3.9948136806488037,3.9948136806488037,0
2002-04-16,3.9866294860839844,3.9866294860839844,3.9866294860839844,3.9866294860839844,0
2002-04-17,3.9866294860839844,3.9866294860839844,3.9866294860839844,3.9866294860839844,0
2002-04-18,3.9907219409942627,3.9907219409942627,3.9907219409942627,3.9907219409942627,0
2002-04-19,3.9907219409942627,3.9907219409942627,3.9907219409942627,3.9907219409942627,0
2002-04-22,3.9948136806488037,3.9948136806488037,3.9948136806488037,3.9948136806488037,0
2002-04-23,3.9948136806488037,3.9948136806488037,3.9948136806488037,3.9948136806488037,0
2002-04-24,4.0070953369140625,4.0070953369140625,4.0070953369140625,4.0070953369140625,0
2002-04-25,4.0070953369140625,4.0070953369140625,4.0070953369140625,4.0070953369140625,0
2002-04-26,4.011188983917236,4.011188983917236,4.011188983917236,4.011188983917236,0
2002-04-29,4.0070953369140625,4.0070953369140625,4.0070953369140625,4.0070953369140625,0
2002-04-30,4.008742332458496,4.008742332458496,4.008742332458496,4.008742332458496,0
2002-05-01,4.012856483459473,4.012856483459473,4.012856483459473,4.012856483459473,0
2002-05-02,4.004622459411621,4.004622459411621,4.004622459411621,4.004622459411621,0
2002-05-03,4.012856483459473,4.012856483459473,4.012856483459473,4.012856483459473,0
2002-05-06,4.016975402832031,4.016975402832031,4.016975402832031,4.016975402832031,0
2002-05-07,4.016975402832031,4.016975402832031,4.016975402832031,4.016975402832031,0
2002-05-08,3.996391773223877,3.996391773223877,3.996391773223877,3.996391773223877,0
2002-05-09,4.000513076782227,4.000513076782227,4.000513076782227,4.000513076782227,0
2002-05-10,4.012856483459473,4.012856483459473,4.012856483459473,4.012856483459473,0
2002-05-13,4.000513076782227,4.000513076782227,4.000513076782227,4.000513076782227,0
2002-05-14,3.9881644248962402,3.9881644248962402,3.9881644248962402,3.9881644248962402,0
2002-05-15,3.996391773223877,3.996391773223877,3.996391773223877,3.996391773223877,0
2002-05-16,4.008742332458496,4.008742332458496,4.008742332458496,4.008742332458496,0
2002-05-17,4.000513076782227,4.000513076782227,4.000513076782227,4.000513076782227,0
2002-05-20,4.012856483459473,4.012856483459473,4.012856483459473,4.012856483459473,0
2002-05-21,4.021090030670166,4.021090030670166,4.021090030670166,4.021090030670166,0
2002-05-22,4.029322147369385,4.029322147369385,4.029322147369385,4.029322147369385,0
2002-05-23,4.025209426879883,4.025209426879883,4.025209426879883,4.025209426879883,0
2002-05-24,4.025209426879883,4.025209426879883,4.025209426879883,4.025209426879883,0
2002-05-28,4.029322147369385,4.029322147369385,4.029322147369385,4.029322147369385,0
2002-05-29,4.041670799255371,4.041670799255371,4.041670799255371,4.041670799255371,0
2002-05-30,4.045782089233398,4.045782089233398,4.045782089233398,4.045782089233398,0
2002-05-31,4.045782566070557,4.045782566070557,4.045782566070557,4.045782566070557,0
2002-06-03,4.045782566070557,4.045782566070557,4.045782566070557,4.045782566070557,0
2002-06-04,4.049925327301025,4.049925327301025,4.049925327301025,4.049925327301025,0
2002-06-05,4.045782566070557,4.045782566070557,4.045782566070557,4.045782566070557,0
2002-06-06,4.054059028625488,4.054059028625488,4.054059028625488,4.054059028625488,0
2002-06-07,4.041647911071777,4.041647911071777,4.041647911071777,4.041647911071777,0
2002-06-10,4.045782566070557,4.045782566070557,4.045782566070557,4.045782566070557,0
2002-06-11,4.058196544647217,4.058196544647217,4.058196544647217,4.058196544647217,0
2002-06-12,4.062333106994629,4.062333106994629,4.062333106994629,4.062333106994629,0
2002-06-13,4.070605754852295,4.070605754852295,4.070605754852295,4.070605754852295,0
2002-06-14,4.083017826080322,4.083017826080322,4.083017826080322,4.083017826080322,0
2002-06-17,4.078876972198486,4.078876972198486,4.078876972198486,4.078876972198486,0
2002-06-18,4.078876972198486,4.078876972198486,4.078876972198486,4.078876972198486,0
2002-06-19,4.099560737609863,4.099560737609863,4.099560737609863,4.099560737609863,0
2002-06-20,4.083017826080322,4.083017826080322,4.083017826080322,4.083017826080322,0
2002-06-21,4.091288089752197,4.091288089752197,4.091288089752197,4.091288089752197,0
2002-06-24,4.078876972198486,4.078876972198486,4.078876972198486,4.078876972198486,0
2002-06-25,4.078876972198486,4.078876972198486,4.078876972198486,4.078876972198486,0
2002-06-26,4.095426559448242,4.095426559448242,4.095426559448242,4.095426559448242,0
2002-06-27,4.078876972198486,4.078876972198486,4.078876972198486,4.078876972198486,0
2002-06-28,4.075557708740234,4.075557708740234,4.075557708740234,4.075557708740234,0
2002-07-01,4.079711437225342,4.079711437225342,4.079711437225342,4.079711437225342,0
2002-07-02,4.088019847869873,4.088019847869873,4.088019847869873,4.088019847869873,0
2002-07-03,4.088019847869873,4.088019847869873,4.088019847869873,4.088019847869873,0
2002-07-05,4.071401596069336,4.071401596069336,4.071401596069336,4.071401596069336,0
2002-07-08,4.079711437225342,4.079711437225342,4.079711437225342,4.079711437225342,0
2002-07-09,4.0963263511657715,4.0963263511657715,4.0963263511657715,4.0963263511657715,0
2002-07-10,4.112946033477783,4.112946033477783,4.112946033477783,4.112946033477783,0
2002-07-11,4.1170973777771,4.1170973777771,4.1170973777771,4.1170973777771,0
2002-07-12,4.1170973777771,4.1170973777771,4.1170973777771,4.1170973777771,0
2002-07-15,4.112946033477783,4.112946033477783,4.112946033477783,4.112946033477783,0
2002-07-16,4.1004838943481445,4.1004838943481445,4.1004838943481445,4.1004838943481445,0
2002-07-17,4.108789443969727,4.108789443969727,4.108789443969727,4.108789443969727,0
2002-07-18,4.1170973777771,4.1170973777771,4.1170973777771,4.1170973777771,0
2002-07-19,4.1212544441223145,4.1212544441223145,4.1212544441223145,4.1212544441223145,0
2002-07-22,4.133715629577637,4.133715629577637,4.133715629577637,4.133715629577637,0
2002-07-23,4.137876987457275,4.137876987457275,4.137876987457275,4.137876987457275,0
2002-07-24,4.133715629577637,4.133715629577637,4.133715629577637,4.133715629577637,0
2002-07-25,4.133715629577637,4.133715629577637,4.133715629577637,4.133715629577637,0
2002-07-26,4.133715629577637,4.133715629577637,4.133715629577637,4.133715629577637,0
2002-07-29,4.104637622833252,4.104637622833252,4.104637622833252,4.104637622833252,0
2002-07-30,4.104637622833252,4.104637622833252,4.104637622833252,4.104637622833252,0
2002-07-31,4.125094413757324,4.125094413757324,4.125094413757324,4.125094413757324,0
2002-08-01,4.137618064880371,4.137618064880371,4.137618064880371,4.137618064880371,0
2002-08-02,4.158502578735352,4.158502578735352,4.158502578735352,4.158502578735352,0
2002-08-05,4.162672519683838,4.162672519683838,4.162672519683838,4.162672519683838,0
2002-08-06,4.137618064880371,4.137618064880371,4.137618064880371,4.137618064880371,0
2002-08-07,4.150144577026367,4.150144577026367,4.150144577026367,4.150144577026367,0
2002-08-08,4.1417951583862305,4.1417951583862305,4.1417951583862305,4.1417951583862305,0
2002-08-09,4.158502578735352,4.158502578735352,4.158502578735352,4.158502578735352,0
2002-08-12,4.162672519683838,4.162672519683838,4.162672519683838,4.162672519683838,0
2002-08-13,4.175196647644043,4.175196647644043,4.175196647644043,4.175196647644043,0
2002-08-14,4.179369926452637,4.179369926452637,4.179369926452637,4.179369926452637,0
2002-08-15,4.16684627532959,4.16684627532959,4.16684627532959,4.16684627532959,0
2002-08-16,4.145972728729248,4.145972728729248,4.145972728729248,4.145972728729248,0
2002-08-19,4.154318809509277,4.154318809509277,4.154318809509277,4.154318809509277,0
2002-08-20,4.179369926452637,4.179369926452637,4.179369926452637,4.179369926452637,0
2002-08-21,4.179369926452637,4.179369926452637,4.179369926452637,4.179369926452637,0
2002-08-22,4.16684627532959,4.16684627532959,4.16684627532959,4.16684627532959,0
2002-08-23,4.179369926452637,4.179369926452637,4.179369926452637,4.179369926452637,0
2002-08-26,4.183547496795654,4.183547496795654,4.183547496795654,4.183547496795654,0
2002-08-27,4.175196647644043,4.175196647644043,4.175196647644043,4.175196647644043,0
2002-08-28,4.183547496795654,4.183547496795654,4.183547496795654,4.183547496795654,0
2002-08-29,4.191897869110107,4.191897869110107,4.191897869110107,4.191897869110107,0
2002-08-30,4.1944146156311035,4.1944146156311035,4.1944146156311035,4.1944146156311035,0
2002-09-03,4.2195820808410645,4.2195820808410645,4.2195820808410645,4.2195820808410645,0
2002-09-04,4.223775863647461,4.223775863647461,4.223775863647461,4.223775863647461,0
2002-09-05,4.227967262268066,4.227967262268066,4.227967262268066,4.227967262268066,0
2002-09-06,4.206997394561768,4.206997394561768,4.206997394561768,4.206997394561768,0
2002-09-09,4.206997394561768,4.206997394561768,4.206997394561768,4.206997394561768,0
2002-09-10,4.215385437011719,4.215385437011719,4.215385437011719,4.215385437011719,0
2002-09-11,4.202803134918213,4.202803134918213,4.202803134918213,4.202803134918213,0
2002-09-12,4.2195820808410645,4.2195820808410645,4.2195820808410645,4.2195820808410645,0
2002-09-13,4.232165336608887,4.232165336608887,4.232165336608887,4.232165336608887,0
2002-09-16,4.236359119415283,4.236359119415283,4.236359119415283,4.236359119415283,0
2002-09-17,4.2405548095703125,4.2405548095703125,4.2405548095703125,4.2405548095703125,0
2002-09-18,4.2405548095703125,4.2405548095703125,4.2405548095703125,4.2405548095703125,0
2002-09-19,4.248940944671631,4.248940944671631,4.248940944671631,4.248940944671631,0
2002-09-20,4.244743824005127,4.244743824005127,4.244743824005127,4.244743824005127,0
2002-09-23,4.253133296966553,4.253133296966553,4.253133296966553,4.253133296966553,0
2002-09-24,4.257330894470215,4.257330894470215,4.257330894470215,4.257330894470215,0
2002-09-25,4.2405548095703125,4.2405548095703125,4.2405548095703125,4.2405548095703125,0
2002-09-26,4.2405548095703125,4.2405548095703125,4.2405548095703125,4.2405548095703125,0
2002-09-27,4.253133296966553,4.253133296966553,4.253133296966553,4.253133296966553,0
2002-09-30,4.262820720672607,4.262820720672607,4.262820720672607,4.262820720672607,0
2002-10-01,4.250190258026123,4.250190258026123,4.250190258026123,4.250190258026123,0
2002-10-02,4.254401206970215,4.254401206970215,4.254401206970215,4.254401206970215,0
2002-10-03,4.254401206970215,4.254401206970215,4.254401206970215,4.254401206970215,0
2002-10-04,4.250190258026123,4.250190258026123,4.250190258026123,4.250190258026123,0
2002-10-07,4.254401206970215,4.254401206970215,4.254401206970215,4.254401206970215,0
2002-10-08,4.245975971221924,4.245975971221924,4.245975971221924,4.245975971221924,0
2002-10-09,4.254401206970215,4.254401206970215,4.254401206970215,4.254401206970215,0
2002-10-10,4.241763591766357,4.241763591766357,4.241763591766357,4.241763591766357,0
2002-10-11,4.22491455078125,4.22491455078125,4.22491455078125,4.22491455078125,0
2002-10-14,4.229125022888184,4.229125022888184,4.229125022888184,4.229125022888184,0
2002-10-15,4.203852653503418,4.203852653503418,4.203852653503418,4.203852653503418,0
2002-10-16,4.195431709289551,4.195431709289551,4.195431709289551,4.195431709289551,0
2002-10-17,4.187002182006836,4.187002182006836,4.187002182006836,4.187002182006836,0
2002-10-18,4.182794094085693,4.182794094085693,4.182794094085693,4.182794094085693,0
2002-10-21,4.17436408996582,4.17436408996582,4.17436408996582,4.17436408996582,0
2002-10-22,4.17436408996582,4.17436408996582,4.17436408996582,4.17436408996582,0
2002-10-23,4.178579330444336,4.178579330444336,4.178579330444336,4.178579330444336,0
2002-10-24,4.1912126541137695,4.1912126541137695,4.1912126541137695,4.1912126541137695,0
2002-10-25,4.203852653503418,4.203852653503418,4.203852653503418,4.203852653503418,0
2002-10-28,4.212278366088867,4.212278366088867,4.212278366088867,4.212278366088867,0
2002-10-29,4.237552642822266,4.237552642822266,4.237552642822266,4.237552642822266,0
2002-10-30,4.233338832855225,4.233338832855225,4.233338832855225,4.233338832855225,0
2002-10-31,4.233760356903076,4.233760356903076,4.233760356903076,4.233760356903076,0
2002-11-01,4.225323677062988,4.225323677062988,4.225323677062988,4.225323677062988,0
2002-11-04,4.221111297607422,4.221111297607422,4.221111297607422,4.221111297607422,0
2002-11-05,4.221111297607422,4.221111297607422,4.221111297607422,4.221111297607422,0
2002-11-06,4.229543209075928,4.229543209075928,4.229543209075928,4.229543209075928,0
2002-11-07,4.254843235015869,4.254843235015869,4.254843235015869,4.254843235015869,0
2002-11-08,4.259062767028809,4.259062767028809,4.259062767028809,4.259062767028809,0
2002-11-11,4.259062767028809,4.259062767028809,4.259062767028809,4.259062767028809,0
2002-11-12,4.259062767028809,4.259062767028809,4.259062767028809,4.259062767028809,0
2002-11-13,4.263279914855957,4.263279914855957,4.263279914855957,4.263279914855957,0
2002-11-14,4.242194175720215,4.242194175720215,4.242194175720215,4.242194175720215,0
2002-11-15,4.242194175720215,4.242194175720215,4.242194175720215,4.242194175720215,0
2002-11-18,4.2506279945373535,4.2506279945373535,4.2506279945373535,4.2506279945373535,0
2002-11-19,4.254843235015869,4.254843235015869,4.254843235015869,4.254843235015869,0
2002-11-20,4.242194175720215,4.242194175720215,4.242194175720215,4.242194175720215,0
2002-11-21,4.233760356903076,4.233760356903076,4.233760356903076,4.233760356903076,0
2002-11-22,4.229543209075928,4.229543209075928,4.229543209075928,4.229543209075928,0
2002-11-25,4.233760356903076,4.233760356903076,4.233760356903076,4.233760356903076,0
2002-11-26,4.2506279945373535,4.2506279945373535,4.2506279945373535,4.2506279945373535,0
2002-11-27,4.225323677062988,4.225323677062988,4.225323677062988,4.225323677062988,0
2002-11-29,4.242690086364746,4.242690086364746,4.242690086364746,4.242690086364746,0
2002-12-02,4.234216213226318,4.234216213226318,4.234216213226318,4.234216213226318,0
2002-12-03,4.234216213226318,4.234216213226318,4.234216213226318,4.234216213226318,0
2002-12-04,4.242690086364746,4.242690086364746,4.242690086364746,4.242690086364746,0
2002-12-05,4.251154899597168,4.251154899597168,4.251154899597168,4.251154899597168,0
2002-12-06,4.259624004364014,4.259624004364014,4.259624004364014,4.259624004364014,0
2002-12-09,4.263854026794434,4.263854026794434,4.263854026794434,4.263854026794434,0
2002-12-10,4.263854026794434,4.263854026794434,4.263854026794434,4.263854026794434,0
2002-12-11,4.276561737060547,4.276561737060547,4.276561737060547,4.276561737060547,0
2002-12-12,4.2723259925842285,4.2723259925842285,4.2723259925842285,4.2723259925842285,0
2002-12-13,4.268090724945068,4.268090724945068,4.268090724945068,4.268090724945068,0
2002-12-16,4.259624004364014,4.259624004364014,4.259624004364014,4.259624004364014,0
2002-12-17,4.268090724945068,4.268090724945068,4.268090724945068,4.268090724945068,0
2002-12-18,4.276561737060547,4.276561737060547,4.276561737060547,4.276561737060547,0
2002-12-19,4.294452667236328,4.294452667236328,4.294452667236328,4.294452667236328,0
2002-12-20,4.294452667236328,4.294452667236328,4.294452667236328,4.294452667236328,0
2002-12-23,4.294452667236328,4.294452667236328,4.294452667236328,4.294452667236328,0
2002-12-24,4.298714637756348,4.298714637756348,4.298714637756348,4.298714637756348,0
2002-12-26,4.302975654602051,4.302975654602051,4.302975654602051,4.302975654602051,0
2002-12-27,4.320015907287598,4.320015907287598,4.320015907287598,4.320015907287598,0
2002-12-30,4.324277400970459,4.324277400970459,4.324277400970459,4.324277400970459,0
2002-12-31,4.320015907287598,4.320015907287598,4.320015907287598,4.320015907287598,0
2003-01-02,4.290189743041992,4.290189743041992,4.290189743041992,4.290189743041992,0
2003-01-03,4.290189743041992,4.290189743041992,4.290189743041992,4.290189743041992,0
2003-01-06,4.290189743041992,4.290189743041992,4.290189743041992,4.290189743041992,0
2003-01-07,4.298714637756348,4.298714637756348,4.298714637756348,4.298714637756348,0
2003-01-08,4.30723762512207,4.30723762512207,4.30723762512207,4.30723762512207,0
2003-01-09,4.281674385070801,4.281674385070801,4.281674385070801,4.281674385070801,0
2003-01-10,4.285933494567871,4.285933494567871,4.285933494567871,4.285933494567871,0
2003-01-13,4.290189743041992,4.290189743041992,4.290189743041992,4.290189743041992,0
2003-01-14,4.298714637756348,4.298714637756348,4.298714637756348,4.298714637756348,0
2003-01-15,4.298714637756348,4.298714637756348,4.298714637756348,4.298714637756348,0
2003-01-16,4.298714637756348,4.298714637756348,4.298714637756348,4.298714637756348,0
2003-01-17,4.30723762512207,4.30723762512207,4.30723762512207,4.30723762512207,0
2003-01-21,4.315758228302002,4.315758228302002,4.315758228302002,4.315758228302002,0
2003-01-22,4.324277400970459,4.324277400970459,4.324277400970459,4.324277400970459,0
2003-01-23,4.320015907287598,4.320015907287598,4.320015907287598,4.320015907287598,0
2003-01-24,4.328536510467529,4.328536510467529,4.328536510467529,4.328536510467529,0
2003-01-27,4.320015907287598,4.320015907287598,4.320015907287598,4.320015907287598,0
2003-01-28,4.320015907287598,4.320015907287598,4.320015907287598,4.320015907287598,0
2003-01-29,4.311497688293457,4.311497688293457,4.311497688293457,4.311497688293457,0
2003-01-30,4.320015907287598,4.320015907287598,4.320015907287598,4.320015907287598,0
2003-01-31,4.322158336639404,4.322158336639404,4.322158336639404,4.322158336639404,0
2003-02-03,4.322158336639404,4.322158336639404,4.322158336639404,4.322158336639404,0
2003-02-04,4.330713272094727,4.330713272094727,4.330713272094727,4.330713272094727,0
2003-02-05,4.322158336639404,4.322158336639404,4.322158336639404,4.322158336639404,0
2003-02-06,4.334995269775391,4.334995269775391,4.334995269775391,4.334995269775391,0
2003-02-07,4.339273929595947,4.339273929595947,4.339273929595947,4.339273929595947,0
2003-02-10,4.330713272094727,4.330713272094727,4.330713272094727,4.330713272094727,0
2003-02-11,4.334995269775391,4.334995269775391,4.334995269775391,4.334995269775391,0
2003-02-12,4.339273929595947,4.339273929595947,4.339273929595947,4.339273929595947,0
2003-02-13,4.347830295562744,4.347830295562744,4.347830295562744,4.347830295562744,0
2003-02-14,4.334995269775391,4.334995269775391,4.334995269775391,4.334995269775391,0
2003-02-18,4.339273929595947,4.339273929595947,4.339273929595947,4.339273929595947,0
2003-02-19,4.352113723754883,4.352113723754883,4.352113723754883,4.352113723754883,0
2003-02-20,4.356392860412598,4.356392860412598,4.356392860412598,4.356392860412598,0
2003-02-21,4.352113723754883,4.352113723754883,4.352113723754883,4.352113723754883,0
2003-02-24,4.360671043395996,4.360671043395996,4.360671043395996,4.360671043395996,0
2003-02-25,4.36495304107666,4.36495304107666,4.36495304107666,4.36495304107666,0
2003-02-26,4.369231700897217,4.369231700897217,4.369231700897217,4.369231700897217,0
2003-02-27,4.373509883880615,4.373509883880615,4.373509883880615,4.373509883880615,0
2003-02-28,4.3859686851501465,4.3859686851501465,4.3859686851501465,4.3859686851501465,0
2003-03-03,4.390262603759766,4.390262603759766,4.390262603759766,4.390262603759766,0
2003-03-04,4.394558429718018,4.394558429718018,4.394558429718018,4.394558429718018,0
2003-03-05,4.398850440979004,4.398850440979004,4.398850440979004,4.398850440979004,0
2003-03-06,4.394558429718018,4.394558429718018,4.394558429718018,4.394558429718018,0
2003-03-07,4.398850440979004,4.398850440979004,4.398850440979004,4.398850440979004,0
2003-03-10,4.403146266937256,4.403146266937256,4.403146266937256,4.403146266937256,0
2003-03-11,4.398850440979004,4.398850440979004,4.398850440979004,4.398850440979004,0
2003-03-12,4.394558429718018,4.394558429718018,4.394558429718018,4.394558429718018,0
2003-03-13,4.373080730438232,4.373080730438232,4.373080730438232,4.373080730438232,0
2003-03-14,4.381673812866211,4.381673812866211,4.381673812866211,4.381673812866211,0
2003-03-17,4.364488124847412,4.364488124847412,4.364488124847412,4.364488124847412,0
2003-03-18,4.351598262786865,4.351598262786865,4.351598262786865,4.351598262786865,0
2003-03-19,4.343008518218994,4.343008518218994,4.343008518218994,4.343008518218994,0
2003-03-20,4.338715553283691,4.338715553283691,4.338715553283691,4.338715553283691,0
2003-03-21,4.3258233070373535,4.3258233070373535,4.3258233070373535,4.3258233070373535,0
2003-03-24,4.347304821014404,4.347304821014404,4.347304821014404,4.347304821014404,0
2003-03-25,4.351598262786865,4.351598262786865,4.351598262786865,4.351598262786865,0
2003-03-26,4.355894565582275,4.355894565582275,4.355894565582275,4.355894565582275,0
2003-03-27,4.36019229888916,4.36019229888916,4.36019229888916,4.36019229888916,0
2003-03-28,4.368783473968506,4.368783473968506,4.368783473968506,4.368783473968506,0
2003-03-31,4.379138946533203,4.379138946533203,4.379138946533203,4.379138946533203,0
2003-04-01,4.383453845977783,4.383453845977783,4.383453845977783,4.383453845977783,0
2003-04-02,4.366194725036621,4.366194725036621,4.366194725036621,4.366194725036621,0
2003-04-03,4.370511054992676,4.370511054992676,4.370511054992676,4.370511054992676,0
2003-04-04,4.366194725036621,4.366194725036621,4.366194725036621,4.366194725036621,0
2003-04-07,4.357567310333252,4.357567310333252,4.357567310333252,4.357567310333252,0
2003-04-08,4.370511054992676,4.370511054992676,4.370511054992676,4.370511054992676,0
2003-04-09,4.379138946533203,4.379138946533203,4.379138946533203,4.379138946533203,0
2003-04-10,4.370511054992676,4.370511054992676,4.370511054992676,4.370511054992676,0
2003-04-11,4.366194725036621,4.366194725036621,4.366194725036621,4.366194725036621,0
2003-04-14,4.361881732940674,4.361881732940674,4.361881732940674,4.361881732940674,0
2003-04-15,4.370511054992676,4.370511054992676,4.370511054992676,4.370511054992676,0
2003-04-16,4.379138946533203,4.379138946533203,4.379138946533203,4.379138946533203,0
2003-04-17,4.379138946533203,4.379138946533203,4.379138946533203,4.379138946533203,0
2003-04-21,4.379138946533203,4.379138946533203,4.379138946533203,4.379138946533203,0
2003-04-22,4.379138946533203,4.379138946533203,4.379138946533203,4.379138946533203,0
2003-04-23,4.383453845977783,4.383453845977783,4.383453845977783,4.383453845977783,0
2003-04-24,4.400710105895996,4.400710105895996,4.400710105895996,4.400710105895996,0
2003-04-25,4.405027389526367,4.405027389526367,4.405027389526367,4.405027389526367,0
2003-04-28,4.405027389526367,4.405027389526367,4.405027389526367,4.405027389526367,0
2003-04-29,4.400710105895996,4.400710105895996,4.400710105895996,4.400710105895996,0
2003-04-30,4.416749954223633,4.416749954223633,4.416749954223633,4.416749954223633,0
2003-05-01,4.416749954223633,4.416749954223633,4.416749954223633,4.416749954223633,0
2003-05-02,4.412413120269775,4.412413120269775,4.412413120269775,4.412413120269775,0
2003-05-05,4.416749954223633,4.416749954223633,4.416749954223633,4.416749954223633,0
2003-05-06,4.434084415435791,4.434084415435791,4.434084415435791,4.434084415435791,0
2003-05-07,4.447089672088623,4.447089672088623,4.447089672088623,4.447089672088623,0
2003-05-08,4.447089672088623,4.447089672088623,4.447089672088623,4.447089672088623,0
2003-05-09,4.447089672088623,4.447089672088623,4.447089672088623,4.447089672088623,0
2003-05-12,4.451421737670898,4.451421737670898,4.451421737670898,4.451421737670898,0
2003-05-13,4.455756664276123,4.455756664276123,4.455756664276123,4.455756664276123,0
2003-05-14,4.468760013580322,4.468760013580322,4.468760013580322,4.468760013580322,0
2003-05-15,4.464424133300781,4.464424133300781,4.464424133300781,4.464424133300781,0
2003-05-16,4.477428436279297,4.477428436279297,4.477428436279297,4.477428436279297,0
2003-05-19,4.481764793395996,4.481764793395996,4.481764793395996,4.481764793395996,0
2003-05-20,4.490429878234863,4.490429878234863,4.490429878234863,4.490429878234863,0
2003-05-21,4.486101150512695,4.486101150512695,4.486101150512695,4.486101150512695,0
2003-05-22,4.4947662353515625,4.4947662353515625,4.4947662353515625,4.4947662353515625,0
2003-05-23,4.4947662353515625,4.4947662353515625,4.4947662353515625,4.4947662353515625,0
2003-05-27,4.490429878234863,4.490429878234863,4.490429878234863,4.490429878234863,0
2003-05-28,4.486101150512695,4.486101150512695,4.486101150512695,4.486101150512695,0
2003-05-29,4.499100208282471,4.499100208282471,4.499100208282471,4.499100208282471,0
2003-05-30,4.499972820281982,4.499972820281982,4.499972820281982,4.499972820281982,0
2003-06-02,4.486915588378906,4.486915588378906,4.486915588378906,4.486915588378906,0
2003-06-03,4.504324913024902,4.504324913024902,4.504324913024902,4.504324913024902,0
2003-06-04,4.508674144744873,4.508674144744873,4.508674144744873,4.508674144744873,0
2003-06-05,4.504324913024902,4.504324913024902,4.504324913024902,4.504324913024902,0
2003-06-06,4.504324913024902,4.504324913024902,4.504324913024902,4.504324913024902,0
2003-06-09,4.513027667999268,4.513027667999268,4.513027667999268,4.513027667999268,0
2003-06-10,4.53043270111084,4.53043270111084,4.53043270111084,4.53043270111084,0
2003-06-11,4.526086330413818,4.526086330413818,4.526086330413818,4.526086330413818,0
2003-06-12,4.534786224365234,4.534786224365234,4.534786224365234,4.534786224365234,0
2003-06-13,4.543490409851074,4.543490409851074,4.543490409851074,4.543490409851074,0
2003-06-16,4.534786224365234,4.534786224365234,4.534786224365234,4.534786224365234,0
2003-06-17,4.517380237579346,4.517380237579346,4.517380237579346,4.517380237579346,0
2003-06-18,4.508674144744873,4.508674144744873,4.508674144744873,4.508674144744873,0
2003-06-19,4.513027667999268,4.513027667999268,4.513027667999268,4.513027667999268,0
2003-06-20,4.504324913024902,4.504324913024902,4.504324913024902,4.504324913024902,0
2003-06-23,4.517380237579346,4.517380237579346,4.517380237579346,4.517380237579346,0
2003-06-24,4.526086330413818,4.526086330413818,4.526086330413818,4.526086330413818,0
2003-06-25,4.508674144744873,4.508674144744873,4.508674144744873,4.508674144744873,0
2003-06-26,4.482563018798828,4.482563018798828,4.482563018798828,4.482563018798828,0
2003-06-27,4.478213310241699,4.478213310241699,4.478213310241699,4.478213310241699,0
2003-06-30,4.489564895629883,4.489564895629883,4.489564895629883,4.489564895629883,0
2003-07-01,4.485198497772217,4.485198497772217,4.485198497772217,4.485198497772217,0
2003-07-02,4.489564895629883,4.489564895629883,4.489564895629883,4.489564895629883,0
2003-07-03,4.472097396850586,4.472097396850586,4.472097396850586,4.472097396850586,0
2003-07-07,4.467727184295654,4.467727184295654,4.467727184295654,4.467727184295654,0
2003-07-08,4.463360786437988,4.463360786437988,4.463360786437988,4.463360786437988,0
2003-07-09,4.463360786437988,4.463360786437988,4.463360786437988,4.463360786437988,0
2003-07-10,4.472097396850586,4.472097396850586,4.472097396850586,4.472097396850586,0
2003-07-11,4.476467609405518,4.476467609405518,4.476467609405518,4.476467609405518,0
2003-07-14,4.467727184295654,4.467727184295654,4.467727184295654,4.467727184295654,0
2003-07-15,4.437158584594727,4.437158584594727,4.437158584594727,4.437158584594727,0
2003-07-16,4.4327921867370605,4.4327921867370605,4.4327921867370605,4.4327921867370605,0
2003-07-17,4.4327921867370605,4.4327921867370605,4.4327921867370605,4.4327921867370605,0
2003-07-18,4.4284281730651855,4.4284281730651855,4.4284281730651855,4.4284281730651855,0
2003-07-21,4.397852420806885,4.397852420806885,4.397852420806885,4.397852420806885,0
2003-07-22,4.402221202850342,4.402221202850342,4.402221202850342,4.402221202850342,0
2003-07-23,4.410955905914307,4.410955905914307,4.410955905914307,4.410955905914307,0
2003-07-24,4.406589984893799,4.406589984893799,4.406589984893799,4.406589984893799,0
2003-07-25,4.402221202850342,4.402221202850342,4.402221202850342,4.402221202850342,0
2003-07-28,4.384748935699463,4.384748935699463,4.384748935699463,4.384748935699463,0
2003-07-29,4.362918376922607,4.362918376922607,4.362918376922607,4.362918376922607,0
2003-07-30,4.371649265289307,4.371649265289307,4.371649265289307,4.371649265289307,0
2003-07-31,4.334794044494629,4.334794044494629,4.334794044494629,4.334794044494629,0
2003-08-01,4.334794044494629,4.334794044494629,4.334794044494629,4.334794044494629,0
2003-08-04,4.352346897125244,4.352346897125244,4.352346897125244,4.352346897125244,0
2003-08-05,4.334794044494629,4.334794044494629,4.334794044494629,4.334794044494629,0
2003-08-06,4.3698954582214355,4.3698954582214355,4.3698954582214355,4.3698954582214355,0
2003-08-07,4.383057117462158,4.383057117462158,4.383057117462158,4.383057117462158,0
2003-08-08,4.378667831420898,4.378667831420898,4.378667831420898,4.378667831420898,0
2003-08-11,4.365508079528809,4.365508079528809,4.365508079528809,4.365508079528809,0
2003-08-12,4.3698954582214355,4.3698954582214355,4.3698954582214355,4.3698954582214355,0
2003-08-13,4.330409526824951,4.330409526824951,4.330409526824951,4.330409526824951,0
2003-08-14,4.326019287109375,4.326019287109375,4.326019287109375,4.326019287109375,0
2003-08-15,4.334794044494629,4.334794044494629,4.334794044494629,4.334794044494629,0
2003-08-18,4.347955226898193,4.347955226898193,4.347955226898193,4.347955226898193,0
2003-08-19,4.3698954582214355,4.3698954582214355,4.3698954582214355,4.3698954582214355,0
2003-08-20,4.361118793487549,4.361118793487549,4.361118793487549,4.361118793487549,0
2003-08-21,4.34357213973999,4.34357213973999,4.34357213973999,4.34357213973999,0
2003-08-22,4.352346897125244,4.352346897125244,4.352346897125244,4.352346897125244,0
2003-08-25,4.34357213973999,4.34357213973999,4.34357213973999,4.34357213973999,0
2003-08-26,4.352346897125244,4.352346897125244,4.352346897125244,4.352346897125244,0
2003-08-27,4.34357213973999,4.34357213973999,4.34357213973999,4.34357213973999,0
2003-08-28,4.365508079528809,4.365508079528809,4.365508079528809,4.365508079528809,0
2003-08-29,4.361101150512695,4.361101150512695,4.361101150512695,4.361101150512695,0
2003-09-02,4.334671974182129,4.334671974182129,4.334671974182129,4.334671974182129,0
2003-09-03,4.339074611663818,4.339074611663818,4.339074611663818,4.339074611663818,0
2003-09-04,4.356697082519531,4.356697082519531,4.356697082519531,4.356697082519531,0
2003-09-05,4.3919358253479,4.3919358253479,4.3919358253479,4.3919358253479,0
2003-09-08,4.387534141540527,4.387534141540527,4.387534141540527,4.387534141540527,0
2003-09-09,4.3919358253479,4.3919358253479,4.3919358253479,4.3919358253479,0
2003-09-10,4.40955924987793,4.40955924987793,4.40955924987793,4.40955924987793,0
2003-09-11,4.400747776031494,4.400747776031494,4.400747776031494,4.400747776031494,0
2003-09-12,4.413961410522461,4.413961410522461,4.413961410522461,4.413961410522461,0
2003-09-15,4.418370723724365,4.418370723724365,4.418370723724365,4.418370723724365,0
2003-09-16,4.413961410522461,4.413961410522461,4.413961410522461,4.413961410522461,0
2003-09-17,4.431585788726807,4.431585788726807,4.431585788726807,4.431585788726807,0
2003-09-18,4.431585788726807,4.431585788726807,4.431585788726807,4.431585788726807,0
2003-09-19,4.431585788726807,4.431585788726807,4.431585788726807,4.431585788726807,0
2003-09-22,4.422768592834473,4.422768592834473,4.422768592834473,4.422768592834473,0
2003-09-23,4.431585788726807,4.431585788726807,4.431585788726807,4.431585788726807,0
2003-09-24,4.4448041915893555,4.4448041915893555,4.4448041915893555,4.4448041915893555,0
2003-09-25,4.44920539855957,4.44920539855957,4.44920539855957,4.44920539855957,0
2003-09-26,4.466827869415283,4.466827869415283,4.466827869415283,4.466827869415283,0
2003-09-29,4.458011627197266,4.458011627197266,4.458011627197266,4.458011627197266,0
2003-09-30,4.477479934692383,4.477479934692383,4.477479934692383,4.477479934692383,0
2003-10-01,4.477479934692383,4.477479934692383,4.477479934692383,4.477479934692383,0
2003-10-02,4.468632698059082,4.468632698059082,4.468632698059082,4.468632698059082,0
2003-10-03,4.4332356452941895,4.4332356452941895,4.4332356452941895,4.4332356452941895,0
2003-10-06,4.4420881271362305,4.4420881271362305,4.4420881271362305,4.4420881271362305,0
2003-10-07,4.428812503814697,4.428812503814697,4.428812503814697,4.428812503814697,0
2003-10-08,4.428812503814697,4.428812503814697,4.428812503814697,4.428812503814697,0
2003-10-09,4.419968605041504,4.419968605041504,4.419968605041504,4.419968605041504,0
2003-10-10,4.4332356452941895,4.4332356452941895,4.4332356452941895,4.4332356452941895,0
2003-10-13,4.4332356452941895,4.4332356452941895,4.4332356452941895,4.4332356452941895,0
2003-10-14,4.415539741516113,4.415539741516113,4.415539741516113,4.415539741516113,0
2003-10-15,4.41111421585083,4.41111421585083,4.41111421585083,4.41111421585083,0
2003-10-16,4.397843837738037,4.397843837738037,4.397843837738037,4.397843837738037,0
2003-10-17,4.4066925048828125,4.4066925048828125,4.4066925048828125,4.4066925048828125,0
2003-10-20,4.41111421585083,4.41111421585083,4.41111421585083,4.41111421585083,0
2003-10-21,4.415539741516113,4.415539741516113,4.415539741516113,4.415539741516113,0
2003-10-22,4.428812503814697,4.428812503814697,4.428812503814697,4.428812503814697,0
2003-10-23,4.424388885498047,4.424388885498047,4.424388885498047,4.424388885498047,0
2003-10-24,4.4420881271362305,4.4420881271362305,4.4420881271362305,4.4420881271362305,0
2003-10-27,4.43766450881958,4.43766450881958,4.43766450881958,4.43766450881958,0
2003-10-28,4.450937747955322,4.450937747955322,4.450937747955322,4.450937747955322,0
2003-10-29,4.43766450881958,4.43766450881958,4.43766450881958,4.43766450881958,0
2003-10-30,4.428812503814697,4.428812503814697,4.428812503814697,4.428812503814697,0
2003-10-31,4.4345879554748535,4.4345879554748535,4.4345879554748535,4.4345879554748535,0
2003-11-03,4.425707817077637,4.425707817077637,4.425707817077637,4.425707817077637,0
2003-11-04,4.4345879554748535,4.4345879554748535,4.4345879554748535,4.4345879554748535,0
2003-11-05,4.425707817077637,4.425707817077637,4.425707817077637,4.425707817077637,0
2003-11-06,4.41237211227417,4.41237211227417,4.41237211227417,4.41237211227417,0
2003-11-07,4.407931327819824,4.407931327819824,4.407931327819824,4.407931327819824,0
2003-11-10,4.407931327819824,4.407931327819824,4.407931327819824,4.407931327819824,0
2003-11-11,4.407931327819824,4.407931327819824,4.407931327819824,4.407931327819824,0
2003-11-12,4.421262741088867,4.421262741088867,4.421262741088867,4.421262741088867,0
2003-11-13,4.44791841506958,4.44791841506958,4.44791841506958,4.44791841506958,0
2003-11-14,4.461251258850098,4.461251258850098,4.461251258850098,4.461251258850098,0
2003-11-17,4.470139026641846,4.470139026641846,4.470139026641846,4.470139026641846,0
2003-11-18,4.474582672119141,4.474582672119141,4.474582672119141,4.474582672119141,0
2003-11-19,4.461251258850098,4.461251258850098,4.461251258850098,4.461251258850098,0
2003-11-20,4.470139026641846,4.470139026641846,4.470139026641846,4.470139026641846,0
2003-11-21,4.474582672119141,4.474582672119141,4.474582672119141,4.474582672119141,0
2003-11-24,4.461251258850098,4.461251258850098,4.461251258850098,4.461251258850098,0
2003-11-25,4.465697765350342,4.465697765350342,4.465697765350342,4.465697765350342,0
2003-11-26,4.4568095207214355,4.4568095207214355,4.4568095207214355,4.4568095207214355,0
2003-11-28,4.441645622253418,4.441645622253418,4.441645622253418,4.441645622253418,0
2003-12-01,4.441645622253418,4.441645622253418,4.441645622253418,4.441645622253418,0
2003-12-02,4.437183380126953,4.437183380126953,4.437183380126953,4.437183380126953,0
2003-12-03,4.432727336883545,4.432727336883545,4.432727336883545,4.432727336883545,0
2003-12-04,4.441645622253418,4.441645622253418,4.441645622253418,4.441645622253418,0
2003-12-05,4.477324962615967,4.477324962615967,4.477324962615967,4.477324962615967,0
2003-12-08,4.463944911956787,4.463944911956787,4.463944911956787,4.463944911956787,0
2003-12-09,4.450563907623291,4.450563907623291,4.450563907623291,4.450563907623291,0
2003-12-10,4.459485054016113,4.459485054016113,4.459485054016113,4.459485054016113,0
2003-12-11,4.477324962615967,4.477324962615967,4.477324962615967,4.477324962615967,0
2003-12-12,4.477324962615967,4.477324962615967,4.477324962615967,4.477324962615967,0
2003-12-15,4.472861289978027,4.472861289978027,4.472861289978027,4.472861289978027,0
2003-12-16,4.481783390045166,4.481783390045166,4.481783390045166,4.481783390045166,0
2003-12-17,4.4893975257873535,4.4893975257873535,4.4893975257873535,4.4893975257873535,0
2003-12-18,4.498356342315674,4.498356342315674,4.498356342315674,4.498356342315674,0
2003-12-19,4.502842426300049,4.502842426300049,4.502842426300049,4.502842426300049,0
2003-12-22,4.493879318237305,4.493879318237305,4.493879318237305,4.493879318237305,0
2003-12-23,4.475958347320557,4.475958347320557,4.475958347320557,4.475958347320557,0
2003-12-24,4.4893975257873535,4.4893975257873535,4.4893975257873535,4.4893975257873535,0
2003-12-26,4.498356342315674,4.498356342315674,4.498356342315674,4.498356342315674,0
2003-12-29,4.4893975257873535,4.4893975257873535,4.4893975257873535,4.4893975257873535,0
2003-12-30,4.484922885894775,4.484922885894775,4.484922885894775,4.484922885894775,0
2003-12-31,4.4893975257873535,4.4893975257873535,4.4893975257873535,4.4893975257873535,0
2004-01-02,4.4714741706848145,4.4714741706848145,4.4714741706848145,4.4714741706848145,0
2004-01-05,4.4714741706848145,4.4714741706848145,4.4714741706848145,4.4714741706848145,0
2004-01-06,4.493879318237305,4.493879318237305,4.493879318237305,4.493879318237305,0
2004-01-07,4.498356342315674,4.498356342315674,4.498356342315674,4.498356342315674,0
2004-01-08,4.498356342315674,4.498356342315674,4.498356342315674,4.498356342315674,0
2004-01-09,4.529720306396484,4.529720306396484,4.529720306396484,4.529720306396484,0
2004-01-12,4.529720306396484,4.529720306396484,4.529720306396484,4.529720306396484,0
2004-01-13,4.538684844970703,4.538684844970703,4.538684844970703,4.538684844970703,0
2004-01-14,4.54764461517334,4.54764461517334,4.54764461517334,4.54764461517334,0
2004-01-15,4.54764461517334,4.54764461517334,4.54764461517334,4.54764461517334,0
2004-01-16,4.5431647300720215,4.5431647300720215,4.5431647300720215,4.5431647300720215,0
2004-01-20,4.538684844970703,4.538684844970703,4.538684844970703,4.538684844970703,0
2004-01-21,4.5431647300720215,4.5431647300720215,4.5431647300720215,4.5431647300720215,0
2004-01-22,4.552123546600342,4.552123546600342,4.552123546600342,4.552123546600342,0
2004-01-23,4.538684844970703,4.538684844970703,4.538684844970703,4.538684844970703,0
2004-01-26,4.525240898132324,4.525240898132324,4.525240898132324,4.525240898132324,0
2004-01-27,4.534200191497803,4.534200191497803,4.534200191497803,4.534200191497803,0
2004-01-28,4.5117950439453125,4.5117950439453125,4.5117950439453125,4.5117950439453125,0
2004-01-29,4.5117950439453125,4.5117950439453125,4.5117950439453125,4.5117950439453125,0
2004-01-30,4.523941993713379,4.523941993713379,4.523941993713379,4.523941993713379,0
2004-02-02,4.523941993713379,4.523941993713379,4.523941993713379,4.523941993713379,0
2004-02-03,4.5329365730285645,4.5329365730285645,4.5329365730285645,4.5329365730285645,0
2004-02-04,4.528433799743652,4.528433799743652,4.528433799743652,4.528433799743652,0
2004-02-05,4.519447326660156,4.519447326660156,4.519447326660156,4.519447326660156,0
2004-02-06,4.5374345779418945,4.5374345779418945,4.5374345779418945,4.5374345779418945,0
2004-02-09,4.546426773071289,4.546426773071289,4.546426773071289,4.546426773071289,0
2004-02-10,4.5374345779418945,4.5374345779418945,4.5374345779418945,4.5374345779418945,0
2004-02-11,4.555423736572266,4.555423736572266,4.555423736572266,4.555423736572266,0
2004-02-12,4.5509209632873535,4.5509209632873535,4.5509209632873535,4.5509209632873535,0
2004-02-13,4.555423736572266,4.555423736572266,4.555423736572266,4.555423736572266,0
2004-02-17,4.555423736572266,4.555423736572266,4.555423736572266,4.555423736572266,0
2004-02-18,4.555423736572266,4.555423736572266,4.555423736572266,4.555423736572266,0
2004-02-19,4.559919357299805,4.559919357299805,4.559919357299805,4.559919357299805,0
2004-02-20,4.546426773071289,4.546426773071289,4.546426773071289,4.546426773071289,0
2004-02-23,4.559919357299805,4.559919357299805,4.559919357299805,4.559919357299805,0
2004-02-24,4.559919357299805,4.559919357299805,4.559919357299805,4.559919357299805,0
2004-02-25,4.564416885375977,4.564416885375977,4.564416885375977,4.564416885375977,0
2004-02-26,4.559919357299805,4.559919357299805,4.559919357299805,4.559919357299805,0
2004-02-27,4.571202278137207,4.571202278137207,4.571202278137207,4.571202278137207,0
2004-03-01,4.571202278137207,4.571202278137207,4.571202278137207,4.571202278137207,0
2004-03-02,4.5621724128723145,4.5621724128723145,4.5621724128723145,4.5621724128723145,0
2004-03-03,4.5621724128723145,4.5621724128723145,4.5621724128723145,4.5621724128723145,0
2004-03-04,4.566685676574707,4.566685676574707,4.566685676574707,4.566685676574707,0
2004-03-05,4.60278844833374,4.60278844833374,4.60278844833374,4.60278844833374,0
2004-03-08,4.611813545227051,4.611813545227051,4.611813545227051,4.611813545227051,0
2004-03-09,4.6208391189575195,4.6208391189575195,4.6208391189575195,4.6208391189575195,0
2004-03-10,4.6208391189575195,4.6208391189575195,4.6208391189575195,4.6208391189575195,0
2004-03-11,4.61632776260376,4.61632776260376,4.61632776260376,4.61632776260376,0
2004-03-12,4.61632776260376,4.61632776260376,4.61632776260376,4.61632776260376,0
2004-03-15,4.611813545227051,4.611813545227051,4.611813545227051,4.611813545227051,0
2004-03-16,4.629861831665039,4.629861831665039,4.629861831665039,4.629861831665039,0
2004-03-17,4.629861831665039,4.629861831665039,4.629861831665039,4.629861831665039,0
2004-03-18,4.61632776260376,4.61632776260376,4.61632776260376,4.61632776260376,0
2004-03-19,4.611813545227051,4.611813545227051,4.611813545227051,4.611813545227051,0
2004-03-22,4.625349044799805,4.625349044799805,4.625349044799805,4.625349044799805,0
2004-03-23,4.625349044799805,4.625349044799805,4.625349044799805,4.625349044799805,0
2004-03-24,4.625349044799805,4.625349044799805,4.625349044799805,4.625349044799805,0
2004-03-25,4.625349044799805,4.625349044799805,4.625349044799805,4.625349044799805,0
2004-03-26,4.607300281524658,4.607300281524658,4.607300281524658,4.607300281524658,0
2004-03-29,4.598273277282715,4.598273277282715,4.598273277282715,4.598273277282715,0
2004-03-30,4.598273277282715,4.598273277282715,4.598273277282715,4.598273277282715,0
2004-03-31,4.607798099517822,4.607798099517822,4.607798099517822,4.607798099517822,0
2004-04-01,4.598728179931641,4.598728179931641,4.598728179931641,4.598728179931641,0
2004-04-02,4.553372383117676,4.553372383117676,4.553372383117676,4.553372383117676,0
2004-04-05,4.539768695831299,4.539768695831299,4.539768695831299,4.539768695831299,0
2004-04-06,4.5488386154174805,4.5488386154174805,4.5488386154174805,4.5488386154174805,0
2004-04-07,4.553372383117676,4.553372383117676,4.553372383117676,4.553372383117676,0
2004-04-08,4.5488386154174805,4.5488386154174805,4.5488386154174805,4.5488386154174805,0
2004-04-12,4.544302463531494,4.544302463531494,4.544302463531494,4.544302463531494,0
2004-04-13,4.521627902984619,4.521627902984619,4.521627902984619,4.521627902984619,0
2004-04-14,4.5125555992126465,4.5125555992126465,4.5125555992126465,4.5125555992126465,0
2004-04-15,4.508020877838135,4.508020877838135,4.508020877838135,4.508020877838135,0
2004-04-16,4.521627902984619,4.521627902984619,4.521627902984619,4.521627902984619,0
2004-04-19,4.517093658447266,4.517093658447266,4.517093658447266,4.517093658447266,0
2004-04-20,4.5125555992126465,4.5125555992126465,4.5125555992126465,4.5125555992126465,0
2004-04-21,4.503486633300781,4.503486633300781,4.503486633300781,4.503486633300781,0
2004-04-22,4.517093658447266,4.517093658447266,4.517093658447266,4.517093658447266,0
2004-04-23,4.4989542961120605,4.4989542961120605,4.4989542961120605,4.4989542961120605,0
2004-04-26,4.503486633300781,4.503486633300781,4.503486633300781,4.503486633300781,0
2004-04-27,4.508020877838135,4.508020877838135,4.508020877838135,4.508020877838135,0
2004-04-28,4.49441385269165,4.49441385269165,4.49441385269165,4.49441385269165,0
2004-04-29,4.480806827545166,4.480806827545166,4.480806827545166,4.480806827545166,0
2004-04-30,4.48991584777832,4.48991584777832,4.48991584777832,4.48991584777832,0
2004-05-03,4.48991584777832,4.48991584777832,4.48991584777832,4.48991584777832,0
2004-05-04,4.480808258056641,4.480808258056641,4.480808258056641,4.480808258056641,0
2004-05-05,4.471704959869385,4.471704959869385,4.471704959869385,4.471704959869385,0
2004-05-06,4.462594985961914,4.462594985961914,4.462594985961914,4.462594985961914,0
2004-05-07,4.421612739562988,4.421612739562988,4.421612739562988,4.421612739562988,0
2004-05-10,4.426169395446777,4.426169395446777,4.426169395446777,4.426169395446777,0
2004-05-11,4.430717945098877,4.430717945098877,4.430717945098877,4.430717945098877,0
2004-05-12,4.430717945098877,4.430717945098877,4.430717945098877,4.430717945098877,0
2004-05-13,4.412508964538574,4.412508964538574,4.412508964538574,4.412508964538574,0
2004-05-14,4.430717945098877,4.430717945098877,4.430717945098877,4.430717945098877,0
2004-05-17,4.448936939239502,4.448936939239502,4.448936939239502,4.448936939239502,0
2004-05-18,4.444382667541504,4.444382667541504,4.444382667541504,4.444382667541504,0
2004-05-19,4.435272216796875,4.435272216796875,4.435272216796875,4.435272216796875,0
2004-05-20,4.448936939239502,4.448936939239502,4.448936939239502,4.448936939239502,0
2004-05-21,4.439826965332031,4.439826965332031,4.439826965332031,4.439826965332031,0
2004-05-24,4.444382667541504,4.444382667541504,4.444382667541504,4.444382667541504,0
2004-05-25,4.448936939239502,4.448936939239502,4.448936939239502,4.448936939239502,0
2004-05-26,4.462594985961914,4.462594985961914,4.462594985961914,4.462594985961914,0
2004-05-27,4.480808258056641,4.480808258056641,4.480808258056641,4.480808258056641,0
2004-05-28,4.467106819152832,4.467106819152832,4.467106819152832,4.467106819152832,0
2004-06-01,4.457973480224609,4.457973480224609,4.457973480224609,4.457973480224609,0
2004-06-02,4.453403949737549,4.453403949737549,4.453403949737549,4.453403949737549,0
2004-06-03,4.453403949737549,4.453403949737549,4.453403949737549,4.453403949737549,0
2004-06-04,4.444267749786377,4.444267749786377,4.444267749786377,4.444267749786377,0
2004-06-07,4.448835849761963,4.448835849761963,4.448835849761963,4.448835849761963,0
2004-06-08,4.448835849761963,4.448835849761963,4.448835849761963,4.448835849761963,0
2004-06-09,4.439704418182373,4.439704418182373,4.439704418182373,4.439704418182373,0
2004-06-10,4.444267749786377,4.444267749786377,4.444267749786377,4.444267749786377,0
2004-06-14,4.426002025604248,4.426002025604248,4.426002025604248,4.426002025604248,0
2004-06-15,4.467106819152832,4.467106819152832,4.467106819152832,4.467106819152832,0
2004-06-16,4.457973480224609,4.457973480224609,4.457973480224609,4.457973480224609,0
2004-06-17,4.467106819152832,4.467106819152832,4.467106819152832,4.467106819152832,0
2004-06-18,4.467106819152832,4.467106819152832,4.467106819152832,4.467106819152832,0
2004-06-21,4.47167444229126,4.47167444229126,4.47167444229126,4.47167444229126,0
2004-06-22,4.467106819152832,4.467106819152832,4.467106819152832,4.467106819152832,0
2004-06-23,4.47167444229126,4.47167444229126,4.47167444229126,4.47167444229126,0
2004-06-24,4.480810642242432,4.480810642242432,4.480810642242432,4.480810642242432,0
2004-06-25,4.480810642242432,4.480810642242432,4.480810642242432,4.480810642242432,0
2004-06-28,4.4625420570373535,4.4625420570373535,4.4625420570373535,4.4625420570373535,0
2004-06-29,4.47167444229126,4.47167444229126,4.47167444229126,4.47167444229126,0
2004-06-30,4.492785453796387,4.492785453796387,4.492785453796387,4.492785453796387,0
2004-07-01,4.501965045928955,4.501965045928955,4.501965045928955,4.501965045928955,0
2004-07-02,4.52490758895874,4.52490758895874,4.52490758895874,4.52490758895874,0
2004-07-06,4.52490758895874,4.52490758895874,4.52490758895874,4.52490758895874,0
2004-07-07,4.52490758895874,4.52490758895874,4.52490758895874,4.52490758895874,0
2004-07-08,4.52490758895874,4.52490758895874,4.52490758895874,4.52490758895874,0
2004-07-09,4.52490758895874,4.52490758895874,4.52490758895874,4.52490758895874,0
2004-07-12,4.529500961303711,4.529500961303711,4.529500961303711,4.529500961303711,0
2004-07-13,4.52490758895874,4.52490758895874,4.52490758895874,4.52490758895874,0
2004-07-14,4.520318508148193,4.520318508148193,4.520318508148193,4.520318508148193,0
2004-07-15,4.520318508148193,4.520318508148193,4.520318508148193,4.520318508148193,0
2004-07-16,4.547852993011475,4.547852993011475,4.547852993011475,4.547852993011475,0
2004-07-19,4.547852993011475,4.547852993011475,4.547852993011475,4.547852993011475,0
2004-07-20,4.529500961303711,4.529500961303711,4.529500961303711,4.529500961303711,0
2004-07-21,4.52490758895874,4.52490758895874,4.52490758895874,4.52490758895874,0
2004-07-22,4.529500961303711,4.529500961303711,4.529500961303711,4.529500961303711,0
2004-07-23,4.534088134765625,4.534088134765625,4.534088134765625,4.534088134765625,0
2004-07-26,4.529500961303711,4.529500961303711,4.529500961303711,4.529500961303711,0
2004-07-27,4.506553649902344,4.506553649902344,4.506553649902344,4.506553649902344,0
2004-07-28,4.511143684387207,4.511143684387207,4.511143684387207,4.511143684387207,0
2004-07-29,4.515730857849121,4.515730857849121,4.515730857849121,4.515730857849121,0
2004-07-30,4.534627437591553,4.534627437591553,4.534627437591553,4.534627437591553,0
2004-08-02,4.539233684539795,4.539233684539795,4.539233684539795,4.539233684539795,0
2004-08-03,4.543839931488037,4.543839931488037,4.543839931488037,4.543839931488037,0
2004-08-04,4.543839931488037,4.543839931488037,4.543839931488037,4.543839931488037,0
2004-08-05,4.548452854156494,4.548452854156494,4.548452854156494,4.548452854156494,0
2004-08-06,4.589927673339844,4.589927673339844,4.589927673339844,4.589927673339844,0
2004-08-09,4.585320949554443,4.585320949554443,4.585320949554443,4.585320949554443,0
2004-08-10,4.571495056152344,4.571495056152344,4.571495056152344,4.571495056152344,0
2004-08-11,4.576105117797852,4.576105117797852,4.576105117797852,4.576105117797852,0
2004-08-12,4.580708026885986,4.580708026885986,4.580708026885986,4.580708026885986,0
2004-08-13,4.589927673339844,4.589927673339844,4.589927673339844,4.589927673339844,0
2004-08-16,4.585320949554443,4.585320949554443,4.585320949554443,4.585320949554443,0
2004-08-17,4.594534873962402,4.594534873962402,4.594534873962402,4.594534873962402,0
2004-08-18,4.594534873962402,4.594534873962402,4.594534873962402,4.594534873962402,0
2004-08-19,4.599143028259277,4.599143028259277,4.599143028259277,4.599143028259277,0
2004-08-20,4.594534873962402,4.594534873962402,4.594534873962402,4.594534873962402,0
2004-08-23,4.585320949554443,4.585320949554443,4.585320949554443,4.585320949554443,0
2004-08-24,4.585320949554443,4.585320949554443,4.585320949554443,4.585320949554443,0
2004-08-25,4.589927673339844,4.589927673339844,4.589927673339844,4.589927673339844,0
2004-08-26,4.599143028259277,4.599143028259277,4.599143028259277,4.599143028259277,0
2004-08-27,4.599143028259277,4.599143028259277,4.599143028259277,4.599143028259277,0
2004-08-30,4.608358383178711,4.608358383178711,4.608358383178711,4.608358383178711,0
2004-08-31,4.617613315582275,4.617613315582275,4.617613315582275,4.617613315582275,0
2004-09-01,4.6222405433654785,4.6222405433654785,4.6222405433654785,4.6222405433654785,0
2004-09-02,4.60836124420166,4.60836124420166,4.60836124420166,4.60836124420166,0
2004-09-03,4.589854717254639,4.589854717254639,4.589854717254639,4.589854717254639,0
2004-09-07,4.599102973937988,4.599102973937988,4.599102973937988,4.599102973937988,0
2004-09-08,4.617613315582275,4.617613315582275,4.617613315582275,4.617613315582275,0
2004-09-09,4.612987041473389,4.612987041473389,4.612987041473389,4.612987041473389,0
2004-09-10,4.617613315582275,4.617613315582275,4.617613315582275,4.617613315582275,0
2004-09-13,4.6222405433654785,4.6222405433654785,4.6222405433654785,4.6222405433654785,0
2004-09-14,4.626865863800049,4.626865863800049,4.626865863800049,4.626865863800049,0
2004-09-15,4.6222405433654785,4.6222405433654785,4.6222405433654785,4.6222405433654785,0
2004-09-16,4.640748977661133,4.640748977661133,4.640748977661133,4.640748977661133,0
2004-09-17,4.626865863800049,4.626865863800049,4.626865863800049,4.626865863800049,0
2004-09-20,4.640748977661133,4.640748977661133,4.640748977661133,4.640748977661133,0
2004-09-21,4.645374298095703,4.645374298095703,4.645374298095703,4.645374298095703,0
2004-09-22,4.654627799987793,4.654627799987793,4.654627799987793,4.654627799987793,0
2004-09-23,4.645374298095703,4.645374298095703,4.645374298095703,4.645374298095703,0
2004-09-24,4.640748977661133,4.640748977661133,4.640748977661133,4.640748977661133,0
2004-09-27,4.650003910064697,4.650003910064697,4.650003910064697,4.650003910064697,0
2004-09-28,4.650003910064697,4.650003910064697,4.650003910064697,4.650003910064697,0
2004-09-29,4.6361212730407715,4.6361212730407715,4.6361212730407715,4.6361212730407715,0
2004-09-30,4.630083084106445,4.630083084106445,4.630083084106445,4.630083084106445,0
2004-10-01,4.620795249938965,4.620795249938965,4.620795249938965,4.620795249938965,0
2004-10-04,4.620795249938965,4.620795249938965,4.620795249938965,4.620795249938965,0
2004-10-05,4.625441074371338,4.625441074371338,4.625441074371338,4.625441074371338,0
2004-10-06,4.616151332855225,4.616151332855225,4.616151332855225,4.616151332855225,0
2004-10-07,4.611512660980225,4.611512660980225,4.611512660980225,4.611512660980225,0
2004-10-08,4.634726524353027,4.634726524353027,4.634726524353027,4.634726524353027,0
2004-10-11,4.63937520980835,4.63937520980835,4.63937520980835,4.63937520980835,0
2004-10-12,4.644016265869141,4.644016265869141,4.644016265869141,4.644016265869141,0
2004-10-13,4.648660659790039,4.648660659790039,4.648660659790039,4.648660659790039,0
2004-10-14,4.66259241104126,4.66259241104126,4.66259241104126,4.66259241104126,0
2004-10-15,4.653306007385254,4.653306007385254,4.653306007385254,4.653306007385254,0
2004-10-18,4.653306007385254,4.653306007385254,4.653306007385254,4.653306007385254,0
2004-10-19,4.657947063446045,4.657947063446045,4.657947063446045,4.657947063446045,0
2004-10-20,4.667238235473633,4.667238235473633,4.667238235473633,4.667238235473633,0
2004-10-21,4.66259241104126,4.66259241104126,4.66259241104126,4.66259241104126,0
2004-10-22,4.667238235473633,4.667238235473633,4.667238235473633,4.667238235473633,0
2004-10-25,4.671882629394531,4.671882629394531,4.671882629394531,4.671882629394531,0
2004-10-26,4.667238235473633,4.667238235473633,4.667238235473633,4.667238235473633,0
2004-10-27,4.653306007385254,4.653306007385254,4.653306007385254,4.653306007385254,0
2004-10-28,4.657947063446045,4.657947063446045,4.657947063446045,4.657947063446045,0
2004-10-29,4.666806697845459,4.666806697845459,4.666806697845459,4.666806697845459,0
2004-11-01,4.657484531402588,4.657484531402588,4.657484531402588,4.657484531402588,0
2004-11-02,4.662140369415283,4.662140369415283,4.662140369415283,4.662140369415283,0
2004-11-03,4.662140369415283,4.662140369415283,4.662140369415283,4.662140369415283,0
2004-11-04,4.662140369415283,4.662140369415283,4.662140369415283,4.662140369415283,0
2004-11-05,4.643494606018066,4.643494606018066,4.643494606018066,4.643494606018066,0
2004-11-08,4.638833522796631,4.638833522796631,4.638833522796631,4.638833522796631,0
2004-11-09,4.638833522796631,4.638833522796631,4.638833522796631,4.638833522796631,0
2004-11-10,4.634167194366455,4.634167194366455,4.634167194366455,4.634167194366455,0
2004-11-11,4.634167194366455,4.634167194366455,4.634167194366455,4.634167194366455,0
2004-11-12,4.643494606018066,4.643494606018066,4.643494606018066,4.643494606018066,0
2004-11-15,4.643494606018066,4.643494606018066,4.643494606018066,4.643494606018066,0
2004-11-16,4.643494606018066,4.643494606018066,4.643494606018066,4.643494606018066,0
2004-11-17,4.657484531402588,4.657484531402588,4.657484531402588,4.657484531402588,0
2004-11-18,4.662140369415283,4.662140369415283,4.662140369415283,4.662140369415283,0
2004-11-19,4.648158550262451,4.648158550262451,4.648158550262451,4.648158550262451,0
2004-11-22,4.652821063995361,4.652821063995361,4.652821063995361,4.652821063995361,0
2004-11-23,4.652821063995361,4.652821063995361,4.652821063995361,4.652821063995361,0
2004-11-24,4.648158550262451,4.648158550262451,4.648158550262451,4.648158550262451,0
2004-11-26,4.643494606018066,4.643494606018066,4.643494606018066,4.643494606018066,0
2004-11-29,4.629510879516602,4.629510879516602,4.629510879516602,4.629510879516602,0
2004-11-30,4.6262311935424805,4.6262311935424805,4.6262311935424805,4.6262311935424805,0
2004-12-01,4.6262311935424805,4.6262311935424805,4.6262311935424805,4.6262311935424805,0
2004-12-02,4.621549129486084,4.621549129486084,4.621549129486084,4.621549129486084,0
2004-12-03,4.649645805358887,4.649645805358887,4.649645805358887,4.649645805358887,0
2004-12-06,4.654323101043701,4.654323101043701,4.654323101043701,4.654323101043701,0
2004-12-07,4.659007549285889,4.659007549285889,4.659007549285889,4.659007549285889,0
2004-12-08,4.673056125640869,4.673056125640869,4.673056125640869,4.673056125640869,0
2004-12-09,4.668374538421631,4.668374538421631,4.668374538421631,4.668374538421631,0
2004-12-10,4.668374538421631,4.668374538421631,4.668374538421631,4.668374538421631,0
2004-12-13,4.673056125640869,4.673056125640869,4.673056125640869,4.673056125640869,0
2004-12-14,4.677740097045898,4.677740097045898,4.677740097045898,4.677740097045898,0
2004-12-15,4.687105178833008,4.687105178833008,4.687105178833008,4.687105178833008,0
2004-12-16,4.666406631469727,4.666406631469727,4.666406631469727,4.666406631469727,0
2004-12-17,4.661701202392578,4.661701202392578,4.661701202392578,4.661701202392578,0
2004-12-20,4.666406631469727,4.666406631469727,4.666406631469727,4.666406631469727,0
2004-12-21,4.671112060546875,4.671112060546875,4.671112060546875,4.671112060546875,0
2004-12-22,4.666406631469727,4.666406631469727,4.666406631469727,4.666406631469727,0
2004-12-23,4.666406631469727,4.666406631469727,4.666406631469727,4.666406631469727,0
2004-12-27,4.652293682098389,4.652293682098389,4.652293682098389,4.652293682098389,0
2004-12-28,4.652293682098389,4.652293682098389,4.652293682098389,4.652293682098389,0
2004-12-29,4.647586822509766,4.647586822509766,4.647586822509766,4.647586822509766,0
2004-12-30,4.661701202392578,4.661701202392578,4.661701202392578,4.661701202392578,0
2004-12-31,4.661701202392578,4.661701202392578,4.661701202392578,4.661701202392578,0
2005-01-03,4.671112060546875,4.671112060546875,4.671112060546875,4.671112060546875,0
2005-01-04,4.656996250152588,4.656996250152588,4.656996250152588,4.656996250152588,0
2005-01-05,4.656996250152588,4.656996250152588,4.656996250152588,4.656996250152588,0
2005-01-06,4.661701202392578,4.661701202392578,4.661701202392578,4.661701202392578,0
2005-01-07,4.656996250152588,4.656996250152588,4.656996250152588,4.656996250152588,0
2005-01-10,4.661701202392578,4.661701202392578,4.661701202392578,4.661701202392578,0
2005-01-11,4.666406631469727,4.666406631469727,4.666406631469727,4.666406631469727,0
2005-01-12,4.671112060546875,4.671112060546875,4.671112060546875,4.671112060546875,0
2005-01-13,4.68051815032959,4.68051815032959,4.68051815032959,4.68051815032959,0
2005-01-14,4.675810813903809,4.675810813903809,4.675810813903809,4.675810813903809,0
2005-01-18,4.68051815032959,4.68051815032959,4.68051815032959,4.68051815032959,0
2005-01-19,4.68051815032959,4.68051815032959,4.68051815032959,4.68051815032959,0
2005-01-20,4.6852192878723145,4.6852192878723145,4.6852192878723145,4.6852192878723145,0
2005-01-21,4.694630146026611,4.694630146026611,4.694630146026611,4.694630146026611,0
2005-01-24,4.694630146026611,4.694630146026611,4.694630146026611,4.694630146026611,0
2005-01-25,4.6852192878723145,4.6852192878723145,4.6852192878723145,4.6852192878723145,0
2005-01-26,4.6852192878723145,4.6852192878723145,4.6852192878723145,4.6852192878723145,0
2005-01-27,4.6852192878723145,4.6852192878723145,4.6852192878723145,4.6852192878723145,0
2005-01-28,4.694630146026611,4.694630146026611,4.694630146026611,4.694630146026611,0
2005-01-31,4.698882579803467,4.698882579803467,4.698882579803467,4.698882579803467,0
2005-02-01,4.694156646728516,4.694156646728516,4.694156646728516,4.694156646728516,0
2005-02-02,4.698882579803467,4.698882579803467,4.698882579803467,4.698882579803467,0
2005-02-03,4.694156646728516,4.694156646728516,4.694156646728516,4.694156646728516,0
2005-02-04,4.713047504425049,4.713047504425049,4.713047504425049,4.713047504425049,0
2005-02-07,4.717770576477051,4.717770576477051,4.717770576477051,4.717770576477051,0
2005-02-08,4.717770576477051,4.717770576477051,4.717770576477051,4.717770576477051,0
2005-02-09,4.731937885284424,4.731937885284424,4.731937885284424,4.731937885284424,0
2005-02-10,4.713047504425049,4.713047504425049,4.713047504425049,4.713047504425049,0
2005-02-11,4.708324909210205,4.708324909210205,4.708324909210205,4.708324909210205,0
2005-02-14,4.713047504425049,4.713047504425049,4.713047504425049,4.713047504425049,0
2005-02-15,4.708324909210205,4.708324909210205,4.708324909210205,4.708324909210205,0
2005-02-16,4.698882579803467,4.698882579803467,4.698882579803467,4.698882579803467,0
2005-02-17,4.698882579803467,4.698882579803467,4.698882579803467,4.698882579803467,0
2005-02-18,4.684712886810303,4.684712886810303,4.684712886810303,4.684712886810303,0
2005-02-22,4.679988384246826,4.679988384246826,4.679988384246826,4.679988384246826,0
2005-02-23,4.684712886810303,4.684712886810303,4.684712886810303,4.684712886810303,0
2005-02-24,4.679988384246826,4.679988384246826,4.679988384246826,4.679988384246826,0
2005-02-25,4.684712886810303,4.684712886810303,4.684712886810303,4.684712886810303,0
2005-02-28,4.669540882110596,4.669540882110596,4.669540882110596,4.669540882110596,0
2005-03-01,4.664801120758057,4.664801120758057,4.664801120758057,4.664801120758057,0
2005-03-02,4.664801120758057,4.664801120758057,4.664801120758057,4.664801120758057,0
2005-03-03,4.664801120758057,4.664801120758057,4.664801120758057,4.664801120758057,0
2005-03-04,4.683763027191162,4.683763027191162,4.683763027191162,4.683763027191162,0
2005-03-07,4.683763027191162,4.683763027191162,4.683763027191162,4.683763027191162,0
2005-03-08,4.674281120300293,4.674281120300293,4.674281120300293,4.674281120300293,0
2005-03-09,4.645838737487793,4.645838737487793,4.645838737487793,4.645838737487793,0
2005-03-10,4.655323505401611,4.655323505401611,4.655323505401611,4.655323505401611,0
2005-03-11,4.641096591949463,4.641096591949463,4.641096591949463,4.641096591949463,0
2005-03-14,4.645838737487793,4.645838737487793,4.645838737487793,4.645838737487793,0
2005-03-15,4.641096591949463,4.641096591949463,4.641096591949463,4.641096591949463,0
2005-03-16,4.641096591949463,4.641096591949463,4.641096591949463,4.641096591949463,0
2005-03-17,4.65057897567749,4.65057897567749,4.65057897567749,4.65057897567749,0
2005-03-18,4.645838737487793,4.645838737487793,4.645838737487793,4.645838737487793,0
2005-03-21,4.641096591949463,4.641096591949463,4.641096591949463,4.641096591949463,0
2005-03-22,4.62213134765625,4.62213134765625,4.62213134765625,4.62213134765625,0
2005-03-23,4.617395401000977,4.617395401000977,4.617395401000977,4.617395401000977,0
2005-03-24,4.62213134765625,4.62213134765625,4.62213134765625,4.62213134765625,0
2005-03-28,4.617395401000977,4.617395401000977,4.617395401000977,4.617395401000977,0
2005-03-29,4.62213134765625,4.62213134765625,4.62213134765625,4.62213134765625,0
2005-03-30,4.631617069244385,4.631617069244385,4.631617069244385,4.631617069244385,0
2005-03-31,4.646387100219727,4.646387100219727,4.646387100219727,4.646387100219727,0
2005-04-01,4.655920505523682,4.655920505523682,4.655920505523682,4.655920505523682,0
2005-04-04,4.655920505523682,4.655920505523682,4.655920505523682,4.655920505523682,0
2005-04-05,4.651155948638916,4.651155948638916,4.651155948638916,4.651155948638916,0
2005-04-06,4.6606879234313965,4.6606879234313965,4.6606879234313965,4.6606879234313965,0
2005-04-07,4.655920505523682,4.655920505523682,4.655920505523682,4.655920505523682,0
2005-04-08,4.646387100219727,4.646387100219727,4.646387100219727,4.646387100219727,0
2005-04-11,4.655920505523682,4.655920505523682,4.655920505523682,4.655920505523682,0
2005-04-12,4.674983978271484,4.674983978271484,4.674983978271484,4.674983978271484,0
2005-04-13,4.674983978271484,4.674983978271484,4.674983978271484,4.674983978271484,0
2005-04-14,4.674983978271484,4.674983978271484,4.674983978271484,4.674983978271484,0
2005-04-15,4.6892805099487305,4.6892805099487305,4.6892805099487305,4.6892805099487305,0
2005-04-18,4.694042682647705,4.694042682647705,4.694042682647705,4.694042682647705,0
2005-04-19,4.708340644836426,4.708340644836426,4.708340644836426,4.708340644836426,0
2005-04-20,4.703577041625977,4.703577041625977,4.703577041625977,4.703577041625977,0
2005-04-21,4.6892805099487305,4.6892805099487305,4.6892805099487305,4.6892805099487305,0
2005-04-22,4.6988067626953125,4.6988067626953125,4.6988067626953125,4.6988067626953125,0
2005-04-25,4.6988067626953125,4.6988067626953125,4.6988067626953125,4.6988067626953125,0
2005-04-26,4.6988067626953125,4.6988067626953125,4.6988067626953125,4.6988067626953125,0
2005-04-27,4.703577041625977,4.703577041625977,4.703577041625977,4.703577041625977,0
2005-04-28,4.713106632232666,4.713106632232666,4.713106632232666,4.713106632232666,0
2005-04-29,4.707845687866211,4.707845687866211,4.707845687866211,4.707845687866211,0
2005-05-02,4.7126288414001465,4.7126288414001465,4.7126288414001465,4.7126288414001465,0
2005-05-03,4.707845687866211,4.707845687866211,4.707845687866211,4.707845687866211,0
2005-05-04,4.7126288414001465,4.7126288414001465,4.7126288414001465,4.7126288414001465,0
2005-05-05,4.7221999168396,4.7221999168396,4.7221999168396,4.7221999168396,0
2005-05-06,4.698276996612549,4.698276996612549,4.698276996612549,4.698276996612549,0
2005-05-09,4.698276996612549,4.698276996612549,4.698276996612549,4.698276996612549,0
2005-05-10,4.707845687866211,4.707845687866211,4.707845687866211,4.707845687866211,0
2005-05-11,4.7126288414001465,4.7126288414001465,4.7126288414001465,4.7126288414001465,0
2005-05-12,4.717411518096924,4.717411518096924,4.717411518096924,4.717411518096924,0
2005-05-13,4.7221999168396,4.7221999168396,4.7221999168396,4.7221999168396,0
2005-05-16,4.7221999168396,4.7221999168396,4.7221999168396,4.7221999168396,0
2005-05-17,4.7221999168396,4.7221999168396,4.7221999168396,4.7221999168396,0
2005-05-18,4.731767654418945,4.731767654418945,4.731767654418945,4.731767654418945,0
2005-05-19,4.726981163024902,4.726981163024902,4.726981163024902,4.726981163024902,0
2005-05-20,4.7221999168396,4.7221999168396,4.7221999168396,4.7221999168396,0
2005-05-23,4.736547470092773,4.736547470092773,4.736547470092773,4.736547470092773,0
2005-05-24,4.741335868835449,4.741335868835449,4.741335868835449,4.741335868835449,0
2005-05-25,4.741335868835449,4.741335868835449,4.741335868835449,4.741335868835449,0
2005-05-26,4.741335868835449,4.741335868835449,4.741335868835449,4.741335868835449,0
2005-05-27,4.741335868835449,4.741335868835449,4.741335868835449,4.741335868835449,0
2005-05-31,4.755742073059082,4.755742073059082,4.755742073059082,4.755742073059082,0
2005-06-01,4.779763698577881,4.779763698577881,4.779763698577881,4.779763698577881,0
2005-06-02,4.779763698577881,4.779763698577881,4.779763698577881,4.779763698577881,0
2005-06-03,4.765356540679932,4.765356540679932,4.765356540679932,4.765356540679932,0
2005-06-06,4.770161151885986,4.770161151885986,4.770161151885986,4.770161151885986,0
2005-06-07,4.779763698577881,4.779763698577881,4.779763698577881,4.779763698577881,0
2005-06-08,4.774960994720459,4.774960994720459,4.774960994720459,4.774960994720459,0
2005-06-09,4.765356540679932,4.765356540679932,4.765356540679932,4.765356540679932,0
2005-06-10,4.750943660736084,4.750943660736084,4.750943660736084,4.750943660736084,0
2005-06-13,4.746138095855713,4.746138095855713,4.746138095855713,4.746138095855713,0
2005-06-14,4.741337299346924,4.741337299346924,4.741337299346924,4.741337299346924,0
2005-06-15,4.741337299346924,4.741337299346924,4.741337299346924,4.741337299346924,0
2005-06-16,4.750943660736084,4.750943660736084,4.750943660736084,4.750943660736084,0
2005-06-17,4.750943660736084,4.750943660736084,4.750943660736084,4.750943660736084,0
2005-06-20,4.750943660736084,4.750943660736084,4.750943660736084,4.750943660736084,0
2005-06-21,4.760552883148193,4.760552883148193,4.760552883148193,4.760552883148193,0
2005-06-22,4.779763698577881,4.779763698577881,4.779763698577881,4.779763698577881,0
2005-06-23,4.774960994720459,4.774960994720459,4.774960994720459,4.774960994720459,0
2005-06-24,4.784567832946777,4.784567832946777,4.784567832946777,4.784567832946777,0
2005-06-27,4.789375305175781,4.789375305175781,4.789375305175781,4.789375305175781,0
2005-06-28,4.779763698577881,4.779763698577881,4.779763698577881,4.779763698577881,0
2005-06-29,4.774960994720459,4.774960994720459,4.774960994720459,4.774960994720459,0
2005-06-30,4.7817182540893555,4.7817182540893555,4.7817182540893555,4.7817182540893555,0
2005-07-01,4.767240524291992,4.767240524291992,4.767240524291992,4.767240524291992,0
2005-07-05,4.752768039703369,4.752768039703369,4.752768039703369,4.752768039703369,0
2005-07-06,4.762419700622559,4.762419700622559,4.762419700622559,4.762419700622559,0
2005-07-07,4.767240524291992,4.767240524291992,4.767240524291992,4.767240524291992,0
2005-07-08,4.757590293884277,4.757590293884277,4.757590293884277,4.757590293884277,0
2005-07-11,4.762419700622559,4.762419700622559,4.762419700622559,4.762419700622559,0
2005-07-12,4.752768039703369,4.752768039703369,4.752768039703369,4.752768039703369,0
2005-07-13,4.7479400634765625,4.7479400634765625,4.7479400634765625,4.7479400634765625,0
2005-07-14,4.7479400634765625,4.7479400634765625,4.7479400634765625,4.7479400634765625,0
2005-07-15,4.7479400634765625,4.7479400634765625,4.7479400634765625,4.7479400634765625,0
2005-07-18,4.743115425109863,4.743115425109863,4.743115425109863,4.743115425109863,0
2005-07-19,4.7479400634765625,4.7479400634765625,4.7479400634765625,4.7479400634765625,0
2005-07-20,4.752768039703369,4.752768039703369,4.752768039703369,4.752768039703369,0
2005-07-21,4.73346471786499,4.73346471786499,4.73346471786499,4.73346471786499,0
2005-07-22,4.743115425109863,4.743115425109863,4.743115425109863,4.743115425109863,0
2005-07-25,4.743115425109863,4.743115425109863,4.743115425109863,4.743115425109863,0
2005-07-26,4.743115425109863,4.743115425109863,4.743115425109863,4.743115425109863,0
2005-07-27,4.7382917404174805,4.7382917404174805,4.7382917404174805,4.7382917404174805,0
2005-07-28,4.752768039703369,4.752768039703369,4.752768039703369,4.752768039703369,0
2005-07-29,4.738234519958496,4.738234519958496,4.738234519958496,4.738234519958496,0
2005-08-01,4.728543281555176,4.728543281555176,4.728543281555176,4.728543281555176,0
2005-08-02,4.728543281555176,4.728543281555176,4.728543281555176,4.728543281555176,0
2005-08-03,4.738234519958496,4.738234519958496,4.738234519958496,4.738234519958496,0
2005-08-04,4.733386516571045,4.733386516571045,4.733386516571045,4.733386516571045,0
2005-08-05,4.718854904174805,4.718854904174805,4.718854904174805,4.718854904174805,0
2005-08-08,4.714005470275879,4.714005470275879,4.714005470275879,4.714005470275879,0
2005-08-09,4.718854904174805,4.718854904174805,4.718854904174805,4.718854904174805,0
2005-08-10,4.718854904174805,4.718854904174805,4.718854904174805,4.718854904174805,0
2005-08-11,4.733386516571045,4.733386516571045,4.733386516571045,4.733386516571045,0
2005-08-12,4.747920036315918,4.747920036315918,4.747920036315918,4.747920036315918,0
2005-08-15,4.743077754974365,4.743077754974365,4.743077754974365,4.743077754974365,0
2005-08-16,4.752768039703369,4.752768039703369,4.752768039703369,4.752768039703369,0
2005-08-17,4.743077754974365,4.743077754974365,4.743077754974365,4.743077754974365,0
2005-08-18,4.757611274719238,4.757611274719238,4.757611274719238,4.757611274719238,0
2005-08-19,4.757611274719238,4.757611274719238,4.757611274719238,4.757611274719238,0
2005-08-22,4.757611274719238,4.757611274719238,4.757611274719238,4.757611274719238,0
2005-08-23,4.762455463409424,4.762455463409424,4.762455463409424,4.762455463409424,0
2005-08-24,4.762455463409424,4.762455463409424,4.762455463409424,4.762455463409424,0
2005-08-25,4.767297267913818,4.767297267913818,4.767297267913818,4.767297267913818,0
2005-08-26,4.762455463409424,4.762455463409424,4.762455463409424,4.762455463409424,0
2005-08-29,4.767297267913818,4.767297267913818,4.767297267913818,4.767297267913818,0
2005-08-30,4.781836986541748,4.781836986541748,4.781836986541748,4.781836986541748,0
2005-08-31,4.797891616821289,4.797891616821289,4.797891616821289,4.797891616821289,0
2005-09-01,4.802758693695068,4.802758693695068,4.802758693695068,4.802758693695068,0
2005-09-02,4.802758693695068,4.802758693695068,4.802758693695068,4.802758693695068,0
2005-09-06,4.793026447296143,4.793026447296143,4.793026447296143,4.793026447296143,0
2005-09-07,4.7784318923950195,4.7784318923950195,4.7784318923950195,4.7784318923950195,0
2005-09-08,4.7784318923950195,4.7784318923950195,4.7784318923950195,4.7784318923950195,0
2005-09-09,4.783297538757324,4.783297538757324,4.783297538757324,4.783297538757324,0
2005-09-12,4.773561000823975,4.773561000823975,4.773561000823975,4.773561000823975,0
2005-09-13,4.783297538757324,4.783297538757324,4.783297538757324,4.783297538757324,0
2005-09-14,4.7784318923950195,4.7784318923950195,4.7784318923950195,4.7784318923950195,0
2005-09-15,4.768698215484619,4.768698215484619,4.768698215484619,4.768698215484619,0
2005-09-16,4.758965015411377,4.758965015411377,4.758965015411377,4.758965015411377,0
2005-09-19,4.763827800750732,4.763827800750732,4.763827800750732,4.763827800750732,0
2005-09-20,4.763827800750732,4.763827800750732,4.763827800750732,4.763827800750732,0
2005-09-21,4.773561000823975,4.773561000823975,4.773561000823975,4.773561000823975,0
2005-09-22,4.7784318923950195,4.7784318923950195,4.7784318923950195,4.7784318923950195,0
2005-09-23,4.763827800750732,4.763827800750732,4.763827800750732,4.763827800750732,0
2005-09-26,4.7540974617004395,4.7540974617004395,4.7540974617004395,4.7540974617004395,0
2005-09-27,4.7540974617004395,4.7540974617004395,4.7540974617004395,4.7540974617004395,0
2005-09-28,4.763827800750732,4.763827800750732,4.763827800750732,4.763827800750732,0
2005-09-29,4.7540974617004395,4.7540974617004395,4.7540974617004395,4.7540974617004395,0
2005-09-30,4.74384069442749,4.74384069442749,4.74384069442749,4.74384069442749,0
2005-10-03,4.734063625335693,4.734063625335693,4.734063625335693,4.734063625335693,0
2005-10-04,4.738956451416016,4.738956451416016,4.738956451416016,4.738956451416016,0
2005-10-05,4.74384069442749,4.74384069442749,4.74384069442749,4.74384069442749,0
2005-10-06,4.74384069442749,4.74384069442749,4.74384069442749,4.74384069442749,0
2005-10-07,4.74384069442749,4.74384069442749,4.74384069442749,4.74384069442749,0
2005-10-10,4.74384069442749,4.74384069442749,4.74384069442749,4.74384069442749,0
2005-10-11,4.738956451416016,4.738956451416016,4.738956451416016,4.738956451416016,0
2005-10-12,4.729184627532959,4.729184627532959,4.729184627532959,4.729184627532959,0
2005-10-13,4.724293231964111,4.724293231964111,4.724293231964111,4.724293231964111,0
2005-10-14,4.7194108963012695,4.7194108963012695,4.7194108963012695,4.7194108963012695,0
2005-10-17,4.724293231964111,4.724293231964111,4.724293231964111,4.724293231964111,0
2005-10-18,4.724293231964111,4.724293231964111,4.724293231964111,4.724293231964111,0
2005-10-19,4.729184627532959,4.729184627532959,4.729184627532959,4.729184627532959,0
2005-10-20,4.729184627532959,4.729184627532959,4.729184627532959,4.729184627532959,0
2005-10-21,4.74384069442749,4.74384069442749,4.74384069442749,4.74384069442749,0
2005-10-24,4.734063625335693,4.734063625335693,4.734063625335693,4.734063625335693,0
2005-10-25,4.7194108963012695,4.7194108963012695,4.7194108963012695,4.7194108963012695,0
2005-10-26,4.704753875732422,4.704753875732422,4.704753875732422,4.704753875732422,0
2005-10-27,4.709638595581055,4.709638595581055,4.709638595581055,4.709638595581055,0
2005-10-28,4.704753875732422,4.704753875732422,4.704753875732422,4.704753875732422,0
2005-10-31,4.70917272567749,4.70917272567749,4.70917272567749,4.70917272567749,0
2005-11-01,4.704263210296631,4.704263210296631,4.704263210296631,4.704263210296631,0
2005-11-02,4.6993560791015625,4.6993560791015625,4.6993560791015625,4.6993560791015625,0
2005-11-03,4.689547061920166,4.689547061920166,4.689547061920166,4.689547061920166,0
2005-11-04,4.684643268585205,4.684643268585205,4.684643268585205,4.684643268585205,0
2005-11-07,4.689547061920166,4.689547061920166,4.689547061920166,4.689547061920166,0
2005-11-08,4.704263210296631,4.704263210296631,4.704263210296631,4.704263210296631,0
2005-11-09,4.694451808929443,4.694451808929443,4.694451808929443,4.694451808929443,0
2005-11-10,4.70917272567749,4.70917272567749,4.70917272567749,4.70917272567749,0
2005-11-11,4.70917272567749,4.70917272567749,4.70917272567749,4.70917272567749,0
2005-11-14,4.6993560791015625,4.6993560791015625,4.6993560791015625,4.6993560791015625,0
2005-11-15,4.70917272567749,4.70917272567749,4.70917272567749,4.70917272567749,0
2005-11-16,4.723884582519531,4.723884582519531,4.723884582519531,4.723884582519531,0
2005-11-17,4.733694076538086,4.733694076538086,4.733694076538086,4.733694076538086,0
2005-11-18,4.723884582519531,4.723884582519531,4.723884582519531,4.723884582519531,0
2005-11-21,4.733694076538086,4.733694076538086,4.733694076538086,4.733694076538086,0
2005-11-22,4.743508338928223,4.743508338928223,4.743508338928223,4.743508338928223,0
2005-11-23,4.733694076538086,4.733694076538086,4.733694076538086,4.733694076538086,0
2005-11-25,4.743508338928223,4.743508338928223,4.743508338928223,4.743508338928223,0
2005-11-28,4.748414039611816,4.748414039611816,4.748414039611816,4.748414039611816,0
2005-11-29,4.733694076538086,4.733694076538086,4.733694076538086,4.733694076538086,0
2005-11-30,4.729756832122803,4.729756832122803,4.729756832122803,4.729756832122803,0
2005-12-01,4.72482967376709,4.72482967376709,4.72482967376709,4.72482967376709,0
2005-12-02,4.72482967376709,4.72482967376709,4.72482967376709,4.72482967376709,0
2005-12-05,4.714975357055664,4.714975357055664,4.714975357055664,4.714975357055664,0
2005-12-06,4.734682083129883,4.734682083129883,4.734682083129883,4.734682083129883,0
2005-12-07,4.729756832122803,4.729756832122803,4.729756832122803,4.729756832122803,0
2005-12-08,4.744537353515625,4.744537353515625,4.744537353515625,4.744537353515625,0
2005-12-09,4.729756832122803,4.729756832122803,4.729756832122803,4.729756832122803,0
2005-12-12,4.729756832122803,4.729756832122803,4.729756832122803,4.729756832122803,0
2005-12-13,4.734682083129883,4.734682083129883,4.734682083129883,4.734682083129883,0
2005-12-14,4.749461650848389,4.749461650848389,4.749461650848389,4.749461650848389,0
2005-12-15,4.749461650848389,4.749461650848389,4.749461650848389,4.749461650848389,0
2005-12-16,4.755399227142334,4.755399227142334,4.755399227142334,4.755399227142334,0
2005-12-19,4.755399227142334,4.755399227142334,4.755399227142334,4.755399227142334,0
2005-12-20,4.750453948974609,4.750453948974609,4.750453948974609,4.750453948974609,0
2005-12-21,4.750453948974609,4.750453948974609,4.750453948974609,4.750453948974609,0
2005-12-22,4.760347843170166,4.760347843170166,4.760347843170166,4.760347843170166,0
2005-12-23,4.770244598388672,4.770244598388672,4.770244598388672,4.770244598388672,0
2005-12-27,4.780142784118652,4.780142784118652,4.780142784118652,4.780142784118652,0
2005-12-28,4.775197505950928,4.775197505950928,4.775197505950928,4.775197505950928,0
2005-12-29,4.775197505950928,4.775197505950928,4.775197505950928,4.775197505950928,0
2005-12-30,4.770244598388672,4.770244598388672,4.770244598388672,4.770244598388672,0
2006-01-03,4.780142784118652,4.780142784118652,4.780142784118652,4.780142784118652,0
2006-01-04,4.785090446472168,4.785090446472168,4.785090446472168,4.785090446472168,0
2006-01-05,4.785090446472168,4.785090446472168,4.785090446472168,4.785090446472168,0
2006-01-06,4.785090446472168,4.785090446472168,4.785090446472168,4.785090446472168,0
2006-01-09,4.785090446472168,4.785090446472168,4.785090446472168,4.785090446472168,0
2006-01-10,4.775197505950928,4.775197505950928,4.775197505950928,4.775197505950928,0
2006-01-11,4.770244598388672,4.770244598388672,4.770244598388672,4.770244598388672,0
2006-01-12,4.785090446472168,4.785090446472168,4.785090446472168,4.785090446472168,0
2006-01-13,4.794988632202148,4.794988632202148,4.794988632202148,4.794988632202148,0
2006-01-17,4.80488395690918,4.80488395690918,4.80488395690918,4.80488395690918,0
2006-01-18,4.799939155578613,4.799939155578613,4.799939155578613,4.799939155578613,0
2006-01-19,4.794988632202148,4.794988632202148,4.794988632202148,4.794988632202148,0
2006-01-20,4.799939155578613,4.799939155578613,4.799939155578613,4.799939155578613,0
2006-01-23,4.799939155578613,4.799939155578613,4.799939155578613,4.799939155578613,0
2006-01-24,4.794988632202148,4.794988632202148,4.794988632202148,4.794988632202148,0
2006-01-25,4.780142784118652,4.780142784118652,4.780142784118652,4.780142784118652,0
2006-01-26,4.770244598388672,4.770244598388672,4.770244598388672,4.770244598388672,0
2006-01-27,4.775197505950928,4.775197505950928,4.775197505950928,4.775197505950928,0
2006-01-30,4.770244598388672,4.770244598388672,4.770244598388672,4.770244598388672,0
2006-01-31,4.77074670791626,4.77074670791626,4.77074670791626,4.77074670791626,0
2006-02-01,4.760805130004883,4.760805130004883,4.760805130004883,4.760805130004883,0
2006-02-02,4.765774726867676,4.765774726867676,4.765774726867676,4.765774726867676,0
2006-02-03,4.77074670791626,4.77074670791626,4.77074670791626,4.77074670791626,0
2006-02-06,4.77074670791626,4.77074670791626,4.77074670791626,4.77074670791626,0
2006-02-07,4.77074670791626,4.77074670791626,4.77074670791626,4.77074670791626,0
2006-02-08,4.760805130004883,4.760805130004883,4.760805130004883,4.760805130004883,0
2006-02-09,4.765774726867676,4.765774726867676,4.765774726867676,4.765774726867676,0
2006-02-10,4.760805130004883,4.760805130004883,4.760805130004883,4.760805130004883,0
2006-02-13,4.760805130004883,4.760805130004883,4.760805130004883,4.760805130004883,0
2006-02-14,4.7558369636535645,4.7558369636535645,4.7558369636535645,4.7558369636535645,0
2006-02-15,4.760805130004883,4.760805130004883,4.760805130004883,4.760805130004883,0
2006-02-16,4.760805130004883,4.760805130004883,4.760805130004883,4.760805130004883,0
2006-02-17,4.775710582733154,4.775710582733154,4.775710582733154,4.775710582733154,0
2006-02-21,4.775710582733154,4.775710582733154,4.775710582733154,4.775710582733154,0
2006-02-22,4.7806830406188965,4.7806830406188965,4.7806830406188965,4.7806830406188965,0
2006-02-23,4.775710582733154,4.775710582733154,4.775710582733154,4.775710582733154,0
2006-02-24,4.775710582733154,4.775710582733154,4.775710582733154,4.775710582733154,0
2006-02-27,4.775710582733154,4.775710582733154,4.775710582733154,4.775710582733154,0
2006-02-28,4.78868293762207,4.78868293762207,4.78868293762207,4.78868293762207,0
2006-03-01,4.778709888458252,4.778709888458252,4.778709888458252,4.778709888458252,0
2006-03-02,4.768729209899902,4.768729209899902,4.768729209899902,4.768729209899902,0
2006-03-03,4.758751392364502,4.758751392364502,4.758751392364502,4.758751392364502,0
2006-03-06,4.748776435852051,4.748776435852051,4.748776435852051,4.748776435852051,0
2006-03-07,4.748776435852051,4.748776435852051,4.748776435852051,4.748776435852051,0
2006-03-08,4.748776435852051,4.748776435852051,4.748776435852051,4.748776435852051,0
2006-03-09,4.753764629364014,4.753764629364014,4.753764629364014,4.753764629364014,0
2006-03-10,4.748776435852051,4.748776435852051,4.748776435852051,4.748776435852051,0
2006-03-13,4.748776435852051,4.748776435852051,4.748776435852051,4.748776435852051,0
2006-03-14,4.7637434005737305,4.7637434005737305,4.7637434005737305,4.7637434005737305,0
2006-03-15,4.758751392364502,4.758751392364502,4.758751392364502,4.758751392364502,0
2006-03-16,4.778709888458252,4.778709888458252,4.778709888458252,4.778709888458252,0
2006-03-17,4.773718357086182,4.773718357086182,4.773718357086182,4.773718357086182,0
2006-03-20,4.778709888458252,4.778709888458252,4.778709888458252,4.778709888458252,0
2006-03-21,4.7637434005737305,4.7637434005737305,4.7637434005737305,4.7637434005737305,0
2006-03-22,4.768729209899902,4.768729209899902,4.768729209899902,4.768729209899902,0
2006-03-23,4.758751392364502,4.758751392364502,4.758751392364502,4.758751392364502,0
2006-03-24,4.778709888458252,4.778709888458252,4.778709888458252,4.778709888458252,0
2006-03-27,4.773718357086182,4.773718357086182,4.773718357086182,4.773718357086182,0
2006-03-28,4.753764629364014,4.753764629364014,4.753764629364014,4.753764629364014,0
2006-03-29,4.748776435852051,4.748776435852051,4.748776435852051,4.748776435852051,0
2006-03-30,4.738799571990967,4.738799571990967,4.738799571990967,4.738799571990967,0
2006-03-31,4.740804195404053,4.740804195404053,4.740804195404053,4.740804195404053,0
2006-04-03,4.735793590545654,4.735793590545654,4.735793590545654,4.735793590545654,0
2006-04-04,4.740804195404053,4.740804195404053,4.740804195404053,4.740804195404053,0
2006-04-05,4.745818138122559,4.745818138122559,4.745818138122559,4.745818138122559,0
2006-04-06,4.735793590545654,4.735793590545654,4.735793590545654,4.735793590545654,0
2006-04-07,4.720759391784668,4.720759391784668,4.720759391784668,4.720759391784668,0
2006-04-10,4.725769996643066,4.725769996643066,4.725769996643066,4.725769996643066,0
2006-04-11,4.7307820320129395,4.7307820320129395,4.7307820320129395,4.7307820320129395,0
2006-04-12,4.725769996643066,4.725769996643066,4.725769996643066,4.725769996643066,0
2006-04-13,4.710732936859131,4.710732936859131,4.710732936859131,4.710732936859131,0
2006-04-17,4.720759391784668,4.720759391784668,4.720759391784668,4.720759391784668,0
2006-04-18,4.7307820320129395,4.7307820320129395,4.7307820320129395,4.7307820320129395,0
2006-04-19,4.725769996643066,4.725769996643066,4.725769996643066,4.725769996643066,0
2006-04-20,4.720759391784668,4.720759391784668,4.720759391784668,4.720759391784668,0
2006-04-21,4.7307820320129395,4.7307820320129395,4.7307820320129395,4.7307820320129395,0
2006-04-24,4.735793590545654,4.735793590545654,4.735793590545654,4.735793590545654,0
2006-04-25,4.720759391784668,4.720759391784668,4.720759391784668,4.720759391784668,0
2006-04-26,4.710732936859131,4.710732936859131,4.710732936859131,4.710732936859131,0
2006-04-27,4.720759391784668,4.720759391784668,4.720759391784668,4.720759391784668,0
2006-04-28,4.728301048278809,4.728301048278809,4.728301048278809,4.728301048278809,0
2006-05-01,4.718241214752197,4.718241214752197,4.718241214752197,4.718241214752197,0
2006-05-02,4.723272800445557,4.723272800445557,4.723272800445557,4.723272800445557,0
2006-05-03,4.713211536407471,4.713211536407471,4.713211536407471,4.713211536407471,0
2006-05-04,4.713211536407471,4.713211536407471,4.713211536407471,4.713211536407471,0
2006-05-05,4.723272800445557,4.723272800445557,4.723272800445557,4.723272800445557,0
2006-05-08,4.723272800445557,4.723272800445557,4.723272800445557,4.723272800445557,0
2006-05-09,4.723272800445557,4.723272800445557,4.723272800445557,4.723272800445557,0
2006-05-10,4.723272800445557,4.723272800445557,4.723272800445557,4.723272800445557,0
2006-05-11,4.718241214752197,4.718241214752197,4.718241214752197,4.718241214752197,0
2006-05-12,4.708180904388428,4.708180904388428,4.708180904388428,4.708180904388428,0
2006-05-15,4.718241214752197,4.718241214752197,4.718241214752197,4.718241214752197,0
2006-05-16,4.728301048278809,4.728301048278809,4.728301048278809,4.728301048278809,0
2006-05-17,4.718241214752197,4.718241214752197,4.718241214752197,4.718241214752197,0
2006-05-18,4.733335971832275,4.733335971832275,4.733335971832275,4.733335971832275,0
2006-05-19,4.733335971832275,4.733335971832275,4.733335971832275,4.733335971832275,0
2006-05-22,4.738361358642578,4.738361358642578,4.738361358642578,4.738361358642578,0
2006-05-23,4.733335971832275,4.733335971832275,4.733335971832275,4.733335971832275,0
2006-05-24,4.738361358642578,4.738361358642578,4.738361358642578,4.738361358642578,0
2006-05-25,4.733335971832275,4.733335971832275,4.733335971832275,4.733335971832275,0
2006-05-26,4.738361358642578,4.738361358642578,4.738361358642578,4.738361358642578,0
2006-05-30,4.733335971832275,4.733335971832275,4.733335971832275,4.733335971832275,0
2006-05-31,4.7196855545043945,4.7196855545043945,4.7196855545043945,4.7196855545043945,0
2006-06-01,4.724742412567139,4.724742412567139,4.724742412567139,4.724742412567139,0
2006-06-02,4.755062580108643,4.755062580108643,4.755062580108643,4.755062580108643,0
2006-06-05,4.7500104904174805,4.7500104904174805,4.7500104904174805,4.7500104904174805,0
2006-06-06,4.755062580108643,4.755062580108643,4.755062580108643,4.755062580108643,0
2006-06-07,4.7500104904174805,4.7500104904174805,4.7500104904174805,4.7500104904174805,0
2006-06-08,4.755062580108643,4.755062580108643,4.755062580108643,4.755062580108643,0
2006-06-09,4.760117053985596,4.760117053985596,4.760117053985596,4.760117053985596,0
2006-06-12,4.760117053985596,4.760117053985596,4.760117053985596,4.760117053985596,0
2006-06-13,4.765167713165283,4.765167713165283,4.765167713165283,4.765167713165283,0
2006-06-14,4.744953155517578,4.744953155517578,4.744953155517578,4.744953155517578,0
2006-06-15,4.73484992980957,4.73484992980957,4.73484992980957,4.73484992980957,0
2006-06-16,4.724742412567139,4.724742412567139,4.724742412567139,4.724742412567139,0
2006-06-19,4.724742412567139,4.724742412567139,4.724742412567139,4.724742412567139,0
2006-06-20,4.724742412567139,4.724742412567139,4.724742412567139,4.724742412567139,0
2006-06-21,4.724742412567139,4.724742412567139,4.724742412567139,4.724742412567139,0
2006-06-22,4.714638710021973,4.714638710021973,4.714638710021973,4.714638710021973,0
2006-06-23,4.704530715942383,4.704530715942383,4.704530715942383,4.704530715942383,0
2006-06-26,4.704530715942383,4.704530715942383,4.704530715942383,4.704530715942383,0
2006-06-27,4.7095818519592285,4.7095818519592285,4.7095818519592285,4.7095818519592285,0
2006-06-28,4.704530715942383,4.704530715942383,4.704530715942383,4.704530715942383,0
2006-06-29,4.7196855545043945,4.7196855545043945,4.7196855545043945,4.7196855545043945,0
2006-06-30,4.733897686004639,4.733897686004639,4.733897686004639,4.733897686004639,0
2006-07-03,4.733897686004639,4.733897686004639,4.733897686004639,4.733897686004639,0
2006-07-05,4.7186737060546875,4.7186737060546875,4.7186737060546875,4.7186737060546875,0
2006-07-06,4.728822231292725,4.728822231292725,4.728822231292725,4.728822231292725,0
2006-07-07,4.738968849182129,4.738968849182129,4.738968849182129,4.738968849182129,0
2006-07-10,4.744044303894043,4.744044303894042,4.744044303894042,4.744044303894042,0
2006-07-11,4.749118804931641,4.749118804931641,4.749118804931641,4.749118804931641,0
2006-07-12,4.749118804931641,4.749118804931641,4.749118804931641,4.749118804931641,0
2006-07-13,4.759268283843994,4.759268283843994,4.759268283843994,4.759268283843994,0
2006-07-14,4.759268283843994,4.759268283843994,4.759268283843994,4.759268283843994,0
2006-07-17,4.759268283843994,4.759268283843994,4.759268283843994,4.759268283843994,0
2006-07-18,4.744044303894043,4.744044303894042,4.744044303894042,4.744044303894042,0
2006-07-19,4.764338493347168,4.764338493347169,4.764338493347169,4.764338493347169,0
2006-07-20,4.774486064910889,4.774486064910889,4.774486064910889,4.774486064910889,0
2006-07-21,4.769413471221924,4.769413471221924,4.769413471221924,4.769413471221924,0
2006-07-24,4.774486064910889,4.774486064910889,4.774486064910889,4.774486064910889,0
2006-07-25,4.769413471221924,4.769413471221924,4.769413471221924,4.769413471221924,0
2006-07-26,4.779560089111328,4.779560089111328,4.779560089111328,4.779560089111328,0
2006-07-27,4.779560089111328,4.779560089111328,4.779560089111328,4.779560089111328,0
2006-07-28,4.794785976409912,4.794785976409912,4.794785976409912,4.794785976409912,0
2006-07-31,4.798348426818848,4.7983484268188485,4.7983484268188485,4.7983484268188485,0
2006-08-01,4.798348426818848,4.7983484268188485,4.7983484268188485,4.7983484268188485,0
2006-08-02,4.803444862365723,4.803444862365723,4.803444862365723,4.803444862365723,0
2006-08-03,4.808537006378174,4.808537006378174,4.808537006378174,4.808537006378174,0
2006-08-04,4.8187255859375,4.8187255859375,4.8187255859375,4.8187255859375,0
2006-08-07,4.8187255859375,4.8187255859375,4.8187255859375,4.8187255859375,0
2006-08-08,4.8187255859375,4.8187255859375,4.8187255859375,4.8187255859375,0
2006-08-09,4.8187255859375,4.8187255859375,4.8187255859375,4.8187255859375,0
2006-08-10,4.8187255859375,4.8187255859375,4.8187255859375,4.8187255859375,0
2006-08-11,4.808537006378174,4.808537006378174,4.808537006378174,4.808537006378174,0
2006-08-14,4.803444862365723,4.803444862365723,4.803444862365723,4.803444862365723,0
2006-08-15,4.8187255859375,4.8187255859375,4.8187255859375,4.8187255859375,0
2006-08-16,4.834003448486328,4.834003448486328,4.834003448486328,4.834003448486328,0
2006-08-17,4.839101791381836,4.839101791381836,4.839101791381836,4.839101791381836,0
2006-08-18,4.844192028045654,4.844192028045654,4.844192028045654,4.844192028045654,0
2006-08-21,4.849287509918213,4.849287509918213,4.849287509918213,4.849287509918213,0
2006-08-22,4.849287509918213,4.849287509918213,4.849287509918213,4.849287509918213,0
2006-08-23,4.849287509918213,4.849287509918213,4.849287509918213,4.849287509918213,0
2006-08-24,4.849287509918213,4.849287509918213,4.849287509918213,4.849287509918213,0
2006-08-25,4.8543806076049805,4.8543806076049805,4.8543806076049805,4.8543806076049805,0
2006-08-28,4.8543806076049805,4.8543806076049805,4.8543806076049805,4.8543806076049805,0
2006-08-29,4.859473705291748,4.859473705291748,4.859473705291748,4.859473705291748,0
2006-08-30,4.864567279815674,4.864567279815674,4.864567279815674,4.864567279815674,0
2006-08-31,4.870707988739014,4.870707988739015,4.870707988739015,4.870707988739015,0
2006-09-01,4.870707988739014,4.870707988739015,4.870707988739015,4.870707988739015,0
2006-09-05,4.865589618682861,4.865589618682861,4.865589618682861,4.865589618682861,0
2006-09-06,4.860477924346924,4.860477924346924,4.860477924346924,4.860477924346924,0
2006-09-07,4.865589618682861,4.865589618682861,4.865589618682861,4.865589618682861,0
2006-09-08,4.870707988739014,4.870707988739015,4.870707988739015,4.870707988739015,0
2006-09-11,4.865589618682861,4.865589618682861,4.865589618682861,4.865589618682861,0
2006-09-12,4.8758225440979,4.8758225440979,4.8758225440979,4.8758225440979,0
2006-09-13,4.8758225440979,4.8758225440979,4.8758225440979,4.8758225440979,0
2006-09-14,4.870707988739014,4.870707988739015,4.870707988739015,4.870707988739015,0
2006-09-15,4.870707988739014,4.870707988739015,4.870707988739015,4.870707988739015,0
2006-09-18,4.865589618682861,4.865589618682861,4.865589618682861,4.865589618682861,0
2006-09-19,4.886057376861572,4.886057376861572,4.886057376861572,4.886057376861572,0
2006-09-20,4.886057376861572,4.886057376861572,4.886057376861572,4.886057376861572,0
2006-09-21,4.906522274017334,4.906522274017334,4.906522274017334,4.906522274017334,0
2006-09-22,4.916754722595215,4.916754722595215,4.916754722595215,4.916754722595215,0
2006-09-25,4.926987648010254,4.926987648010254,4.926987648010254,4.926987648010254,0
2006-09-26,4.921872138977051,4.921872138977051,4.921872138977051,4.921872138977051,0
2006-09-27,4.916754722595215,4.916754722595215,4.916754722595215,4.916754722595215,0
2006-09-28,4.911635875701904,4.911635875701904,4.911635875701904,4.911635875701904,0
2006-09-29,4.909583568572998,4.909583568572998,4.909583568572998,4.909583568572998,0
2006-10-02,4.919853210449219,4.919853210449219,4.919853210449219,4.919853210449219,0
2006-10-03,4.919853210449219,4.919853210449219,4.919853210449219,4.919853210449219,0
2006-10-04,4.930123805999756,4.930123805999756,4.930123805999756,4.930123805999756,0
2006-10-05,4.924990177154541,4.924990177154541,4.924990177154541,4.924990177154541,0
2006-10-06,4.90444803237915,4.904448032379151,4.904448032379151,4.904448032379151,0
2006-10-09,4.909583568572998,4.909583568572998,4.909583568572998,4.909583568572998,0
2006-10-10,4.899311065673828,4.899311065673828,4.899311065673828,4.899311065673828,0
2006-10-11,4.88904333114624,4.88904333114624,4.88904333114624,4.88904333114624,0
2006-10-12,4.894179344177246,4.894179344177246,4.894179344177246,4.894179344177246,0
2006-10-13,4.88904333114624,4.88904333114624,4.88904333114624,4.88904333114624,0
2006-10-16,4.894179344177246,4.894179344177246,4.894179344177246,4.894179344177246,0
2006-10-17,4.899311065673828,4.899311065673828,4.899311065673828,4.899311065673828,0
2006-10-18,4.90444803237915,4.904448032379151,4.904448032379151,4.904448032379151,0
2006-10-19,4.899311065673828,4.899311065673828,4.899311065673828,4.899311065673828,0
2006-10-20,4.899311065673828,4.899311065673828,4.899311065673828,4.899311065673828,0
2006-10-23,4.894179344177246,4.894179344177246,4.894179344177246,4.894179344177246,0
2006-10-24,4.894179344177246,4.894179344177246,4.894179344177246,4.894179344177246,0
2006-10-25,4.90444803237915,4.904448032379151,4.904448032379151,4.904448032379151,0
2006-10-26,4.919853210449219,4.919853210449219,4.919853210449219,4.919853210449219,0
2006-10-27,4.930123805999756,4.930123805999756,4.930123805999756,4.930123805999756,0
2006-10-30,4.930123805999756,4.930123805999756,4.930123805999756,4.930123805999756,0
2006-10-31,4.949240207672119,4.949240207672119,4.949240207672119,4.949240207672119,0
2006-11-01,4.959571361541748,4.959571361541747,4.959571361541747,4.959571361541747,0
2006-11-02,4.954404830932617,4.954404830932617,4.954404830932617,4.954404830932617,0
2006-11-03,4.92857551574707,4.92857551574707,4.92857551574707,4.92857551574707,0
2006-11-06,4.92857551574707,4.92857551574707,4.92857551574707,4.92857551574707,0
2006-11-07,4.94407320022583,4.94407320022583,4.94407320022583,4.94407320022583,0
2006-11-08,4.949240207672119,4.949240207672119,4.949240207672119,4.949240207672119,0
2006-11-09,4.949240207672119,4.949240207672119,4.949240207672119,4.949240207672119,0
2006-11-10,4.959571361541748,4.959571361541747,4.959571361541747,4.959571361541747,0
2006-11-13,4.959571361541748,4.959571361541747,4.959571361541747,4.959571361541747,0
2006-11-14,4.96474027633667,4.96474027633667,4.96474027633667,4.96474027633667,0
2006-11-15,4.954404830932617,4.954404830932617,4.954404830932617,4.954404830932617,0
2006-11-16,4.949240207672119,4.949240207672119,4.949240207672119,4.949240207672119,0
2006-11-17,4.96474027633667,4.96474027633667,4.96474027633667,4.96474027633667,0
2006-11-20,4.969907283782959,4.969907283782959,4.969907283782959,4.969907283782959,0
2006-11-21,4.969907283782959,4.969907283782959,4.969907283782959,4.969907283782959,0
2006-11-22,4.975071907043457,4.975071907043457,4.975071907043457,4.975071907043457,0
2006-11-24,4.98023796081543,4.98023796081543,4.98023796081543,4.98023796081543,0
2006-11-27,4.985400199890137,4.985400199890137,4.985400199890137,4.985400199890137,0
2006-11-28,4.990570068359375,4.990570068359375,4.990570068359375,4.990570068359375,0
2006-11-29,4.990570068359375,4.990570068359375,4.990570068359375,4.990570068359375,0
2006-11-30,5.005091190338135,5.005091190338134,5.005091190338134,5.005091190338134,0
2006-12-01,5.01546573638916,5.01546573638916,5.01546573638916,5.01546573638916,0
2006-12-04,5.01546573638916,5.01546573638916,5.01546573638916,5.01546573638916,0
2006-12-05,5.01546573638916,5.01546573638916,5.01546573638916,5.01546573638916,0
2006-12-06,5.005091190338135,5.005091190338134,5.005091190338134,5.005091190338134,0
2006-12-07,5.005091190338135,5.005091190338134,5.005091190338134,5.005091190338134,0
2006-12-08,4.989533424377441,4.989533424377441,4.989533424377441,4.989533424377441,0
2006-12-11,4.999904632568359,4.999904632568359,4.999904632568359,4.999904632568359,0
2006-12-12,5.010279655456543,5.010279655456544,5.010279655456544,5.010279655456544,0
2006-12-13,4.989533424377441,4.989533424377441,4.989533424377441,4.989533424377441,0
2006-12-14,4.984344482421875,4.984344482421875,4.984344482421875,4.984344482421875,0
2006-12-15,4.987472057342529,4.987472057342529,4.987472057342529,4.987472057342529,0
2006-12-18,4.987472057342529,4.987472057342529,4.987472057342529,4.987472057342529,0
2006-12-19,4.987472057342529,4.987472057342529,4.987472057342529,4.987472057342529,0
2006-12-20,4.987472057342529,4.987472057342529,4.987472057342529,4.987472057342529,0
2006-12-21,4.997896194458008,4.997896194458008,4.997896194458008,4.997896194458008,0
2006-12-22,4.982264518737793,4.982264518737793,4.982264518737793,4.982264518737793,0
2006-12-26,5.018743991851807,5.018743991851807,5.018743991851807,5.018743991851807,0
2006-12-27,5.008318901062012,5.008318901062013,5.008318901062013,5.008318901062013,0
2006-12-28,5.003107070922852,5.003107070922852,5.003107070922852,5.003107070922852,0
2006-12-29,4.997896194458008,4.997896194458008,4.997896194458008,4.997896194458008,0
2007-01-03,5.01353120803833,5.01353120803833,5.01353120803833,5.01353120803833,0
2007-01-04,5.029162883758545,5.029162883758545,5.029162883758545,5.029162883758545,0
2007-01-05,5.023955821990967,5.023955821990967,5.023955821990967,5.023955821990967,0
2007-01-08,5.018743991851807,5.018743991851807,5.018743991851807,5.018743991851807,0
2007-01-09,5.023955821990967,5.023955821990967,5.023955821990967,5.023955821990967,0
2007-01-10,5.018743991851807,5.018743991851807,5.018743991851807,5.018743991851807,0
2007-01-11,5.003107070922852,5.003107070922852,5.003107070922852,5.003107070922852,0
2007-01-12,4.997896194458008,4.997896194458008,4.997896194458008,4.997896194458008,0
2007-01-16,5.003107070922852,5.003107070922852,5.003107070922852,5.003107070922852,0
2007-01-17,4.997896194458008,4.997896194458008,4.997896194458008,4.997896194458008,0
2007-01-18,5.008318901062012,5.008318901062013,5.008318901062013,5.008318901062013,0
2007-01-19,5.003107070922852,5.003107070922852,5.003107070922852,5.003107070922852,0
2007-01-22,5.008318901062012,5.008318901062013,5.008318901062013,5.008318901062013,0
2007-01-23,4.997896194458008,4.997896194458008,4.997896194458008,4.997896194458008,0
2007-01-24,4.997896194458008,4.997896194458008,4.997896194458008,4.997896194458008,0
2007-01-25,4.982264518737793,4.982264518737793,4.982264518737793,4.982264518737793,0
2007-01-26,4.982264518737793,4.982264518737793,4.982264518737793,4.982264518737793,0
2007-01-29,4.982264518737793,4.982264518737793,4.982264518737793,4.982264518737793,0
2007-01-30,4.987472057342529,4.987472057342529,4.987472057342529,4.987472057342529,0
2007-01-31,4.997415542602539,4.997415542602539,4.997415542602539,4.997415542602539,0
2007-02-01,4.997415542602539,4.997415542602539,4.997415542602539,4.997415542602539,0
2007-02-02,5.002647399902344,5.002647399902344,5.002647399902344,5.002647399902344,0
2007-02-05,5.007882118225098,5.007882118225098,5.007882118225098,5.007882118225098,0
2007-02-06,5.018347263336182,5.018347263336182,5.018347263336182,5.018347263336182,0
2007-02-07,5.0235819816589355,5.0235819816589355,5.0235819816589355,5.0235819816589355,0
2007-02-08,5.028814792633057,5.028814792633057,5.028814792633057,5.028814792633057,0
2007-02-09,5.013111591339111,5.01311159133911,5.01311159133911,5.01311159133911,0
2007-02-12,5.013111591339111,5.01311159133911,5.01311159133911,5.01311159133911,0
2007-02-13,5.013111591339111,5.01311159133911,5.01311159133911,5.01311159133911,0
2007-02-14,5.028814792633057,5.028814792633057,5.028814792633057,5.028814792633057,0
2007-02-15,5.039280414581299,5.039280414581299,5.039280414581299,5.039280414581299,0
2007-02-16,5.039280414581299,5.039280414581299,5.039280414581299,5.039280414581299,0
2007-02-20,5.044514179229736,5.044514179229736,5.044514179229736,5.044514179229736,0
2007-02-21,5.044514179229736,5.044514179229736,5.044514179229736,5.044514179229736,0
2007-02-22,5.034045219421387,5.034045219421387,5.034045219421387,5.034045219421387,0
2007-02-23,5.044514179229736,5.044514179229736,5.044514179229736,5.044514179229736,0
2007-02-26,5.060211181640625,5.060211181640625,5.060211181640625,5.060211181640625,0
2007-02-27,5.081142902374268,5.081142902374268,5.081142902374268,5.081142902374268,0
2007-02-28,5.075364112854004,5.075364112854004,5.075364112854004,5.075364112854004,0
2007-03-01,5.075364112854004,5.075364112854004,5.075364112854004,5.075364112854004,0
2007-03-02,5.080617427825928,5.080617427825928,5.080617427825928,5.080617427825928,0
2007-03-05,5.080617427825928,5.080617427825928,5.080617427825928,5.080617427825928,0
2007-03-06,5.080617427825928,5.080617427825928,5.080617427825928,5.080617427825928,0
2007-03-07,5.085872173309326,5.085872173309326,5.085872173309326,5.085872173309326,0
2007-03-08,5.085872173309326,5.085872173309326,5.085872173309326,5.085872173309326,0
2007-03-09,5.07011079788208,5.07011079788208,5.07011079788208,5.07011079788208,0
2007-03-12,5.080617427825928,5.080617427825928,5.080617427825928,5.080617427825928,0
2007-03-13,5.096376895904541,5.096376895904541,5.096376895904541,5.096376895904541,0
2007-03-14,5.091125011444092,5.091125011444092,5.091125011444092,5.091125011444092,0
2007-03-15,5.085872173309326,5.085872173309326,5.085872173309326,5.085872173309326,0
2007-03-16,5.085872173309326,5.085872173309326,5.085872173309326,5.085872173309326,0
2007-03-19,5.080617427825928,5.080617427825928,5.080617427825928,5.080617427825928,0
2007-03-20,5.085872173309326,5.085872173309326,5.085872173309326,5.085872173309326,0
2007-03-21,5.096376895904541,5.096376895904541,5.096376895904541,5.096376895904541,0
2007-03-22,5.085872173309326,5.085872173309326,5.085872173309326,5.085872173309326,0
2007-03-23,5.080617427825928,5.080617427825928,5.080617427825928,5.080617427825928,0
2007-03-26,5.085872173309326,5.085872173309326,5.085872173309326,5.085872173309326,0
2007-03-27,5.080617427825928,5.080617427825928,5.080617427825928,5.080617427825928,0
2007-03-28,5.080617427825928,5.080617427825928,5.080617427825928,5.080617427825928,0
2007-03-29,5.075364112854004,5.075364112854004,5.075364112854004,5.075364112854004,0
2007-03-30,5.073252201080322,5.073252201080322,5.073252201080322,5.073252201080322,0
2007-04-02,5.0785298347473145,5.0785298347473145,5.0785298347473145,5.0785298347473145,0
2007-04-03,5.073252201080322,5.073252201080322,5.073252201080322,5.073252201080322,0
2007-04-04,5.0785298347473145,5.0785298347473145,5.0785298347473145,5.0785298347473145,0
2007-04-05,5.073252201080322,5.073252201080322,5.073252201080322,5.073252201080322,0
2007-04-09,5.062692642211914,5.062692642211914,5.062692642211914,5.062692642211914,0
2007-04-10,5.0679731369018555,5.0679731369018555,5.0679731369018555,5.0679731369018555,0
2007-04-11,5.0679731369018555,5.0679731369018555,5.0679731369018555,5.0679731369018555,0
2007-04-12,5.062692642211914,5.062692642211914,5.062692642211914,5.062692642211914,0
2007-04-13,5.062692642211914,5.062692642211914,5.062692642211914,5.062692642211914,0
2007-04-16,5.0679731369018555,5.0679731369018555,5.0679731369018555,5.0679731369018555,0
2007-04-17,5.0785298347473145,5.0785298347473145,5.0785298347473145,5.0785298347473145,0
2007-04-18,5.0890913009643555,5.0890913009643555,5.0890913009643555,5.0890913009643555,0
2007-04-19,5.0890913009643555,5.0890913009643555,5.0890913009643555,5.0890913009643555,0
2007-04-20,5.0890913009643555,5.0890913009643555,5.0890913009643555,5.0890913009643555,0
2007-04-23,5.094369888305664,5.094369888305664,5.094369888305664,5.094369888305664,0
2007-04-24,5.0996479988098145,5.0996479988098145,5.0996479988098145,5.0996479988098145,0
2007-04-25,5.094369888305664,5.094369888305664,5.094369888305664,5.094369888305664,0
2007-04-26,5.0890913009643555,5.0890913009643555,5.0890913009643555,5.0890913009643555,0
2007-04-27,5.083808898925781,5.083808898925781,5.083808898925781,5.083808898925781,0
2007-04-30,5.099714279174805,5.099714279174805,5.099714279174805,5.099714279174805,0
2007-05-01,5.099714279174805,5.099714279174805,5.099714279174805,5.099714279174805,0
2007-05-02,5.099714279174805,5.099714279174805,5.099714279174805,5.099714279174805,0
2007-05-03,5.0944132804870605,5.094413280487061,5.094413280487061,5.094413280487061,0
2007-05-04,5.099714279174805,5.099714279174805,5.099714279174805,5.099714279174805,0
2007-05-07,5.105014801025391,5.1050148010253915,5.1050148010253915,5.1050148010253915,0
2007-05-08,5.105014801025391,5.1050148010253915,5.1050148010253915,5.1050148010253915,0
2007-05-09,5.099714279174805,5.099714279174805,5.099714279174805,5.099714279174805,0
2007-05-10,5.105014801025391,5.1050148010253915,5.1050148010253915,5.1050148010253915,0
2007-05-11,5.099714279174805,5.099714279174805,5.099714279174805,5.099714279174805,0
2007-05-14,5.0944132804870605,5.094413280487061,5.094413280487061,5.094413280487061,0
2007-05-15,5.0944132804870605,5.094413280487061,5.094413280487061,5.094413280487061,0
2007-05-16,5.0944132804870605,5.094413280487061,5.094413280487061,5.094413280487061,0
2007-05-17,5.083807945251465,5.083807945251465,5.083807945251465,5.083807945251465,0
2007-05-18,5.073205947875977,5.073205947875977,5.073205947875977,5.073205947875977,0
2007-05-21,5.078505039215088,5.078505039215088,5.078505039215088,5.078505039215088,0
2007-05-22,5.073205947875977,5.073205947875977,5.073205947875977,5.073205947875977,0
2007-05-23,5.067907333374023,5.067907333374023,5.067907333374023,5.067907333374023,0
2007-05-24,5.067907333374023,5.067907333374023,5.067907333374023,5.067907333374023,0
2007-05-25,5.067907333374023,5.067907333374023,5.067907333374023,5.067907333374023,0
2007-05-29,5.062608242034912,5.062608242034911,5.062608242034911,5.062608242034911,0
2007-05-30,5.062608242034912,5.062608242034911,5.062608242034911,5.062608242034911,0
2007-05-31,5.06100606918335,5.06100606918335,5.06100606918335,5.06100606918335,0
2007-06-01,5.050351142883301,5.050351142883301,5.050351142883301,5.050351142883301,0
2007-06-04,5.0556769371032715,5.0556769371032715,5.0556769371032715,5.0556769371032715,0
2007-06-05,5.045024871826172,5.045024871826173,5.045024871826173,5.045024871826173,0
2007-06-06,5.045024871826172,5.045024871826173,5.045024871826173,5.045024871826173,0
2007-06-07,5.018389701843262,5.018389701843262,5.018389701843262,5.018389701843262,0
2007-06-08,5.013060092926025,5.013060092926025,5.013060092926025,5.013060092926025,0
2007-06-11,5.013060092926025,5.013060092926025,5.013060092926025,5.013060092926025,0
2007-06-12,4.986422061920166,4.986422061920166,4.986422061920166,4.986422061920166,0
2007-06-13,4.9970808029174805,4.9970808029174805,4.9970808029174805,4.9970808029174805,0
2007-06-14,4.9970808029174805,4.9970808029174805,4.9970808029174805,4.9970808029174805,0
2007-06-15,5.013060092926025,5.013060092926025,5.013060092926025,5.013060092926025,0
2007-06-18,5.018389701843262,5.018389701843262,5.018389701843262,5.018389701843262,0
2007-06-19,5.034372806549072,5.034372806549072,5.034372806549072,5.034372806549072,0
2007-06-20,5.023714542388916,5.023714542388916,5.023714542388916,5.023714542388916,0
2007-06-21,5.013060092926025,5.013060092926025,5.013060092926025,5.013060092926025,0
2007-06-22,5.023714542388916,5.023714542388916,5.023714542388916,5.023714542388916,0
2007-06-25,5.039697647094727,5.039697647094727,5.039697647094727,5.039697647094727,0
2007-06-26,5.034372806549072,5.034372806549072,5.034372806549072,5.034372806549072,0
2007-06-27,5.039697647094727,5.039697647094727,5.039697647094727,5.039697647094727,0
2007-06-28,5.0290422439575195,5.0290422439575195,5.0290422439575195,5.0290422439575195,0
2007-06-29,5.045094966888428,5.045094966888428,5.045094966888428,5.045094966888428,0
2007-07-02,5.05579137802124,5.05579137802124,5.05579137802124,5.05579137802124,0
2007-07-03,5.045094966888428,5.045094966888428,5.045094966888428,5.045094966888428,0
2007-07-05,5.029043674468994,5.029043674468994,5.029043674468994,5.029043674468994,0
2007-07-06,5.018340587615967,5.018340587615967,5.018340587615967,5.018340587615967,0
2007-07-09,5.029043674468994,5.029043674468994,5.029043674468994,5.029043674468994,0
2007-07-10,5.050440311431885,5.050440311431884,5.050440311431884,5.050440311431884,0
2007-07-11,5.045094966888428,5.045094966888428,5.045094966888428,5.045094966888428,0
2007-07-12,5.034393787384033,5.034393787384033,5.034393787384033,5.034393787384033,0
2007-07-13,5.039744853973389,5.039744853973389,5.039744853973389,5.039744853973389,0
2007-07-16,5.05579137802124,5.05579137802124,5.05579137802124,5.05579137802124,0
2007-07-17,5.045094966888428,5.045094966888428,5.045094966888428,5.045094966888428,0
2007-07-18,5.061141490936279,5.061141490936279,5.061141490936279,5.061141490936279,0
2007-07-19,5.05579137802124,5.05579137802124,5.05579137802124,5.05579137802124,0
2007-07-20,5.066494464874268,5.066494464874268,5.066494464874268,5.066494464874268,0
2007-07-23,5.066494464874268,5.066494464874268,5.066494464874268,5.066494464874268,0
2007-07-24,5.066494464874268,5.066494464874268,5.066494464874268,5.066494464874268,0
2007-07-25,5.071840286254883,5.071840286254883,5.071840286254883,5.071840286254883,0
2007-07-26,5.0932416915893555,5.093241691589355,5.093241691589355,5.093241691589355,0
2007-07-27,5.087890625,5.087890625,5.087890625,5.087890625,0
2007-07-30,5.08254861831665,5.08254861831665,5.08254861831665,5.08254861831665,0
2007-07-31,5.09436559677124,5.09436559677124,5.09436559677124,5.09436559677124,0
2007-08-01,5.09436559677124,5.09436559677124,5.09436559677124,5.09436559677124,0
2007-08-02,5.099740028381348,5.099740028381348,5.099740028381348,5.099740028381348,0
2007-08-03,5.115858554840088,5.115858554840088,5.115858554840088,5.115858554840088,0
2007-08-06,5.105116367340088,5.105116367340088,5.105116367340088,5.105116367340088,0
2007-08-07,5.105116367340088,5.105116367340088,5.105116367340088,5.105116367340088,0
2007-08-08,5.083617210388184,5.083617210388184,5.083617210388184,5.083617210388184,0
2007-08-09,5.09436559677124,5.09436559677124,5.09436559677124,5.09436559677124,0
2007-08-10,5.099740028381348,5.099740028381348,5.099740028381348,5.099740028381348,0
2007-08-13,5.099740028381348,5.099740028381348,5.099740028381348,5.099740028381348,0
2007-08-14,5.105116367340088,5.105116367340088,5.105116367340088,5.105116367340088,0
2007-08-15,5.105116367340088,5.105116367340088,5.105116367340088,5.105116367340088,0
2007-08-16,5.126609802246094,5.126609802246094,5.126609802246094,5.126609802246094,0
2007-08-17,5.121236801147461,5.121236801147461,5.121236801147461,5.121236801147461,0
2007-08-20,5.131982326507568,5.131982326507569,5.131982326507569,5.131982326507569,0
2007-08-21,5.142727851867676,5.142727851867676,5.142727851867676,5.142727851867676,0
2007-08-22,5.137357234954834,5.137357234954834,5.137357234954834,5.137357234954834,0
2007-08-23,5.137357234954834,5.137357234954834,5.137357234954834,5.137357234954834,0
2007-08-24,5.137357234954834,5.137357234954834,5.137357234954834,5.137357234954834,0
2007-08-27,5.148105144500732,5.148105144500732,5.148105144500732,5.148105144500732,0
2007-08-28,5.164223670959473,5.164223670959473,5.164223670959473,5.164223670959473,0
2007-08-29,5.153475284576416,5.153475284576416,5.153475284576416,5.153475284576416,0
2007-08-30,5.164223670959473,5.164223670959473,5.164223670959473,5.164223670959473,0
2007-08-31,5.155585289001465,5.155585289001465,5.155585289001465,5.155585289001465,0
2007-09-04,5.155585289001465,5.155585289001465,5.155585289001465,5.155585289001465,0
2007-09-05,5.182579517364502,5.182579517364502,5.182579517364502,5.182579517364502,0
2007-09-06,5.177179336547852,5.177179336547852,5.177179336547852,5.177179336547852,0
2007-09-07,5.209570407867432,5.209570407867432,5.209570407867432,5.209570407867432,0
2007-09-10,5.220365047454834,5.220365047454834,5.220365047454834,5.220365047454834,0
2007-09-11,5.209570407867432,5.209570407867432,5.209570407867432,5.209570407867432,0
2007-09-12,5.198774337768555,5.198774337768554,5.198774337768554,5.198774337768554,0
2007-09-13,5.182579517364502,5.182579517364502,5.182579517364502,5.182579517364502,0
2007-09-14,5.1879754066467285,5.187975406646728,5.187975406646728,5.187975406646728,0
2007-09-17,5.1879754066467285,5.187975406646728,5.187975406646728,5.187975406646728,0
2007-09-18,5.204177379608154,5.204177379608154,5.204177379608154,5.204177379608154,0
2007-09-19,5.198774337768555,5.198774337768554,5.198774337768554,5.198774337768554,0
2007-09-20,5.166380405426025,5.166380405426025,5.166380405426025,5.166380405426025,0
2007-09-21,5.177179336547852,5.177179336547852,5.177179336547852,5.177179336547852,0
2007-09-24,5.177179336547852,5.177179336547852,5.177179336547852,5.177179336547852,0
2007-09-25,5.182579517364502,5.182579517364502,5.182579517364502,5.182579517364502,0
2007-09-26,5.182579517364502,5.182579517364502,5.182579517364502,5.182579517364502,0
2007-09-27,5.193378925323486,5.193378925323486,5.193378925323486,5.193378925323486,0
2007-09-28,5.192831993103027,5.192831993103027,5.192831993103027,5.192831993103027,0
2007-10-01,5.198256015777588,5.198256015777588,5.198256015777588,5.198256015777588,0
2007-10-02,5.203675270080566,5.2036752700805655,5.2036752700805655,5.2036752700805655,0
2007-10-03,5.203675270080566,5.2036752700805655,5.2036752700805655,5.2036752700805655,0
2007-10-04,5.214517116546631,5.214517116546631,5.214517116546631,5.214517116546631,0
2007-10-05,5.187410831451416,5.187410831451416,5.187410831451416,5.187410831451416,0
2007-10-08,5.187410831451416,5.187410831451416,5.187410831451416,5.187410831451416,0
2007-10-09,5.187410831451416,5.187410831451416,5.187410831451416,5.187410831451416,0
2007-10-10,5.187410831451416,5.187410831451416,5.187410831451416,5.187410831451416,0
2007-10-11,5.192831993103027,5.192831993103027,5.192831993103027,5.192831993103027,0
2007-10-12,5.187410831451416,5.187410831451416,5.187410831451416,5.187410831451416,0
2007-10-15,5.187410831451416,5.187410831451416,5.187410831451416,5.187410831451416,0
2007-10-16,5.192831993103027,5.192831993103027,5.192831993103027,5.192831993103027,0
2007-10-17,5.219937324523926,5.219937324523926,5.219937324523926,5.219937324523926,0
2007-10-18,5.230776786804199,5.230776786804199,5.230776786804199,5.230776786804199,0
2007-10-19,5.252461910247803,5.252461910247803,5.252461910247803,5.252461910247803,0
2007-10-22,5.252461910247803,5.252461910247803,5.252461910247803,5.252461910247803,0
2007-10-23,5.252461910247803,5.252461910247803,5.252461910247803,5.252461910247803,0
2007-10-24,5.274143218994141,5.274143218994141,5.274143218994141,5.274143218994141,0
2007-10-25,5.268722057342529,5.268722057342528,5.268722057342528,5.268722057342528,0
2007-10-26,5.257878303527832,5.257878303527832,5.257878303527832,5.257878303527832,0
2007-10-29,5.263304710388184,5.263304710388184,5.263304710388184,5.263304710388184,0
2007-10-30,5.263304710388184,5.263304710388184,5.263304710388184,5.263304710388184,0
2007-10-31,5.240427494049072,5.240427494049072,5.240427494049072,5.240427494049072,0
2007-11-01,5.262209892272949,5.262209892272949,5.262209892272949,5.262209892272949,0
2007-11-02,5.278553009033203,5.278553009033203,5.278553009033203,5.278553009033203,0
2007-11-05,5.26765775680542,5.26765775680542,5.26765775680542,5.26765775680542,0
2007-11-06,5.256761074066162,5.256761074066162,5.256761074066162,5.256761074066162,0
2007-11-07,5.256761074066162,5.256761074066162,5.256761074066162,5.256761074066162,0
2007-11-08,5.26765775680542,5.26765775680542,5.26765775680542,5.26765775680542,0
2007-11-09,5.273107051849365,5.273107051849365,5.273107051849365,5.273107051849365,0
2007-11-12,5.278553009033203,5.278553009033203,5.278553009033203,5.278553009033203,0
2007-11-13,5.26765775680542,5.26765775680542,5.26765775680542,5.26765775680542,0
2007-11-14,5.26765775680542,5.26765775680542,5.26765775680542,5.26765775680542,0
2007-11-15,5.294896602630615,5.294896602630615,5.294896602630615,5.294896602630615,0
2007-11-16,5.289444446563721,5.289444446563721,5.289444446563721,5.289444446563721,0
2007-11-19,5.305791854858398,5.305791854858398,5.305791854858398,5.305791854858398,0
2007-11-20,5.3003435134887695,5.3003435134887695,5.3003435134887695,5.3003435134887695,0
2007-11-21,5.311237812042236,5.311237812042236,5.311237812042236,5.311237812042236,0
2007-11-23,5.316684722900391,5.316684722900391,5.316684722900391,5.316684722900391,0
2007-11-26,5.360269069671631,5.36026906967163,5.36026906967163,5.36026906967163,0
2007-11-27,5.333028793334961,5.333028793334961,5.333028793334961,5.333028793334961,0
2007-11-28,5.322129249572754,5.322129249572754,5.322129249572754,5.322129249572754,0
2007-11-29,5.343920707702637,5.343920707702637,5.343920707702637,5.343920707702637,0
2007-11-30,5.345012664794922,5.345012664794922,5.345012664794922,5.345012664794922,0
2007-12-03,5.361432075500488,5.361432075500488,5.361432075500488,5.361432075500488,0
2007-12-04,5.361432075500488,5.361432075500488,5.361432075500488,5.361432075500488,0
2007-12-05,5.35595703125,5.35595703125,5.35595703125,5.35595703125,0
2007-12-06,5.334074974060059,5.334074974060059,5.334074974060059,5.334074974060059,0
2007-12-07,5.301249027252197,5.301249027252197,5.301249027252197,5.301249027252197,0
2007-12-10,5.295779228210449,5.295779228210449,5.295779228210449,5.295779228210449,0
2007-12-11,5.339548110961914,5.339548110961914,5.339548110961914,5.339548110961914,0
2007-12-12,5.323134899139404,5.323134899139405,5.323134899139405,5.323134899139405,0
2007-12-13,5.3067193031311035,5.306719303131104,5.306719303131104,5.306719303131104,0
2007-12-14,5.28912878036499,5.28912878036499,5.28912878036499,5.28912878036499,0
2007-12-17,5.294622898101807,5.294622898101807,5.294622898101807,5.294622898101807,0
2007-12-18,5.316617012023926,5.316617012023926,5.316617012023926,5.316617012023926,0
2007-12-19,5.333110809326172,5.333110809326172,5.333110809326172,5.333110809326172,0
2007-12-20,5.344106197357178,5.344106197357178,5.344106197357178,5.344106197357178,0
2007-12-21,5.311116695404053,5.311116695404053,5.311116695404053,5.311116695404053,0
2007-12-24,5.3056206703186035,5.3056206703186035,5.3056206703186035,5.3056206703186035,0
2007-12-26,5.28912878036499,5.28912878036499,5.28912878036499,5.28912878036499,0
2007-12-27,5.3056206703186035,5.3056206703186035,5.3056206703186035,5.3056206703186035,0
2007-12-28,5.3386077880859375,5.3386077880859375,5.3386077880859375,5.3386077880859375,0
2007-12-31,5.355105876922607,5.3551058769226065,5.3551058769226065,5.3551058769226065,0
2008-01-02,5.388094425201416,5.388094425201416,5.388094425201416,5.388094425201416,0
2008-01-03,5.393589496612549,5.393589496612549,5.393589496612549,5.393589496612549,0
2008-01-04,5.404584884643555,5.404584884643555,5.404584884643555,5.404584884643555,0
2008-01-07,5.4100871086120605,5.4100871086120605,5.4100871086120605,5.4100871086120605,0
2008-01-08,5.4100871086120605,5.4100871086120605,5.4100871086120605,5.4100871086120605,0
2008-01-09,5.41558313369751,5.41558313369751,5.41558313369751,5.41558313369751,0
2008-01-10,5.393589496612549,5.393589496612549,5.393589496612549,5.393589496612549,0
2008-01-11,5.41558313369751,5.41558313369751,5.41558313369751,5.41558313369751,0
2008-01-14,5.426578998565674,5.426578998565673,5.426578998565673,5.426578998565673,0
2008-01-15,5.437579154968262,5.437579154968262,5.437579154968262,5.437579154968262,0
2008-01-16,5.437579154968262,5.437579154968262,5.437579154968262,5.437579154968262,0
2008-01-17,5.448572635650635,5.448572635650635,5.448572635650635,5.448572635650635,0
2008-01-18,5.44307279586792,5.443072795867919,5.443072795867919,5.443072795867919,0
2008-01-22,5.481558322906494,5.481558322906494,5.481558322906494,5.481558322906494,0
2008-01-23,5.487056732177734,5.487056732177734,5.487056732177734,5.487056732177734,0
2008-01-24,5.437579154968262,5.437579154968262,5.437579154968262,5.437579154968262,0
2008-01-25,5.454066753387451,5.454066753387451,5.454066753387451,5.454066753387451,0
2008-01-28,5.45956563949585,5.45956563949585,5.45956563949585,5.45956563949585,0
2008-01-29,5.448572635650635,5.448572635650635,5.448572635650635,5.448572635650635,0
2008-01-30,5.4320783615112305,5.4320783615112305,5.4320783615112305,5.4320783615112305,0
2008-01-31,5.454713344573975,5.4547133445739755,5.4547133445739755,5.4547133445739755,0
2008-02-01,5.465755462646484,5.465755462646484,5.465755462646484,5.465755462646484,0
2008-02-04,5.454713344573975,5.4547133445739755,5.4547133445739755,5.4547133445739755,0
2008-02-05,5.471275806427002,5.471275806427001,5.471275806427001,5.471275806427001,0
2008-02-06,5.4602370262146,5.4602370262146,5.4602370262146,5.4602370262146,0
2008-02-07,5.43263053894043,5.43263053894043,5.43263053894043,5.43263053894043,0
2008-02-08,5.449192523956299,5.449192523956299,5.449192523956299,5.449192523956299,0
2008-02-11,5.454713344573975,5.4547133445739755,5.4547133445739755,5.4547133445739755,0
2008-02-12,5.438151836395264,5.438151836395264,5.438151836395264,5.438151836395264,0
2008-02-13,5.43263053894043,5.43263053894043,5.43263053894043,5.43263053894043,0
2008-02-14,5.399504661560059,5.399504661560059,5.399504661560059,5.399504661560059,0
2008-02-15,5.405023097991943,5.405023097991943,5.405023097991943,5.405023097991943,0
2008-02-19,5.377419471740723,5.377419471740723,5.377419471740723,5.377419471740723,0
2008-02-20,5.371896266937256,5.371896266937256,5.371896266937256,5.371896266937256,0
2008-02-21,5.410546779632568,5.410546779632568,5.410546779632568,5.410546779632568,0
2008-02-22,5.399504661560059,5.399504661560059,5.399504661560059,5.399504661560059,0
2008-02-25,5.377419471740723,5.377419471740723,5.377419471740723,5.377419471740723,0
2008-02-26,5.393982887268066,5.393982887268066,5.393982887268066,5.393982887268066,0
2008-02-27,5.405023097991943,5.405023097991943,5.405023097991943,5.405023097991943,0
2008-02-28,5.438151836395264,5.438151836395264,5.438151836395264,5.438151836395264,0
2008-02-29,5.475837230682373,5.475837230682373,5.475837230682373,5.475837230682373,0
2008-03-03,5.4702959060668945,5.4702959060668945,5.4702959060668945,5.4702959060668945,0
2008-03-04,5.448123931884766,5.448123931884766,5.448123931884766,5.448123931884766,0
2008-03-05,5.409328460693359,5.409328460693359,5.409328460693359,5.409328460693359,0
2008-03-06,5.398243427276611,5.398243427276611,5.398243427276611,5.398243427276611,0
2008-03-07,5.420416355133057,5.420416355133057,5.420416355133057,5.420416355133057,0
2008-03-10,5.437039852142334,5.437039852142334,5.437039852142334,5.437039852142334,0
2008-03-11,5.409328460693359,5.409328460693359,5.409328460693359,5.409328460693359,0
2008-03-12,5.448123931884766,5.448123931884766,5.448123931884766,5.448123931884766,0
2008-03-13,5.437039852142334,5.437039852142334,5.437039852142334,5.437039852142334,0
2008-03-14,5.46475076675415,5.46475076675415,5.46475076675415,5.46475076675415,0
2008-03-17,5.498004913330078,5.498004913330078,5.498004913330078,5.498004913330078,0
2008-03-18,5.475837230682373,5.475837230682373,5.475837230682373,5.475837230682373,0
2008-03-19,5.503549575805664,5.503549575805664,5.503549575805664,5.503549575805664,0
2008-03-20,5.509090423583984,5.5090904235839835,5.5090904235839835,5.5090904235839835,0
2008-03-24,5.4702959060668945,5.4702959060668945,5.4702959060668945,5.4702959060668945,0
2008-03-25,5.475837230682373,5.475837230682373,5.475837230682373,5.475837230682373,0
2008-03-26,5.481383323669434,5.481383323669434,5.481383323669434,5.481383323669434,0
2008-03-27,5.4702959060668945,5.4702959060668945,5.4702959060668945,5.4702959060668945,0
2008-03-28,5.481383323669434,5.481383323669434,5.481383323669434,5.481383323669434,0
2008-03-31,5.498632431030273,5.498632431030273,5.498632431030273,5.498632431030273,0
2008-04-01,5.47080135345459,5.47080135345459,5.47080135345459,5.47080135345459,0
2008-04-02,5.459672927856445,5.459672927856445,5.459672927856445,5.459672927856445,0
2008-04-03,5.465239524841309,5.465239524841309,5.465239524841309,5.465239524841309,0
2008-04-04,5.498632431030273,5.498632431030273,5.498632431030273,5.498632431030273,0
2008-04-07,5.48750114440918,5.48750114440918,5.48750114440918,5.48750114440918,0
2008-04-08,5.48750114440918,5.48750114440918,5.48750114440918,5.48750114440918,0
2008-04-09,5.509765148162842,5.509765148162842,5.509765148162842,5.509765148162842,0
2008-04-10,5.493067741394043,5.493067741394043,5.493067741394043,5.493067741394043,0
2008-04-11,5.504201889038086,5.504201889038086,5.504201889038086,5.504201889038086,0
2008-04-14,5.498632431030273,5.498632431030273,5.498632431030273,5.498632431030273,0
2008-04-15,5.48193883895874,5.48193883895874,5.48193883895874,5.48193883895874,0
2008-04-16,5.448543548583984,5.448543548583984,5.448543548583984,5.448543548583984,0
2008-04-17,5.442981243133545,5.442981243133545,5.442981243133545,5.442981243133545,0
2008-04-18,5.448543548583984,5.448543548583984,5.448543548583984,5.448543548583984,0
2008-04-21,5.465239524841309,5.465239524841309,5.465239524841309,5.465239524841309,0
2008-04-22,5.47080135345459,5.47080135345459,5.47080135345459,5.47080135345459,0
2008-04-23,5.47080135345459,5.47080135345459,5.47080135345459,5.47080135345459,0
2008-04-24,5.442981243133545,5.442981243133545,5.442981243133545,5.442981243133545,0
2008-04-25,5.437413215637207,5.437413215637207,5.437413215637207,5.437413215637207,0
2008-04-28,5.454112529754639,5.454112529754638,5.454112529754638,5.454112529754638,0
2008-04-29,5.459672927856445,5.459672927856445,5.459672927856445,5.459672927856445,0
2008-04-30,5.477001667022705,5.477001667022704,5.477001667022704,5.477001667022704,0
2008-05-01,5.482588291168213,5.482588291168214,5.482588291168214,5.482588291168214,0
2008-05-02,5.465823650360107,5.465823650360108,5.465823650360108,5.465823650360108,0
2008-05-05,5.471410751342773,5.471410751342773,5.471410751342773,5.471410751342773,0
2008-05-06,5.460234642028809,5.460234642028809,5.460234642028809,5.460234642028809,0
2008-05-07,5.471410751342773,5.471410751342773,5.471410751342773,5.471410751342773,0
2008-05-08,5.4881768226623535,5.488176822662354,5.488176822662354,5.488176822662354,0
2008-05-09,5.4881768226623535,5.488176822662354,5.488176822662354,5.488176822662354,0
2008-05-12,5.4881768226623535,5.488176822662354,5.488176822662354,5.488176822662354,0
2008-05-13,5.449057579040527,5.449057579040527,5.449057579040527,5.449057579040527,0
2008-05-14,5.443467140197754,5.443467140197754,5.443467140197754,5.443467140197754,0
2008-05-15,5.471410751342773,5.471410751342773,5.471410751342773,5.471410751342773,0
2008-05-16,5.477001667022705,5.477001667022704,5.477001667022704,5.477001667022704,0
2008-05-19,5.482588291168213,5.482588291168214,5.482588291168214,5.482588291168214,0
2008-05-20,5.499356746673584,5.499356746673584,5.499356746673584,5.499356746673584,0
2008-05-21,5.4881768226623535,5.488176822662354,5.488176822662354,5.488176822662354,0
2008-05-22,5.460234642028809,5.460234642028809,5.460234642028809,5.460234642028809,0
2008-05-23,5.477001667022705,5.477001667022704,5.477001667022704,5.477001667022704,0
2008-05-27,5.454646587371826,5.454646587371826,5.454646587371826,5.454646587371826,0
2008-05-28,5.4322896003723145,5.4322896003723145,5.4322896003723145,5.4322896003723145,0
2008-05-29,5.415525436401367,5.415525436401367,5.415525436401367,5.415525436401367,0
2008-05-30,5.425621509552002,5.425621509552002,5.425621509552002,5.425621509552002,0
2008-06-02,5.448062896728516,5.448062896728516,5.448062896728516,5.448062896728516,0
2008-06-03,5.464896202087402,5.464896202087402,5.464896202087402,5.464896202087402,0
2008-06-04,5.448062896728516,5.448062896728516,5.448062896728516,5.448062896728516,0
2008-06-05,5.431234359741211,5.431234359741211,5.431234359741211,5.431234359741211,0
2008-06-06,5.448062896728516,5.448062896728516,5.448062896728516,5.448062896728516,0
2008-06-09,5.425621509552002,5.425621509552002,5.425621509552002,5.425621509552002,0
2008-06-10,5.386346817016602,5.386346817016602,5.386346817016602,5.386346817016602,0
2008-06-11,5.403176784515381,5.403176784515381,5.403176784515381,5.403176784515381,0
2008-06-12,5.369514465332031,5.369514465332031,5.369514465332031,5.369514465332031,0
2008-06-13,5.352681636810303,5.352681636810303,5.352681636810303,5.352681636810303,0
2008-06-16,5.358293056488037,5.358293056488037,5.358293056488037,5.358293056488037,0
2008-06-17,5.375123977661133,5.375123977661133,5.375123977661133,5.375123977661133,0
2008-06-18,5.39756965637207,5.39756965637207,5.39756965637207,5.39756965637207,0
2008-06-19,5.386346817016602,5.386346817016602,5.386346817016602,5.386346817016602,0
2008-06-20,5.39756965637207,5.39756965637207,5.39756965637207,5.39756965637207,0
2008-06-23,5.386346817016602,5.386346817016602,5.386346817016602,5.386346817016602,0
2008-06-24,5.39756965637207,5.39756965637207,5.39756965637207,5.39756965637207,0
2008-06-25,5.39756965637207,5.39756965637207,5.39756965637207,5.39756965637207,0
2008-06-26,5.414401531219482,5.414401531219482,5.414401531219482,5.414401531219482,0
2008-06-27,5.425621509552002,5.425621509552002,5.425621509552002,5.425621509552002,0
2008-06-30,5.434634685516357,5.434634685516357,5.434634685516357,5.434634685516357,0
2008-07-01,5.423370361328125,5.423370361328124,5.423370361328124,5.423370361328124,0
2008-07-02,5.4290032386779785,5.4290032386779785,5.4290032386779785,5.4290032386779785,0
2008-07-03,5.423370361328125,5.423370361328124,5.423370361328124,5.423370361328124,0
2008-07-07,5.434634685516357,5.434634685516357,5.434634685516357,5.434634685516357,0
2008-07-08,5.451529026031494,5.451529026031494,5.451529026031494,5.451529026031494,0
2008-07-09,5.468423366546631,5.468423366546631,5.468423366546631,5.468423366546631,0
2008-07-10,5.474057197570801,5.474057197570801,5.474057197570801,5.474057197570801,0
2008-07-11,5.440265655517578,5.440265655517578,5.440265655517578,5.440265655517578,0
2008-07-14,5.4627885818481445,5.462788581848145,5.462788581848145,5.462788581848145,0
2008-07-15,5.468423366546631,5.468423366546631,5.468423366546631,5.468423366546631,0
2008-07-16,5.440265655517578,5.440265655517578,5.440265655517578,5.440265655517578,0
2008-07-17,5.40084171295166,5.40084171295166,5.40084171295166,5.40084171295166,0
2008-07-18,5.383944988250732,5.383944988250732,5.383944988250732,5.383944988250732,0
2008-07-21,5.389581680297852,5.3895816802978525,5.3895816802978525,5.3895816802978525,0
2008-07-22,5.383944988250732,5.383944988250732,5.383944988250732,5.383944988250732,0
2008-07-23,5.378314018249512,5.378314018249512,5.378314018249512,5.378314018249512,0
2008-07-24,5.423370361328125,5.423370361328124,5.423370361328124,5.423370361328124,0
2008-07-25,5.389581680297852,5.3895816802978525,5.3895816802978525,5.3895816802978525,0
2008-07-28,5.423370361328125,5.423370361328124,5.423370361328124,5.423370361328124,0
2008-07-29,5.412107467651367,5.412107467651367,5.412107467651367,5.412107467651367,0
2008-07-30,5.417738914489746,5.417738914489746,5.417738914489746,5.417738914489746,0
2008-07-31,5.430182456970215,5.430182456970215,5.430182456970215,5.430182456970215,0
2008-08-01,5.435842514038086,5.435842514038086,5.435842514038086,5.435842514038086,0
2008-08-04,5.424525260925293,5.424525260925293,5.424525260925293,5.424525260925293,0
2008-08-05,5.418868064880371,5.418868064880371,5.418868064880371,5.418868064880371,0
2008-08-06,5.401899337768555,5.401899337768556,5.401899337768556,5.401899337768556,0
2008-08-07,5.430182456970215,5.430182456970215,5.430182456970215,5.430182456970215,0
2008-08-08,5.430182456970215,5.430182456970215,5.430182456970215,5.430182456970215,0
2008-08-11,5.413212299346924,5.413212299346924,5.413212299346924,5.413212299346924,0
2008-08-12,5.435842514038086,5.435842514038086,5.435842514038086,5.435842514038086,0
2008-08-13,5.430182456970215,5.430182456970215,5.430182456970215,5.430182456970215,0
2008-08-14,5.441494464874268,5.441494464874268,5.441494464874268,5.441494464874268,0
2008-08-15,5.4584641456604,5.4584641456604,5.4584641456604,5.4584641456604,0
2008-08-18,5.4584641456604,5.4584641456604,5.4584641456604,5.4584641456604,0
2008-08-19,5.452812194824219,5.452812194824219,5.452812194824219,5.452812194824219,0
2008-08-20,5.4754319190979,5.4754319190979,5.4754319190979,5.4754319190979,0
2008-08-21,5.464125633239746,5.464125633239746,5.464125633239746,5.464125633239746,0
2008-08-22,5.452812194824219,5.452812194824219,5.452812194824219,5.452812194824219,0
2008-08-25,5.4754319190979,5.4754319190979,5.4754319190979,5.4754319190979,0
2008-08-26,5.4754319190979,5.4754319190979,5.4754319190979,5.4754319190979,0
2008-08-27,5.486746788024902,5.486746788024902,5.486746788024902,5.486746788024902,0
2008-08-28,5.4810919761657715,5.4810919761657715,5.4810919761657715,5.4810919761657715,0
2008-08-29,5.478253364562988,5.478253364562988,5.478253364562988,5.478253364562988,0
2008-09-02,5.495282173156738,5.495282173156738,5.495282173156738,5.495282173156738,0
2008-09-03,5.506633281707764,5.506633281707765,5.506633281707765,5.506633281707765,0
2008-09-04,5.5236687660217285,5.5236687660217285,5.5236687660217285,5.5236687660217285,0
2008-09-05,5.512310981750488,5.512310981750488,5.512310981750488,5.512310981750488,0
2008-09-08,5.5577263832092285,5.5577263832092285,5.5577263832092285,5.5577263832092285,0
2008-09-09,5.563408374786377,5.563408374786377,5.563408374786377,5.563408374786377,0
2008-09-10,5.552051544189453,5.552051544189453,5.552051544189453,5.552051544189453,0
2008-09-11,5.552051544189453,5.552051544189453,5.552051544189453,5.552051544189453,0
2008-09-12,5.529345989227295,5.529345989227295,5.529345989227295,5.529345989227295,0
2008-09-15,5.552051544189453,5.552051544189453,5.552051544189453,5.552051544189453,0
2008-09-16,5.517990589141846,5.517990589141847,5.517990589141847,5.517990589141847,0
2008-09-17,5.517990589141846,5.517990589141847,5.517990589141847,5.517990589141847,0
2008-09-18,5.506633281707764,5.506633281707765,5.506633281707765,5.506633281707765,0
2008-09-19,5.478253364562988,5.478253364562988,5.478253364562988,5.478253364562988,0
2008-09-22,5.4668989181518555,5.4668989181518555,5.4668989181518555,5.4668989181518555,0
2008-09-23,5.455545902252197,5.455545902252197,5.455545902252197,5.455545902252197,0
2008-09-24,5.461221218109131,5.461221218109131,5.461221218109131,5.461221218109131,0
2008-09-25,5.438511848449707,5.438511848449707,5.438511848449707,5.438511848449707,0
2008-09-26,5.432836055755615,5.432836055755615,5.432836055755615,5.432836055755615,0
2008-09-29,5.472578525543213,5.472578525543213,5.472578525543213,5.472578525543213,0
2008-09-30,5.4150071144104,5.4150071144104,5.4150071144104,5.4150071144104,0
2008-10-01,5.426407814025879,5.426407814025879,5.426407814025879,5.426407814025879,0
2008-10-02,5.437806129455566,5.437806129455566,5.437806129455566,5.437806129455566,0
2008-10-03,5.443503379821777,5.443503379821777,5.443503379821777,5.443503379821777,0
2008-10-06,5.483405113220215,5.483405113220215,5.483405113220215,5.483405113220215,0
2008-10-07,5.460605621337891,5.460605621337891,5.460605621337891,5.460605621337891,0
2008-10-08,5.409308433532715,5.409308433532715,5.409308433532715,5.409308433532715,0
2008-10-09,5.363709926605225,5.363709926605225,5.363709926605225,5.363709926605225,0
2008-10-10,5.318103313446045,5.318103313446045,5.318103313446045,5.318103313446045,0
2008-10-13,5.318103313446045,5.318103313446045,5.318103313446045,5.318103313446045,0
2008-10-14,5.306704044342041,5.306704044342041,5.306704044342041,5.306704044342041,0
2008-10-15,5.306704044342041,5.306704044342041,5.306704044342041,5.306704044342041,0
2008-10-16,5.306704044342041,5.306704044342041,5.306704044342041,5.306704044342041,0
2008-10-17,5.30100679397583,5.301006793975829,5.301006793975829,5.301006793975829,0
2008-10-20,5.3295063972473145,5.3295063972473145,5.3295063972473145,5.3295063972473145,0
2008-10-21,5.375106334686279,5.37510633468628,5.37510633468628,5.37510633468628,0
2008-10-22,5.38650369644165,5.38650369644165,5.38650369644165,5.38650369644165,0
2008-10-23,5.39220666885376,5.39220666885376,5.39220666885376,5.39220666885376,0
2008-10-24,5.3466033935546875,5.3466033935546875,5.3466033935546875,5.3466033935546875,0
2008-10-27,5.323803424835205,5.323803424835205,5.323803424835205,5.323803424835205,0
2008-10-28,5.30100679397583,5.301006793975829,5.301006793975829,5.301006793975829,0
2008-10-29,5.295305252075195,5.295305252075195,5.295305252075195,5.295305252075195,0
2008-10-30,5.295305252075195,5.295305252075195,5.295305252075195,5.295305252075195,0
2008-10-31,5.2907257080078125,5.2907257080078125,5.2907257080078125,5.2907257080078125,0
2008-11-03,5.313628673553467,5.313628673553467,5.313628673553467,5.313628673553467,0
2008-11-04,5.365159511566162,5.365159511566162,5.365159511566162,5.365159511566162,0
2008-11-05,5.388068199157715,5.388068199157715,5.388068199157715,5.388068199157715,0
2008-11-06,5.3823394775390625,5.3823394775390625,5.3823394775390625,5.3823394775390625,0
2008-11-07,5.370884895324707,5.370884895324707,5.370884895324707,5.370884895324707,0
2008-11-10,5.3823394775390625,5.3823394775390625,5.3823394775390625,5.3823394775390625,0
2008-11-11,5.3823394775390625,5.3823394775390625,5.3823394775390625,5.3823394775390625,0
2008-11-12,5.4052414894104,5.4052414894103995,5.4052414894103995,5.4052414894103995,0
2008-11-13,5.376611709594727,5.376611709594726,5.376611709594726,5.376611709594726,0
2008-11-14,5.3823394775390625,5.3823394775390625,5.3823394775390625,5.3823394775390625,0
2008-11-17,5.388068199157715,5.388068199157715,5.388068199157715,5.388068199157715,0
2008-11-18,5.388068199157715,5.388068199157715,5.388068199157715,5.388068199157715,0
2008-11-19,5.393793106079102,5.393793106079102,5.393793106079102,5.393793106079102,0
2008-11-20,5.4052414894104,5.4052414894103995,5.4052414894103995,5.4052414894103995,0
2008-11-21,5.4052414894104,5.4052414894103995,5.4052414894103995,5.4052414894103995,0
2008-11-24,5.393793106079102,5.393793106079102,5.393793106079102,5.393793106079102,0
2008-11-25,5.462501049041748,5.462501049041748,5.462501049041748,5.462501049041748,0
2008-11-26,5.473952770233154,5.473952770233154,5.473952770233154,5.473952770233154,0
2008-11-28,5.494067668914795,5.494067668914795,5.494067668914795,5.494067668914795,0
2008-12-01,5.511308670043945,5.511308670043945,5.511308670043945,5.511308670043945,0
2008-12-02,5.517054080963135,5.517054080963135,5.517054080963135,5.517054080963135,0
2008-12-03,5.517054080963135,5.517054080963135,5.517054080963135,5.517054080963135,0
2008-12-04,5.545790195465088,5.545790195465088,5.545790195465088,5.545790195465088,0
2008-12-05,5.5285491943359375,5.5285491943359375,5.5285491943359375,5.5285491943359375,0
2008-12-08,5.52280330657959,5.522803306579589,5.522803306579589,5.522803306579589,0
2008-12-09,5.540046691894531,5.540046691894531,5.540046691894531,5.540046691894531,0
2008-12-10,5.557284832000732,5.557284832000732,5.557284832000732,5.557284832000732,0
2008-12-11,5.568777561187744,5.568777561187744,5.568777561187744,5.568777561187744,0
2008-12-12,5.574522018432617,5.574522018432617,5.574522018432617,5.574522018432617,0
2008-12-15,5.585501670837402,5.585501670837402,5.585501670837402,5.585501670837402,0
2008-12-16,5.6201581954956055,5.6201581954956055,5.6201581954956055,5.6201581954956055,0
2008-12-17,5.654810428619385,5.654810428619385,5.654810428619385,5.654810428619385,0
2008-12-18,5.677919387817383,5.677919387817383,5.677919387817383,5.677919387817383,0
2008-12-19,5.672140121459961,5.672140121459961,5.672140121459961,5.672140121459961,0
2008-12-22,5.666364669799805,5.666364669799805,5.666364669799805,5.666364669799805,0
2008-12-23,5.666364669799805,5.666364669799805,5.666364669799805,5.666364669799805,0
2008-12-24,5.666364669799805,5.666364669799805,5.666364669799805,5.666364669799805,0
2008-12-26,5.677919387817383,5.677919387817383,5.677919387817383,5.677919387817383,0
2008-12-29,5.683691501617432,5.683691501617432,5.683691501617432,5.683691501617432,0
2008-12-30,5.689466953277588,5.689466953277588,5.689466953277588,5.689466953277588,0
2008-12-31,5.672140121459961,5.672140121459961,5.672140121459961,5.672140121459961,0
2009-01-02,5.643259048461914,5.643259048461915,5.643259048461915,5.643259048461915,0
2009-01-05,5.64903450012207,5.64903450012207,5.64903450012207,5.64903450012207,0
2009-01-06,5.666364669799805,5.666364669799805,5.666364669799805,5.666364669799805,0
2009-01-07,5.672140121459961,5.672140121459961,5.672140121459961,5.672140121459961,0
2009-01-08,5.689466953277588,5.689466953277588,5.689466953277588,5.689466953277588,0
2009-01-09,5.695245742797852,5.695245742797852,5.695245742797852,5.695245742797852,0
2009-01-12,5.712573528289795,5.712573528289795,5.712573528289795,5.712573528289795,0
2009-01-13,5.70680046081543,5.706800460815431,5.706800460815431,5.706800460815431,0
2009-01-14,5.712573528289795,5.712573528289795,5.712573528289795,5.712573528289795,0
2009-01-15,5.70680046081543,5.706800460815431,5.706800460815431,5.706800460815431,0
2009-01-16,5.695245742797852,5.695245742797852,5.695245742797852,5.695245742797852,0
2009-01-20,5.689466953277588,5.689466953277588,5.689466953277588,5.689466953277588,0
2009-01-21,5.654810428619385,5.654810428619385,5.654810428619385,5.654810428619385,0
2009-01-22,5.64903450012207,5.64903450012207,5.64903450012207,5.64903450012207,0
2009-01-23,5.64903450012207,5.64903450012207,5.64903450012207,5.64903450012207,0
2009-01-26,5.654810428619385,5.654810428619385,5.654810428619385,5.654810428619385,0
2009-01-27,5.677919387817383,5.677919387817383,5.677919387817383,5.677919387817383,0
2009-01-28,5.660593032836914,5.660593032836914,5.660593032836914,5.660593032836914,0
2009-01-29,5.631712436676025,5.631712436676025,5.631712436676025,5.631712436676025,0
2009-01-30,5.629968166351318,5.629968166351318,5.629968166351318,5.629968166351318,0
2009-02-02,5.653163433074951,5.653163433074951,5.653163433074951,5.653163433074951,0
2009-02-03,5.629968166351318,5.629968166351318,5.629968166351318,5.629968166351318,0
2009-02-04,5.624168872833252,5.624168872833252,5.624168872833252,5.624168872833252,0
2009-02-05,5.624168872833252,5.624168872833252,5.624168872833252,5.624168872833252,0
2009-02-06,5.618372440338135,5.618372440338136,5.618372440338136,5.618372440338136,0
2009-02-09,5.618372440338135,5.618372440338136,5.618372440338136,5.618372440338136,0
2009-02-10,5.653163433074951,5.653163433074951,5.653163433074951,5.653163433074951,0
2009-02-11,5.670553207397461,5.670553207397461,5.670553207397461,5.670553207397461,0
2009-02-12,5.6763505935668945,5.6763505935668945,5.6763505935668945,5.6763505935668945,0
2009-02-13,5.641565799713135,5.641565799713135,5.641565799713135,5.641565799713135,0
2009-02-17,5.682156562805176,5.682156562805176,5.682156562805176,5.682156562805176,0
2009-02-18,5.66475772857666,5.664757728576659,5.664757728576659,5.664757728576659,0
2009-02-19,5.641565799713135,5.641565799713135,5.641565799713135,5.641565799713135,0
2009-02-20,5.647363185882568,5.647363185882568,5.647363185882568,5.647363185882568,0
2009-02-23,5.647363185882568,5.647363185882568,5.647363185882568,5.647363185882568,0
2009-02-24,5.641565799713135,5.641565799713135,5.641565799713135,5.641565799713135,0
2009-02-25,5.61257266998291,5.61257266998291,5.61257266998291,5.61257266998291,0
2009-02-26,5.61257266998291,5.61257266998291,5.61257266998291,5.61257266998291,0
2009-02-27,5.608504295349121,5.608504295349122,5.608504295349122,5.608504295349122,0
2009-03-02,5.625956058502197,5.625956058502197,5.625956058502197,5.625956058502197,0
2009-03-03,5.620140552520752,5.620140552520752,5.620140552520752,5.620140552520752,0
2009-03-04,5.602682590484619,5.602682590484619,5.602682590484619,5.602682590484619,0
2009-03-05,5.631771087646484,5.631771087646484,5.631771087646484,5.631771087646484,0
2009-03-06,5.625956058502197,5.625956058502197,5.625956058502197,5.625956058502197,0
2009-03-09,5.608504295349121,5.608504295349122,5.608504295349122,5.608504295349122,0
2009-03-10,5.596864700317383,5.596864700317383,5.596864700317383,5.596864700317383,0
2009-03-11,5.608504295349121,5.608504295349122,5.608504295349122,5.608504295349122,0
2009-03-12,5.614320278167725,5.614320278167725,5.614320278167725,5.614320278167725,0
2009-03-13,5.614320278167725,5.614320278167725,5.614320278167725,5.614320278167725,0
2009-03-16,5.608504295349121,5.608504295349122,5.608504295349122,5.608504295349122,0
2009-03-17,5.602682590484619,5.602682590484619,5.602682590484619,5.602682590484619,0
2009-03-18,5.672500133514404,5.672500133514404,5.672500133514404,5.672500133514404,0
2009-03-19,5.666683673858643,5.666683673858643,5.666683673858643,5.666683673858643,0
2009-03-20,5.660864353179932,5.660864353179932,5.660864353179932,5.660864353179932,0
2009-03-23,5.660864353179932,5.660864353179932,5.660864353179932,5.660864353179932,0
2009-03-24,5.660864353179932,5.660864353179932,5.660864353179932,5.660864353179932,0
2009-03-25,5.6550469398498535,5.655046939849853,5.655046939849853,5.655046939849853,0
2009-03-26,5.666683673858643,5.666683673858643,5.666683673858643,5.666683673858643,0
2009-03-27,5.666683673858643,5.666683673858643,5.666683673858643,5.666683673858643,0
2009-03-30,5.672500133514404,5.672500133514404,5.672500133514404,5.672500133514404,0
2009-03-31,5.684182167053223,5.684182167053222,5.684182167053222,5.684182167053222,0
2009-04-01,5.690021991729736,5.690021991729736,5.690021991729736,5.690021991729736,0
2009-04-02,5.678340435028076,5.678340435028075,5.678340435028075,5.678340435028075,0
2009-04-03,5.654974937438965,5.654974937438965,5.654974937438965,5.654974937438965,0
2009-04-06,5.654974937438965,5.654974937438965,5.654974937438965,5.654974937438965,0
2009-04-07,5.660816669464111,5.660816669464111,5.660816669464111,5.660816669464111,0
2009-04-08,5.678340435028076,5.678340435028075,5.678340435028075,5.678340435028075,0
2009-04-09,5.6666579246521,5.6666579246521,5.6666579246521,5.6666579246521,0
2009-04-13,5.690021991729736,5.690021991729736,5.690021991729736,5.690021991729736,0
2009-04-14,5.701711654663086,5.701711654663086,5.701711654663086,5.701711654663086,0
2009-04-15,5.7133893966674805,5.7133893966674805,5.7133893966674805,5.7133893966674805,0
2009-04-16,5.707550525665283,5.707550525665283,5.707550525665283,5.707550525665283,0
2009-04-17,5.690021991729736,5.690021991729736,5.690021991729736,5.690021991729736,0
2009-04-20,5.7133893966674805,5.7133893966674805,5.7133893966674805,5.7133893966674805,0
2009-04-21,5.695868968963623,5.695868968963623,5.695868968963623,5.695868968963623,0
2009-04-22,5.690021991729736,5.690021991729736,5.690021991729736,5.690021991729736,0
2009-04-23,5.701711654663086,5.701711654663086,5.701711654663086,5.701711654663086,0
2009-04-24,5.690021991729736,5.690021991729736,5.690021991729736,5.690021991729736,0
2009-04-27,5.707550525665283,5.707550525665283,5.707550525665283,5.707550525665283,0
2009-04-28,5.701711654663086,5.701711654663086,5.701711654663086,5.701711654663086,0
2009-04-29,5.695868968963623,5.695868968963623,5.695868968963623,5.695868968963623,0
2009-04-30,5.69762659072876,5.69762659072876,5.69762659072876,5.69762659072876,0
2009-05-01,5.6917643547058105,5.6917643547058105,5.6917643547058105,5.6917643547058105,0
2009-05-04,5.703486919403076,5.703486919403076,5.703486919403076,5.703486919403076,0
2009-05-05,5.709348678588867,5.709348678588867,5.709348678588867,5.709348678588867,0
2009-05-06,5.715211391448975,5.715211391448975,5.715211391448975,5.715211391448975,0
2009-05-07,5.703486919403076,5.703486919403076,5.703486919403076,5.703486919403076,0
2009-05-08,5.703486919403076,5.703486919403076,5.703486919403076,5.703486919403076,0
2009-05-11,5.732795238494873,5.732795238494873,5.732795238494873,5.732795238494873,0
2009-05-12,5.732795238494873,5.732795238494873,5.732795238494873,5.732795238494873,0
2009-05-13,5.750378608703613,5.750378608703613,5.750378608703613,5.750378608703613,0
2009-05-14,5.744521141052246,5.744521141052246,5.744521141052246,5.744521141052246,0
2009-05-15,5.744521141052246,5.744521141052246,5.744521141052246,5.744521141052246,0
2009-05-18,5.732795238494873,5.732795238494873,5.732795238494873,5.732795238494873,0
2009-05-19,5.7386579513549805,5.738657951354981,5.738657951354981,5.738657951354981,0
2009-05-20,5.7621026039123535,5.762102603912354,5.762102603912354,5.762102603912354,0
2009-05-21,5.7386579513549805,5.738657951354981,5.738657951354981,5.738657951354981,0
2009-05-22,5.721073150634766,5.7210731506347665,5.7210731506347665,5.7210731506347665,0
2009-05-26,5.715211391448975,5.715211391448975,5.715211391448975,5.715211391448975,0
2009-05-27,5.6800360679626465,5.6800360679626465,5.6800360679626465,5.6800360679626465,0
2009-05-28,5.6800360679626465,5.6800360679626465,5.6800360679626465,5.6800360679626465,0
2009-05-29,5.729450225830078,5.729450225830078,5.729450225830078,5.729450225830078,0
2009-06-01,5.694156169891357,5.694156169891357,5.694156169891357,5.694156169891357,0
2009-06-02,5.711805820465088,5.711805820465089,5.711805820465089,5.711805820465089,0
2009-06-03,5.7353363037109375,5.7353363037109375,5.7353363037109375,5.7353363037109375,0
2009-06-04,5.70003604888916,5.70003604888916,5.70003604888916,5.70003604888916,0
2009-06-05,5.6647443771362305,5.6647443771362305,5.6647443771362305,5.6647443771362305,0
2009-06-08,5.652981281280518,5.652981281280518,5.652981281280518,5.652981281280518,0
2009-06-09,5.658865928649902,5.658865928649902,5.658865928649902,5.658865928649902,0
2009-06-10,5.647101402282715,5.647101402282715,5.647101402282715,5.647101402282715,0
2009-06-11,5.6647443771362305,5.6647443771362305,5.6647443771362305,5.6647443771362305,0
2009-06-12,5.68239688873291,5.68239688873291,5.68239688873291,5.68239688873291,0
2009-06-15,5.705924987792969,5.705924987792969,5.705924987792969,5.705924987792969,0
2009-06-16,5.717688083648682,5.717688083648681,5.717688083648681,5.717688083648681,0
2009-06-17,5.729450225830078,5.729450225830078,5.729450225830078,5.729450225830078,0
2009-06-18,5.688278675079346,5.688278675079346,5.688278675079346,5.688278675079346,0
2009-06-19,5.70003604888916,5.70003604888916,5.70003604888916,5.70003604888916,0
2009-06-22,5.723569393157959,5.723569393157959,5.723569393157959,5.723569393157959,0
2009-06-23,5.729450225830078,5.729450225830078,5.729450225830078,5.729450225830078,0
2009-06-24,5.723569393157959,5.723569393157959,5.723569393157959,5.723569393157959,0
2009-06-25,5.752980709075928,5.752980709075928,5.752980709075928,5.752980709075928,0
2009-06-26,5.758863925933838,5.758863925933838,5.758863925933838,5.758863925933838,0
2009-06-29,5.7647480964660645,5.7647480964660645,5.7647480964660645,5.7647480964660645,0
2009-06-30,5.76297664642334,5.76297664642334,5.76297664642334,5.76297664642334,0
2009-07-01,5.76297664642334,5.76297664642334,5.76297664642334,5.76297664642334,0
2009-07-02,5.774783134460449,5.774783134460449,5.774783134460449,5.774783134460449,0
2009-07-06,5.780688285827637,5.780688285827637,5.780688285827637,5.780688285827637,0
2009-07-07,5.7924981117248535,5.7924981117248535,5.7924981117248535,5.7924981117248535,0
2009-07-08,5.822024345397949,5.822024345397949,5.822024345397949,5.822024345397949,0
2009-07-09,5.798404693603516,5.798404693603516,5.798404693603516,5.798404693603516,0
2009-07-10,5.822024345397949,5.822024345397949,5.822024345397949,5.822024345397949,0
2009-07-13,5.822024345397949,5.822024345397949,5.822024345397949,5.822024345397949,0
2009-07-14,5.804306507110596,5.804306507110596,5.804306507110596,5.804306507110596,0
2009-07-15,5.774783134460449,5.774783134460449,5.774783134460449,5.774783134460449,0
2009-07-16,5.7924981117248535,5.7924981117248535,5.7924981117248535,5.7924981117248535,0
2009-07-17,5.780688285827637,5.780688285827637,5.780688285827637,5.780688285827637,0
2009-07-20,5.798404693603516,5.798404693603516,5.798404693603516,5.798404693603516,0
2009-07-21,5.827926158905029,5.827926158905029,5.827926158905029,5.827926158905029,0
2009-07-22,5.8161187171936035,5.816118717193603,5.816118717193603,5.816118717193603,0
2009-07-23,5.786599636077881,5.786599636077881,5.786599636077881,5.786599636077881,0
2009-07-24,5.798404693603516,5.798404693603516,5.798404693603516,5.798404693603516,0
2009-07-27,5.798404693603516,5.798404693603516,5.798404693603516,5.798404693603516,0
2009-07-28,5.804306507110596,5.804306507110596,5.804306507110596,5.804306507110596,0
2009-07-29,5.810213088989258,5.810213088989259,5.810213088989259,5.810213088989259,0
2009-07-30,5.8161187171936035,5.816118717193603,5.816118717193603,5.816118717193603,0
2009-07-31,5.849903106689453,5.849903106689453,5.849903106689453,5.849903106689453,0
2009-08-03,5.832119464874268,5.832119464874268,5.832119464874268,5.832119464874268,0
2009-08-04,5.826198577880859,5.826198577880859,5.826198577880859,5.826198577880859,0
2009-08-05,5.814338207244873,5.814338207244872,5.814338207244872,5.814338207244872,0
2009-08-06,5.82026481628418,5.820264816284181,5.820264816284181,5.820264816284181,0
2009-08-07,5.802484512329102,5.8024845123291025,5.8024845123291025,5.8024845123291025,0
2009-08-10,5.826198577880859,5.826198577880859,5.826198577880859,5.826198577880859,0
2009-08-11,5.838045120239258,5.838045120239258,5.838045120239258,5.838045120239258,0
2009-08-12,5.838045120239258,5.838045120239258,5.838045120239258,5.838045120239258,0
2009-08-13,5.861752033233643,5.861752033233643,5.861752033233643,5.861752033233643,0
2009-08-14,5.873606204986572,5.873606204986572,5.873606204986572,5.873606204986572,0
2009-08-17,5.885458946228027,5.885458946228027,5.885458946228027,5.885458946228027,0
2009-08-18,5.873606204986572,5.873606204986572,5.873606204986572,5.873606204986572,0
2009-08-19,5.885458946228027,5.885458946228027,5.885458946228027,5.885458946228027,0
2009-08-20,5.891385078430176,5.891385078430176,5.891385078430176,5.891385078430176,0
2009-08-21,5.867680072784424,5.867680072784424,5.867680072784424,5.867680072784424,0
2009-08-24,5.885458946228027,5.885458946228027,5.885458946228027,5.885458946228027,0
2009-08-25,5.897317409515381,5.897317409515381,5.897317409515381,5.897317409515381,0
2009-08-26,5.903242588043213,5.903242588043213,5.903242588043213,5.903242588043213,0
2009-08-27,5.897317409515381,5.897317409515381,5.897317409515381,5.897317409515381,0
2009-08-28,5.903242588043213,5.903242588043213,5.903242588043213,5.903242588043213,0
2009-08-31,5.916323184967041,5.91632318496704,5.91632318496704,5.91632318496704,0
2009-09-01,5.922273635864258,5.922273635864258,5.922273635864258,5.922273635864258,0
2009-09-02,5.940109729766846,5.940109729766847,5.940109729766847,5.940109729766847,0
2009-09-03,5.93416166305542,5.93416166305542,5.93416166305542,5.93416166305542,0
2009-09-04,5.916323184967041,5.91632318496704,5.91632318496704,5.91632318496704,0
2009-09-08,5.916323184967041,5.91632318496704,5.91632318496704,5.91632318496704,0
2009-09-09,5.910374164581299,5.910374164581299,5.910374164581299,5.910374164581299,0
2009-09-10,5.940109729766846,5.940109729766847,5.940109729766847,5.940109729766847,0
2009-09-11,5.946054935455322,5.946054935455322,5.946054935455322,5.946054935455322,0
2009-09-14,5.93416166305542,5.93416166305542,5.93416166305542,5.93416166305542,0
2009-09-15,5.928216934204102,5.928216934204102,5.928216934204102,5.928216934204102,0
2009-09-16,5.928216934204102,5.928216934204102,5.928216934204102,5.928216934204102,0
2009-09-17,5.946054935455322,5.946054935455322,5.946054935455322,5.946054935455322,0
2009-09-18,5.928216934204102,5.928216934204102,5.928216934204102,5.928216934204102,0
2009-09-21,5.93416166305542,5.93416166305542,5.93416166305542,5.93416166305542,0
2009-09-22,5.940109729766846,5.940109729766847,5.940109729766847,5.940109729766847,0
2009-09-23,5.95200252532959,5.95200252532959,5.95200252532959,5.95200252532959,0
2009-09-24,5.957944869995117,5.957944869995117,5.957944869995117,5.957944869995117,0
2009-09-25,5.96389102935791,5.96389102935791,5.96389102935791,5.96389102935791,0
2009-09-28,5.9757843017578125,5.975784301757813,5.975784301757813,5.975784301757813,0
2009-09-29,5.9757843017578125,5.975784301757813,5.975784301757813,5.975784301757813,0
2009-09-30,5.972208023071289,5.972208023071289,5.972208023071289,5.972208023071289,0
2009-10-01,5.996067523956299,5.996067523956299,5.996067523956299,5.996067523956299,0
2009-10-02,5.990106105804443,5.990106105804443,5.990106105804443,5.990106105804443,0
2009-10-05,5.996067523956299,5.996067523956299,5.996067523956299,5.996067523956299,0
2009-10-06,5.990106105804443,5.990106105804443,5.990106105804443,5.990106105804443,0
2009-10-07,6.008002758026123,6.008002758026123,6.008002758026123,6.008002758026123,0
2009-10-08,5.996067523956299,5.996067523956299,5.996067523956299,5.996067523956299,0
2009-10-09,5.966238021850586,5.966238021850586,5.966238021850586,5.966238021850586,0
2009-10-12,5.966238021850586,5.966238021850586,5.966238021850586,5.966238021850586,0
2009-10-13,5.990106105804443,5.990106105804443,5.990106105804443,5.990106105804443,0
2009-10-14,5.972208023071289,5.972208023071289,5.972208023071289,5.972208023071289,0
2009-10-15,5.966238021850586,5.966238021850586,5.966238021850586,5.966238021850586,0
2009-10-16,5.972208023071289,5.972208023071289,5.972208023071289,5.972208023071289,0
2009-10-19,5.978168487548828,5.978168487548829,5.978168487548829,5.978168487548829,0
2009-10-20,5.990106105804443,5.990106105804443,5.990106105804443,5.990106105804443,0
2009-10-21,5.978168487548828,5.978168487548829,5.978168487548829,5.978168487548829,0
2009-10-22,5.978168487548828,5.978168487548829,5.978168487548829,5.978168487548829,0
2009-10-23,5.966238021850586,5.966238021850586,5.966238021850586,5.966238021850586,0
2009-10-26,5.954305648803711,5.95430564880371,5.95430564880371,5.95430564880371,0
2009-10-27,5.978168487548828,5.978168487548829,5.978168487548829,5.978168487548829,0
2009-10-28,5.990106105804443,5.990106105804443,5.990106105804443,5.990106105804443,0
2009-10-29,5.972208023071289,5.972208023071289,5.972208023071289,5.972208023071289,0
2009-10-30,5.997343063354492,5.997343063354492,5.997343063354492,5.997343063354492,0
2009-11-02,5.991359233856201,5.991359233856201,5.991359233856201,5.991359233856201,0
2009-11-03,5.9793901443481445,5.9793901443481445,5.9793901443481445,5.9793901443481445,0
2009-11-04,5.973401069641113,5.973401069641113,5.973401069641113,5.973401069641113,0
2009-11-05,5.9793901443481445,5.9793901443481445,5.9793901443481445,5.9793901443481445,0
2009-11-06,5.985374450683594,5.985374450683594,5.985374450683594,5.985374450683594,0
2009-11-09,5.997343063354492,5.997343063354492,5.997343063354492,5.997343063354492,0
2009-11-10,5.997343063354492,5.997343063354492,5.997343063354492,5.997343063354492,0
2009-11-11,5.997343063354492,5.997343063354492,5.997343063354492,5.997343063354492,0
2009-11-12,6.009313106536865,6.009313106536865,6.009313106536865,6.009313106536865,0
2009-11-13,6.015296936035156,6.015296936035156,6.015296936035156,6.015296936035156,0
2009-11-16,6.039241313934326,6.039241313934326,6.039241313934326,6.039241313934326,0
2009-11-17,6.039241313934326,6.039241313934326,6.039241313934326,6.039241313934326,0
2009-11-18,6.033253192901611,6.033253192901611,6.033253192901611,6.033253192901611,0
2009-11-19,6.039241313934326,6.039241313934326,6.039241313934326,6.039241313934326,0
2009-11-20,6.039241313934326,6.039241313934326,6.039241313934326,6.039241313934326,0
2009-11-23,6.039241313934326,6.039241313934326,6.039241313934326,6.039241313934326,0
2009-11-24,6.057201862335205,6.057201862335205,6.057201862335205,6.057201862335205,0
2009-11-25,6.057201862335205,6.057201862335205,6.057201862335205,6.057201862335205,0
2009-11-27,6.0751543045043945,6.0751543045043945,6.0751543045043945,6.0751543045043945,0
2009-11-30,6.07575798034668,6.07575798034668,6.07575798034668,6.07575798034668,0
2009-12-01,6.063750743865967,6.063750743865967,6.063750743865967,6.063750743865967,0
2009-12-02,6.051736831665039,6.051736831665039,6.051736831665039,6.051736831665039,0
2009-12-03,6.045734882354736,6.045734882354736,6.045734882354736,6.045734882354736,0
2009-12-04,6.021724224090576,6.021724224090576,6.021724224090576,6.021724224090576,0
2009-12-07,6.033725261688232,6.033725261688232,6.033725261688232,6.033725261688232,0
2009-12-08,6.051736831665039,6.051736831665039,6.051736831665039,6.051736831665039,0
2009-12-09,6.045734882354736,6.045734882354736,6.045734882354736,6.045734882354736,0
2009-12-10,6.033725261688232,6.033725261688232,6.033725261688232,6.033725261688232,0
2009-12-11,6.02772331237793,6.027723312377929,6.027723312377929,6.027723312377929,0
2009-12-14,6.028327941894531,6.028327941894531,6.028327941894531,6.028327941894531,0
2009-12-15,6.0102434158325195,6.0102434158325195,6.0102434158325195,6.0102434158325195,0
2009-12-16,6.016269683837891,6.016269683837891,6.016269683837891,6.016269683837891,0
2009-12-17,6.04641580581665,6.04641580581665,6.04641580581665,6.04641580581665,0
2009-12-18,6.034356594085693,6.034356594085693,6.034356594085693,6.034356594085693,0
2009-12-21,6.004214763641357,6.004214763641358,6.004214763641358,6.004214763641358,0
2009-12-22,5.992158889770508,5.992158889770507,5.992158889770507,5.992158889770507,0
2009-12-23,5.992158889770508,5.992158889770507,5.992158889770507,5.992158889770507,0
2009-12-24,5.9740729331970215,5.974072933197022,5.974072933197022,5.974072933197022,0
2009-12-28,5.968042373657227,5.968042373657227,5.968042373657227,5.968042373657227,0
2009-12-29,5.9740729331970215,5.974072933197022,5.974072933197022,5.974072933197022,0
2009-12-30,5.986135482788086,5.986135482788086,5.986135482788086,5.986135482788086,0
2009-12-31,5.968042373657227,5.968042373657227,5.968042373657227,5.968042373657227,0
2010-01-04,5.980104923248291,5.980104923248291,5.980104923248291,5.980104923248291,0
2010-01-05,6.0102434158325195,6.0102434158325195,6.0102434158325195,6.0102434158325195,0
2010-01-06,6.004214763641357,6.004214763641358,6.004214763641358,6.004214763641358,0
2010-01-07,6.004214763641357,6.004214763641358,6.004214763641358,6.004214763641358,0
2010-01-08,6.0102434158325195,6.0102434158325195,6.0102434158325195,6.0102434158325195,0
2010-01-11,6.0102434158325195,6.0102434158325195,6.0102434158325195,6.0102434158325195,0
2010-01-12,6.034356594085693,6.034356594085693,6.034356594085693,6.034356594085693,0
2010-01-13,6.022302150726318,6.022302150726319,6.022302150726319,6.022302150726319,0
2010-01-14,6.040383338928223,6.040383338928223,6.040383338928223,6.040383338928223,0
2010-01-15,6.052439212799072,6.052439212799072,6.052439212799072,6.052439212799072,0
2010-01-19,6.04641580581665,6.04641580581665,6.04641580581665,6.04641580581665,0
2010-01-20,6.058465957641602,6.058465957641602,6.058465957641602,6.058465957641602,0
2010-01-21,6.070525169372559,6.070525169372558,6.070525169372558,6.070525169372558,0
2010-01-22,6.070525169372559,6.070525169372558,6.070525169372558,6.070525169372558,0
2010-01-25,6.0644965171813965,6.064496517181397,6.064496517181397,6.064496517181397,0
2010-01-26,6.0644965171813965,6.064496517181397,6.064496517181397,6.064496517181397,0
2010-01-27,6.058465957641602,6.058465957641602,6.058465957641602,6.058465957641602,0
2010-01-28,6.058465957641602,6.058465957641602,6.058465957641602,6.058465957641602,0
2010-01-29,6.071770191192627,6.071770191192627,6.071770191192627,6.071770191192627,0
2010-02-01,6.065724849700928,6.065724849700929,6.065724849700929,6.065724849700929,0
2010-02-02,6.071770191192627,6.071770191192627,6.071770191192627,6.071770191192627,0
2010-02-03,6.059676647186279,6.059676647186279,6.059676647186279,6.059676647186279,0
2010-02-04,6.07781982421875,6.07781982421875,6.07781982421875,6.07781982421875,0
2010-02-05,6.08991813659668,6.08991813659668,6.08991813659668,6.08991813659668,0
2010-02-08,6.083868026733398,6.083868026733398,6.083868026733398,6.083868026733398,0
2010-02-09,6.071770191192627,6.071770191192627,6.071770191192627,6.071770191192627,0
2010-02-10,6.053628444671631,6.053628444671631,6.053628444671631,6.053628444671631,0
2010-02-11,6.053628444671631,6.053628444671631,6.053628444671631,6.053628444671631,0
2010-02-12,6.059676647186279,6.059676647186279,6.059676647186279,6.059676647186279,0
2010-02-16,6.071770191192627,6.071770191192627,6.071770191192627,6.071770191192627,0
2010-02-17,6.053628444671631,6.053628444671631,6.053628444671631,6.053628444671631,0
2010-02-18,6.041537284851074,6.041537284851073,6.041537284851073,6.041537284851073,0
2010-02-19,6.041537284851074,6.041537284851073,6.041537284851073,6.041537284851073,0
2010-02-22,6.041537284851074,6.041537284851073,6.041537284851073,6.041537284851073,0
2010-02-23,6.065724849700928,6.065724849700929,6.065724849700929,6.065724849700929,0
2010-02-24,6.065724849700928,6.065724849700929,6.065724849700929,6.065724849700929,0
2010-02-25,6.07781982421875,6.07781982421875,6.07781982421875,6.07781982421875,0
2010-02-26,6.089949131011963,6.089949131011963,6.089949131011963,6.089949131011963,0
2010-03-01,6.089949131011963,6.089949131011963,6.089949131011963,6.089949131011963,0
2010-03-02,6.096017837524414,6.096017837524414,6.096017837524414,6.096017837524414,0
2010-03-03,6.096017837524414,6.096017837524414,6.096017837524414,6.096017837524414,0
2010-03-04,6.102083206176758,6.102083206176758,6.102083206176758,6.102083206176758,0
2010-03-05,6.083886623382568,6.083886623382568,6.083886623382568,6.083886623382568,0
2010-03-08,6.083886623382568,6.083886623382568,6.083886623382568,6.083886623382568,0
2010-03-09,6.089949131011963,6.089949131011963,6.089949131011963,6.089949131011963,0
2010-03-10,6.083886623382568,6.083886623382568,6.083886623382568,6.083886623382568,0
2010-03-11,6.089949131011963,6.089949131011963,6.089949131011963,6.089949131011963,0
2010-03-12,6.089949131011963,6.089949131011963,6.089949131011963,6.089949131011963,0
2010-03-15,6.089949131011963,6.089949131011963,6.089949131011963,6.089949131011963,0
2010-03-16,6.102083206176758,6.102083206176758,6.102083206176758,6.102083206176758,0
2010-03-17,6.108150482177734,6.108150482177734,6.108150482177734,6.108150482177734,0
2010-03-18,6.102083206176758,6.102083206176758,6.102083206176758,6.102083206176758,0
2010-03-19,6.102083206176758,6.102083206176758,6.102083206176758,6.102083206176758,0
2010-03-22,6.108150482177734,6.108150482177734,6.108150482177734,6.108150482177734,0
2010-03-23,6.108150482177734,6.108150482177734,6.108150482177734,6.108150482177734,0
2010-03-24,6.07781982421875,6.07781982421875,6.07781982421875,6.07781982421875,0
2010-03-25,6.0656914710998535,6.0656914710998535,6.0656914710998535,6.0656914710998535,0
2010-03-26,6.07781982421875,6.07781982421875,6.07781982421875,6.07781982421875,0
2010-03-29,6.07781982421875,6.07781982421875,6.07781982421875,6.07781982421875,0
2010-03-30,6.07781982421875,6.07781982421875,6.07781982421875,6.07781982421875,0
2010-03-31,6.083303451538086,6.083303451538086,6.083303451538086,6.083303451538086,0
2010-04-01,6.077213764190674,6.077213764190674,6.077213764190674,6.077213764190674,0
2010-04-05,6.046765327453613,6.046765327453613,6.046765327453613,6.046765327453613,0
2010-04-06,6.052855014801025,6.052855014801025,6.052855014801025,6.052855014801025,0
2010-04-07,6.077213764190674,6.077213764190674,6.077213764190674,6.077213764190674,0
2010-04-08,6.071124076843262,6.071124076843262,6.071124076843262,6.071124076843262,0
2010-04-09,6.077213764190674,6.077213764190674,6.077213764190674,6.077213764190674,0
2010-04-12,6.095480918884277,6.095480918884277,6.095480918884277,6.095480918884277,0
2010-04-13,6.107659816741943,6.107659816741943,6.107659816741943,6.107659816741943,0
2010-04-14,6.095480918884277,6.095480918884277,6.095480918884277,6.095480918884277,0
2010-04-15,6.101568698883057,6.101568698883057,6.101568698883057,6.101568698883057,0
2010-04-16,6.119836807250977,6.119836807250977,6.119836807250977,6.119836807250977,0
2010-04-19,6.113746166229248,6.113746166229248,6.113746166229248,6.113746166229248,0
2010-04-20,6.113746166229248,6.113746166229248,6.113746166229248,6.113746166229248,0
2010-04-21,6.125926494598389,6.125926494598389,6.125926494598389,6.125926494598389,0
2010-04-22,6.119836807250977,6.119836807250977,6.119836807250977,6.119836807250977,0
2010-04-23,6.107659816741943,6.107659816741943,6.107659816741943,6.107659816741943,0
2010-04-26,6.113746166229248,6.113746166229248,6.113746166229248,6.113746166229248,0
2010-04-27,6.138103008270264,6.138103008270263,6.138103008270263,6.138103008270263,0
2010-04-28,6.119836807250977,6.119836807250977,6.119836807250977,6.119836807250977,0
2010-04-29,6.132016658782959,6.132016658782959,6.132016658782959,6.132016658782959,0
2010-04-30,6.125926494598389,6.125926494598389,6.125926494598389,6.125926494598389,0
2010-05-03,6.119836807250977,6.119836807250977,6.119836807250977,6.119836807250977,0
2010-05-04,6.138103008270264,6.138103008270263,6.138103008270263,6.138103008270263,0
2010-05-05,6.150290489196777,6.150290489196777,6.150290489196777,6.150290489196777,0
2010-05-06,6.174644470214844,6.174644470214844,6.174644470214844,6.174644470214844,0
2010-05-07,6.156379222869873,6.156379222869873,6.156379222869873,6.156379222869873,0
2010-05-10,6.144197940826416,6.144197940826416,6.144197940826416,6.144197940826416,0
2010-05-11,6.144197940826416,6.144197940826416,6.144197940826416,6.144197940826416,0
2010-05-12,6.144197940826416,6.144197940826416,6.144197940826416,6.144197940826416,0
2010-05-13,6.150290489196777,6.150290489196777,6.150290489196777,6.150290489196777,0
2010-05-14,6.174644470214844,6.174644470214844,6.174644470214844,6.174644470214844,0
2010-05-17,6.16855525970459,6.16855525970459,6.16855525970459,6.16855525970459,0
2010-05-18,6.192914009094238,6.192914009094238,6.192914009094238,6.192914009094238,0
2010-05-19,6.186822891235352,6.186822891235352,6.186822891235352,6.186822891235352,0
2010-05-20,6.20509147644043,6.205091476440429,6.205091476440429,6.205091476440429,0
2010-05-21,6.211178779602051,6.211178779602052,6.211178779602052,6.211178779602052,0
2010-05-24,6.199000358581543,6.199000358581543,6.199000358581543,6.199000358581543,0
2010-05-25,6.20509147644043,6.205091476440429,6.205091476440429,6.205091476440429,0
2010-05-26,6.192914009094238,6.192914009094238,6.192914009094238,6.192914009094238,0
2010-05-27,6.16855525970459,6.16855525970459,6.16855525970459,6.16855525970459,0
2010-05-28,6.1807708740234375,6.1807708740234375,6.1807708740234375,6.1807708740234375,0
2010-06-01,6.186880111694336,6.186880111694336,6.186880111694336,6.186880111694336,0
2010-06-02,6.1807708740234375,6.1807708740234375,6.1807708740234375,6.1807708740234375,0
2010-06-03,6.174662113189697,6.174662113189696,6.174662113189696,6.174662113189696,0
2010-06-04,6.217412948608398,6.217412948608398,6.217412948608398,6.217412948608398,0
2010-06-07,6.211308002471924,6.211308002471924,6.211308002471924,6.211308002471924,0
2010-06-08,6.217412948608398,6.217412948608398,6.217412948608398,6.217412948608398,0
2010-06-09,6.211308002471924,6.211308002471924,6.211308002471924,6.211308002471924,0
2010-06-10,6.1807708740234375,6.1807708740234375,6.1807708740234375,6.1807708740234375,0
2010-06-11,6.205197334289551,6.205197334289551,6.205197334289551,6.205197334289551,0
2010-06-14,6.199092388153076,6.199092388153076,6.199092388153076,6.199092388153076,0
2010-06-15,6.19298791885376,6.19298791885376,6.19298791885376,6.19298791885376,0
2010-06-16,6.199092388153076,6.199092388153076,6.199092388153076,6.199092388153076,0
2010-06-17,6.223525047302246,6.223525047302246,6.223525047302246,6.223525047302246,0
2010-06-18,6.217412948608398,6.217412948608398,6.217412948608398,6.217412948608398,0
2010-06-21,6.217412948608398,6.217412948608398,6.217412948608398,6.217412948608398,0
2010-06-22,6.235733985900879,6.235733985900879,6.235733985900879,6.235733985900879,0
2010-06-23,6.247947692871094,6.247947692871094,6.247947692871094,6.247947692871094,0
2010-06-24,6.2418437004089355,6.241843700408936,6.241843700408936,6.241843700408936,0
2010-06-25,6.247947692871094,6.247947692871094,6.247947692871094,6.247947692871094,0
2010-06-28,6.266273498535156,6.266273498535156,6.266273498535156,6.266273498535156,0
2010-06-29,6.2784881591796875,6.2784881591796875,6.2784881591796875,6.2784881591796875,0
2010-06-30,6.274816989898682,6.274816989898682,6.274816989898682,6.274816989898682,0
2010-07-01,6.280940532684326,6.280940532684326,6.280940532684326,6.280940532684326,0
2010-07-02,6.268680095672607,6.268680095672607,6.268680095672607,6.268680095672607,0
2010-07-06,6.287067890167236,6.287067890167236,6.287067890167236,6.287067890167236,0
2010-07-07,6.280940532684326,6.280940532684326,6.280940532684326,6.280940532684326,0
2010-07-08,6.274816989898682,6.274816989898682,6.274816989898682,6.274816989898682,0
2010-07-09,6.268680095672607,6.268680095672607,6.268680095672607,6.268680095672607,0
2010-07-12,6.274816989898682,6.274816989898682,6.274816989898682,6.274816989898682,0
2010-07-13,6.262557506561279,6.262557506561279,6.262557506561279,6.262557506561279,0
2010-07-14,6.280940532684326,6.280940532684326,6.280940532684326,6.280940532684326,0
2010-07-15,6.299323558807373,6.299323558807373,6.299323558807373,6.299323558807373,0
2010-07-16,6.305449962615967,6.305449962615967,6.305449962615967,6.305449962615967,0
2010-07-19,6.299323558807373,6.299323558807373,6.299323558807373,6.299323558807373,0
2010-07-20,6.311578750610352,6.311578750610351,6.311578750610351,6.311578750610351,0
2010-07-21,6.3238301277160645,6.3238301277160645,6.3238301277160645,6.3238301277160645,0
2010-07-22,6.317705154418945,6.317705154418945,6.317705154418945,6.317705154418945,0
2010-07-23,6.305449962615967,6.305449962615967,6.305449962615967,6.305449962615967,0
2010-07-26,6.311578750610352,6.311578750610351,6.311578750610351,6.311578750610351,0
2010-07-27,6.305449962615967,6.305449962615967,6.305449962615967,6.305449962615967,0
2010-07-28,6.317705154418945,6.317705154418945,6.317705154418945,6.317705154418945,0
2010-07-29,6.317705154418945,6.317705154418945,6.317705154418945,6.317705154418945,0
2010-07-30,6.339841842651367,6.339841842651367,6.339841842651367,6.339841842651367,0
2010-08-02,6.3275465965271,6.327546596527099,6.327546596527099,6.327546596527099,0
2010-08-03,6.345989227294922,6.345989227294922,6.345989227294922,6.345989227294922,0
2010-08-04,6.339841842651367,6.339841842651367,6.339841842651367,6.339841842651367,0
2010-08-05,6.345989227294922,6.345989227294922,6.345989227294922,6.345989227294922,0
2010-08-06,6.358290195465088,6.358290195465087,6.358290195465087,6.358290195465087,0
2010-08-09,6.358290195465088,6.358290195465087,6.358290195465087,6.358290195465087,0
2010-08-10,6.364439964294434,6.364439964294433,6.364439964294433,6.364439964294433,0
2010-08-11,6.376740455627441,6.376740455627441,6.376740455627441,6.376740455627441,0
2010-08-12,6.364439964294434,6.364439964294433,6.364439964294433,6.364439964294433,0
2010-08-13,6.376740455627441,6.376740455627441,6.376740455627441,6.376740455627441,0
2010-08-16,6.4013352394104,6.4013352394104,6.4013352394104,6.4013352394104,0
2010-08-17,6.389037132263184,6.3890371322631845,6.3890371322631845,6.3890371322631845,0
2010-08-18,6.389037132263184,6.3890371322631845,6.3890371322631845,6.3890371322631845,0
2010-08-19,6.40748405456543,6.40748405456543,6.40748405456543,6.40748405456543,0
2010-08-20,6.395182132720947,6.395182132720947,6.395182132720947,6.395182132720947,0
2010-08-23,6.4013352394104,6.4013352394104,6.4013352394104,6.4013352394104,0
2010-08-24,6.419782638549805,6.419782638549806,6.419782638549806,6.419782638549806,0
2010-08-25,6.413637638092041,6.413637638092041,6.413637638092041,6.413637638092041,0
2010-08-26,6.419782638549805,6.419782638549806,6.419782638549806,6.419782638549806,0
2010-08-27,6.389037132263184,6.3890371322631845,6.3890371322631845,6.3890371322631845,0
2010-08-30,6.413637638092041,6.413637638092041,6.413637638092041,6.413637638092041,0
2010-08-31,6.427201747894287,6.427201747894287,6.427201747894287,6.427201747894287,0
2010-09-01,6.408707618713379,6.408707618713379,6.408707618713379,6.408707618713379,0
2010-09-02,6.3963623046875,6.3963623046875,6.3963623046875,6.3963623046875,0
2010-09-03,6.384027004241943,6.384027004241944,6.384027004241944,6.384027004241944,0
2010-09-07,6.414863586425781,6.414863586425781,6.414863586425781,6.414863586425781,0
2010-09-08,6.3963623046875,6.3963623046875,6.3963623046875,6.3963623046875,0
2010-09-09,6.3716888427734375,6.371688842773437,6.371688842773437,6.371688842773437,0
2010-09-10,6.36552095413208,6.36552095413208,6.36552095413208,6.36552095413208,0
2010-09-13,6.384027004241943,6.384027004241944,6.384027004241944,6.384027004241944,0
2010-09-14,6.402535438537598,6.402535438537598,6.402535438537598,6.402535438537598,0
2010-09-15,6.390193462371826,6.390193462371826,6.390193462371826,6.390193462371826,0
2010-09-16,6.384027004241943,6.384027004241944,6.384027004241944,6.384027004241944,0
2010-09-17,6.384027004241943,6.384027004241944,6.384027004241944,6.384027004241944,0
2010-09-20,6.3963623046875,6.3963623046875,6.3963623046875,6.3963623046875,0
2010-09-21,6.4210381507873535,6.4210381507873535,6.4210381507873535,6.4210381507873535,0
2010-09-22,6.427201747894287,6.427201747894287,6.427201747894287,6.427201747894287,0
2010-09-23,6.4210381507873535,6.4210381507873535,6.4210381507873535,6.4210381507873535,0
2010-09-24,6.408707618713379,6.408707618713379,6.408707618713379,6.408707618713379,0
2010-09-27,6.433370113372803,6.433370113372803,6.433370113372803,6.433370113372803,0
2010-09-28,6.445716381072998,6.445716381072998,6.445716381072998,6.445716381072998,0
2010-09-29,6.433370113372803,6.433370113372803,6.433370113372803,6.433370113372803,0
2010-09-30,6.438940525054932,6.438940525054931,6.438940525054931,6.438940525054931,0
2010-10-01,6.438940525054932,6.438940525054931,6.438940525054931,6.438940525054931,0
2010-10-04,6.445120334625244,6.445120334625244,6.445120334625244,6.445120334625244,0
2010-10-05,6.451309680938721,6.451309680938721,6.451309680938721,6.451309680938721,0
2010-10-06,6.463687896728516,6.463687896728516,6.463687896728516,6.463687896728516,0
2010-10-07,6.4698710441589355,6.469871044158936,6.469871044158936,6.469871044158936,0
2010-10-08,6.47605037689209,6.47605037689209,6.47605037689209,6.47605037689209,0
2010-10-11,6.47605037689209,6.47605037689209,6.47605037689209,6.47605037689209,0
2010-10-12,6.4698710441589355,6.469871044158936,6.469871044158936,6.469871044158936,0
2010-10-13,6.47605037689209,6.47605037689209,6.47605037689209,6.47605037689209,0
2010-10-14,6.457498550415039,6.45749855041504,6.45749855041504,6.45749855041504,0
2010-10-15,6.438940525054932,6.438940525054931,6.438940525054931,6.438940525054931,0
2010-10-18,6.463687896728516,6.463687896728516,6.463687896728516,6.463687896728516,0
2010-10-19,6.4698710441589355,6.469871044158936,6.469871044158936,6.469871044158936,0
2010-10-20,6.47605037689209,6.47605037689209,6.47605037689209,6.47605037689209,0
2010-10-21,6.463687896728516,6.463687896728516,6.463687896728516,6.463687896728516,0
2010-10-22,6.457498550415039,6.45749855041504,6.45749855041504,6.45749855041504,0
2010-10-25,6.463687896728516,6.463687896728516,6.463687896728516,6.463687896728516,0
2010-10-26,6.445120334625244,6.445120334625244,6.445120334625244,6.445120334625244,0
2010-10-27,6.432751178741455,6.432751178741455,6.432751178741455,6.432751178741455,0
2010-10-28,6.445120334625244,6.445120334625244,6.445120334625244,6.445120334625244,0
2010-10-29,6.4593963623046875,6.4593963623046875,6.4593963623046875,6.4593963623046875,0
2010-11-01,6.4593963623046875,6.4593963623046875,6.4593963623046875,6.4593963623046875,0
2010-11-02,6.471805572509766,6.471805572509766,6.471805572509766,6.471805572509766,0
2010-11-03,6.471805572509766,6.471805572509766,6.471805572509766,6.471805572509766,0
2010-11-04,6.496631622314453,6.496631622314453,6.496631622314453,6.496631622314453,0
2010-11-05,6.4780120849609375,6.478012084960937,6.478012084960937,6.478012084960937,0
2010-11-08,6.471805572509766,6.471805572509766,6.471805572509766,6.471805572509766,0
2010-11-09,6.446986675262451,6.446986675262452,6.446986675262452,6.446986675262452,0
2010-11-10,6.453188896179199,6.453188896179199,6.453188896179199,6.453188896179199,0
2010-11-11,6.446986675262451,6.446986675262452,6.446986675262452,6.446986675262452,0
2010-11-12,6.422167778015137,6.422167778015138,6.422167778015138,6.422167778015138,0
2010-11-15,6.391141414642334,6.391141414642334,6.391141414642334,6.391141414642334,0
2010-11-16,6.403550148010254,6.403550148010254,6.403550148010254,6.403550148010254,0
2010-11-17,6.409760475158691,6.409760475158691,6.409760475158691,6.409760475158691,0
2010-11-18,6.403550148010254,6.403550148010254,6.403550148010254,6.403550148010254,0
2010-11-19,6.409760475158691,6.409760475158691,6.409760475158691,6.409760475158691,0
2010-11-22,6.428373336791992,6.428373336791992,6.428373336791992,6.428373336791992,0
2010-11-23,6.434576034545898,6.434576034545898,6.434576034545898,6.434576034545898,0
2010-11-24,6.3973493576049805,6.397349357604981,6.397349357604981,6.397349357604981,0
2010-11-26,6.409760475158691,6.409760475158691,6.409760475158691,6.409760475158691,0
2010-11-29,6.422167778015137,6.422167778015138,6.422167778015138,6.422167778015138,0
2010-11-30,6.423410892486572,6.423410892486572,6.423410892486572,6.423410892486572,0
2010-12-01,6.37984037399292,6.37984037399292,6.37984037399292,6.37984037399292,0
2010-12-02,6.373619556427002,6.373619556427002,6.373619556427002,6.373619556427002,0
2010-12-03,6.37984037399292,6.37984037399292,6.37984037399292,6.37984037399292,0
2010-12-06,6.404737949371338,6.404737949371339,6.404737949371339,6.404737949371339,0
2010-12-07,6.348723888397217,6.348723888397217,6.348723888397217,6.348723888397217,0
2010-12-08,6.3300461769104,6.3300461769104,6.3300461769104,6.3300461769104,0
2010-12-09,6.3300461769104,6.3300461769104,6.3300461769104,6.3300461769104,0
2010-12-10,6.317598819732666,6.317598819732666,6.317598819732666,6.317598819732666,0
2010-12-13,6.3300461769104,6.3300461769104,6.3300461769104,6.3300461769104,0
2010-12-14,6.292701721191406,6.292701721191406,6.292701721191406,6.292701721191406,0
2010-12-15,6.272711277008057,6.272711277008057,6.272711277008057,6.272711277008057,0
2010-12-16,6.285205364227295,6.285205364227295,6.285205364227295,6.285205364227295,0
2010-12-17,6.322692394256592,6.322692394256592,6.322692394256592,6.322692394256592,0
2010-12-20,6.322692394256592,6.322692394256592,6.322692394256592,6.322692394256592,0
2010-12-21,6.328940391540527,6.328940391540527,6.328940391540527,6.328940391540527,0
2010-12-22,6.328940391540527,6.328940391540527,6.328940391540527,6.328940391540527,0
2010-12-23,6.316443920135498,6.316443920135498,6.316443920135498,6.316443920135498,0
2010-12-27,6.328940391540527,6.328940391540527,6.328940391540527,6.328940391540527,0
2010-12-28,6.297699451446533,6.297699451446533,6.297699451446533,6.297699451446533,0
2010-12-29,6.335187911987305,6.335187911987305,6.335187911987305,6.335187911987305,0
2010-12-30,6.328940391540527,6.328940391540527,6.328940391540527,6.328940391540527,0
2010-12-31,6.353931427001953,6.353931427001953,6.353931427001953,6.353931427001953,0
2011-01-03,6.347679138183594,6.347679138183594,6.347679138183594,6.347679138183594,0
2011-01-04,6.347679138183594,6.347679138183594,6.347679138183594,6.347679138183594,0
2011-01-05,6.310196876525879,6.310196876525879,6.310196876525879,6.310196876525879,0
2011-01-06,6.328940391540527,6.328940391540527,6.328940391540527,6.328940391540527,0
2011-01-07,6.353931427001953,6.353931427001953,6.353931427001953,6.353931427001953,0
2011-01-10,6.3601765632629395,6.3601765632629395,6.3601765632629395,6.3601765632629395,0
2011-01-11,6.353931427001953,6.353931427001953,6.353931427001953,6.353931427001953,0
2011-01-12,6.353931427001953,6.353931427001953,6.353931427001953,6.353931427001953,0
2011-01-13,6.36642599105835,6.36642599105835,6.36642599105835,6.36642599105835,0
2011-01-14,6.3601765632629395,6.3601765632629395,6.3601765632629395,6.3601765632629395,0
2011-01-18,6.353931427001953,6.353931427001953,6.353931427001953,6.353931427001953,0
2011-01-19,6.3601765632629395,6.3601765632629395,6.3601765632629395,6.3601765632629395,0
2011-01-20,6.328940391540527,6.328940391540527,6.328940391540527,6.328940391540527,0
2011-01-21,6.341434001922607,6.341434001922608,6.341434001922608,6.341434001922608,0
2011-01-24,6.347679138183594,6.347679138183594,6.347679138183594,6.347679138183594,0
2011-01-25,6.36642599105835,6.36642599105835,6.36642599105835,6.36642599105835,0
2011-01-26,6.341434001922607,6.341434001922608,6.341434001922608,6.341434001922608,0
2011-01-27,6.353931427001953,6.353931427001953,6.353931427001953,6.353931427001953,0
2011-01-28,6.36642599105835,6.36642599105835,6.36642599105835,6.36642599105835,0
2011-01-31,6.3595356941223145,6.3595356941223145,6.3595356941223145,6.3595356941223145,0
2011-02-01,6.340735912322998,6.340735912322998,6.340735912322998,6.340735912322998,0
2011-02-02,6.3282060623168945,6.3282060623168945,6.3282060623168945,6.3282060623168945,0
2011-02-03,6.315674304962158,6.315674304962158,6.315674304962158,6.315674304962158,0
2011-02-04,6.290615558624268,6.290615558624267,6.290615558624267,6.290615558624267,0
2011-02-07,6.296880722045898,6.296880722045898,6.296880722045898,6.296880722045898,0
2011-02-08,6.278080940246582,6.278080940246582,6.278080940246582,6.278080940246582,0
2011-02-09,6.290615558624268,6.290615558624267,6.290615558624267,6.290615558624267,0
2011-02-10,6.278080940246582,6.278080940246582,6.278080940246582,6.278080940246582,0
2011-02-11,6.290615558624268,6.290615558624267,6.290615558624267,6.290615558624267,0
2011-02-14,6.303145408630371,6.303145408630371,6.303145408630371,6.303145408630371,0
2011-02-15,6.30941104888916,6.30941104888916,6.30941104888916,6.30941104888916,0
2011-02-16,6.30941104888916,6.30941104888916,6.30941104888916,6.30941104888916,0
2011-02-17,6.321939468383789,6.321939468383789,6.321939468383789,6.321939468383789,0
2011-02-18,6.315674304962158,6.315674304962158,6.315674304962158,6.315674304962158,0
2011-02-22,6.353270053863525,6.353270053863526,6.353270053863526,6.353270053863526,0
2011-02-23,6.3470025062561035,6.3470025062561035,6.3470025062561035,6.3470025062561035,0
2011-02-24,6.3595356941223145,6.3595356941223145,6.3595356941223145,6.3595356941223145,0
2011-02-25,6.3595356941223145,6.3595356941223145,6.3595356941223145,6.3595356941223145,0
2011-02-28,6.370845794677734,6.3708457946777335,6.3708457946777335,6.3708457946777335,0
2011-03-01,6.377128601074219,6.377128601074219,6.377128601074219,6.377128601074219,0
2011-03-02,6.364559650421143,6.364559650421143,6.364559650421143,6.364559650421143,0
2011-03-03,6.333141326904297,6.333141326904297,6.333141326904297,6.333141326904297,0
2011-03-04,6.358275413513184,6.358275413513184,6.358275413513184,6.358275413513184,0
2011-03-07,6.358275413513184,6.358275413513184,6.358275413513184,6.358275413513184,0
2011-03-08,6.3457159996032715,6.3457159996032715,6.3457159996032715,6.3457159996032715,0
2011-03-09,6.364559650421143,6.364559650421143,6.364559650421143,6.364559650421143,0
2011-03-10,6.389692306518555,6.389692306518556,6.389692306518556,6.389692306518556,0
2011-03-11,6.389692306518555,6.389692306518556,6.389692306518556,6.389692306518556,0
2011-03-14,6.402257919311523,6.402257919311523,6.402257919311523,6.402257919311523,0
2011-03-15,6.402257919311523,6.402257919311523,6.402257919311523,6.402257919311523,0
2011-03-16,6.4273905754089355,6.427390575408935,6.427390575408935,6.427390575408935,0
2011-03-17,6.414821624755859,6.414821624755859,6.414821624755859,6.414821624755859,0
2011-03-18,6.408539295196533,6.408539295196533,6.408539295196533,6.408539295196533,0
2011-03-21,6.39597225189209,6.39597225189209,6.39597225189209,6.39597225189209,0
2011-03-22,6.39597225189209,6.39597225189209,6.39597225189209,6.39597225189209,0
2011-03-23,6.389692306518555,6.389692306518556,6.389692306518556,6.389692306518556,0
2011-03-24,6.383409023284912,6.383409023284912,6.383409023284912,6.383409023284912,0
2011-03-25,6.370845794677734,6.3708457946777335,6.3708457946777335,6.3708457946777335,0
2011-03-28,6.370845794677734,6.3708457946777335,6.3708457946777335,6.3708457946777335,0
2011-03-29,6.364559650421143,6.364559650421143,6.364559650421143,6.364559650421143,0
2011-03-30,6.370845794677734,6.3708457946777335,6.3708457946777335,6.3708457946777335,0
2011-03-31,6.373997211456299,6.373997211456299,6.373997211456299,6.373997211456299,0
2011-04-01,6.373997211456299,6.373997211456299,6.373997211456299,6.373997211456299,0
2011-04-04,6.3802995681762695,6.3802995681762695,6.3802995681762695,6.3802995681762695,0
2011-04-05,6.367692947387695,6.367692947387695,6.367692947387695,6.367692947387695,0
2011-04-06,6.355078220367432,6.355078220367432,6.355078220367432,6.355078220367432,0
2011-04-07,6.355078220367432,6.355078220367432,6.355078220367432,6.355078220367432,0
2011-04-08,6.355078220367432,6.355078220367432,6.355078220367432,6.355078220367432,0
2011-04-11,6.355078220367432,6.355078220367432,6.355078220367432,6.355078220367432,0
2011-04-12,6.373997211456299,6.373997211456299,6.373997211456299,6.373997211456299,0
2011-04-13,6.386603355407715,6.386603355407714,6.386603355407714,6.386603355407714,0
2011-04-14,6.3802995681762695,6.3802995681762695,6.3802995681762695,6.3802995681762695,0
2011-04-15,6.405517101287842,6.405517101287842,6.405517101287842,6.405517101287842,0
2011-04-18,6.418126106262207,6.418126106262207,6.418126106262207,6.418126106262207,0
2011-04-19,6.424429893493652,6.424429893493652,6.424429893493652,6.424429893493652,0
2011-04-20,6.4118242263793945,6.4118242263793945,6.4118242263793945,6.4118242263793945,0
2011-04-21,6.4118242263793945,6.4118242263793945,6.4118242263793945,6.4118242263793945,0
2011-04-25,6.424429893493652,6.424429893493652,6.424429893493652,6.424429893493652,0
2011-04-26,6.437038898468018,6.4370388984680185,6.4370388984680185,6.4370388984680185,0
2011-04-27,6.424429893493652,6.424429893493652,6.424429893493652,6.424429893493652,0
2011-04-28,6.4433441162109375,6.4433441162109375,6.4433441162109375,6.4433441162109375,0
2011-04-29,6.44840145111084,6.44840145111084,6.44840145111084,6.44840145111084,0
2011-05-02,6.454724311828613,6.454724311828613,6.454724311828613,6.454724311828613,0
2011-05-03,6.461048603057861,6.46104860305786,6.46104860305786,6.46104860305786,0
2011-05-04,6.4673686027526855,6.467368602752685,6.467368602752685,6.467368602752685,0
2011-05-05,6.486336708068848,6.486336708068848,6.486336708068848,6.486336708068848,0
2011-05-06,6.486336708068848,6.486336708068848,6.486336708068848,6.486336708068848,0
2011-05-09,6.492659091949463,6.492659091949462,6.492659091949462,6.492659091949462,0
2011-05-10,6.4800124168396,6.4800124168396,6.4800124168396,6.4800124168396,0
2011-05-11,6.492659091949463,6.492659091949462,6.492659091949462,6.492659091949462,0
2011-05-12,6.4800124168396,6.4800124168396,6.4800124168396,6.4800124168396,0
2011-05-13,6.492659091949463,6.492659091949462,6.492659091949462,6.492659091949462,0
2011-05-16,6.505300045013428,6.505300045013428,6.505300045013428,6.505300045013428,0
2011-05-17,6.511619567871094,6.511619567871094,6.511619567871094,6.511619567871094,0
2011-05-18,6.498979091644287,6.498979091644287,6.498979091644287,6.498979091644287,0
2011-05-19,6.498979091644287,6.498979091644287,6.498979091644287,6.498979091644287,0
2011-05-20,6.505300045013428,6.505300045013428,6.505300045013428,6.505300045013428,0
2011-05-23,6.511619567871094,6.511619567871094,6.511619567871094,6.511619567871094,0
2011-05-24,6.511619567871094,6.511619567871094,6.511619567871094,6.511619567871094,0
2011-05-25,6.511619567871094,6.511619567871094,6.511619567871094,6.511619567871094,0
2011-05-26,6.530585289001465,6.530585289001465,6.530585289001465,6.530585289001465,0
2011-05-27,6.524265766143799,6.524265766143799,6.524265766143799,6.524265766143799,0
2011-05-31,6.535675048828125,6.535675048828125,6.535675048828125,6.535675048828125,0
2011-06-01,6.554694175720215,6.554694175720215,6.554694175720215,6.554694175720215,0
2011-06-02,6.535675048828125,6.535675048828125,6.535675048828125,6.535675048828125,0
2011-06-03,6.548352241516113,6.548352241516113,6.548352241516113,6.548352241516113,0
2011-06-06,6.548352241516113,6.548352241516113,6.548352241516113,6.548352241516113,0
2011-06-07,6.548352241516113,6.548352241516113,6.548352241516113,6.548352241516113,0
2011-06-08,6.561028003692627,6.561028003692628,6.561028003692628,6.561028003692628,0
2011-06-09,6.5420145988464355,6.5420145988464355,6.5420145988464355,6.5420145988464355,0
2011-06-10,6.548352241516113,6.548352241516113,6.548352241516113,6.548352241516113,0
2011-06-13,6.548352241516113,6.548352241516113,6.548352241516113,6.548352241516113,0
2011-06-14,6.522998809814453,6.522998809814453,6.522998809814453,6.522998809814453,0
2011-06-15,6.554694175720215,6.554694175720215,6.554694175720215,6.554694175720215,0
2011-06-16,6.561028003692627,6.561028003692628,6.561028003692628,6.561028003692628,0
2011-06-17,6.548352241516113,6.548352241516113,6.548352241516113,6.548352241516113,0
2011-06-20,6.548352241516113,6.548352241516113,6.548352241516113,6.548352241516113,0
2011-06-21,6.548352241516113,6.548352241516113,6.548352241516113,6.548352241516113,0
2011-06-22,6.548352241516113,6.548352241516113,6.548352241516113,6.548352241516113,0
2011-06-23,6.567372798919678,6.567372798919678,6.567372798919678,6.567372798919678,0
2011-06-24,6.5737104415893555,6.5737104415893555,6.5737104415893555,6.5737104415893555,0
2011-06-27,6.554694175720215,6.554694175720215,6.554694175720215,6.554694175720215,0
2011-06-28,6.529336929321289,6.529336929321289,6.529336929321289,6.529336929321289,0
2011-06-29,6.522998809814453,6.522998809814453,6.522998809814453,6.522998809814453,0
2011-06-30,6.517913341522217,6.517913341522217,6.517913341522217,6.517913341522217,0
2011-07-01,6.511547088623047,6.511547088623047,6.511547088623047,6.511547088623047,0
2011-07-05,6.5242743492126465,6.524274349212646,6.524274349212646,6.524274349212646,0
2011-07-06,6.536990165710449,6.536990165710448,6.536990165710448,6.536990165710448,0
2011-07-07,6.517913341522217,6.517913341522217,6.517913341522217,6.517913341522217,0
2011-07-08,6.556062698364258,6.556062698364258,6.556062698364258,6.556062698364258,0
2011-07-11,6.575141429901123,6.575141429901123,6.575141429901123,6.575141429901123,0
2011-07-12,6.581495761871338,6.581495761871338,6.581495761871338,6.581495761871338,0
2011-07-13,6.581495761871338,6.581495761871338,6.581495761871338,6.581495761871338,0
2011-07-14,6.575141429901123,6.575141429901123,6.575141429901123,6.575141429901123,0
2011-07-15,6.575141429901123,6.575141429901123,6.575141429901123,6.575141429901123,0
2011-07-18,6.568780899047852,6.568780899047852,6.568780899047852,6.568780899047852,0
2011-07-19,6.581495761871338,6.581495761871338,6.581495761871338,6.581495761871338,0
2011-07-20,6.568780899047852,6.568780899047852,6.568780899047852,6.568780899047852,0
2011-07-21,6.556062698364258,6.556062698364258,6.556062698364258,6.556062698364258,0
2011-07-22,6.568780899047852,6.568780899047852,6.568780899047852,6.568780899047852,0
2011-07-25,6.562424659729004,6.562424659729004,6.562424659729004,6.562424659729004,0
2011-07-26,6.575141429901123,6.575141429901123,6.575141429901123,6.575141429901123,0
2011-07-27,6.568780899047852,6.568780899047852,6.568780899047852,6.568780899047852,0
2011-07-28,6.575141429901123,6.575141429901123,6.575141429901123,6.575141429901123,0
2011-07-29,6.611482620239258,6.611482620239258,6.611482620239258,6.611482620239258,0
2011-08-01,6.630611419677734,6.630611419677734,6.630611419677734,6.630611419677734,0
2011-08-02,6.662489414215088,6.662489414215088,6.662489414215088,6.662489414215088,0
2011-08-03,6.668866157531738,6.668866157531738,6.668866157531738,6.668866157531738,0
2011-08-04,6.700740814208984,6.700740814208984,6.700740814208984,6.700740814208984,0
2011-08-05,6.662489414215088,6.662489414215088,6.662489414215088,6.662489414215088,0
2011-08-08,6.687991619110107,6.687991619110107,6.687991619110107,6.687991619110107,0
2011-08-09,6.719867706298828,6.719867706298828,6.719867706298828,6.719867706298828,0
2011-08-10,6.738991737365723,6.738991737365722,6.738991737365722,6.738991737365722,0
2011-08-11,6.687991619110107,6.687991619110107,6.687991619110107,6.687991619110107,0
2011-08-12,6.719867706298828,6.719867706298828,6.719867706298828,6.719867706298828,0
2011-08-15,6.707118034362793,6.707118034362794,6.707118034362794,6.707118034362794,0
2011-08-16,6.7262468338012695,6.726246833801269,6.726246833801269,6.726246833801269,0
2011-08-17,6.738991737365723,6.738991737365722,6.738991737365722,6.738991737365722,0
2011-08-18,6.751747131347656,6.751747131347656,6.751747131347656,6.751747131347656,0
2011-08-19,6.74536657333374,6.74536657333374,6.74536657333374,6.74536657333374,0
2011-08-22,6.738991737365723,6.738991737365722,6.738991737365722,6.738991737365722,0
2011-08-23,6.719867706298828,6.719867706298828,6.719867706298828,6.719867706298828,0
2011-08-24,6.681613445281982,6.681613445281982,6.681613445281982,6.681613445281982,0
2011-08-25,6.694366931915283,6.694366931915282,6.694366931915282,6.694366931915282,0
2011-08-26,6.707118034362793,6.707118034362794,6.707118034362794,6.707118034362794,0
2011-08-29,6.687991619110107,6.687991619110107,6.687991619110107,6.687991619110107,0
2011-08-30,6.713496208190918,6.713496208190918,6.713496208190918,6.713496208190918,0
2011-08-31,6.714132308959961,6.714132308959961,6.714132308959961,6.714132308959961,0
2011-09-01,6.73331880569458,6.73331880569458,6.73331880569458,6.73331880569458,0
2011-09-02,6.7588911056518555,6.7588911056518555,6.7588911056518555,6.7588911056518555,0
2011-09-06,6.76528263092041,6.765282630920411,6.765282630920411,6.765282630920411,0
2011-09-07,6.752497673034668,6.752497673034668,6.752497673034668,6.752497673034668,0
2011-09-08,6.7588911056518555,6.7588911056518555,6.7588911056518555,6.7588911056518555,0
2011-09-09,6.778076648712158,6.778076648712159,6.778076648712159,6.778076648712159,0
2011-09-12,6.76528263092041,6.765282630920411,6.765282630920411,6.765282630920411,0
2011-09-13,6.752497673034668,6.752497673034668,6.752497673034668,6.752497673034668,0
2011-09-14,6.74610710144043,6.746107101440431,6.746107101440431,6.746107101440431,0
2011-09-15,6.73331880569458,6.73331880569458,6.73331880569458,6.73331880569458,0
2011-09-16,6.739710330963135,6.739710330963135,6.739710330963135,6.739710330963135,0
2011-09-19,6.7716827392578125,6.7716827392578125,6.7716827392578125,6.7716827392578125,0
2011-09-20,6.76528263092041,6.765282630920411,6.765282630920411,6.765282630920411,0
2011-09-21,6.7844696044921875,6.7844696044921875,6.7844696044921875,6.7844696044921875,0
2011-09-22,6.816450595855713,6.816450595855712,6.816450595855712,6.816450595855712,0
2011-09-23,6.7844696044921875,6.7844696044921875,6.7844696044921875,6.7844696044921875,0
2011-09-26,6.7588911056518555,6.7588911056518555,6.7588911056518555,6.7588911056518555,0
2011-09-27,6.73331880569458,6.73331880569458,6.73331880569458,6.73331880569458,0
2011-09-28,6.739710330963135,6.739710330963135,6.739710330963135,6.739710330963135,0
2011-09-29,6.752497673034668,6.752497673034668,6.752497673034668,6.752497673034668,0
2011-09-30,6.76339864730835,6.76339864730835,6.76339864730835,6.76339864730835,0
2011-10-03,6.795450687408447,6.795450687408447,6.795450687408447,6.795450687408447,0
2011-10-04,6.776215076446533,6.776215076446532,6.776215076446532,6.776215076446532,0
2011-10-05,6.750578880310059,6.750578880310059,6.750578880310059,6.750578880310059,0
2011-10-06,6.737752914428711,6.737752914428711,6.737752914428711,6.737752914428711,0
2011-10-07,6.718520164489746,6.718520164489746,6.718520164489746,6.718520164489746,0
2011-10-10,6.718520164489746,6.718520164489746,6.718520164489746,6.718520164489746,0
2011-10-11,6.705700874328613,6.705700874328613,6.705700874328613,6.705700874328613,0
2011-10-12,6.69287633895874,6.69287633895874,6.69287633895874,6.69287633895874,0
2011-10-13,6.712116718292236,6.712116718292236,6.712116718292236,6.712116718292236,0
2011-10-14,6.705700874328613,6.705700874328613,6.705700874328613,6.705700874328613,0
2011-10-17,6.724935531616211,6.724935531616212,6.724935531616212,6.724935531616212,0
2011-10-18,6.724935531616211,6.724935531616212,6.724935531616212,6.724935531616212,0
2011-10-19,6.7313432693481445,6.731343269348144,6.731343269348144,6.731343269348144,0
2011-10-20,6.724935531616211,6.724935531616212,6.724935531616212,6.724935531616212,0
2011-10-21,6.724935531616211,6.724935531616212,6.724935531616212,6.724935531616212,0
2011-10-24,6.718520164489746,6.718520164489746,6.718520164489746,6.718520164489746,0
2011-10-25,6.75698709487915,6.75698709487915,6.75698709487915,6.75698709487915,0
2011-10-26,6.737752914428711,6.737752914428711,6.737752914428711,6.737752914428711,0
2011-10-27,6.712116718292236,6.712116718292236,6.712116718292236,6.712116718292236,0
2011-10-28,6.737752914428711,6.737752914428711,6.737752914428711,6.737752914428711,0
2011-10-31,6.773744583129883,6.773744583129883,6.773744583129883,6.773744583129883,0
2011-11-01,6.805877208709717,6.805877208709717,6.805877208709717,6.805877208709717,0
2011-11-02,6.805877208709717,6.805877208709717,6.805877208709717,6.805877208709717,0
2011-11-03,6.793020725250244,6.793020725250244,6.793020725250244,6.793020725250244,0
2011-11-04,6.793020725250244,6.793020725250244,6.793020725250244,6.793020725250244,0
2011-11-07,6.7994465827941895,6.7994465827941895,6.7994465827941895,6.7994465827941895,0
2011-11-08,6.786596298217773,6.786596298217773,6.786596298217773,6.786596298217773,0
2011-11-09,6.7994465827941895,6.7994465827941895,6.7994465827941895,6.7994465827941895,0
2011-11-10,6.780172348022461,6.780172348022461,6.780172348022461,6.780172348022461,0
2011-11-11,6.780172348022461,6.780172348022461,6.780172348022461,6.780172348022461,0
2011-11-14,6.780172348022461,6.780172348022461,6.780172348022461,6.780172348022461,0
2011-11-15,6.773744583129883,6.773744583129883,6.773744583129883,6.773744583129883,0
2011-11-16,6.786596298217773,6.786596298217773,6.786596298217773,6.786596298217773,0
2011-11-17,6.793020725250244,6.793020725250244,6.793020725250244,6.793020725250244,0
2011-11-18,6.780172348022461,6.780172348022461,6.780172348022461,6.780172348022461,0
2011-11-21,6.786596298217773,6.786596298217773,6.786596298217773,6.786596298217773,0
2011-11-22,6.786596298217773,6.786596298217773,6.786596298217773,6.786596298217773,0
2011-11-23,6.7994465827941895,6.7994465827941895,6.7994465827941895,6.7994465827941895,0
2011-11-25,6.773744583129883,6.773744583129883,6.773744583129883,6.773744583129883,0
2011-11-28,6.780172348022461,6.780172348022461,6.780172348022461,6.780172348022461,0
2011-11-29,6.773744583129883,6.773744583129883,6.773744583129883,6.773744583129883,0
2011-11-30,6.75956916809082,6.759569168090821,6.759569168090821,6.759569168090821,0
2011-12-01,6.75956916809082,6.759569168090821,6.759569168090821,6.759569168090821,0
2011-12-02,6.7724528312683105,6.7724528312683105,6.7724528312683105,6.7724528312683105,0
2011-12-05,6.778899192810059,6.778899192810059,6.778899192810059,6.778899192810059,0
2011-12-06,6.7724528312683105,6.7724528312683105,6.7724528312683105,6.7724528312683105,0
2011-12-07,6.791787624359131,6.791787624359131,6.791787624359131,6.791787624359131,0
2011-12-08,6.804673194885254,6.804673194885254,6.804673194885254,6.804673194885254,0
2011-12-09,6.778899192810059,6.778899192810059,6.778899192810059,6.778899192810059,0
2011-12-12,6.791787624359131,6.791787624359131,6.791787624359131,6.791787624359131,0
2011-12-13,6.804673194885254,6.804673194885254,6.804673194885254,6.804673194885254,0
2011-12-14,6.820839881896973,6.820839881896973,6.820839881896973,6.820839881896973,0
2011-12-15,6.814370632171631,6.814370632171631,6.814370632171631,6.814370632171631,0
2011-12-16,6.827303886413574,6.827303886413574,6.827303886413574,6.827303886413574,0
2011-12-19,6.833769798278809,6.833769798278809,6.833769798278809,6.833769798278809,0
2011-12-20,6.814370632171631,6.814370632171631,6.814370632171631,6.814370632171631,0
2011-12-21,6.801443099975586,6.801443099975585,6.801443099975585,6.801443099975585,0
2011-12-22,6.801443099975586,6.801443099975585,6.801443099975585,6.801443099975585,0
2011-12-23,6.78204345703125,6.78204345703125,6.78204345703125,6.78204345703125,0
2011-12-27,6.7949748039245605,6.7949748039245605,6.7949748039245605,6.7949748039245605,0
2011-12-28,6.820839881896973,6.820839881896973,6.820839881896973,6.820839881896973,0
2011-12-29,6.827303886413574,6.827303886413574,6.827303886413574,6.827303886413574,0
2011-12-30,6.833769798278809,6.833769798278809,6.833769798278809,6.833769798278809,0
2012-01-03,6.833769798278809,6.833769798278809,6.833769798278809,6.833769798278809,0
2012-01-04,6.814370632171631,6.814370632171631,6.814370632171631,6.814370632171631,0
2012-01-05,6.814370632171631,6.814370632171631,6.814370632171631,6.814370632171631,0
2012-01-06,6.827303886413574,6.827303886413574,6.827303886413574,6.827303886413574,0
2012-01-09,6.827303886413574,6.827303886413574,6.827303886413574,6.827303886413574,0
2012-01-10,6.827303886413574,6.827303886413574,6.827303886413574,6.827303886413574,0
2012-01-11,6.846698760986328,6.846698760986327,6.846698760986327,6.846698760986327,0
2012-01-12,6.846698760986328,6.846698760986327,6.846698760986327,6.846698760986327,0
2012-01-13,6.8596296310424805,6.85962963104248,6.85962963104248,6.85962963104248,0
2012-01-17,6.866093158721924,6.866093158721924,6.866093158721924,6.866093158721924,0
2012-01-18,6.853157997131348,6.853157997131348,6.853157997131348,6.853157997131348,0
2012-01-19,6.840236663818359,6.840236663818359,6.840236663818359,6.840236663818359,0
2012-01-20,6.827303886413574,6.827303886413574,6.827303886413574,6.827303886413574,0
2012-01-23,6.820839881896973,6.820839881896973,6.820839881896973,6.820839881896973,0
2012-01-24,6.820839881896973,6.820839881896973,6.820839881896973,6.820839881896973,0
2012-01-25,6.840236663818359,6.840236663818359,6.840236663818359,6.840236663818359,0
2012-01-26,6.866093158721924,6.866093158721924,6.866093158721924,6.866093158721924,0
2012-01-27,6.872559070587158,6.872559070587158,6.872559070587158,6.872559070587158,0
2012-01-30,6.885489463806152,6.885489463806152,6.885489463806152,6.885489463806152,0
2012-01-31,6.895208358764648,6.895208358764648,6.895208358764648,6.895208358764648,0
2012-02-01,6.888730049133301,6.888730049133301,6.888730049133301,6.888730049133301,0
2012-02-02,6.895208358764648,6.895208358764648,6.895208358764648,6.895208358764648,0
2012-02-03,6.869287490844727,6.869287490844727,6.869287490844727,6.869287490844727,0
2012-02-06,6.888730049133301,6.888730049133301,6.888730049133301,6.888730049133301,0
2012-02-07,6.869287490844727,6.869287490844727,6.869287490844727,6.869287490844727,0
2012-02-08,6.875768661499023,6.875768661499023,6.875768661499023,6.875768661499023,0
2012-02-09,6.8628082275390625,6.8628082275390625,6.8628082275390625,6.8628082275390625,0
2012-02-10,6.88224983215332,6.88224983215332,6.88224983215332,6.88224983215332,0
2012-02-13,6.875768661499023,6.875768661499023,6.875768661499023,6.875768661499023,0
2012-02-14,6.895208358764648,6.895208358764648,6.895208358764648,6.895208358764648,0
2012-02-15,6.888730049133301,6.888730049133301,6.888730049133301,6.888730049133301,0
2012-02-16,6.869287490844727,6.869287490844727,6.869287490844727,6.869287490844727,0
2012-02-17,6.869287490844727,6.869287490844727,6.869287490844727,6.869287490844727,0
2012-02-21,6.8628082275390625,6.8628082275390625,6.8628082275390625,6.8628082275390625,0
2012-02-22,6.875768661499023,6.875768661499023,6.875768661499023,6.875768661499023,0
2012-02-23,6.88224983215332,6.88224983215332,6.88224983215332,6.88224983215332,0
2012-02-24,6.88224983215332,6.88224983215332,6.88224983215332,6.88224983215332,0
2012-02-27,6.9016900062561035,6.901690006256103,6.901690006256103,6.901690006256103,0
2012-02-28,6.9016900062561035,6.901690006256103,6.901690006256103,6.901690006256103,0
2012-02-29,6.891297817230225,6.891297817230225,6.891297817230225,6.891297817230225,0
2012-03-01,6.891297817230225,6.891297817230225,6.891297817230225,6.891297817230225,0
2012-03-02,6.897793292999268,6.897793292999268,6.897793292999268,6.897793292999268,0
2012-03-05,6.891297817230225,6.891297817230225,6.891297817230225,6.891297817230225,0
2012-03-06,6.897793292999268,6.897793292999268,6.897793292999268,6.897793292999268,0
2012-03-07,6.891297817230225,6.891297817230225,6.891297817230225,6.891297817230225,0
2012-03-08,6.878304958343506,6.878304958343505,6.878304958343505,6.878304958343505,0
2012-03-09,6.878304958343506,6.878304958343505,6.878304958343505,6.878304958343505,0
2012-03-12,6.884805202484131,6.88480520248413,6.88480520248413,6.88480520248413,0
2012-03-13,6.865320205688477,6.865320205688477,6.865320205688477,6.865320205688477,0
2012-03-14,6.826349258422852,6.826349258422851,6.826349258422851,6.826349258422851,0
2012-03-15,6.826349258422852,6.826349258422851,6.826349258422851,6.826349258422851,0
2012-03-16,6.826349258422852,6.826349258422851,6.826349258422851,6.826349258422851,0
2012-03-19,6.813357830047607,6.813357830047607,6.813357830047607,6.813357830047607,0
2012-03-20,6.813357830047607,6.813357830047607,6.813357830047607,6.813357830047607,0
2012-03-21,6.8328471183776855,6.832847118377686,6.832847118377686,6.832847118377686,0
2012-03-22,6.839338779449463,6.839338779449463,6.839338779449463,6.839338779449463,0
2012-03-23,6.845833778381348,6.845833778381348,6.845833778381348,6.845833778381348,0
2012-03-26,6.845833778381348,6.845833778381348,6.845833778381348,6.845833778381348,0
2012-03-27,6.865320205688477,6.865320205688477,6.865320205688477,6.865320205688477,0
2012-03-28,6.858822822570801,6.858822822570801,6.858822822570801,6.858822822570801,0
2012-03-29,6.871818542480469,6.87181854248047,6.87181854248047,6.87181854248047,0
2012-03-30,6.853589057922363,6.853589057922364,6.853589057922364,6.853589057922364,0
2012-04-02,6.860098361968994,6.860098361968994,6.860098361968994,6.860098361968994,0
2012-04-03,6.840574264526367,6.840574264526367,6.840574264526367,6.840574264526367,0
2012-04-04,6.847084999084473,6.847084999084472,6.847084999084472,6.847084999084472,0
2012-04-05,6.860098361968994,6.860098361968994,6.860098361968994,6.860098361968994,0
2012-04-09,6.892638206481934,6.892638206481934,6.892638206481934,6.892638206481934,0
2012-04-10,6.9056572914123535,6.9056572914123535,6.9056572914123535,6.9056572914123535,0
2012-04-11,6.892638206481934,6.892638206481934,6.892638206481934,6.892638206481934,0
2012-04-12,6.892638206481934,6.892638206481934,6.892638206481934,6.892638206481934,0
2012-04-13,6.9056572914123535,6.9056572914123535,6.9056572914123535,6.9056572914123535,0
2012-04-16,6.912167549133301,6.912167549133301,6.912167549133301,6.912167549133301,0
2012-04-17,6.9056572914123535,6.9056572914123535,6.9056572914123535,6.9056572914123535,0
2012-04-18,6.912167549133301,6.912167549133301,6.912167549133301,6.912167549133301,0
2012-04-19,6.918675422668457,6.918675422668457,6.918675422668457,6.918675422668457,0
2012-04-20,6.912167549133301,6.912167549133301,6.912167549133301,6.912167549133301,0
2012-04-23,6.925183296203613,6.925183296203614,6.925183296203614,6.925183296203614,0
2012-04-24,6.918675422668457,6.918675422668457,6.918675422668457,6.918675422668457,0
2012-04-25,6.912167549133301,6.912167549133301,6.912167549133301,6.912167549133301,0
2012-04-26,6.918675422668457,6.918675422668457,6.918675422668457,6.918675422668457,0
2012-04-27,6.925183296203613,6.925183296203614,6.925183296203614,6.925183296203614,0
2012-04-30,6.931049823760986,6.931049823760986,6.931049823760986,6.931049823760986,0
2012-05-01,6.9180121421813965,6.9180121421813965,6.9180121421813965,6.9180121421813965,0
2012-05-02,6.931049823760986,6.931049823760986,6.931049823760986,6.931049823760986,0
2012-05-03,6.937573432922363,6.937573432922364,6.937573432922364,6.937573432922364,0
2012-05-04,6.944094657897949,6.94409465789795,6.94409465789795,6.94409465789795,0
2012-05-07,6.944094657897949,6.94409465789795,6.94409465789795,6.94409465789795,0
2012-05-08,6.950615882873535,6.950615882873535,6.950615882873535,6.950615882873535,0
2012-05-09,6.950615882873535,6.950615882873535,6.950615882873535,6.950615882873535,0
2012-05-10,6.944094657897949,6.94409465789795,6.94409465789795,6.94409465789795,0
2012-05-11,6.950615882873535,6.950615882873535,6.950615882873535,6.950615882873535,0
2012-05-14,6.957131862640381,6.957131862640381,6.957131862640381,6.957131862640381,0
2012-05-15,6.957131862640381,6.957131862640381,6.957131862640381,6.957131862640381,0
2012-05-16,6.957131862640381,6.957131862640381,6.957131862640381,6.957131862640381,0
2012-05-17,6.963653087615967,6.963653087615967,6.963653087615967,6.963653087615967,0
2012-05-18,6.957131862640381,6.957131862640381,6.957131862640381,6.957131862640381,0
2012-05-21,6.957131862640381,6.957131862640381,6.957131862640381,6.957131862640381,0
2012-05-22,6.944094657897949,6.94409465789795,6.94409465789795,6.94409465789795,0
2012-05-23,6.957131862640381,6.957131862640381,6.957131862640381,6.957131862640381,0
2012-05-24,6.944094657897949,6.94409465789795,6.94409465789795,6.94409465789795,0
2012-05-25,6.950615882873535,6.950615882873535,6.950615882873535,6.950615882873535,0
2012-05-29,6.950615882873535,6.950615882873535,6.950615882873535,6.950615882873535,0
2012-05-30,6.976693630218506,6.976693630218506,6.976693630218506,6.976693630218506,0
2012-05-31,6.98453426361084,6.984534263610839,6.984534263610839,6.984534263610839,0
2012-06-01,7.004131317138672,7.004131317138673,7.004131317138673,7.004131317138673,0
2012-06-04,6.98453426361084,6.984534263610839,6.984534263610839,6.984534263610839,0
2012-06-05,6.978000640869141,6.97800064086914,6.97800064086914,6.97800064086914,0
2012-06-06,6.964935779571533,6.964935779571533,6.964935779571533,6.964935779571533,0
2012-06-07,6.964935779571533,6.964935779571533,6.964935779571533,6.964935779571533,0
2012-06-08,6.971465587615967,6.971465587615967,6.971465587615967,6.971465587615967,0
2012-06-11,6.978000640869141,6.97800064086914,6.97800064086914,6.97800064086914,0
2012-06-12,6.964935779571533,6.964935779571533,6.964935779571533,6.964935779571533,0
2012-06-13,6.978000640869141,6.97800064086914,6.97800064086914,6.97800064086914,0
2012-06-14,6.978000640869141,6.97800064086914,6.97800064086914,6.97800064086914,0
2012-06-15,6.98453426361084,6.984534263610839,6.984534263610839,6.984534263610839,0
2012-06-18,6.991067409515381,6.991067409515381,6.991067409515381,6.991067409515381,0
2012-06-19,6.98453426361084,6.984534263610839,6.984534263610839,6.984534263610839,0
2012-06-20,6.978000640869141,6.97800064086914,6.97800064086914,6.97800064086914,0
2012-06-21,6.991067409515381,6.991067409515381,6.991067409515381,6.991067409515381,0
2012-06-22,6.978000640869141,6.97800064086914,6.97800064086914,6.97800064086914,0
2012-06-25,6.997600078582764,6.997600078582764,6.997600078582764,6.997600078582764,0
2012-06-26,6.991067409515381,6.991067409515381,6.991067409515381,6.991067409515381,0
2012-06-27,6.991067409515381,6.991067409515381,6.991067409515381,6.991067409515381,0
2012-06-28,7.004131317138672,7.004131317138673,7.004131317138673,7.004131317138673,0
2012-06-29,7.011991024017334,7.011991024017333,7.011991024017333,7.011991024017333,0
2012-07-02,7.011991024017334,7.011991024017333,7.011991024017333,7.011991024017333,0
2012-07-03,7.005443572998047,7.005443572998047,7.005443572998047,7.005443572998047,0
2012-07-05,7.011991024017334,7.011991024017333,7.011991024017333,7.011991024017333,0
2012-07-06,7.025086402893066,7.025086402893066,7.025086402893066,7.025086402893066,0
2012-07-09,7.038178443908691,7.038178443908692,7.038178443908692,7.038178443908692,0
2012-07-10,7.04472541809082,7.044725418090819,7.044725418090819,7.044725418090819,0
2012-07-11,7.04472541809082,7.044725418090819,7.044725418090819,7.044725418090819,0
2012-07-12,7.051272869110107,7.051272869110107,7.051272869110107,7.051272869110107,0
2012-07-13,7.051272869110107,7.051272869110107,7.051272869110107,7.051272869110107,0
2012-07-16,7.064362525939941,7.064362525939941,7.064362525939941,7.064362525939941,0
2012-07-17,7.057822227478027,7.057822227478027,7.057822227478027,7.057822227478027,0
2012-07-18,7.070919036865234,7.070919036865235,7.070919036865235,7.070919036865235,0
2012-07-19,7.064362525939941,7.064362525939941,7.064362525939941,7.064362525939941,0
2012-07-20,7.077462673187256,7.077462673187256,7.077462673187256,7.077462673187256,0
2012-07-23,7.084011554718018,7.084011554718017,7.084011554718017,7.084011554718017,0
2012-07-24,7.090559482574463,7.090559482574463,7.090559482574463,7.090559482574463,0
2012-07-25,7.090559482574463,7.090559482574463,7.090559482574463,7.090559482574463,0
2012-07-26,7.090559482574463,7.090559482574463,7.090559482574463,7.090559482574463,0
2012-07-27,7.057822227478027,7.057822227478027,7.057822227478027,7.057822227478027,0
2012-07-30,7.077462673187256,7.077462673187256,7.077462673187256,7.077462673187256,0
2012-07-31,7.080742359161377,7.080742359161377,7.080742359161377,7.080742359161377,0
2012-08-01,7.0741777420043945,7.0741777420043945,7.0741777420043945,7.0741777420043945,0
2012-08-02,7.087296009063721,7.087296009063721,7.087296009063721,7.087296009063721,0
2012-08-03,7.061068534851074,7.061068534851074,7.061068534851074,7.061068534851074,0
2012-08-06,7.0741777420043945,7.0741777420043945,7.0741777420043945,7.0741777420043945,0
2012-08-07,7.054513931274414,7.054513931274414,7.054513931274414,7.054513931274414,0
2012-08-08,7.047957897186279,7.04795789718628,7.04795789718628,7.04795789718628,0
2012-08-09,7.047957897186279,7.04795789718628,7.04795789718628,7.04795789718628,0
2012-08-10,7.054513931274414,7.054513931274414,7.054513931274414,7.054513931274414,0
2012-08-13,7.054513931274414,7.054513931274414,7.054513931274414,7.054513931274414,0
2012-08-14,7.034848213195801,7.034848213195801,7.034848213195801,7.034848213195801,0
2012-08-15,7.015178203582764,7.015178203582764,7.015178203582764,7.015178203582764,0
2012-08-16,7.002068519592285,7.002068519592286,7.002068519592286,7.002068519592286,0
2012-08-17,7.008624076843262,7.008624076843262,7.008624076843262,7.008624076843262,0
2012-08-20,7.015178203582764,7.015178203582764,7.015178203582764,7.015178203582764,0
2012-08-21,7.015178203582764,7.015178203582764,7.015178203582764,7.015178203582764,0
2012-08-22,7.041402816772461,7.041402816772461,7.041402816772461,7.041402816772461,0
2012-08-23,7.054513931274414,7.054513931274414,7.054513931274414,7.054513931274414,0
2012-08-24,7.054513931274414,7.054513931274414,7.054513931274414,7.054513931274414,0
2012-08-27,7.061068534851074,7.061068534851074,7.061068534851074,7.061068534851074,0
2012-08-28,7.067629337310791,7.067629337310791,7.067629337310791,7.067629337310791,0
2012-08-29,7.061068534851074,7.061068534851074,7.061068534851074,7.061068534851074,0
2012-08-30,7.067629337310791,7.067629337310791,7.067629337310791,7.067629337310791,0
2012-08-31,7.090609073638916,7.090609073638916,7.090609073638916,7.090609073638916,0
2012-09-04,7.084035396575928,7.084035396575928,7.084035396575928,7.084035396575928,0
2012-09-05,7.084035396575928,7.084035396575928,7.084035396575928,7.084035396575928,0
2012-09-06,7.064343452453613,7.064343452453613,7.064343452453613,7.064343452453613,0
2012-09-07,7.070909023284912,7.070909023284912,7.070909023284912,7.070909023284912,0
2012-09-10,7.064343452453613,7.064343452453613,7.064343452453613,7.064343452453613,0
2012-09-11,7.064343452453613,7.064343452453613,7.064343452453613,7.064343452453613,0
2012-09-12,7.051214694976807,7.051214694976807,7.051214694976807,7.051214694976807,0
2012-09-13,7.057778835296631,7.057778835296631,7.057778835296631,7.057778835296631,0
2012-09-14,7.038080215454102,7.038080215454102,7.038080215454102,7.038080215454102,0
2012-09-17,7.051214694976807,7.051214694976807,7.051214694976807,7.051214694976807,0
2012-09-18,7.057778835296631,7.057778835296631,7.057778835296631,7.057778835296631,0
2012-09-19,7.064343452453613,7.064343452453613,7.064343452453613,7.064343452453613,0
2012-09-20,7.064343452453613,7.064343452453613,7.064343452453613,7.064343452453613,0
2012-09-21,7.070909023284912,7.070909023284912,7.070909023284912,7.070909023284912,0
2012-09-24,7.084035396575928,7.084035396575928,7.084035396575928,7.084035396575928,0
2012-09-25,7.090609073638916,7.090609073638916,7.090609073638916,7.090609073638916,0
2012-09-26,7.1037397384643555,7.103739738464355,7.103739738464355,7.103739738464355,0
2012-09-27,7.097170352935791,7.097170352935791,7.097170352935791,7.097170352935791,0
2012-09-28,7.099804878234863,7.099804878234864,7.099804878234864,7.099804878234864,0
2012-10-01,7.106377601623535,7.106377601623536,7.106377601623536,7.106377601623536,0
2012-10-02,7.106377601623535,7.106377601623536,7.106377601623536,7.106377601623536,0
2012-10-03,7.106377601623535,7.106377601623536,7.106377601623536,7.106377601623536,0
2012-10-04,7.093228340148926,7.093228340148927,7.093228340148927,7.093228340148927,0
2012-10-05,7.0800862312316895,7.08008623123169,7.08008623123169,7.08008623123169,0
2012-10-08,7.0800862312316895,7.08008623123169,7.08008623123169,7.08008623123169,0
2012-10-09,7.086658000946045,7.086658000946045,7.086658000946045,7.086658000946045,0
2012-10-10,7.093228340148926,7.093228340148927,7.093228340148927,7.093228340148927,0
2012-10-11,7.099804878234863,7.099804878234864,7.099804878234864,7.099804878234864,0
2012-10-12,7.106377601623535,7.106377601623536,7.106377601623536,7.106377601623536,0
2012-10-15,7.106377601623535,7.106377601623536,7.106377601623536,7.106377601623536,0
2012-10-16,7.093228340148926,7.093228340148927,7.093228340148927,7.093228340148927,0
2012-10-17,7.0800862312316895,7.08008623123169,7.08008623123169,7.08008623123169,0
2012-10-18,7.073507785797119,7.073507785797119,7.073507785797119,7.073507785797119,0
2012-10-19,7.093228340148926,7.093228340148927,7.093228340148927,7.093228340148927,0
2012-10-22,7.086658000946045,7.086658000946045,7.086658000946045,7.086658000946045,0
2012-10-23,7.086658000946045,7.086658000946045,7.086658000946045,7.086658000946045,0
2012-10-24,7.086658000946045,7.086658000946045,7.086658000946045,7.086658000946045,0
2012-10-25,7.073507785797119,7.073507785797119,7.073507785797119,7.073507785797119,0
2012-10-26,7.086658000946045,7.086658000946045,7.086658000946045,7.086658000946045,0
2012-10-31,7.106377601623535,7.106377601623536,7.106377601623536,7.106377601623536,0
2012-11-01,7.097820281982422,7.097820281982422,7.097820281982422,7.097820281982422,0
2012-11-02,7.097820281982422,7.097820281982422,7.097820281982422,7.097820281982422,0
2012-11-05,7.110982418060303,7.110982418060303,7.110982418060303,7.110982418060303,0
2012-11-06,7.091238021850586,7.091238021850586,7.091238021850586,7.091238021850586,0
2012-11-07,7.110982418060303,7.110982418060303,7.110982418060303,7.110982418060303,0
2012-11-08,7.1241583824157715,7.124158382415771,7.124158382415771,7.124158382415771,0
2012-11-09,7.117569923400879,7.11756992340088,7.11756992340088,7.11756992340088,0
2012-11-12,7.117569923400879,7.11756992340088,7.11756992340088,7.11756992340088,0
2012-11-13,7.117569923400879,7.11756992340088,7.11756992340088,7.11756992340088,0
2012-11-14,7.117569923400879,7.11756992340088,7.11756992340088,7.11756992340088,0
2012-11-15,7.117569923400879,7.11756992340088,7.11756992340088,7.11756992340088,0
2012-11-16,7.117569923400879,7.11756992340088,7.11756992340088,7.11756992340088,0
2012-11-19,7.110982418060303,7.110982418060303,7.110982418060303,7.110982418060303,0
2012-11-20,7.104401588439941,7.104401588439941,7.104401588439941,7.104401588439941,0
2012-11-21,7.091238021850586,7.091238021850586,7.091238021850586,7.091238021850586,0
2012-11-23,7.091238021850586,7.091238021850586,7.091238021850586,7.091238021850586,0
2012-11-26,7.104401588439941,7.104401588439941,7.104401588439941,7.104401588439941,0
2012-11-27,7.110982418060303,7.110982418060303,7.110982418060303,7.110982418060303,0
2012-11-28,7.110982418060303,7.110982418060303,7.110982418060303,7.110982418060303,0
2012-11-29,7.110982418060303,7.110982418060303,7.110982418060303,7.110982418060303,0
2012-11-30,7.1156005859375,7.1156005859375,7.1156005859375,7.1156005859375,0
2012-12-03,7.1156005859375,7.1156005859375,7.1156005859375,7.1156005859375,0
2012-12-04,7.122195243835449,7.122195243835449,7.122195243835449,7.122195243835449,0
2012-12-05,7.122195243835449,7.122195243835449,7.122195243835449,7.122195243835449,0
2012-12-06,7.122195243835449,7.122195243835449,7.122195243835449,7.122195243835449,0
2012-12-07,7.1156005859375,7.1156005859375,7.1156005859375,7.1156005859375,0
2012-12-10,7.122195243835449,7.122195243835449,7.122195243835449,7.122195243835449,0
2012-12-11,7.109010696411133,7.109010696411133,7.109010696411133,7.109010696411133,0
2012-12-12,7.103672504425049,7.103672504425049,7.103672504425049,7.103672504425049,0
2012-12-13,7.0970025062561035,7.097002506256104,7.097002506256104,7.097002506256104,0
2012-12-14,7.103672504425049,7.103672504425049,7.103672504425049,7.103672504425049,0
2012-12-17,7.09033203125,7.09033203125,7.09033203125,7.09033203125,0
2012-12-18,7.070318222045898,7.070318222045898,7.070318222045898,7.070318222045898,0
2012-12-19,7.083661079406738,7.083661079406738,7.083661079406738,7.083661079406738,0
2012-12-20,7.083661079406738,7.083661079406738,7.083661079406738,7.083661079406738,0
2012-12-21,7.0970025062561035,7.097002506256104,7.097002506256104,7.097002506256104,0
2012-12-24,7.09033203125,7.09033203125,7.09033203125,7.09033203125,0
2012-12-26,7.0970025062561035,7.097002506256104,7.097002506256104,7.097002506256104,0
2012-12-27,7.1103386878967285,7.1103386878967285,7.1103386878967285,7.1103386878967285,0
2012-12-28,7.1103386878967285,7.1103386878967285,7.1103386878967285,7.1103386878967285,0
2012-12-31,7.103672504425049,7.103672504425049,7.103672504425049,7.103672504425049,0
2013-01-02,7.083661079406738,7.083661079406738,7.083661079406738,7.083661079406738,0
2013-01-03,7.070318222045898,7.070318222045898,7.070318222045898,7.070318222045898,0
2013-01-04,7.070318222045898,7.070318222045898,7.070318222045898,7.070318222045898,0
2013-01-07,7.076993942260742,7.076993942260742,7.076993942260742,7.076993942260742,0
2013-01-08,7.083661079406738,7.083661079406738,7.083661079406738,7.083661079406738,0
2013-01-09,7.09033203125,7.09033203125,7.09033203125,7.09033203125,0
2013-01-10,7.076993942260742,7.076993942260742,7.076993942260742,7.076993942260742,0
2013-01-11,7.083661079406738,7.083661079406738,7.083661079406738,7.083661079406738,0
2013-01-14,7.09033203125,7.09033203125,7.09033203125,7.09033203125,0
2013-01-15,7.09033203125,7.09033203125,7.09033203125,7.09033203125,0
2013-01-16,7.09033203125,7.09033203125,7.09033203125,7.09033203125,0
2013-01-17,7.076993942260742,7.076993942260742,7.076993942260742,7.076993942260742,0
2013-01-18,7.083661079406738,7.083661079406738,7.083661079406738,7.083661079406738,0
2013-01-22,7.09033203125,7.09033203125,7.09033203125,7.09033203125,0
2013-01-23,7.09033203125,7.09033203125,7.09033203125,7.09033203125,0
2013-01-24,7.083661079406738,7.083661079406738,7.083661079406738,7.083661079406738,0
2013-01-25,7.056980133056641,7.056980133056641,7.056980133056641,7.056980133056641,0
2013-01-28,7.056980133056641,7.056980133056641,7.056980133056641,7.056980133056641,0
2013-01-29,7.050312042236328,7.050312042236328,7.050312042236328,7.050312042236328,0
2013-01-30,7.043641567230225,7.043641567230225,7.043641567230225,7.043641567230225,0
2013-01-31,7.053662300109863,7.053662300109863,7.053662300109863,7.053662300109863,0
2013-02-01,7.04697847366333,7.046978473663331,7.046978473663331,7.046978473663331,0
2013-02-04,7.060338497161865,7.060338497161865,7.060338497161865,7.060338497161865,0
2013-02-05,7.04697847366333,7.046978473663331,7.046978473663331,7.046978473663331,0
2013-02-06,7.060338497161865,7.060338497161865,7.060338497161865,7.060338497161865,0
2013-02-07,7.060338497161865,7.060338497161865,7.060338497161865,7.060338497161865,0
2013-02-08,7.060338497161865,7.060338497161865,7.060338497161865,7.060338497161865,0
2013-02-11,7.060338497161865,7.060338497161865,7.060338497161865,7.060338497161865,0
2013-02-12,7.053662300109863,7.053662300109863,7.053662300109863,7.053662300109863,0
2013-02-13,7.040302276611328,7.040302276611329,7.040302276611329,7.040302276611329,0
2013-02-14,7.053662300109863,7.053662300109863,7.053662300109863,7.053662300109863,0
2013-02-15,7.053662300109863,7.053662300109863,7.053662300109863,7.053662300109863,0
2013-02-19,7.04697847366333,7.046978473663331,7.046978473663331,7.046978473663331,0
2013-02-20,7.053662300109863,7.053662300109863,7.053662300109863,7.053662300109863,0
2013-02-21,7.060338497161865,7.060338497161865,7.060338497161865,7.060338497161865,0
2013-02-22,7.060338497161865,7.060338497161865,7.060338497161865,7.060338497161865,0
2013-02-25,7.080379486083984,7.080379486083984,7.080379486083984,7.080379486083984,0
2013-02-26,7.087059497833252,7.087059497833252,7.087059497833252,7.087059497833252,0
2013-02-27,7.080379486083984,7.080379486083984,7.080379486083984,7.080379486083984,0
2013-02-28,7.083723068237305,7.083723068237305,7.083723068237305,7.083723068237305,0
2013-03-01,7.09041166305542,7.09041166305542,7.09041166305542,7.09041166305542,0
2013-03-04,7.083723068237305,7.083723068237305,7.083723068237305,7.083723068237305,0
2013-03-05,7.083723068237305,7.083723068237305,7.083723068237305,7.083723068237305,0
2013-03-06,7.0703444480896,7.0703444480896,7.0703444480896,7.0703444480896,0
2013-03-07,7.056972026824951,7.056972026824951,7.056972026824951,7.056972026824951,0
2013-03-08,7.043583393096924,7.043583393096924,7.043583393096924,7.043583393096924,0
2013-03-11,7.043583393096924,7.043583393096924,7.043583393096924,7.043583393096924,0
2013-03-12,7.050277233123779,7.05027723312378,7.05027723312378,7.05027723312378,0
2013-03-13,7.056972026824951,7.056972026824951,7.056972026824951,7.056972026824951,0
2013-03-14,7.050277233123779,7.05027723312378,7.05027723312378,7.05027723312378,0
2013-03-15,7.063654899597168,7.063654899597168,7.063654899597168,7.063654899597168,0
2013-03-18,7.0703444480896,7.0703444480896,7.0703444480896,7.0703444480896,0
2013-03-19,7.083723068237305,7.083723068237305,7.083723068237305,7.083723068237305,0
2013-03-20,7.0703444480896,7.0703444480896,7.0703444480896,7.0703444480896,0
2013-03-21,7.0703444480896,7.0703444480896,7.0703444480896,7.0703444480896,0
2013-03-22,7.077033996582031,7.077033996582031,7.077033996582031,7.077033996582031,0
2013-03-25,7.077033996582031,7.077033996582031,7.077033996582031,7.077033996582031,0
2013-03-26,7.077033996582031,7.077033996582031,7.077033996582031,7.077033996582031,0
2013-03-27,7.09041166305542,7.09041166305542,7.09041166305542,7.09041166305542,0
2013-03-28,7.085723400115967,7.085723400115967,7.085723400115967,7.085723400115967,0
2013-04-01,7.0924201011657715,7.0924201011657715,7.0924201011657715,7.0924201011657715,0
2013-04-02,7.0924201011657715,7.0924201011657715,7.0924201011657715,7.0924201011657715,0
2013-04-03,7.105816841125488,7.105816841125489,7.105816841125489,7.105816841125489,0
2013-04-04,7.125907897949219,7.125907897949219,7.125907897949219,7.125907897949219,0
2013-04-05,7.139303684234619,7.139303684234619,7.139303684234619,7.139303684234619,0
2013-04-08,7.132603645324707,7.132603645324707,7.132603645324707,7.132603645324707,0
2013-04-09,7.132603645324707,7.132603645324707,7.132603645324707,7.132603645324707,0
2013-04-10,7.11251163482666,7.11251163482666,7.11251163482666,7.11251163482666,0
2013-04-11,7.119211673736572,7.119211673736572,7.119211673736572,7.119211673736572,0
2013-04-12,7.139303684234619,7.139303684234619,7.139303684234619,7.139303684234619,0
2013-04-15,7.146002769470215,7.146002769470215,7.146002769470215,7.146002769470215,0
2013-04-16,7.139303684234619,7.139303684234619,7.139303684234619,7.139303684234619,0
2013-04-17,7.139303684234619,7.139303684234619,7.139303684234619,7.139303684234619,0
2013-04-18,7.146002769470215,7.146002769470215,7.146002769470215,7.146002769470215,0
2013-04-19,7.146002769470215,7.146002769470215,7.146002769470215,7.146002769470215,0
2013-04-22,7.146002769470215,7.146002769470215,7.146002769470215,7.146002769470215,0
2013-04-23,7.146002769470215,7.146002769470215,7.146002769470215,7.146002769470215,0
2013-04-24,7.146002769470215,7.146002769470215,7.146002769470215,7.146002769470215,0
2013-04-25,7.146002769470215,7.146002769470215,7.146002769470215,7.146002769470215,0
2013-04-26,7.159392356872559,7.159392356872559,7.159392356872559,7.159392356872559,0
2013-04-29,7.159392356872559,7.159392356872559,7.159392356872559,7.159392356872559,0
2013-04-30,7.156710624694824,7.156710624694824,7.156710624694824,7.156710624694824,0
2013-05-01,7.170122146606445,7.170122146606445,7.170122146606445,7.170122146606445,0
2013-05-02,7.170122146606445,7.170122146606445,7.170122146606445,7.170122146606445,0
2013-05-03,7.136588096618652,7.136588096618652,7.136588096618652,7.136588096618652,0
2013-05-06,7.129880428314209,7.129880428314209,7.129880428314209,7.129880428314209,0
2013-05-07,7.129880428314209,7.129880428314209,7.129880428314209,7.129880428314209,0
2013-05-08,7.136588096618652,7.136588096618652,7.136588096618652,7.136588096618652,0
2013-05-09,7.129880428314209,7.129880428314209,7.129880428314209,7.129880428314209,0
2013-05-10,7.10975980758667,7.10975980758667,7.10975980758667,7.10975980758667,0
2013-05-13,7.103050231933594,7.103050231933594,7.103050231933594,7.103050231933594,0
2013-05-14,7.0896382331848145,7.0896382331848145,7.0896382331848145,7.0896382331848145,0
2013-05-15,7.096343994140625,7.096343994140625,7.096343994140625,7.096343994140625,0
2013-05-16,7.1164679527282715,7.116467952728271,7.116467952728271,7.116467952728271,0
2013-05-17,7.0896382331848145,7.0896382331848145,7.0896382331848145,7.0896382331848145,0
2013-05-20,7.0896382331848145,7.0896382331848145,7.0896382331848145,7.0896382331848145,0
2013-05-21,7.096343994140625,7.096343994140625,7.096343994140625,7.096343994140625,0
2013-05-22,7.076230049133301,7.076230049133301,7.076230049133301,7.076230049133301,0
2013-05-23,7.06951379776001,7.06951379776001,7.06951379776001,7.06951379776001,0
2013-05-24,7.076230049133301,7.076230049133301,7.076230049133301,7.076230049133301,0
2013-05-28,7.042684078216553,7.042684078216553,7.042684078216553,7.042684078216553,0
2013-05-29,7.035975456237793,7.035975456237793,7.035975456237793,7.035975456237793,0
2013-05-30,7.035975456237793,7.035975456237793,7.035975456237793,7.035975456237793,0
2013-05-31,7.025230407714844,7.025230407714844,7.025230407714844,7.025230407714844,0
2013-06-03,7.025230407714844,7.025230407714844,7.025230407714844,7.025230407714844,0
2013-06-04,7.018515586853027,7.018515586853027,7.018515586853027,7.018515586853027,0
2013-06-05,7.025230407714844,7.025230407714844,7.025230407714844,7.025230407714844,0
2013-06-06,7.031945705413818,7.031945705413819,7.031945705413819,7.031945705413819,0
2013-06-07,7.005083084106445,7.005083084106445,7.005083084106445,7.005083084106445,0
2013-06-10,6.991650104522705,6.991650104522705,6.991650104522705,6.991650104522705,0
2013-06-11,6.991650104522705,6.991650104522705,6.991650104522705,6.991650104522705,0
2013-06-12,6.984938621520996,6.984938621520996,6.984938621520996,6.984938621520996,0
2013-06-13,6.998368740081787,6.998368740081787,6.998368740081787,6.998368740081787,0
2013-06-14,7.018515586853027,7.018515586853027,7.018515586853027,7.018515586853027,0
2013-06-17,7.0118021965026855,7.0118021965026855,7.0118021965026855,7.0118021965026855,0
2013-06-18,7.0118021965026855,7.0118021965026855,7.0118021965026855,7.0118021965026855,0
2013-06-19,6.971499443054199,6.971499443054199,6.971499443054199,6.971499443054199,0
2013-06-20,6.9244890213012695,6.9244890213012695,6.9244890213012695,6.9244890213012695,0
2013-06-21,6.890909194946289,6.890909194946289,6.890909194946289,6.890909194946289,0
2013-06-24,6.890909194946289,6.890909194946289,6.890909194946289,6.890909194946289,0
2013-06-25,6.864044189453125,6.864044189453125,6.864044189453125,6.864044189453125,0
2013-06-26,6.877476215362549,6.877476215362548,6.877476215362548,6.877476215362548,0
2013-06-27,6.904335975646973,6.904335975646973,6.904335975646973,6.904335975646973,0
2013-06-28,6.91444730758667,6.91444730758667,6.91444730758667,6.91444730758667,0
2013-07-01,6.9211883544921875,6.9211883544921875,6.9211883544921875,6.9211883544921875,0
2013-07-02,6.927928924560547,6.927928924560546,6.927928924560546,6.927928924560546,0
2013-07-03,6.91444730758667,6.91444730758667,6.91444730758667,6.91444730758667,0
2013-07-05,6.84031867980957,6.84031867980957,6.84031867980957,6.84031867980957,0
2013-07-08,6.867274284362793,6.867274284362794,6.867274284362794,6.867274284362794,0
2013-07-09,6.880749225616455,6.880749225616455,6.880749225616455,6.880749225616455,0
2013-07-10,6.867274284362793,6.867274284362794,6.867274284362794,6.867274284362794,0
2013-07-11,6.900970935821533,6.900970935821532,6.900970935821532,6.900970935821532,0
2013-07-12,6.894229412078857,6.894229412078857,6.894229412078857,6.894229412078857,0
2013-07-15,6.91444730758667,6.91444730758667,6.91444730758667,6.91444730758667,0
2013-07-16,6.9211883544921875,6.9211883544921875,6.9211883544921875,6.9211883544921875,0
2013-07-17,6.934669017791748,6.934669017791748,6.934669017791748,6.934669017791748,0
2013-07-18,6.927928924560547,6.927928924560546,6.927928924560546,6.927928924560546,0
2013-07-19,6.941404342651367,6.941404342651367,6.941404342651367,6.941404342651367,0
2013-07-22,6.948146343231201,6.948146343231201,6.948146343231201,6.948146343231201,0
2013-07-23,6.941404342651367,6.941404342651367,6.941404342651367,6.941404342651367,0
2013-07-24,6.9211883544921875,6.9211883544921875,6.9211883544921875,6.9211883544921875,0
2013-07-25,6.91444730758667,6.91444730758667,6.91444730758667,6.91444730758667,0
2013-07-26,6.927928924560547,6.927928924560546,6.927928924560546,6.927928924560546,0
2013-07-29,6.9211883544921875,6.9211883544921875,6.9211883544921875,6.9211883544921875,0
2013-07-30,6.9211883544921875,6.9211883544921875,6.9211883544921875,6.9211883544921875,0
2013-07-31,6.924561500549316,6.924561500549316,6.924561500549316,6.924561500549316,0
2013-08-01,6.8840651512146,6.8840651512146,6.8840651512146,6.8840651512146,0
2013-08-02,6.924561500549316,6.924561500549316,6.924561500549316,6.924561500549316,0
2013-08-05,6.91780948638916,6.91780948638916,6.91780948638916,6.91780948638916,0
2013-08-06,6.911064624786377,6.911064624786376,6.911064624786376,6.911064624786376,0
2013-08-07,6.924561500549316,6.924561500549316,6.924561500549316,6.924561500549316,0
2013-08-08,6.931309223175049,6.931309223175049,6.931309223175049,6.931309223175049,0
2013-08-09,6.931309223175049,6.931309223175049,6.931309223175049,6.931309223175049,0
2013-08-12,6.924561500549316,6.924561500549316,6.924561500549316,6.924561500549316,0
2013-08-13,6.897566795349121,6.897566795349121,6.897566795349121,6.897566795349121,0
2013-08-14,6.897566795349121,6.897566795349121,6.897566795349121,6.897566795349121,0
2013-08-15,6.877318382263184,6.877318382263184,6.877318382263184,6.877318382263184,0
2013-08-16,6.857072830200195,6.857072830200196,6.857072830200196,6.857072830200196,0
2013-08-19,6.836826801300049,6.836826801300049,6.836826801300049,6.836826801300049,0
2013-08-20,6.857072830200195,6.857072830200196,6.857072830200196,6.857072830200196,0
2013-08-21,6.843574047088623,6.843574047088623,6.843574047088623,6.843574047088623,0
2013-08-22,6.830074787139893,6.830074787139893,6.830074787139893,6.830074787139893,0
2013-08-23,6.857072830200195,6.857072830200196,6.857072830200196,6.857072830200196,0
2013-08-26,6.870572566986084,6.870572566986084,6.870572566986084,6.870572566986084,0
2013-08-27,6.890813827514648,6.890813827514648,6.890813827514648,6.890813827514648,0
2013-08-28,6.870572566986084,6.870572566986084,6.870572566986084,6.870572566986084,0
2013-08-29,6.8840651512146,6.8840651512146,6.8840651512146,6.8840651512146,0
2013-08-30,6.886773109436035,6.886773109436035,6.886773109436035,6.886773109436035,0
2013-09-03,6.859739303588867,6.859739303588868,6.859739303588868,6.859739303588868,0
2013-09-04,6.846223831176758,6.846223831176758,6.846223831176758,6.846223831176758,0
2013-09-05,6.812427043914795,6.812427043914795,6.812427043914795,6.812427043914795,0
2013-09-06,6.825943470001221,6.825943470001221,6.825943470001221,6.825943470001221,0
2013-09-09,6.846223831176758,6.846223831176758,6.846223831176758,6.846223831176758,0
2013-09-10,6.83270263671875,6.83270263671875,6.83270263671875,6.83270263671875,0
2013-09-11,6.846223831176758,6.846223831176758,6.846223831176758,6.846223831176758,0
2013-09-12,6.846223831176758,6.846223831176758,6.846223831176758,6.846223831176758,0
2013-09-13,6.852977275848389,6.852977275848389,6.852977275848389,6.852977275848389,0
2013-09-16,6.8664937019348145,6.8664937019348145,6.8664937019348145,6.8664937019348145,0
2013-09-17,6.873253345489502,6.873253345489502,6.873253345489502,6.873253345489502,0
2013-09-18,6.920564651489258,6.920564651489259,6.920564651489259,6.920564651489259,0
2013-09-19,6.913802623748779,6.913802623748779,6.913802623748779,6.913802623748779,0
2013-09-20,6.920564651489258,6.920564651489259,6.920564651489259,6.920564651489259,0
2013-09-23,6.927319526672363,6.927319526672363,6.927319526672363,6.927319526672363,0
2013-09-24,6.947593688964844,6.947593688964844,6.947593688964844,6.947593688964844,0
2013-09-25,6.954354286193848,6.9543542861938485,6.9543542861938485,6.9543542861938485,0
2013-09-26,6.947593688964844,6.947593688964844,6.947593688964844,6.947593688964844,0
2013-09-27,6.954354286193848,6.9543542861938485,6.9543542861938485,6.9543542861938485,0
2013-09-30,6.9509711265563965,6.950971126556397,6.950971126556397,6.950971126556397,0
2013-10-01,6.944202899932861,6.94420289993286,6.94420289993286,6.94420289993286,0
2013-10-02,6.9509711265563965,6.950971126556397,6.950971126556397,6.950971126556397,0
2013-10-03,6.957736968994141,6.957736968994141,6.957736968994141,6.957736968994141,0
2013-10-04,6.9509711265563965,6.950971126556397,6.950971126556397,6.950971126556397,0
2013-10-07,6.9509711265563965,6.950971126556397,6.950971126556397,6.950971126556397,0
2013-10-08,6.9509711265563965,6.950971126556397,6.950971126556397,6.950971126556397,0
2013-10-09,6.9509711265563965,6.950971126556397,6.950971126556397,6.950971126556397,0
2013-10-10,6.944202899932861,6.94420289993286,6.94420289993286,6.94420289993286,0
2013-10-11,6.9509711265563965,6.950971126556397,6.950971126556397,6.950971126556397,0
2013-10-14,6.937433242797852,6.937433242797852,6.937433242797852,6.937433242797852,0
2013-10-15,6.944202899932861,6.94420289993286,6.94420289993286,6.94420289993286,0
2013-10-16,6.957736968994141,6.957736968994141,6.957736968994141,6.957736968994141,0
2013-10-17,6.984809398651123,6.984809398651124,6.984809398651124,6.984809398651124,0
2013-10-18,6.991580963134766,6.991580963134766,6.991580963134766,6.991580963134766,0
2013-10-21,6.984809398651123,6.984809398651124,6.984809398651124,6.984809398651124,0
2013-10-22,7.011885166168213,7.011885166168213,7.011885166168213,7.011885166168213,0
2013-10-23,7.018651008605957,7.018651008605957,7.018651008605957,7.018651008605957,0
2013-10-24,7.005117416381836,7.005117416381836,7.005117416381836,7.005117416381836,0
2013-10-25,7.011885166168213,7.011885166168213,7.011885166168213,7.011885166168213,0
2013-10-28,7.011885166168213,7.011885166168213,7.011885166168213,7.011885166168213,0
2013-10-29,7.011885166168213,7.011885166168213,7.011885166168213,7.011885166168213,0
2013-10-30,7.011885166168213,7.011885166168213,7.011885166168213,7.011885166168213,0
2013-10-31,7.0091681480407715,7.0091681480407715,7.0091681480407715,7.0091681480407715,0
2013-11-01,6.988836288452148,6.988836288452148,6.988836288452148,6.988836288452148,0
2013-11-04,6.995612144470215,6.995612144470215,6.995612144470215,6.995612144470215,0
2013-11-05,6.975281238555908,6.975281238555908,6.975281238555908,6.975281238555908,0
2013-11-06,6.982059955596924,6.982059955596924,6.982059955596924,6.982059955596924,0
2013-11-07,6.995612144470215,6.995612144470215,6.995612144470215,6.995612144470215,0
2013-11-08,6.9549431800842285,6.9549431800842285,6.9549431800842285,6.9549431800842285,0
2013-11-11,6.948163986206055,6.948163986206055,6.948163986206055,6.948163986206055,0
2013-11-12,6.948163986206055,6.948163986206055,6.948163986206055,6.948163986206055,0
2013-11-13,6.961724281311035,6.961724281311035,6.961724281311035,6.961724281311035,0
2013-11-14,6.975281238555908,6.975281238555908,6.975281238555908,6.975281238555908,0
2013-11-15,6.982059955596924,6.982059955596924,6.982059955596924,6.982059955596924,0
2013-11-18,6.995612144470215,6.995612144470215,6.995612144470215,6.995612144470215,0
2013-11-19,6.982059955596924,6.982059955596924,6.982059955596924,6.982059955596924,0
2013-11-20,6.96850061416626,6.96850061416626,6.96850061416626,6.96850061416626,0
2013-11-21,6.96850061416626,6.96850061416626,6.96850061416626,6.96850061416626,0
2013-11-22,6.975281238555908,6.975281238555908,6.975281238555908,6.975281238555908,0
2013-11-25,6.982059955596924,6.982059955596924,6.982059955596924,6.982059955596924,0
2013-11-26,6.988836288452148,6.988836288452148,6.988836288452148,6.988836288452148,0
2013-11-27,6.982059955596924,6.982059955596924,6.982059955596924,6.982059955596924,0
2013-11-29,6.977981090545654,6.977981090545654,6.977981090545654,6.977981090545654,0
2013-12-02,6.964409828186035,6.964409828186034,6.964409828186034,6.964409828186034,0
2013-12-03,6.971199035644531,6.971199035644531,6.971199035644531,6.971199035644531,0
2013-12-04,6.950830936431885,6.950830936431885,6.950830936431885,6.950830936431885,0
2013-12-05,6.9440460205078125,6.9440460205078125,6.9440460205078125,6.9440460205078125,0
2013-12-06,6.9440460205078125,6.9440460205078125,6.9440460205078125,6.9440460205078125,0
2013-12-09,6.957623481750488,6.957623481750489,6.957623481750489,6.957623481750489,0
2013-12-10,6.971199035644531,6.971199035644531,6.971199035644531,6.971199035644531,0
2013-12-11,6.959222316741943,6.959222316741943,6.959222316741943,6.959222316741943,0
2013-12-12,6.9521803855896,6.952180385589599,6.952180385589599,6.952180385589599,0
2013-12-13,6.9521803855896,6.952180385589599,6.952180385589599,6.952180385589599,0
2013-12-16,6.9521803855896,6.952180385589599,6.952180385589599,6.952180385589599,0
2013-12-17,6.966267108917236,6.966267108917236,6.966267108917236,6.966267108917236,0
2013-12-18,6.959222316741943,6.959222316741943,6.959222316741943,6.959222316741943,0
2013-12-19,6.945140361785889,6.945140361785889,6.945140361785889,6.945140361785889,0
2013-12-20,6.959222316741943,6.959222316741943,6.959222316741943,6.959222316741943,0
2013-12-23,6.9521803855896,6.952180385589599,6.952180385589599,6.952180385589599,0
2013-12-24,6.931046962738037,6.931046962738037,6.931046962738037,6.931046962738037,0
2013-12-26,6.931046962738037,6.931046962738037,6.931046962738037,6.931046962738037,0
2013-12-27,6.931046962738037,6.931046962738037,6.931046962738037,6.931046962738037,0
2013-12-30,6.945140361785889,6.945140361785889,6.945140361785889,6.945140361785889,0
2013-12-31,6.938092231750488,6.938092231750488,6.938092231750488,6.938092231750488,0
2014-01-02,6.945140361785889,6.945140361785889,6.945140361785889,6.945140361785889,0
2014-01-03,6.945140361785889,6.945140361785889,6.945140361785889,6.945140361785889,0
2014-01-06,6.959222316741943,6.959222316741943,6.959222316741943,6.959222316741943,0
2014-01-07,6.966267108917236,6.966267108917236,6.966267108917236,6.966267108917236,0
2014-01-08,6.945140361785889,6.945140361785889,6.945140361785889,6.945140361785889,0
2014-01-09,6.9521803855896,6.952180385589599,6.952180385589599,6.952180385589599,0
2014-01-10,6.987398624420166,6.987398624420167,6.987398624420167,6.987398624420167,0
2014-01-13,7.001482963562012,7.001482963562012,7.001482963562012,7.001482963562012,0
2014-01-14,6.987398624420166,6.987398624420167,6.987398624420167,6.987398624420167,0
2014-01-15,6.980350494384766,6.980350494384766,6.980350494384766,6.980350494384766,0
2014-01-16,6.994444847106934,6.994444847106934,6.994444847106934,6.994444847106934,0
2014-01-17,7.001482963562012,7.001482963562012,7.001482963562012,7.001482963562012,0
2014-01-21,7.001482963562012,7.001482963562012,7.001482963562012,7.001482963562012,0
2014-01-22,6.987398624420166,6.987398624420167,6.987398624420167,6.987398624420167,0
2014-01-23,7.01557731628418,7.015577316284179,7.015577316284179,7.015577316284179,0
2014-01-24,7.022616386413574,7.022616386413574,7.022616386413574,7.022616386413574,0
2014-01-27,7.01557731628418,7.015577316284179,7.015577316284179,7.015577316284179,0
2014-01-28,7.022616386413574,7.022616386413574,7.022616386413574,7.022616386413574,0
2014-01-29,7.036705017089844,7.036705017089844,7.036705017089844,7.036705017089844,0
2014-01-30,7.036705017089844,7.036705017089844,7.036705017089844,7.036705017089844,0
2014-01-31,7.03952693939209,7.03952693939209,7.03952693939209,7.03952693939209,0
2014-02-03,7.067742824554443,7.067742824554443,7.067742824554443,7.067742824554443,0
2014-02-04,7.0536322593688965,7.0536322593688965,7.0536322593688965,7.0536322593688965,0
2014-02-05,7.0465803146362305,7.0465803146362305,7.0465803146362305,7.0465803146362305,0
2014-02-06,7.03952693939209,7.03952693939209,7.03952693939209,7.03952693939209,0
2014-02-07,7.0536322593688965,7.0536322593688965,7.0536322593688965,7.0536322593688965,0
2014-02-10,7.0536322593688965,7.0536322593688965,7.0536322593688965,7.0536322593688965,0
2014-02-11,7.03952693939209,7.03952693939209,7.03952693939209,7.03952693939209,0
2014-02-12,7.025423526763916,7.025423526763916,7.025423526763916,7.025423526763916,0
2014-02-13,7.0465803146362305,7.0465803146362305,7.0465803146362305,7.0465803146362305,0
2014-02-14,7.03952693939209,7.03952693939209,7.03952693939209,7.03952693939209,0
2014-02-18,7.0536322593688965,7.0536322593688965,7.0536322593688965,7.0536322593688965,0
2014-02-19,7.0465803146362305,7.0465803146362305,7.0465803146362305,7.0465803146362305,0
2014-02-20,7.03952693939209,7.03952693939209,7.03952693939209,7.03952693939209,0
2014-02-21,7.0465803146362305,7.0465803146362305,7.0465803146362305,7.0465803146362305,0
2014-02-24,7.03952693939209,7.03952693939209,7.03952693939209,7.03952693939209,0
2014-02-25,7.0606842041015625,7.0606842041015625,7.0606842041015625,7.0606842041015625,0
2014-02-26,7.067742824554443,7.067742824554443,7.067742824554443,7.067742824554443,0
2014-02-27,7.081849575042725,7.081849575042725,7.081849575042725,7.081849575042725,0
2014-02-28,7.077610969543457,7.077610969543457,7.077610969543457,7.077610969543457,0
2014-03-03,7.091739177703857,7.0917391777038565,7.0917391777038565,7.0917391777038565,0
2014-03-04,7.070545673370361,7.070545673370361,7.070545673370361,7.070545673370361,0
2014-03-05,7.070545673370361,7.070545673370361,7.070545673370361,7.070545673370361,0
2014-03-06,7.056419849395752,7.056419849395752,7.056419849395752,7.056419849395752,0
2014-03-07,7.0352325439453125,7.0352325439453125,7.0352325439453125,7.0352325439453125,0
2014-03-10,7.042294025421143,7.042294025421143,7.042294025421143,7.042294025421143,0
2014-03-11,7.042294025421143,7.042294025421143,7.042294025421143,7.042294025421143,0
2014-03-12,7.056419849395752,7.056419849395752,7.056419849395752,7.056419849395752,0
2014-03-13,7.077610969543457,7.077610969543457,7.077610969543457,7.077610969543457,0
2014-03-14,7.077610969543457,7.077610969543457,7.077610969543457,7.077610969543457,0
2014-03-17,7.063479900360107,7.063479900360107,7.063479900360107,7.063479900360107,0
2014-03-18,7.070545673370361,7.070545673370361,7.070545673370361,7.070545673370361,0
2014-03-19,7.042294025421143,7.042294025421143,7.042294025421143,7.042294025421143,0
2014-03-20,7.0352325439453125,7.0352325439453125,7.0352325439453125,7.0352325439453125,0
2014-03-21,7.049358367919922,7.049358367919922,7.049358367919922,7.049358367919922,0
2014-03-24,7.049358367919922,7.049358367919922,7.049358367919922,7.049358367919922,0
2014-03-25,7.056419849395752,7.056419849395752,7.056419849395752,7.056419849395752,0
2014-03-26,7.070545673370361,7.070545673370361,7.070545673370361,7.070545673370361,0
2014-03-27,7.077610969543457,7.077610969543457,7.077610969543457,7.077610969543457,0
2014-03-28,7.063479900360107,7.063479900360107,7.063479900360107,7.063479900360107,0
2014-03-31,7.065604209899902,7.0656042098999015,7.0656042098999015,7.0656042098999015,0
2014-04-01,7.058536529541016,7.058536529541016,7.058536529541016,7.058536529541016,0
2014-04-02,7.044392108917236,7.044392108917236,7.044392108917236,7.044392108917236,0
2014-04-03,7.051459312438965,7.051459312438965,7.051459312438965,7.051459312438965,0
2014-04-04,7.072675704956055,7.072675704956055,7.072675704956055,7.072675704956055,0
2014-04-07,7.086823463439941,7.086823463439942,7.086823463439942,7.086823463439942,0
2014-04-08,7.093898773193359,7.093898773193359,7.093898773193359,7.093898773193359,0
2014-04-09,7.093898773193359,7.093898773193359,7.093898773193359,7.093898773193359,0
2014-04-10,7.115113735198975,7.115113735198975,7.115113735198975,7.115113735198975,0
2014-04-11,7.122190952301025,7.122190952301025,7.122190952301025,7.122190952301025,0
2014-04-14,7.115113735198975,7.115113735198975,7.115113735198975,7.115113735198975,0
2014-04-15,7.115113735198975,7.115113735198975,7.115113735198975,7.115113735198975,0
2014-04-16,7.108042240142822,7.108042240142822,7.108042240142822,7.108042240142822,0
2014-04-17,7.086823463439941,7.086823463439942,7.086823463439942,7.086823463439942,0
2014-04-21,7.086823463439941,7.086823463439942,7.086823463439942,7.086823463439942,0
2014-04-22,7.093898773193359,7.093898773193359,7.093898773193359,7.093898773193359,0
2014-04-23,7.108042240142822,7.108042240142822,7.108042240142822,7.108042240142822,0
2014-04-24,7.108042240142822,7.108042240142822,7.108042240142822,7.108042240142822,0
2014-04-25,7.115113735198975,7.115113735198975,7.115113735198975,7.115113735198975,0
2014-04-28,7.115113735198975,7.115113735198975,7.115113735198975,7.115113735198975,0
2014-04-29,7.108042240142822,7.108042240142822,7.108042240142822,7.108042240142822,0
2014-04-30,7.126460552215576,7.126460552215576,7.126460552215576,7.126460552215576,0
2014-05-01,7.140623092651367,7.140623092651367,7.140623092651367,7.140623092651367,0
2014-05-02,7.147709369659424,7.147709369659424,7.147709369659424,7.147709369659424,0
2014-05-05,7.140623092651367,7.140623092651367,7.140623092651367,7.140623092651367,0
2014-05-06,7.147709369659424,7.147709369659424,7.147709369659424,7.147709369659424,0
2014-05-07,7.154794216156006,7.154794216156006,7.154794216156006,7.154794216156006,0
2014-05-08,7.154794216156006,7.154794216156006,7.154794216156006,7.154794216156006,0
2014-05-09,7.147709369659424,7.147709369659424,7.147709369659424,7.147709369659424,0
2014-05-12,7.133545875549316,7.133545875549316,7.133545875549316,7.133545875549316,0
2014-05-13,7.147709369659424,7.147709369659424,7.147709369659424,7.147709369659424,0
2014-05-14,7.1760478019714355,7.1760478019714355,7.1760478019714355,7.1760478019714355,0
2014-05-15,7.18313455581665,7.18313455581665,7.18313455581665,7.18313455581665,0
2014-05-16,7.1760478019714355,7.1760478019714355,7.1760478019714355,7.1760478019714355,0
2014-05-19,7.1760478019714355,7.1760478019714355,7.1760478019714355,7.1760478019714355,0
2014-05-20,7.18313455581665,7.18313455581665,7.18313455581665,7.18313455581665,0
2014-05-21,7.1760478019714355,7.1760478019714355,7.1760478019714355,7.1760478019714355,0
2014-05-22,7.168960094451904,7.168960094451904,7.168960094451904,7.168960094451904,0
2014-05-23,7.1760478019714355,7.1760478019714355,7.1760478019714355,7.1760478019714355,0
2014-05-27,7.190215110778809,7.190215110778809,7.190215110778809,7.190215110778809,0
2014-05-28,7.211470603942871,7.211470603942871,7.211470603942871,7.211470603942871,0
2014-05-29,7.204375743865967,7.204375743865966,7.204375743865966,7.204375743865966,0
2014-05-30,7.20792818069458,7.20792818069458,7.20792818069458,7.20792818069458,0
2014-06-02,7.1795477867126465,7.1795477867126465,7.1795477867126465,7.1795477867126465,0
2014-06-03,7.165359973907471,7.165359973907471,7.165359973907471,7.165359973907471,0
2014-06-04,7.165359973907471,7.165359973907471,7.165359973907471,7.165359973907471,0
2014-06-05,7.1724534034729,7.1724534034729,7.1724534034729,7.1724534034729,0
2014-06-06,7.165359973907471,7.165359973907471,7.165359973907471,7.165359973907471,0
2014-06-09,7.165359973907471,7.165359973907471,7.165359973907471,7.165359973907471,0
2014-06-10,7.158266544342041,7.15826654434204,7.15826654434204,7.15826654434204,0
2014-06-11,7.158266544342041,7.15826654434204,7.15826654434204,7.15826654434204,0
2014-06-12,7.1724534034729,7.1724534034729,7.1724534034729,7.1724534034729,0
2014-06-13,7.165359973907471,7.165359973907471,7.165359973907471,7.165359973907471,0
2014-06-16,7.1724534034729,7.1724534034729,7.1724534034729,7.1724534034729,0
2014-06-17,7.151172161102295,7.151172161102294,7.151172161102294,7.151172161102294,0
2014-06-18,7.165359973907471,7.165359973907471,7.165359973907471,7.165359973907471,0
2014-06-19,7.1724534034729,7.1724534034729,7.1724534034729,7.1724534034729,0
2014-06-20,7.1724534034729,7.1724534034729,7.1724534034729,7.1724534034729,0
2014-06-23,7.1724534034729,7.1724534034729,7.1724534034729,7.1724534034729,0
2014-06-24,7.186648845672607,7.186648845672607,7.186648845672607,7.186648845672607,0
2014-06-25,7.1937432289123535,7.1937432289123535,7.1937432289123535,7.1937432289123535,0
2014-06-26,7.20792818069458,7.20792818069458,7.20792818069458,7.20792818069458,0
2014-06-27,7.200833320617676,7.200833320617675,7.200833320617675,7.200833320617675,0
2014-06-30,7.214344024658203,7.214344024658203,7.214344024658203,7.214344024658203,0
2014-07-01,7.19301700592041,7.19301700592041,7.19301700592041,7.19301700592041,0
2014-07-02,7.171691417694092,7.171691417694092,7.171691417694092,7.171691417694092,0
2014-07-03,7.171691417694092,7.171691417694092,7.171691417694092,7.171691417694092,0
2014-07-07,7.171691417694092,7.171691417694092,7.171691417694092,7.171691417694092,0
2014-07-08,7.185910224914551,7.185910224914551,7.185910224914551,7.185910224914551,0
2014-07-09,7.19301700592041,7.19301700592041,7.19301700592041,7.19301700592041,0
2014-07-10,7.200127601623535,7.200127601623535,7.200127601623535,7.200127601623535,0
2014-07-11,7.20723295211792,7.20723295211792,7.20723295211792,7.20723295211792,0
2014-07-14,7.19301700592041,7.19301700592041,7.19301700592041,7.19301700592041,0
2014-07-15,7.19301700592041,7.19301700592041,7.19301700592041,7.19301700592041,0
2014-07-16,7.19301700592041,7.19301700592041,7.19301700592041,7.19301700592041,0
2014-07-17,7.214344024658203,7.214344024658203,7.214344024658203,7.214344024658203,0
2014-07-18,7.20723295211792,7.20723295211792,7.20723295211792,7.20723295211792,0
2014-07-21,7.214344024658203,7.214344024658203,7.214344024658203,7.214344024658203,0
2014-07-22,7.221443176269531,7.221443176269531,7.221443176269531,7.221443176269531,0
2014-07-23,7.221443176269531,7.221443176269531,7.221443176269531,7.221443176269531,0
2014-07-24,7.200127601623535,7.200127601623535,7.200127601623535,7.200127601623535,0
2014-07-25,7.214344024658203,7.214344024658203,7.214344024658203,7.214344024658203,0
2014-07-28,7.214344024658203,7.214344024658203,7.214344024658203,7.214344024658203,0
2014-07-29,7.221443176269531,7.221443176269531,7.221443176269531,7.221443176269531,0
2014-07-30,7.19301700592041,7.19301700592041,7.19301700592041,7.19301700592041,0
2014-07-31,7.190173149108887,7.190173149108887,7.190173149108887,7.190173149108887,0
2014-08-01,7.20440673828125,7.20440673828125,7.20440673828125,7.20440673828125,0
2014-08-04,7.211528301239014,7.211528301239014,7.211528301239014,7.211528301239014,0
2014-08-05,7.211528301239014,7.211528301239014,7.211528301239014,7.211528301239014,0
2014-08-06,7.211528301239014,7.211528301239014,7.211528301239014,7.211528301239014,0
2014-08-07,7.225767135620117,7.225767135620117,7.225767135620117,7.225767135620117,0
2014-08-08,7.225767135620117,7.225767135620117,7.225767135620117,7.225767135620117,0
2014-08-11,7.225767135620117,7.225767135620117,7.225767135620117,7.225767135620117,0
2014-08-12,7.225767135620117,7.225767135620117,7.225767135620117,7.225767135620117,0
2014-08-13,7.232878684997559,7.2328786849975595,7.2328786849975595,7.2328786849975595,0
2014-08-14,7.247121810913086,7.247121810913086,7.247121810913086,7.247121810913086,0
2014-08-15,7.261359214782715,7.261359214782715,7.261359214782715,7.261359214782715,0
2014-08-18,7.247121810913086,7.247121810913086,7.247121810913086,7.247121810913086,0
2014-08-19,7.2400054931640625,7.2400054931640625,7.2400054931640625,7.2400054931640625,0
2014-08-20,7.232878684997559,7.2328786849975595,7.2328786849975595,7.2328786849975595,0
2014-08-21,7.2400054931640625,7.2400054931640625,7.2400054931640625,7.2400054931640625,0
2014-08-22,7.247121810913086,7.247121810913086,7.247121810913086,7.247121810913086,0
2014-08-25,7.247121810913086,7.247121810913086,7.247121810913086,7.247121810913086,0
2014-08-26,7.247121810913086,7.247121810913086,7.247121810913086,7.247121810913086,0
2014-08-27,7.261359214782715,7.261359214782715,7.261359214782715,7.261359214782715,0
2014-08-28,7.2684807777404785,7.268480777740478,7.268480777740478,7.268480777740478,0
2014-08-29,7.271327972412109,7.27132797241211,7.27132797241211,7.27132797241211,0
2014-09-02,7.249943256378174,7.249943256378173,7.249943256378173,7.249943256378173,0
2014-09-03,7.249943256378174,7.249943256378173,7.249943256378173,7.249943256378173,0
2014-09-04,7.242813587188721,7.242813587188721,7.242813587188721,7.242813587188721,0
2014-09-05,7.235684394836426,7.235684394836426,7.235684394836426,7.235684394836426,0
2014-09-08,7.235684394836426,7.235684394836426,7.235684394836426,7.235684394836426,0
2014-09-09,7.228558540344238,7.228558540344238,7.228558540344238,7.228558540344238,0
2014-09-10,7.21429967880249,7.214299678802491,7.214299678802491,7.214299678802491,0
2014-09-11,7.21429967880249,7.214299678802491,7.214299678802491,7.214299678802491,0
2014-09-12,7.1929121017456055,7.1929121017456055,7.1929121017456055,7.1929121017456055,0
2014-09-15,7.1929121017456055,7.1929121017456055,7.1929121017456055,7.1929121017456055,0
2014-09-16,7.1929121017456055,7.1929121017456055,7.1929121017456055,7.1929121017456055,0
2014-09-17,7.1929121017456055,7.1929121017456055,7.1929121017456055,7.1929121017456055,0
2014-09-18,7.185786247253418,7.185786247253418,7.185786247253418,7.185786247253418,0
2014-09-19,7.200042247772217,7.200042247772217,7.200042247772217,7.200042247772217,0
2014-09-22,7.207167148590088,7.207167148590088,7.207167148590088,7.207167148590088,0
2014-09-23,7.221432685852051,7.221432685852051,7.221432685852051,7.221432685852051,0
2014-09-24,7.207167148590088,7.207167148590088,7.207167148590088,7.207167148590088,0
2014-09-25,7.228558540344238,7.228558540344238,7.228558540344238,7.228558540344238,0
2014-09-26,7.21429967880249,7.214299678802491,7.214299678802491,7.214299678802491,0
2014-09-29,7.228558540344238,7.228558540344238,7.228558540344238,7.228558540344238,0
2014-09-30,7.218558311462402,7.218558311462402,7.218558311462402,7.218558311462402,0
2014-10-01,7.254261016845703,7.254261016845703,7.254261016845703,7.254261016845703,0
2014-10-02,7.247122287750244,7.247122287750243,7.247122287750243,7.247122287750243,0
2014-10-03,7.247122287750244,7.247122287750243,7.247122287750243,7.247122287750243,0
2014-10-06,7.254261016845703,7.254261016845703,7.254261016845703,7.254261016845703,0
2014-10-07,7.2828216552734375,7.2828216552734375,7.2828216552734375,7.2828216552734375,0
2014-10-08,7.2899603843688965,7.2899603843688965,7.2899603843688965,7.2899603843688965,0
2014-10-09,7.2899603843688965,7.2899603843688965,7.2899603843688965,7.2899603843688965,0
2014-10-10,7.2899603843688965,7.2899603843688965,7.2899603843688965,7.2899603843688965,0
2014-10-13,7.311381816864014,7.311381816864014,7.311381816864014,7.311381816864014,0
2014-10-14,7.325660228729248,7.325660228729248,7.325660228729248,7.325660228729248,0
2014-10-15,7.354221820831299,7.354221820831299,7.354221820831299,7.354221820831299,0
2014-10-16,7.332800388336182,7.332800388336182,7.332800388336182,7.332800388336182,0
2014-10-17,7.325660228729248,7.325660228729248,7.325660228729248,7.325660228729248,0
2014-10-20,7.332800388336182,7.332800388336182,7.332800388336182,7.332800388336182,0
2014-10-21,7.325660228729248,7.325660228729248,7.325660228729248,7.325660228729248,0
2014-10-22,7.318522930145264,7.318522930145264,7.318522930145264,7.318522930145264,0
2014-10-23,7.3042378425598145,7.3042378425598145,7.3042378425598145,7.3042378425598145,0
2014-10-24,7.311381816864014,7.311381816864014,7.311381816864014,7.311381816864014,0
2014-10-27,7.311381816864014,7.311381816864014,7.311381816864014,7.311381816864014,0
2014-10-28,7.3042378425598145,7.3042378425598145,7.3042378425598145,7.3042378425598145,0
2014-10-29,7.297107219696045,7.297107219696045,7.297107219696045,7.297107219696045,0
2014-10-30,7.297107219696045,7.297107219696045,7.297107219696045,7.297107219696045,0
2014-10-31,7.2920966148376465,7.2920966148376465,7.2920966148376465,7.2920966148376465,0
2014-11-03,7.284947395324707,7.284947395324708,7.284947395324708,7.284947395324708,0
2014-11-04,7.284947395324707,7.284947395324708,7.284947395324708,7.284947395324708,0
2014-11-05,7.284947395324707,7.284947395324708,7.284947395324708,7.284947395324708,0
2014-11-06,7.277800559997559,7.277800559997559,7.277800559997559,7.277800559997559,0
2014-11-07,7.2920966148376465,7.2920966148376465,7.2920966148376465,7.2920966148376465,0
2014-11-10,7.284947395324707,7.284947395324708,7.284947395324708,7.284947395324708,0
2014-11-11,7.277800559997559,7.277800559997559,7.277800559997559,7.277800559997559,0
2014-11-12,7.284947395324707,7.284947395324708,7.284947395324708,7.284947395324708,0
2014-11-13,7.2920966148376465,7.2920966148376465,7.2920966148376465,7.2920966148376465,0
2014-11-14,7.2920966148376465,7.2920966148376465,7.2920966148376465,7.2920966148376465,0
2014-11-17,7.2920966148376465,7.2920966148376465,7.2920966148376465,7.2920966148376465,0
2014-11-18,7.2920966148376465,7.2920966148376465,7.2920966148376465,7.2920966148376465,0
2014-11-19,7.284947395324707,7.284947395324708,7.284947395324708,7.284947395324708,0
2014-11-20,7.2920966148376465,7.2920966148376465,7.2920966148376465,7.2920966148376465,0
2014-11-21,7.299242973327637,7.299242973327636,7.299242973327636,7.299242973327636,0
2014-11-24,7.306397438049316,7.306397438049317,7.306397438049317,7.306397438049317,0
2014-11-25,7.320694446563721,7.320694446563722,7.320694446563722,7.320694446563722,0
2014-11-26,7.327842712402344,7.327842712402344,7.327842712402344,7.327842712402344,0
2014-11-28,7.343591690063477,7.343591690063477,7.343591690063477,7.343591690063477,0
2014-12-01,7.336431980133057,7.336431980133057,7.336431980133057,7.336431980133057,0
2014-12-02,7.314962863922119,7.314962863922119,7.314962863922119,7.314962863922119,0
2014-12-03,7.314962863922119,7.314962863922119,7.314962863922119,7.314962863922119,0
2014-12-04,7.322116374969482,7.322116374969482,7.322116374969482,7.322116374969482,0
2014-12-05,7.307803630828857,7.307803630828857,7.307803630828857,7.307803630828857,0
2014-12-08,7.322116374969482,7.322116374969482,7.322116374969482,7.322116374969482,0
2014-12-09,7.329275608062744,7.329275608062744,7.329275608062744,7.329275608062744,0
2014-12-10,7.337225437164307,7.337225437164307,7.337225437164307,7.337225437164307,0
2014-12-11,7.337225437164307,7.337225437164307,7.337225437164307,7.337225437164307,0
2014-12-12,7.358911991119385,7.358911991119385,7.358911991119385,7.358911991119385,0
2014-12-15,7.3444504737854,7.3444504737854,7.3444504737854,7.3444504737854,0
2014-12-16,7.358911991119385,7.358911991119385,7.358911991119385,7.358911991119385,0
2014-12-17,7.337225437164307,7.337225437164307,7.337225437164307,7.337225437164307,0
2014-12-18,7.322771072387695,7.322771072387695,7.322771072387695,7.322771072387695,0
2014-12-19,7.337225437164307,7.337225437164307,7.337225437164307,7.337225437164307,0
2014-12-22,7.3444504737854,7.3444504737854,7.3444504737854,7.3444504737854,0
2014-12-23,7.3155364990234375,7.3155364990234375,7.3155364990234375,7.3155364990234375,0
2014-12-24,7.3155364990234375,7.3155364990234375,7.3155364990234375,7.3155364990234375,0
2014-12-26,7.322771072387695,7.322771072387695,7.322771072387695,7.322771072387695,0
2014-12-29,7.337225437164307,7.337225437164307,7.337225437164307,7.337225437164307,0
2014-12-30,7.3444504737854,7.3444504737854,7.3444504737854,7.3444504737854,0
2014-12-31,7.351682186126709,7.351682186126708,7.351682186126708,7.351682186126708,0
2015-01-02,7.366142749786377,7.366142749786377,7.366142749786377,7.366142749786377,0
2015-01-05,7.3878302574157715,7.3878302574157715,7.3878302574157715,7.3878302574157715,0
2015-01-06,7.416745185852051,7.416745185852051,7.416745185852051,7.416745185852051,0
2015-01-07,7.416745185852051,7.416745185852051,7.416745185852051,7.416745185852051,0
2015-01-08,7.402284145355225,7.402284145355225,7.402284145355225,7.402284145355225,0
2015-01-09,7.416745185852051,7.416745185852051,7.416745185852051,7.416745185852051,0
2015-01-12,7.431202411651611,7.431202411651611,7.431202411651611,7.431202411651611,0
2015-01-13,7.438427925109863,7.438427925109864,7.438427925109864,7.438427925109864,0
2015-01-14,7.452889442443848,7.452889442443848,7.452889442443848,7.452889442443848,0
2015-01-15,7.467340469360352,7.467340469360352,7.467340469360352,7.467340469360352,0
2015-01-16,7.452889442443848,7.452889442443848,7.452889442443848,7.452889442443848,0
2015-01-20,7.452889442443848,7.452889442443848,7.452889442443848,7.452889442443848,0
2015-01-21,7.438427925109863,7.438427925109864,7.438427925109864,7.438427925109864,0
2015-01-22,7.431202411651611,7.431202411651611,7.431202411651611,7.431202411651611,0
2015-01-23,7.460115909576416,7.460115909576416,7.460115909576416,7.460115909576416,0
2015-01-26,7.452889442443848,7.452889442443848,7.452889442443848,7.452889442443848,0
2015-01-27,7.460115909576416,7.460115909576416,7.460115909576416,7.460115909576416,0
2015-01-28,7.48902702331543,7.48902702331543,7.48902702331543,7.48902702331543,0
2015-01-29,7.481807231903076,7.481807231903076,7.481807231903076,7.481807231903076,0
2015-01-30,7.507137298583984,7.507137298583984,7.507137298583984,7.507137298583984,0
2015-02-02,7.507137298583984,7.507137298583984,7.507137298583984,7.507137298583984,0
2015-02-03,7.470938205718994,7.470938205718994,7.470938205718994,7.470938205718994,0
2015-02-04,7.470938205718994,7.470938205718994,7.470938205718994,7.470938205718994,0
2015-02-05,7.46370792388916,7.46370792388916,7.46370792388916,7.46370792388916,0
2015-02-06,7.427507400512695,7.427507400512695,7.427507400512695,7.427507400512695,0
2015-02-09,7.427507400512695,7.427507400512695,7.427507400512695,7.427507400512695,0
2015-02-10,7.413026332855225,7.413026332855225,7.413026332855225,7.413026332855225,0
2015-02-11,7.413026332855225,7.413026332855225,7.413026332855225,7.413026332855225,0
2015-02-12,7.4202704429626465,7.4202704429626465,7.4202704429626465,7.4202704429626465,0
2015-02-13,7.413026332855225,7.413026332855225,7.413026332855225,7.413026332855225,0
2015-02-17,7.376833438873291,7.37683343887329,7.37683343887329,7.37683343887329,0
2015-02-18,7.405788898468018,7.405788898468018,7.405788898468018,7.405788898468018,0
2015-02-19,7.391310691833496,7.391310691833496,7.391310691833496,7.391310691833496,0
2015-02-20,7.384071350097656,7.384071350097656,7.384071350097656,7.384071350097656,0
2015-02-23,7.413026332855225,7.413026332855225,7.413026332855225,7.413026332855225,0
2015-02-24,7.434748649597168,7.434748649597168,7.434748649597168,7.434748649597168,0
2015-02-25,7.441984176635742,7.441984176635743,7.441984176635743,7.441984176635743,0
2015-02-26,7.427507400512695,7.427507400512695,7.427507400512695,7.427507400512695,0
2015-02-27,7.431860446929932,7.431860446929932,7.431860446929932,7.431860446929932,0
2015-03-02,7.410106182098389,7.410106182098389,7.410106182098389,7.410106182098389,0
2015-03-03,7.395599365234375,7.395599365234375,7.395599365234375,7.395599365234375,0
2015-03-04,7.402856826782227,7.402856826782227,7.402856826782227,7.402856826782227,0
2015-03-05,7.402856826782227,7.402856826782227,7.402856826782227,7.402856826782227,0
2015-03-06,7.3665995597839355,7.3665995597839355,7.3665995597839355,7.3665995597839355,0
2015-03-09,7.381102085113525,7.381102085113525,7.381102085113525,7.381102085113525,0
2015-03-10,7.395599365234375,7.395599365234375,7.395599365234375,7.395599365234375,0
2015-03-11,7.402856826782227,7.402856826782227,7.402856826782227,7.402856826782227,0
2015-03-12,7.410106182098389,7.410106182098389,7.410106182098389,7.410106182098389,0
2015-03-13,7.402856826782227,7.402856826782227,7.402856826782227,7.402856826782227,0
2015-03-16,7.402856826782227,7.402856826782227,7.402856826782227,7.402856826782227,0
2015-03-17,7.417355537414551,7.417355537414551,7.417355537414551,7.417355537414551,0
2015-03-18,7.453608512878418,7.453608512878417,7.453608512878417,7.453608512878417,0
2015-03-19,7.446357727050781,7.44635772705078,7.44635772705078,7.44635772705078,0
2015-03-20,7.460857391357422,7.460857391357422,7.460857391357422,7.460857391357422,0
2015-03-23,7.468109130859375,7.468109130859376,7.468109130859376,7.468109130859376,0
2015-03-24,7.482608318328857,7.482608318328857,7.482608318328857,7.482608318328857,0
2015-03-25,7.468109130859375,7.468109130859376,7.468109130859376,7.468109130859376,0
2015-03-26,7.4391069412231445,7.4391069412231445,7.4391069412231445,7.4391069412231445,0
2015-03-27,7.460857391357422,7.460857391357422,7.460857391357422,7.460857391357422,0
2015-03-30,7.460857391357422,7.460857391357422,7.460857391357422,7.460857391357422,0
2015-03-31,7.47320032119751,7.473200321197509,7.473200321197509,7.473200321197509,0
2015-04-01,7.494991302490234,7.494991302490234,7.494991302490234,7.494991302490234,0
2015-04-02,7.480470180511475,7.480470180511475,7.480470180511475,7.480470180511475,0
2015-04-06,7.487732887268066,7.487732887268066,7.487732887268066,7.487732887268066,0
2015-04-07,7.487732887268066,7.487732887268066,7.487732887268066,7.487732887268066,0
2015-04-08,7.494991302490234,7.494991302490234,7.494991302490234,7.494991302490234,0
2015-04-09,7.47320032119751,7.473200321197509,7.473200321197509,7.473200321197509,0
2015-04-10,7.47320032119751,7.473200321197509,7.473200321197509,7.473200321197509,0
2015-04-13,7.480470180511475,7.480470180511475,7.480470180511475,7.480470180511475,0
2015-04-14,7.494991302490234,7.494991302490234,7.494991302490234,7.494991302490234,0
2015-04-15,7.494991302490234,7.494991302490234,7.494991302490234,7.494991302490234,0
2015-04-16,7.502252101898193,7.502252101898193,7.502252101898193,7.502252101898193,0
2015-04-17,7.509519100189209,7.509519100189209,7.509519100189209,7.509519100189209,0
2015-04-20,7.494991302490234,7.494991302490234,7.494991302490234,7.494991302490234,0
2015-04-21,7.487732887268066,7.487732887268066,7.487732887268066,7.487732887268066,0
2015-04-22,7.47320032119751,7.473200321197509,7.473200321197509,7.473200321197509,0
2015-04-23,7.480470180511475,7.480470180511475,7.480470180511475,7.480470180511475,0
2015-04-24,7.487732887268066,7.487732887268066,7.487732887268066,7.487732887268066,0
2015-04-27,7.487732887268066,7.487732887268066,7.487732887268066,7.487732887268066,0
2015-04-28,7.465941905975342,7.465941905975342,7.465941905975342,7.465941905975342,0
2015-04-29,7.451421737670898,7.451421737670899,7.451421737670899,7.451421737670899,0
2015-04-30,7.441232681274414,7.441232681274414,7.441232681274414,7.441232681274414,0
2015-05-01,7.419409275054932,7.419409275054932,7.419409275054932,7.419409275054932,0
2015-05-04,7.412139415740967,7.412139415740967,7.412139415740967,7.412139415740967,0
2015-05-05,7.3975911140441895,7.3975911140441895,7.3975911140441895,7.3975911140441895,0
2015-05-06,7.383039951324463,7.383039951324463,7.383039951324463,7.383039951324463,0
2015-05-07,7.3975911140441895,7.3975911140441895,7.3975911140441895,7.3975911140441895,0
2015-05-08,7.412139415740967,7.412139415740967,7.412139415740967,7.412139415740967,0
2015-05-11,7.375770092010498,7.375770092010499,7.375770092010499,7.375770092010499,0
2015-05-12,7.375770092010498,7.375770092010499,7.375770092010499,7.375770092010499,0
2015-05-13,7.368499279022217,7.368499279022217,7.368499279022217,7.368499279022217,0
2015-05-14,7.383039951324463,7.383039951324463,7.383039951324463,7.383039951324463,0
2015-05-15,7.419409275054932,7.419409275054932,7.419409275054932,7.419409275054932,0
2015-05-18,7.390312671661377,7.390312671661377,7.390312671661377,7.390312671661377,0
2015-05-19,7.375770092010498,7.375770092010499,7.375770092010499,7.375770092010499,0
2015-05-20,7.375770092010498,7.375770092010499,7.375770092010499,7.375770092010499,0
2015-05-21,7.3975911140441895,7.3975911140441895,7.3975911140441895,7.3975911140441895,0
2015-05-22,7.383039951324463,7.383039951324463,7.383039951324463,7.383039951324463,0
2015-05-26,7.412139415740967,7.412139415740967,7.412139415740967,7.412139415740967,0
2015-05-27,7.412139415740967,7.412139415740967,7.412139415740967,7.412139415740967,0
2015-05-28,7.412139415740967,7.412139415740967,7.412139415740967,7.412139415740967,0
2015-05-29,7.42306661605835,7.4230666160583505,7.4230666160583505,7.4230666160583505,0
2015-06-01,7.3866448402404785,7.3866448402404785,7.3866448402404785,7.3866448402404785,0
2015-06-02,7.36478328704834,7.36478328704834,7.36478328704834,7.36478328704834,0
2015-06-03,7.3356499671936035,7.3356499671936035,7.3356499671936035,7.3356499671936035,0
2015-06-04,7.350221157073975,7.350221157073975,7.350221157073975,7.350221157073975,0
2015-06-05,7.321083068847656,7.321083068847656,7.321083068847656,7.321083068847656,0
2015-06-08,7.3356499671936035,7.3356499671936035,7.3356499671936035,7.3356499671936035,0
2015-06-09,7.313796043395996,7.313796043395996,7.313796043395996,7.313796043395996,0
2015-06-10,7.299225330352783,7.299225330352783,7.299225330352783,7.299225330352783,0
2015-06-11,7.328370094299316,7.328370094299316,7.328370094299316,7.328370094299316,0
2015-06-12,7.328370094299316,7.328370094299316,7.328370094299316,7.328370094299316,0
2015-06-15,7.328370094299316,7.328370094299316,7.328370094299316,7.328370094299316,0
2015-06-16,7.3429341316223145,7.342934131622314,7.342934131622314,7.342934131622314,0
2015-06-17,7.350221157073975,7.350221157073975,7.350221157073975,7.350221157073975,0
2015-06-18,7.3356499671936035,7.3356499671936035,7.3356499671936035,7.3356499671936035,0
2015-06-19,7.36478328704834,7.36478328704834,7.36478328704834,7.36478328704834,0
2015-06-22,7.3356499671936035,7.3356499671936035,7.3356499671936035,7.3356499671936035,0
2015-06-23,7.313796043395996,7.313796043395996,7.313796043395996,7.313796043395996,0
2015-06-24,7.328370094299316,7.328370094299316,7.328370094299316,7.328370094299316,0
2015-06-25,7.321083068847656,7.321083068847656,7.321083068847656,7.321083068847656,0
2015-06-26,7.299225330352783,7.299225330352783,7.299225330352783,7.299225330352783,0
2015-06-29,7.3429341316223145,7.342934131622314,7.342934131622314,7.342934131622314,0
2015-06-30,7.341480255126953,7.341480255126953,7.341480255126953,7.341480255126953,0
2015-07-01,7.312283515930176,7.312283515930176,7.312283515930176,7.312283515930176,0
2015-07-02,7.32688045501709,7.32688045501709,7.32688045501709,7.32688045501709,0
2015-07-06,7.363369941711426,7.363369941711426,7.363369941711426,7.363369941711426,0
2015-07-07,7.377957344055176,7.377957344055176,7.377957344055176,7.377957344055176,0
2015-07-08,7.385257244110107,7.385257244110107,7.385257244110107,7.385257244110107,0
2015-07-09,7.3560686111450195,7.35606861114502,7.35606861114502,7.35606861114502,0
2015-07-10,7.31958532333374,7.319585323333739,7.319585323333739,7.319585323333739,0
2015-07-13,7.31958532333374,7.319585323333739,7.319585323333739,7.319585323333739,0
2015-07-14,7.32688045501709,7.32688045501709,7.32688045501709,7.32688045501709,0
2015-07-15,7.341480255126953,7.341480255126953,7.341480255126953,7.341480255126953,0
2015-07-16,7.341480255126953,7.341480255126953,7.341480255126953,7.341480255126953,0
2015-07-17,7.348771572113037,7.348771572113037,7.348771572113037,7.348771572113037,0
2015-07-20,7.341480255126953,7.341480255126953,7.341480255126953,7.341480255126953,0
2015-07-21,7.348771572113037,7.348771572113037,7.348771572113037,7.348771572113037,0
2015-07-22,7.3560686111450195,7.35606861114502,7.35606861114502,7.35606861114502,0
2015-07-23,7.370667457580566,7.370667457580566,7.370667457580566,7.370667457580566,0
2015-07-24,7.370667457580566,7.370667457580566,7.370667457580566,7.370667457580566,0
2015-07-27,7.377957344055176,7.377957344055176,7.377957344055176,7.377957344055176,0
2015-07-28,7.370667457580566,7.370667457580566,7.370667457580566,7.370667457580566,0
2015-07-29,7.370667457580566,7.370667457580566,7.370667457580566,7.370667457580566,0
2015-07-30,7.370667457580566,7.370667457580566,7.370667457580566,7.370667457580566,0
2015-07-31,7.390401363372803,7.390401363372803,7.390401363372803,7.390401363372803,0
2015-08-03,7.412329196929932,7.412329196929932,7.412329196929932,7.412329196929932,0
2015-08-04,7.390401363372803,7.390401363372803,7.390401363372803,7.390401363372803,0
2015-08-05,7.36847448348999,7.36847448348999,7.36847448348999,7.36847448348999,0
2015-08-06,7.3830952644348145,7.3830952644348145,7.3830952644348145,7.3830952644348145,0
2015-08-07,7.397713661193848,7.397713661193848,7.397713661193848,7.397713661193848,0
2015-08-10,7.37578821182251,7.37578821182251,7.37578821182251,7.37578821182251,0
2015-08-11,7.412329196929932,7.412329196929932,7.412329196929932,7.412329196929932,0
2015-08-12,7.412329196929932,7.412329196929932,7.412329196929932,7.412329196929932,0
2015-08-13,7.390401363372803,7.390401363372803,7.390401363372803,7.390401363372803,0
2015-08-14,7.3830952644348145,7.3830952644348145,7.3830952644348145,7.3830952644348145,0
2015-08-17,7.397713661193848,7.397713661193848,7.397713661193848,7.397713661193848,0
2015-08-18,7.3830952644348145,7.3830952644348145,7.3830952644348145,7.3830952644348145,0
2015-08-19,7.405029773712158,7.405029773712158,7.405029773712158,7.405029773712158,0
2015-08-20,7.419640064239502,7.419640064239501,7.419640064239501,7.419640064239501,0
2015-08-21,7.426952838897705,7.426952838897705,7.426952838897705,7.426952838897705,0
2015-08-24,7.434262752532959,7.434262752532959,7.434262752532959,7.434262752532959,0
2015-08-25,7.390401363372803,7.390401363372803,7.390401363372803,7.390401363372803,0
2015-08-26,7.3830952644348145,7.3830952644348145,7.3830952644348145,7.3830952644348145,0
2015-08-27,7.390401363372803,7.390401363372803,7.390401363372803,7.390401363372803,0
2015-08-28,7.3830952644348145,7.3830952644348145,7.3830952644348145,7.3830952644348145,0
2015-08-31,7.3801655769348145,7.3801655769348145,7.3801655769348145,7.3801655769348145,0
2015-09-01,7.387484073638916,7.387484073638916,7.387484073638916,7.387484073638916,0
2015-09-02,7.37284517288208,7.37284517288208,7.37284517288208,7.37284517288208,0
2015-09-03,7.387484073638916,7.387484073638916,7.387484073638916,7.387484073638916,0
2015-09-04,7.402125835418701,7.402125835418702,7.402125835418702,7.402125835418702,0
2015-09-08,7.387484073638916,7.387484073638916,7.387484073638916,7.387484073638916,0
2015-09-09,7.394810676574707,7.394810676574707,7.394810676574707,7.394810676574707,0
2015-09-10,7.3801655769348145,7.3801655769348145,7.3801655769348145,7.3801655769348145,0
2015-09-11,7.394810676574707,7.394810676574707,7.394810676574707,7.394810676574707,0
2015-09-14,7.394810676574707,7.394810676574707,7.394810676574707,7.394810676574707,0
2015-09-15,7.358199119567871,7.35819911956787,7.35819911956787,7.35819911956787,0
2015-09-16,7.350873947143555,7.350873947143555,7.350873947143555,7.350873947143555,0
2015-09-17,7.387484073638916,7.387484073638916,7.387484073638916,7.387484073638916,0
2015-09-18,7.416774749755859,7.416774749755859,7.416774749755859,7.416774749755859,0
2015-09-21,7.387484073638916,7.387484073638916,7.387484073638916,7.387484073638916,0
2015-09-22,7.416774749755859,7.416774749755859,7.416774749755859,7.416774749755859,0
2015-09-23,7.409448146820068,7.409448146820068,7.409448146820068,7.409448146820068,0
2015-09-24,7.416774749755859,7.416774749755859,7.416774749755859,7.416774749755859,0
2015-09-25,7.402125835418701,7.402125835418702,7.402125835418702,7.402125835418702,0
2015-09-28,7.424097537994385,7.424097537994386,7.424097537994386,7.424097537994386,0
2015-09-29,7.431412696838379,7.431412696838379,7.431412696838379,7.431412696838379,0
2015-09-30,7.430678844451904,7.430678844451904,7.430678844451904,7.430678844451904,0
2015-10-01,7.430678844451904,7.430678844451904,7.430678844451904,7.430678844451904,0
2015-10-02,7.452685832977295,7.452685832977295,7.452685832977295,7.452685832977295,0
2015-10-05,7.430678844451904,7.430678844451904,7.430678844451904,7.430678844451904,0
2015-10-06,7.445356369018555,7.445356369018555,7.445356369018555,7.445356369018555,0
2015-10-07,7.445356369018555,7.445356369018555,7.445356369018555,7.445356369018555,0
2015-10-08,7.423348426818848,7.423348426818848,7.423348426818848,7.423348426818848,0
2015-10-09,7.430678844451904,7.430678844451904,7.430678844451904,7.430678844451904,0
2015-10-12,7.445356369018555,7.445356369018555,7.445356369018555,7.445356369018555,0
2015-10-13,7.445356369018555,7.445356369018555,7.445356369018555,7.445356369018555,0
2015-10-14,7.474689483642578,7.474689483642577,7.474689483642577,7.474689483642577,0
2015-10-15,7.460022449493408,7.460022449493408,7.460022449493408,7.460022449493408,0
2015-10-16,7.460022449493408,7.460022449493408,7.460022449493408,7.460022449493408,0
2015-10-19,7.460022449493408,7.460022449493408,7.460022449493408,7.460022449493408,0
2015-10-20,7.445356369018555,7.445356369018555,7.445356369018555,7.445356369018555,0
2015-10-21,7.460022449493408,7.460022449493408,7.460022449493408,7.460022449493408,0
2015-10-22,7.467360019683838,7.467360019683838,7.467360019683838,7.467360019683838,0
2015-10-23,7.452685832977295,7.452685832977295,7.452685832977295,7.452685832977295,0
2015-10-26,7.460022449493408,7.460022449493408,7.460022449493408,7.460022449493408,0
2015-10-27,7.474689483642578,7.474689483642577,7.474689483642577,7.474689483642577,0
2015-10-28,7.452685832977295,7.452685832977295,7.452685832977295,7.452685832977295,0
2015-10-29,7.423348426818848,7.423348426818848,7.423348426818848,7.423348426818848,0
2015-10-30,7.429221153259277,7.429221153259277,7.429221153259277,7.429221153259277,0
2015-11-02,7.421878814697266,7.421878814697265,7.421878814697265,7.421878814697265,0
2015-11-03,7.4145307540893555,7.4145307540893555,7.4145307540893555,7.4145307540893555,0
2015-11-04,7.407179355621338,7.407179355621337,7.407179355621337,7.407179355621337,0
2015-11-05,7.399835586547852,7.399835586547852,7.399835586547852,7.399835586547852,0
2015-11-06,7.3704376220703125,7.3704376220703125,7.3704376220703125,7.3704376220703125,0
2015-11-09,7.3704376220703125,7.3704376220703125,7.3704376220703125,7.3704376220703125,0
2015-11-10,7.377789497375488,7.377789497375488,7.377789497375488,7.377789497375488,0
2015-11-11,7.3704376220703125,7.3704376220703125,7.3704376220703125,7.3704376220703125,0
2015-11-12,7.3704376220703125,7.3704376220703125,7.3704376220703125,7.3704376220703125,0
2015-11-13,7.385134220123291,7.385134220123292,7.385134220123292,7.385134220123292,0
2015-11-16,7.385134220123291,7.385134220123292,7.385134220123292,7.385134220123292,0
2015-11-17,7.392484188079834,7.392484188079833,7.392484188079833,7.392484188079833,0
2015-11-18,7.392484188079834,7.392484188079833,7.392484188079833,7.392484188079833,0
2015-11-19,7.399835586547852,7.399835586547852,7.399835586547852,7.399835586547852,0
2015-11-20,7.392484188079834,7.392484188079833,7.392484188079833,7.392484188079833,0
2015-11-23,7.399835586547852,7.399835586547852,7.399835586547852,7.399835586547852,0
2015-11-24,7.399835586547852,7.399835586547852,7.399835586547852,7.399835586547852,0
2015-11-25,7.399835586547852,7.399835586547852,7.399835586547852,7.399835586547852,0
2015-11-27,7.407179355621338,7.407179355621337,7.407179355621337,7.407179355621337,0
2015-11-30,7.412335395812988,7.412335395812988,7.412335395812988,7.412335395812988,0
2015-12-01,7.434415817260742,7.434415817260742,7.434415817260742,7.434415817260742,0
2015-12-02,7.427057266235352,7.427057266235352,7.427057266235352,7.427057266235352,0
2015-12-03,7.3755292892456055,7.3755292892456055,7.3755292892456055,7.3755292892456055,0
2015-12-04,7.397610187530518,7.397610187530518,7.397610187530518,7.397610187530518,0
2015-12-07,7.412335395812988,7.412335395812988,7.412335395812988,7.412335395812988,0
2015-12-08,7.404972553253174,7.404972553253173,7.404972553253173,7.404972553253173,0
2015-12-09,7.417531967163086,7.417531967163086,7.417531967163086,7.417531967163086,0
2015-12-10,7.402755260467529,7.402755260467529,7.402755260467529,7.402755260467529,0
2015-12-11,7.432308197021484,7.432308197021484,7.432308197021484,7.432308197021484,0
2015-12-14,7.395366191864014,7.395366191864013,7.395366191864013,7.395366191864013,0
2015-12-15,7.380590438842773,7.380590438842773,7.380590438842773,7.380590438842773,0
2015-12-16,7.373199462890625,7.373199462890625,7.373199462890625,7.373199462890625,0
2015-12-17,7.395366191864014,7.395366191864013,7.395366191864013,7.395366191864013,0
2015-12-18,7.402755260467529,7.402755260467529,7.402755260467529,7.402755260467529,0
2015-12-21,7.402755260467529,7.402755260467529,7.402755260467529,7.402755260467529,0
2015-12-22,7.3879780769348145,7.3879780769348145,7.3879780769348145,7.3879780769348145,0
2015-12-23,7.380590438842773,7.380590438842773,7.380590438842773,7.380590438842773,0
2015-12-24,7.3879780769348145,7.3879780769348145,7.3879780769348145,7.3879780769348145,0
2015-12-28,7.395366191864014,7.395366191864013,7.395366191864013,7.395366191864013,0
2015-12-29,7.365817070007324,7.365817070007324,7.365817070007324,7.365817070007324,0
2015-12-30,7.373199462890625,7.373199462890625,7.373199462890625,7.373199462890625,0
2015-12-31,7.380590438842773,7.380590438842773,7.380590438842773,7.380590438842773,0
2016-01-04,7.395366191864014,7.395366191864013,7.395366191864013,7.395366191864013,0
2016-01-05,7.395366191864014,7.395366191864013,7.395366191864013,7.395366191864013,0
2016-01-06,7.417531967163086,7.417531967163086,7.417531967163086,7.417531967163086,0
2016-01-07,7.424920082092285,7.424920082092285,7.424920082092285,7.424920082092285,0
2016-01-08,7.432308197021484,7.432308197021484,7.432308197021484,7.432308197021484,0
2016-01-11,7.424920082092285,7.424920082092285,7.424920082092285,7.424920082092285,0
2016-01-12,7.439699172973633,7.439699172973633,7.439699172973633,7.439699172973633,0
2016-01-13,7.454474925994873,7.454474925994874,7.454474925994874,7.454474925994874,0
2016-01-14,7.439699172973633,7.439699172973633,7.439699172973633,7.439699172973633,0
2016-01-15,7.454474925994873,7.454474925994874,7.454474925994874,7.454474925994874,0
2016-01-19,7.454474925994873,7.454474925994874,7.454474925994874,7.454474925994874,0
2016-01-20,7.461859703063965,7.461859703063965,7.461859703063965,7.461859703063965,0
2016-01-21,7.454474925994873,7.454474925994874,7.454474925994874,7.454474925994874,0
2016-01-22,7.447089195251465,7.447089195251465,7.447089195251465,7.447089195251465,0
2016-01-25,7.454474925994873,7.454474925994874,7.454474925994874,7.454474925994874,0
2016-01-26,7.461859703063965,7.461859703063965,7.461859703063965,7.461859703063965,0
2016-01-27,7.461859703063965,7.461859703063965,7.461859703063965,7.461859703063965,0
2016-01-28,7.461859703063965,7.461859703063965,7.461859703063965,7.461859703063965,0
2016-01-29,7.4810967445373535,7.4810967445373535,7.4810967445373535,7.4810967445373535,0
2016-02-01,7.466296672821045,7.466296672821045,7.466296672821045,7.466296672821045,0
2016-02-02,7.503297328948975,7.503297328948975,7.503297328948975,7.503297328948975,0
2016-02-03,7.495896816253662,7.495896816253661,7.495896816253661,7.495896816253661,0
2016-02-04,7.495896816253662,7.495896816253661,7.495896816253661,7.495896816253661,0
2016-02-05,7.503297328948975,7.503297328948975,7.503297328948975,7.503297328948975,0
2016-02-08,7.532898426055908,7.532898426055908,7.532898426055908,7.532898426055908,0
2016-02-09,7.525496006011963,7.525496006011963,7.525496006011963,7.525496006011963,0
2016-02-10,7.5402960777282715,7.540296077728271,7.540296077728271,7.540296077728271,0
2016-02-11,7.5476975440979,7.5476975440979,7.5476975440979,7.5476975440979,0
2016-02-12,7.518095970153809,7.518095970153809,7.518095970153809,7.518095970153809,0
2016-02-16,7.510698318481445,7.510698318481445,7.510698318481445,7.510698318481445,0
2016-02-17,7.503297328948975,7.503297328948975,7.503297328948975,7.503297328948975,0
2016-02-18,7.525496006011963,7.525496006011963,7.525496006011963,7.525496006011963,0
2016-02-19,7.525496006011963,7.525496006011963,7.525496006011963,7.525496006011963,0
2016-02-22,7.525496006011963,7.525496006011963,7.525496006011963,7.525496006011963,0
2016-02-23,7.532898426055908,7.532898426055908,7.532898426055908,7.532898426055908,0
2016-02-24,7.532898426055908,7.532898426055908,7.532898426055908,7.532898426055908,0
2016-02-25,7.5476975440979,7.5476975440979,7.5476975440979,7.5476975440979,0
2016-02-26,7.525496006011963,7.525496006011963,7.525496006011963,7.525496006011963,0
2016-02-29,7.538841247558594,7.538841247558595,7.538841247558595,7.538841247558595,0
2016-03-01,7.509187698364258,7.509187698364258,7.509187698364258,7.509187698364258,0
2016-03-02,7.516602039337158,7.516602039337158,7.516602039337158,7.516602039337158,0
2016-03-03,7.524013519287109,7.5240135192871085,7.5240135192871085,7.5240135192871085,0
2016-03-04,7.509187698364258,7.509187698364258,7.509187698364258,7.509187698364258,0
2016-03-07,7.509187698364258,7.509187698364258,7.509187698364258,7.509187698364258,0
2016-03-08,7.538841247558594,7.538841247558595,7.538841247558595,7.538841247558595,0
2016-03-09,7.516602039337158,7.516602039337158,7.516602039337158,7.516602039337158,0
2016-03-10,7.516602039337158,7.516602039337158,7.516602039337158,7.516602039337158,0
2016-03-11,7.509187698364258,7.509187698364258,7.509187698364258,7.509187698364258,0
2016-03-14,7.516602039337158,7.516602039337158,7.516602039337158,7.516602039337158,0
2016-03-15,7.516602039337158,7.516602039337158,7.516602039337158,7.516602039337158,0
2016-03-16,7.531424522399902,7.531424522399902,7.531424522399902,7.531424522399902,0
2016-03-17,7.553665637969971,7.553665637969971,7.553665637969971,7.553665637969971,0
2016-03-18,7.5684919357299805,7.5684919357299805,7.5684919357299805,7.5684919357299805,0
2016-03-21,7.546253204345703,7.546253204345703,7.546253204345703,7.546253204345703,0
2016-03-22,7.546253204345703,7.546253204345703,7.546253204345703,7.546253204345703,0
2016-03-23,7.5684919357299805,7.5684919357299805,7.5684919357299805,7.5684919357299805,0
2016-03-24,7.561079025268555,7.561079025268555,7.561079025268555,7.561079025268555,0
2016-03-28,7.5684919357299805,7.5684919357299805,7.5684919357299805,7.5684919357299805,0
2016-03-29,7.598141670227051,7.598141670227051,7.598141670227051,7.598141670227051,0
2016-03-30,7.590727806091309,7.5907278060913095,7.5907278060913095,7.5907278060913095,0
2016-03-31,7.606328964233398,7.606328964233398,7.606328964233398,7.606328964233398,0
2016-04-01,7.606328964233398,7.606328964233398,7.606328964233398,7.606328964233398,0
2016-04-04,7.613755226135254,7.613755226135254,7.613755226135254,7.613755226135254,0
2016-04-05,7.636040210723877,7.636040210723877,7.636040210723877,7.636040210723877,0
2016-04-06,7.621186256408691,7.621186256408691,7.621186256408691,7.621186256408691,0
2016-04-07,7.643466472625732,7.643466472625732,7.643466472625732,7.643466472625732,0
2016-04-08,7.636040210723877,7.636040210723877,7.636040210723877,7.636040210723877,0
2016-04-11,7.636040210723877,7.636040210723877,7.636040210723877,7.636040210723877,0
2016-04-12,7.621186256408691,7.621186256408691,7.621186256408691,7.621186256408691,0
2016-04-13,7.636040210723877,7.636040210723877,7.636040210723877,7.636040210723877,0
2016-04-14,7.628609657287598,7.6286096572875985,7.6286096572875985,7.6286096572875985,0
2016-04-15,7.643466472625732,7.643466472625732,7.643466472625732,7.643466472625732,0
2016-04-18,7.636040210723877,7.636040210723877,7.636040210723877,7.636040210723877,0
2016-04-19,7.636040210723877,7.636040210723877,7.636040210723877,7.636040210723877,0
2016-04-20,7.613755226135254,7.613755226135254,7.613755226135254,7.613755226135254,0
2016-04-21,7.613755226135254,7.613755226135254,7.613755226135254,7.613755226135254,0
2016-04-22,7.606328964233398,7.606328964233398,7.606328964233398,7.606328964233398,0
2016-04-25,7.606328964233398,7.606328964233398,7.606328964233398,7.606328964233398,0
2016-04-26,7.598900318145752,7.598900318145752,7.598900318145752,7.598900318145752,0
2016-04-27,7.621186256408691,7.621186256408691,7.621186256408691,7.621186256408691,0
2016-04-28,7.628609657287598,7.6286096572875985,7.6286096572875985,7.6286096572875985,0
2016-04-29,7.642007350921631,7.642007350921631,7.642007350921631,7.642007350921631,0
2016-05-02,7.627121925354004,7.627121925354003,7.627121925354003,7.627121925354003,0
2016-05-03,7.649445056915283,7.649445056915283,7.649445056915283,7.649445056915283,0
2016-05-04,7.649445056915283,7.649445056915283,7.649445056915283,7.649445056915283,0
2016-05-05,7.664332866668701,7.664332866668701,7.664332866668701,7.664332866668701,0
2016-05-06,7.6568922996521,7.6568922996521,7.6568922996521,7.6568922996521,0
2016-05-09,7.664332866668701,7.664332866668701,7.664332866668701,7.664332866668701,0
2016-05-10,7.664332866668701,7.664332866668701,7.664332866668701,7.664332866668701,0
2016-05-11,7.671775817871094,7.671775817871094,7.671775817871094,7.671775817871094,0
2016-05-12,7.6568922996521,7.6568922996521,7.6568922996521,7.6568922996521,0
2016-05-13,7.671775817871094,7.671775817871094,7.671775817871094,7.671775817871094,0
2016-05-16,7.6568922996521,7.6568922996521,7.6568922996521,7.6568922996521,0
2016-05-17,7.6568922996521,7.6568922996521,7.6568922996521,7.6568922996521,0
2016-05-18,7.612245082855225,7.6122450828552255,7.6122450828552255,7.6122450828552255,0
2016-05-19,7.627121925354004,7.627121925354003,7.627121925354003,7.627121925354003,0
2016-05-20,7.627121925354004,7.627121925354003,7.627121925354003,7.627121925354003,0
2016-05-23,7.627121925354004,7.627121925354003,7.627121925354003,7.627121925354003,0
2016-05-24,7.619683265686035,7.619683265686035,7.619683265686035,7.619683265686035,0
2016-05-25,7.619683265686035,7.619683265686035,7.619683265686035,7.619683265686035,0
2016-05-26,7.634565830230713,7.634565830230713,7.634565830230713,7.634565830230713,0
2016-05-27,7.634565830230713,7.634565830230713,7.634565830230713,7.634565830230713,0
2016-05-31,7.6397809982299805,7.6397809982299805,7.6397809982299805,7.6397809982299805,0
2016-06-01,7.632329940795898,7.632329940795898,7.632329940795898,7.632329940795898,0
2016-06-02,7.6472368240356445,7.6472368240356445,7.6472368240356445,7.6472368240356445,0
2016-06-03,7.684508800506592,7.684508800506592,7.684508800506592,7.684508800506592,0
2016-06-06,7.677053451538086,7.677053451538086,7.677053451538086,7.677053451538086,0
2016-06-07,7.684508800506592,7.684508800506592,7.684508800506592,7.684508800506592,0
2016-06-08,7.691953659057617,7.691953659057617,7.691953659057617,7.691953659057617,0
2016-06-09,7.699409008026123,7.699409008026123,7.699409008026123,7.699409008026123,0
2016-06-10,7.7143144607543945,7.7143144607543945,7.7143144607543945,7.7143144607543945,0
2016-06-13,7.721769332885742,7.721769332885741,7.721769332885741,7.721769332885741,0
2016-06-14,7.7143144607543945,7.7143144607543945,7.7143144607543945,7.7143144607543945,0
2016-06-15,7.721769332885742,7.721769332885741,7.721769332885741,7.721769332885741,0
2016-06-16,7.729222297668457,7.729222297668458,7.729222297668458,7.729222297668458,0
2016-06-17,7.7143144607543945,7.7143144607543945,7.7143144607543945,7.7143144607543945,0
2016-06-20,7.7068634033203125,7.7068634033203125,7.7068634033203125,7.7068634033203125,0
2016-06-21,7.699409008026123,7.699409008026123,7.699409008026123,7.699409008026123,0
2016-06-22,7.699409008026123,7.699409008026123,7.699409008026123,7.699409008026123,0
2016-06-23,7.691953659057617,7.691953659057617,7.691953659057617,7.691953659057617,0
2016-06-24,7.729222297668457,7.729222297668458,7.729222297668458,7.729222297668458,0
2016-06-27,7.773941993713379,7.773941993713379,7.773941993713379,7.773941993713379,0
2016-06-28,7.773941993713379,7.773941993713379,7.773941993713379,7.773941993713379,0
2016-06-29,7.773941993713379,7.773941993713379,7.773941993713379,7.773941993713379,0
2016-06-30,7.773942947387695,7.773942947387694,7.773942947387694,7.773942947387694,0
2016-07-01,7.788877487182617,7.788877487182617,7.788877487182617,7.788877487182617,0
2016-07-05,7.826219081878662,7.826219081878662,7.826219081878662,7.826219081878662,0
2016-07-06,7.818752765655518,7.818752765655517,7.818752765655517,7.818752765655517,0
2016-07-07,7.826219081878662,7.826219081878662,7.826219081878662,7.826219081878662,0
2016-07-08,7.833685874938965,7.833685874938966,7.833685874938966,7.833685874938966,0
2016-07-11,7.818752765655518,7.818752765655517,7.818752765655517,7.818752765655517,0
2016-07-12,7.796346664428711,7.796346664428711,7.796346664428711,7.796346664428711,0
2016-07-13,7.818752765655518,7.818752765655517,7.818752765655517,7.818752765655517,0
2016-07-14,7.796346664428711,7.796346664428711,7.796346664428711,7.796346664428711,0
2016-07-15,7.773942947387695,7.773942947387694,7.773942947387694,7.773942947387694,0
2016-07-18,7.7814106941223145,7.7814106941223145,7.7814106941223145,7.7814106941223145,0
2016-07-19,7.788877487182617,7.788877487182617,7.788877487182617,7.788877487182617,0
2016-07-20,7.7814106941223145,7.7814106941223145,7.7814106941223145,7.7814106941223145,0
2016-07-21,7.788877487182617,7.788877487182617,7.788877487182617,7.788877487182617,0
2016-07-22,7.788877487182617,7.788877487182617,7.788877487182617,7.788877487182617,0
2016-07-25,7.7814106941223145,7.7814106941223145,7.7814106941223145,7.7814106941223145,0
2016-07-26,7.7814106941223145,7.7814106941223145,7.7814106941223145,7.7814106941223145,0
2016-07-27,7.803816318511963,7.803816318511963,7.803816318511963,7.803816318511963,0
2016-07-28,7.803816318511963,7.803816318511963,7.803816318511963,7.803816318511963,0
2016-07-29,7.824012756347656,7.824012756347656,7.824012756347656,7.824012756347656,0
2016-08-01,7.809054374694824,7.809054374694824,7.809054374694824,7.809054374694824,0
2016-08-02,7.794086933135986,7.794086933135987,7.794086933135987,7.794086933135987,0
2016-08-03,7.786611080169678,7.786611080169679,7.786611080169679,7.786611080169679,0
2016-08-04,7.809054374694824,7.809054374694824,7.809054374694824,7.809054374694824,0
2016-08-05,7.779130458831787,7.779130458831787,7.779130458831787,7.779130458831787,0
2016-08-08,7.786611080169678,7.786611080169679,7.786611080169679,7.786611080169679,0
2016-08-09,7.801572322845459,7.801572322845459,7.801572322845459,7.801572322845459,0
2016-08-10,7.816531181335449,7.816531181335449,7.816531181335449,7.816531181335449,0
2016-08-11,7.794086933135986,7.794086933135987,7.794086933135987,7.794086933135987,0
2016-08-12,7.816531181335449,7.816531181335449,7.816531181335449,7.816531181335449,0
2016-08-15,7.801572322845459,7.801572322845459,7.801572322845459,7.801572322845459,0
2016-08-16,7.794086933135986,7.794086933135987,7.794086933135987,7.794086933135987,0
2016-08-17,7.801572322845459,7.801572322845459,7.801572322845459,7.801572322845459,0
2016-08-18,7.816531181335449,7.816531181335449,7.816531181335449,7.816531181335449,0
2016-08-19,7.801572322845459,7.801572322845459,7.801572322845459,7.801572322845459,0
2016-08-22,7.816531181335449,7.816531181335449,7.816531181335449,7.816531181335449,0
2016-08-23,7.816531181335449,7.816531181335449,7.816531181335449,7.816531181335449,0
2016-08-24,7.816531181335449,7.816531181335449,7.816531181335449,7.816531181335449,0
2016-08-25,7.809054374694824,7.809054374694824,7.809054374694824,7.809054374694824,0
2016-08-26,7.786611080169678,7.786611080169679,7.786611080169679,7.786611080169679,0
2016-08-29,7.816531181335449,7.816531181335449,7.816531181335449,7.816531181335449,0
2016-08-30,7.809054374694824,7.809054374694824,7.809054374694824,7.809054374694824,0
2016-08-31,7.8157958984375,7.8157958984375,7.8157958984375,7.8157958984375,0
2016-09-01,7.8157958984375,7.8157958984375,7.8157958984375,7.8157958984375,0
2016-09-02,7.800805568695068,7.800805568695069,7.800805568695069,7.800805568695069,0
2016-09-06,7.8232903480529785,7.8232903480529785,7.8232903480529785,7.8232903480529785,0
2016-09-07,7.8232903480529785,7.8232903480529785,7.8232903480529785,7.8232903480529785,0
2016-09-08,7.793313980102539,7.79331398010254,7.79331398010254,7.79331398010254,0
2016-09-09,7.770833492279053,7.770833492279053,7.770833492279053,7.770833492279053,0
2016-09-12,7.770833492279053,7.770833492279053,7.770833492279053,7.770833492279053,0
2016-09-13,7.74835205078125,7.74835205078125,7.74835205078125,7.74835205078125,0
2016-09-14,7.763340950012207,7.763340950012207,7.763340950012207,7.763340950012207,0
2016-09-15,7.763340950012207,7.763340950012207,7.763340950012207,7.763340950012207,0
2016-09-16,7.763340950012207,7.763340950012207,7.763340950012207,7.763340950012207,0
2016-09-19,7.763340950012207,7.763340950012207,7.763340950012207,7.763340950012207,0
2016-09-20,7.770833492279053,7.770833492279053,7.770833492279053,7.770833492279053,0
2016-09-21,7.778329849243164,7.778329849243165,7.778329849243165,7.778329849243165,0
2016-09-22,7.793313980102539,7.79331398010254,7.79331398010254,7.79331398010254,0
2016-09-23,7.800805568695068,7.800805568695069,7.800805568695069,7.800805568695069,0
2016-09-26,7.808298110961914,7.808298110961914,7.808298110961914,7.808298110961914,0
2016-09-27,7.8232903480529785,7.8232903480529785,7.8232903480529785,7.8232903480529785,0
2016-09-28,7.8232903480529785,7.8232903480529785,7.8232903480529785,7.8232903480529785,0
2016-09-29,7.8232903480529785,7.8232903480529785,7.8232903480529785,7.8232903480529785,0
2016-09-30,7.806026458740234,7.806026458740235,7.806026458740235,7.806026458740235,0
2016-10-03,7.806026458740234,7.806026458740235,7.806026458740235,7.806026458740235,0
2016-10-04,7.78350830078125,7.78350830078125,7.78350830078125,7.78350830078125,0
2016-10-05,7.768497943878174,7.768497943878173,7.768497943878173,7.768497943878173,0
2016-10-06,7.768497943878174,7.768497943878173,7.768497943878173,7.768497943878173,0
2016-10-07,7.768497943878174,7.768497943878173,7.768497943878173,7.768497943878173,0
2016-10-10,7.753481388092041,7.753481388092041,7.753481388092041,7.753481388092041,0
2016-10-11,7.76099157333374,7.76099157333374,7.76099157333374,7.76099157333374,0
2016-10-12,7.753481388092041,7.753481388092041,7.753481388092041,7.753481388092041,0
2016-10-13,7.768497943878174,7.768497943878173,7.768497943878173,7.768497943878173,0
2016-10-14,7.753481388092041,7.753481388092041,7.753481388092041,7.753481388092041,0
2016-10-17,7.76099157333374,7.76099157333374,7.76099157333374,7.76099157333374,0
2016-10-18,7.776005268096924,7.776005268096924,7.776005268096924,7.776005268096924,0
2016-10-19,7.776005268096924,7.776005268096924,7.776005268096924,7.776005268096924,0
2016-10-20,7.776005268096924,7.776005268096924,7.776005268096924,7.776005268096924,0
2016-10-21,7.776005268096924,7.776005268096924,7.776005268096924,7.776005268096924,0
2016-10-24,7.768497943878174,7.768497943878173,7.768497943878173,7.768497943878173,0
2016-10-25,7.768497943878174,7.768497943878173,7.768497943878173,7.768497943878173,0
2016-10-26,7.76099157333374,7.76099157333374,7.76099157333374,7.76099157333374,0
2016-10-27,7.738469123840332,7.738469123840332,7.738469123840332,7.738469123840332,0
2016-10-28,7.738469123840332,7.738469123840332,7.738469123840332,7.738469123840332,0
2016-10-31,7.743736743927002,7.743736743927001,7.743736743927001,7.743736743927001,0
2016-11-01,7.751256465911865,7.751256465911865,7.751256465911865,7.751256465911865,0
2016-11-02,7.751256465911865,7.751256465911865,7.751256465911865,7.751256465911865,0
2016-11-03,7.743736743927002,7.743736743927001,7.743736743927001,7.743736743927001,0
2016-11-04,7.758773326873779,7.758773326873779,7.758773326873779,7.758773326873779,0
2016-11-07,7.743736743927002,7.743736743927001,7.743736743927001,7.743736743927001,0
2016-11-08,7.73621940612793,7.73621940612793,7.73621940612793,7.73621940612793,0
2016-11-09,7.661036014556885,7.661036014556885,7.661036014556885,7.661036014556885,0
2016-11-10,7.645999908447266,7.6459999084472665,7.6459999084472665,7.6459999084472665,0
2016-11-11,7.623443126678467,7.623443126678467,7.623443126678467,7.623443126678467,0
2016-11-14,7.600889682769775,7.6008896827697745,7.6008896827697745,7.6008896827697745,0
2016-11-15,7.600889682769775,7.6008896827697745,7.6008896827697745,7.6008896827697745,0
2016-11-16,7.608406066894531,7.60840606689453,7.60840606689453,7.60840606689453,0
2016-11-17,7.5858540534973145,7.5858540534973145,7.5858540534973145,7.5858540534973145,0
2016-11-18,7.5633015632629395,7.5633015632629395,7.5633015632629395,7.5633015632629395,0
2016-11-21,7.5633015632629395,7.5633015632629395,7.5633015632629395,7.5633015632629395,0
2016-11-22,7.5708136558532715,7.5708136558532715,7.5708136558532715,7.5708136558532715,0
2016-11-23,7.555778980255127,7.555778980255127,7.555778980255127,7.555778980255127,0
2016-11-25,7.548264026641846,7.548264026641846,7.548264026641846,7.548264026641846,0
2016-11-28,7.5708136558532715,7.5708136558532715,7.5708136558532715,7.5708136558532715,0
2016-11-29,7.5858540534973145,7.5858540534973145,7.5858540534973145,7.5858540534973145,0
2016-11-30,7.562504291534424,7.562504291534424,7.562504291534424,7.562504291534424,0
2016-12-01,7.532373428344727,7.532373428344727,7.532373428344727,7.532373428344727,0
2016-12-02,7.55497407913208,7.55497407913208,7.55497407913208,7.55497407913208,0
2016-12-05,7.55497407913208,7.55497407913208,7.55497407913208,7.55497407913208,0
2016-12-06,7.55497407913208,7.55497407913208,7.55497407913208,7.55497407913208,0
2016-12-07,7.577569007873535,7.577569007873535,7.577569007873535,7.577569007873535,0
2016-12-08,7.562504291534424,7.562504291534424,7.562504291534424,7.562504291534424,0
2016-12-09,7.532373428344727,7.532373428344727,7.532373428344727,7.532373428344727,0
2016-12-12,7.532373428344727,7.532373428344727,7.532373428344727,7.532373428344727,0
2016-12-13,7.53990364074707,7.53990364074707,7.53990364074707,7.53990364074707,0
2016-12-14,7.517313003540039,7.517313003540039,7.517313003540039,7.517313003540039,0
2016-12-15,7.5022454261779785,7.5022454261779785,7.5022454261779785,7.5022454261779785,0
2016-12-16,7.486384868621826,7.486384868621826,7.486384868621826,7.486384868621826,0
2016-12-19,7.516595363616943,7.516595363616943,7.516595363616943,7.516595363616943,0
2016-12-20,7.509044170379639,7.509044170379639,7.509044170379639,7.509044170379639,0
2016-12-21,7.516595363616943,7.516595363616943,7.516595363616943,7.516595363616943,0
2016-12-22,7.516595363616943,7.516595363616943,7.516595363616943,7.516595363616943,0
2016-12-23,7.524153232574463,7.524153232574463,7.524153232574463,7.524153232574463,0
2016-12-27,7.516595363616943,7.516595363616943,7.516595363616943,7.516595363616943,0
2016-12-28,7.5392656326293945,7.5392656326293945,7.5392656326293945,7.5392656326293945,0
2016-12-29,7.55436897277832,7.55436897277832,7.55436897277832,7.55436897277832,0
2016-12-30,7.569479942321777,7.5694799423217765,7.5694799423217765,7.5694799423217765,0
2017-01-03,7.569479942321777,7.5694799423217765,7.5694799423217765,7.5694799423217765,0
2017-01-04,7.569479942321777,7.5694799423217765,7.5694799423217765,7.5694799423217765,0
2017-01-05,7.607253074645996,7.607253074645996,7.607253074645996,7.607253074645996,0
2017-01-06,7.584587574005127,7.584587574005127,7.584587574005127,7.584587574005127,0
2017-01-09,7.599696159362793,7.599696159362792,7.599696159362792,7.599696159362792,0
2017-01-10,7.599696159362793,7.599696159362792,7.599696159362792,7.599696159362792,0
2017-01-11,7.607253074645996,7.607253074645996,7.607253074645996,7.607253074645996,0
2017-01-12,7.607253074645996,7.607253074645996,7.607253074645996,7.607253074645996,0
2017-01-13,7.599696159362793,7.599696159362792,7.599696159362792,7.599696159362792,0
2017-01-17,7.622359275817871,7.622359275817871,7.622359275817871,7.622359275817871,0
2017-01-18,7.592140197753906,7.592140197753906,7.592140197753906,7.592140197753906,0
2017-01-19,7.569479942321777,7.5694799423217765,7.5694799423217765,7.5694799423217765,0
2017-01-20,7.569479942321777,7.5694799423217765,7.5694799423217765,7.5694799423217765,0
2017-01-23,7.599696159362793,7.599696159362792,7.599696159362792,7.599696159362792,0
2017-01-24,7.577035427093506,7.577035427093505,7.577035427093505,7.577035427093505,0
2017-01-25,7.55436897277832,7.55436897277832,7.55436897277832,7.55436897277832,0
2017-01-26,7.561920642852783,7.561920642852783,7.561920642852783,7.561920642852783,0
2017-01-27,7.577035427093506,7.577035427093505,7.577035427093505,7.577035427093505,0
2017-01-30,7.577035427093506,7.577035427093505,7.577035427093505,7.577035427093505,0
2017-01-31,7.5830912590026855,7.5830912590026855,7.5830912590026855,7.5830912590026855,0
2017-02-01,7.5755181312561035,7.5755181312561035,7.5755181312561035,7.5755181312561035,0
2017-02-02,7.5755181312561035,7.5755181312561035,7.5755181312561035,7.5755181312561035,0
2017-02-03,7.5755181312561035,7.5755181312561035,7.5755181312561035,7.5755181312561035,0
2017-02-06,7.605795860290527,7.605795860290528,7.605795860290528,7.605795860290528,0
2017-02-07,7.6133599281311035,7.6133599281311035,7.6133599281311035,7.6133599281311035,0
2017-02-08,7.628495216369629,7.628495216369629,7.628495216369629,7.628495216369629,0
2017-02-09,7.605795860290527,7.605795860290528,7.605795860290528,7.605795860290528,0
2017-02-10,7.605795860290527,7.605795860290528,7.605795860290528,7.605795860290528,0
2017-02-13,7.598221778869629,7.598221778869629,7.598221778869629,7.598221778869629,0
2017-02-14,7.5830912590026855,7.5830912590026855,7.5830912590026855,7.5830912590026855,0
2017-02-15,7.5755181312561035,7.5755181312561035,7.5755181312561035,7.5755181312561035,0
2017-02-16,7.598221778869629,7.598221778869629,7.598221778869629,7.598221778869629,0
2017-02-17,7.605795860290527,7.605795860290528,7.605795860290528,7.605795860290528,0
2017-02-21,7.605795860290527,7.605795860290528,7.605795860290528,7.605795860290528,0
2017-02-22,7.605795860290527,7.605795860290528,7.605795860290528,7.605795860290528,0
2017-02-23,7.620930194854736,7.620930194854736,7.620930194854736,7.620930194854736,0
2017-02-24,7.651198863983154,7.651198863983154,7.651198863983154,7.651198863983154,0
2017-02-27,7.628495216369629,7.628495216369629,7.628495216369629,7.628495216369629,0
2017-02-28,7.6345624923706055,7.6345624923706055,7.6345624923706055,7.6345624923706055,0
2017-03-01,7.589071273803711,7.589071273803711,7.589071273803711,7.589071273803711,0
2017-03-02,7.581488132476807,7.581488132476807,7.581488132476807,7.581488132476807,0
2017-03-03,7.581488132476807,7.581488132476807,7.581488132476807,7.581488132476807,0
2017-03-06,7.581488132476807,7.581488132476807,7.581488132476807,7.581488132476807,0
2017-03-07,7.573907375335693,7.573907375335693,7.573907375335693,7.573907375335693,0
2017-03-08,7.55875301361084,7.55875301361084,7.55875301361084,7.55875301361084,0
2017-03-09,7.5359978675842285,7.5359978675842285,7.5359978675842285,7.5359978675842285,0
2017-03-10,7.543583869934082,7.543583869934082,7.543583869934082,7.543583869934082,0
2017-03-13,7.528423309326172,7.528423309326171,7.528423309326171,7.528423309326171,0
2017-03-14,7.5359978675842285,7.5359978675842285,7.5359978675842285,7.5359978675842285,0
2017-03-15,7.573907375335693,7.573907375335693,7.573907375335693,7.573907375335693,0
2017-03-16,7.573907375335693,7.573907375335693,7.573907375335693,7.573907375335693,0
2017-03-17,7.581488132476807,7.581488132476807,7.581488132476807,7.581488132476807,0
2017-03-20,7.589071273803711,7.589071273803711,7.589071273803711,7.589071273803711,0
2017-03-21,7.611817836761475,7.611817836761475,7.611817836761475,7.611817836761475,0
2017-03-22,7.61939811706543,7.61939811706543,7.61939811706543,7.61939811706543,0
2017-03-23,7.61939811706543,7.61939811706543,7.61939811706543,7.61939811706543,0
2017-03-24,7.626983165740967,7.626983165740966,7.626983165740966,7.626983165740966,0
2017-03-27,7.6345624923706055,7.6345624923706055,7.6345624923706055,7.6345624923706055,0
2017-03-28,7.61939811706543,7.61939811706543,7.61939811706543,7.61939811706543,0
2017-03-29,7.626983165740967,7.626983165740966,7.626983165740966,7.626983165740966,0
2017-03-30,7.61939811706543,7.61939811706543,7.61939811706543,7.61939811706543,0
2017-03-31,7.6262359619140625,7.6262359619140625,7.6262359619140625,7.6262359619140625,0
2017-04-03,7.649020195007324,7.649020195007324,7.649020195007324,7.649020195007324,0
2017-04-04,7.649020195007324,7.649020195007324,7.649020195007324,7.649020195007324,0
2017-04-05,7.649020195007324,7.649020195007324,7.649020195007324,7.649020195007324,0
2017-04-06,7.6566162109375,7.6566162109375,7.6566162109375,7.6566162109375,0
2017-04-07,7.641427993774414,7.641427993774414,7.641427993774414,7.641427993774414,0
2017-04-10,7.649020195007324,7.649020195007324,7.649020195007324,7.649020195007324,0
2017-04-11,7.671811103820801,7.671811103820801,7.671811103820801,7.671811103820801,0
2017-04-12,7.671811103820801,7.671811103820801,7.671811103820801,7.671811103820801,0
2017-04-13,7.702191352844238,7.702191352844238,7.702191352844238,7.702191352844238,0
2017-04-17,7.694594860076904,7.694594860076904,7.694594860076904,7.694594860076904,0
2017-04-18,7.724979400634766,7.724979400634766,7.724979400634766,7.724979400634766,0
2017-04-19,7.709786415100098,7.709786415100098,7.709786415100098,7.709786415100098,0
2017-04-20,7.694594860076904,7.694594860076904,7.694594860076904,7.694594860076904,0
2017-04-21,7.702191352844238,7.702191352844238,7.702191352844238,7.702191352844238,0
2017-04-24,7.686999320983887,7.686999320983887,7.686999320983887,7.686999320983887,0
2017-04-25,7.664214611053467,7.664214611053466,7.664214611053466,7.664214611053466,0
2017-04-26,7.671811103820801,7.671811103820801,7.671811103820801,7.671811103820801,0
2017-04-27,7.679404258728027,7.679404258728027,7.679404258728027,7.679404258728027,0
2017-04-28,7.685494899749756,7.685494899749755,7.685494899749755,7.685494899749755,0
2017-05-01,7.670276641845703,7.670276641845703,7.670276641845703,7.670276641845703,0
2017-05-02,7.685494899749756,7.685494899749755,7.685494899749755,7.685494899749755,0
2017-05-03,7.685494899749756,7.685494899749755,7.685494899749755,7.685494899749755,0
2017-05-04,7.670276641845703,7.670276641845703,7.670276641845703,7.670276641845703,0
2017-05-05,7.670276641845703,7.670276641845703,7.670276641845703,7.670276641845703,0
2017-05-08,7.662663459777832,7.662663459777833,7.662663459777833,7.662663459777833,0
2017-05-09,7.655056476593018,7.655056476593018,7.655056476593018,7.655056476593018,0
2017-05-10,7.655056476593018,7.655056476593018,7.655056476593018,7.655056476593018,0
2017-05-11,7.655056476593018,7.655056476593018,7.655056476593018,7.655056476593018,0
2017-05-12,7.685494899749756,7.685494899749755,7.685494899749755,7.685494899749755,0
2017-05-15,7.685494899749756,7.685494899749755,7.685494899749755,7.685494899749755,0
2017-05-16,7.6931023597717285,7.6931023597717285,7.6931023597717285,7.6931023597717285,0
2017-05-17,7.731143951416016,7.731143951416016,7.731143951416016,7.731143951416016,0
2017-05-18,7.723540306091309,7.723540306091309,7.723540306091309,7.723540306091309,0
2017-05-19,7.723540306091309,7.723540306091309,7.723540306091309,7.723540306091309,0
2017-05-22,7.723540306091309,7.723540306091309,7.723540306091309,7.723540306091309,0
2017-05-23,7.708319664001465,7.708319664001465,7.708319664001465,7.708319664001465,0
2017-05-24,7.715927600860596,7.715927600860596,7.715927600860596,7.715927600860596,0
2017-05-25,7.723540306091309,7.723540306091309,7.723540306091309,7.723540306091309,0
2017-05-26,7.723540306091309,7.723540306091309,7.723540306091309,7.723540306091309,0
2017-05-30,7.738755226135254,7.738755226135254,7.738755226135254,7.738755226135254,0
2017-05-31,7.747142791748047,7.747142791748047,7.747142791748047,7.747142791748047,0
2017-06-01,7.739520072937012,7.739520072937012,7.739520072937012,7.739520072937012,0
2017-06-02,7.762397766113281,7.762397766113281,7.762397766113281,7.762397766113281,0
2017-06-05,7.7547688484191895,7.7547688484191895,7.7547688484191895,7.7547688484191895,0
2017-06-06,7.770022392272949,7.770022392272949,7.770022392272949,7.770022392272949,0
2017-06-07,7.762397766113281,7.762397766113281,7.762397766113281,7.762397766113281,0
2017-06-08,7.7547688484191895,7.7547688484191895,7.7547688484191895,7.7547688484191895,0
2017-06-09,7.747142791748047,7.747142791748047,7.747142791748047,7.747142791748047,0
2017-06-12,7.747142791748047,7.747142791748047,7.747142791748047,7.747142791748047,0
2017-06-13,7.747142791748047,7.747142791748047,7.747142791748047,7.747142791748047,0
2017-06-14,7.777648448944092,7.777648448944092,7.777648448944092,7.777648448944092,0
2017-06-15,7.770022392272949,7.770022392272949,7.770022392272949,7.770022392272949,0
2017-06-16,7.770022392272949,7.770022392272949,7.770022392272949,7.770022392272949,0
2017-06-19,7.762397766113281,7.762397766113281,7.762397766113281,7.762397766113281,0
2017-06-20,7.777648448944092,7.777648448944092,7.777648448944092,7.777648448944092,0
2017-06-21,7.777648448944092,7.777648448944092,7.777648448944092,7.777648448944092,0
2017-06-22,7.777648448944092,7.777648448944092,7.777648448944092,7.777648448944092,0
2017-06-23,7.785271167755127,7.785271167755128,7.785271167755128,7.785271167755128,0
2017-06-26,7.792896747589111,7.792896747589111,7.792896747589111,7.792896747589111,0
2017-06-27,7.770022392272949,7.770022392272949,7.770022392272949,7.770022392272949,0
2017-06-28,7.762397766113281,7.762397766113281,7.762397766113281,7.762397766113281,0
2017-06-29,7.747142791748047,7.747142791748047,7.747142791748047,7.747142791748047,0
2017-06-30,7.738742351531982,7.738742351531983,7.738742351531983,7.738742351531983,0
2017-07-03,7.723466396331787,7.723466396331787,7.723466396331787,7.723466396331787,0
2017-07-05,7.731104373931885,7.731104373931884,7.731104373931884,7.731104373931884,0
2017-07-06,7.715825080871582,7.715825080871582,7.715825080871582,7.715825080871582,0
2017-07-07,7.708183765411377,7.708183765411377,7.708183765411377,7.708183765411377,0
2017-07-10,7.723466396331787,7.723466396331787,7.723466396331787,7.723466396331787,0
2017-07-11,7.723466396331787,7.723466396331787,7.723466396331787,7.723466396331787,0
2017-07-12,7.746379852294922,7.746379852294922,7.746379852294922,7.746379852294922,0
2017-07-13,7.738742351531982,7.738742351531983,7.738742351531983,7.738742351531983,0
2017-07-14,7.746379852294922,7.746379852294922,7.746379852294922,7.746379852294922,0
2017-07-17,7.754024505615234,7.754024505615234,7.754024505615234,7.754024505615234,0
2017-07-18,7.769298553466797,7.769298553466798,7.769298553466798,7.769298553466798,0
2017-07-19,7.769298553466797,7.769298553466798,7.769298553466798,7.769298553466798,0
2017-07-20,7.77694034576416,7.77694034576416,7.77694034576416,7.77694034576416,0
2017-07-21,7.792219161987305,7.792219161987305,7.792219161987305,7.792219161987305,0
2017-07-24,7.784581184387207,7.784581184387207,7.784581184387207,7.784581184387207,0
2017-07-25,7.754024505615234,7.754024505615234,7.754024505615234,7.754024505615234,0
2017-07-26,7.769298553466797,7.769298553466798,7.769298553466798,7.769298553466798,0
2017-07-27,7.761656284332275,7.761656284332275,7.761656284332275,7.761656284332275,0
2017-07-28,7.769298553466797,7.769298553466798,7.769298553466798,7.769298553466798,0
2017-07-31,7.775418758392334,7.775418758392334,7.775418758392334,7.775418758392334,0
2017-08-01,7.790726661682129,7.790726661682129,7.790726661682129,7.790726661682129,0
2017-08-02,7.790726661682129,7.790726661682129,7.790726661682129,7.790726661682129,0
2017-08-03,7.798375129699707,7.798375129699707,7.798375129699707,7.798375129699707,0
2017-08-04,7.783074855804443,7.783074855804443,7.783074855804443,7.783074855804443,0
2017-08-07,7.790726661682129,7.790726661682129,7.790726661682129,7.790726661682129,0
2017-08-08,7.775418758392334,7.775418758392334,7.775418758392334,7.775418758392334,0
2017-08-09,7.790726661682129,7.790726661682129,7.790726661682129,7.790726661682129,0
2017-08-10,7.798375129699707,7.798375129699707,7.798375129699707,7.798375129699707,0
2017-08-11,7.806034088134766,7.8060340881347665,7.8060340881347665,7.8060340881347665,0
2017-08-14,7.798375129699707,7.798375129699707,7.798375129699707,7.798375129699707,0
2017-08-15,7.783074855804443,7.783074855804443,7.783074855804443,7.783074855804443,0
2017-08-16,7.798375129699707,7.798375129699707,7.798375129699707,7.798375129699707,0
2017-08-17,7.806034088134766,7.8060340881347665,7.8060340881347665,7.8060340881347665,0
2017-08-18,7.813692092895508,7.813692092895508,7.813692092895508,7.813692092895508,0
2017-08-21,7.813692092895508,7.813692092895508,7.813692092895508,7.813692092895508,0
2017-08-22,7.806034088134766,7.8060340881347665,7.8060340881347665,7.8060340881347665,0
2017-08-23,7.8213372230529785,7.821337223052978,7.821337223052978,7.821337223052978,0
2017-08-24,7.813692092895508,7.813692092895508,7.813692092895508,7.813692092895508,0
2017-08-25,7.8213372230529785,7.821337223052978,7.821337223052978,7.821337223052978,0
2017-08-28,7.8289923667907715,7.828992366790771,7.828992366790771,7.828992366790771,0
2017-08-29,7.8289923667907715,7.828992366790771,7.828992366790771,7.828992366790771,0
2017-08-30,7.8289923667907715,7.828992366790771,7.828992366790771,7.828992366790771,0
2017-08-31,7.844327926635742,7.844327926635742,7.844327926635742,7.844327926635742,0
2017-09-01,7.82899808883667,7.82899808883667,7.82899808883667,7.82899808883667,0
2017-09-05,7.859665393829346,7.859665393829346,7.859665393829346,7.859665393829346,0
2017-09-06,7.844327926635742,7.844327926635742,7.844327926635742,7.844327926635742,0
2017-09-07,7.867335319519043,7.867335319519043,7.867335319519043,7.867335319519043,0
2017-09-08,7.859665393829346,7.859665393829346,7.859665393829346,7.859665393829346,0
2017-09-11,7.836660385131836,7.836660385131836,7.836660385131836,7.836660385131836,0
2017-09-12,7.82899808883667,7.82899808883667,7.82899808883667,7.82899808883667,0
2017-09-13,7.821324825286865,7.821324825286866,7.821324825286866,7.821324825286866,0
2017-09-14,7.821324825286865,7.821324825286866,7.821324825286866,7.821324825286866,0
2017-09-15,7.821324825286865,7.821324825286866,7.821324825286866,7.821324825286866,0
2017-09-18,7.813657283782959,7.813657283782959,7.813657283782959,7.813657283782959,0
2017-09-19,7.813657283782959,7.813657283782959,7.813657283782959,7.813657283782959,0
2017-09-20,7.8059892654418945,7.805989265441895,7.805989265441895,7.805989265441895,0
2017-09-21,7.8059892654418945,7.805989265441895,7.805989265441895,7.805989265441895,0
2017-09-22,7.813657283782959,7.813657283782959,7.813657283782959,7.813657283782959,0
2017-09-25,7.82899808883667,7.82899808883667,7.82899808883667,7.82899808883667,0
2017-09-26,7.82899808883667,7.82899808883667,7.82899808883667,7.82899808883667,0
2017-09-27,7.798324108123779,7.798324108123779,7.798324108123779,7.798324108123779,0
2017-09-28,7.8059892654418945,7.805989265441895,7.805989265441895,7.805989265441895,0
2017-09-29,7.804448127746582,7.804448127746581,7.804448127746581,7.804448127746581,0
2017-10-02,7.804448127746582,7.804448127746581,7.804448127746581,7.804448127746581,0
2017-10-03,7.804448127746582,7.804448127746581,7.804448127746581,7.804448127746581,0
2017-10-04,7.804448127746582,7.804448127746581,7.804448127746581,7.804448127746581,0
2017-10-05,7.796771049499512,7.796771049499512,7.796771049499512,7.796771049499512,0
2017-10-06,7.789089679718018,7.789089679718018,7.789089679718018,7.789089679718018,0
2017-10-09,7.796771049499512,7.796771049499512,7.796771049499512,7.796771049499512,0
2017-10-10,7.804448127746582,7.804448127746581,7.804448127746581,7.804448127746581,0
2017-10-11,7.804448127746582,7.804448127746581,7.804448127746581,7.804448127746581,0
2017-10-12,7.812138557434082,7.812138557434082,7.812138557434082,7.812138557434082,0
2017-10-13,7.8274970054626465,7.8274970054626465,7.8274970054626465,7.8274970054626465,0
2017-10-16,7.819816589355469,7.819816589355469,7.819816589355469,7.819816589355469,0
2017-10-17,7.819816589355469,7.819816589355469,7.819816589355469,7.819816589355469,0
2017-10-18,7.804448127746582,7.804448127746581,7.804448127746581,7.804448127746581,0
2017-10-19,7.812138557434082,7.812138557434082,7.812138557434082,7.812138557434082,0
2017-10-20,7.789089679718018,7.789089679718018,7.789089679718018,7.789089679718018,0
2017-10-23,7.796771049499512,7.796771049499512,7.796771049499512,7.796771049499512,0
2017-10-24,7.789089679718018,7.789089679718018,7.789089679718018,7.789089679718018,0
2017-10-25,7.773725986480713,7.773725986480713,7.773725986480713,7.773725986480713,0
2017-10-26,7.773725986480713,7.773725986480713,7.773725986480713,7.773725986480713,0
2017-10-27,7.7814106941223145,7.7814106941223145,7.7814106941223145,7.7814106941223145,0
2017-10-30,7.812138557434082,7.812138557434082,7.812138557434082,7.812138557434082,0
2017-10-31,7.804437637329102,7.804437637329102,7.804437637329102,7.804437637329102,0
2017-11-01,7.804437637329102,7.804437637329102,7.804437637329102,7.804437637329102,0
2017-11-02,7.819826126098633,7.819826126098633,7.819826126098633,7.819826126098633,0
2017-11-03,7.819826126098633,7.819826126098633,7.819826126098633,7.819826126098633,0
2017-11-06,7.827531814575195,7.827531814575196,7.827531814575196,7.827531814575196,0
2017-11-07,7.827531814575195,7.827531814575196,7.827531814575196,7.827531814575196,0
2017-11-08,7.819826126098633,7.819826126098633,7.819826126098633,7.819826126098633,0
2017-11-09,7.812134265899658,7.812134265899658,7.812134265899658,7.812134265899658,0
2017-11-10,7.78904390335083,7.78904390335083,7.78904390335083,7.78904390335083,0
2017-11-13,7.78904390335083,7.78904390335083,7.78904390335083,7.78904390335083,0
2017-11-14,7.796743869781494,7.796743869781495,7.796743869781495,7.796743869781495,0
2017-11-15,7.812134265899658,7.812134265899658,7.812134265899658,7.812134265899658,0
2017-11-16,7.804437637329102,7.804437637329102,7.804437637329102,7.804437637329102,0
2017-11-17,7.804437637329102,7.804437637329102,7.804437637329102,7.804437637329102,0
2017-11-20,7.796743869781494,7.796743869781495,7.796743869781495,7.796743869781495,0
2017-11-21,7.804437637329102,7.804437637329102,7.804437637329102,7.804437637329102,0
2017-11-22,7.827531814575195,7.827531814575196,7.827531814575196,7.827531814575196,0
2017-11-24,7.819826126098633,7.819826126098633,7.819826126098633,7.819826126098633,0
2017-11-27,7.827531814575195,7.827531814575196,7.827531814575196,7.827531814575196,0
2017-11-28,7.819826126098633,7.819826126098633,7.819826126098633,7.819826126098633,0
2017-11-29,7.804437637329102,7.804437637329102,7.804437637329102,7.804437637329102,0
2017-11-30,7.796722888946533,7.796722888946533,7.796722888946533,7.796722888946533,0
2017-12-01,7.819860935211182,7.819860935211182,7.819860935211182,7.819860935211182,0
2017-12-04,7.812151908874512,7.812151908874513,7.812151908874513,7.812151908874513,0
2017-12-05,7.819860935211182,7.819860935211182,7.819860935211182,7.819860935211182,0
2017-12-06,7.835279941558838,7.835279941558839,7.835279941558839,7.835279941558839,0
2017-12-07,7.812151908874512,7.812151908874513,7.812151908874513,7.812151908874513,0
2017-12-08,7.812151908874512,7.812151908874513,7.812151908874513,7.812151908874513,0
2017-12-11,7.812151908874512,7.812151908874513,7.812151908874513,7.812151908874513,0
2017-12-12,7.812151908874512,7.812151908874513,7.812151908874513,7.812151908874513,0
2017-12-13,7.835279941558838,7.835279941558839,7.835279941558839,7.835279941558839,0
2017-12-14,7.835279941558838,7.835279941558839,7.835279941558839,7.835279941558839,0
2017-12-15,7.834514617919922,7.834514617919923,7.834514617919923,7.834514617919923,0
2017-12-18,7.826785564422607,7.826785564422607,7.826785564422607,7.826785564422607,0
2017-12-19,7.795881271362305,7.795881271362304,7.795881271362304,7.795881271362304,0
2017-12-20,7.780427932739258,7.780427932739258,7.780427932739258,7.780427932739258,0
2017-12-21,7.788149833679199,7.788149833679199,7.788149833679199,7.788149833679199,0
2017-12-22,7.788149833679199,7.788149833679199,7.788149833679199,7.788149833679199,0
2017-12-26,7.803609848022461,7.803609848022461,7.803609848022461,7.803609848022461,0
2017-12-27,7.826785564422607,7.826785564422607,7.826785564422607,7.826785564422607,0
2017-12-28,7.819065570831299,7.819065570831298,7.819065570831298,7.819065570831298,0
2017-12-29,7.826785564422607,7.826785564422607,7.826785564422607,7.826785564422607,0
2018-01-02,7.803609848022461,7.803609848022461,7.803609848022461,7.803609848022461,0
2018-01-03,7.819065570831299,7.819065570831298,7.819065570831298,7.819065570831298,0
2018-01-04,7.8113322257995605,7.8113322257995605,7.8113322257995605,7.8113322257995605,0
2018-01-05,7.803609848022461,7.803609848022461,7.803609848022461,7.803609848022461,0
2018-01-08,7.803609848022461,7.803609848022461,7.803609848022461,7.803609848022461,0
2018-01-09,7.780427932739258,7.780427932739258,7.780427932739258,7.780427932739258,0
2018-01-10,7.780427932739258,7.780427932739258,7.780427932739258,7.780427932739258,0
2018-01-11,7.795881271362305,7.795881271362304,7.795881271362304,7.795881271362304,0
2018-01-12,7.788149833679199,7.788149833679199,7.788149833679199,7.788149833679199,0
2018-01-16,7.795881271362305,7.795881271362304,7.795881271362304,7.795881271362304,0
2018-01-17,7.780427932739258,7.780427932739258,7.780427932739258,7.780427932739258,0
2018-01-18,7.764979362487793,7.764979362487793,7.764979362487793,7.764979362487793,0
2018-01-19,7.757254123687744,7.757254123687744,7.757254123687744,7.757254123687744,0
2018-01-22,7.7495222091674805,7.7495222091674805,7.7495222091674805,7.7495222091674805,0
2018-01-23,7.764979362487793,7.764979362487793,7.764979362487793,7.764979362487793,0
2018-01-24,7.7495222091674805,7.7495222091674805,7.7495222091674805,7.7495222091674805,0
2018-01-25,7.772705078125,7.772705078125,7.772705078125,7.772705078125,0
2018-01-26,7.757254123687744,7.757254123687744,7.757254123687744,7.757254123687744,0
2018-01-29,7.741796016693115,7.741796016693115,7.741796016693115,7.741796016693115,0
2018-01-30,7.734069347381592,7.734069347381593,7.734069347381593,7.734069347381593,0
2018-01-31,7.734846591949463,7.734846591949462,7.734846591949462,7.734846591949462,0
2018-02-01,7.719362258911133,7.719362258911133,7.719362258911133,7.719362258911133,0
2018-02-02,7.68839168548584,7.688391685485841,7.688391685485841,7.688391685485841,0
2018-02-05,7.711616516113281,7.711616516113281,7.711616516113281,7.711616516113281,0
2018-02-06,7.711616516113281,7.711616516113281,7.711616516113281,7.711616516113281,0
2018-02-07,7.68839168548584,7.688391685485841,7.688391685485841,7.688391685485841,0
2018-02-08,7.672905445098877,7.672905445098877,7.672905445098877,7.672905445098877,0
2018-02-09,7.6806440353393555,7.680644035339355,7.680644035339355,7.680644035339355,0
2018-02-12,7.672905445098877,7.672905445098877,7.672905445098877,7.672905445098877,0
2018-02-13,7.672905445098877,7.672905445098877,7.672905445098877,7.672905445098877,0
2018-02-14,7.641934394836426,7.641934394836426,7.641934394836426,7.641934394836426,0
2018-02-15,7.649679660797119,7.649679660797119,7.649679660797119,7.649679660797119,0
2018-02-16,7.657421112060547,7.657421112060547,7.657421112060547,7.657421112060547,0
2018-02-20,7.657421112060547,7.657421112060547,7.657421112060547,7.657421112060547,0
2018-02-21,7.634186744689941,7.634186744689941,7.634186744689941,7.634186744689941,0
2018-02-22,7.641934394836426,7.641934394836426,7.641934394836426,7.641934394836426,0
2018-02-23,7.657421112060547,7.657421112060547,7.657421112060547,7.657421112060547,0
2018-02-26,7.665161609649658,7.665161609649659,7.665161609649659,7.665161609649659,0
2018-02-27,7.649679660797119,7.649679660797119,7.649679660797119,7.649679660797119,0
2018-02-28,7.665194988250732,7.665194988250732,7.665194988250732,7.665194988250732,0
2018-03-01,7.6807074546813965,7.6807074546813965,7.6807074546813965,7.6807074546813965,0
2018-03-02,7.657433032989502,7.657433032989502,7.657433032989502,7.657433032989502,0
2018-03-05,7.649678707122803,7.649678707122803,7.649678707122803,7.649678707122803,0
2018-03-06,7.657433032989502,7.657433032989502,7.657433032989502,7.657433032989502,0
2018-03-07,7.649678707122803,7.649678707122803,7.649678707122803,7.649678707122803,0
2018-03-08,7.657433032989502,7.657433032989502,7.657433032989502,7.657433032989502,0
2018-03-09,7.649678707122803,7.649678707122803,7.649678707122803,7.649678707122803,0
2018-03-12,7.665194988250732,7.665194988250732,7.665194988250732,7.665194988250732,0
2018-03-13,7.665194988250732,7.665194988250732,7.665194988250732,7.665194988250732,0
2018-03-14,7.6807074546813965,7.6807074546813965,7.6807074546813965,7.6807074546813965,0
2018-03-15,7.67294979095459,7.67294979095459,7.67294979095459,7.67294979095459,0
2018-03-16,7.665194988250732,7.665194988250732,7.665194988250732,7.665194988250732,0
2018-03-19,7.67294979095459,7.67294979095459,7.67294979095459,7.67294979095459,0
2018-03-20,7.657433032989502,7.657433032989502,7.657433032989502,7.657433032989502,0
2018-03-21,7.6419196128845215,7.6419196128845215,7.6419196128845215,7.6419196128845215,0
2018-03-22,7.67294979095459,7.67294979095459,7.67294979095459,7.67294979095459,0
2018-03-23,7.67294979095459,7.67294979095459,7.67294979095459,7.67294979095459,0
2018-03-26,7.665194988250732,7.665194988250732,7.665194988250732,7.665194988250732,0
2018-03-27,7.688462734222412,7.688462734222412,7.688462734222412,7.688462734222412,0
2018-03-28,7.696225166320801,7.696225166320802,7.696225166320802,7.696225166320802,0
2018-03-29,7.712553977966309,7.712553977966309,7.712553977966309,7.712553977966309,0
2018-04-02,7.712553977966309,7.712553977966309,7.712553977966309,7.712553977966309,0
2018-04-03,7.69700288772583,7.69700288772583,7.69700288772583,7.69700288772583,0
2018-04-04,7.69700288772583,7.69700288772583,7.69700288772583,7.69700288772583,0
2018-04-05,7.68145227432251,7.68145227432251,7.68145227432251,7.68145227432251,0
2018-04-06,7.704776287078857,7.704776287078857,7.704776287078857,7.704776287078857,0
2018-04-09,7.704776287078857,7.704776287078857,7.704776287078857,7.704776287078857,0
2018-04-10,7.704776287078857,7.704776287078857,7.704776287078857,7.704776287078857,0
2018-04-11,7.704776287078857,7.704776287078857,7.704776287078857,7.704776287078857,0
2018-04-12,7.689234256744385,7.689234256744385,7.689234256744385,7.689234256744385,0
2018-04-13,7.69700288772583,7.69700288772583,7.69700288772583,7.69700288772583,0
2018-04-16,7.69700288772583,7.69700288772583,7.69700288772583,7.69700288772583,0
2018-04-17,7.704776287078857,7.704776287078857,7.704776287078857,7.704776287078857,0
2018-04-18,7.68145227432251,7.68145227432251,7.68145227432251,7.68145227432251,0
2018-04-19,7.658127784729004,7.658127784729004,7.658127784729004,7.658127784729004,0
2018-04-20,7.642578125,7.642578125,7.642578125,7.642578125,0
2018-04-23,7.634803771972656,7.634803771972657,7.634803771972657,7.634803771972657,0
2018-04-24,7.634803771972656,7.634803771972657,7.634803771972657,7.634803771972657,0
2018-04-25,7.619262218475342,7.619262218475342,7.619262218475342,7.619262218475342,0
2018-04-26,7.627030372619629,7.627030372619629,7.627030372619629,7.627030372619629,0
2018-04-27,7.642578125,7.642578125,7.642578125,7.642578125,0
2018-04-30,7.651148796081543,7.651148796081543,7.651148796081543,7.651148796081543,0
2018-05-01,7.635573387145996,7.635573387145997,7.635573387145997,7.635573387145997,0
2018-05-02,7.635573387145996,7.635573387145997,7.635573387145997,7.635573387145997,0
2018-05-03,7.643359661102295,7.643359661102295,7.643359661102295,7.643359661102295,0
2018-05-04,7.643359661102295,7.643359661102295,7.643359661102295,7.643359661102295,0
2018-05-07,7.643359661102295,7.643359661102295,7.643359661102295,7.643359661102295,0
2018-05-08,7.635573387145996,7.635573387145997,7.635573387145997,7.635573387145997,0
2018-05-09,7.6277756690979,7.627775669097901,7.627775669097901,7.627775669097901,0
2018-05-10,7.643359661102295,7.643359661102295,7.643359661102295,7.643359661102295,0
2018-05-11,7.643359661102295,7.643359661102295,7.643359661102295,7.643359661102295,0
2018-05-14,7.643359661102295,7.643359661102295,7.643359661102295,7.643359661102295,0
2018-05-15,7.604406356811523,7.604406356811523,7.604406356811523,7.604406356811523,0
2018-05-16,7.596610069274902,7.596610069274902,7.596610069274902,7.596610069274902,0
2018-05-17,7.596610069274902,7.596610069274902,7.596610069274902,7.596610069274902,0
2018-05-18,7.612190246582031,7.612190246582031,7.612190246582031,7.612190246582031,0
2018-05-21,7.612190246582031,7.612190246582031,7.612190246582031,7.612190246582031,0
2018-05-22,7.612190246582031,7.612190246582031,7.612190246582031,7.612190246582031,0
2018-05-23,7.635573387145996,7.635573387145997,7.635573387145997,7.635573387145997,0
2018-05-24,7.651148796081543,7.651148796081543,7.651148796081543,7.651148796081543,0
2018-05-25,7.666733264923096,7.666733264923096,7.666733264923096,7.666733264923096,0
2018-05-29,7.72906494140625,7.72906494140625,7.72906494140625,7.72906494140625,0
2018-05-30,7.697897911071777,7.697897911071777,7.697897911071777,7.697897911071777,0
2018-05-31,7.7080559730529785,7.7080559730529785,7.7080559730529785,7.7080559730529785,0
2018-06-01,7.676814079284668,7.676814079284668,7.676814079284668,7.676814079284668,0
2018-06-04,7.66900110244751,7.66900110244751,7.66900110244751,7.66900110244751,0
2018-06-05,7.66900110244751,7.66900110244751,7.66900110244751,7.66900110244751,0
2018-06-06,7.645573139190674,7.645573139190674,7.645573139190674,7.645573139190674,0
2018-06-07,7.661195278167725,7.661195278167725,7.661195278167725,7.661195278167725,0
2018-06-08,7.661195278167725,7.661195278167725,7.661195278167725,7.661195278167725,0
2018-06-11,7.653388500213623,7.653388500213623,7.653388500213623,7.653388500213623,0
2018-06-12,7.653388500213623,7.653388500213623,7.653388500213623,7.653388500213623,0
2018-06-13,7.645573139190674,7.645573139190674,7.645573139190674,7.645573139190674,0
2018-06-14,7.661195278167725,7.661195278167725,7.661195278167725,7.661195278167725,0
2018-06-15,7.66900110244751,7.66900110244751,7.66900110244751,7.66900110244751,0
2018-06-18,7.66900110244751,7.66900110244751,7.66900110244751,7.66900110244751,0
2018-06-19,7.676814079284668,7.676814079284668,7.676814079284668,7.676814079284668,0
2018-06-20,7.66900110244751,7.66900110244751,7.66900110244751,7.66900110244751,0
2018-06-21,7.676814079284668,7.676814079284668,7.676814079284668,7.676814079284668,0
2018-06-22,7.66900110244751,7.66900110244751,7.66900110244751,7.66900110244751,0
2018-06-25,7.676814079284668,7.676814079284668,7.676814079284668,7.676814079284668,0
2018-06-26,7.676814079284668,7.676814079284668,7.676814079284668,7.676814079284668,0
2018-06-27,7.700239181518555,7.700239181518555,7.700239181518555,7.700239181518555,0
2018-06-28,7.692431926727295,7.692431926727295,7.692431926727295,7.692431926727295,0
2018-06-29,7.693213939666748,7.693213939666747,7.693213939666747,7.693213939666747,0
2018-07-02,7.693213939666748,7.693213939666747,7.693213939666747,7.693213939666747,0
2018-07-03,7.701042652130127,7.701042652130128,7.701042652130128,7.701042652130128,0
2018-07-05,7.70886754989624,7.70886754989624,7.70886754989624,7.70886754989624,0
2018-07-06,7.71669340133667,7.71669340133667,7.71669340133667,7.71669340133667,0
2018-07-09,7.70886754989624,7.70886754989624,7.70886754989624,7.70886754989624,0
2018-07-10,7.70886754989624,7.70886754989624,7.70886754989624,7.70886754989624,0
2018-07-11,7.71669340133667,7.71669340133667,7.71669340133667,7.71669340133667,0
2018-07-12,7.71669340133667,7.71669340133667,7.71669340133667,7.71669340133667,0
2018-07-13,7.7245259284973145,7.7245259284973145,7.7245259284973145,7.7245259284973145,0
2018-07-16,7.71669340133667,7.71669340133667,7.71669340133667,7.71669340133667,0
2018-07-17,7.71669340133667,7.71669340133667,7.71669340133667,7.71669340133667,0
2018-07-18,7.71669340133667,7.71669340133667,7.71669340133667,7.71669340133667,0
2018-07-19,7.7245259284973145,7.7245259284973145,7.7245259284973145,7.7245259284973145,0
2018-07-20,7.70886754989624,7.70886754989624,7.70886754989624,7.70886754989624,0
2018-07-23,7.67756462097168,7.67756462097168,7.67756462097168,7.67756462097168,0
2018-07-24,7.693213939666748,7.693213939666747,7.693213939666747,7.693213939666747,0
2018-07-25,7.701042652130127,7.701042652130128,7.701042652130128,7.701042652130128,0
2018-07-26,7.6853861808776855,7.6853861808776855,7.6853861808776855,7.6853861808776855,0
2018-07-27,7.693213939666748,7.693213939666747,7.693213939666747,7.693213939666747,0
2018-07-30,7.693213939666748,7.693213939666747,7.693213939666747,7.693213939666747,0
2018-07-31,7.69556999206543,7.695569992065431,7.695569992065431,7.695569992065431,0
2018-08-01,7.687727928161621,7.687727928161621,7.687727928161621,7.687727928161621,0
2018-08-02,7.687727928161621,7.687727928161621,7.687727928161621,7.687727928161621,0
2018-08-03,7.703410625457764,7.703410625457764,7.703410625457764,7.703410625457764,0
2018-08-06,7.711257457733154,7.711257457733154,7.711257457733154,7.711257457733154,0
2018-08-07,7.703410625457764,7.703410625457764,7.703410625457764,7.703410625457764,0
2018-08-08,7.703410625457764,7.703410625457764,7.703410625457764,7.703410625457764,0
2018-08-09,7.711257457733154,7.711257457733154,7.711257457733154,7.711257457733154,0
2018-08-10,7.742642402648926,7.742642402648926,7.742642402648926,7.742642402648926,0
2018-08-13,7.7269463539123535,7.7269463539123535,7.7269463539123535,7.7269463539123535,0
2018-08-14,7.7269463539123535,7.7269463539123535,7.7269463539123535,7.7269463539123535,0
2018-08-15,7.742642402648926,7.742642402648926,7.742642402648926,7.742642402648926,0
2018-08-16,7.7347917556762695,7.73479175567627,7.73479175567627,7.73479175567627,0
2018-08-17,7.7347917556762695,7.73479175567627,7.73479175567627,7.73479175567627,0
2018-08-20,7.758326530456543,7.758326530456543,7.758326530456543,7.758326530456543,0
2018-08-21,7.750478267669678,7.750478267669679,7.750478267669679,7.750478267669679,0
2018-08-22,7.758326530456543,7.758326530456543,7.758326530456543,7.758326530456543,0
2018-08-23,7.758326530456543,7.758326530456543,7.758326530456543,7.758326530456543,0
2018-08-24,7.758326530456543,7.758326530456543,7.758326530456543,7.758326530456543,0
2018-08-27,7.750478267669678,7.750478267669679,7.750478267669679,7.750478267669679,0
2018-08-28,7.7347917556762695,7.73479175567627,7.73479175567627,7.73479175567627,0
2018-08-29,7.7347917556762695,7.73479175567627,7.73479175567627,7.73479175567627,0
2018-08-30,7.742642402648926,7.742642402648926,7.742642402648926,7.742642402648926,0
2018-08-31,7.744209289550781,7.744209289550781,7.744209289550781,7.744209289550781,0
2018-09-04,7.728484153747559,7.728484153747559,7.728484153747559,7.728484153747559,0
2018-09-05,7.728484153747559,7.728484153747559,7.728484153747559,7.728484153747559,0
2018-09-06,7.736346244812012,7.736346244812012,7.736346244812012,7.736346244812012,0
2018-09-07,7.712760925292969,7.712760925292968,7.712760925292968,7.712760925292968,0
2018-09-10,7.720622539520264,7.720622539520264,7.720622539520264,7.720622539520264,0
2018-09-11,7.70490026473999,7.70490026473999,7.70490026473999,7.70490026473999,0
2018-09-12,7.712760925292969,7.712760925292968,7.712760925292968,7.712760925292968,0
2018-09-13,7.712760925292969,7.712760925292968,7.712760925292968,7.712760925292968,0
2018-09-14,7.70490026473999,7.70490026473999,7.70490026473999,7.70490026473999,0
2018-09-17,7.70490026473999,7.70490026473999,7.70490026473999,7.70490026473999,0
2018-09-18,7.681311130523682,7.681311130523682,7.681311130523682,7.681311130523682,0
2018-09-19,7.6734538078308105,7.673453807830811,7.673453807830811,7.673453807830811,0
2018-09-20,7.681311130523682,7.681311130523682,7.681311130523682,7.681311130523682,0
2018-09-21,7.681311130523682,7.681311130523682,7.681311130523682,7.681311130523682,0
2018-09-24,7.681311130523682,7.681311130523682,7.681311130523682,7.681311130523682,0
2018-09-25,7.6734538078308105,7.673453807830811,7.673453807830811,7.673453807830811,0
2018-09-26,7.6891770362854,7.6891770362854,7.6891770362854,7.6891770362854,0
2018-09-27,7.6970295906066895,7.6970295906066895,7.6970295906066895,7.6970295906066895,0
2018-09-28,7.697822093963623,7.697822093963622,7.697822093963622,7.697822093963622,0
2018-10-01,7.689949989318848,7.6899499893188485,7.6899499893188485,7.6899499893188485,0
2018-10-02,7.697822093963623,7.697822093963622,7.697822093963622,7.697822093963622,0
2018-10-03,7.6584296226501465,7.658429622650146,7.658429622650146,7.658429622650146,0
2018-10-04,7.642667293548584,7.642667293548584,7.642667293548584,7.642667293548584,0
2018-10-05,7.626911163330078,7.626911163330078,7.626911163330078,7.626911163330078,0
2018-10-08,7.626911163330078,7.626911163330078,7.626911163330078,7.626911163330078,0
2018-10-09,7.634792804718018,7.634792804718018,7.634792804718018,7.634792804718018,0
2018-10-10,7.626911163330078,7.626911163330078,7.626911163330078,7.626911163330078,0
2018-10-11,7.6584296226501465,7.658429622650146,7.658429622650146,7.658429622650146,0
2018-10-12,7.6584296226501465,7.658429622650146,7.658429622650146,7.658429622650146,0
2018-10-15,7.650548934936523,7.650548934936524,7.650548934936524,7.650548934936524,0
2018-10-16,7.650548934936523,7.650548934936524,7.650548934936524,7.650548934936524,0
2018-10-17,7.642667293548584,7.642667293548584,7.642667293548584,7.642667293548584,0
2018-10-18,7.642667293548584,7.642667293548584,7.642667293548584,7.642667293548584,0
2018-10-19,7.626911163330078,7.626911163330078,7.626911163330078,7.626911163330078,0
2018-10-22,7.634792804718018,7.634792804718018,7.634792804718018,7.634792804718018,0
2018-10-23,7.642667293548584,7.642667293548584,7.642667293548584,7.642667293548584,0
2018-10-24,7.6584296226501465,7.658429622650146,7.658429622650146,7.658429622650146,0
2018-10-25,7.650548934936523,7.650548934936524,7.650548934936524,7.650548934936524,0
2018-10-26,7.666306018829346,7.666306018829346,7.666306018829346,7.666306018829346,0
2018-10-29,7.666306018829346,7.666306018829346,7.666306018829346,7.666306018829346,0
2018-10-30,7.650548934936523,7.650548934936524,7.650548934936524,7.650548934936524,0
2018-10-31,7.638697624206543,7.638697624206543,7.638697624206543,7.638697624206543,0
2018-11-01,7.638697624206543,7.638697624206543,7.638697624206543,7.638697624206543,0
2018-11-02,7.614997386932373,7.614997386932373,7.614997386932373,7.614997386932373,0
2018-11-05,7.622905254364014,7.622905254364013,7.622905254364013,7.622905254364013,0
2018-11-06,7.622905254364014,7.622905254364013,7.622905254364013,7.622905254364013,0
2018-11-07,7.63080358505249,7.630803585052489,7.630803585052489,7.630803585052489,0
2018-11-08,7.614997386932373,7.614997386932373,7.614997386932373,7.614997386932373,0
2018-11-09,7.63080358505249,7.630803585052489,7.630803585052489,7.630803585052489,0
2018-11-12,7.63080358505249,7.630803585052489,7.630803585052489,7.630803585052489,0
2018-11-13,7.646599292755127,7.646599292755127,7.646599292755127,7.646599292755127,0
2018-11-14,7.654501438140869,7.654501438140869,7.654501438140869,7.654501438140869,0
2018-11-15,7.646599292755127,7.646599292755127,7.646599292755127,7.646599292755127,0
2018-11-16,7.670295715332031,7.670295715332031,7.670295715332031,7.670295715332031,0
2018-11-19,7.670295715332031,7.670295715332031,7.670295715332031,7.670295715332031,0
2018-11-20,7.670295715332031,7.670295715332031,7.670295715332031,7.670295715332031,0
2018-11-21,7.662397384643555,7.662397384643555,7.662397384643555,7.662397384643555,0
2018-11-23,7.670295715332031,7.670295715332031,7.670295715332031,7.670295715332031,0
2018-11-26,7.662397384643555,7.662397384643555,7.662397384643555,7.662397384643555,0
2018-11-27,7.670295715332031,7.670295715332031,7.670295715332031,7.670295715332031,0
2018-11-28,7.678201675415039,7.678201675415039,7.678201675415039,7.678201675415039,0
2018-11-29,7.678201675415039,7.678201675415039,7.678201675415039,7.678201675415039,0
2018-11-30,7.680570602416992,7.680570602416991,7.680570602416991,7.680570602416991,0
2018-12-03,7.696413040161133,7.696413040161133,7.696413040161133,7.696413040161133,0
2018-12-04,7.720162868499756,7.720162868499756,7.720162868499756,7.720162868499756,0
2018-12-06,7.728085994720459,7.728085994720459,7.728085994720459,7.728085994720459,0
2018-12-07,7.743919372558594,7.743919372558593,7.743919372558593,7.743919372558593,0
2018-12-10,7.743919372558594,7.743919372558593,7.743919372558593,7.743919372558593,0
2018-12-11,7.743919372558594,7.743919372558593,7.743919372558593,7.743919372558593,0
2018-12-12,7.735997200012207,7.735997200012206,7.735997200012206,7.735997200012206,0
2018-12-13,7.735997200012207,7.735997200012206,7.735997200012206,7.735997200012206,0
2018-12-14,7.74870491027832,7.748704910278319,7.748704910278319,7.748704910278319,0
2018-12-17,7.764585018157959,7.764585018157959,7.764585018157959,7.764585018157959,0
2018-12-18,7.780462741851807,7.780462741851806,7.780462741851806,7.780462741851806,0
2018-12-19,7.804276943206787,7.804276943206787,7.804276943206787,7.804276943206787,0
2018-12-20,7.788397312164307,7.788397312164307,7.788397312164307,7.788397312164307,0
2018-12-21,7.788397312164307,7.788397312164307,7.788397312164307,7.788397312164307,0
2018-12-24,7.804276943206787,7.804276943206787,7.804276943206787,7.804276943206787,0
2018-12-26,7.780462741851807,7.780462741851806,7.780462741851806,7.780462741851806,0
2018-12-27,7.804276943206787,7.804276943206787,7.804276943206787,7.804276943206787,0
2018-12-28,7.804276943206787,7.804276943206787,7.804276943206787,7.804276943206787,0
2018-12-31,7.820155620574951,7.820155620574951,7.820155620574951,7.820155620574951,0
2019-01-02,7.828095436096191,7.828095436096191,7.828095436096191,7.828095436096191,0
2019-01-03,7.875729084014893,7.875729084014893,7.875729084014893,7.875729084014893,0
2019-01-04,7.836037635803223,7.836037635803223,7.836037635803223,7.836037635803223,0
2019-01-07,7.836037635803223,7.836037635803223,7.836037635803223,7.836037635803223,0
2019-01-08,7.828095436096191,7.828095436096191,7.828095436096191,7.828095436096191,0
2019-01-09,7.828095436096191,7.828095436096191,7.828095436096191,7.828095436096191,0
2019-01-10,7.820155620574951,7.820155620574951,7.820155620574951,7.820155620574951,0
2019-01-11,7.836037635803223,7.836037635803223,7.836037635803223,7.836037635803223,0
2019-01-14,7.828095436096191,7.828095436096191,7.828095436096191,7.828095436096191,0
2019-01-15,7.828095436096191,7.828095436096191,7.828095436096191,7.828095436096191,0
2019-01-16,7.828095436096191,7.828095436096191,7.828095436096191,7.828095436096191,0
2019-01-17,7.828095436096191,7.828095436096191,7.828095436096191,7.828095436096191,0
2019-01-18,7.820155620574951,7.820155620574951,7.820155620574951,7.820155620574951,0
2019-01-22,7.8439741134643555,7.8439741134643555,7.8439741134643555,7.8439741134643555,0
2019-01-23,7.836037635803223,7.836037635803223,7.836037635803223,7.836037635803223,0
2019-01-24,7.851912021636963,7.851912021636963,7.851912021636963,7.851912021636963,0
2019-01-25,7.8439741134643555,7.8439741134643555,7.8439741134643555,7.8439741134643555,0
2019-01-28,7.851912021636963,7.851912021636963,7.851912021636963,7.851912021636963,0
2019-01-29,7.8598504066467285,7.859850406646729,7.859850406646729,7.859850406646729,0
2019-01-30,7.875729084014893,7.875729084014893,7.875729084014893,7.875729084014893,0
2019-01-31,7.903584957122803,7.903584957122804,7.903584957122804,7.903584957122804,0
2019-02-01,7.887670993804932,7.887670993804932,7.887670993804932,7.887670993804932,0
2019-02-04,7.879711151123047,7.879711151123047,7.879711151123047,7.879711151123047,0
2019-02-05,7.89562463760376,7.895624637603761,7.895624637603761,7.895624637603761,0
2019-02-06,7.89562463760376,7.895624637603761,7.895624637603761,7.895624637603761,0
2019-02-07,7.911548137664795,7.911548137664796,7.911548137664796,7.911548137664796,0
2019-02-08,7.9195051193237305,7.9195051193237305,7.9195051193237305,7.9195051193237305,0
2019-02-11,7.911548137664795,7.911548137664796,7.911548137664796,7.911548137664796,0
2019-02-12,7.903584957122803,7.903584957122804,7.903584957122804,7.903584957122804,0
2019-02-13,7.89562463760376,7.895624637603761,7.895624637603761,7.895624637603761,0
2019-02-14,7.911548137664795,7.911548137664796,7.911548137664796,7.911548137664796,0
2019-02-15,7.911548137664795,7.911548137664796,7.911548137664796,7.911548137664796,0
2019-02-19,7.9195051193237305,7.9195051193237305,7.9195051193237305,7.9195051193237305,0
2019-02-20,7.9195051193237305,7.9195051193237305,7.9195051193237305,7.9195051193237305,0
2019-02-21,7.903584957122803,7.903584957122804,7.903584957122804,7.903584957122804,0
2019-02-22,7.9195051193237305,7.9195051193237305,7.9195051193237305,7.9195051193237305,0
2019-02-25,7.911548137664795,7.911548137664796,7.911548137664796,7.911548137664796,0
2019-02-26,7.927466869354248,7.927466869354248,7.927466869354248,7.927466869354248,0
2019-02-27,7.911548137664795,7.911548137664796,7.911548137664796,7.911548137664796,0
2019-02-28,7.898777008056641,7.898777008056641,7.898777008056641,7.898777008056641,0
2019-03-01,7.882824420928955,7.882824420928955,7.882824420928955,7.882824420928955,0
2019-03-04,7.898777008056641,7.898777008056641,7.898777008056641,7.898777008056641,0
2019-03-05,7.898777008056641,7.898777008056641,7.898777008056641,7.898777008056641,0
2019-03-06,7.914738178253174,7.914738178253174,7.914738178253174,7.914738178253174,0
2019-03-07,7.938673973083496,7.938673973083496,7.938673973083496,7.938673973083496,0
2019-03-08,7.938673973083496,7.938673973083496,7.938673973083496,7.938673973083496,0
2019-03-11,7.938673973083496,7.938673973083496,7.938673973083496,7.938673973083496,0
2019-03-12,7.954629898071289,7.95462989807129,7.95462989807129,7.95462989807129,0
2019-03-13,7.954629898071289,7.95462989807129,7.95462989807129,7.95462989807129,0
2019-03-14,7.94665002822876,7.94665002822876,7.94665002822876,7.94665002822876,0
2019-03-15,7.954629898071289,7.95462989807129,7.95462989807129,7.95462989807129,0
2019-03-18,7.962607383728027,7.962607383728027,7.962607383728027,7.962607383728027,0
2019-03-19,7.954629898071289,7.95462989807129,7.95462989807129,7.95462989807129,0
2019-03-20,7.986541748046875,7.986541748046875,7.986541748046875,7.986541748046875,0
2019-03-21,7.994521141052246,7.994521141052246,7.994521141052246,7.994521141052246,0
2019-03-22,8.02643871307373,8.02643871307373,8.02643871307373,8.02643871307373,0
2019-03-25,8.042394638061523,8.042394638061523,8.042394638061523,8.042394638061523,0
2019-03-26,8.050378799438477,8.050378799438477,8.050378799438477,8.050378799438477,0
2019-03-27,8.066333770751953,8.066333770751953,8.066333770751953,8.066333770751953,0
2019-03-28,8.060733795166016,8.060733795166016,8.060733795166016,8.060733795166016,0
2019-03-29,8.05273723602295,8.05273723602295,8.05273723602295,8.05273723602295,0
2019-04-01,8.02874755859375,8.02874755859375,8.02874755859375,8.02874755859375,0
2019-04-02,8.02874755859375,8.02874755859375,8.02874755859375,8.02874755859375,0
2019-04-03,8.02074909210205,8.02074909210205,8.02074909210205,8.02074909210205,0
2019-04-04,8.02074909210205,8.02074909210205,8.02074909210205,8.02074909210205,0
2019-04-05,8.02874755859375,8.02874755859375,8.02874755859375,8.02874755859375,0
2019-04-08,8.02874755859375,8.02874755859375,8.02874755859375,8.02874755859375,0
2019-04-09,8.036744117736816,8.036744117736816,8.036744117736816,8.036744117736816,0
2019-04-10,8.044736862182617,8.044736862182617,8.044736862182617,8.044736862182617,0
2019-04-11,8.036744117736816,8.036744117736816,8.036744117736816,8.036744117736816,0
2019-04-12,8.02074909210205,8.02074909210205,8.02074909210205,8.02074909210205,0
2019-04-15,8.02074909210205,8.02074909210205,8.02074909210205,8.02074909210205,0
2019-04-16,8.012750625610352,8.012750625610352,8.012750625610352,8.012750625610352,0
2019-04-17,8.012750625610352,8.012750625610352,8.012750625610352,8.012750625610352,0
2019-04-18,8.02874755859375,8.02874755859375,8.02874755859375,8.02874755859375,0
2019-04-22,8.012750625610352,8.012750625610352,8.012750625610352,8.012750625610352,0
2019-04-23,8.02074909210205,8.02074909210205,8.02074909210205,8.02074909210205,0
2019-04-24,8.044736862182617,8.044736862182617,8.044736862182617,8.044736862182617,0
2019-04-25,8.036744117736816,8.036744117736816,8.036744117736816,8.036744117736816,0
2019-04-26,8.05273723602295,8.05273723602295,8.05273723602295,8.05273723602295,0
2019-04-29,8.044736862182617,8.044736862182617,8.044736862182617,8.044736862182617,0
2019-04-30,8.050353050231934,8.050353050231934,8.050353050231934,8.050353050231934,0
2019-05-01,8.058370590209961,8.058370590209961,8.058370590209961,8.058370590209961,0
2019-05-02,8.04233455657959,8.04233455657959,8.04233455657959,8.04233455657959,0
2019-05-03,8.050353050231934,8.050353050231934,8.050353050231934,8.050353050231934,0
2019-05-06,8.058370590209961,8.058370590209961,8.058370590209961,8.058370590209961,0
2019-05-07,8.074410438537598,8.074410438537598,8.074410438537598,8.074410438537598,0
2019-05-08,8.066390037536621,8.066390037536621,8.066390037536621,8.066390037536621,0
2019-05-09,8.074410438537598,8.074410438537598,8.074410438537598,8.074410438537598,0
2019-05-10,8.074410438537598,8.074410438537598,8.074410438537598,8.074410438537598,0
2019-05-13,8.090442657470703,8.090442657470703,8.090442657470703,8.090442657470703,0
2019-05-14,8.090442657470703,8.090442657470703,8.090442657470703,8.090442657470703,0
2019-05-15,8.10648250579834,8.10648250579834,8.10648250579834,8.10648250579834,0
2019-05-16,8.090442657470703,8.090442657470703,8.090442657470703,8.090442657470703,0
2019-05-17,8.098468780517578,8.098468780517578,8.098468780517578,8.098468780517578,0
2019-05-20,8.090442657470703,8.090442657470703,8.090442657470703,8.090442657470703,0
2019-05-21,8.082427978515625,8.082427978515625,8.082427978515625,8.082427978515625,0
2019-05-22,8.098468780517578,8.098468780517578,8.098468780517578,8.098468780517578,0
2019-05-23,8.130533218383789,8.130533218383789,8.130533218383789,8.130533218383789,0
2019-05-24,8.122515678405762,8.122515678405762,8.122515678405762,8.122515678405762,0
2019-05-28,8.1385498046875,8.1385498046875,8.1385498046875,8.1385498046875,0
2019-05-29,8.154586791992188,8.154586791992188,8.154586791992188,8.154586791992188,0
2019-05-30,8.162611961364746,8.162611961364746,8.162611961364746,8.162611961364746,0
2019-05-31,8.1995849609375,8.1995849609375,8.1995849609375,8.1995849609375,0
2019-06-03,8.22370433807373,8.22370433807373,8.22370433807373,8.22370433807373,0
2019-06-04,8.207622528076172,8.207622528076172,8.207622528076172,8.207622528076172,0
2019-06-05,8.207622528076172,8.207622528076172,8.207622528076172,8.207622528076172,0
2019-06-06,8.207622528076172,8.207622528076172,8.207622528076172,8.207622528076172,0
2019-06-07,8.22370433807373,8.22370433807373,8.22370433807373,8.22370433807373,0
2019-06-10,8.207622528076172,8.207622528076172,8.207622528076172,8.207622528076172,0
2019-06-11,8.207622528076172,8.207622528076172,8.207622528076172,8.207622528076172,0
2019-06-12,8.215664863586426,8.215664863586426,8.215664863586426,8.215664863586426,0
2019-06-13,8.231745719909668,8.231745719909668,8.231745719909668,8.231745719909668,0
2019-06-14,8.22370433807373,8.22370433807373,8.22370433807373,8.22370433807373,0
2019-06-17,8.231745719909668,8.231745719909668,8.231745719909668,8.231745719909668,0
2019-06-18,8.247822761535645,8.247822761535645,8.247822761535645,8.247822761535645,0
2019-06-19,8.27193546295166,8.27193546295166,8.27193546295166,8.27193546295166,0
2019-06-20,8.28801441192627,8.28801441192627,8.28801441192627,8.28801441192627,0
2019-06-21,8.263895988464355,8.263895988464355,8.263895988464355,8.263895988464355,0
2019-06-24,8.28801441192627,8.28801441192627,8.28801441192627,8.28801441192627,0
2019-06-25,8.296056747436523,8.296056747436523,8.296056747436523,8.296056747436523,0
2019-06-26,8.27193546295166,8.27193546295166,8.27193546295166,8.27193546295166,0
2019-06-27,8.296056747436523,8.296056747436523,8.296056747436523,8.296056747436523,0
2019-06-28,8.298470497131348,8.298470497131348,8.298470497131348,8.298470497131348,0
2019-07-01,8.290414810180664,8.290414810180664,8.290414810180664,8.290414810180664,0
2019-07-02,8.314582824707031,8.314582824707031,8.314582824707031,8.314582824707031,0
2019-07-03,8.314582824707031,8.314582824707031,8.314582824707031,8.314582824707031,0
2019-07-05,8.290414810180664,8.290414810180664,8.290414810180664,8.290414810180664,0
2019-07-08,8.298470497131348,8.298470497131348,8.298470497131348,8.298470497131348,0
2019-07-09,8.290414810180664,8.290414810180664,8.290414810180664,8.290414810180664,0
2019-07-10,8.290414810180664,8.290414810180664,8.290414810180664,8.290414810180664,0
2019-07-11,8.266244888305664,8.266244888305664,8.266244888305664,8.266244888305664,0
2019-07-12,8.27430248260498,8.27430248260498,8.27430248260498,8.27430248260498,0
2019-07-15,8.282355308532715,8.282355308532715,8.282355308532715,8.282355308532715,0
2019-07-16,8.266244888305664,8.266244888305664,8.266244888305664,8.266244888305664,0
2019-07-17,8.290414810180664,8.290414810180664,8.290414810180664,8.290414810180664,0
2019-07-18,8.298470497131348,8.298470497131348,8.298470497131348,8.298470497131348,0
2019-07-19,8.298470497131348,8.298470497131348,8.298470497131348,8.298470497131348,0
2019-07-22,8.306528091430664,8.306528091430664,8.306528091430664,8.306528091430664,0
2019-07-23,8.298470497131348,8.298470497131348,8.298470497131348,8.298470497131348,0
2019-07-24,8.306528091430664,8.306528091430664,8.306528091430664,8.306528091430664,0
2019-07-25,8.298470497131348,8.298470497131348,8.298470497131348,8.298470497131348,0
2019-07-26,8.298470497131348,8.298470497131348,8.298470497131348,8.298470497131348,0
2019-07-29,8.314582824707031,8.314582824707031,8.314582824707031,8.314582824707031,0
2019-07-30,8.306528091430664,8.306528091430664,8.306528091430664,8.306528091430664,0
2019-07-31,8.320260047912598,8.320260047912598,8.320260047912598,8.320260047912598,0
2019-08-01,8.37680435180664,8.37680435180664,8.37680435180664,8.37680435180664,0
2019-08-02,8.384881973266602,8.384881973266602,8.384881973266602,8.384881973266602,0
2019-08-05,8.42526912689209,8.42526912689209,8.42526912689209,8.42526912689209,0
2019-08-06,8.42526912689209,8.42526912689209,8.42526912689209,8.42526912689209,0
2019-08-07,8.449507713317871,8.449507713317871,8.449507713317871,8.449507713317871,0
2019-08-08,8.433347702026367,8.433347702026367,8.433347702026367,8.433347702026367,0
2019-08-09,8.42526912689209,8.42526912689209,8.42526912689209,8.42526912689209,0
2019-08-12,8.42526912689209,8.42526912689209,8.42526912689209,8.42526912689209,0
2019-08-13,8.449507713317871,8.449507713317871,8.449507713317871,8.449507713317871,0
2019-08-14,8.481815338134766,8.481815338134766,8.481815338134766,8.481815338134766,0
2019-08-15,8.506050109863281,8.506050109863281,8.506050109863281,8.506050109863281,0
2019-08-16,8.506050109863281,8.506050109863281,8.506050109863281,8.506050109863281,0
2019-08-19,8.481815338134766,8.481815338134766,8.481815338134766,8.481815338134766,0
2019-08-20,8.497977256774902,8.497977256774902,8.497977256774902,8.497977256774902,0
2019-08-21,8.497977256774902,8.497977256774902,8.497977256774902,8.497977256774902,0
2019-08-22,8.481815338134766,8.481815338134766,8.481815338134766,8.481815338134766,0
2019-08-23,8.514134407043457,8.514134407043457,8.514134407043457,8.514134407043457,0
2019-08-26,8.506050109863281,8.506050109863281,8.506050109863281,8.506050109863281,0
2019-08-27,8.538368225097656,8.538368225097656,8.538368225097656,8.538368225097656,0
2019-08-28,8.54643726348877,8.54643726348877,8.54643726348877,8.54643726348877,0
2019-08-29,8.530284881591797,8.530284881591797,8.530284881591797,8.530284881591797,0
2019-08-30,8.533526420593262,8.533526420593262,8.533526420593262,8.533526420593262,0
2019-09-03,8.549715042114258,8.549715042114258,8.549715042114258,8.549715042114258,0
2019-09-04,8.557816505432129,8.557816505432129,8.557816505432129,8.557816505432129,0
2019-09-05,8.509237289428711,8.509237289428711,8.509237289428711,8.509237289428711,0
2019-09-06,8.52542781829834,8.52542781829834,8.52542781829834,8.52542781829834,0
2019-09-09,8.49303913116455,8.49303913116455,8.49303913116455,8.49303913116455,0
2019-09-10,8.452557563781738,8.452557563781738,8.452557563781738,8.452557563781738,0
2019-09-11,8.44446086883545,8.44446086883545,8.44446086883545,8.44446086883545,0
2019-09-12,8.420173645019531,8.420173645019531,8.420173645019531,8.420173645019531,0
2019-09-13,8.37968921661377,8.37968921661377,8.37968921661377,8.37968921661377,0
2019-09-16,8.403985023498535,8.403985023498535,8.403985023498535,8.403985023498535,0
2019-09-17,8.412076950073242,8.412076950073242,8.412076950073242,8.412076950073242,0
2019-09-18,8.42827033996582,8.42827033996582,8.42827033996582,8.42827033996582,0
2019-09-19,8.436368942260742,8.436368942260742,8.436368942260742,8.436368942260742,0
2019-09-20,8.452557563781738,8.452557563781738,8.452557563781738,8.452557563781738,0
2019-09-23,8.46875286102295,8.46875286102295,8.46875286102295,8.46875286102295,0
2019-09-24,8.501137733459473,8.501137733459473,8.501137733459473,8.501137733459473,0
2019-09-25,8.452557563781738,8.452557563781738,8.452557563781738,8.452557563781738,0
2019-09-26,8.476852416992188,8.476852416992188,8.476852416992188,8.476852416992188,0
2019-09-27,8.487395286560059,8.487395286560059,8.487395286560059,8.487395286560059,0
2019-09-30,8.487395286560059,8.487395286560059,8.487395286560059,8.487395286560059,0
2019-10-01,8.503623962402344,8.503623962402344,8.503623962402344,8.503623962402344,0
2019-10-02,8.511736869812012,8.511736869812012,8.511736869812012,8.511736869812012,0
2019-10-03,8.544198036193848,8.544198036193848,8.544198036193848,8.544198036193848,0
2019-10-04,8.552311897277832,8.552311897277832,8.552311897277832,8.552311897277832,0
2019-10-07,8.536086082458496,8.536086082458496,8.536086082458496,8.536086082458496,0
2019-10-08,8.536086082458496,8.536086082458496,8.536086082458496,8.536086082458496,0
2019-10-09,8.519851684570312,8.519851684570312,8.519851684570312,8.519851684570312,0
2019-10-10,8.495512962341309,8.495512962341309,8.495512962341309,8.495512962341309,0
2019-10-11,8.46304988861084,8.46304988861084,8.46304988861084,8.46304988861084,0
2019-10-14,8.46304988861084,8.46304988861084,8.46304988861084,8.46304988861084,0
2019-10-15,8.454940795898438,8.454940795898438,8.454940795898438,8.454940795898438,0
2019-10-16,8.47116470336914,8.47116470336914,8.47116470336914,8.47116470336914,0
2019-10-17,8.46304988861084,8.46304988861084,8.46304988861084,8.46304988861084,0
2019-10-18,8.47116470336914,8.47116470336914,8.47116470336914,8.47116470336914,0
2019-10-21,8.454940795898438,8.454940795898438,8.454940795898438,8.454940795898438,0
2019-10-22,8.47116470336914,8.47116470336914,8.47116470336914,8.47116470336914,0
2019-10-23,8.47116470336914,8.47116470336914,8.47116470336914,8.47116470336914,0
2019-10-24,8.47116470336914,8.47116470336914,8.47116470336914,8.47116470336914,0
2019-10-25,8.454940795898438,8.454940795898438,8.454940795898438,8.454940795898438,0
2019-10-28,8.43871021270752,8.43871021270752,8.43871021270752,8.43871021270752,0
2019-10-29,8.446824073791504,8.446824073791504,8.446824073791504,8.446824073791504,0
2019-10-30,8.46304988861084,8.46304988861084,8.46304988861084,8.46304988861084,0
2019-10-31,8.508607864379883,8.508607864379883,8.508607864379883,8.508607864379883,0
2019-11-01,8.500473022460938,8.500473022460938,8.500473022460938,8.500473022460938,0
2019-11-04,8.47607135772705,8.47607135772705,8.47607135772705,8.47607135772705,0
2019-11-05,8.451668739318848,8.451668739318848,8.451668739318848,8.451668739318848,0
2019-11-06,8.467935562133789,8.467935562133789,8.467935562133789,8.467935562133789,0
2019-11-07,8.427258491516113,8.427258491516113,8.427258491516113,8.427258491516113,0
2019-11-08,8.427258491516113,8.427258491516113,8.427258491516113,8.427258491516113,0
2019-11-11,8.427258491516113,8.427258491516113,8.427258491516113,8.427258491516113,0
2019-11-12,8.435399055480957,8.435399055480957,8.435399055480957,8.435399055480957,0
2019-11-13,8.451668739318848,8.451668739318848,8.451668739318848,8.451668739318848,0
2019-11-14,8.47607135772705,8.47607135772705,8.47607135772705,8.47607135772705,0
2019-11-15,8.467935562133789,8.467935562133789,8.467935562133789,8.467935562133789,0
2019-11-18,8.484201431274414,8.484201431274414,8.484201431274414,8.484201431274414,0
2019-11-19,8.492334365844727,8.492334365844727,8.492334365844727,8.492334365844727,0
2019-11-20,8.508607864379883,8.508607864379883,8.508607864379883,8.508607864379883,0
2019-11-21,8.492334365844727,8.492334365844727,8.492334365844727,8.492334365844727,0
2019-11-22,8.492334365844727,8.492334365844727,8.492334365844727,8.492334365844727,0
2019-11-25,8.500473022460938,8.500473022460938,8.500473022460938,8.500473022460938,0
2019-11-26,8.516743659973145,8.516743659973145,8.516743659973145,8.516743659973145,0
2019-11-27,8.508607864379883,8.508607864379883,8.508607864379883,8.508607864379883,0
2019-11-29,8.510239601135254,8.510239601135254,8.510239601135254,8.510239601135254,0
2019-12-02,8.477631568908691,8.477631568908691,8.477631568908691,8.477631568908691,0
2019-12-03,8.534693717956543,8.534693717956543,8.534693717956543,8.534693717956543,0
2019-12-04,8.502086639404297,8.502086639404297,8.502086639404297,8.502086639404297,0
2019-12-05,8.502086639404297,8.502086639404297,8.502086639404297,8.502086639404297,0
2019-12-06,8.485783576965332,8.485783576965332,8.485783576965332,8.485783576965332,0
2019-12-09,8.493939399719238,8.493939399719238,8.493939399719238,8.493939399719238,0
2019-12-10,8.502086639404297,8.502086639404297,8.502086639404297,8.502086639404297,0
2019-12-11,8.518389701843262,8.518389701843262,8.518389701843262,8.518389701843262,0
2019-12-12,8.47751522064209,8.47751522064209,8.47751522064209,8.47751522064209,0
2019-12-13,8.510212898254395,8.510212898254395,8.510212898254395,8.510212898254395,0
2019-12-16,8.485689163208008,8.485689163208008,8.485689163208008,8.485689163208008,0
2019-12-17,8.493864059448242,8.493864059448242,8.493864059448242,8.493864059448242,0
2019-12-18,8.47751522064209,8.47751522064209,8.47751522064209,8.47751522064209,0
2019-12-19,8.485689163208008,8.485689163208008,8.485689163208008,8.485689163208008,0
2019-12-20,8.485689163208008,8.485689163208008,8.485689163208008,8.485689163208008,0
2019-12-23,8.485689163208008,8.485689163208008,8.485689163208008,8.485689163208008,0
2019-12-24,8.493864059448242,8.493864059448242,8.493864059448242,8.493864059448242,0
2019-12-26,8.493864059448242,8.493864059448242,8.493864059448242,8.493864059448242,0
2019-12-27,8.510212898254395,8.510212898254395,8.510212898254395,8.510212898254395,0
2019-12-30,8.510212898254395,8.510212898254395,8.510212898254395,8.510212898254395,0
2019-12-31,8.502041816711426,8.502041816711426,8.502041816711426,8.502041816711426,0
2020-01-02,8.518387794494629,8.518387794494629,8.518387794494629,8.518387794494629,0
2020-01-03,8.551090240478516,8.551090240478516,8.551090240478516,8.551090240478516,0
2020-01-06,8.53474235534668,8.53474235534668,8.53474235534668,8.53474235534668,0
2020-01-07,8.53474235534668,8.53474235534668,8.53474235534668,8.53474235534668,0
2020-01-08,8.510212898254395,8.510212898254395,8.510212898254395,8.510212898254395,0
2020-01-09,8.518387794494629,8.518387794494629,8.518387794494629,8.518387794494629,0
2020-01-10,8.542915344238281,8.542915344238281,8.542915344238281,8.542915344238281,0
2020-01-13,8.53474235534668,8.53474235534668,8.53474235534668,8.53474235534668,0
2020-01-14,8.542915344238281,8.542915344238281,8.542915344238281,8.542915344238281,0
2020-01-15,8.5592679977417,8.5592679977417,8.5592679977417,8.5592679977417,0
2020-01-16,8.551090240478516,8.551090240478516,8.551090240478516,8.551090240478516,0
2020-01-17,8.542915344238281,8.542915344238281,8.542915344238281,8.542915344238281,0
2020-01-21,8.575611114501953,8.575611114501953,8.575611114501953,8.575611114501953,0
2020-01-22,8.575611114501953,8.575611114501953,8.575611114501953,8.575611114501953,0
2020-01-23,8.59196662902832,8.59196662902832,8.59196662902832,8.59196662902832,0
2020-01-24,8.60831356048584,8.60831356048584,8.60831356048584,8.60831356048584,0
2020-01-27,8.632835388183594,8.632835388183594,8.632835388183594,8.632835388183594,0
2020-01-28,8.624665260314941,8.624665260314941,8.624665260314941,8.624665260314941,0
2020-01-29,8.641016960144043,8.641016960144043,8.641016960144043,8.641016960144043,0
2020-01-30,8.657363891601562,8.657363891601562,8.657363891601562,8.657363891601562,0
2020-01-31,8.668014526367188,8.668014526367188,8.668014526367188,8.668014526367188,0
2020-02-03,8.668014526367188,8.668014526367188,8.668014526367188,8.668014526367188,0
2020-02-04,8.635247230529785,8.635247230529785,8.635247230529785,8.635247230529785,0
2020-02-05,8.618860244750977,8.618860244750977,8.618860244750977,8.618860244750977,0
2020-02-06,8.627049446105957,8.627049446105957,8.627049446105957,8.627049446105957,0
2020-02-07,8.65982437133789,8.65982437133789,8.65982437133789,8.65982437133789,0
2020-02-10,8.668014526367188,8.668014526367188,8.668014526367188,8.668014526367188,0
2020-02-11,8.65982437133789,8.65982437133789,8.65982437133789,8.65982437133789,0
2020-02-12,8.643437385559082,8.643437385559082,8.643437385559082,8.643437385559082,0
2020-02-13,8.651626586914062,8.651626586914062,8.651626586914062,8.651626586914062,0
2020-02-14,8.65982437133789,8.65982437133789,8.65982437133789,8.65982437133789,0
2020-02-18,8.676207542419434,8.676207542419434,8.676207542419434,8.676207542419434,0
2020-02-19,8.668014526367188,8.668014526367188,8.668014526367188,8.668014526367188,0
2020-02-20,8.684395790100098,8.684395790100098,8.684395790100098,8.684395790100098,0
2020-02-21,8.708977699279785,8.708977699279785,8.708977699279785,8.708977699279785,0
2020-02-24,8.741751670837402,8.741751670837402,8.741751670837402,8.741751670837402,0
2020-02-25,8.758136749267578,8.758136749267578,8.758136749267578,8.758136749267578,0
2020-02-26,8.758136749267578,8.758136749267578,8.758136749267578,8.758136749267578,0
2020-02-27,8.758136749267578,8.758136749267578,8.758136749267578,8.758136749267578,0
2020-02-28,8.818073272705078,8.818073272705078,8.818073272705078,8.818073272705078,0
2020-03-02,8.834498405456543,8.834498405456543,8.834498405456543,8.834498405456543,0
2020-03-03,8.85912799835205,8.85912799835205,8.85912799835205,8.85912799835205,0
2020-03-04,8.875543594360352,8.875543594360352,8.875543594360352,8.875543594360352,0
2020-03-05,8.89197063446045,8.89197063446045,8.89197063446045,8.89197063446045,0
2020-03-06,8.982283592224121,8.982283592224121,8.982283592224121,8.982283592224121,0
2020-03-09,9.006915092468262,9.006915092468262,9.006915092468262,9.006915092468262,0
2020-03-10,8.883758544921875,8.883758544921875,8.883758544921875,8.883758544921875,0
2020-03-11,8.834498405456543,8.834498405456543,8.834498405456543,8.834498405456543,0
2020-03-12,8.75239086151123,8.75239086151123,8.75239086151123,8.75239086151123,0
2020-03-13,8.694912910461426,8.694912910461426,8.694912910461426,8.694912910461426,0
2020-03-16,8.76880931854248,8.76880931854248,8.76880931854248,8.76880931854248,0
2020-03-17,8.637444496154785,8.637444496154785,8.637444496154785,8.637444496154785,0
2020-03-18,8.448600769042969,8.448600769042969,8.448600769042969,8.448600769042969,0
2020-03-19,8.43217945098877,8.43217945098877,8.43217945098877,8.43217945098877,0
2020-03-20,8.473236083984375,8.473236083984375,8.473236083984375,8.473236083984375,0
2020-03-23,8.563543319702148,8.563543319702148,8.563543319702148,8.563543319702148,0
2020-03-24,8.596393585205078,8.596393585205078,8.596393585205078,8.596393585205078,0
2020-03-25,8.637444496154785,8.637444496154785,8.637444496154785,8.637444496154785,0
2020-03-26,8.694912910461426,8.694912910461426,8.694912910461426,8.694912910461426,0
2020-03-27,8.735968589782715,8.735968589782715,8.735968589782715,8.735968589782715,0
2020-03-30,8.785231590270996,8.785231590270996,8.785231590270996,8.785231590270996,0
2020-03-31,8.781938552856445,8.781938552856445,8.781938552856445,8.781938552856445,0
2020-04-01,8.790167808532715,8.790167808532715,8.790167808532715,8.790167808532715,0
2020-04-02,8.798399925231934,8.798399925231934,8.798399925231934,8.798399925231934,0
2020-04-03,8.806631088256836,8.806631088256836,8.806631088256836,8.806631088256836,0
2020-04-06,8.790167808532715,8.790167808532715,8.790167808532715,8.790167808532715,0
2020-04-07,8.790167808532715,8.790167808532715,8.790167808532715,8.790167808532715,0
2020-04-08,8.798399925231934,8.798399925231934,8.798399925231934,8.798399925231934,0
2020-04-09,8.856019020080566,8.856019020080566,8.856019020080566,8.856019020080566,0
2020-04-13,8.864240646362305,8.864240646362305,8.864240646362305,8.864240646362305,0
2020-04-14,8.872477531433105,8.872477531433105,8.872477531433105,8.872477531433105,0
2020-04-15,8.921855926513672,8.921855926513672,8.921855926513672,8.921855926513672,0
2020-04-16,8.938316345214844,8.938316345214844,8.938316345214844,8.938316345214844,0
2020-04-17,8.913631439208984,8.913631439208984,8.913631439208984,8.913631439208984,0
2020-04-20,8.921855926513672,8.921855926513672,8.921855926513672,8.921855926513672,0
2020-04-21,8.938316345214844,8.938316345214844,8.938316345214844,8.938316345214844,0
2020-04-22,8.921855926513672,8.921855926513672,8.921855926513672,8.921855926513672,0
2020-04-23,8.930091857910156,8.930091857910156,8.930091857910156,8.930091857910156,0
2020-04-24,8.938316345214844,8.938316345214844,8.938316345214844,8.938316345214844,0
2020-04-27,8.913631439208984,8.913631439208984,8.913631439208984,8.913631439208984,0
2020-04-28,8.938316345214844,8.938316345214844,8.938316345214844,8.938316345214844,0
2020-04-29,8.938316345214844,8.938316345214844,8.938316345214844,8.938316345214844,0
2020-04-30,8.934195518493652,8.934195518493652,8.934195518493652,8.934195518493652,0
2020-05-01,8.925942420959473,8.925942420959473,8.925942420959473,8.925942420959473,0
2020-05-04,8.925942420959473,8.925942420959473,8.925942420959473,8.925942420959473,0
2020-05-05,8.917695999145508,8.917695999145508,8.917695999145508,8.917695999145508,0
2020-05-06,8.892945289611816,8.892945289611816,8.892945289611816,8.892945289611816,0
2020-05-07,8.925942420959473,8.925942420959473,8.925942420959473,8.925942420959473,0
2020-05-08,8.892945289611816,8.892945289611816,8.892945289611816,8.892945289611816,0
2020-05-11,8.86820125579834,8.86820125579834,8.86820125579834,8.86820125579834,0
2020-05-12,8.892945289611816,8.892945289611816,8.892945289611816,8.892945289611816,0
2020-05-13,8.909446716308594,8.909446716308594,8.909446716308594,8.909446716308594,0
2020-05-14,8.925942420959473,8.925942420959473,8.925942420959473,8.925942420959473,0
2020-05-15,8.925942420959473,8.925942420959473,8.925942420959473,8.925942420959473,0
2020-05-18,8.892945289611816,8.892945289611816,8.892945289611816,8.892945289611816,0
2020-05-19,8.917695999145508,8.917695999145508,8.917695999145508,8.917695999145508,0
2020-05-20,8.950693130493164,8.950693130493164,8.950693130493164,8.950693130493164,0
2020-05-21,8.950693130493164,8.950693130493164,8.950693130493164,8.950693130493164,0
2020-05-22,8.958940505981445,8.958940505981445,8.958940505981445,8.958940505981445,0
2020-05-26,8.950693130493164,8.950693130493164,8.950693130493164,8.950693130493164,0
2020-05-27,8.958940505981445,8.958940505981445,8.958940505981445,8.958940505981445,0
2020-05-28,8.950693130493164,8.950693130493164,8.950693130493164,8.950693130493164,0
2020-05-29,8.977971076965332,8.977971076965332,8.977971076965332,8.977971076965332,0
2020-06-01,8.977971076965332,8.977971076965332,8.977971076965332,8.977971076965332,0
2020-06-02,8.977971076965332,8.977971076965332,8.977971076965332,8.977971076965332,0
2020-06-03,8.961441040039062,8.961441040039062,8.961441040039062,8.961441040039062,0
2020-06-04,8.944908142089844,8.944908142089844,8.944908142089844,8.944908142089844,0
2020-06-05,8.936636924743652,8.936636924743652,8.936636924743652,8.936636924743652,0
2020-06-08,8.953171730041504,8.953171730041504,8.953171730041504,8.953171730041504,0
2020-06-09,8.977971076965332,8.977971076965332,8.977971076965332,8.977971076965332,0
2020-06-10,9.002776145935059,9.002776145935059,9.002776145935059,9.002776145935059,0
2020-06-11,9.01931095123291,9.01931095123291,9.01931095123291,9.01931095123291,0
2020-06-12,9.002776145935059,9.002776145935059,9.002776145935059,9.002776145935059,0
2020-06-15,9.002776145935059,9.002776145935059,9.002776145935059,9.002776145935059,0
2020-06-16,8.99450969696045,8.99450969696045,8.99450969696045,8.99450969696045,0
2020-06-17,9.002776145935059,9.002776145935059,9.002776145935059,9.002776145935059,0
2020-06-18,9.01931095123291,9.01931095123291,9.01931095123291,9.01931095123291,0
2020-06-19,9.01931095123291,9.01931095123291,9.01931095123291,9.01931095123291,0
2020-06-22,9.01931095123291,9.01931095123291,9.01931095123291,9.01931095123291,0
2020-06-23,9.011045455932617,9.011045455932617,9.011045455932617,9.011045455932617,0
2020-06-24,9.01931095123291,9.01931095123291,9.01931095123291,9.01931095123291,0
2020-06-25,9.01931095123291,9.01931095123291,9.01931095123291,9.01931095123291,0
2020-06-26,9.035842895507812,9.035842895507812,9.035842895507812,9.035842895507812,0
2020-06-29,9.035842895507812,9.035842895507812,9.035842895507812,9.035842895507812,0
2020-06-30,9.038331985473633,9.038331985473633,9.038331985473633,9.038331985473633,0
2020-07-01,9.038331985473633,9.038331985473633,9.038331985473633,9.038331985473633,0
2020-07-02,9.046611785888672,9.046611785888672,9.046611785888672,9.046611785888672,0
2020-07-06,9.05489730834961,9.05489730834961,9.05489730834961,9.05489730834961,0
2020-07-07,9.071464538574219,9.071464538574219,9.071464538574219,9.071464538574219,0
2020-07-08,9.071464538574219,9.071464538574219,9.071464538574219,9.071464538574219,0
2020-07-09,9.096318244934082,9.096318244934082,9.096318244934082,9.096318244934082,0
2020-07-10,9.088037490844727,9.088037490844727,9.088037490844727,9.088037490844727,0
2020-07-13,9.088037490844727,9.088037490844727,9.088037490844727,9.088037490844727,0
2020-07-14,9.096318244934082,9.096318244934082,9.096318244934082,9.096318244934082,0
2020-07-15,9.096318244934082,9.096318244934082,9.096318244934082,9.096318244934082,0
2020-07-16,9.112885475158691,9.112885475158691,9.112885475158691,9.112885475158691,0
2020-07-17,9.104606628417969,9.104606628417969,9.104606628417969,9.104606628417969,0
2020-07-20,9.112885475158691,9.112885475158691,9.112885475158691,9.112885475158691,0
2020-07-21,9.129457473754883,9.129457473754883,9.129457473754883,9.129457473754883,0
2020-07-22,9.137743949890137,9.137743949890137,9.137743949890137,9.137743949890137,0
2020-07-23,9.146027565002441,9.146027565002441,9.146027565002441,9.146027565002441,0
2020-07-24,9.146027565002441,9.146027565002441,9.146027565002441,9.146027565002441,0
2020-07-27,9.137743949890137,9.137743949890137,9.137743949890137,9.137743949890137,0
2020-07-28,9.146027565002441,9.146027565002441,9.146027565002441,9.146027565002441,0
2020-07-29,9.146027565002441,9.146027565002441,9.146027565002441,9.146027565002441,0
2020-07-30,9.170878410339355,9.170878410339355,9.170878410339355,9.170878410339355,0
2020-07-31,9.171710014343262,9.171710014343262,9.171710014343262,9.171710014343262,0
2020-08-03,9.163411140441895,9.163411140441895,9.163411140441895,9.163411140441895,0
2020-08-04,9.180010795593262,9.180010795593262,9.180010795593262,9.180010795593262,0
2020-08-05,9.171710014343262,9.171710014343262,9.171710014343262,9.171710014343262,0
2020-08-06,9.188310623168945,9.188310623168945,9.188310623168945,9.188310623168945,0
2020-08-07,9.180010795593262,9.180010795593262,9.180010795593262,9.180010795593262,0
2020-08-10,9.171710014343262,9.171710014343262,9.171710014343262,9.171710014343262,0
2020-08-11,9.130209922790527,9.130209922790527,9.130209922790527,9.130209922790527,0
2020-08-12,9.121910095214844,9.121910095214844,9.121910095214844,9.121910095214844,0
2020-08-13,9.097006797790527,9.097006797790527,9.097006797790527,9.097006797790527,0
2020-08-14,9.097006797790527,9.097006797790527,9.097006797790527,9.097006797790527,0
2020-08-17,9.10530948638916,9.10530948638916,9.10530948638916,9.10530948638916,0
2020-08-18,9.10530948638916,9.10530948638916,9.10530948638916,9.10530948638916,0
2020-08-19,9.10530948638916,9.10530948638916,9.10530948638916,9.10530948638916,0
2020-08-20,9.113606452941895,9.113606452941895,9.113606452941895,9.113606452941895,0
2020-08-21,9.121910095214844,9.121910095214844,9.121910095214844,9.121910095214844,0
2020-08-24,9.121910095214844,9.121910095214844,9.121910095214844,9.121910095214844,0
2020-08-25,9.10530948638916,9.10530948638916,9.10530948638916,9.10530948638916,0
2020-08-26,9.097006797790527,9.097006797790527,9.097006797790527,9.097006797790527,0
2020-08-27,9.06380844116211,9.06380844116211,9.06380844116211,9.06380844116211,0
2020-08-28,9.072111129760742,9.072111129760742,9.072111129760742,9.072111129760742,0
2020-08-31,9.096220970153809,9.096220970153809,9.096220970153809,9.096220970153809,0
2020-09-01,9.112848281860352,9.112848281860352,9.112848281860352,9.112848281860352,0
2020-09-02,9.129476547241211,9.129476547241211,9.129476547241211,9.129476547241211,0
2020-09-03,9.146101951599121,9.146101951599121,9.146101951599121,9.146101951599121,0
2020-09-04,9.087905883789062,9.087905883789062,9.087905883789062,9.087905883789062,0
2020-09-08,9.104531288146973,9.104531288146973,9.104531288146973,9.104531288146973,0
2020-09-09,9.087905883789062,9.087905883789062,9.087905883789062,9.087905883789062,0
2020-09-10,9.104531288146973,9.104531288146973,9.104531288146973,9.104531288146973,0
2020-09-11,9.104531288146973,9.104531288146973,9.104531288146973,9.104531288146973,0
2020-09-14,9.112848281860352,9.112848281860352,9.112848281860352,9.112848281860352,0
2020-09-15,9.104531288146973,9.104531288146973,9.104531288146973,9.104531288146973,0
2020-09-16,9.104531288146973,9.104531288146973,9.104531288146973,9.104531288146973,0
2020-09-17,9.104531288146973,9.104531288146973,9.104531288146973,9.104531288146973,0
2020-09-18,9.096220970153809,9.096220970153809,9.096220970153809,9.096220970153809,0
2020-09-21,9.104531288146973,9.104531288146973,9.104531288146973,9.104531288146973,0
2020-09-22,9.104531288146973,9.104531288146973,9.104531288146973,9.104531288146973,0
2020-09-23,9.096220970153809,9.096220970153809,9.096220970153809,9.096220970153809,0
2020-09-24,9.096220970153809,9.096220970153809,9.096220970153809,9.096220970153809,0
2020-09-25,9.087905883789062,9.087905883789062,9.087905883789062,9.087905883789062,0
2020-09-28,9.087905883789062,9.087905883789062,9.087905883789062,9.087905883789062,0
2020-09-29,9.104531288146973,9.104531288146973,9.104531288146973,9.104531288146973,0
2020-09-30,9.088706970214844,9.088706970214844,9.088706970214844,9.088706970214844,0
2020-10-01,9.088706970214844,9.088706970214844,9.088706970214844,9.088706970214844,0
2020-10-02,9.080370903015137,9.080370903015137,9.080370903015137,9.080370903015137,0
2020-10-05,9.055383682250977,9.055383682250977,9.055383682250977,9.055383682250977,0
2020-10-06,9.07204532623291,9.07204532623291,9.07204532623291,9.07204532623291,0
2020-10-07,9.055383682250977,9.055383682250977,9.055383682250977,9.055383682250977,0
2020-10-08,9.07204532623291,9.07204532623291,9.07204532623291,9.07204532623291,0
2020-10-09,9.063716888427734,9.063716888427734,9.063716888427734,9.063716888427734,0
2020-10-12,9.063716888427734,9.063716888427734,9.063716888427734,9.063716888427734,0
2020-10-13,9.088706970214844,9.088706970214844,9.088706970214844,9.088706970214844,0
2020-10-14,9.097038269042969,9.097038269042969,9.097038269042969,9.097038269042969,0
2020-10-15,9.088706970214844,9.088706970214844,9.088706970214844,9.088706970214844,0
2020-10-16,9.088706970214844,9.088706970214844,9.088706970214844,9.088706970214844,0
2020-10-19,9.080370903015137,9.080370903015137,9.080370903015137,9.080370903015137,0
2020-10-20,9.063716888427734,9.063716888427734,9.063716888427734,9.063716888427734,0
2020-10-21,9.055383682250977,9.055383682250977,9.055383682250977,9.055383682250977,0
2020-10-22,9.047049522399902,9.047049522399902,9.047049522399902,9.047049522399902,0
2020-10-23,9.055383682250977,9.055383682250977,9.055383682250977,9.055383682250977,0
2020-10-26,9.07204532623291,9.07204532623291,9.07204532623291,9.07204532623291,0
2020-10-27,9.080370903015137,9.080370903015137,9.080370903015137,9.080370903015137,0
2020-10-28,9.07204532623291,9.07204532623291,9.07204532623291,9.07204532623291,0
2020-10-29,9.055383682250977,9.055383682250977,9.055383682250977,9.055383682250977,0
2020-10-30,9.046198844909668,9.046198844909668,9.046198844909668,9.046198844909668,0
2020-11-02,9.054549217224121,9.054549217224121,9.054549217224121,9.054549217224121,0
2020-11-03,9.046198844909668,9.046198844909668,9.046198844909668,9.046198844909668,0
2020-11-04,9.096275329589844,9.096275329589844,9.096275329589844,9.096275329589844,0
2020-11-05,9.104622840881348,9.104622840881348,9.104622840881348,9.104622840881348,0
2020-11-06,9.087929725646973,9.087929725646973,9.087929725646973,9.087929725646973,0
2020-11-09,9.046198844909668,9.046198844909668,9.046198844909668,9.046198844909668,0
2020-11-10,9.037858963012695,9.037858963012695,9.037858963012695,9.037858963012695,0
2020-11-11,9.037858963012695,9.037858963012695,9.037858963012695,9.037858963012695,0
2020-11-12,9.07958984375,9.07958984375,9.07958984375,9.07958984375,0
2020-11-13,9.07958984375,9.07958984375,9.07958984375,9.07958984375,0
2020-11-16,9.07958984375,9.07958984375,9.07958984375,9.07958984375,0
2020-11-17,9.096275329589844,9.096275329589844,9.096275329589844,9.096275329589844,0
2020-11-18,9.096275329589844,9.096275329589844,9.096275329589844,9.096275329589844,0
2020-11-19,9.121312141418457,9.121312141418457,9.121312141418457,9.121312141418457,0
2020-11-20,9.129656791687012,9.129656791687012,9.129656791687012,9.129656791687012,0
2020-11-23,9.121312141418457,9.121312141418457,9.121312141418457,9.121312141418457,0
2020-11-24,9.11296272277832,9.11296272277832,9.11296272277832,9.11296272277832,0
2020-11-25,9.11296272277832,9.11296272277832,9.11296272277832,9.11296272277832,0
2020-11-27,9.129656791687012,9.129656791687012,9.129656791687012,9.129656791687012,0
2020-11-30,9.13718032836914,9.13718032836914,9.13718032836914,9.13718032836914,0
2020-12-01,9.103740692138672,9.103740692138672,9.103740692138672,9.103740692138672,0
2020-12-02,9.09538459777832,9.09538459777832,9.09538459777832,9.09538459777832,0
2020-12-03,9.112100601196289,9.112100601196289,9.112100601196289,9.112100601196289,0
2020-12-04,9.09538459777832,9.09538459777832,9.09538459777832,9.09538459777832,0
2020-12-07,9.112100601196289,9.112100601196289,9.112100601196289,9.112100601196289,0
2020-12-08,9.112100601196289,9.112100601196289,9.112100601196289,9.112100601196289,0
2020-12-09,9.09538459777832,9.09538459777832,9.09538459777832,9.09538459777832,0
2020-12-10,9.118048667907715,9.118048667907715,9.118048667907715,9.118048667907715,0
2020-12-11,9.126445770263672,9.126445770263672,9.126445770263672,9.126445770263672,0
2020-12-14,9.126445770263672,9.126445770263672,9.126445770263672,9.126445770263672,0
2020-12-15,9.118048667907715,9.118048667907715,9.118048667907715,9.118048667907715,0
2020-12-16,9.118048667907715,9.118048667907715,9.118048667907715,9.118048667907715,0
2020-12-17,9.118048667907715,9.118048667907715,9.118048667907715,9.118048667907715,0
2020-12-18,9.118048667907715,9.118048667907715,9.118048667907715,9.118048667907715,0
2020-12-21,9.118048667907715,9.118048667907715,9.118048667907715,9.118048667907715,0
2020-12-22,9.126445770263672,9.126445770263672,9.126445770263672,9.126445770263672,0
2020-12-23,9.109657287597656,9.109657287597656,9.109657287597656,9.109657287597656,0
2020-12-24,9.126445770263672,9.126445770263672,9.126445770263672,9.126445770263672,0
2020-12-28,9.126445770263672,9.126445770263672,9.126445770263672,9.126445770263672,0
2020-12-29,9.134846687316895,9.134846687316895,9.134846687316895,9.134846687316895,0
2020-12-30,9.134846687316895,9.134846687316895,9.134846687316895,9.134846687316895,0
2020-12-31,9.15163516998291,9.15163516998291,9.15163516998291,9.15163516998291,0
2021-01-04,9.143237113952637,9.143237113952637,9.143237113952637,9.143237113952637,0
2021-01-05,9.118048667907715,9.118048667907715,9.118048667907715,9.118048667907715,0
2021-01-06,9.076068878173828,9.076068878173828,9.076068878173828,9.076068878173828,0
2021-01-07,9.067676544189453,9.067676544189453,9.067676544189453,9.067676544189453,0
2021-01-08,9.059277534484863,9.059277534484863,9.059277534484863,9.059277534484863,0
2021-01-11,9.050880432128906,9.050880432128906,9.050880432128906,9.050880432128906,0
2021-01-12,9.050880432128906,9.050880432128906,9.050880432128906,9.050880432128906,0
2021-01-13,9.076068878173828,9.076068878173828,9.076068878173828,9.076068878173828,0
2021-01-14,9.067676544189453,9.067676544189453,9.067676544189453,9.067676544189453,0
2021-01-15,9.076068878173828,9.076068878173828,9.076068878173828,9.076068878173828,0
2021-01-19,9.084468841552734,9.084468841552734,9.084468841552734,9.084468841552734,0
2021-01-20,9.084468841552734,9.084468841552734,9.084468841552734,9.084468841552734,0
2021-01-21,9.076068878173828,9.076068878173828,9.076068878173828,9.076068878173828,0
2021-01-22,9.076068878173828,9.076068878173828,9.076068878173828,9.076068878173828,0
2021-01-25,9.101255416870117,9.101255416870117,9.101255416870117,9.101255416870117,0
2021-01-26,9.092864036560059,9.092864036560059,9.092864036560059,9.092864036560059,0
2021-01-27,9.101255416870117,9.101255416870117,9.101255416870117,9.101255416870117,0
2021-01-28,9.092864036560059,9.092864036560059,9.092864036560059,9.092864036560059,0
2021-01-29,9.081931114196777,9.081931114196777,9.081931114196777,9.081931114196777,0
2021-02-01,9.081931114196777,9.081931114196777,9.081931114196777,9.081931114196777,0
2021-02-02,9.073521614074707,9.073521614074707,9.073521614074707,9.073521614074707,0
2021-02-03,9.056705474853516,9.056705474853516,9.056705474853516,9.056705474853516,0
2021-02-04,9.056705474853516,9.056705474853516,9.056705474853516,9.056705474853516,0
2021-02-05,9.048295021057129,9.048295021057129,9.048295021057129,9.048295021057129,0
2021-02-08,9.056705474853516,9.056705474853516,9.056705474853516,9.056705474853516,0
2021-02-09,9.056705474853516,9.056705474853516,9.056705474853516,9.056705474853516,0
2021-02-10,9.073521614074707,9.073521614074707,9.073521614074707,9.073521614074707,0
2021-02-11,9.056705474853516,9.056705474853516,9.056705474853516,9.056705474853516,0
2021-02-12,9.031474113464355,9.031474113464355,9.031474113464355,9.031474113464355,0
2021-02-16,8.997833251953125,8.997833251953125,8.997833251953125,8.997833251953125,0
2021-02-17,9.014653205871582,9.014653205871582,9.014653205871582,9.014653205871582,0
2021-02-18,9.006245613098145,9.006245613098145,9.006245613098145,9.006245613098145,0
2021-02-19,8.981019020080566,8.981019020080566,8.981019020080566,8.981019020080566,0
2021-02-22,8.964202880859375,8.964202880859375,8.964202880859375,8.964202880859375,0
2021-02-23,8.955788612365723,8.955788612365723,8.955788612365723,8.955788612365723,0
2021-02-24,8.938974380493164,8.938974380493164,8.938974380493164,8.938974380493164,0
2021-02-25,8.880107879638672,8.880107879638672,8.880107879638672,8.880107879638672,0
2021-02-26,8.945815086364746,8.945815086364746,8.945815086364746,8.945815086364746,0
2021-03-01,8.928966522216797,8.928966522216797,8.928966522216797,8.928966522216797,0
2021-03-02,8.937392234802246,8.937392234802246,8.937392234802246,8.937392234802246,0
2021-03-03,8.912114143371582,8.912114143371582,8.912114143371582,8.912114143371582,0
2021-03-04,8.886849403381348,8.886849403381348,8.886849403381348,8.886849403381348,0
2021-03-05,8.87842845916748,8.87842845916748,8.87842845916748,8.87842845916748,0
2021-03-08,8.844733238220215,8.844733238220215,8.844733238220215,8.844733238220215,0
2021-03-09,8.869999885559082,8.869999885559082,8.869999885559082,8.869999885559082,0
2021-03-10,8.886849403381348,8.886849403381348,8.886849403381348,8.886849403381348,0
2021-03-11,8.886849403381348,8.886849403381348,8.886849403381348,8.886849403381348,0
2021-03-12,8.8363037109375,8.8363037109375,8.8363037109375,8.8363037109375,0
2021-03-15,8.844733238220215,8.844733238220215,8.844733238220215,8.844733238220215,0
2021-03-16,8.844733238220215,8.844733238220215,8.844733238220215,8.844733238220215,0
2021-03-17,8.8363037109375,8.8363037109375,8.8363037109375,8.8363037109375,0
2021-03-18,8.81103515625,8.81103515625,8.81103515625,8.81103515625,0
2021-03-19,8.81103515625,8.81103515625,8.81103515625,8.81103515625,0
2021-03-22,8.8363037109375,8.8363037109375,8.8363037109375,8.8363037109375,0
2021-03-23,8.861577987670898,8.861577987670898,8.861577987670898,8.861577987670898,0
2021-03-24,8.869999885559082,8.869999885559082,8.869999885559082,8.869999885559082,0
2021-03-25,8.853155136108398,8.853155136108398,8.853155136108398,8.853155136108398,0
2021-03-26,8.844733238220215,8.844733238220215,8.844733238220215,8.844733238220215,0
2021-03-29,8.827885627746582,8.827885627746582,8.827885627746582,8.827885627746582,0
2021-03-30,8.8363037109375,8.8363037109375,8.8363037109375,8.8363037109375,0
2021-03-31,8.836304664611816,8.836304664611816,8.836304664611816,8.836304664611816,0
2021-04-01,8.861624717712402,8.861624717712402,8.861624717712402,8.861624717712402,0
2021-04-05,8.85318374633789,8.85318374633789,8.85318374633789,8.85318374633789,0
2021-04-06,8.878507614135742,8.878507614135742,8.878507614135742,8.878507614135742,0
2021-04-07,8.870070457458496,8.870070457458496,8.870070457458496,8.870070457458496,0
2021-04-08,8.886943817138672,8.886943817138672,8.886943817138672,8.886943817138672,0
2021-04-09,8.878507614135742,8.878507614135742,8.878507614135742,8.878507614135742,0
2021-04-12,8.878507614135742,8.878507614135742,8.878507614135742,8.878507614135742,0
2021-04-13,8.895387649536133,8.895387649536133,8.895387649536133,8.895387649536133,0
2021-04-14,8.895387649536133,8.895387649536133,8.895387649536133,8.895387649536133,0
2021-04-15,8.929143905639648,8.929143905639648,8.929143905639648,8.929143905639648,0
2021-04-16,8.912266731262207,8.912266731262207,8.912266731262207,8.912266731262207,0
2021-04-19,8.903825759887695,8.903825759887695,8.903825759887695,8.903825759887695,0
2021-04-20,8.912266731262207,8.912266731262207,8.912266731262207,8.912266731262207,0
2021-04-21,8.920701026916504,8.920701026916504,8.920701026916504,8.920701026916504,0
2021-04-22,8.929143905639648,8.929143905639648,8.929143905639648,8.929143905639648,0
2021-04-23,8.920701026916504,8.920701026916504,8.920701026916504,8.920701026916504,0
2021-04-26,8.920701026916504,8.920701026916504,8.920701026916504,8.920701026916504,0
2021-04-27,8.895387649536133,8.895387649536133,8.895387649536133,8.895387649536133,0
2021-04-28,8.903825759887695,8.903825759887695,8.903825759887695,8.903825759887695,0
2021-04-29,8.895387649536133,8.895387649536133,8.895387649536133,8.895387649536133,0
2021-04-30,8.902148246765137,8.902148246765137,8.902148246765137,8.902148246765137,0
2021-05-03,8.910602569580078,8.910602569580078,8.910602569580078,8.910602569580078,0
2021-05-04,8.91905403137207,8.91905403137207,8.91905403137207,8.91905403137207,0
2021-05-05,8.927510261535645,8.927510261535645,8.927510261535645,8.927510261535645,0
2021-05-06,8.927510261535645,8.927510261535645,8.927510261535645,8.927510261535645,0
2021-05-07,8.927510261535645,8.927510261535645,8.927510261535645,8.927510261535645,0
2021-05-10,8.910602569580078,8.910602569580078,8.910602569580078,8.910602569580078,0
2021-05-11,8.893697738647461,8.893697738647461,8.893697738647461,8.893697738647461,0
2021-05-12,8.868330955505371,8.868330955505371,8.868330955505371,8.868330955505371,0
2021-05-13,8.876787185668945,8.876787185668945,8.876787185668945,8.876787185668945,0
2021-05-14,8.893697738647461,8.893697738647461,8.893697738647461,8.893697738647461,0
2021-05-17,8.893697738647461,8.893697738647461,8.893697738647461,8.893697738647461,0
2021-05-18,8.88524341583252,8.88524341583252,8.88524341583252,8.88524341583252,0
2021-05-19,8.876787185668945,8.876787185668945,8.876787185668945,8.876787185668945,0
2021-05-20,8.893697738647461,8.893697738647461,8.893697738647461,8.893697738647461,0
2021-05-21,8.902148246765137,8.902148246765137,8.902148246765137,8.902148246765137,0
2021-05-24,8.910602569580078,8.910602569580078,8.910602569580078,8.910602569580078,0
2021-05-25,8.935964584350586,8.935964584350586,8.935964584350586,8.935964584350586,0
2021-05-26,8.927510261535645,8.927510261535645,8.927510261535645,8.927510261535645,0
2021-05-27,8.91905403137207,8.91905403137207,8.91905403137207,8.91905403137207,0
2021-05-28,8.924137115478516,8.924137115478516,8.924137115478516,8.924137115478516,0
2021-06-01,8.915671348571777,8.915671348571777,8.915671348571777,8.915671348571777,0
2021-06-02,8.924137115478516,8.924137115478516,8.924137115478516,8.924137115478516,0
2021-06-03,8.907203674316406,8.907203674316406,8.907203674316406,8.907203674316406,0
2021-06-04,8.941070556640625,8.941070556640625,8.941070556640625,8.941070556640625,0
2021-06-07,8.941070556640625,8.941070556640625,8.941070556640625,8.941070556640625,0
2021-06-08,8.949536323547363,8.949536323547363,8.949536323547363,8.949536323547363,0
2021-06-09,8.974937438964844,8.974937438964844,8.974937438964844,8.974937438964844,0
2021-06-10,8.991870880126953,8.991870880126953,8.991870880126953,8.991870880126953,0
2021-06-11,8.983402252197266,8.983402252197266,8.983402252197266,8.983402252197266,0
2021-06-14,8.966472625732422,8.966472625732422,8.966472625732422,8.966472625732422,0
2021-06-15,8.966472625732422,8.966472625732422,8.966472625732422,8.966472625732422,0
2021-06-16,8.941070556640625,8.941070556640625,8.941070556640625,8.941070556640625,0
2021-06-17,8.966472625732422,8.966472625732422,8.966472625732422,8.966472625732422,0
2021-06-18,9.00033950805664,9.00033950805664,9.00033950805664,9.00033950805664,0
2021-06-21,8.966472625732422,8.966472625732422,8.966472625732422,8.966472625732422,0
2021-06-22,8.983402252197266,8.983402252197266,8.983402252197266,8.983402252197266,0
2021-06-23,8.974937438964844,8.974937438964844,8.974937438964844,8.974937438964844,0
2021-06-24,8.974937438964844,8.974937438964844,8.974937438964844,8.974937438964844,0
2021-06-25,8.958003997802734,8.958003997802734,8.958003997802734,8.958003997802734,0
2021-06-28,8.983402252197266,8.983402252197266,8.983402252197266,8.983402252197266,0
2021-06-29,8.983402252197266,8.983402252197266,8.983402252197266,8.983402252197266,0
2021-06-30,8.99103832244873,8.99103832244873,8.99103832244873,8.99103832244873,0
2021-07-01,8.99103832244873,8.99103832244873,8.99103832244873,8.99103832244873,0
2021-07-02,9.008004188537598,9.008004188537598,9.008004188537598,9.008004188537598,0
2021-07-06,9.033448219299316,9.033448219299316,9.033448219299316,9.033448219299316,0
2021-07-07,9.0504150390625,9.0504150390625,9.0504150390625,9.0504150390625,0
2021-07-08,9.058897018432617,9.058897018432617,9.058897018432617,9.058897018432617,0
2021-07-09,9.033448219299316,9.033448219299316,9.033448219299316,9.033448219299316,0
2021-07-12,9.024968147277832,9.024968147277832,9.024968147277832,9.024968147277832,0
2021-07-13,9.008004188537598,9.008004188537598,9.008004188537598,9.008004188537598,0
2021-07-14,9.033448219299316,9.033448219299316,9.033448219299316,9.033448219299316,0
2021-07-15,9.058897018432617,9.058897018432617,9.058897018432617,9.058897018432617,0
2021-07-16,9.0504150390625,9.0504150390625,9.0504150390625,9.0504150390625,0
2021-07-19,9.101309776306152,9.101309776306152,9.101309776306152,9.101309776306152,0
2021-07-20,9.084342002868652,9.084342002868652,9.084342002868652,9.084342002868652,0
2021-07-21,9.058897018432617,9.058897018432617,9.058897018432617,9.058897018432617,0
2021-07-22,9.075859069824219,9.075859069824219,9.075859069824219,9.075859069824219,0
2021-07-23,9.067376136779785,9.067376136779785,9.067376136779785,9.067376136779785,0
2021-07-26,9.067376136779785,9.067376136779785,9.067376136779785,9.067376136779785,0
2021-07-27,9.084342002868652,9.084342002868652,9.084342002868652,9.084342002868652,0
2021-07-28,9.092823028564453,9.092823028564453,9.092823028564453,9.092823028564453,0
2021-07-29,9.075859069824219,9.075859069824219,9.075859069824219,9.075859069824219,0
2021-07-30,9.09030532836914,9.09030532836914,9.09030532836914,9.09030532836914,0
2021-08-02,9.115793228149414,9.115793228149414,9.115793228149414,9.115793228149414,0
2021-08-03,9.115793228149414,9.115793228149414,9.115793228149414,9.115793228149414,0
2021-08-04,9.115793228149414,9.115793228149414,9.115793228149414,9.115793228149414,0
2021-08-05,9.098801612854004,9.098801612854004,9.098801612854004,9.098801612854004,0
2021-08-06,9.056319236755371,9.056319236755371,9.056319236755371,9.056319236755371,0
2021-08-09,9.039329528808594,9.039329528808594,9.039329528808594,9.039329528808594,0
2021-08-10,9.030835151672363,9.030835151672363,9.030835151672363,9.030835151672363,0
2021-08-11,9.030835151672363,9.030835151672363,9.030835151672363,9.030835151672363,0
2021-08-12,9.030835151672363,9.030835151672363,9.030835151672363,9.030835151672363,0
2021-08-13,9.06481647491455,9.06481647491455,9.06481647491455,9.06481647491455,0
2021-08-16,9.073311805725098,9.073311805725098,9.073311805725098,9.073311805725098,0
2021-08-17,9.073311805725098,9.073311805725098,9.073311805725098,9.073311805725098,0
2021-08-18,9.073311805725098,9.073311805725098,9.073311805725098,9.073311805725098,0
2021-08-19,9.081806182861328,9.081806182861328,9.081806182861328,9.081806182861328,0
2021-08-20,9.081806182861328,9.081806182861328,9.081806182861328,9.081806182861328,0
2021-08-23,9.081806182861328,9.081806182861328,9.081806182861328,9.081806182861328,0
2021-08-24,9.073311805725098,9.073311805725098,9.073311805725098,9.073311805725098,0
2021-08-25,9.047825813293457,9.047825813293457,9.047825813293457,9.047825813293457,0
2021-08-26,9.056319236755371,9.056319236755371,9.056319236755371,9.056319236755371,0
2021-08-27,9.073311805725098,9.073311805725098,9.073311805725098,9.073311805725098,0
2021-08-30,9.09030532836914,9.09030532836914,9.09030532836914,9.09030532836914,0
2021-08-31,9.08008861541748,9.08008861541748,9.08008861541748,9.08008861541748,0
2021-09-01,9.08008861541748,9.08008861541748,9.08008861541748,9.08008861541748,0
2021-09-02,9.08859920501709,9.08859920501709,9.08859920501709,9.08859920501709,0
2021-09-03,9.071578979492188,9.071578979492188,9.071578979492188,9.071578979492188,0
2021-09-07,9.046051025390625,9.046051025390625,9.046051025390625,9.046051025390625,0
2021-09-08,9.063066482543945,9.063066482543945,9.063066482543945,9.063066482543945,0
2021-09-09,9.08859920501709,9.08859920501709,9.08859920501709,9.08859920501709,0
2021-09-10,9.071578979492188,9.071578979492188,9.071578979492188,9.071578979492188,0
2021-09-13,9.08859920501709,9.08859920501709,9.08859920501709,9.08859920501709,0
2021-09-14,9.105618476867676,9.105618476867676,9.105618476867676,9.105618476867676,0
2021-09-15,9.097107887268066,9.097107887268066,9.097107887268066,9.097107887268066,0
2021-09-16,9.08008861541748,9.08008861541748,9.08008861541748,9.08008861541748,0
2021-09-17,9.071578979492188,9.071578979492188,9.071578979492188,9.071578979492188,0
2021-09-20,9.097107887268066,9.097107887268066,9.097107887268066,9.097107887268066,0
2021-09-21,9.097107887268066,9.097107887268066,9.097107887268066,9.097107887268066,0
2021-09-22,9.097107887268066,9.097107887268066,9.097107887268066,9.097107887268066,0
2021-09-23,9.046051025390625,9.046051025390625,9.046051025390625,9.046051025390625,0
2021-09-24,9.029030799865723,9.029030799865723,9.029030799865723,9.029030799865723,0
2021-09-27,9.02052116394043,9.02052116394043,9.02052116394043,9.02052116394043,0
2021-09-28,8.994990348815918,8.994990348815918,8.994990348815918,8.994990348815918,0
2021-09-29,8.994990348815918,8.994990348815918,8.994990348815918,8.994990348815918,0
2021-09-30,9.000959396362305,9.000959396362305,9.000959396362305,9.000959396362305,0
2021-10-01,9.026527404785156,9.026527404785156,9.026527404785156,9.026527404785156,0
2021-10-04,9.018001556396484,9.018001556396484,9.018001556396484,9.018001556396484,0
2021-10-05,8.992432594299316,8.992432594299316,8.992432594299316,8.992432594299316,0
2021-10-06,8.992432594299316,8.992432594299316,8.992432594299316,8.992432594299316,0
2021-10-07,8.975386619567871,8.975386619567871,8.975386619567871,8.975386619567871,0
2021-10-08,8.949813842773438,8.949813842773438,8.949813842773438,8.949813842773438,0
2021-10-11,8.958338737487793,8.958338737487793,8.958338737487793,8.958338737487793,0
2021-10-12,8.975386619567871,8.975386619567871,8.975386619567871,8.975386619567871,0
2021-10-13,8.992432594299316,8.992432594299316,8.992432594299316,8.992432594299316,0
2021-10-14,9.000959396362305,9.000959396362305,9.000959396362305,9.000959396362305,0
2021-10-15,8.983906745910645,8.983906745910645,8.983906745910645,8.983906745910645,0
2021-10-18,8.983906745910645,8.983906745910645,8.983906745910645,8.983906745910645,0
2021-10-19,8.958338737487793,8.958338737487793,8.958338737487793,8.958338737487793,0
2021-10-20,8.949813842773438,8.949813842773438,8.949813842773438,8.949813842773438,0
2021-10-21,8.932767868041992,8.932767868041992,8.932767868041992,8.932767868041992,0
2021-10-22,8.949813842773438,8.949813842773438,8.949813842773438,8.949813842773438,0
2021-10-25,8.958338737487793,8.958338737487793,8.958338737487793,8.958338737487793,0
2021-10-26,8.966866493225098,8.966866493225098,8.966866493225098,8.966866493225098,0
2021-10-27,9.009480476379395,9.009480476379395,9.009480476379395,9.009480476379395,0
2021-10-28,8.992432594299316,8.992432594299316,8.992432594299316,8.992432594299316,0
2021-10-29,8.997553825378418,8.997553825378418,8.997553825378418,8.997553825378418,0
2021-11-01,8.98901653289795,8.98901653289795,8.98901653289795,8.98901653289795,0
2021-11-02,8.997553825378418,8.997553825378418,8.997553825378418,8.997553825378418,0
2021-11-03,8.980486869812012,8.980486869812012,8.980486869812012,8.980486869812012,0
2021-11-04,9.014629364013672,9.014629364013672,9.014629364013672,9.014629364013672,0
2021-11-05,9.048775672912598,9.048775672912598,9.048775672912598,9.048775672912598,0
2021-11-08,9.031698226928711,9.031698226928711,9.031698226928711,9.031698226928711,0
2021-11-09,9.05731201171875,9.05731201171875,9.05731201171875,9.05731201171875,0
2021-11-10,8.997553825378418,8.997553825378418,8.997553825378418,8.997553825378418,0
2021-11-11,8.997553825378418,8.997553825378418,8.997553825378418,8.997553825378418,0
2021-11-12,8.98901653289795,8.98901653289795,8.98901653289795,8.98901653289795,0
2021-11-15,8.954869270324707,8.954869270324707,8.954869270324707,8.954869270324707,0
2021-11-16,8.946334838867188,8.946334838867188,8.946334838867188,8.946334838867188,0
2021-11-17,8.971945762634277,8.971945762634277,8.971945762634277,8.971945762634277,0
2021-11-18,8.980486869812012,8.980486869812012,8.980486869812012,8.980486869812012,0
2021-11-19,8.98901653289795,8.98901653289795,8.98901653289795,8.98901653289795,0
2021-11-22,8.954869270324707,8.954869270324707,8.954869270324707,8.954869270324707,0
2021-11-23,8.920722007751465,8.920722007751465,8.920722007751465,8.920722007751465,0
2021-11-24,8.937799453735352,8.937799453735352,8.937799453735352,8.937799453735352,0
2021-11-26,8.997553825378418,8.997553825378418,8.997553825378418,8.997553825378418,0
2021-11-29,8.98901653289795,8.98901653289795,8.98901653289795,8.98901653289795,0
2021-11-30,9.021515846252441,9.021515846252441,9.021515846252441,9.021515846252441,0
2021-12-01,9.030065536499023,9.030065536499023,9.030065536499023,9.030065536499023,0
2021-12-02,9.012961387634277,9.012961387634277,9.012961387634277,9.012961387634277,0
2021-12-03,9.047165870666504,9.047165870666504,9.047165870666504,9.047165870666504,0
2021-12-06,9.021515846252441,9.021515846252441,9.021515846252441,9.021515846252441,0
2021-12-07,9.004408836364746,9.004408836364746,9.004408836364746,9.004408836364746,0
2021-12-08,8.978754997253418,8.978754997253418,8.978754997253418,8.978754997253418,0
2021-12-09,8.989039421081543,8.989039421081543,8.989039421081543,8.989039421081543,0
2021-12-10,8.989039421081543,8.989039421081543,8.989039421081543,8.989039421081543,0
2021-12-13,9.014752388000488,9.014752388000488,9.014752388000488,9.014752388000488,0
2021-12-14,9.00617790222168,9.00617790222168,9.00617790222168,9.00617790222168,0
2021-12-15,8.989039421081543,8.989039421081543,8.989039421081543,8.989039421081543,0
2021-12-16,9.00617790222168,9.00617790222168,9.00617790222168,9.00617790222168,0
2021-12-17,9.0233154296875,9.0233154296875,9.0233154296875,9.0233154296875,0
2021-12-20,9.00617790222168,9.00617790222168,9.00617790222168,9.00617790222168,0
2021-12-21,8.989039421081543,8.989039421081543,8.989039421081543,8.989039421081543,0
2021-12-22,8.997607231140137,8.997607231140137,8.997607231140137,8.997607231140137,0
2021-12-23,8.980472564697266,8.980472564697266,8.980472564697266,8.980472564697266,0
2021-12-27,8.989039421081543,8.989039421081543,8.989039421081543,8.989039421081543,0
2021-12-28,8.989039421081543,8.989039421081543,8.989039421081543,8.989039421081543,0
2021-12-29,8.96333122253418,8.96333122253418,8.96333122253418,8.96333122253418,0
2021-12-30,8.980472564697266,8.980472564697266,8.980472564697266,8.980472564697266,0
2021-12-31,8.989039421081543,8.989039421081543,8.989039421081543,8.989039421081543,0
2022-01-03,8.920489311218262,8.920489311218262,8.920489311218262,8.920489311218262,0
2022-01-04,8.920489311218262,8.920489311218262,8.920489311218262,8.920489311218262,0
2022-01-05,8.894779205322266,8.894779205322266,8.894779205322266,8.894779205322266,0
2022-01-06,8.886208534240723,8.886208534240723,8.886208534240723,8.886208534240723,0
2022-01-07,8.860504150390625,8.860504150390625,8.860504150390625,8.860504150390625,0
2022-01-10,8.851934432983398,8.851934432983398,8.851934432983398,8.851934432983398,0
2022-01-11,8.869071006774902,8.869071006774902,8.869071006774902,8.869071006774902,0
2022-01-12,8.869071006774902,8.869071006774902,8.869071006774902,8.869071006774902,0
2022-01-13,8.877642631530762,8.877642631530762,8.877642631530762,8.877642631530762,0
2022-01-14,8.834795951843262,8.834795951843262,8.834795951843262,8.834795951843262,0
2022-01-18,8.783381462097168,8.783381462097168,8.783381462097168,8.783381462097168,0
2022-01-19,8.800518035888672,8.800518035888672,8.800518035888672,8.800518035888672,0
2022-01-20,8.809088706970215,8.809088706970215,8.809088706970215,8.809088706970215,0
2022-01-21,8.834795951843262,8.834795951843262,8.834795951843262,8.834795951843262,0
2022-01-24,8.826223373413086,8.826223373413086,8.826223373413086,8.826223373413086,0
2022-01-25,8.817655563354492,8.817655563354492,8.817655563354492,8.817655563354492,0
2022-01-26,8.774810791015625,8.774810791015625,8.774810791015625,8.774810791015625,0
2022-01-27,8.800518035888672,8.800518035888672,8.800518035888672,8.800518035888672,0
2022-01-28,8.800518035888672,8.800518035888672,8.800518035888672,8.800518035888672,0
2022-01-31,8.804807662963867,8.804807662963867,8.804807662963867,8.804807662963867,0
2022-02-01,8.796229362487793,8.796229362487793,8.796229362487793,8.796229362487793,0
2022-02-02,8.813390731811523,8.813390731811523,8.813390731811523,8.813390731811523,0
2022-02-03,8.779061317443848,8.779061317443848,8.779061317443848,8.779061317443848,0
2022-02-04,8.718992233276367,8.718992233276367,8.718992233276367,8.718992233276367,0
2022-02-07,8.72757625579834,8.72757625579834,8.72757625579834,8.72757625579834,0
2022-02-08,8.701830863952637,8.701830863952637,8.701830863952637,8.701830863952637,0
2022-02-09,8.71041488647461,8.71041488647461,8.71041488647461,8.71041488647461,0
2022-02-10,8.633177757263184,8.633177757263184,8.633177757263184,8.633177757263184,0
2022-02-11,8.684667587280273,8.684667587280273,8.684667587280273,8.684667587280273,0
2022-02-14,8.641757011413574,8.641757011413574,8.641757011413574,8.641757011413574,0
2022-02-15,8.624593734741211,8.624593734741211,8.624593734741211,8.624593734741211,0
2022-02-16,8.633177757263184,8.633177757263184,8.633177757263184,8.633177757263184,0
2022-02-17,8.650338172912598,8.650338172912598,8.650338172912598,8.650338172912598,0
2022-02-18,8.667506217956543,8.667506217956543,8.667506217956543,8.667506217956543,0
2022-02-22,8.658920288085938,8.658920288085938,8.658920288085938,8.658920288085938,0
2022-02-23,8.624593734741211,8.624593734741211,8.624593734741211,8.624593734741211,0
2022-02-24,8.624593734741211,8.624593734741211,8.624593734741211,8.624593734741211,0
2022-02-25,8.633177757263184,8.633177757263184,8.633177757263184,8.633177757263184,0
2022-02-28,8.699365615844727,8.699365615844727,8.699365615844727,8.699365615844727,0
2022-03-01,8.759539604187012,8.759539604187012,8.759539604187012,8.759539604187012,0
2022-03-02,8.647791862487793,8.647791862487793,8.647791862487793,8.647791862487793,0
2022-03-03,8.673577308654785,8.673577308654785,8.673577308654785,8.673577308654785,0
2022-03-04,8.725157737731934,8.725157737731934,8.725157737731934,8.725157737731934,0
2022-03-07,8.682175636291504,8.682175636291504,8.682175636291504,8.682175636291504,0
2022-03-08,8.630597114562988,8.630597114562988,8.630597114562988,8.630597114562988,0
2022-03-09,8.60480785369873,8.60480785369873,8.60480785369873,8.60480785369873,0
2022-03-10,8.57042121887207,8.57042121887207,8.57042121887207,8.57042121887207,0
2022-03-11,8.5618257522583,8.5618257522583,8.5618257522583,8.5618257522583,0
2022-03-14,8.484460830688477,8.484460830688477,8.484460830688477,8.484460830688477,0
2022-03-15,8.484460830688477,8.484460830688477,8.484460830688477,8.484460830688477,0
2022-03-16,8.501654624938965,8.501654624938965,8.501654624938965,8.501654624938965,0
2022-03-17,8.501654624938965,8.501654624938965,8.501654624938965,8.501654624938965,0
2022-03-18,8.52744197845459,8.52744197845459,8.52744197845459,8.52744197845459,0
2022-03-21,8.45007610321045,8.45007610321045,8.45007610321045,8.45007610321045,0
2022-03-22,8.424284934997559,8.424284934997559,8.424284934997559,8.424284934997559,0
2022-03-23,8.475865364074707,8.475865364074707,8.475865364074707,8.475865364074707,0
2022-03-24,8.441476821899414,8.441476821899414,8.441476821899414,8.441476821899414,0
2022-03-25,8.372712135314941,8.372712135314941,8.372712135314941,8.372712135314941,0
2022-03-28,8.389904022216797,8.389904022216797,8.389904022216797,8.389904022216797,0
2022-03-29,8.424284934997559,8.424284934997559,8.424284934997559,8.424284934997559,0
2022-03-30,8.458673477172852,8.458673477172852,8.458673477172852,8.458673477172852,0
2022-03-31,8.465561866760254,8.465561866760254,8.465561866760254,8.465561866760254,0
2022-04-01,8.43972396850586,8.43972396850586,8.43972396850586,8.43972396850586,0
2022-04-04,8.43972396850586,8.43972396850586,8.43972396850586,8.43972396850586,0
2022-04-05,8.370830535888672,8.370830535888672,8.370830535888672,8.370830535888672,0
2022-04-06,8.344992637634277,8.344992637634277,8.344992637634277,8.344992637634277,0
2022-04-07,8.327773094177246,8.327773094177246,8.327773094177246,8.327773094177246,0
2022-04-08,8.284708976745605,8.284708976745605,8.284708976745605,8.284708976745605,0
2022-04-11,8.250264167785645,8.250264167785645,8.250264167785645,8.250264167785645,0
2022-04-12,8.276097297668457,8.276097297668457,8.276097297668457,8.276097297668457,0
2022-04-13,8.276097297668457,8.276097297668457,8.276097297668457,8.276097297668457,0
2022-04-14,8.224428176879883,8.224428176879883,8.224428176879883,8.224428176879883,0
2022-04-18,8.198593139648438,8.198593139648438,8.198593139648438,8.198593139648438,0
2022-04-19,8.155531883239746,8.155531883239746,8.155531883239746,8.155531883239746,0
2022-04-20,8.198593139648438,8.198593139648438,8.198593139648438,8.198593139648438,0
2022-04-21,8.155531883239746,8.155531883239746,8.155531883239746,8.155531883239746,0
2022-04-22,8.146917343139648,8.146917343139648,8.146917343139648,8.146917343139648,0
2022-04-25,8.18136978149414,8.18136978149414,8.18136978149414,8.18136978149414,0
2022-04-26,8.215815544128418,8.215815544128418,8.215815544128418,8.215815544128418,0
2022-04-27,8.189981460571289,8.189981460571289,8.189981460571289,8.189981460571289,0
2022-04-28,8.18136978149414,8.18136978149414,8.18136978149414,8.18136978149414,0
2022-04-29,8.144269943237305,8.144269943237305,8.144269943237305,8.144269943237305,0
2022-05-02,8.092503547668457,8.092503547668457,8.092503547668457,8.092503547668457,0
2022-05-03,8.101130485534668,8.101130485534668,8.101130485534668,8.101130485534668,0
2022-05-04,8.144269943237305,8.144269943237305,8.144269943237305,8.144269943237305,0
2022-05-05,8.083877563476562,8.083877563476562,8.083877563476562,8.083877563476562,0
2022-05-06,8.049368858337402,8.049368858337402,8.049368858337402,8.049368858337402,0
2022-05-09,8.083877563476562,8.083877563476562,8.083877563476562,8.083877563476562,0
2022-05-10,8.101130485534668,8.101130485534668,8.101130485534668,8.101130485534668,0
2022-05-11,8.135643005371094,8.135643005371094,8.135643005371094,8.135643005371094,0
2022-05-12,8.152898788452148,8.152898788452148,8.152898788452148,8.152898788452148,0
2022-05-13,8.118387222290039,8.118387222290039,8.118387222290039,8.118387222290039,0
2022-05-16,8.135643005371094,8.135643005371094,8.135643005371094,8.135643005371094,0
2022-05-17,8.083877563476562,8.083877563476562,8.083877563476562,8.083877563476562,0
2022-05-18,8.118387222290039,8.118387222290039,8.118387222290039,8.118387222290039,0
2022-05-19,8.135643005371094,8.135643005371094,8.135643005371094,8.135643005371094,0
2022-05-20,8.17015266418457,8.17015266418457,8.17015266418457,8.17015266418457,0
2022-05-23,8.135643005371094,8.135643005371094,8.135643005371094,8.135643005371094,0
2022-05-24,8.196033477783203,8.196033477783203,8.196033477783203,8.196033477783203,0
2022-05-25,8.221916198730469,8.221916198730469,8.221916198730469,8.221916198730469,0
2022-05-26,8.230542182922363,8.230542182922363,8.230542182922363,8.230542182922363,0
2022-05-27,8.239167213439941,8.239167213439941,8.239167213439941,8.239167213439941,0
2022-05-31,8.194221496582031,8.194221496582031,8.194221496582031,8.194221496582031,0
2022-06-01,8.168294906616211,8.168294906616211,8.168294906616211,8.168294906616211,0
2022-06-02,8.176934242248535,8.176934242248535,8.176934242248535,8.176934242248535,0
2022-06-03,8.168294906616211,8.168294906616211,8.168294906616211,8.168294906616211,0
2022-06-06,8.116432189941406,8.116432189941406,8.116432189941406,8.116432189941406,0
2022-06-07,8.142358779907227,8.142358779907227,8.142358779907227,8.142358779907227,0
2022-06-08,8.116432189941406,8.116432189941406,8.116432189941406,8.116432189941406,0
2022-06-09,8.107784271240234,8.107784271240234,8.107784271240234,8.107784271240234,0
2022-06-10,8.047279357910156,8.047279357910156,8.047279357910156,8.047279357910156,0
2022-06-13,7.917625904083252,7.917625904083252,7.917625904083252,7.917625904083252,0
2022-06-14,7.865762710571289,7.865762710571289,7.865762710571289,7.865762710571289,0
2022-06-15,7.952200412750244,7.952200412750244,7.952200412750244,7.952200412750244,0
2022-06-16,7.969488620758057,7.969488620758056,7.969488620758056,7.969488620758056,0
2022-06-17,7.969488620758057,7.969488620758056,7.969488620758056,7.969488620758056,0
2022-06-21,7.94355583190918,7.94355583190918,7.94355583190918,7.94355583190918,0
2022-06-22,8.004061698913574,8.004061698913574,8.004061698913574,8.004061698913574,0
2022-06-23,8.038639068603516,8.038639068603516,8.038639068603516,8.038639068603516,0
2022-06-24,8.021347045898438,8.021347045898438,8.021347045898438,8.021347045898438,0
2022-06-27,7.986775875091553,7.986775875091553,7.986775875091553,7.986775875091553,0
2022-06-28,7.995419502258301,7.995419502258301,7.995419502258301,7.995419502258301,0
2022-06-29,8.038639068603516,8.038639068603516,8.038639068603516,8.038639068603516,0
2022-06-30,8.074156761169434,8.074156761169434,8.074156761169434,8.074156761169434,0
2022-07-01,8.126139640808105,8.126139640808105,8.126139640808105,8.126139640808105,0
2022-07-05,8.15212631225586,8.15212631225586,8.15212631225586,8.15212631225586,0
2022-07-06,8.100150108337402,8.100150108337402,8.100150108337402,8.100150108337402,0
2022-07-07,8.074156761169434,8.074156761169434,8.074156761169434,8.074156761169434,0
2022-07-08,8.04816722869873,8.04816722869873,8.04816722869873,8.04816722869873,0
2022-07-11,8.091482162475586,8.091482162475586,8.091482162475586,8.091482162475586,0
2022-07-12,8.100150108337402,8.100150108337402,8.100150108337402,8.100150108337402,0
2022-07-13,8.117469787597656,8.117469787597656,8.117469787597656,8.117469787597656,0
2022-07-14,8.091482162475586,8.091482162475586,8.091482162475586,8.091482162475586,0
2022-07-15,8.117469787597656,8.117469787597656,8.117469787597656,8.117469787597656,0
2022-07-18,8.108808517456055,8.108808517456055,8.108808517456055,8.108808517456055,0
2022-07-19,8.091482162475586,8.091482162475586,8.091482162475586,8.091482162475586,0
2022-07-20,8.0828218460083,8.0828218460083,8.0828218460083,8.0828218460083,0
2022-07-21,8.15212631225586,8.15212631225586,8.15212631225586,8.15212631225586,0
2022-07-22,8.2127685546875,8.2127685546875,8.2127685546875,8.2127685546875,0
2022-07-25,8.195443153381348,8.195443153381348,8.195443153381348,8.195443153381348,0
2022-07-26,8.18678092956543,8.18678092956543,8.18678092956543,8.18678092956543,0
2022-07-27,8.204106330871582,8.204106330871582,8.204106330871582,8.204106330871582,0
2022-07-28,8.26474666595459,8.26474666595459,8.26474666595459,8.26474666595459,0
2022-07-29,8.271692276000977,8.271692276000977,8.271692276000977,8.271692276000977,0
2022-08-01,8.30640983581543,8.30640983581543,8.30640983581543,8.30640983581543,0
2022-08-02,8.219614028930664,8.219614028930664,8.219614028930664,8.219614028930664,0
2022-08-03,8.254331588745117,8.254331588745117,8.254331588745117,8.254331588745117,0
2022-08-04,8.271692276000977,8.271692276000977,8.271692276000977,8.271692276000977,0
2022-08-05,8.184894561767578,8.184894561767578,8.184894561767578,8.184894561767578,0
2022-08-08,8.219614028930664,8.219614028930664,8.219614028930664,8.219614028930664,0
2022-08-09,8.202259063720703,8.202259063720703,8.202259063720703,8.202259063720703,0
2022-08-10,8.21093463897705,8.21093463897705,8.21093463897705,8.21093463897705,0
2022-08-11,8.176213264465332,8.176213264465332,8.176213264465332,8.176213264465332,0
2022-08-12,8.202259063720703,8.202259063720703,8.202259063720703,8.202259063720703,0
2022-08-15,8.219614028930664,8.219614028930664,8.219614028930664,8.219614028930664,0
2022-08-16,8.219614028930664,8.219614028930664,8.219614028930664,8.219614028930664,0
2022-08-17,8.167537689208984,8.167537689208984,8.167537689208984,8.167537689208984,0
2022-08-18,8.184894561767578,8.184894561767578,8.184894561767578,8.184894561767578,0
2022-08-19,8.132817268371582,8.132817268371582,8.132817268371582,8.132817268371582,0
2022-08-22,8.098100662231445,8.098100662231445,8.098100662231445,8.098100662231445,0
2022-08-23,8.089421272277832,8.089421272277832,8.089421272277832,8.089421272277832,0
2022-08-24,8.072057723999023,8.072057723999023,8.072057723999023,8.072057723999023,0
2022-08-25,8.106780052185059,8.106780052185059,8.106780052185059,8.106780052185059,0
2022-08-26,8.106780052185059,8.106780052185059,8.106780052185059,8.106780052185059,0
2022-08-29,8.072057723999023,8.072057723999023,8.072057723999023,8.072057723999023,0
2022-08-30,8.072057723999023,8.072057723999023,8.072057723999023,8.072057723999023,0
2022-08-31,8.038137435913086,8.038137435913086,8.038137435913086,8.038137435913086,0
2022-09-01,7.985939025878906,7.985939025878906,7.985939025878906,7.985939025878906,0
2022-09-02,8.020736694335938,8.020736694335938,8.020736694335938,8.020736694335938,0
2022-09-06,7.951141357421875,7.951141357421875,7.951141357421875,7.951141357421875,0
2022-09-07,7.994636058807373,7.994636058807373,7.994636058807373,7.994636058807373,0
2022-09-08,7.968537330627441,7.968537330627441,7.968537330627441,7.968537330627441,0
2022-09-09,7.959841251373291,7.959841251373292,7.959841251373292,7.959841251373292,0
2022-09-12,7.959841251373291,7.959841251373292,7.959841251373292,7.959841251373292,0
2022-09-13,7.916342258453369,7.916342258453369,7.916342258453369,7.916342258453369,0
2022-09-14,7.916342258453369,7.916342258453369,7.916342258453369,7.916342258453369,0
2022-09-15,7.898946762084961,7.898946762084961,7.898946762084961,7.898946762084961,0
2022-09-16,7.8902411460876465,7.8902411460876465,7.8902411460876465,7.8902411460876465,0
2022-09-19,7.8815460205078125,7.8815460205078125,7.8815460205078125,7.8815460205078125,0
2022-09-20,7.8467512130737305,7.8467512130737305,7.8467512130737305,7.8467512130737305,0
2022-09-21,7.8728461265563965,7.8728461265563965,7.8728461265563965,7.8728461265563965,0
2022-09-22,7.785858154296875,7.785858154296875,7.785858154296875,7.785858154296875,0
2022-09-23,7.768453598022461,7.768453598022461,7.768453598022461,7.768453598022461,0
2022-09-26,7.672762393951416,7.672762393951416,7.672762393951416,7.672762393951416,0
2022-09-27,7.637966156005859,7.637966156005859,7.637966156005859,7.637966156005859,0
2022-09-28,7.751058101654053,7.751058101654053,7.751058101654053,7.751058101654053,0
2022-09-29,7.716257095336914,7.716257095336914,7.716257095336914,7.716257095336914,0
2022-09-30,7.6901021003723145,7.6901021003723145,7.6901021003723145,7.6901021003723145,0
2022-10-03,7.759854316711426,7.759854316711427,7.759854316711427,7.759854316711427,0
2022-10-04,7.777292728424072,7.777292728424071,7.777292728424071,7.777292728424071,0
2022-10-05,7.733695983886719,7.733695983886719,7.733695983886719,7.733695983886719,0
2022-10-06,7.707541465759277,7.707541465759277,7.707541465759277,7.707541465759277,0
2022-10-07,7.672664642333984,7.672664642333984,7.672664642333984,7.672664642333984,0
2022-10-10,7.672664642333984,7.672664642333984,7.672664642333984,7.672664642333984,0
2022-10-11,7.637792110443115,7.637792110443115,7.637792110443115,7.637792110443115,0
2022-10-12,7.646510601043701,7.646510601043701,7.646510601043701,7.646510601043701,0
2022-10-13,7.611631870269775,7.611631870269775,7.611631870269775,7.611631870269775,0
2022-10-14,7.576756954193115,7.576756954193115,7.576756954193115,7.576756954193115,0
2022-10-17,7.585476398468018,7.585476398468018,7.585476398468018,7.585476398468018,0
2022-10-18,7.602914810180664,7.602914810180664,7.602914810180664,7.602914810180664,0
2022-10-19,7.541879653930664,7.541879653930664,7.541879653930664,7.541879653930664,0
2022-10-20,7.498286247253418,7.498286247253418,7.498286247253418,7.498286247253418,0
2022-10-21,7.498286247253418,7.498286247253418,7.498286247253418,7.498286247253418,0
2022-10-24,7.489567756652832,7.489567756652832,7.489567756652832,7.489567756652832,0
2022-10-25,7.5680389404296875,7.5680389404296875,7.5680389404296875,7.5680389404296875,0
2022-10-26,7.602914810180664,7.602914810180664,7.602914810180664,7.602914810180664,0
2022-10-27,7.646510601043701,7.646510601043701,7.646510601043701,7.646510601043701,0
2022-10-28,7.620348930358887,7.620348930358886,7.620348930358886,7.620348930358886,0
2022-10-31,7.593264579772949,7.593264579772949,7.593264579772949,7.593264579772949,0
2022-11-01,7.610739707946777,7.610739707946777,7.610739707946777,7.610739707946777,0
2022-11-02,7.602001667022705,7.602001667022705,7.602001667022705,7.602001667022705,0
2022-11-03,7.567049503326416,7.567049503326417,7.567049503326417,7.567049503326417,0
2022-11-04,7.55831241607666,7.55831241607666,7.55831241607666,7.55831241607666,0
2022-11-07,7.540834903717041,7.540834903717042,7.540834903717042,7.540834903717042,0
2022-11-08,7.575788974761963,7.575788974761963,7.575788974761963,7.575788974761963,0
2022-11-09,7.5845255851745605,7.5845255851745605,7.5845255851745605,7.5845255851745605,0
2022-11-10,7.733069896697998,7.733069896697998,7.733069896697998,7.733069896697998,0
2022-11-11,7.7418084144592285,7.7418084144592285,7.7418084144592285,7.7418084144592285,0
2022-11-14,7.724332809448242,7.724332809448242,7.724332809448242,7.724332809448242,0
2022-11-15,7.776761531829834,7.776761531829834,7.776761531829834,7.776761531829834,0
2022-11-16,7.820450305938721,7.820450305938721,7.820450305938721,7.820450305938721,0
2022-11-17,7.785496711730957,7.785496711730957,7.785496711730957,7.785496711730957,0
2022-11-18,7.768022537231445,7.768022537231445,7.768022537231445,7.768022537231445,0
2022-11-21,7.776761531829834,7.776761531829834,7.776761531829834,7.776761531829834,0
2022-11-22,7.8117146492004395,7.8117146492004395,7.8117146492004395,7.8117146492004395,0
2022-11-23,7.855403423309326,7.855403423309326,7.855403423309326,7.855403423309326,0
2022-11-25,7.855403423309326,7.855403423309326,7.855403423309326,7.855403423309326,0
2022-11-28,7.855403423309326,7.855403423309326,7.855403423309326,7.855403423309326,0
2022-11-29,7.820450305938721,7.820450305938721,7.820450305938721,7.820450305938721,0
2022-11-30,7.874760627746582,7.874760627746582,7.874760627746582,7.874760627746582,0
2022-12-01,7.944836616516113,7.944836616516113,7.944836616516113,7.944836616516113,0
2022-12-02,7.971111297607422,7.971111297607422,7.971111297607422,7.971111297607422,0
2022-12-05,7.918556213378906,7.918556213378905,7.918556213378905,7.918556213378905,0
2022-12-06,7.944836616516113,7.944836616516113,7.944836616516113,7.944836616516113,0
2022-12-07,8.014908790588379,8.014908790588379,8.014908790588379,8.014908790588379,0
2022-12-08,7.988630294799805,7.988630294799805,7.988630294799805,7.988630294799805,0
2022-12-09,7.936076641082764,7.936076641082764,7.936076641082764,7.936076641082764,0
2022-12-12,7.944836616516113,7.944836616516113,7.944836616516113,7.944836616516113,0
2022-12-13,7.993148326873779,7.993148326873779,7.993148326873779,7.993148326873779,0
2022-12-14,8.019495964050293,8.019495964050293,8.019495964050293,8.019495964050293,0
2022-12-15,8.028282165527344,8.028282165527344,8.028282165527344,8.028282165527344,0
2022-12-16,8.001928329467773,8.001928329467773,8.001928329467773,8.001928329467773,0
2022-12-19,7.958008289337158,7.958008289337158,7.958008289337158,7.958008289337158,0
2022-12-20,7.905309677124023,7.905309677124023,7.905309677124023,7.905309677124023,0
2022-12-21,7.922876358032227,7.922876358032227,7.922876358032227,7.922876358032227,0
2022-12-22,7.91409158706665,7.91409158706665,7.91409158706665,7.91409158706665,0
2022-12-23,7.887738227844238,7.887738227844238,7.887738227844238,7.887738227844238,0
2022-12-27,7.835038185119629,7.835038185119629,7.835038185119629,7.835038185119629,0
2022-12-28,7.817471981048584,7.817471981048584,7.817471981048584,7.817471981048584,0
2022-12-29,7.852604866027832,7.852604866027832,7.852604866027832,7.852604866027832,0
2022-12-30,7.817471981048584,7.817471981048584,7.817471981048584,7.817471981048584,0
2023-01-03,7.852604866027832,7.852604866027832,7.852604866027832,7.852604866027832,0
2023-01-04,7.896525859832764,7.896525859832765,7.896525859832765,7.896525859832765,0
2023-01-05,7.896525859832764,7.896525859832765,7.896525859832765,7.896525859832765,0
2023-01-06,7.9755778312683105,7.9755778312683105,7.9755778312683105,7.9755778312683105,0
2023-01-09,8.001928329467773,8.001928329467773,8.001928329467773,8.001928329467773,0
2023-01-10,7.966794013977051,7.966794013977051,7.966794013977051,7.966794013977051,0
2023-01-11,8.010710716247559,8.010710716247559,8.010710716247559,8.010710716247559,0
2023-01-12,8.072199821472168,8.072199821472168,8.072199821472168,8.072199821472168,0
2023-01-13,8.045845985412598,8.045845985412598,8.045845985412598,8.045845985412598,0
2023-01-17,8.028282165527344,8.028282165527344,8.028282165527344,8.028282165527344,0
2023-01-18,8.107331275939941,8.107331275939941,8.107331275939941,8.107331275939941,0
2023-01-19,8.089765548706055,8.089765548706055,8.089765548706055,8.089765548706055,0
2023-01-20,8.045845985412598,8.045845985412598,8.045845985412598,8.045845985412598,0
2023-01-23,8.028282165527344,8.028282165527344,8.028282165527344,8.028282165527344,0
2023-01-24,8.063413619995117,8.063413619995117,8.063413619995117,8.063413619995117,0
2023-01-25,8.072199821472168,8.072199821472168,8.072199821472168,8.072199821472168,0
2023-01-26,8.063413619995117,8.063413619995117,8.063413619995117,8.063413619995117,0
2023-01-27,8.054630279541016,8.054630279541016,8.054630279541016,8.054630279541016,0
2023-01-30,8.028282165527344,8.028282165527344,8.028282165527344,8.028282165527344,0
2023-01-31,8.074065208435059,8.074065208435059,8.074065208435059,8.074065208435059,0
2023-02-01,8.126893043518066,8.126893043518066,8.126893043518066,8.126893043518066,0
2023-02-02,8.135698318481445,8.135698318481445,8.135698318481445,8.135698318481445,0
2023-02-03,8.074065208435059,8.074065208435059,8.074065208435059,8.074065208435059,0
2023-02-06,8.021235466003418,8.021235466003418,8.021235466003418,8.021235466003418,0
2023-02-07,8.003623962402344,8.003623962402344,8.003623962402344,8.003623962402344,0
2023-02-08,8.012432098388672,8.012432098388672,8.012432098388672,8.012432098388672,0
2023-02-09,7.986011981964111,7.986011981964111,7.986011981964111,7.986011981964111,0
2023-02-10,7.950796127319336,7.950796127319336,7.950796127319336,7.950796127319336,0
2023-02-13,7.968405723571777,7.968405723571777,7.968405723571777,7.968405723571777,0
2023-02-14,7.941993713378906,7.941993713378906,7.941993713378906,7.941993713378906,0
2023-02-15,7.92438268661499,7.92438268661499,7.92438268661499,7.92438268661499,0
2023-02-16,7.897970199584961,7.897970199584961,7.897970199584961,7.897970199584961,0
2023-02-17,7.906769275665283,7.906769275665283,7.906769275665283,7.906769275665283,0
2023-02-21,7.836334705352783,7.836334705352783,7.836334705352783,7.836334705352783,0
2023-02-22,7.85394287109375,7.85394287109375,7.85394287109375,7.85394287109375,0
2023-02-23,7.88035774230957,7.88035774230957,7.88035774230957,7.88035774230957,0
2023-02-24,7.836334705352783,7.836334705352783,7.836334705352783,7.836334705352783,0
2023-02-27,7.845137119293213,7.845137119293214,7.845137119293214,7.845137119293214,0
2023-02-28,7.873382568359375,7.873382568359376,7.873382568359376,7.873382568359376,0
2023-03-01,7.820423126220703,7.820423126220703,7.820423126220703,7.820423126220703,0
2023-03-02,7.793943405151367,7.793943405151367,7.793943405151367,7.793943405151367,0
2023-03-03,7.85573148727417,7.85573148727417,7.85573148727417,7.85573148727417,0
2023-03-06,7.8469014167785645,7.8469014167785645,7.8469014167785645,7.8469014167785645,0
2023-03-07,7.838076591491699,7.838076591491699,7.838076591491699,7.838076591491699,0
2023-03-08,7.829247951507568,7.829247951507568,7.829247951507568,7.829247951507568,0
2023-03-09,7.85573148727417,7.85573148727417,7.85573148727417,7.85573148727417,0
2023-03-10,7.943997859954834,7.943997859954834,7.943997859954834,7.943997859954834,0
2023-03-13,8.005782127380371,8.005782127380371,8.005782127380371,8.005782127380371,0
2023-03-14,7.952824115753174,7.952824115753174,7.952824115753174,7.952824115753174,0
2023-03-15,8.023436546325684,8.023436546325684,8.023436546325684,8.023436546325684,0
2023-03-16,7.979301929473877,7.979301929473877,7.979301929473877,7.979301929473877,0
2023-03-17,8.049915313720703,8.049915313720703,8.049915313720703,8.049915313720703,0
2023-03-20,8.01461124420166,8.01461124420166,8.01461124420166,8.01461124420166,0
2023-03-21,7.979301929473877,7.979301929473877,7.979301929473877,7.979301929473877,0
2023-03-22,8.058744430541992,8.058744430541992,8.058744430541992,8.058744430541992,0
2023-03-23,8.085224151611328,8.085224151611328,8.085224151611328,8.085224151611328,0
2023-03-24,8.085224151611328,8.085224151611328,8.085224151611328,8.085224151611328,0
2023-03-27,8.005782127380371,8.005782127380371,8.005782127380371,8.005782127380371,0
2023-03-28,7.996957778930664,7.996957778930664,7.996957778930664,7.996957778930664,0
2023-03-29,7.996957778930664,7.996957778930664,7.996957778930664,7.996957778930664,0
2023-03-30,8.005782127380371,8.005782127380371,8.005782127380371,8.005782127380371,0
2023-03-31,8.070381164550781,8.070381164550781,8.070381164550781,8.070381164550781,0
2023-04-03,8.096928596496582,8.096928596496582,8.096928596496582,8.096928596496582,0
2023-04-04,8.132326126098633,8.132326126098633,8.132326126098633,8.132326126098633,0
2023-04-05,8.158872604370117,8.158872604370117,8.158872604370117,8.158872604370117,0
2023-04-06,8.150023460388184,8.150023460388184,8.150023460388184,8.150023460388184,0
2023-04-10,8.088079452514648,8.088079452514648,8.088079452514648,8.088079452514648,0
2023-04-11,8.096928596496582,8.096928596496582,8.096928596496582,8.096928596496582,0
2023-04-12,8.11462688446045,8.11462688446045,8.11462688446045,8.11462688446045,0
2023-04-13,8.096928596496582,8.096928596496582,8.096928596496582,8.096928596496582,0
2023-04-14,8.061532020568848,8.061532020568848,8.061532020568848,8.061532020568848,0
2023-04-17,8.017288208007812,8.017288208007812,8.017288208007812,8.017288208007812,0
2023-04-18,8.02613639831543,8.02613639831543,8.02613639831543,8.02613639831543,0
2023-04-19,8.017288208007812,8.017288208007812,8.017288208007812,8.017288208007812,0
2023-04-20,8.05268383026123,8.05268383026123,8.05268383026123,8.05268383026123,0
2023-04-21,8.034984588623047,8.034984588623047,8.034984588623047,8.034984588623047,0
2023-04-24,8.070381164550781,8.070381164550781,8.070381164550781,8.070381164550781,0
2023-04-25,8.1234769821167,8.1234769821167,8.1234769821167,8.1234769821167,0
2023-04-26,8.088079452514648,8.088079452514648,8.088079452514648,8.088079452514648,0
2023-04-27,8.05268383026123,8.05268383026123,8.05268383026123,8.05268383026123,0
2023-04-28,8.11744499206543,8.11744499206543,8.11744499206543,8.11744499206543,0
2023-05-01,8.037601470947266,8.037601470947266,8.037601470947266,8.037601470947266,0
2023-05-02,8.10857105255127,8.10857105255127,8.10857105255127,8.10857105255127,0
2023-05-03,8.15293025970459,8.15293025970459,8.15293025970459,8.15293025970459,0
2023-05-04,8.135190963745117,8.135190963745117,8.135190963745117,8.135190963745117,0
2023-05-05,8.10857105255127,8.10857105255127,8.10857105255127,8.10857105255127,0
2023-05-08,8.064215660095215,8.064215660095215,8.064215660095215,8.064215660095215,0
2023-05-09,8.055344581604004,8.055344581604004,8.055344581604004,8.055344581604004,0
2023-05-10,8.099701881408691,8.099701881408691,8.099701881408691,8.099701881408691,0
2023-05-11,8.126317977905273,8.126317977905273,8.126317977905273,8.126317977905273,0
2023-05-12,8.090828895568848,8.090828895568848,8.090828895568848,8.090828895568848,0
2023-05-15,8.064215660095215,8.064215660095215,8.064215660095215,8.064215660095215,0
2023-05-16,8.046470642089844,8.046470642089844,8.046470642089844,8.046470642089844,0
2023-05-17,8.028729438781738,8.028729438781738,8.028729438781738,8.028729438781738,0
2023-05-18,7.993242263793945,7.993242263793945,7.993242263793945,7.993242263793945,0
2023-05-19,7.9666290283203125,7.9666290283203125,7.9666290283203125,7.9666290283203125,0
2023-05-22,7.9666290283203125,7.9666290283203125,7.9666290283203125,7.9666290283203125,0
2023-05-23,7.9666290283203125,7.9666290283203125,7.9666290283203125,7.9666290283203125,0
2023-05-24,7.948884963989258,7.948884963989258,7.948884963989258,7.948884963989258,0
2023-05-25,7.913399696350098,7.913399696350098,7.913399696350098,7.913399696350098,0
2023-05-26,7.922272682189941,7.9222726821899405,7.9222726821899405,7.9222726821899405,0
2023-05-30,7.975500106811523,7.975500106811523,7.975500106811523,7.975500106811523,0
2023-05-31,8.032429695129395,8.032429695129395,8.032429695129395,8.032429695129395,0
2023-06-01,8.041325569152832,8.041325569152832,8.041325569152832,8.041325569152832,0
2023-06-02,8.005745887756348,8.005745887756348,8.005745887756348,8.005745887756348,0
2023-06-05,8.005745887756348,8.005745887756348,8.005745887756348,8.005745887756348,0
2023-06-06,8.014638900756836,8.014638900756836,8.014638900756836,8.014638900756836,0
2023-06-07,7.970162868499756,7.970162868499756,7.970162868499756,7.970162868499756,0
2023-06-08,8.005745887756348,8.005745887756348,8.005745887756348,8.005745887756348,0
2023-06-09,7.987952709197998,7.987952709197998,7.987952709197998,7.987952709197998,0
2023-06-12,8.005745887756348,8.005745887756348,8.005745887756348,8.005745887756348,0
2023-06-13,7.961265563964844,7.961265563964844,7.961265563964844,7.961265563964844,0
2023-06-14,7.970162868499756,7.970162868499756,7.970162868499756,7.970162868499756,0
2023-06-15,8.014638900756836,8.014638900756836,8.014638900756836,8.014638900756836,0
2023-06-16,7.996850490570068,7.996850490570068,7.996850490570068,7.996850490570068,0
2023-06-20,8.014638900756836,8.014638900756836,8.014638900756836,8.014638900756836,0
2023-06-21,8.014638900756836,8.014638900756836,8.014638900756836,8.014638900756836,0
2023-06-22,7.979062557220459,7.979062557220459,7.979062557220459,7.979062557220459,0
2023-06-23,8.005745887756348,8.005745887756348,8.005745887756348,8.005745887756348,0
2023-06-26,8.014638900756836,8.014638900756836,8.014638900756836,8.014638900756836,0
2023-06-27,7.996850490570068,7.996850490570068,7.996850490570068,7.996850490570068,0
2023-06-28,8.023534774780273,8.023534774780273,8.023534774780273,8.023534774780273,0
2023-06-29,7.961265563964844,7.961265563964844,7.961265563964844,7.961265563964844,0
2023-06-30,7.9996209144592285,7.9996209144592285,7.9996209144592285,7.9996209144592285,0
2023-07-03,7.981778621673584,7.981778621673584,7.981778621673584,7.981778621673584,0
2023-07-05,7.946106910705566,7.9461069107055655,7.9461069107055655,7.9461069107055655,0
2023-07-06,7.892597675323486,7.892597675323486,7.892597675323486,7.892597675323486,0
2023-07-07,7.892597675323486,7.892597675323486,7.892597675323486,7.892597675323486,0
2023-07-10,7.919353008270264,7.919353008270264,7.919353008270264,7.919353008270264,0
2023-07-11,7.919353008270264,7.919353008270264,7.919353008270264,7.919353008270264,0
2023-07-12,7.990697383880615,7.990697383880615,7.990697383880615,7.990697383880615,0
2023-07-13,8.044209480285645,8.044209480285645,8.044209480285645,8.044209480285645,0
2023-07-14,8.008532524108887,8.008532524108887,8.008532524108887,8.008532524108887,0
2023-07-17,8.017454147338867,8.017454147338867,8.017454147338867,8.017454147338867,0
2023-07-18,8.026372909545898,8.026372909545898,8.026372909545898,8.026372909545898,0
2023-07-19,8.044209480285645,8.044209480285645,8.044209480285645,8.044209480285645,0
2023-07-20,7.9996209144592285,7.9996209144592285,7.9996209144592285,7.9996209144592285,0
2023-07-21,7.9996209144592285,7.9996209144592285,7.9996209144592285,7.9996209144592285,0
2023-07-24,7.990697383880615,7.990697383880615,7.990697383880615,7.990697383880615,0
2023-07-25,7.981778621673584,7.981778621673584,7.981778621673584,7.981778621673584,0
2023-07-26,7.9996209144592285,7.9996209144592285,7.9996209144592285,7.9996209144592285,0
2023-07-27,7.937188625335693,7.937188625335693,7.937188625335693,7.937188625335693,0
2023-07-28,7.963943004608154,7.963943004608154,7.963943004608154,7.963943004608154,0
2023-07-31,7.994348049163818,7.994348049163818,7.994348049163818,7.994348049163818,0
2023-08-01,7.9496355056762695,7.9496355056762695,7.9496355056762695,7.9496355056762695,0
2023-08-02,7.92280912399292,7.92280912399292,7.92280912399292,7.92280912399292,0
2023-08-03,7.869157791137695,7.869157791137695,7.869157791137695,7.869157791137695,0
2023-08-04,7.931750297546387,7.931750297546387,7.931750297546387,7.931750297546387,0
2023-08-07,7.92280912399292,7.92280912399292,7.92280912399292,7.92280912399292,0
2023-08-08,7.9496355056762695,7.9496355056762695,7.9496355056762695,7.9496355056762695,0
2023-08-09,7.958576679229736,7.958576679229736,7.958576679229736,7.958576679229736,0
2023-08-10,7.913867950439453,7.913867950439453,7.913867950439453,7.913867950439453,0
2023-08-11,7.87809944152832,7.87809944152832,7.87809944152832,7.87809944152832,0
2023-08-14,7.869157791137695,7.869157791137695,7.869157791137695,7.869157791137695,0
2023-08-15,7.851273059844971,7.851273059844971,7.851273059844971,7.851273059844971,0
2023-08-16,7.8333868980407715,7.8333868980407715,7.8333868980407715,7.8333868980407715,0
2023-08-17,7.824445724487305,7.824445724487306,7.824445724487306,7.824445724487306,0
2023-08-18,7.8333868980407715,7.8333868980407715,7.8333868980407715,7.8333868980407715,0
2023-08-21,7.797617435455322,7.797617435455322,7.797617435455322,7.797617435455322,0
2023-08-22,7.8065619468688965,7.8065619468688965,7.8065619468688965,7.8065619468688965,0
2023-08-23,7.869157791137695,7.869157791137695,7.869157791137695,7.869157791137695,0
2023-08-24,7.851273059844971,7.851273059844971,7.851273059844971,7.851273059844971,0
2023-08-25,7.851273059844971,7.851273059844971,7.851273059844971,7.851273059844971,0
2023-08-28,7.869157791137695,7.869157791137695,7.869157791137695,7.869157791137695,0
2023-08-29,7.913867950439453,7.913867950439453,7.913867950439453,7.913867950439453,0
2023-08-30,7.913867950439453,7.913867950439453,7.913867950439453,7.913867950439453,0
2023-08-31,7.945253849029541,7.945253849029541,7.945253849029541,7.945253849029541,0
2023-09-01,7.909383773803711,7.909383773803711,7.909383773803711,7.909383773803711,0
2023-09-05,7.8645453453063965,7.864545345306396,7.864545345306396,7.864545345306396,0
2023-09-06,7.855579853057861,7.855579853057861,7.855579853057861,7.855579853057861,0
2023-09-07,7.8735151290893555,7.8735151290893555,7.8735151290893555,7.8735151290893555,0
2023-09-08,7.8735151290893555,7.8735151290893555,7.8735151290893555,7.8735151290893555,0
2023-09-11,7.8645453453063965,7.864545345306396,7.864545345306396,7.864545345306396,0
2023-09-12,7.8735151290893555,7.8735151290893555,7.8735151290893555,7.8735151290893555,0
2023-09-13,7.882482051849365,7.882482051849365,7.882482051849365,7.882482051849365,0
2023-09-14,7.8645453453063965,7.864545345306396,7.864545345306396,7.864545345306396,0
2023-09-15,7.846611976623535,7.846611976623535,7.846611976623535,7.846611976623535,0
2023-09-18,7.855579853057861,7.855579853057861,7.855579853057861,7.855579853057861,0
2023-09-19,7.828675746917725,7.828675746917724,7.828675746917724,7.828675746917724,0
2023-09-20,7.828675746917725,7.828675746917724,7.828675746917724,7.828675746917724,0
2023-09-21,7.828675746917725,7.828675746917724,7.828675746917724,7.828675746917724,0
2023-09-22,7.8017730712890625,7.8017730712890625,7.8017730712890625,7.8017730712890625,0
2023-09-25,7.7479681968688965,7.7479681968688965,7.7479681968688965,7.7479681968688965,0
2023-09-26,7.7389984130859375,7.7389984130859375,7.7389984130859375,7.7389984130859375,0
2023-09-27,7.712098598480225,7.712098598480225,7.712098598480225,7.712098598480225,0
2023-09-28,7.7300310134887695,7.7300310134887695,7.7300310134887695,7.7300310134887695,0
2023-09-29,7.743522644042969,7.743522644042969,7.743522644042969,7.743522644042969,0
2023-10-02,7.689561367034912,7.689561367034912,7.689561367034912,7.689561367034912,0
2023-10-03,7.626605033874512,7.626605033874512,7.626605033874512,7.626605033874512,0
2023-10-04,7.671574592590332,7.671574592590332,7.671574592590332,7.671574592590332,0
2023-10-05,7.680568218231201,7.680568218231201,7.680568218231201,7.680568218231201,0
2023-10-06,7.644592761993408,7.644592761993408,7.644592761993408,7.644592761993408,0
2023-10-09,7.644592761993408,7.644592761993408,7.644592761993408,7.644592761993408,0
2023-10-10,7.7165446281433105,7.7165446281433105,7.7165446281433105,7.7165446281433105,0
2023-10-11,7.743522644042969,7.743522644042969,7.743522644042969,7.743522644042969,0
2023-10-12,7.680568218231201,7.680568218231201,7.680568218231201,7.680568218231201,0
2023-10-13,7.7165446281433105,7.7165446281433105,7.7165446281433105,7.7165446281433105,0
2023-10-16,7.680568218231201,7.680568218231201,7.680568218231201,7.680568218231201,0
2023-10-17,7.626605033874512,7.626605033874512,7.626605033874512,7.626605033874512,0
2023-10-18,7.590630054473877,7.590630054473877,7.590630054473877,7.590630054473877,0
2023-10-19,7.554656505584717,7.554656505584717,7.554656505584717,7.554656505584717,0
2023-10-20,7.581640243530273,7.581640243530273,7.581640243530273,7.581640243530273,0
2023-10-23,7.608618259429932,7.608618259429932,7.608618259429932,7.608618259429932,0
2023-10-24,7.626605033874512,7.626605033874512,7.626605033874512,7.626605033874512,0
2023-10-25,7.572643756866455,7.572643756866455,7.572643756866455,7.572643756866455,0
2023-10-26,7.626605033874512,7.626605033874512,7.626605033874512,7.626605033874512,0
2023-10-27,7.626605033874512,7.626605033874512,7.626605033874512,7.626605033874512,0
2023-10-30,7.608618259429932,7.608618259429932,7.608618259429932,7.608618259429932,0
2023-10-31,7.62214994430542,7.62214994430542,7.62214994430542,7.62214994430542,0
2023-11-01,7.694312572479248,7.694312572479248,7.694312572479248,7.694312572479248,0
2023-11-02,7.739415645599365,7.739415645599364,7.739415645599364,7.739415645599364,0
2023-11-03,7.793534755706787,7.793534755706787,7.793534755706787,7.793534755706787,0
2023-11-06,7.757453441619873,7.757453441619873,7.757453441619873,7.757453441619873,0
2023-11-07,7.793534755706787,7.793534755706787,7.793534755706787,7.793534755706787,0
2023-11-08,7.8205952644348145,7.8205952644348145,7.8205952644348145,7.8205952644348145,0
2023-11-09,7.757453441619873,7.757453441619873,7.757453441619873,7.757453441619873,0
2023-11-10,7.766471862792969,7.766471862792969,7.766471862792969,7.766471862792969,0
2023-11-13,7.766471862792969,7.766471862792969,7.766471862792969,7.766471862792969,0
2023-11-14,7.856675624847412,7.856675624847412,7.856675624847412,7.856675624847412,0
2023-11-15,7.8115739822387695,7.8115739822387695,7.8115739822387695,7.8115739822387695,0
2023-11-16,7.856675624847412,7.856675624847412,7.856675624847412,7.856675624847412,0
2023-11-17,7.865696430206299,7.865696430206299,7.865696430206299,7.865696430206299,0
2023-11-20,7.883736610412598,7.883736610412598,7.883736610412598,7.883736610412598,0
2023-11-21,7.883736610412598,7.883736610412598,7.883736610412598,7.883736610412598,0
2023-11-22,7.883736610412598,7.883736610412598,7.883736610412598,7.883736610412598,0
2023-11-24,7.856675624847412,7.856675624847412,7.856675624847412,7.856675624847412,0
2023-11-27,7.901776313781738,7.901776313781738,7.901776313781738,7.901776313781738,0
2023-11-28,7.928837299346924,7.928837299346924,7.928837299346924,7.928837299346924,0
2023-11-29,7.973942756652832,7.973942756652832,7.973942756652832,7.973942756652832,0
2023-11-30,7.9603729248046875,7.9603729248046875,7.9603729248046875,7.9603729248046875,0
2023-12-01,8.032737731933594,8.032737731933594,8.032737731933594,8.032737731933594,0
2023-12-04,8.005599975585938,8.005599975585938,8.005599975585938,8.005599975585938,0
2023-12-05,8.05083179473877,8.05083179473877,8.05083179473877,8.05083179473877,0
2023-12-06,8.07796859741211,8.07796859741211,8.07796859741211,8.07796859741211,0
2023-12-07,8.07796859741211,8.07796859741211,8.07796859741211,8.07796859741211,0
2023-12-08,8.04178524017334,8.04178524017334,8.04178524017334,8.04178524017334,0
2023-12-11,8.032737731933594,8.032737731933594,8.032737731933594,8.032737731933594,0
2023-12-12,8.05083179473877,8.05083179473877,8.05083179473877,8.05083179473877,0
2023-12-13,8.159383773803711,8.159383773803711,8.159383773803711,8.159383773803711,0
2023-12-14,8.222700119018555,8.222700119018555,8.222700119018555,8.222700119018555,0
2023-12-15,8.204608917236328,8.204608917236328,8.204608917236328,8.204608917236328,0
2023-12-18,8.186515808105469,8.186515808105469,8.186515808105469,8.186515808105469,0
2023-12-19,8.195565223693848,8.195565223693848,8.195565223693848,8.195565223693848,0
2023-12-20,8.231748580932617,8.231748580932617,8.231748580932617,8.231748580932617,0
2023-12-21,8.222700119018555,8.222700119018555,8.222700119018555,8.222700119018555,0
2023-12-22,8.213656425476074,8.213656425476074,8.213656425476074,8.213656425476074,0
2023-12-26,8.222700119018555,8.222700119018555,8.222700119018555,8.222700119018555,0
2023-12-27,8.276976585388184,8.276976585388184,8.276976585388184,8.276976585388184,0
2023-12-28,8.249839782714844,8.249839782714844,8.249839782714844,8.249839782714844,0
2023-12-29,8.255282402038574,8.255282402038574,8.255282402038574,8.255282402038574,0
2024-01-02,8.22806453704834,8.22806453704834,8.22806453704834,8.22806453704834,0
2024-01-03,8.22806453704834,8.22806453704834,8.22806453704834,8.22806453704834,0
2024-01-04,8.182708740234375,8.182708740234375,8.182708740234375,8.182708740234375,0
2024-01-05,8.164566040039062,8.164566040039062,8.164566040039062,8.164566040039062,0
2024-01-08,8.200852394104004,8.200852394104004,8.200852394104004,8.200852394104004,0
2024-01-09,8.191781044006348,8.191781044006348,8.191781044006348,8.191781044006348,0
2024-01-10,8.182708740234375,8.182708740234375,8.182708740234375,8.182708740234375,0
2024-01-11,8.218995094299316,8.218995094299316,8.218995094299316,8.218995094299316,0
2024-01-12,8.237141609191895,8.237141609191895,8.237141609191895,8.237141609191895,0
2024-01-16,8.182708740234375,8.182708740234375,8.182708740234375,8.182708740234375,0
2024-01-17,8.15549373626709,8.15549373626709,8.15549373626709,8.15549373626709,0
2024-01-18,8.137353897094727,8.137353897094727,8.137353897094727,8.137353897094727,0
2024-01-19,8.146422386169434,8.146422386169434,8.146422386169434,8.146422386169434,0
2024-01-22,8.15549373626709,8.15549373626709,8.15549373626709,8.15549373626709,0
2024-01-23,8.137353897094727,8.137353897094727,8.137353897094727,8.137353897094727,0
2024-01-24,8.119206428527832,8.119206428527832,8.119206428527832,8.119206428527832,0
2024-01-25,8.15549373626709,8.15549373626709,8.15549373626709,8.15549373626709,0
2024-01-26,8.146422386169434,8.146422386169434,8.146422386169434,8.146422386169434,0
2024-01-29,8.182708740234375,8.182708740234375,8.182708740234375,8.182708740234375,0
2024-01-30,8.182708740234375,8.182708740234375,8.182708740234375,8.182708740234375,0
2024-01-31,8.251852035522461,8.251852035522461,8.251852035522461,8.251852035522461,0
2024-02-01,8.28824520111084,8.28824520111084,8.28824520111084,8.28824520111084,0
2024-02-02,8.215461730957031,8.215461730957031,8.215461730957031,8.215461730957031,0
2024-02-05,8.151774406433105,8.151774406433105,8.151774406433105,8.151774406433105,0
2024-02-06,8.1881685256958,8.1881685256958,8.1881685256958,8.1881685256958,0
2024-02-07,8.16997241973877,8.16997241973877,8.16997241973877,8.16997241973877,0
2024-02-08,8.151774406433105,8.151774406433105,8.151774406433105,8.151774406433105,0
2024-02-09,8.142677307128906,8.142677307128906,8.142677307128906,8.142677307128906,0
2024-02-12,8.142677307128906,8.142677307128906,8.142677307128906,8.142677307128906,0
2024-02-13,8.06989574432373,8.06989574432373,8.06989574432373,8.06989574432373,0
2024-02-14,8.097187995910645,8.097187995910645,8.097187995910645,8.097187995910645,0
2024-02-15,8.124484062194824,8.124484062194824,8.124484062194824,8.124484062194824,0
2024-02-16,8.097187995910645,8.097187995910645,8.097187995910645,8.097187995910645,0
2024-02-20,8.097187995910645,8.097187995910645,8.097187995910645,8.097187995910645,0
2024-02-21,8.07899284362793,8.07899284362793,8.07899284362793,8.07899284362793,0
2024-02-22,8.07899284362793,8.07899284362793,8.07899284362793,8.07899284362793,0
2024-02-23,8.106285095214844,8.106285095214844,8.106285095214844,8.106285095214844,0
2024-02-26,8.097187995910645,8.097187995910645,8.097187995910645,8.097187995910645,0
2024-02-27,8.07899284362793,8.07899284362793,8.07899284362793,8.07899284362793,0
2024-02-28,8.097187995910645,8.097187995910645,8.097187995910645,8.097187995910645,0
2024-02-29,8.130035400390625,8.130035400390625,8.130035400390625,8.130035400390625,0
2024-03-01,8.157411575317383,8.157411575317383,8.157411575317383,8.157411575317383,0
2024-03-04,8.148286819458008,8.148286819458008,8.148286819458008,8.148286819458008,0
2024-03-05,8.184786796569824,8.184786796569824,8.184786796569824,8.184786796569824,0
2024-03-06,8.203032493591309,8.203032493591309,8.203032493591309,8.203032493591309,0
2024-03-07,8.212159156799316,8.212159156799316,8.212159156799316,8.212159156799316,0
2024-03-08,8.221284866333008,8.221284866333008,8.221284866333008,8.221284866333008,0
2024-03-11,8.230408668518066,8.230408668518066,8.230408668518066,8.230408668518066,0
2024-03-12,8.184786796569824,8.184786796569824,8.184786796569824,8.184786796569824,0
2024-03-13,8.175658226013184,8.175658226013184,8.175658226013184,8.175658226013184,0
2024-03-14,8.120911598205566,8.120911598205566,8.120911598205566,8.120911598205566,0
2024-03-15,8.120911598205566,8.120911598205566,8.120911598205566,8.120911598205566,0
2024-03-18,8.111785888671875,8.111785888671875,8.111785888671875,8.111785888671875,0
2024-03-19,8.130035400390625,8.130035400390625,8.130035400390625,8.130035400390625,0
2024-03-20,8.13916015625,8.13916015625,8.13916015625,8.13916015625,0
2024-03-21,8.148286819458008,8.148286819458008,8.148286819458008,8.148286819458008,0
2024-03-22,8.175658226013184,8.175658226013184,8.175658226013184,8.175658226013184,0
2024-03-25,8.157411575317383,8.157411575317383,8.157411575317383,8.157411575317383,0
2024-03-26,8.166535377502441,8.166535377502441,8.166535377502441,8.166535377502441,0
2024-03-27,8.184786796569824,8.184786796569824,8.184786796569824,8.184786796569824,0
2024-03-28,8.200343132019043,8.200343132019043,8.200343132019043,8.200343132019043,0
2024-04-01,8.145431518554688,8.145431518554688,8.145431518554688,8.145431518554688,0
2024-04-02,8.136277198791504,8.136277198791504,8.136277198791504,8.136277198791504,0
2024-04-03,8.136277198791504,8.136277198791504,8.136277198791504,8.136277198791504,0
2024-04-04,8.163737297058105,8.163737297058105,8.163737297058105,8.163737297058105,0
2024-04-05,8.117974281311035,8.117974281311035,8.117974281311035,8.117974281311035,0
2024-04-08,8.108821868896484,8.108821868896484,8.108821868896484,8.108821868896484,0
2024-04-09,8.136277198791504,8.136277198791504,8.136277198791504,8.136277198791504,0
2024-04-10,8.044754981994629,8.044754981994629,8.044754981994629,8.044754981994629,0
2024-04-11,8.035604476928711,8.035604476928711,8.035604476928711,8.035604476928711,0
2024-04-12,8.053908348083496,8.053908348083496,8.053908348083496,8.053908348083496,0
2024-04-15,7.998997211456299,7.998997211456299,7.998997211456299,7.998997211456299,0
2024-04-16,7.971539497375488,7.971539497375488,7.971539497375488,7.971539497375488,0
2024-04-17,8.01729965209961,8.01729965209961,8.01729965209961,8.01729965209961,0
2024-04-18,7.989842414855957,7.989842414855957,7.989842414855957,7.989842414855957,0
2024-04-19,7.998997211456299,7.998997211456299,7.998997211456299,7.998997211456299,0
2024-04-22,7.998997211456299,7.998997211456299,7.998997211456299,7.998997211456299,0
2024-04-23,8.01729965209961,8.01729965209961,8.01729965209961,8.01729965209961,0
2024-04-24,7.989842414855957,7.989842414855957,7.989842414855957,7.989842414855957,0
2024-04-25,7.962385654449463,7.962385654449463,7.962385654449463,7.962385654449463,0
2024-04-26,7.989842414855957,7.989842414855957,7.989842414855957,7.989842414855957,0
2024-04-29,8.008149147033691,8.008149147033691,8.008149147033691,8.008149147033691,0
2024-04-30,7.996213436126709,7.996213436126709,7.996213436126709,7.996213436126709,0
2024-05-01,8.02375602722168,8.02375602722168,8.02375602722168,8.02375602722168,0
2024-05-02,8.060478210449219,8.060478210449219,8.060478210449219,8.060478210449219,0
2024-05-03,8.097198486328125,8.097198486328125,8.097198486328125,8.097198486328125,0
2024-05-06,8.106378555297852,8.106378555297852,8.106378555297852,8.106378555297852,0
2024-05-07,8.124739646911621,8.124739646911621,8.124739646911621,8.124739646911621,0
2024-05-08,8.106378555297852,8.106378555297852,8.106378555297852,8.106378555297852,0
2024-05-09,8.124739646911621,8.124739646911621,8.124739646911621,8.124739646911621,0
2024-05-10,8.097198486328125,8.097198486328125,8.097198486328125,8.097198486328125,0
2024-05-13,8.106378555297852,8.106378555297852,8.106378555297852,8.106378555297852,0
2024-05-14,8.124739646911621,8.124739646911621,8.124739646911621,8.124739646911621,0
2024-05-15,8.179821968078613,8.179821968078613,8.179821968078613,8.179821968078613,0
2024-05-16,8.161460876464844,8.161460876464844,8.161460876464844,8.161460876464844,0
2024-05-17,8.143101692199707,8.143101692199707,8.143101692199707,8.143101692199707,0
2024-05-20,8.133919715881348,8.133919715881348,8.133919715881348,8.133919715881348,0
2024-05-21,8.143101692199707,8.143101692199707,8.143101692199707,8.143101692199707,0
2024-05-22,8.133919715881348,8.133919715881348,8.133919715881348,8.133919715881348,0
2024-05-23,8.106378555297852,8.106378555297852,8.106378555297852,8.106378555297852,0
2024-05-24,8.115559577941895,8.115559577941895,8.115559577941895,8.115559577941895,0
2024-05-28,8.078838348388672,8.078838348388672,8.078838348388672,8.078838348388672,0
2024-05-29,8.051298141479492,8.051298141479492,8.051298141479492,8.051298141479492,0
2024-05-30,8.078838348388672,8.078838348388672,8.078838348388672,8.078838348388672,0
2024-05-31,8.131327629089355,8.131327629089355,8.131327629089355,8.131327629089355,0
2024-06-03,8.177372932434082,8.177372932434082,8.177372932434082,8.177372932434082,0
2024-06-04,8.214207649230957,8.214207649230957,8.214207649230957,8.214207649230957,0
2024-06-05,8.232625961303711,8.232625961303711,8.232625961303711,8.232625961303711,0
2024-06-06,8.232625961303711,8.232625961303711,8.232625961303711,8.232625961303711,0
2024-06-07,8.16816520690918,8.16816520690918,8.16816520690918,8.16816520690918,0
2024-06-10,8.149744987487793,8.149744987487793,8.149744987487793,8.149744987487793,0
2024-06-11,8.186577796936035,8.186577796936035,8.186577796936035,8.186577796936035,0
2024-06-12,8.214207649230957,8.214207649230957,8.214207649230957,8.214207649230957,0
2024-06-13,8.260251998901367,8.260251998901367,8.260251998901367,8.260251998901367,0
2024-06-14,8.269457817077637,8.269457817077637,8.269457817077637,8.269457817077637,0
2024-06-17,8.232625961303711,8.232625961303711,8.232625961303711,8.232625961303711,0
2024-06-18,8.260251998901367,8.260251998901367,8.260251998901367,8.260251998901367,0
2024-06-20,8.251041412353516,8.251041412353516,8.251041412353516,8.251041412353516,0
2024-06-21,8.251041412353516,8.251041412353516,8.251041412353516,8.251041412353516,0
2024-06-24,8.251041412353516,8.251041412353516,8.251041412353516,8.251041412353516,0
2024-06-25,8.251041412353516,8.251041412353516,8.251041412353516,8.251041412353516,0
2024-06-26,8.214207649230957,8.214207649230957,8.214207649230957,8.214207649230957,0
2024-06-27,8.223414421081543,8.223414421081543,8.223414421081543,8.223414421081543,0
2024-06-28,8.211406707763672,8.211406707763672,8.211406707763672,8.211406707763672,0
2024-07-01,8.165225982666016,8.165225982666016,8.165225982666016,8.165225982666016,0
2024-07-02,8.183696746826172,8.183696746826172,8.183696746826172,8.183696746826172,0
2024-07-03,8.229880332946777,8.229880332946777,8.229880332946777,8.229880332946777,0
2024-07-05,8.266829490661621,8.266829490661621,8.266829490661621,8.266829490661621,0
2024-07-08,8.266829490661621,8.266829490661621,8.266829490661621,8.266829490661621,0
2024-07-09,8.266829490661621,8.266829490661621,8.266829490661621,8.266829490661621,0
2024-07-10,8.266829490661621,8.266829490661621,8.266829490661621,8.266829490661621,0
2024-07-11,8.313011169433594,8.313011169433594,8.313011169433594,8.313011169433594,0
2024-07-12,8.331483840942383,8.331483840942383,8.331483840942383,8.331483840942383,0
2024-07-15,8.303775787353516,8.303775787353516,8.303775787353516,8.303775787353516,0
2024-07-16,8.331483840942383,8.331483840942383,8.331483840942383,8.331483840942383,0
2024-07-17,8.340721130371094,8.340721130371094,8.340721130371094,8.340721130371094,0
2024-07-18,8.322246551513672,8.322246551513672,8.322246551513672,8.322246551513672,0
2024-07-19,8.294534683227539,8.294534683227539,8.294534683227539,8.294534683227539,0
2024-07-22,8.294534683227539,8.294534683227539,8.294534683227539,8.294534683227539,0
2024-07-23,8.294534683227539,8.294534683227539,8.294534683227539,8.294534683227539,0
2024-07-24,8.266829490661621,8.266829490661621,8.266829490661621,8.266829490661621,0
2024-07-25,8.28530216217041,8.28530216217041,8.28530216217041,8.28530216217041,0
2024-07-26,8.313011169433594,8.313011169433594,8.313011169433594,8.313011169433594,0
2024-07-29,8.322246551513672,8.322246551513672,8.322246551513672,8.322246551513672,0
2024-07-30,8.340721130371094,8.340721130371094,8.340721130371094,8.340721130371094,0
2024-07-31,8.403724670410156,8.403724670410156,8.403724670410156,8.403724670410156,0
2024-08-01,8.440788269042969,8.440788269042969,8.440788269042969,8.440788269042969,0
2024-08-02,8.533439636230469,8.533439636230469,8.533439636230469,8.533439636230469,0
2024-08-05,8.533439636230469,8.533439636230469,8.533439636230469,8.533439636230469,0
2024-08-06,8.477846145629883,8.477846145629883,8.477846145629883,8.477846145629883,0
2024-08-07,8.450053215026855,8.450053215026855,8.450053215026855,8.450053215026855,0
2024-08-08,8.440788269042969,8.440788269042969,8.440788269042969,8.440788269042969,0
2024-08-09,8.459319114685059,8.459319114685059,8.459319114685059,8.459319114685059,0
2024-08-12,8.477846145629883,8.477846145629883,8.477846145629883,8.477846145629883,0
2024-08-13,8.505646705627441,8.505646705627441,8.505646705627441,8.505646705627441,0
2024-08-14,8.524174690246582,8.524174690246582,8.524174690246582,8.524174690246582,0
2024-08-15,8.487112998962402,8.487112998962402,8.487112998962402,8.487112998962402,0
2024-08-16,8.496379852294922,8.496379852294922,8.496379852294922,8.496379852294922,0
2024-08-19,8.514911651611328,8.514911651611328,8.514911651611328,8.514911651611328,0
2024-08-20,8.533439636230469,8.533439636230469,8.533439636230469,8.533439636230469,0
2024-08-21,8.551970481872559,8.551970481872559,8.551970481872559,8.551970481872559,0
2024-08-22,8.514911651611328,8.514911651611328,8.514911651611328,8.514911651611328,0
2024-08-23,8.551970481872559,8.551970481872559,8.551970481872559,8.551970481872559,0
2024-08-26,8.542706489562988,8.542706489562988,8.542706489562988,8.542706489562988,0
2024-08-27,8.542706489562988,8.542706489562988,8.542706489562988,8.542706489562988,0
2024-08-28,8.533439636230469,8.533439636230469,8.533439636230469,8.533439636230469,0
2024-08-29,8.524174690246582,8.524174690246582,8.524174690246582,8.524174690246582,0
2024-08-30,8.531612396240234,8.531612396240234,8.531612396240234,8.531612396240234,0
2024-09-03,8.568787574768066,8.568787574768066,8.568787574768066,8.568787574768066,0
2024-09-04,8.60595989227295,8.60595989227295,8.60595989227295,8.60595989227295,0
2024-09-05,8.624547004699707,8.624547004699707,8.624547004699707,8.624547004699707,0
2024-09-06,8.633843421936035,8.633843421936035,8.633843421936035,8.633843421936035,0
2024-09-09,8.643134117126465,8.643134117126465,8.643134117126465,8.643134117126465,0
2024-09-10,8.671018600463867,8.671018600463867,8.671018600463867,8.671018600463867,0
2024-09-11,8.661724090576172,8.661724090576172,8.661724090576172,8.661724090576172,0
2024-09-12,8.652427673339844,8.652427673339844,8.652427673339844,8.652427673339844,0
2024-09-13,8.671018600463867,8.671018600463867,8.671018600463867,8.671018600463867,0
2024-09-16,8.689602851867676,8.689602851867676,8.689602851867676,8.689602851867676,0
2024-09-17,8.680312156677246,8.680312156677246,8.680312156677246,8.680312156677246,0
2024-09-18,8.652427673339844,8.652427673339844,8.652427673339844,8.652427673339844,0
2024-09-19,8.652427673339844,8.652427673339844,8.652427673339844,8.652427673339844,0
2024-09-20,8.643134117126465,8.643134117126465,8.643134117126465,8.643134117126465,0
2024-09-23,8.643134117126465,8.643134117126465,8.643134117126465,8.643134117126465,0
2024-09-24,8.652427673339844,8.652427673339844,8.652427673339844,8.652427673339844,0
2024-09-25,8.624547004699707,8.624547004699707,8.624547004699707,8.624547004699707,0
2024-09-26,8.615256309509277,8.615256309509277,8.615256309509277,8.615256309509277,0
2024-09-27,8.643134117126465,8.643134117126465,8.643134117126465,8.643134117126465,0
2024-09-30,8.640341758728027,8.640341758728027,8.640341758728027,8.640341758728027,0
2024-10-01,8.668299674987793,8.668299674987793,8.668299674987793,8.668299674987793,0
2024-10-02,8.649659156799316,8.649659156799316,8.649659156799316,8.649659156799316,0
2024-10-03,8.61237621307373,8.61237621307373,8.61237621307373,8.61237621307373,0
2024-10-04,8.54713249206543,8.54713249206543,8.54713249206543,8.54713249206543,0
2024-10-07,8.528491020202637,8.528491020202637,8.528491020202637,8.528491020202637,0
2024-10-08,8.528491020202637,8.528491020202637,8.528491020202637,8.528491020202637,0
2024-10-09,8.509849548339844,8.509849548339844,8.509849548339844,8.509849548339844,0
2024-10-10,8.509849548339844,8.509849548339844,8.509849548339844,8.509849548339844,0
2024-10-11,8.509849548339844,8.509849548339844,8.509849548339844,8.509849548339844,0
2024-10-14,8.500528335571289,8.500528335571289,8.500528335571289,8.500528335571289,0
2024-10-15,8.528491020202637,8.528491020202637,8.528491020202637,8.528491020202637,0
2024-10-16,8.537811279296875,8.537811279296875,8.537811279296875,8.537811279296875,0
2024-10-17,8.500528335571289,8.500528335571289,8.500528335571289,8.500528335571289,0
2024-10-18,8.509849548339844,8.509849548339844,8.509849548339844,8.509849548339844,0
2024-10-21,8.44460391998291,8.44460391998291,8.44460391998291,8.44460391998291,0
2024-10-22,8.44460391998291,8.44460391998291,8.44460391998291,8.44460391998291,0
2024-10-23,8.425963401794434,8.425963401794434,8.425963401794434,8.425963401794434,0
2024-10-24,8.435281753540039,8.435281753540039,8.435281753540039,8.435281753540039,0
2024-10-25,8.416640281677246,8.416640281677246,8.416640281677246,8.416640281677246,0
2024-10-28,8.407319068908691,8.407319068908691,8.407319068908691,8.407319068908691,0
2024-10-29,8.407319068908691,8.407319068908691,8.407319068908691,8.407319068908691,0
2024-10-30,8.407319068908691,8.407319068908691,8.407319068908691,8.407319068908691,0
2024-10-31,8.424149513244629,8.424149513244629,8.424149513244629,8.424149513244629,0
2024-11-01,8.386752128601074,8.386752128601074,8.386752128601074,8.386752128601074,0
2024-11-04,8.424149513244629,8.424149513244629,8.424149513244629,8.424149513244629,0
2024-11-05,8.442846298217773,8.442846298217773,8.442846298217773,8.442846298217773,0
2024-11-06,8.377399444580078,8.377399444580078,8.377399444580078,8.377399444580078,0
2024-11-07,8.433500289916992,8.433500289916992,8.433500289916992,8.433500289916992,0
2024-11-08,8.45219898223877,8.45219898223877,8.45219898223877,8.45219898223877,0
2024-11-11,8.433500289916992,8.433500289916992,8.433500289916992,8.433500289916992,0
2024-11-12,8.386752128601074,8.386752128601074,8.386752128601074,8.386752128601074,0
2024-11-13,8.377399444580078,8.377399444580078,8.377399444580078,8.377399444580078,0
2024-11-14,8.377399444580078,8.377399444580078,8.377399444580078,8.377399444580078,0
2024-11-15,8.368051528930664,8.368051528930664,8.368051528930664,8.368051528930664,0
2024-11-18,8.377399444580078,8.377399444580078,8.377399444580078,8.377399444580078,0
2024-11-19,8.396099090576172,8.396099090576172,8.396099090576172,8.396099090576172,0
2024-11-20,8.377399444580078,8.377399444580078,8.377399444580078,8.377399444580078,0
2024-11-21,8.377399444580078,8.377399444580078,8.377399444580078,8.377399444580078,0
2024-11-22,8.377399444580078,8.377399444580078,8.377399444580078,8.377399444580078,0
2024-11-25,8.45219898223877,8.45219898223877,8.45219898223877,8.45219898223877,0
2024-11-26,8.442846298217773,8.442846298217773,8.442846298217773,8.442846298217773,0
2024-11-27,8.461549758911133,8.461549758911133,8.461549758911133,8.461549758911133,0
2024-11-29,8.515002250671387,8.515002250671387,8.515002250671387,8.515002250671387,0
2024-12-02,8.515002250671387,8.515002250671387,8.515002250671387,8.515002250671387,0
2024-12-03,8.496247291564941,8.496247291564941,8.496247291564941,8.496247291564941,0
2024-12-04,8.533757209777832,8.533757209777832,8.533757209777832,8.533757209777832,0
2024-12-05,8.533757209777832,8.533757209777832,8.533757209777832,8.533757209777832,0
2024-12-06,8.552513122558594,8.552513122558594,8.552513122558594,8.552513122558594,0
2024-12-09,8.52437973022461,8.52437973022461,8.52437973022461,8.52437973022461,0
2024-12-10,8.515002250671387,8.515002250671387,8.515002250671387,8.515002250671387,0
2024-12-11,8.496247291564941,8.496247291564941,8.496247291564941,8.496247291564941,0
2024-12-12,8.45873737335205,8.45873737335205,8.45873737335205,8.45873737335205,0
2024-12-13,8.421223640441895,8.421223640441895,8.421223640441895,8.421223640441895,0
2024-12-16,8.430602073669434,8.430602073669434,8.430602073669434,8.430602073669434,0
2024-12-17,8.430602073669434,8.430602073669434,8.430602073669434,8.430602073669434,0
2024-12-18,8.374334335327148,8.374334335327148,8.374334335327148,8.374334335327148,0
2024-12-19,8.346202850341797,8.346202850341797,8.346202850341797,8.346202850341797,0
2024-12-20,8.364958763122559,8.364958763122559,8.364958763122559,8.364958763122559,0
2024-12-23,8.336823463439941,8.336823463439941,8.336823463439941,8.336823463439941,0
2024-12-24,8.336823463439941,8.336823463439941,8.336823463439941,8.336823463439941,0
2024-12-26,8.346202850341797,8.346202850341797,8.346202850341797,8.346202850341797,0
2024-12-27,8.327447891235352,8.327447891235352,8.327447891235352,8.327447891235352,0
2024-12-30,8.355582237243652,8.355582237243652,8.355582237243652,8.355582237243652,0
2024-12-31,8.372513771057129,8.372513771057129,8.372513771057129,8.372513771057129,0
2025-01-02,8.372513771057129,8.372513771057129,8.372513771057129,8.372513771057129,0
2025-01-03,8.363105773925781,8.363105773925781,8.363105773925781,8.363105773925781,0
2025-01-06,8.353699684143066,8.353699684143066,8.353699684143066,8.353699684143066,0
2025-01-07,8.32547664642334,8.32547664642334,8.32547664642334,8.32547664642334,0
2025-01-08,8.32547664642334,8.32547664642334,8.32547664642334,8.32547664642334,0
2025-01-10,8.278440475463867,8.278440475463867,8.278440475463867,8.278440475463867,0
2025-01-13,8.269034385681152,8.269034385681152,8.269034385681152,8.269034385681152,0
2025-01-14,8.269034385681152,8.269034385681152,8.269034385681152,8.269034385681152,0
2025-01-15,8.344289779663086,8.344289779663086,8.344289779663086,8.344289779663086,0
2025-01-16,8.363105773925781,8.363105773925781,8.363105773925781,8.363105773925781,0
2025-01-17,8.353699684143066,8.353699684143066,8.353699684143066,8.353699684143066,0
2025-01-21,8.381918907165527,8.381918907165527,8.381918907165527,8.381918907165527,0
2025-01-22,8.363105773925781,8.363105773925781,8.363105773925781,8.363105773925781,0
2025-01-23,8.353699684143066,8.353699684143066,8.353699684143066,8.353699684143066,0
2025-01-24,8.363105773925781,8.363105773925781,8.363105773925781,8.363105773925781,0
2025-01-27,8.400736808776855,8.400736808776855,8.400736808776855,8.400736808776855,0
2025-01-28,8.400736808776855,8.400736808776855,8.400736808776855,8.400736808776855,0
2025-01-29,8.391327857971191,8.391327857971191,8.391327857971191,8.391327857971191,0
2025-01-30,8.41014289855957,8.41014289855957,8.41014289855957,8.41014289855957,0
2025-01-31,8.417693138122559,8.417693138122559,8.417693138122559,8.417693138122559,0
2025-02-03,8.427127838134766,8.427127838134766,8.427127838134766,8.427127838134766,0
2025-02-04,8.436566352844238,8.436566352844238,8.436566352844238,8.436566352844238,0
2025-02-05,8.474310874938965,8.474310874938965,8.474310874938965,8.474310874938965,0
2025-02-06,8.474310874938965,8.474310874938965,8.474310874938965,8.474310874938965,0
2025-02-07,8.446002960205078,8.446002960205078,8.446002960205078,8.446002960205078,0
2025-02-10,8.446002960205078,8.446002960205078,8.446002960205078,8.446002960205078,0
2025-02-11,8.427127838134766,8.427127838134766,8.427127838134766,8.427127838134766,0
2025-02-12,8.3799467086792,8.3799467086792,8.3799467086792,8.3799467086792,0
2025-02-13,8.427127838134766,8.427127838134766,8.427127838134766,8.427127838134766,0
2025-02-14,8.455439567565918,8.455439567565918,8.455439567565918,8.455439567565918,0
2025-02-18,8.417693138122559,8.417693138122559,8.417693138122559,8.417693138122559,0
2025-02-19,8.436566352844238,8.436566352844238,8.436566352844238,8.436566352844238,0
2025-02-20,8.446002960205078,8.446002960205078,8.446002960205078,8.446002960205078,0
2025-02-21,8.483749389648438,8.483749389648438,8.483749389648438,8.483749389648438,0
2025-02-24,8.493185997009277,8.493185997009277,8.493185997009277,8.493185997009277,0
2025-02-25,8.540369987487793,8.540369987487793,8.540369987487793,8.540369987487793,0
2025-02-26,8.559243202209473,8.559243202209473,8.559243202209473,8.559243202209473,0
2025-02-27,8.549809455871582,8.549809455871582,8.549809455871582,8.549809455871582,0
2025-02-28,8.603758811950684,8.603758811950684,8.603758811950684,8.603758811950684,0
2025-03-03,8.622689247131348,8.622689247131348,8.622689247131348,8.622689247131348,0
2025-03-04,8.594295501708984,8.594295501708984,8.594295501708984,8.594295501708984,0
2025-03-05,8.565897941589355,8.565897941589355,8.565897941589355,8.565897941589355,0
2025-03-06,8.556434631347656,8.556434631347656,8.556434631347656,8.556434631347656,0
2025-03-07,8.546968460083008,8.546968460083008,8.546968460083008,8.546968460083008,0
2025-03-10,8.58482837677002,8.58482837677002,8.58482837677002,8.58482837677002,0
2025-03-11,8.556434631347656,8.556434631347656,8.556434631347656,8.556434631347656,0
2025-03-12,8.537503242492676,8.537503242492676,8.537503242492676,8.537503242492676,0
2025-03-13,8.556434631347656,8.556434631347656,8.556434631347656,8.556434631347656,0
2025-03-14,8.537503242492676,8.537503242492676,8.537503242492676,8.537503242492676,0
2025-03-17,8.546968460083008,8.546968460083008,8.546968460083008,8.546968460083008,0
2025-03-18,8.556434631347656,8.556434631347656,8.556434631347656,8.556434631347656,0
2025-03-19,8.575366973876953,8.575366973876953,8.575366973876953,8.575366973876953,0
2025-03-20,8.58482837677002,8.58482837677002,8.58482837677002,8.58482837677002,0
2025-03-21,8.575366973876953,8.575366973876953,8.575366973876953,8.575366973876953,0
2025-03-24,8.52803897857666,8.52803897857666,8.52803897857666,8.52803897857666,0
2025-03-25,8.546968460083008,8.546968460083008,8.546968460083008,8.546968460083008,0
2025-03-26,8.52803897857666,8.52803897857666,8.52803897857666,8.52803897857666,0
2025-03-27,8.518572807312012,8.518572807312012,8.518572807312012,8.518572807312012,0
2025-03-28,8.565897941589355,8.565897941589355,8.565897941589355,8.565897941589355,0
2025-03-31,8.602932929992676,8.602932929992676,8.602932929992676,8.602932929992676,0
2025-04-01,8.631418228149414,8.631418228149414,8.631418228149414,8.631418228149414,0
2025-04-02,8.62192440032959,8.62192440032959,8.62192440032959,8.62192440032959,0
2025-04-03,8.669400215148926,8.669400215148926,8.669400215148926,8.669400215148926,0
2025-04-04,8.6788969039917,8.6788969039917,8.6788969039917,8.6788969039917,0
2025-04-07,8.574444770812988,8.574444770812988,8.574444770812988,8.574444770812988,0
2025-04-08,8.526966094970703,8.526966094970703,8.526966094970703,8.526966094970703,0
2025-04-09,8.517473220825195,8.517473220825195,8.517473220825195,8.517473220825195,0
2025-04-10,8.46999454498291,8.46999454498291,8.46999454498291,8.46999454498291,0
2025-04-11,8.45100212097168,8.45100212097168,8.45100212097168,8.45100212097168,0
2025-04-14,8.507976531982422,8.507976531982422,8.507976531982422,8.507976531982422,0
2025-04-15,8.517473220825195,8.517473220825195,8.517473220825195,8.517473220825195,0
2025-04-16,8.545957565307617,8.545957565307617,8.545957565307617,8.545957565307617,0
2025-04-17,8.517473220825195,8.517473220825195,8.517473220825195,8.517473220825195,0
2025-04-21,8.47948932647705,8.47948932647705,8.47948932647705,8.47948932647705,0
2025-04-22,8.488985061645508,8.488985061645508,8.488985061645508,8.488985061645508,0
2025-04-23,8.507976531982422,8.507976531982422,8.507976531982422,8.507976531982422,0
2025-04-24,8.545957565307617,8.545957565307617,8.545957565307617,8.545957565307617,0
2025-04-25,8.574444770812988,8.574444770812988,8.574444770812988,8.574444770812988,0
2025-04-28,8.602932929992676,8.602932929992676,8.602932929992676,8.602932929992676,0
2025-04-29,8.62192440032959,8.62192440032959,8.62192440032959,8.62192440032959,0
2025-04-30,8.639066696166992,8.639066696166992,8.639066696166992,8.639066696166992,0
2025-05-01,8.610493659973145,8.610493659973145,8.610493659973145,8.610493659973145,0
2025-05-02,8.572393417358398,8.572393417358398,8.572393417358398,8.572393417358398,0
2025-05-05,8.553339958190918,8.553339958190918,8.553339958190918,8.553339958190918,0
2025-05-06,8.572393417358398,8.572393417358398,8.572393417358398,8.572393417358398,0
2025-05-07,8.572393417358398,8.572393417358398,8.572393417358398,8.572393417358398,0
2025-05-08,8.543819427490234,8.543819427490234,8.543819427490234,8.543819427490234,0
2025-05-09,8.553339958190918,8.553339958190918,8.553339958190918,8.553339958190918,0
2025-05-12,8.515243530273438,8.515243530273438,8.515243530273438,8.515243530273438,0
2025-05-13,8.505718231201172,8.505718231201172,8.505718231201172,8.505718231201172,0
2025-05-14,8.48666763305664,8.48666763305664,8.48666763305664,8.48666763305664,0
2025-05-15,8.524767875671387,8.524767875671387,8.524767875671387,8.524767875671387,0
2025-05-16,8.524767875671387,8.524767875671387,8.524767875671387,8.524767875671387,0
2025-05-19,8.524767875671387,8.524767875671387,8.524767875671387,8.524767875671387,0
2025-05-20,8.515243530273438,8.515243530273438,8.515243530273438,8.515243530273438,0
2025-05-21,8.45809555053711,8.45809555053711,8.45809555053711,8.45809555053711,0
2025-05-22,8.477144241333008,8.477144241333008,8.477144241333008,8.477144241333008,0
2025-05-23,8.48666763305664,8.48666763305664,8.48666763305664,8.48666763305664,0
2025-05-27,8.524767875671387,8.524767875671387,8.524767875671387,8.524767875671387,0
2025-05-28,8.505718231201172,8.505718231201172,8.505718231201172,8.505718231201172,0
2025-05-29,8.534294128417969,8.534294128417969,8.534294128417969,8.534294128417969,0
2025-05-30,8.58111572265625,8.58111572265625,8.58111572265625,8.58111572265625,0
2025-06-02,8.552448272705078,8.552448272705078,8.552448272705078,8.552448272705078,0
2025-06-03,8.552448272705078,8.552448272705078,8.552448272705078,8.552448272705078,0
2025-06-04,8.600227355957031,8.600227355957031,8.600227355957031,8.600227355957031,0
2025-06-05,8.58111572265625,8.58111572265625,8.58111572265625,8.58111572265625,0
2025-06-06,8.533337593078613,8.533337593078613,8.533337593078613,8.533337593078613,0
2025-06-09,8.552448272705078,8.552448272705078,8.552448272705078,8.552448272705078,0
2025-06-10,8.562004089355469,8.562004089355469,8.562004089355469,8.562004089355469,0
2025-06-11,8.590673446655273,8.590673446655273,8.590673446655273,8.590673446655273,0
2025-06-12,8.619339942932129,8.619339942932129,8.619339942932129,8.619339942932129,0
2025-06-13,8.590673446655273,8.590673446655273,8.590673446655273,8.590673446655273,0
2025-06-16,8.571562767028809,8.571562767028809,8.571562767028809,8.571562767028809,0
2025-06-17,8.600227355957031,8.600227355957031,8.600227355957031,8.600227355957031,0
2025-06-18,8.600227355957031,8.600227355957031,8.600227355957031,8.600227355957031,0
2025-06-20,8.600227355957031,8.600227355957031,8.600227355957031,8.600227355957031,0
2025-06-23,8.600227355957031,8.600227355957031,8.600227355957031,8.600227355957031,0
2025-06-24,8.619339942932129,8.619339942932129,8.619339942932129,8.619339942932129,0
2025-06-25,8.6480073928833,8.6480073928833,8.6480073928833,8.6480073928833,0
2025-06-26,8.676676750183105,8.676676750183105,8.676676750183105,8.676676750183105,0
2025-06-27,8.657564163208008,8.657564163208008,8.657564163208008,8.657564163208008,0
2025-06-30,8.71412467956543,8.71412467956543,8.71412467956543,8.71412467956543,0
2025-07-01,8.704537391662598,8.704537391662598,8.704537391662598,8.704537391662598,0
2025-07-02,8.694951057434082,8.694951057434082,8.694951057434082,8.694951057434082,0
2025-07-03,8.666192054748535,8.666192054748535,8.666192054748535,8.666192054748535,0
2025-07-07,8.647018432617188,8.647018432617188,8.647018432617188,8.647018432617188,0
2025-07-08,8.637432098388672,8.637432098388672,8.637432098388672,8.637432098388672,0
2025-07-09,8.666192054748535,8.666192054748535,8.666192054748535,8.666192054748535,0
2025-07-10,8.666192054748535,8.666192054748535,8.666192054748535,8.666192054748535,0
2025-07-11,8.627846717834473,8.627846717834473,8.627846717834473,8.627846717834473,0
2025-07-14,8.627846717834473,8.627846717834473,8.627846717834473,8.627846717834473,0
2025-07-15,8.599082946777344,8.599082946777344,8.599082946777344,8.599082946777344,0
2025-07-16,8.618258476257324,8.618258476257324,8.618258476257324,8.618258476257324,0
2025-07-17,8.618258476257324,8.618258476257324,8.618258476257324,8.618258476257324,0
2025-07-18,8.627846717834473,8.627846717834473,8.627846717834473,8.627846717834473,0
2025-07-21,8.656603813171387,8.656603813171387,8.656603813171387,8.656603813171387,0
2025-07-22,8.666192054748535,8.666192054748535,8.666192054748535,8.666192054748535,0
2025-07-23,8.647018432617188,8.647018432617188,8.647018432617188,8.647018432617188,0
2025-07-24,8.637432098388672,8.637432098388672,8.637432098388672,8.637432098388672,0
2025-07-25,8.656603813171387,8.656603813171387,8.656603813171387,8.656603813171387,0
2025-07-28,8.637432098388672,8.637432098388672,8.637432098388672,8.637432098388672,0
2025-07-29,8.68536376953125,8.68536376953125,8.68536376953125,8.68536376953125,0
2025-07-30,8.656603813171387,8.656603813171387,8.656603813171387,8.656603813171387,0
2025-07-31,8.684494018554688,8.684494018554688,8.684494018554688,8.684494018554688,0
2025-08-01,8.761433601379395,8.761433601379395,8.761433601379395,8.761433601379395,0
2025-08-04,8.761433601379395,8.761433601379395,8.761433601379395,8.761433601379395,0
2025-08-05,8.771050453186035,8.771050453186035,8.771050453186035,8.771050453186035,0
2025-08-06,8.761433601379395,8.761433601379395,8.761433601379395,8.761433601379395,0
2025-08-07,8.751815795898438,8.751815795898438,8.751815795898438,8.751815795898438,0
2025-08-08,8.73258113861084,8.73258113861084,8.73258113861084,8.73258113861084,0
2025-08-11,8.742199897766113,8.742199897766113,8.742199897766113,8.742199897766113,0
2025-08-12,8.73258113861084,8.73258113861084,8.73258113861084,8.73258113861084,0
2025-08-13,8.771050453186035,8.771050453186035,8.771050453186035,8.771050453186035,0
2025-08-14,8.742199897766113,8.742199897766113,8.742199897766113,8.742199897766113,0
2025-08-15,8.7229642868042,8.7229642868042,8.7229642868042,8.7229642868042,0
2025-08-18,8.7229642868042,8.7229642868042,8.7229642868042,8.7229642868042,0
2025-08-19,8.73258113861084,8.73258113861084,8.73258113861084,8.73258113861084,0
2025-08-20,8.742199897766113,8.742199897766113,8.742199897766113,8.742199897766113,0
2025-08-21,8.7229642868042,8.7229642868042,8.7229642868042,8.7229642868042,0
2025-08-22,8.761433601379395,8.761433601379395,8.761433601379395,8.761433601379395,0
2025-08-25,8.751815795898438,8.751815795898438,8.751815795898438,8.751815795898438,0
2025-08-26,8.761433601379395,8.761433601379395,8.761433601379395,8.761433601379395,0
2025-08-27,8.761433601379395,8.761433601379395,8.761433601379395,8.761433601379395,0
2025-08-28,8.780668258666992,8.780668258666992,8.780668258666992,8.780668258666992,0
2025-08-29,8.789351463317871,8.789351463317871,8.789351463317871,8.789351463317871,0
2025-09-02,8.77005672454834,8.77005672454834,8.77005672454834,8.77005672454834,0
2025-09-03,8.79900074005127,8.79900074005127,8.79900074005127,8.79900074005127,0
2025-09-04,8.82794189453125,8.82794189453125,8.82794189453125,8.82794189453125,0
2025-09-05,8.866535186767578,8.866535186767578,8.866535186767578,8.866535186767578,0
2025-09-08,8.89548110961914,8.89548110961914,8.89548110961914,8.89548110961914,0
2025-09-09,8.876185417175293,8.876185417175293,8.876185417175293,8.876185417175293,0
2025-09-10,8.89548110961914,8.89548110961914,8.89548110961914,8.89548110961914,0
2025-09-11,8.90512752532959,8.90512752532959,8.90512752532959,8.90512752532959,0
2025-09-12,8.89548110961914,8.89548110961914,8.89548110961914,8.89548110961914,0
2025-09-15,8.914774894714355,8.914774894714355,8.914774894714355,8.914774894714355,0
2025-09-16,8.914774894714355,8.914774894714355,8.914774894714355,8.914774894714355,0
2025-09-17,8.90512752532959,8.90512752532959,8.90512752532959,8.90512752532959,0
2025-09-18,8.876185417175293,8.876185417175293,8.876185417175293,8.876185417175293,0
2025-09-19,8.876185417175293,8.876185417175293,8.876185417175293,8.876185417175293,0
2025-09-22,8.856887817382812,8.856887817382812,8.856887817382812,8.856887817382812,0
2025-09-23,8.876185417175293,8.876185417175293,8.876185417175293,8.876185417175293,0
2025-09-24,8.856887817382812,8.856887817382812,8.856887817382812,8.856887817382812,0
2025-09-25,8.847240447998047,8.847240447998047,8.847240447998047,8.847240447998047,0
2025-09-26,8.837592124938965,8.837592124938965,8.837592124938965,8.837592124938965,0
2025-09-29,8.856887817382812,8.856887817382812,8.856887817382812,8.856887817382812,0
2025-09-30,8.884956359863281,8.884956359863281,8.884956359863281,8.884956359863281,0
2025-10-01,8.904313087463379,8.904313087463379,8.904313087463379,8.904313087463379,0
2025-10-02,8.913991928100586,8.913991928100586,8.913991928100586,8.913991928100586,0
2025-10-03,8.904313087463379,8.904313087463379,8.904313087463379,8.904313087463379,0
2025-10-06,8.884956359863281,8.884956359863281,8.884956359863281,8.884956359863281,0
2025-10-07,8.894634246826172,8.894634246826172,8.894634246826172,8.894634246826172,0
2025-10-08,8.894634246826172,8.894634246826172,8.894634246826172,8.894634246826172,0
2025-10-09,8.894634246826172,8.894634246826172,8.894634246826172,8.894634246826172,0
2025-10-10,8.92367172241211,8.92367172241211,8.92367172241211,8.92367172241211,0
2025-10-13,8.933349609375,8.933349609375,8.933349609375,8.933349609375,0
2025-10-14,8.943026542663574,8.943026542663574,8.943026542663574,8.943026542663574,0
2025-10-15,8.943026542663574,8.943026542663574,8.943026542663574,8.943026542663574,0
2025-10-16,8.972062110900879,8.972062110900879,8.972062110900879,8.972062110900879,0
2025-10-17,8.962386131286621,8.962386131286621,8.962386131286621,8.962386131286621,0
2025-10-20,8.972062110900879,8.972062110900879,8.972062110900879,8.972062110900879,0
2025-10-21,8.981741905212402,8.981741905212402,8.981741905212402,8.981741905212402,0
2025-10-22,8.981741905212402,8.981741905212402,8.981741905212402,8.981741905212402,0
2025-10-23,8.962386131286621,8.962386131286621,8.962386131286621,8.962386131286621,0
2025-10-24,8.972062110900879,8.972062110900879,8.972062110900879,8.972062110900879,0
2025-10-27,8.972062110900879,8.972062110900879,8.972062110900879,8.972062110900879,0
2025-10-28,8.981741905212402,8.981741905212402,8.981741905212402,8.981741905212402,0
2025-10-29,8.933349609375,8.933349609375,8.933349609375,8.933349609375,0
2025-10-30,8.92367172241211,8.92367172241211,8.92367172241211,8.92367172241211,0
2025-10-31,8.94309139251709,8.94309139251709,8.94309139251709,8.94309139251709,0
2025-11-03,8.933381080627441,8.933381080627441,8.933381080627441,8.933381080627441,0
2025-11-04,8.94309139251709,8.94309139251709,8.94309139251709,8.94309139251709,0
2025-11-05,8.90424919128418,8.90424919128418,8.90424919128418,8.90424919128418,0
2025-11-06,8.94309139251709,8.94309139251709,8.94309139251709,8.94309139251709,0
2025-11-07,8.933381080627441,8.933381080627441,8.933381080627441,8.933381080627441,0
2025-11-10,8.933381080627441,8.933381080627441,8.933381080627441,8.933381080627441,0
2025-11-11,8.952802658081055,8.952802658081055,8.952802658081055,8.952802658081055,0
2025-11-12,8.952802658081055,8.952802658081055,8.952802658081055,8.952802658081055,0
2025-11-13,8.923670768737793,8.923670768737793,8.923670768737793,8.923670768737793,0
2025-11-14,8.913960456848145,8.913960456848145,8.913960456848145,8.913960456848145,0
2025-11-17,8.913960456848145,8.913960456848145,8.913960456848145,8.913960456848145,0
2025-11-18,8.913960456848145,8.913960456848145,8.913960456848145,8.913960456848145,0
2025-11-19,8.913960456848145,8.913960456848145,8.913960456848145,8.913960456848145,0
2025-11-20,8.923670768737793,8.923670768737793,8.923670768737793,8.923670768737793,0
2025-11-21,8.94309139251709,8.94309139251709,8.94309139251709,8.94309139251709,0
2025-11-24,8.952802658081055,8.952802658081055,8.952802658081055,8.952802658081055,0
2025-11-25,8.972222328186035,8.972222328186035,8.972222328186035,8.972222328186035,0
2025-11-26,8.981931686401367,8.981931686401367,8.981931686401367,8.981931686401367,0
2025-11-28,9.000439643859863,9.000439643859863,9.000439643859863,9.000439643859863,0
2025-12-01,8.961475372314453,8.961475372314453,8.961475372314453,8.961475372314453,0
2025-12-02,8.971217155456543,8.971217155456543,8.971217155456543,8.971217155456543,0
2025-12-03,8.980958938598633,8.980958938598633,8.980958938598633,8.980958938598633,0
2025-12-04,8.961475372314453,8.961475372314453,8.961475372314453,8.961475372314453,0
2025-12-05,8.951735496520996,8.951735496520996,8.951735496520996,8.951735496520996,0
2025-12-08,8.932252883911133,8.932252883911133,8.932252883911133,8.932252883911133,0
2025-12-09,8.922513961791992,8.922513961791992,8.922513961791992,8.922513961791992,0
2025-12-10,8.951735496520996,8.951735496520996,8.951735496520996,8.951735496520996,0
2025-12-11,8.951735496520996,8.951735496520996,8.951735496520996,8.951735496520996,0
2025-12-12,8.922513961791992,8.922513961791992,8.922513961791992,8.922513961791992,0
2025-12-15,8.932252883911133,8.932252883911133,8.932252883911133,8.932252883911133,0
2025-12-16,8.951735496520996,8.951735496520996,8.951735496520996,8.951735496520996,0
2025-12-17,8.941994667053223,8.941994667053223,8.941994667053223,8.941994667053223,0
2025-12-18,8.961475372314453,8.961475372314453,8.961475372314453,8.961475372314453,0
2025-12-19,8.951735496520996,8.951735496520996,8.951735496520996,8.951735496520996,0
2025-12-22,8.941994667053223,8.941994667053223,8.941994667053223,8.941994667053223,0
2025-12-23,8.941994667053223,8.941994667053223,8.941994667053223,8.941994667053223,0
2025-12-24,8.961475372314453,8.961475372314453,8.961475372314453,8.961475372314453,0
2025-12-26,8.961475372314453,8.961475372314453,8.961475372314453,8.961475372314453,0
2025-12-29,8.971217155456543,8.971217155456543,8.971217155456543,8.971217155456543,0
2025-12-30,8.961475372314453,8.961475372314453,8.961475372314453,8.961475372314453,0
2025-12-31,8.971248626708984,8.971248626708984,8.971248626708984,8.971248626708984,0
2026-01-02,8.961475372314453,8.961475372314453,8.961475372314453,8.961475372314453,0
2026-01-05,8.9810209274292,8.9810209274292,8.9810209274292,8.9810209274292,0
2026-01-06,8.9810209274292,8.9810209274292,8.9810209274292,8.9810209274292,0
2026-01-07,8.990793228149414,8.990793228149414,8.990793228149414,8.990793228149414,0
2026-01-08,8.971248626708984,8.971248626708984,8.971248626708984,8.971248626708984,0
2026-01-09,8.990793228149414,8.990793228149414,8.990793228149414,8.990793228149414,0
2026-01-12,8.9810209274292,8.9810209274292,8.9810209274292,8.9810209274292,0
2026-01-13,8.990793228149414,8.990793228149414,8.990793228149414,8.990793228149414,0
2026-01-14,9.000566482543945,9.000566482543945,9.000566482543945,9.000566482543945,0
2026-01-15,8.990793228149414,8.990793228149414,8.990793228149414,8.990793228149414,0
2026-01-16,8.971248626708984,8.971248626708984,8.971248626708984,8.971248626708984,0
2026-01-20,8.94193172454834,8.94193172454834,8.94193172454834,8.94193172454834,0
2026-01-21,8.961475372314453,8.961475372314453,8.961475372314453,8.961475372314453,0
2026-01-22,8.961475372314453,8.961475372314453,8.961475372314453,8.961475372314453,0
2026-01-23,8.971248626708984,8.971248626708984,8.971248626708984,8.971248626708984,0
2026-01-26,8.9810209274292,8.9810209274292,8.9810209274292,8.9810209274292,0
2026-01-27,8.971248626708984,8.971248626708984,8.971248626708984,8.971248626708984,0
2026-01-28,8.971248626708984,8.971248626708984,8.971248626708984,8.971248626708984,0
2026-01-29,8.971248626708984,8.971248626708984,8.971248626708984,8.971248626708984,0
2026-01-30,8.990857124328613,8.990857124328613,8.990857124328613,8.990857124328613,0
2026-02-02,8.981054306030273,8.981054306030273,8.981054306030273,8.981054306030273,0
2026-02-03,8.981054306030273,8.981054306030273,8.981054306030273,8.981054306030273,0
2026-02-04,8.981054306030273,8.981054306030273,8.981054306030273,8.981054306030273,0
2026-02-05,9.010467529296875,9.010467529296875,9.010467529296875,9.010467529296875,0
2026-02-06,9.010467529296875,9.010467529296875,9.010467529296875,9.010467529296875,0
2026-02-09,9.010467529296875,9.010467529296875,9.010467529296875,9.010467529296875,0
2026-02-10,9.03988265991211,9.03988265991211,9.03988265991211,9.03988265991211,0
2026-02-11,9.020271301269531,9.020271301269531,9.020271301269531,9.020271301269531,0
2026-02-12,9.069295883178711,9.069295883178711,9.069295883178711,9.069295883178711,0
2026-02-13,9.088905334472656,9.088905334472656,9.088905334472656,9.088905334472656,0
2026-02-17,9.079100608825684,9.079100608825684,9.079100608825684,9.079100608825684,0
2026-02-18,9.069295883178711,9.069295883178711,9.069295883178711,9.069295883178711,0
2026-02-19,9.069295883178711,9.069295883178711,9.069295883178711,9.069295883178711,0
2026-02-20,9.069295883178711,9.069295883178711,9.069295883178711,9.069295883178711,0
2026-02-23,9.088905334472656,9.088905334472656,9.088905334472656,9.088905334472656,0
2026-02-24,9.088905334472656,9.088905334472656,9.088905334472656,9.088905334472656,0
2026-02-25,9.079100608825684,9.079100608825684,9.079100608825684,9.079100608825684,0
2026-02-26,9.098710060119629,9.098710060119629,9.098710060119629,9.098710060119629,0
2026-02-27,9.146903038024902,9.146903038024902,9.146903038024902,9.146903038024902,0
2026-03-02,9.097725868225098,9.097725868225098,9.097725868225098,9.097725868225098,0
2026-03-03,9.087890625,9.087890625,9.087890625,9.087890625,0
2026-03-04,9.078054428100586,9.078054428100586,9.078054428100586,9.078054428100586,0
2026-03-05,9.058384895324707,9.058384895324707,9.058384895324707,9.058384895324707,0
2026-03-06,9.048548698425293,9.048548698425293,9.048548698425293,9.048548698425293,0
2026-03-09,9.068221092224121,9.068221092224121,9.068221092224121,9.068221092224121,0
2026-03-10,9.048548698425293,9.048548698425293,9.048548698425293,9.048548698425293,0
2026-03-11,8.999372482299805,8.999372482299805,8.999372482299805,8.999372482299805,0
2026-03-12,8.969865798950195,8.969865798950195,8.969865798950195,8.969865798950195,0
2026-03-13,8.960030555725098,8.960030555725098,8.960030555725098,8.960030555725098,0
2026-03-16,8.989537239074707,8.989537239074707,8.989537239074707,8.989537239074707,0
2026-03-17,8.999372482299805,8.999372482299805,8.999372482299805,8.999372482299805,0
2026-03-18,8.969865798950195,8.969865798950195,8.969865798950195,8.969865798950195,0
2026-03-19,8.97970199584961,8.97970199584961,8.97970199584961,8.97970199584961,0
2026-03-20,8.901018142700195,8.901018142700195,8.901018142700195,8.901018142700195,0
2026-03-23,8.930524826049805,8.930524826049805,8.930524826049805,8.930524826049805,0
2026-03-24,8.910855293273926,8.910855293273926,8.910855293273926,8.910855293273926,0
2026-03-25,8.940360069274902,8.940360069274902,8.940360069274902,8.940360069274902,0
2026-03-26,8.891182899475098,8.891182899475098,8.891182899475098,8.891182899475098,0
2026-03-27,8.891182899475098,8.891182899475098,8.891182899475098,8.891182899475098,0
2026-03-30,8.930524826049805,8.930524826049805,8.930524826049805,8.930524826049805,0
2026-03-31,8.979864120483398,8.979864120483398,8.979864120483398,8.979864120483398,0
2026-04-01,8.979864120483398,8.979864120483398,8.979864120483398,8.979864120483398,0
2026-04-02,8.999600410461426,8.999600410461426,8.999600410461426,8.999600410461426,0
2026-04-06,8.989731788635254,8.989731788635254,8.989731788635254,8.989731788635254,0
2026-04-07,8.989731788635254,8.989731788635254,8.989731788635254,8.989731788635254,0
2026-04-08,9.009469032287598,9.009469032287598,9.009469032287598,9.009469032287598,0
2026-04-09,9.009469032287598,9.009469032287598,9.009469032287598,9.009469032287598,0
2026-04-10,8.999600410461426,8.999600410461426,8.999600410461426,8.999600410461426,0
2026-04-13,9.019336700439453,9.019336700439453,9.019336700439453,9.019336700439453,0
2026-04-14,9.039072036743164,9.039072036743164,9.039072036743164,9.039072036743164,0
2026-04-15,9.029204368591309,9.029204368591309,9.029204368591309,9.029204368591309,0
2026-04-16,9.009469032287598,9.009469032287598,9.009469032287598,9.009469032287598,0
2026-04-17,9.039072036743164,9.039072036743164,9.039072036743164,9.039072036743164,0
2026-04-20,9.039072036743164,9.039072036743164,9.039072036743164,9.039072036743164,0
2026-04-21,9.009469032287598,9.009469032287598,9.009469032287598,9.009469032287598,0
2026-04-22,9.019336700439453,9.019336700439453,9.019336700439453,9.019336700439453,0
2026-04-23,8.999600410461426,8.999600410461426,8.999600410461426,8.999600410461426,0
2026-04-24,9.009469032287598,9.009469032287598,9.009469032287598,9.009469032287598,0
2026-04-27,8.999600410461426,8.999600410461426,8.999600410461426,8.999600410461426,0
2026-04-28,8.989731788635254,8.989731788635254,8.989731788635254,8.989731788635254,0
2026-04-29,8.950260162353516,8.950260162353516,8.950260162353516,8.950260162353516,0
2026-04-30,8.989863395690918,8.989863395690918,8.989863395690918,8.989863395690918,0
2026-05-01,8.999764442443848,8.999764442443848,8.999764442443848,8.999764442443848,0
2026-05-04,8.970062255859375,8.970062255859375,8.970062255859375,8.970062255859375,0
2026-05-05,8.979962348937988,8.979962348937988,8.979962348937988,8.979962348937988,0
2026-05-06,9.019564628601074,9.019564628601074,9.019564628601074,9.019564628601074,0
2026-05-07,8.999764442443848,8.999764442443848,8.999764442443848,8.999764442443848,0
2026-05-08,9.019564628601074,9.019564628601074,9.019564628601074,9.019564628601074,0
2026-05-11,8.989863395690918,8.989863395690918,8.989863395690918,8.989863395690918,0
2026-05-12,8.970062255859375,8.970062255859375,8.970062255859375,8.970062255859375,0
2026-05-13,8.970062255859375,8.970062255859375,8.970062255859375,8.970062255859375,0
2026-05-14,8.960161209106445,8.960161209106445,8.960161209106445,8.960161209106445,0
2026-05-15,8.91065788269043,8.91065788269043,8.91065788269043,8.91065788269043,0
2026-05-18,8.9007568359375,8.9007568359375,8.9007568359375,8.9007568359375,0
2026-05-19,8.871053695678711,8.871053695678711,8.871053695678711,8.871053695678711,0
2026-05-20,8.92055892944336,8.92055892944336,8.92055892944336,8.92055892944336,0
2026-05-21,8.930459976196289,8.930459976196289,8.930459976196289,8.930459976196289,0
2026-05-22,8.930459976196289,8.930459976196289,8.930459976196289,8.930459976196289,0
2026-05-26,8.960161209106445,8.960161209106445,8.960161209106445,8.960161209106445,0
2026-05-27,8.960161209106445,8.960161209106445,8.960161209106445,8.960161209106445,0
2026-05-28,8.979962348937988,8.979962348937988,8.979962348937988,8.979962348937988,0
2026-05-29,9.019697189331055,9.019697189331055,9.019697189331055,9.019697189331055,0
2026-06-01,9.00976276397705,9.00976276397705,9.00976276397705,9.00976276397705,0
2026-06-02,9.00976276397705,9.00976276397705,9.00976276397705,9.00976276397705,0
2026-06-03,8.989895820617676,8.989895820617676,8.989895820617676,8.989895820617676,0
2026-06-04,8.99983024597168,8.99983024597168,8.99983024597168,8.99983024597168,0
2026-06-05,8.960095405578613,8.960095405578613,8.960095405578613,8.960095405578613,0
2026-06-08,8.950161933898926,8.950161933898926,8.950161933898926,8.950161933898926,0
2026-06-09,8.970027923583984,8.970027923583984,8.970027923583984,8.970027923583984,0
2026-06-10,8.960095405578613,8.960095405578613,8.960095405578613,8.960095405578613,0
2026-06-11,9.00976276397705,9.00976276397705,9.00976276397705,9.00976276397705,0
2026-06-12,8.99983024597168,8.99983024597168,8.99983024597168,8.99983024597168,0
2026-06-15,9.00976276397705,9.00976276397705,9.00976276397705,9.00976276397705,0
2026-06-16,9.019697189331055,9.019697189331055,9.019697189331055,9.019697189331055,0
2026-06-17,8.989895820617676,8.989895820617676,8.989895820617676,8.989895820617676,0
2026-06-18,9.00976276397705,9.00976276397705,9.00976276397705,9.00976276397705,0
2026-06-22,8.979962348937988,8.979962348937988,8.979962348937988,8.979962348937988,0
2026-06-23,8.989895820617676,8.989895820617676,8.989895820617676,8.989895820617676,0
2026-06-24,9.029630661010742,9.029630661010742,9.029630661010742,9.029630661010742,0
2026-06-25,9.03956413269043,9.03956413269043,9.03956413269043,9.03956413269043,0
2026-06-26,9.03956413269043,9.03956413269043,9.03956413269043,9.03956413269043,0
2026-06-29,9.03956413269043,9.03956413269043,9.03956413269043,9.03956413269043,0
2026-06-30,9.03956413269043,9.03956413269043,9.03956413269043,9.03956413269043,0
2026-07-01,9.019631385803223,9.019631385803223,9.019631385803223,9.019631385803223,0
2026-07-02,9.029598236083984,9.029598236083984,9.029598236083984,9.029598236083984,0
2026-07-06,9.029598236083984,9.029598236083984,9.029598236083984,9.029598236083984,0
2026-07-07,8.989731788635254,8.989731788635254,8.989731788635254,8.989731788635254,0
2026-07-08,8.969799041748047,8.969799041748047,8.969799041748047,8.969799041748047,0
2026-07-09,8.979765892028809,8.979765892028809,8.979765892028809,8.979765892028809,0
2026-07-10,8.969799041748047,8.969799041748047,8.969799041748047,8.969799041748047,0
2026-07-13,8.939899444580078,8.939899444580078,8.939899444580078,8.939899444580078,0
2026-07-14,8.959832191467285,8.959832191467285,8.959832191467285,8.959832191467285,0
2026-07-15,8.979765892028809,8.979765892028809,8.979765892028809,8.979765892028809,0
2026-07-16,8.969799041748047,8.969799041748047,8.969799041748047,8.969799041748047,0
2026-07-17,8.979765892028809,8.979765892028809,8.979765892028809,8.979765892028809,0
2026-07-20,8.949865341186523,8.949865341186523,8.949865341186523,8.949865341186523,0
2026-07-21,8.929933547973633,8.929933547973633,8.929933547973633,8.929933547973633,0
2026-07-22,8.919966697692871,8.919966697692871,8.919966697692871,8.919966697692871,0
2026-07-23,8.890067100524902,8.890067100524902,8.890067100524902,8.890067100524902,0
2026-07-24,8.900033950805664,8.900033950805664,8.900033950805664,8.900033950805664,0
2026-07-27,8.919966697692871,8.919966697692871,8.919966697692871,8.919966697692871,0
2026-07-28,8.939899444580078,8.939899444580078,8.939899444580078,8.939899444580078,0
2026-07-29,8.90999984741211,8.90999984741211,8.90999984741211,8.90999984741211,0
2026-07-30,8.90999984741211,8.90999984741211,8.90999984741211,8.90999984741211,0
2026-07-31,8.920000076293945,8.920000076293945,8.920000076293945,8.920000076293945,0
2026-08-03,8.930000305175781,8.930000305175781,8.930000305175781,8.930000305175781,0
2026-08-04,8.970000267028809,8.970000267028809,8.970000267028809,8.970000267028809,0
2026-08-05,8.970000267028809,8.970000267028809,8.970000267028809,8.970000267028809,0
2026-08-06,8.949999809265137,8.949999809265137,8.949999809265137,8.949999809265137,0
2026-08-07,8.960000038146973,8.960000038146973,8.960000038146973,8.960000038146973,0
2026-08-10,8.930000305175781,8.930000305175781,8.930000305175781,8.930000305175781,0
2026-08-11,8.9399995803833,8.9399995803833,8.9399995803833,8.9399995803833,0
2026-08-12,8.9399995803833,8.9399995803833,8.9399995803833,8.9399995803833,0
2026-08-13,8.970000267028809,8.970000267028809,8.970000267028809,8.970000267028809,0
2026-08-14,8.9399995803833,8.9399995803833,8.9399995803833,8.9399995803833,0
