Price,Close,High,Low,Open,Volume
Ticker,XAU,XAU,XAU,XAU,XAU
Date,,,,,
2013-02-26,0.12999999523162842,0.15000000596046448,0.12999999523162842,0.15000000596046448,20000
2013-02-27,0.12999999523162842,0.12999999523162842,0.12999999523162842,0.12999999523162842,0
2013-02-28,0.12999999523162842,0.12999999523162842,0.12999999523162842,0.12999999523162842,10000
2013-03-01,0.12999999523162842,0.12999999523162842,0.12999999523162842,0.12999999523162842,0
2013-03-04,0.10000000149011612,0.10000000149011612,0.10000000149011612,0.10000000149011612,4000
2013-03-05,0.10000000149011612,0.10000000149011612,0.10000000149011612,0.10000000149011612,1000
2013-03-06,0.10000000149011612,0.10000000149011612,0.10000000149011612,0.10000000149011612,0
2013-03-07,0.10000000149011612,0.10000000149011612,0.10000000149011612,0.10000000149011612,0
2013-03-08,0.10000000149011612,0.10000000149011612,0.10000000149011612,0.10000000149011612,0
2013-03-11,0.10000000149011612,0.10000000149011612,0.10000000149011612,0.10000000149011612,0
2013-03-12,0.10000000149011612,0.10000000149011612,0.10000000149011612,0.10000000149011612,0
2013-03-13,0.10000000149011612,0.10000000149011612,0.10000000149011612,0.10000000149011612,0
2013-03-14,0.10000000149011612,0.10000000149011612,0.10000000149011612,0.10000000149011612,0
2013-03-15,0.10000000149011612,0.10000000149011612,0.10000000149011612,0.10000000149011612,0
2013-03-18,0.10000000149011612,0.10000000149011612,0.10000000149011612,0.10000000149011612,0
2013-03-19,0.10000000149011612,0.10000000149011612,0.10000000149011612,0.10000000149011612,0
2013-03-20,0.10000000149011612,0.10000000149011612,0.10000000149011612,0.10000000149011612,0
2013-03-21,0.10000000149011612,0.10000000149011612,0.10000000149011612,0.10000000149011612,0
2013-03-22,0.10000000149011612,0.10000000149011612,0.10000000149011612,0.10000000149011612,0
2013-03-25,0.10000000149011612,0.10000000149011612,0.10000000149011612,0.10000000149011612,0
2013-03-26,0.10000000149011612,0.10000000149011612,0.10000000149011612,0.10000000149011612,0
2013-03-27,0.10000000149011612,0.10000000149011612,0.10000000149011612,0.10000000149011612,0
2013-03-28,0.10000000149011612,0.10000000149011612,0.10000000149011612,0.10000000149011612,0
2013-04-01,0.10000000149011612,0.10000000149011612,0.10000000149011612,0.10000000149011612,0
2013-04-02,0.10000000149011612,0.10000000149011612,0.10000000149011612,0.10000000149011612,0
2013-04-03,0.10000000149011612,0.10000000149011612,0.10000000149011612,0.10000000149011612,0
2013-04-04,0.10000000149011612,0.10000000149011612,0.10000000149011612,0.10000000149011612,0
2013-04-05,0.10000000149011612,0.10000000149011612,0.10000000149011612,0.10000000149011612,0
2013-04-08,0.10000000149011612,0.10000000149011612,0.10000000149011612,0.10000000149011612,0
2013-04-09,0.10000000149011612,0.10000000149011612,0.10000000149011612,0.10000000149011612,0
2013-04-10,0.10000000149011612,0.10000000149011612,0.10000000149011612,0.10000000149011612,0
2013-04-11,0.10000000149011612,0.10000000149011612,0.10000000149011612,0.10000000149011612,0
2013-04-12,0.10000000149011612,0.10000000149011612,0.10000000149011612,0.10000000149011612,0
2013-04-15,0.10000000149011612,0.10000000149011612,0.10000000149011612,0.10000000149011612,0
2013-04-16,0.10000000149011612,0.10000000149011612,0.10000000149011612,0.10000000149011612,0
2013-04-17,0.15000000596046448,0.15000000596046448,0.15000000596046448,0.15000000596046448,5000
2013-04-18,0.10000000149011612,0.10999999940395355,0.10000000149011612,0.10999999940395355,30000
2013-04-19,0.10000000149011612,0.10000000149011612,0.10000000149011612,0.10000000149011612,0
2013-04-22,0.10000000149011612,0.10000000149011612,0.10000000149011612,0.10000000149011612,0
2013-04-23,0.10000000149011612,0.10000000149011612,0.10000000149011612,0.10000000149011612,0
2013-04-24,0.10000000149011612,0.10000000149011612,0.10000000149011612,0.10000000149011612,0
2013-04-25,0.10000000149011612,0.10000000149011612,0.10000000149011612,0.10000000149011612,0
2013-04-26,0.10000000149011612,0.10000000149011612,0.10000000149011612,0.10000000149011612,0
2013-04-29,0.10000000149011612,0.10000000149011612,0.10000000149011612,0.10000000149011612,0
2013-04-30,0.10000000149011612,0.10000000149011612,0.10000000149011612,0.10000000149011612,0
2013-05-01,0.10000000149011612,0.10000000149011612,0.10000000149011612,0.10000000149011612,0
2013-05-02,0.10000000149011612,0.10000000149011612,0.10000000149011612,0.10000000149011612,0
2013-05-03,0.10000000149011612,0.10000000149011612,0.10000000149011612,0.10000000149011612,0
2013-05-06,0.10000000149011612,0.10000000149011612,0.10000000149011612,0.10000000149011612,0
2013-05-07,0.10000000149011612,0.10000000149011612,0.10000000149011612,0.10000000149011612,0
2013-05-08,0.10000000149011612,0.10000000149011612,0.10000000149011612,0.10000000149011612,0
2013-05-09,0.10000000149011612,0.10000000149011612,0.10000000149011612,0.10000000149011612,0
2013-05-10,0.10000000149011612,0.10000000149011612,0.10000000149011612,0.10000000149011612,0
2013-05-13,0.10000000149011612,0.10000000149011612,0.10000000149011612,0.10000000149011612,0
2013-05-14,0.10000000149011612,0.10000000149011612,0.10000000149011612,0.10000000149011612,0
2013-05-15,0.10000000149011612,0.10000000149011612,0.10000000149011612,0.10000000149011612,0
2013-05-16,0.10000000149011612,0.10000000149011612,0.10000000149011612,0.10000000149011612,0
2013-05-17,0.10000000149011612,0.10000000149011612,0.10000000149011612,0.10000000149011612,0
2013-05-20,0.10000000149011612,0.10000000149011612,0.10000000149011612,0.10000000149011612,0
2013-05-21,0.10000000149011612,0.10000000149011612,0.10000000149011612,0.10000000149011612,0
2013-05-22,0.10000000149011612,0.10000000149011612,0.10000000149011612,0.10000000149011612,0
2013-05-23,0.10000000149011612,0.10000000149011612,0.10000000149011612,0.10000000149011612,0
2013-05-24,0.10000000149011612,0.10000000149011612,0.10000000149011612,0.10000000149011612,0
2013-05-28,0.10000000149011612,0.10000000149011612,0.10000000149011612,0.10000000149011612,0
2013-05-29,0.10000000149011612,0.10000000149011612,0.10000000149011612,0.10000000149011612,0
2013-05-30,0.10000000149011612,0.10000000149011612,0.10000000149011612,0.10000000149011612,0
2013-05-31,0.10000000149011612,0.10000000149011612,0.10000000149011612,0.10000000149011612,0
2013-06-03,0.10000000149011612,0.10000000149011612,0.10000000149011612,0.10000000149011612,0
2013-06-04,0.10000000149011612,0.10000000149011612,0.10000000149011612,0.10000000149011612,0
2013-06-05,0.10000000149011612,0.10000000149011612,0.10000000149011612,0.10000000149011612,0
2013-06-06,0.10000000149011612,0.10000000149011612,0.10000000149011612,0.10000000149011612,0
2013-06-07,0.10000000149011612,0.10000000149011612,0.10000000149011612,0.10000000149011612,0
2013-06-10,0.10000000149011612,0.10000000149011612,0.10000000149011612,0.10000000149011612,0
2013-06-11,0.10000000149011612,0.10000000149011612,0.10000000149011612,0.10000000149011612,0
2013-06-12,0.10000000149011612,0.10000000149011612,0.10000000149011612,0.10000000149011612,0
2013-06-13,0.10000000149011612,0.10000000149011612,0.10000000149011612,0.10000000149011612,0
2013-06-14,0.10000000149011612,0.10000000149011612,0.10000000149011612,0.10000000149011612,0
2013-06-17,0.10000000149011612,0.10000000149011612,0.10000000149011612,0.10000000149011612,0
2013-06-18,0.10000000149011612,0.10000000149011612,0.10000000149011612,0.10000000149011612,0
2013-06-19,0.10000000149011612,0.10000000149011612,0.10000000149011612,0.10000000149011612,0
2013-06-20,0.10000000149011612,0.10000000149011612,0.10000000149011612,0.10000000149011612,0
2013-06-21,0.10000000149011612,0.10000000149011612,0.10000000149011612,0.10000000149011612,0
2013-06-24,0.10000000149011612,0.10000000149011612,0.10000000149011612,0.10000000149011612,0
2013-06-25,0.10000000149011612,0.10000000149011612,0.10000000149011612,0.10000000149011612,0
2013-06-26,0.10000000149011612,0.10000000149011612,0.10000000149011612,0.10000000149011612,0
2013-06-27,0.10000000149011612,0.10000000149011612,0.10000000149011612,0.10000000149011612,0
2013-06-28,0.10000000149011612,0.10000000149011612,0.10000000149011612,0.10000000149011612,0
2013-07-01,0.10000000149011612,0.10000000149011612,0.10000000149011612,0.10000000149011612,0
2013-07-02,0.10000000149011612,0.10000000149011612,0.10000000149011612,0.10000000149011612,0
2013-07-03,0.10000000149011612,0.10000000149011612,0.10000000149011612,0.10000000149011612,25000
2013-07-05,0.10000000149011612,0.10000000149011612,0.10000000149011612,0.10000000149011612,0
2013-07-08,0.10000000149011612,0.10000000149011612,0.10000000149011612,0.10000000149011612,0
2013-07-09,0.10000000149011612,0.10000000149011612,0.10000000149011612,0.10000000149011612,0
2013-07-10,0.10000000149011612,0.10000000149011612,0.10000000149011612,0.10000000149011612,0
2013-07-11,0.10000000149011612,0.10000000149011612,0.10000000149011612,0.10000000149011612,0
2013-07-12,0.10000000149011612,0.10000000149011612,0.10000000149011612,0.10000000149011612,0
2013-07-15,0.10000000149011612,0.10000000149011612,0.10000000149011612,0.10000000149011612,0
2013-07-16,0.10000000149011612,0.10000000149011612,0.10000000149011612,0.10000000149011612,0
2013-07-17,0.10000000149011612,0.10000000149011612,0.10000000149011612,0.10000000149011612,0
2013-07-18,0.10000000149011612,0.10000000149011612,0.10000000149011612,0.10000000149011612,0
2013-07-19,0.10000000149011612,0.10000000149011612,0.10000000149011612,0.10000000149011612,0
2013-07-22,0.10000000149011612,0.10000000149011612,0.10000000149011612,0.10000000149011612,0
2013-07-23,0.10000000149011612,0.10000000149011612,0.10000000149011612,0.10000000149011612,0
2013-07-24,0.10000000149011612,0.10000000149011612,0.10000000149011612,0.10000000149011612,0
2013-07-25,0.10000000149011612,0.10000000149011612,0.10000000149011612,0.10000000149011612,0
2013-07-26,0.10000000149011612,0.10000000149011612,0.10000000149011612,0.10000000149011612,13000
2013-07-29,0.10000000149011612,0.10000000149011612,0.10000000149011612,0.10000000149011612,0
2013-07-30,0.10000000149011612,0.10000000149011612,0.10000000149011612,0.10000000149011612,0
2013-07-31,0.10000000149011612,0.10000000149011612,0.10000000149011612,0.10000000149011612,0
2013-08-01,0.10000000149011612,0.10000000149011612,0.10000000149011612,0.10000000149011612,0
2013-08-02,0.10000000149011612,0.10000000149011612,0.10000000149011612,0.10000000149011612,0
2013-08-05,0.10000000149011612,0.10000000149011612,0.10000000149011612,0.10000000149011612,0
2013-08-06,0.10000000149011612,0.10000000149011612,0.10000000149011612,0.10000000149011612,0
2013-08-07,0.10000000149011612,0.10000000149011612,0.10000000149011612,0.10000000149011612,0
2013-08-08,0.10000000149011612,0.10000000149011612,0.10000000149011612,0.10000000149011612,0
2013-08-09,0.10000000149011612,0.10000000149011612,0.10000000149011612,0.10000000149011612,0
2013-08-12,0.10000000149011612,0.10000000149011612,0.10000000149011612,0.10000000149011612,0
2013-08-13,0.10000000149011612,0.10000000149011612,0.10000000149011612,0.10000000149011612,0
2013-08-14,0.10000000149011612,0.10000000149011612,0.10000000149011612,0.10000000149011612,0
2013-08-15,0.10000000149011612,0.10000000149011612,0.10000000149011612,0.10000000149011612,0
2013-08-16,0.10000000149011612,0.10000000149011612,0.10000000149011612,0.10000000149011612,0
2013-08-19,0.10000000149011612,0.10000000149011612,0.10000000149011612,0.10000000149011612,0
2013-08-20,0.10000000149011612,0.10000000149011612,0.10000000149011612,0.10000000149011612,0
2013-08-21,0.10000000149011612,0.10000000149011612,0.10000000149011612,0.10000000149011612,0
2013-08-22,0.10000000149011612,0.10000000149011612,0.10000000149011612,0.10000000149011612,0
2013-08-23,0.10000000149011612,0.10000000149011612,0.10000000149011612,0.10000000149011612,0
2013-08-26,0.10000000149011612,0.10000000149011612,0.10000000149011612,0.10000000149011612,0
2013-08-27,0.10000000149011612,0.10000000149011612,0.10000000149011612,0.10000000149011612,0
2013-08-28,0.10000000149011612,0.10000000149011612,0.10000000149011612,0.10000000149011612,30000
2013-08-29,0.10000000149011612,0.10000000149011612,0.10000000149011612,0.10000000149011612,0
2013-08-30,0.10000000149011612,0.10000000149011612,0.10000000149011612,0.10000000149011612,0
2013-09-03,0.10000000149011612,0.10000000149011612,0.10000000149011612,0.10000000149011612,0
2013-09-04,0.10000000149011612,0.10000000149011612,0.10000000149011612,0.10000000149011612,0
2013-09-05,0.10000000149011612,0.10000000149011612,0.10000000149011612,0.10000000149011612,0
2013-09-06,0.10000000149011612,0.10000000149011612,0.10000000149011612,0.10000000149011612,0
2013-09-09,0.10000000149011612,0.10000000149011612,0.10000000149011612,0.10000000149011612,0
2013-09-10,0.10000000149011612,0.10000000149011612,0.10000000149011612,0.10000000149011612,0
2013-09-11,0.10000000149011612,0.10000000149011612,0.10000000149011612,0.10000000149011612,0
2013-09-12,0.10000000149011612,0.10000000149011612,0.10000000149011612,0.10000000149011612,0
2013-09-13,0.10000000149011612,0.10000000149011612,0.10000000149011612,0.10000000149011612,0
2013-09-16,0.10000000149011612,0.10000000149011612,0.10000000149011612,0.10000000149011612,0
2013-09-17,0.10000000149011612,0.10000000149011612,0.10000000149011612,0.10000000149011612,0
2013-09-18,0.10000000149011612,0.10000000149011612,0.10000000149011612,0.10000000149011612,167000
2013-09-19,0.10000000149011612,0.10000000149011612,0.10000000149011612,0.10000000149011612,0
2013-09-20,0.10000000149011612,0.10000000149011612,0.10000000149011612,0.10000000149011612,0
2013-09-23,0.10000000149011612,0.10000000149011612,0.10000000149011612,0.10000000149011612,0
2013-09-24,0.10000000149011612,0.10000000149011612,0.10000000149011612,0.10000000149011612,0
2013-09-25,0.10000000149011612,0.10000000149011612,0.10000000149011612,0.10000000149011612,0
2013-09-26,0.10000000149011612,0.10000000149011612,0.10000000149011612,0.10000000149011612,0
2013-09-27,0.10000000149011612,0.10000000149011612,0.10000000149011612,0.10000000149011612,0
2013-09-30,0.10000000149011612,0.10000000149011612,0.10000000149011612,0.10000000149011612,0
2013-10-01,0.10000000149011612,0.10000000149011612,0.10000000149011612,0.10000000149011612,0
2013-10-02,0.10000000149011612,0.10000000149011612,0.10000000149011612,0.10000000149011612,0
2013-10-03,0.10000000149011612,0.10000000149011612,0.10000000149011612,0.10000000149011612,0
2013-10-04,0.10000000149011612,0.10000000149011612,0.10000000149011612,0.10000000149011612,0
2013-10-07,0.10000000149011612,0.10000000149011612,0.10000000149011612,0.10000000149011612,0
2013-10-08,0.10000000149011612,0.10000000149011612,0.10000000149011612,0.10000000149011612,0
2013-10-09,0.10000000149011612,0.10000000149011612,0.10000000149011612,0.10000000149011612,0
2013-10-10,0.10000000149011612,0.10000000149011612,0.10000000149011612,0.10000000149011612,0
2013-10-11,0.10000000149011612,0.10000000149011612,0.10000000149011612,0.10000000149011612,0
2013-10-14,0.10000000149011612,0.10000000149011612,0.10000000149011612,0.10000000149011612,0
2013-10-15,0.10000000149011612,0.10000000149011612,0.10000000149011612,0.10000000149011612,0
2013-10-16,0.10000000149011612,0.10000000149011612,0.10000000149011612,0.10000000149011612,0
2013-10-17,0.10000000149011612,0.10000000149011612,0.10000000149011612,0.10000000149011612,0
2013-10-18,0.10000000149011612,0.10000000149011612,0.10000000149011612,0.10000000149011612,0
2013-10-21,0.10000000149011612,0.10000000149011612,0.10000000149011612,0.10000000149011612,0
2013-10-22,0.10000000149011612,0.10000000149011612,0.10000000149011612,0.10000000149011612,0
2013-10-23,0.10000000149011612,0.10000000149011612,0.10000000149011612,0.10000000149011612,0
2013-10-24,0.10000000149011612,0.10000000149011612,0.10000000149011612,0.10000000149011612,0
2013-10-25,0.10000000149011612,0.10000000149011612,0.10000000149011612,0.10000000149011612,0
2013-10-28,0.09000000357627869,0.09000000357627869,0.09000000357627869,0.09000000357627869,30000
2013-10-29,0.09000000357627869,0.09000000357627869,0.09000000357627869,0.09000000357627869,0
2013-10-30,0.09000000357627869,0.09000000357627869,0.09000000357627869,0.09000000357627869,0
2013-10-31,0.09000000357627869,0.09000000357627869,0.09000000357627869,0.09000000357627869,0
2013-11-01,0.09000000357627869,0.09000000357627869,0.09000000357627869,0.09000000357627869,0
2013-11-04,0.09000000357627869,0.09000000357627869,0.09000000357627869,0.09000000357627869,0
2013-11-05,0.09000000357627869,0.09000000357627869,0.09000000357627869,0.09000000357627869,0
2013-11-06,0.09000000357627869,0.09000000357627869,0.09000000357627869,0.09000000357627869,0
2013-11-07,0.09000000357627869,0.09000000357627869,0.09000000357627869,0.09000000357627869,0
2013-11-08,0.09000000357627869,0.09000000357627869,0.09000000357627869,0.09000000357627869,0
2013-11-11,0.09000000357627869,0.09000000357627869,0.09000000357627869,0.09000000357627869,0
2013-11-12,0.09000000357627869,0.09000000357627869,0.09000000357627869,0.09000000357627869,0
2013-11-13,0.09000000357627869,0.09000000357627869,0.09000000357627869,0.09000000357627869,0
2013-11-14,0.09000000357627869,0.09000000357627869,0.09000000357627869,0.09000000357627869,0
2013-11-15,0.09000000357627869,0.09000000357627869,0.09000000357627869,0.09000000357627869,0
2013-11-18,0.09000000357627869,0.09000000357627869,0.09000000357627869,0.09000000357627869,0
2013-11-19,0.09000000357627869,0.09000000357627869,0.09000000357627869,0.09000000357627869,0
2013-11-20,0.09000000357627869,0.09000000357627869,0.09000000357627869,0.09000000357627869,0
2013-11-21,0.09000000357627869,0.09000000357627869,0.09000000357627869,0.09000000357627869,0
2013-11-22,0.09000000357627869,0.09000000357627869,0.09000000357627869,0.09000000357627869,0
2013-11-25,0.09000000357627869,0.09000000357627869,0.09000000357627869,0.09000000357627869,0
2013-11-26,0.09000000357627869,0.09000000357627869,0.09000000357627869,0.09000000357627869,0
2013-11-27,0.09000000357627869,0.09000000357627869,0.09000000357627869,0.09000000357627869,0
2013-11-29,0.09000000357627869,0.09000000357627869,0.09000000357627869,0.09000000357627869,0
2013-12-02,0.09000000357627869,0.09000000357627869,0.09000000357627869,0.09000000357627869,0
2013-12-03,0.09000000357627869,0.09000000357627869,0.09000000357627869,0.09000000357627869,0
2013-12-04,0.0949999988079071,0.0949999988079071,0.0949999988079071,0.0949999988079071,3500
2013-12-05,0.0949999988079071,0.0949999988079071,0.0949999988079071,0.0949999988079071,0
2013-12-06,0.0949999988079071,0.0949999988079071,0.0949999988079071,0.0949999988079071,0
2013-12-09,0.0949999988079071,0.0949999988079071,0.0949999988079071,0.0949999988079071,0
2013-12-10,0.0949999988079071,0.0949999988079071,0.0949999988079071,0.0949999988079071,0
2013-12-11,0.0949999988079071,0.0949999988079071,0.0949999988079071,0.0949999988079071,0
2013-12-12,0.0949999988079071,0.0949999988079071,0.0949999988079071,0.0949999988079071,0
2013-12-13,0.0949999988079071,0.0949999988079071,0.0949999988079071,0.0949999988079071,0
2013-12-16,0.0949999988079071,0.0949999988079071,0.0949999988079071,0.0949999988079071,0
2013-12-17,0.0949999988079071,0.0949999988079071,0.0949999988079071,0.0949999988079071,0
2013-12-18,0.0949999988079071,0.0949999988079071,0.0949999988079071,0.0949999988079071,0
2013-12-19,0.0949999988079071,0.0949999988079071,0.0949999988079071,0.0949999988079071,0
2013-12-20,0.0949999988079071,0.0949999988079071,0.0949999988079071,0.0949999988079071,0
2013-12-23,0.0949999988079071,0.0949999988079071,0.0949999988079071,0.0949999988079071,0
2013-12-24,0.0949999988079071,0.0949999988079071,0.0949999988079071,0.0949999988079071,0
2013-12-26,0.0949999988079071,0.0949999988079071,0.0949999988079071,0.0949999988079071,0
2013-12-27,0.0949999988079071,0.0949999988079071,0.0949999988079071,0.0949999988079071,0
2013-12-30,0.0949999988079071,0.0949999988079071,0.0949999988079071,0.0949999988079071,7000
2013-12-31,0.0949999988079071,0.0949999988079071,0.0949999988079071,0.0949999988079071,0
2014-01-02,0.0949999988079071,0.0949999988079071,0.0949999988079071,0.0949999988079071,0
2014-01-03,0.0949999988079071,0.0949999988079071,0.0949999988079071,0.0949999988079071,0
2014-01-06,0.0949999988079071,0.0949999988079071,0.0949999988079071,0.0949999988079071,0
2014-01-07,0.0949999988079071,0.0949999988079071,0.0949999988079071,0.0949999988079071,0
2014-01-08,0.0949999988079071,0.0949999988079071,0.0949999988079071,0.0949999988079071,0
2014-01-09,0.0949999988079071,0.0949999988079071,0.0949999988079071,0.0949999988079071,0
2014-01-10,0.0949999988079071,0.0949999988079071,0.0949999988079071,0.0949999988079071,0
2014-01-13,0.0949999988079071,0.0949999988079071,0.0949999988079071,0.0949999988079071,0
2014-01-14,0.0949999988079071,0.0949999988079071,0.0949999988079071,0.0949999988079071,0
2014-01-15,0.0949999988079071,0.0949999988079071,0.0949999988079071,0.0949999988079071,0
2014-01-16,0.0949999988079071,0.0949999988079071,0.0949999988079071,0.0949999988079071,0
2014-01-17,0.0949999988079071,0.0949999988079071,0.0949999988079071,0.0949999988079071,0
2014-01-21,0.09000000357627869,0.09000000357627869,0.09000000357627869,0.09000000357627869,0
2014-01-22,0.09000000357627869,0.09000000357627869,0.09000000357627869,0.09000000357627869,0
2014-01-23,0.09000000357627869,0.09000000357627869,0.09000000357627869,0.09000000357627869,0
2014-01-24,0.09000000357627869,0.09000000357627869,0.09000000357627869,0.09000000357627869,0
2014-01-27,0.09000000357627869,0.09000000357627869,0.09000000357627869,0.09000000357627869,0
2014-01-28,0.09000000357627869,0.09000000357627869,0.09000000357627869,0.09000000357627869,0
2014-01-29,0.09000000357627869,0.09000000357627869,0.09000000357627869,0.09000000357627869,0
2014-01-30,0.09000000357627869,0.09000000357627869,0.09000000357627869,0.09000000357627869,0
2014-01-31,0.09000000357627869,0.09000000357627869,0.09000000357627869,0.09000000357627869,0
2014-02-03,0.09000000357627869,0.09000000357627869,0.09000000357627869,0.09000000357627869,0
2014-02-04,0.09000000357627869,0.09000000357627869,0.09000000357627869,0.09000000357627869,0
2014-02-05,0.09000000357627869,0.09000000357627869,0.09000000357627869,0.09000000357627869,0
2014-02-06,0.09000000357627869,0.09000000357627869,0.09000000357627869,0.09000000357627869,0
2014-02-07,0.09000000357627869,0.09000000357627869,0.09000000357627869,0.09000000357627869,0
2014-02-10,0.09000000357627869,0.09000000357627869,0.09000000357627869,0.09000000357627869,0
2014-02-11,0.09000000357627869,0.09000000357627869,0.09000000357627869,0.09000000357627869,0
2014-02-12,0.09000000357627869,0.09000000357627869,0.09000000357627869,0.09000000357627869,0
2014-02-13,0.09000000357627869,0.09000000357627869,0.09000000357627869,0.09000000357627869,0
2014-02-14,0.09000000357627869,0.09000000357627869,0.09000000357627869,0.09000000357627869,0
2014-02-18,0.09000000357627869,0.09000000357627869,0.09000000357627869,0.09000000357627869,0
2014-02-19,0.09000000357627869,0.09000000357627869,0.09000000357627869,0.09000000357627869,0
2014-02-20,0.09000000357627869,0.09000000357627869,0.09000000357627869,0.09000000357627869,0
2014-02-21,0.09000000357627869,0.09000000357627869,0.09000000357627869,0.09000000357627869,0
2014-02-24,0.09000000357627869,0.09000000357627869,0.09000000357627869,0.09000000357627869,0
2014-02-25,0.09000000357627869,0.09000000357627869,0.09000000357627869,0.09000000357627869,0
2014-02-26,0.09000000357627869,0.09000000357627869,0.09000000357627869,0.09000000357627869,0
2014-02-27,0.09000000357627869,0.09000000357627869,0.09000000357627869,0.09000000357627869,0
2014-02-28,0.09000000357627869,0.09000000357627869,0.09000000357627869,0.09000000357627869,0
2014-03-03,0.09000000357627869,0.09000000357627869,0.09000000357627869,0.09000000357627869,0
2014-03-04,0.09000000357627869,0.09000000357627869,0.09000000357627869,0.09000000357627869,0
2014-03-05,0.09000000357627869,0.09000000357627869,0.09000000357627869,0.09000000357627869,0
2014-03-06,0.09000000357627869,0.09000000357627869,0.09000000357627869,0.09000000357627869,0
2014-03-07,0.09000000357627869,0.09000000357627869,0.09000000357627869,0.09000000357627869,0
2014-03-10,0.09000000357627869,0.09000000357627869,0.09000000357627869,0.09000000357627869,0
2014-03-11,0.09000000357627869,0.09000000357627869,0.09000000357627869,0.09000000357627869,0
2014-03-12,0.09000000357627869,0.09000000357627869,0.09000000357627869,0.09000000357627869,0
2014-03-13,0.09000000357627869,0.09000000357627869,0.09000000357627869,0.09000000357627869,0
2014-03-14,0.09000000357627869,0.09000000357627869,0.09000000357627869,0.09000000357627869,0
2014-03-17,0.09000000357627869,0.09000000357627869,0.09000000357627869,0.09000000357627869,0
2014-03-18,0.09000000357627869,0.09000000357627869,0.09000000357627869,0.09000000357627869,0
2014-03-19,0.09000000357627869,0.09000000357627869,0.09000000357627869,0.09000000357627869,0
2014-03-20,0.09000000357627869,0.09000000357627869,0.09000000357627869,0.09000000357627869,0
2014-03-21,0.09000000357627869,0.09000000357627869,0.09000000357627869,0.09000000357627869,0
2014-03-24,0.09000000357627869,0.09000000357627869,0.09000000357627869,0.09000000357627869,0
2014-03-25,0.09000000357627869,0.09000000357627869,0.09000000357627869,0.09000000357627869,0
2014-03-26,0.09000000357627869,0.09000000357627869,0.09000000357627869,0.09000000357627869,0
2014-03-27,0.09000000357627869,0.09000000357627869,0.09000000357627869,0.09000000357627869,0
2014-03-28,0.09000000357627869,0.09000000357627869,0.09000000357627869,0.09000000357627869,0
2014-03-31,0.09000000357627869,0.09000000357627869,0.09000000357627869,0.09000000357627869,0
2014-04-01,0.09000000357627869,0.09000000357627869,0.09000000357627869,0.09000000357627869,0
2014-04-02,0.09000000357627869,0.09000000357627869,0.09000000357627869,0.09000000357627869,0
2014-04-03,0.09000000357627869,0.09000000357627869,0.09000000357627869,0.09000000357627869,0
2014-04-04,0.09000000357627869,0.09000000357627869,0.09000000357627869,0.09000000357627869,0
2014-04-07,0.09000000357627869,0.09000000357627869,0.09000000357627869,0.09000000357627869,0
2014-04-08,0.09000000357627869,0.09000000357627869,0.09000000357627869,0.09000000357627869,0
2014-04-09,0.09000000357627869,0.09000000357627869,0.09000000357627869,0.09000000357627869,0
2014-04-10,0.09000000357627869,0.09000000357627869,0.09000000357627869,0.09000000357627869,0
2014-04-11,0.09000000357627869,0.09000000357627869,0.09000000357627869,0.09000000357627869,0
2014-04-14,0.09000000357627869,0.09000000357627869,0.09000000357627869,0.09000000357627869,0
2014-04-15,0.09000000357627869,0.09000000357627869,0.09000000357627869,0.09000000357627869,0
2014-04-16,0.09000000357627869,0.09000000357627869,0.09000000357627869,0.09000000357627869,0
2014-04-17,0.09000000357627869,0.09000000357627869,0.09000000357627869,0.09000000357627869,0
2014-04-21,0.09000000357627869,0.09000000357627869,0.09000000357627869,0.09000000357627869,0
2014-04-22,0.09000000357627869,0.09000000357627869,0.09000000357627869,0.09000000357627869,0
2014-04-23,0.09000000357627869,0.09000000357627869,0.09000000357627869,0.09000000357627869,0
2014-04-24,0.09000000357627869,0.09000000357627869,0.09000000357627869,0.09000000357627869,0
2014-04-25,0.09000000357627869,0.09000000357627869,0.09000000357627869,0.09000000357627869,0
2014-04-28,0.09000000357627869,0.09000000357627869,0.09000000357627869,0.09000000357627869,0
2014-04-29,0.09000000357627869,0.09000000357627869,0.09000000357627869,0.09000000357627869,0
2014-04-30,0.09000000357627869,0.09000000357627869,0.09000000357627869,0.09000000357627869,0
2014-05-01,0.09000000357627869,0.09000000357627869,0.09000000357627869,0.09000000357627869,3500
2014-05-02,0.09000000357627869,0.09000000357627869,0.09000000357627869,0.09000000357627869,0
2014-05-05,0.09000000357627869,0.09000000357627869,0.09000000357627869,0.09000000357627869,0
2014-05-06,0.09000000357627869,0.09000000357627869,0.09000000357627869,0.09000000357627869,0
2014-05-07,0.09000000357627869,0.09000000357627869,0.09000000357627869,0.09000000357627869,0
2014-05-08,0.09000000357627869,0.09000000357627869,0.09000000357627869,0.09000000357627869,30000
2014-05-09,0.09000000357627869,0.09000000357627869,0.09000000357627869,0.09000000357627869,0
2014-05-12,0.09000000357627869,0.09000000357627869,0.09000000357627869,0.09000000357627869,0
2014-05-13,0.09000000357627869,0.09000000357627869,0.09000000357627869,0.09000000357627869,0
2014-05-14,0.09000000357627869,0.09000000357627869,0.09000000357627869,0.09000000357627869,0
2014-05-15,0.09000000357627869,0.09000000357627869,0.09000000357627869,0.09000000357627869,0
2014-05-16,0.09000000357627869,0.09000000357627869,0.09000000357627869,0.09000000357627869,0
2014-05-19,0.09000000357627869,0.09000000357627869,0.09000000357627869,0.09000000357627869,0
2014-05-20,0.09000000357627869,0.09000000357627869,0.09000000357627869,0.09000000357627869,0
2014-05-21,0.09000000357627869,0.09000000357627869,0.09000000357627869,0.09000000357627869,0
2014-05-22,0.09000000357627869,0.09000000357627869,0.09000000357627869,0.09000000357627869,0
2014-05-23,0.09000000357627869,0.09000000357627869,0.09000000357627869,0.09000000357627869,0
2014-05-27,0.09000000357627869,0.09000000357627869,0.09000000357627869,0.09000000357627869,0
2014-05-28,0.09000000357627869,0.09000000357627869,0.09000000357627869,0.09000000357627869,0
2014-05-29,0.09000000357627869,0.09000000357627869,0.09000000357627869,0.09000000357627869,0
2014-05-30,0.09000000357627869,0.09000000357627869,0.09000000357627869,0.09000000357627869,0
2014-06-02,0.09000000357627869,0.09000000357627869,0.09000000357627869,0.09000000357627869,0
2014-06-03,0.09000000357627869,0.09000000357627869,0.09000000357627869,0.09000000357627869,0
2014-06-04,0.09000000357627869,0.09000000357627869,0.09000000357627869,0.09000000357627869,0
2014-06-05,0.09000000357627869,0.09000000357627869,0.09000000357627869,0.09000000357627869,0
2014-06-06,0.09000000357627869,0.09000000357627869,0.09000000357627869,0.09000000357627869,0
2014-06-09,0.09000000357627869,0.09000000357627869,0.09000000357627869,0.09000000357627869,0
2014-06-10,0.09000000357627869,0.09000000357627869,0.09000000357627869,0.09000000357627869,0
2014-06-11,0.09000000357627869,0.09000000357627869,0.09000000357627869,0.09000000357627869,0
2014-06-12,0.09000000357627869,0.09000000357627869,0.09000000357627869,0.09000000357627869,0
2014-06-13,0.09000000357627869,0.09000000357627869,0.09000000357627869,0.09000000357627869,0
2014-06-16,0.09000000357627869,0.09000000357627869,0.09000000357627869,0.09000000357627869,0
2014-06-17,0.09000000357627869,0.09000000357627869,0.09000000357627869,0.09000000357627869,0
2014-06-18,0.09000000357627869,0.09000000357627869,0.09000000357627869,0.09000000357627869,0
2014-06-19,0.09000000357627869,0.09000000357627869,0.09000000357627869,0.09000000357627869,0
2014-06-20,0.09000000357627869,0.09000000357627869,0.09000000357627869,0.09000000357627869,0
2014-06-23,0.09000000357627869,0.09000000357627869,0.09000000357627869,0.09000000357627869,0
2014-06-24,0.09000000357627869,0.09000000357627869,0.09000000357627869,0.09000000357627869,6640
2014-06-25,0.09000000357627869,0.09000000357627869,0.09000000357627869,0.09000000357627869,0
2014-06-26,0.09000000357627869,0.09000000357627869,0.09000000357627869,0.09000000357627869,0
2014-06-27,0.07999999821186066,0.09000000357627869,0.07999999821186066,0.09000000357627869,30000
2014-06-30,0.07999999821186066,0.07999999821186066,0.07999999821186066,0.07999999821186066,0
2014-07-01,0.07999999821186066,0.07999999821186066,0.07999999821186066,0.07999999821186066,0
2014-07-02,0.07999999821186066,0.07999999821186066,0.07999999821186066,0.07999999821186066,0
2014-07-03,0.07999999821186066,0.07999999821186066,0.07999999821186066,0.07999999821186066,0
2014-07-07,0.07999999821186066,0.07999999821186066,0.07999999821186066,0.07999999821186066,0
2014-07-08,0.07999999821186066,0.07999999821186066,0.07999999821186066,0.07999999821186066,0
2014-07-09,0.07999999821186066,0.07999999821186066,0.07999999821186066,0.07999999821186066,0
2014-07-10,0.07999999821186066,0.07999999821186066,0.07999999821186066,0.07999999821186066,0
2014-07-11,0.07999999821186066,0.07999999821186066,0.07999999821186066,0.07999999821186066,0
2014-07-14,0.07999999821186066,0.07999999821186066,0.07999999821186066,0.07999999821186066,0
2014-07-15,0.07999999821186066,0.07999999821186066,0.07999999821186066,0.07999999821186066,0
2014-07-16,0.07999999821186066,0.07999999821186066,0.07999999821186066,0.07999999821186066,0
2014-07-17,0.07999999821186066,0.07999999821186066,0.07999999821186066,0.07999999821186066,0
2014-07-18,0.07999999821186066,0.07999999821186066,0.07999999821186066,0.07999999821186066,0
2014-07-21,0.07999999821186066,0.07999999821186066,0.07999999821186066,0.07999999821186066,0
2014-07-22,0.07999999821186066,0.07999999821186066,0.07999999821186066,0.07999999821186066,0
2014-07-23,0.07999999821186066,0.07999999821186066,0.07999999821186066,0.07999999821186066,0
2014-07-24,0.07999999821186066,0.07999999821186066,0.07999999821186066,0.07999999821186066,0
2014-07-25,0.07999999821186066,0.07999999821186066,0.07999999821186066,0.07999999821186066,0
2014-07-28,0.07999999821186066,0.07999999821186066,0.07999999821186066,0.07999999821186066,0
2014-07-29,0.07999999821186066,0.07999999821186066,0.07999999821186066,0.07999999821186066,0
2014-07-30,0.07999999821186066,0.07999999821186066,0.07999999821186066,0.07999999821186066,0
2014-07-31,0.12999999523162842,0.12999999523162842,0.12999999523162842,0.12999999523162842,27000
2014-08-01,0.12999999523162842,0.12999999523162842,0.12999999523162842,0.12999999523162842,0
2014-08-04,0.12999999523162842,0.12999999523162842,0.12999999523162842,0.12999999523162842,0
2014-08-05,0.10000000149011612,0.10999999940395355,0.10000000149011612,0.10999999940395355,35000
2014-08-06,0.07500000298023224,0.07999999821186066,0.07500000298023224,0.07999999821186066,140000
2014-08-07,0.07500000298023224,0.07500000298023224,0.07500000298023224,0.07500000298023224,0
2014-08-08,0.07500000298023224,0.07500000298023224,0.07500000298023224,0.07500000298023224,0
2014-08-11,0.07500000298023224,0.07500000298023224,0.07500000298023224,0.07500000298023224,0
2014-08-12,0.07500000298023224,0.07500000298023224,0.07500000298023224,0.07500000298023224,0
2014-08-13,0.07500000298023224,0.07500000298023224,0.07500000298023224,0.07500000298023224,0
2014-08-14,0.07500000298023224,0.07500000298023224,0.07500000298023224,0.07500000298023224,0
2014-08-15,0.07500000298023224,0.07500000298023224,0.07500000298023224,0.07500000298023224,0
2014-08-18,0.07500000298023224,0.07500000298023224,0.07500000298023224,0.07500000298023224,0
2014-08-19,0.07500000298023224,0.07500000298023224,0.07500000298023224,0.07500000298023224,0
2014-08-20,0.07500000298023224,0.07500000298023224,0.07500000298023224,0.07500000298023224,0
2014-08-21,0.07500000298023224,0.07500000298023224,0.07500000298023224,0.07500000298023224,0
2014-08-22,0.07500000298023224,0.07500000298023224,0.07500000298023224,0.07500000298023224,0
2014-08-25,0.07500000298023224,0.07500000298023224,0.07500000298023224,0.07500000298023224,0
2014-08-26,0.07500000298023224,0.07500000298023224,0.07500000298023224,0.07500000298023224,0
2014-08-27,0.07500000298023224,0.07500000298023224,0.07500000298023224,0.07500000298023224,0
2014-08-28,0.07500000298023224,0.07500000298023224,0.07500000298023224,0.07500000298023224,0
2014-08-29,0.07500000298023224,0.07500000298023224,0.07500000298023224,0.07500000298023224,0
2014-09-02,0.07500000298023224,0.07500000298023224,0.07500000298023224,0.07500000298023224,0
2014-09-03,0.07500000298023224,0.07500000298023224,0.07500000298023224,0.07500000298023224,0
2014-09-04,0.07500000298023224,0.07500000298023224,0.07500000298023224,0.07500000298023224,0
2014-09-05,0.07500000298023224,0.07500000298023224,0.07500000298023224,0.07500000298023224,0
2014-09-08,0.07500000298023224,0.07500000298023224,0.07500000298023224,0.07500000298023224,0
2014-09-09,0.07500000298023224,0.07500000298023224,0.07500000298023224,0.07500000298023224,0
2014-09-10,0.07500000298023224,0.07500000298023224,0.07500000298023224,0.07500000298023224,0
2014-09-11,0.07500000298023224,0.07500000298023224,0.07500000298023224,0.07500000298023224,0
2014-09-12,0.07500000298023224,0.07500000298023224,0.07500000298023224,0.07500000298023224,0
2014-09-15,0.07500000298023224,0.07500000298023224,0.07500000298023224,0.07500000298023224,0
2014-09-16,0.07500000298023224,0.07500000298023224,0.07500000298023224,0.07500000298023224,0
2014-09-17,0.07500000298023224,0.07500000298023224,0.07500000298023224,0.07500000298023224,0
2014-09-18,0.07500000298023224,0.07500000298023224,0.07500000298023224,0.07500000298023224,0
2014-09-19,0.07500000298023224,0.07500000298023224,0.07500000298023224,0.07500000298023224,0
2014-09-22,0.07500000298023224,0.07500000298023224,0.07500000298023224,0.07500000298023224,0
2014-09-23,0.07500000298023224,0.07500000298023224,0.07500000298023224,0.07500000298023224,0
2014-09-24,0.07500000298023224,0.07500000298023224,0.07500000298023224,0.07500000298023224,0
2014-09-25,0.07500000298023224,0.07500000298023224,0.07500000298023224,0.07500000298023224,0
2014-09-26,0.07500000298023224,0.07500000298023224,0.07500000298023224,0.07500000298023224,0
2014-09-29,0.07500000298023224,0.07500000298023224,0.07500000298023224,0.07500000298023224,0
2014-09-30,0.07500000298023224,0.07500000298023224,0.07500000298023224,0.07500000298023224,0
2014-10-01,0.07500000298023224,0.07500000298023224,0.07500000298023224,0.07500000298023224,0
2014-10-02,0.07500000298023224,0.07500000298023224,0.07500000298023224,0.07500000298023224,0
2014-10-03,0.07500000298023224,0.07500000298023224,0.07500000298023224,0.07500000298023224,0
2014-10-06,0.07500000298023224,0.07500000298023224,0.07500000298023224,0.07500000298023224,0
2014-10-07,0.07500000298023224,0.07500000298023224,0.07500000298023224,0.07500000298023224,0
2014-10-08,0.07500000298023224,0.07500000298023224,0.07500000298023224,0.07500000298023224,0
2014-10-09,0.07500000298023224,0.07500000298023224,0.07500000298023224,0.07500000298023224,0
2014-10-10,0.07500000298023224,0.07500000298023224,0.07500000298023224,0.07500000298023224,0
2014-10-13,0.07500000298023224,0.07500000298023224,0.07500000298023224,0.07500000298023224,0
2014-10-14,0.07500000298023224,0.07500000298023224,0.07500000298023224,0.07500000298023224,0
2014-10-15,0.07500000298023224,0.07500000298023224,0.07500000298023224,0.07500000298023224,0
2014-10-16,0.07500000298023224,0.07500000298023224,0.07500000298023224,0.07500000298023224,0
2014-10-17,0.07500000298023224,0.07500000298023224,0.07500000298023224,0.07500000298023224,0
2014-10-20,0.07500000298023224,0.07500000298023224,0.07500000298023224,0.07500000298023224,0
2014-10-21,0.07500000298023224,0.07500000298023224,0.07500000298023224,0.07500000298023224,0
2014-10-22,0.07500000298023224,0.07500000298023224,0.07500000298023224,0.07500000298023224,0
2014-10-23,0.07500000298023224,0.07500000298023224,0.07500000298023224,0.07500000298023224,0
2014-10-24,0.07500000298023224,0.07500000298023224,0.07500000298023224,0.07500000298023224,0
2014-10-27,0.07500000298023224,0.07500000298023224,0.07500000298023224,0.07500000298023224,0
2014-10-28,0.07500000298023224,0.07500000298023224,0.07500000298023224,0.07500000298023224,0
2014-10-29,0.07500000298023224,0.07500000298023224,0.07500000298023224,0.07500000298023224,0
2014-10-30,0.07500000298023224,0.07500000298023224,0.07500000298023224,0.07500000298023224,0
2014-10-31,0.07500000298023224,0.07500000298023224,0.07500000298023224,0.07500000298023224,0
2014-11-03,0.07500000298023224,0.07500000298023224,0.07500000298023224,0.07500000298023224,0
2014-11-04,0.07500000298023224,0.07500000298023224,0.07500000298023224,0.07500000298023224,0
2014-11-05,0.07500000298023224,0.07500000298023224,0.07500000298023224,0.07500000298023224,0
2014-11-06,0.10999999940395355,0.10999999940395355,0.07999999821186066,0.07999999821186066,272000
2014-11-07,0.10000000149011612,0.10999999940395355,0.10000000149011612,0.10999999940395355,16000
2014-11-12,0.0949999988079071,0.0949999988079071,0.0949999988079071,0.0949999988079071,10000
2014-11-13,0.0949999988079071,0.0949999988079071,0.0949999988079071,0.0949999988079071,0
2014-11-14,0.0949999988079071,0.0949999988079071,0.0949999988079071,0.0949999988079071,0
2014-11-28,0.0949999988079071,0.0949999988079071,0.0949999988079071,0.0949999988079071,0
2014-12-01,0.0949999988079071,0.0949999988079071,0.0949999988079071,0.0949999988079071,0
2014-12-02,0.0949999988079071,0.0949999988079071,0.0949999988079071,0.0949999988079071,0
2014-12-03,0.0949999988079071,0.0949999988079071,0.0949999988079071,0.0949999988079071,0
2014-12-04,0.0949999988079071,0.0949999988079071,0.0949999988079071,0.0949999988079071,0
2014-12-05,0.0949999988079071,0.0949999988079071,0.0949999988079071,0.0949999988079071,15000
2014-12-08,0.0949999988079071,0.0949999988079071,0.0949999988079071,0.0949999988079071,0
2014-12-09,0.0949999988079071,0.0949999988079071,0.0949999988079071,0.0949999988079071,0
2014-12-10,0.0949999988079071,0.0949999988079071,0.0949999988079071,0.0949999988079071,0
2014-12-11,0.0949999988079071,0.0949999988079071,0.0949999988079071,0.0949999988079071,3000
2014-12-12,0.0949999988079071,0.0949999988079071,0.0949999988079071,0.0949999988079071,0
2014-12-15,0.0949999988079071,0.0949999988079071,0.0949999988079071,0.0949999988079071,0
2014-12-16,0.0949999988079071,0.0949999988079071,0.0949999988079071,0.0949999988079071,0
2014-12-17,0.0949999988079071,0.0949999988079071,0.0949999988079071,0.0949999988079071,0
2014-12-18,0.0949999988079071,0.0949999988079071,0.0949999988079071,0.0949999988079071,0
2014-12-19,0.0949999988079071,0.0949999988079071,0.0949999988079071,0.0949999988079071,0
2014-12-22,0.0949999988079071,0.0949999988079071,0.0949999988079071,0.0949999988079071,0
2014-12-23,0.07999999821186066,0.07999999821186066,0.07999999821186066,0.07999999821186066,3500
2014-12-24,0.07999999821186066,0.07999999821186066,0.07999999821186066,0.07999999821186066,0
2014-12-26,0.07999999821186066,0.07999999821186066,0.07999999821186066,0.07999999821186066,0
2014-12-29,0.07999999821186066,0.07999999821186066,0.07999999821186066,0.07999999821186066,0
2014-12-30,0.07999999821186066,0.07999999821186066,0.07999999821186066,0.07999999821186066,0
2014-12-31,0.07999999821186066,0.07999999821186066,0.07999999821186066,0.07999999821186066,0
2015-01-02,0.07999999821186066,0.07999999821186066,0.07999999821186066,0.07999999821186066,0
2015-01-05,0.07999999821186066,0.07999999821186066,0.07999999821186066,0.07999999821186066,0
2015-01-06,0.07999999821186066,0.07999999821186066,0.07999999821186066,0.07999999821186066,0
2015-01-07,0.07999999821186066,0.07999999821186066,0.07999999821186066,0.07999999821186066,0
2015-01-08,0.07999999821186066,0.07999999821186066,0.07999999821186066,0.07999999821186066,0
2015-01-09,0.07999999821186066,0.07999999821186066,0.07999999821186066,0.07999999821186066,0
2015-01-12,0.07999999821186066,0.07999999821186066,0.07999999821186066,0.07999999821186066,0
2015-01-13,0.07999999821186066,0.07999999821186066,0.07999999821186066,0.07999999821186066,0
2015-01-14,0.07999999821186066,0.07999999821186066,0.07999999821186066,0.07999999821186066,0
2015-01-15,0.07999999821186066,0.07999999821186066,0.07999999821186066,0.07999999821186066,0
2015-01-16,0.07999999821186066,0.07999999821186066,0.07999999821186066,0.07999999821186066,0
2015-01-20,0.07999999821186066,0.07999999821186066,0.07999999821186066,0.07999999821186066,0
2015-01-21,0.07999999821186066,0.07999999821186066,0.07999999821186066,0.07999999821186066,0
2015-01-22,0.07999999821186066,0.07999999821186066,0.07999999821186066,0.07999999821186066,0
2015-01-23,0.07999999821186066,0.07999999821186066,0.07999999821186066,0.07999999821186066,0
2015-01-26,0.07999999821186066,0.07999999821186066,0.07999999821186066,0.07999999821186066,0
2015-01-27,0.07999999821186066,0.07999999821186066,0.07999999821186066,0.07999999821186066,0
2015-01-28,0.07999999821186066,0.07999999821186066,0.07999999821186066,0.07999999821186066,0
2015-01-29,0.07999999821186066,0.07999999821186066,0.07999999821186066,0.07999999821186066,0
2015-01-30,0.07999999821186066,0.07999999821186066,0.07999999821186066,0.07999999821186066,0
2015-02-02,0.07999999821186066,0.07999999821186066,0.07999999821186066,0.07999999821186066,0
2015-02-03,0.07999999821186066,0.07999999821186066,0.07999999821186066,0.07999999821186066,0
2015-02-04,0.07999999821186066,0.07999999821186066,0.07999999821186066,0.07999999821186066,0
2015-02-05,0.07999999821186066,0.07999999821186066,0.07999999821186066,0.07999999821186066,0
2015-02-06,0.07999999821186066,0.07999999821186066,0.07999999821186066,0.07999999821186066,0
2015-02-09,0.07999999821186066,0.07999999821186066,0.07999999821186066,0.07999999821186066,0
2015-02-10,0.07999999821186066,0.07999999821186066,0.07999999821186066,0.07999999821186066,0
2015-02-11,0.07999999821186066,0.07999999821186066,0.07999999821186066,0.07999999821186066,0
2015-02-12,0.07999999821186066,0.07999999821186066,0.07999999821186066,0.07999999821186066,0
2015-02-13,0.07999999821186066,0.07999999821186066,0.07999999821186066,0.07999999821186066,0
2015-02-17,0.07999999821186066,0.07999999821186066,0.07999999821186066,0.07999999821186066,0
2015-02-18,0.07999999821186066,0.07999999821186066,0.07999999821186066,0.07999999821186066,0
2015-02-19,0.07999999821186066,0.07999999821186066,0.07999999821186066,0.07999999821186066,0
2015-02-20,0.07999999821186066,0.07999999821186066,0.07999999821186066,0.07999999821186066,0
2015-02-23,0.07999999821186066,0.07999999821186066,0.07999999821186066,0.07999999821186066,0
2015-02-24,0.07999999821186066,0.07999999821186066,0.07999999821186066,0.07999999821186066,0
2015-02-25,0.07999999821186066,0.07999999821186066,0.07999999821186066,0.07999999821186066,0
2015-02-26,0.07999999821186066,0.07999999821186066,0.07999999821186066,0.07999999821186066,0
2015-02-27,0.07999999821186066,0.07999999821186066,0.07999999821186066,0.07999999821186066,0
2015-03-02,0.07999999821186066,0.07999999821186066,0.07999999821186066,0.07999999821186066,0
2015-03-03,0.07999999821186066,0.07999999821186066,0.07999999821186066,0.07999999821186066,0
2015-03-04,0.07999999821186066,0.07999999821186066,0.07999999821186066,0.07999999821186066,0
2015-03-05,0.07999999821186066,0.07999999821186066,0.07999999821186066,0.07999999821186066,0
2015-03-06,0.07999999821186066,0.07999999821186066,0.07999999821186066,0.07999999821186066,0
2015-03-09,0.07999999821186066,0.07999999821186066,0.07999999821186066,0.07999999821186066,0
2015-03-10,0.07999999821186066,0.07999999821186066,0.07999999821186066,0.07999999821186066,0
2015-03-11,0.07999999821186066,0.07999999821186066,0.07999999821186066,0.07999999821186066,0
2015-03-12,0.07999999821186066,0.07999999821186066,0.07999999821186066,0.07999999821186066,0
2015-03-13,0.07999999821186066,0.07999999821186066,0.07999999821186066,0.07999999821186066,0
2015-03-16,0.07999999821186066,0.07999999821186066,0.07999999821186066,0.07999999821186066,0
2015-03-17,0.07999999821186066,0.07999999821186066,0.07999999821186066,0.07999999821186066,0
2015-03-18,0.07999999821186066,0.07999999821186066,0.07999999821186066,0.07999999821186066,0
2015-03-19,0.07999999821186066,0.07999999821186066,0.07999999821186066,0.07999999821186066,0
2015-03-20,0.07999999821186066,0.07999999821186066,0.07999999821186066,0.07999999821186066,0
2015-03-23,0.07999999821186066,0.07999999821186066,0.07999999821186066,0.07999999821186066,0
2015-03-24,0.07999999821186066,0.07999999821186066,0.07999999821186066,0.07999999821186066,0
2015-03-25,0.07999999821186066,0.07999999821186066,0.07999999821186066,0.07999999821186066,0
2015-03-26,0.07999999821186066,0.07999999821186066,0.07999999821186066,0.07999999821186066,0
2015-03-27,0.07999999821186066,0.07999999821186066,0.07999999821186066,0.07999999821186066,0
2015-03-30,0.07999999821186066,0.07999999821186066,0.07999999821186066,0.07999999821186066,0
2015-03-31,0.07999999821186066,0.07999999821186066,0.07999999821186066,0.07999999821186066,0
2015-04-01,0.07999999821186066,0.07999999821186066,0.07999999821186066,0.07999999821186066,0
2015-04-02,0.07999999821186066,0.07999999821186066,0.07999999821186066,0.07999999821186066,0
2015-04-06,0.07999999821186066,0.07999999821186066,0.07999999821186066,0.07999999821186066,0
2015-04-07,0.07999999821186066,0.07999999821186066,0.07999999821186066,0.07999999821186066,0
2015-04-08,0.07999999821186066,0.07999999821186066,0.07999999821186066,0.07999999821186066,0
2015-04-10,0.07999999821186066,0.07999999821186066,0.07999999821186066,0.07999999821186066,0
2015-04-13,0.07999999821186066,0.07999999821186066,0.07999999821186066,0.07999999821186066,0
2015-04-14,0.07999999821186066,0.07999999821186066,0.07999999821186066,0.07999999821186066,0
2015-04-15,0.07999999821186066,0.07999999821186066,0.07999999821186066,0.07999999821186066,0
2015-04-17,0.07999999821186066,0.07999999821186066,0.07999999821186066,0.07999999821186066,0
2015-04-20,0.07999999821186066,0.07999999821186066,0.07999999821186066,0.07999999821186066,0
2015-04-21,0.07999999821186066,0.07999999821186066,0.07999999821186066,0.07999999821186066,0
2015-04-22,0.07999999821186066,0.07999999821186066,0.07999999821186066,0.07999999821186066,0
2015-04-23,0.07999999821186066,0.07999999821186066,0.07999999821186066,0.07999999821186066,0
2015-04-27,0.07999999821186066,0.07999999821186066,0.07999999821186066,0.07999999821186066,0
2015-04-28,0.07999999821186066,0.07999999821186066,0.07999999821186066,0.07999999821186066,0
2015-04-30,0.07999999821186066,0.07999999821186066,0.07999999821186066,0.07999999821186066,0
2015-05-04,0.07999999821186066,0.07999999821186066,0.07999999821186066,0.07999999821186066,0
2015-05-05,0.07999999821186066,0.07999999821186066,0.07999999821186066,0.07999999821186066,0
2015-05-06,0.07999999821186066,0.07999999821186066,0.07999999821186066,0.07999999821186066,0
2015-05-07,0.07999999821186066,0.07999999821186066,0.07999999821186066,0.07999999821186066,0
2015-05-08,0.07999999821186066,0.07999999821186066,0.07999999821186066,0.07999999821186066,0
2015-05-12,0.07999999821186066,0.07999999821186066,0.07999999821186066,0.07999999821186066,0
2015-05-13,2.700000047683716,2.75,2.3499999046325684,2.5,1081303
2015-05-14,3.7699999809265137,4.480000019073486,2.990000009536743,3.0,1516073
2015-05-15,4.139999866485596,4.349999904632568,3.8299999237060547,4.090000152587891,700872
2015-05-19,6.679999828338623,6.679999828338623,4.28000020980835,4.440000057220459,1758899
2015-05-22,4.650000095367432,4.650000095367432,4.650000095367432,4.650000095367432,0
2015-05-26,4.789999961853027,5.400000095367432,4.690000057220459,5.300000190734863,761210
2015-05-28,4.099999904632568,4.400000095367432,3.9000000953674316,4.110000133514404,312142
2015-05-29,4.039999961853027,4.199999809265137,3.759999990463257,3.799999952316284,797003
2015-06-03,4.010000228881836,4.230000019073486,4.010000228881836,4.099999904632568,176680
2015-06-05,4.230000019073486,4.53000020980835,4.099999904632568,4.349999904632568,236036
2015-06-08,4.21999979019165,4.400000095367432,4.099999904632568,4.289999961853027,149664
2015-06-10,4.210000038146973,4.329999923706055,4.159999847412109,4.25,97666
2015-06-11,4.179999828338623,4.300000190734863,4.090000152587891,4.179999828338623,86437
2015-06-15,4.150000095367432,4.150000095367432,4.0,4.119999885559082,101910
2015-06-17,3.9000000953674316,3.990000009536743,3.880000114440918,3.990000009536743,73428
2015-06-25,4.309999942779541,4.46999979019165,4.25,4.25,143510
2015-07-06,5.800000190734863,6.559999942779541,5.650000095367432,5.670000076293945,520198
2015-07-07,5.489999771118164,5.849999904632568,5.119999885559082,5.849999904632568,481948
2015-07-08,5.300000190734863,5.480000019073486,5.150000095367432,5.449999809265137,202808
2015-07-09,5.349999904632568,5.75,5.25,5.449999809265137,288461
2015-07-10,5.300000190734863,5.579999923706055,5.25,5.579999923706055,152249
2015-07-13,5.53000020980835,5.599999904632568,5.119999885559082,5.269999980926514,320274
2015-07-14,5.75,5.989999771118164,5.480000019073486,5.570000171661377,637471
2015-07-15,5.949999809265137,6.059999942779541,5.599999904632568,5.670000076293945,326076
2015-07-16,6.21999979019165,6.320000171661377,5.860000133514404,6.0,419413
2015-07-17,6.0,6.400000095367432,5.78000020980835,6.25,407732
2015-07-20,5.320000171661377,5.940000057220459,5.230000019073486,5.800000190734863,156036
2015-07-21,5.769999980926514,5.769999980926514,5.420000076293945,5.550000190734863,136124
2015-07-22,5.25,5.800000190734863,5.25,5.659999847412109,172239
2015-07-23,5.300000190734863,5.5,5.25,5.349999904632568,58000
2015-07-24,5.400000095367432,5.400000095367432,5.210000038146973,5.25,87856
2015-07-27,5.5,5.5,5.360000133514404,5.46999979019165,81146
2015-07-28,5.75,5.75,5.400000095367432,5.5,179393
2015-07-29,5.5,5.809999942779541,5.329999923706055,5.800000190734863,176091
2015-07-30,5.480000019073486,5.650000095367432,5.340000152587891,5.340000152587891,68750
2015-07-31,5.650000095367432,5.75,5.599999904632568,5.599999904632568,63331
2015-08-03,5.650000095367432,5.650000095367432,5.650000095367432,5.650000095367432,0
2015-08-04,5.699999809265137,5.949999809265137,5.630000114440918,5.75,107535
2015-08-05,5.449999809265137,5.699999809265137,5.420000076293945,5.699999809265137,65344
2015-08-06,5.639999866485596,5.789999961853027,5.480000019073486,5.659999847412109,104851
2015-08-07,5.429999828338623,5.650000095367432,5.389999866485596,5.650000095367432,96180
2015-08-10,5.380000114440918,5.610000133514404,5.380000114440918,5.5,99337
2015-08-11,5.5,5.539999961853027,5.349999904632568,5.5,81090
2015-08-12,5.099999904632568,5.539999961853027,5.059999942779541,5.480000019073486,229964
2015-08-13,5.099999904632568,5.25,4.989999771118164,5.0,108687
2015-08-14,4.699999809265137,5.190000057220459,4.269999980926514,5.099999904632568,291745
2015-08-17,4.699999809265137,4.889999866485596,4.300000190734863,4.599999904632568,100317
2015-08-18,4.440000057220459,4.849999904632568,4.440000057220459,4.800000190734863,120174
2015-08-19,5.079999923706055,5.139999866485596,4.440000057220459,4.460000038146973,120385
2015-08-20,5.0,5.300000190734863,4.900000095367432,5.159999847412109,177697
2015-08-21,5.059999942779541,5.059999942779541,4.809999942779541,4.940000057220459,71301
2015-08-24,4.639999866485596,4.900000095367432,4.619999885559082,4.800000190734863,104731
2015-08-25,4.699999809265137,4.940000057220459,4.610000133514404,4.639999866485596,106274
2015-08-26,4.400000095367432,4.699999809265137,4.349999904632568,4.699999809265137,95548
2015-08-27,4.5,4.710000038146973,4.449999809265137,4.590000152587891,40295
2015-08-28,4.690000057220459,4.739999771118164,4.5,4.550000190734863,85650
2015-08-31,4.880000114440918,5.0,4.829999923706055,5.0,93150
2015-09-01,4.010000228881836,4.889999866485596,4.010000228881836,4.889999866485596,253663
2015-09-02,4.289999961853027,4.329999923706055,4.099999904632568,4.139999866485596,227306
2015-09-03,4.03000020980835,4.349999904632568,4.03000020980835,4.340000152587891,102570
2015-09-04,4.130000114440918,4.130000114440918,3.9000000953674316,4.059999942779541,86670
2015-09-08,4.139999866485596,4.25,4.059999942779541,4.119999885559082,74855
2015-09-09,4.170000076293945,4.300000190734863,3.930000066757202,4.170000076293945,171285
2015-09-10,4.199999809265137,4.5,4.159999847412109,4.159999847412109,163115
2015-09-11,4.269999980926514,4.369999885559082,4.199999809265137,4.25,42833
2015-09-14,4.210000038146973,4.440000057220459,4.179999828338623,4.28000020980835,73164
2015-09-15,4.199999809265137,4.28000020980835,4.150000095367432,4.25,15760
2015-09-16,4.28000020980835,4.400000095367432,4.21999979019165,4.289999961853027,67425
2015-09-17,4.300000190734863,4.360000133514404,4.139999866485596,4.309999942779541,48333
2015-09-18,4.269999980926514,4.349999904632568,4.230000019073486,4.340000152587891,18884
2015-09-21,4.03000020980835,4.230000019073486,3.930000066757202,4.230000019073486,99626
2015-09-22,3.950000047683716,4.0,3.8399999141693115,3.9700000286102295,89655
2015-09-23,3.390000104904175,3.950000047683716,3.380000114440918,3.950000047683716,165077
2015-09-24,3.049999952316284,3.609999895095825,2.950000047683716,3.4200000762939453,224791
2015-09-25,3.009999990463257,3.049999952316284,2.7799999713897705,3.0399999618530273,254643
2015-09-28,2.7300000190734863,3.0399999618530273,2.490000009536743,3.0399999618530273,192431
2015-09-29,2.6500000953674316,2.700000047683716,2.549999952316284,2.619999885559082,148299
2015-09-30,2.950000047683716,3.130000114440918,2.6500000953674316,2.700000047683716,269400
2015-10-01,2.9200000762939453,3.2100000381469727,2.880000114440918,3.1500000953674316,180428
2015-10-02,3.0999999046325684,3.4800000190734863,2.9200000762939453,2.9200000762939453,237492
2015-10-05,3.0999999046325684,3.319999933242798,3.0,3.200000047683716,158470
2015-10-06,3.0899999141693115,3.299999952316284,3.059999942779541,3.299999952316284,124702
2015-10-07,3.049999952316284,3.0999999046325684,2.9200000762939453,3.0999999046325684,45493
2015-10-08,2.9800000190734863,3.0999999046325684,2.950000047683716,3.0899999141693115,83346
2015-10-09,3.0,3.049999952316284,2.9600000381469727,2.990000009536743,62659
2015-10-12,3.0,3.0,3.0,3.0,0
2015-10-13,2.9700000286102295,3.140000104904175,2.9100000858306885,3.140000104904175,136264
2015-10-14,3.0,3.0999999046325684,2.9200000762939453,3.0,416390
2015-10-15,3.0,3.200000047683716,3.0,3.0299999713897705,163095
2015-10-16,3.0799999237060547,3.180000066757202,3.059999942779541,3.0799999237060547,206332
2015-10-19,3.1600000858306885,3.299999952316284,3.0999999046325684,3.119999885559082,260199
2015-10-20,3.490000009536743,3.5,3.200000047683716,3.200000047683716,282017
2015-10-21,3.299999952316284,3.490000009536743,3.2699999809265137,3.490000009536743,81155
2015-10-22,3.549999952316284,3.565000057220459,3.25,3.25,89188
2015-10-23,3.700000047683716,3.7100000381469727,3.4200000762939453,3.5799999237060547,325713
2015-10-26,3.75,3.9100000858306885,3.5399999618530273,3.6500000953674316,206557
2015-10-27,4.03000020980835,4.050000190734863,3.7799999713897705,3.7899999618530273,250370
2015-10-28,3.759999990463257,4.099999904632568,3.759999990463257,4.0,220118
2015-10-29,3.490000009536743,3.700000047683716,3.430000066757202,3.5999999046325684,178609
2015-10-30,3.5999999046325684,3.680000066757202,3.450000047683716,3.549999952316284,120212
2015-11-02,3.6600000858306885,3.799999952316284,3.6500000953674316,3.7300000190734863,32003
2015-11-03,3.700000047683716,3.815000057220459,3.5199999809265137,3.7100000381469727,96160
2015-11-04,4.0,4.019999980926514,3.680000066757202,3.740000009536743,192167
2015-11-05,3.9000000953674316,4.199999809265137,3.75,4.019999980926514,302239
2015-11-06,4.050000190734863,4.059999942779541,3.619999885559082,3.859999895095825,315012
2015-11-09,4.0,4.059999942779541,3.869999885559082,4.010000228881836,20507
2015-11-10,4.099999904632568,4.099999904632568,3.9100000858306885,3.950000047683716,44451
2015-11-11,4.349999904632568,4.5,4.150000095367432,4.150000095367432,282082
2015-11-12,4.28000020980835,4.400000095367432,4.050000190734863,4.340000152587891,198280
2015-11-13,4.360000133514404,4.400000095367432,4.25,4.300000190734863,90911
2015-11-16,4.440000057220459,4.650000095367432,4.369999885559082,4.369999885559082,70232
2015-11-17,4.5,4.550000190734863,4.449999809265137,4.5,485550
2015-11-18,4.699999809265137,4.860000133514404,4.599999904632568,4.639999866485596,181861
2015-11-19,4.949999809265137,5.099999904632568,4.699999809265137,4.699999809265137,135868
2015-11-20,5.0,5.119999885559082,4.900000095367432,4.949999809265137,272857
2015-11-23,5.0,5.130000114440918,4.929999828338623,5.099999904632568,123467
2015-11-24,4.769999980926514,5.0,4.71999979019165,5.0,45414
2015-11-25,4.900000095367432,5.050000190734863,4.650000095367432,4.809999942779541,60286
2015-11-27,4.949999809265137,5.150000095367432,4.909999847412109,4.949999809265137,412600
2015-11-30,4.929999828338623,5.0,4.820000171661377,4.989999771118164,654831
2015-12-01,4.880000114440918,5.019999980926514,4.849999904632568,5.0,54577
2015-12-02,4.75,4.940000057220459,4.5,4.900000095367432,62966
2015-12-03,4.489999771118164,4.699999809265137,4.159999847412109,4.699999809265137,137817
2015-12-04,4.699999809265137,4.820000171661377,4.369999885559082,4.369999885559082,85648
2015-12-07,4.53000020980835,4.840000152587891,4.449999809265137,4.840000152587891,40361
2015-12-08,4.699999809265137,4.789999961853027,4.550000190734863,4.599999904632568,63419
2015-12-09,4.590000152587891,4.800000190734863,4.550000190734863,4.699999809265137,24828
2015-12-10,4.590000152587891,4.610000133514404,4.409999847412109,4.579999923706055,17085
2015-12-11,4.590000152587891,4.590000152587891,4.420000076293945,4.460000038146973,14052
2015-12-14,4.309999942779541,4.590000152587891,4.199999809265137,4.590000152587891,54691
2015-12-15,4.300000190734863,4.349999904632568,4.099999904632568,4.25,16649
2015-12-16,4.449999809265137,4.449999809265137,4.25,4.25,24028
2015-12-17,4.150000095367432,4.579999923706055,4.070000171661377,4.579999923706055,65950
2015-12-18,4.0,4.110000133514404,3.809999942779541,4.110000133514404,129427
2015-12-21,4.199999809265137,4.199999809265137,3.9700000286102295,4.159999847412109,16966
2015-12-22,3.950000047683716,4.199999809265137,3.9200000762939453,4.190000057220459,82865
2015-12-23,3.8299999237060547,4.099999904632568,3.799999952316284,3.950000047683716,69910
2015-12-24,3.9000000953674316,3.990000009536743,3.8399999141693115,3.9200000762939453,13233
2015-12-28,3.9000000953674316,3.9000000953674316,3.9000000953674316,3.9000000953674316,0
2015-12-29,4.010000228881836,4.099999904632568,3.9100000858306885,4.0,74792
2015-12-30,3.930000066757202,4.099999904632568,3.9200000762939453,4.099999904632568,67850
2015-12-31,3.9700000286102295,4.110000133514404,3.9200000762939453,3.9200000762939453,11492
2016-01-04,4.0,4.139999866485596,3.9700000286102295,4.119999885559082,12490
2016-01-05,4.0,4.139999866485596,3.990000009536743,4.130000114440918,109600
2016-01-06,4.010000228881836,4.150000095367432,3.9700000286102295,4.0,92351
2016-01-07,3.619999885559082,4.050000190734863,3.609999895095825,3.950000047683716,88425
2016-01-08,3.6500000953674316,3.809999942779541,3.559999942779541,3.700000047683716,39230
2016-01-11,3.5,3.9000000953674316,3.4200000762939453,3.7899999618530273,28275
2016-01-12,3.5399999618530273,3.75,3.380000114440918,3.6500000953674316,27705
2016-01-13,3.0,3.5999999046325684,2.859999895095825,3.5899999141693115,139834
2016-01-14,3.1700000762939453,3.309999942779541,2.9000000953674316,3.200000047683716,52614
2016-01-15,3.0399999618530273,3.380000114440918,3.0,3.180000066757202,65254
2016-01-19,3.200000047683716,3.5,3.049999952316284,3.4000000953674316,130001
2016-01-20,3.009999990463257,3.140000104904175,2.9800000190734863,3.059999942779541,34600
2016-01-21,3.0199999809265137,3.25,3.0,3.0899999141693115,146616
2016-01-22,3.200000047683716,3.3299999237060547,3.1700000762939453,3.2100000381469727,144135
2016-01-25,3.369999885559082,3.4000000953674316,3.240000009536743,3.299999952316284,36582
2016-01-28,3.700000047683716,3.990000009536743,3.509999990463257,3.990000009536743,143228
2016-02-02,4.25,4.300000190734863,4.050000190734863,4.150000095367432,64130
2016-02-04,3.950000047683716,4.099999904632568,3.940000057220459,3.9800000190734863,286707
2016-02-08,3.9700000286102295,4.139999866485596,3.930000066757202,4.099999904632568,111516
2016-02-10,3.9000000953674316,3.950000047683716,3.859999895095825,3.9200000762939453,28713
2016-02-11,4.099999904632568,4.099999904632568,4.0,4.0,161585
2016-02-16,4.210000038146973,4.489999771118164,4.130000114440918,4.449999809265137,58732
2016-02-17,4.400000095367432,4.5,4.199999809265137,4.199999809265137,34082
2016-02-18,4.5,4.5,4.25,4.389999866485596,48938
2016-02-19,4.840000152587891,4.840000152587891,4.389999866485596,4.400000095367432,103607
2016-02-22,5.25,5.25,4.769999980926514,4.769999980926514,181400
2016-02-23,5.159999847412109,5.389999866485596,5.119999885559082,5.199999809265137,75288
2016-02-24,5.099999904632568,5.300000190734863,4.949999809265137,5.199999809265137,291654
2016-02-25,4.900000095367432,5.099999904632568,4.829999923706055,5.099999904632568,47709
2016-02-26,4.980000019073486,5.0,4.78000020980835,4.869999885559082,59767
2016-02-29,4.900000095367432,4.900000095367432,4.78000020980835,4.900000095367432,75975
2016-03-01,4.800000190734863,5.0,4.75,4.900000095367432,65606
2016-03-02,4.880000114440918,4.96999979019165,4.760000228881836,4.800000190734863,193604
2016-03-03,4.849999904632568,4.849999904632568,4.699999809265137,4.800000190734863,123599
2016-03-07,4.5,4.809999942779541,4.429999828338623,4.800000190734863,115671
2016-03-08,4.364999771118164,4.5,4.170000076293945,4.5,295431
2016-03-09,4.769999980926514,4.800000190734863,4.329999923706055,4.369999885559082,358698
2016-03-10,4.739999771118164,4.800000190734863,4.690000057220459,4.769999980926514,62162
2016-03-11,4.730000019073486,4.849999904632568,4.690000057220459,4.75,53145
2016-03-16,4.480000019073486,4.619999885559082,4.389999866485596,4.400000095367432,41965
2016-03-17,4.800000190734863,4.800000190734863,4.579999923706055,4.579999923706055,247801
2016-03-21,4.949999809265137,5.199999809265137,4.900000095367432,4.949999809265137,124147
2016-03-23,4.389999866485596,4.789999961853027,4.389999866485596,4.789999961853027,52941
2016-03-28,4.269999980926514,4.5,4.260000228881836,4.5,38760
2016-04-05,4.0,4.119999885559082,3.9800000190734863,4.050000190734863,144577
2016-04-06,4.210000038146973,4.349999904632568,4.059999942779541,4.090000152587891,106945
2016-04-07,4.239999771118164,4.340000152587891,4.019999980926514,4.269999980926514,119099
2016-04-11,4.150000095367432,4.349999904632568,4.099999904632568,4.199999809265137,274324
2016-04-13,4.170000076293945,4.239999771118164,4.110000133514404,4.239999771118164,83760
2016-04-14,4.21999979019165,4.239999771118164,4.139999866485596,4.190000057220459,109585
2016-04-15,4.199999809265137,4.230000019073486,4.119999885559082,4.230000019073486,116060
2016-04-19,4.230000019073486,4.260000228881836,4.150000095367432,4.150000095367432,118819
2016-04-20,4.230000019073486,4.230000019073486,4.230000019073486,4.230000019073486,0
2016-04-21,4.340000152587891,4.760000228881836,4.289999961853027,4.679999828338623,154524
2016-04-22,4.5,4.579999923706055,4.400000095367432,4.550000190734863,107014
2016-04-25,4.510000228881836,4.550000190734863,4.429999828338623,4.53000020980835,281557
2016-04-26,4.449999809265137,4.53000020980835,4.309999942779541,4.519999980926514,67307
2016-04-27,4.300000190734863,4.489999771118164,4.260000228881836,4.489999771118164,36189
2016-04-28,4.320000171661377,4.369999885559082,4.199999809265137,4.369999885559082,61225
2016-04-29,4.329999923706055,4.389999866485596,4.260000228881836,4.340000152587891,42846
2016-05-02,4.489999771118164,4.5,4.360000133514404,4.369999885559082,83100
2016-05-03,4.489999771118164,4.590000152587891,4.440000057220459,4.480000019073486,50588
2016-05-04,4.5,4.690000057220459,4.5,4.5,113464
2016-05-05,4.449999809265137,4.650000095367432,4.409999847412109,4.559999942779541,66905
2016-05-06,4.599999904632568,4.630000114440918,4.5,4.559999942779541,113315
2016-05-09,4.449999809265137,4.630000114440918,4.449999809265137,4.599999904632568,78488
2016-05-10,4.409999847412109,4.449999809265137,4.409999847412109,4.449999809265137,43049
2016-05-11,4.46999979019165,4.579999923706055,4.400000095367432,4.5,11621
2016-05-12,4.75,4.800000190734863,4.550000190734863,4.599999904632568,472181
2016-05-13,5.329999923706055,5.449999809265137,4.71999979019165,4.800000190734863,517021
2016-05-16,5.440000057220459,5.699999809265137,5.400000095367432,5.489999771118164,218855
2016-05-17,5.289999961853027,5.449999809265137,5.150000095367432,5.440000057220459,145986
2016-05-18,5.179999828338623,5.269999980926514,5.050000190734863,5.269999980926514,75221
2016-05-19,5.03000020980835,5.099999904632568,4.960000038146973,5.099999904632568,117754
2016-05-20,5.150000095367432,5.150000095367432,5.039999961853027,5.099999904632568,52032
2016-05-23,5.150000095367432,5.150000095367432,5.150000095367432,5.150000095367432,0
2016-05-24,5.150000095367432,5.230000019073486,5.03000020980835,5.139999866485596,113441
2016-05-25,5.199999809265137,5.199999809265137,4.929999828338623,5.03000020980835,143740
2016-05-26,5.199999809265137,5.329999923706055,5.079999923706055,5.239999771118164,93175
2016-05-27,5.340000152587891,5.340000152587891,5.099999904632568,5.190000057220459,45330
2016-05-31,5.429999828338623,5.519999980926514,5.210000038146973,5.320000171661377,193470
2016-06-01,5.46999979019165,5.489999771118164,5.300000190734863,5.480000019073486,60978
2016-06-02,5.300000190734863,5.46999979019165,5.199999809265137,5.46999979019165,68809
2016-06-03,5.320000171661377,5.400000095367432,5.110000133514404,5.400000095367432,70870
2016-06-06,5.389999866485596,5.489999771118164,5.269999980926514,5.269999980926514,23594
2016-06-07,5.389999866485596,5.449999809265137,5.21999979019165,5.309999942779541,56429
2016-06-08,5.360000133514404,5.5,5.360000133514404,5.400000095367432,102637
2016-06-09,5.340000152587891,5.400000095367432,5.210000038146973,5.360000133514404,682105
2016-06-10,5.179999828338623,5.400000095367432,5.070000171661377,5.400000095367432,117960
2016-06-13,5.139999866485596,5.300000190734863,5.059999942779541,5.210000038146973,94867
2016-06-14,5.070000171661377,5.28000020980835,5.070000171661377,5.230000019073486,47103
2016-06-15,5.010000228881836,5.050000190734863,4.820000171661377,5.050000190734863,190395
2016-06-16,5.019999980926514,5.349999904632568,4.980000019073486,4.980000019073486,287643
2016-06-17,5.050000190734863,5.21999979019165,4.949999809265137,5.090000152587891,101838
2016-06-20,4.869999885559082,5.090000152587891,4.869999885559082,5.059999942779541,55892
2016-06-21,5.010000228881836,5.010000228881836,4.900000095367432,4.989999771118164,43593
2016-06-22,5.0,5.099999904632568,4.920000076293945,5.039999961853027,23925
2016-06-23,5.0,5.019999980926514,4.929999828338623,4.940000057220459,45209
2016-06-24,4.900000095367432,5.349999904632568,4.889999866485596,5.300000190734863,167455
2016-06-27,4.550000190734863,4.880000114440918,4.409999847412109,4.880000114440918,246817
2016-06-28,4.300000190734863,4.75,4.300000190734863,4.449999809265137,107077
2016-06-29,4.449999809265137,4.739999771118164,4.340000152587891,4.5,270277
2016-06-30,4.510000228881836,4.639999866485596,4.449999809265137,4.449999809265137,135125
2016-07-01,4.510000228881836,4.510000228881836,4.510000228881836,4.510000228881836,0
2016-07-05,4.760000228881836,4.849999904632568,4.650000095367432,4.849999904632568,47788
2016-07-06,5.099999904632568,5.190000057220459,4.800000190734863,4.909999847412109,200072
2016-07-07,5.0,5.25,4.920000076293945,5.25,118982
2016-07-08,5.039999961853027,5.199999809265137,4.849999904632568,5.0,179196
2016-07-11,5.340000152587891,5.579999923706055,5.199999809265137,5.239999771118164,269890
2016-07-12,5.130000114440918,5.349999904632568,5.059999942779541,5.340000152587891,223359
2016-07-13,5.090000152587891,5.239999771118164,4.929999828338623,5.199999809265137,85955
2016-07-14,5.090000152587891,5.170000076293945,5.050000190734863,5.110000133514404,35340
2016-07-15,5.019999980926514,5.159999847412109,5.010000228881836,5.099999904632568,59630
2016-07-18,4.829999923706055,5.159999847412109,4.800000190734863,5.159999847412109,173282
2016-07-19,4.800000190734863,4.940000057220459,4.75,4.800000190734863,119322
2016-07-20,4.789999961853027,4.840000152587891,4.75,4.820000171661377,113655
2016-07-21,4.650000095367432,4.789999961853027,4.650000095367432,4.710000038146973,107212
2016-07-22,4.659999847412109,4.739999771118164,4.650000095367432,4.710000038146973,57091
2016-07-25,4.699999809265137,4.849999904632568,4.619999885559082,4.690000057220459,40773
2016-07-26,4.679999828338623,4.75,4.670000076293945,4.75,64062
2016-07-27,4.690000057220459,4.739999771118164,4.650000095367432,4.710000038146973,43975
2016-07-28,4.659999847412109,4.739999771118164,4.650000095367432,4.739999771118164,59088
2016-07-29,4.760000228881836,4.760000228881836,4.650000095367432,4.659999847412109,31204
2016-08-01,4.760000228881836,4.760000228881836,4.760000228881836,4.760000228881836,0
2016-08-02,4.760000228881836,4.900000095367432,4.699999809265137,4.840000152587891,118868
2016-08-03,4.96999979019165,5.0,4.699999809265137,4.730000019073486,132106
2016-08-04,4.929999828338623,5.0,4.840000152587891,4.989999771118164,93294
2016-08-05,4.730000019073486,4.920000076293945,4.699999809265137,4.920000076293945,50992
2016-08-08,4.71999979019165,4.820000171661377,4.71999979019165,4.800000190734863,18320
2016-08-09,4.75,4.78000020980835,4.710000038146973,4.730000019073486,29225
2016-08-10,4.789999961853027,4.820000171661377,4.570000171661377,4.800000190734863,85555
2016-08-11,4.739999771118164,4.929999828338623,4.730000019073486,4.789999961853027,75990
2016-08-12,4.690000057220459,4.800000190734863,4.590000152587891,4.789999961853027,38463
2016-08-15,4.510000228881836,4.75,4.400000095367432,4.75,107637
2016-08-16,4.5,4.75,4.420000076293945,4.75,163158
2016-08-17,4.389999866485596,4.579999923706055,4.340000152587891,4.550000190734863,117816
2016-08-18,4.260000228881836,4.460000038146973,4.199999809265137,4.449999809265137,248233
2016-08-19,4.289999961853027,4.480000019073486,4.150000095367432,4.349999904632568,61718
2016-08-22,4.260000228881836,4.269999980926514,4.039999961853027,4.050000190734863,147302
2016-08-23,4.289999961853027,4.570000171661377,4.289999961853027,4.320000171661377,104283
2016-08-24,4.340000152587891,4.440000057220459,4.300000190734863,4.400000095367432,119400
2016-08-25,4.550000190734863,4.639999866485596,4.369999885559082,4.460000038146973,120328
2016-08-26,4.480000019073486,4.539999961853027,4.449999809265137,4.539999961853027,27888
2016-08-29,4.409999847412109,4.639999866485596,4.409999847412109,4.480000019073486,130225
2016-08-30,4.260000228881836,4.480000019073486,4.139999866485596,4.449999809265137,261385
2016-08-31,4.28000020980835,4.389999866485596,4.28000020980835,4.289999961853027,126000
2016-09-01,4.329999923706055,4.380000114440918,4.25,4.380000114440918,150204
2016-09-02,4.340000152587891,4.449999809265137,4.300000190734863,4.349999904632568,42950
2016-09-06,4.400000095367432,4.400000095367432,4.300000190734863,4.349999904632568,46246
2016-09-07,4.5,4.5,4.380000114440918,4.5,53146
2016-09-08,4.420000076293945,4.489999771118164,4.300000190734863,4.489999771118164,61778
2016-09-09,4.230000019073486,4.429999828338623,4.199999809265137,4.409999847412109,42394
2016-09-12,4.139999866485596,4.389999866485596,4.090000152587891,4.349999904632568,54599
2016-09-13,4.190000057220459,4.340000152587891,4.099999904632568,4.269999980926514,682026
2016-09-14,4.300000190734863,4.349999904632568,4.050000190734863,4.059999942779541,46100
2016-09-15,4.150000095367432,4.389999866485596,4.099999904632568,4.389999866485596,53752
2016-09-16,3.9600000381469727,4.199999809265137,3.9600000381469727,4.119999885559082,30782
2016-09-19,3.8499999046325684,4.099999904632568,3.8499999046325684,4.010000228881836,89433
2016-09-20,3.859999895095825,4.0,3.75,3.890000104904175,180410
2016-09-21,3.869999885559082,4.0,3.8299999237060547,3.8499999046325684,173375
2016-09-22,4.139999866485596,4.199999809265137,3.950000047683716,4.139999866485596,208431
2016-09-23,3.859999895095825,4.170000076293945,3.8299999237060547,4.170000076293945,97892
2016-09-26,4.0,4.090000152587891,3.799999952316284,3.940000057220459,202762
2016-09-27,4.289999961853027,4.300000190734863,4.03000020980835,4.079999923706055,197484
2016-09-28,4.389999866485596,4.420000076293945,4.25,4.329999923706055,143910
2016-09-29,4.5,4.699999809265137,4.389999866485596,4.449999809265137,228807
2016-09-30,4.489999771118164,4.679999828338623,4.489999771118164,4.619999885559082,101675
2016-10-03,4.489999771118164,4.590000152587891,4.349999904632568,4.5,68612
2016-10-04,4.239999771118164,4.449999809265137,4.159999847412109,4.369999885559082,184869
2016-10-05,4.480000019073486,4.489999771118164,4.320000171661377,4.320000171661377,55461
2016-10-06,4.409999847412109,4.539999961853027,4.400000095367432,4.53000020980835,49960
2016-10-07,4.409999847412109,4.449999809265137,4.400000095367432,4.449999809265137,30688
2016-10-10,4.409999847412109,4.409999847412109,4.409999847412109,4.409999847412109,0
2016-10-11,4.519999980926514,4.650000095367432,4.46999979019165,4.53000020980835,39956
2016-10-12,4.449999809265137,4.550000190734863,4.420000076293945,4.539999961853027,45762
2016-10-13,4.599999904632568,4.619999885559082,4.400000095367432,4.449999809265137,70865
2016-10-14,4.559999942779541,4.670000076293945,4.5,4.599999904632568,17320
2016-10-17,4.590000152587891,4.619999885559082,4.46999979019165,4.579999923706055,46581
2016-10-18,4.5,4.599999904632568,4.46999979019165,4.599999904632568,30205
2016-10-19,4.550000190734863,4.599999904632568,4.510000228881836,4.590000152587891,42133
2016-10-20,4.539999961853027,4.550000190734863,4.5,4.550000190734863,16870
2016-10-21,4.5,4.590000152587891,4.5,4.570000171661377,23433
2016-10-24,4.449999809265137,4.559999942779541,4.449999809265137,4.559999942779541,49550
2016-10-25,4.449999809265137,4.460000038146973,4.349999904632568,4.449999809265137,52286
2016-10-26,4.380000114440918,4.449999809265137,4.329999923706055,4.449999809265137,17185
2016-10-27,4.449999809265137,4.5,4.360000133514404,4.460000038146973,36139
2016-10-28,4.420000076293945,4.449999809265137,4.369999885559082,4.449999809265137,13382
2016-10-31,4.360000133514404,4.429999828338623,4.300000190734863,4.380000114440918,22839
2016-11-01,4.309999942779541,4.400000095367432,4.309999942779541,4.340000152587891,13882
2016-11-02,4.269999980926514,4.360000133514404,4.150000095367432,4.360000133514404,20626
2016-11-03,4.230000019073486,4.400000095367432,4.199999809265137,4.300000190734863,19900
2016-11-04,4.170000076293945,4.320000171661377,4.150000095367432,4.25,19746
2016-11-07,4.260000228881836,4.260000228881836,4.199999809265137,4.199999809265137,21697
2016-11-08,4.150000095367432,4.25,4.150000095367432,4.199999809265137,42923
2016-11-09,4.21999979019165,4.389999866485596,4.179999828338623,4.28000020980835,91385
2016-11-10,4.230000019073486,4.25,4.190000057220459,4.21999979019165,10455
2016-11-11,4.039999961853027,4.230000019073486,4.0,4.21999979019165,95263
2016-11-14,4.190000057220459,4.269999980926514,4.0,4.039999961853027,124941
2016-11-15,3.940000057220459,4.179999828338623,3.869999885559082,4.179999828338623,145433
2016-11-16,3.7899999618530273,3.940000057220459,3.6500000953674316,3.940000057220459,94240
2016-11-17,3.700000047683716,3.990000009536743,3.700000047683716,3.9000000953674316,69581
2016-11-18,3.7300000190734863,3.990000009536743,3.7100000381469727,3.950000047683716,33331
2016-11-21,3.6500000953674316,3.880000114440918,3.6500000953674316,3.880000114440918,122149
2016-11-22,3.549999952316284,3.759999990463257,3.450000047683716,3.759999990463257,88465
2016-11-23,3.5799999237060547,3.7100000381469727,3.25,3.25,76120
2016-11-25,3.430000066757202,3.490000009536743,3.359999895095825,3.4200000762939453,23765
2016-11-28,3.549999952316284,3.6500000953674316,3.4000000953674316,3.619999885559082,61735
2016-11-29,3.490000009536743,3.549999952316284,3.4600000381469727,3.549999952316284,19135
2016-11-30,3.4149999618530273,3.5999999046325684,3.3299999237060547,3.5999999046325684,58068
2016-12-01,3.4200000762939453,3.5,3.309999942779541,3.5,35684
2016-12-02,3.3299999237060547,3.5,3.3299999237060547,3.4100000858306885,49269
2016-12-05,3.369999885559082,3.5,3.2699999809265137,3.5,39797
2016-12-06,3.1500000953674316,3.4000000953674316,3.140000104904175,3.4000000953674316,70549
2016-12-07,2.940000057220459,3.25,2.7899999618530273,3.2300000190734863,177962
2016-12-08,2.869999885559082,3.0799999237060547,2.7100000381469727,2.990000009536743,267612
2016-12-09,2.5999999046325684,2.990000009536743,2.5999999046325684,2.940000057220459,176569
2016-12-12,2.75,3.200000047683716,2.6500000953674316,3.200000047683716,426887
2016-12-13,2.740000009536743,2.8499999046325684,2.549999952316284,2.740000009536743,772554
2016-12-14,3.2300000190734863,3.25,2.8499999046325684,2.9000000953674316,896809
2016-12-15,3.059999942779541,3.2200000286102295,2.990000009536743,3.2200000286102295,109752
2016-12-16,2.9700000286102295,3.1700000762939453,2.9200000762939453,3.1700000762939453,155542
2016-12-19,3.0,3.049999952316284,2.940000057220459,3.0,135039
2016-12-20,3.0,3.0,2.930000066757202,3.0,130882
2016-12-21,2.990000009536743,3.059999942779541,2.950000047683716,3.049999952316284,222790
2016-12-22,2.990000009536743,3.049999952316284,2.9700000286102295,3.0,37165
2016-12-23,2.990000009536743,3.0,2.950000047683716,3.0,85113
2016-12-27,2.990000009536743,2.990000009536743,2.990000009536743,2.990000009536743,0
2016-12-28,2.9700000286102295,3.049999952316284,2.950000047683716,3.049999952316284,54298
2016-12-29,3.2799999713897705,3.2899999618530273,2.9100000858306885,2.950000047683716,258666
2016-12-30,3.2799999713897705,3.4600000381469727,3.25,3.2899999618530273,99957
2017-01-03,3.4200000762939453,3.5899999141693115,3.3499999046325684,3.359999895095825,239688
2017-01-04,3.440000057220459,3.5,3.369999885559082,3.4600000381469727,100369
2017-01-05,3.5999999046325684,3.8399999141693115,3.4800000190734863,3.4800000190734863,269572
2017-01-06,3.559999942779541,3.5799999237060547,3.450000047683716,3.5799999237060547,82433
2017-01-09,3.5399999618530273,3.619999885559082,3.4800000190734863,3.619999885559082,74485
2017-01-10,3.4700000286102295,3.6600000858306885,3.4100000858306885,3.609999895095825,102696
2017-01-11,3.319999933242798,3.569999933242798,3.299999952316284,3.4700000286102295,87313
2017-01-12,3.3399999141693115,3.5399999618530273,3.309999942779541,3.380000114440918,80819
2017-01-13,3.4100000858306885,3.509999990463257,3.1600000858306885,3.3299999237060547,139215
2017-01-17,3.380000114440918,3.4000000953674316,3.25,3.4000000953674316,95889
2017-01-18,3.0999999046325684,3.299999952316284,3.059999942779541,3.2899999618530273,230287
2017-01-19,3.2100000381469727,3.2100000381469727,2.990000009536743,3.140000104904175,231567
2017-01-20,3.2699999809265137,3.390000104904175,3.1600000858306885,3.2699999809265137,61400
2017-01-23,3.1700000762939453,3.380000114440918,3.1700000762939453,3.380000114440918,61598
2017-01-24,3.2699999809265137,3.309999942779541,3.200000047683716,3.25,50699
2017-01-25,3.200000047683716,3.3499999046325684,3.140000104904175,3.319999933242798,65020
2017-01-26,3.240000009536743,3.299999952316284,3.1600000858306885,3.190000057220459,75591
2017-01-27,3.390000104904175,3.4000000953674316,3.2799999713897705,3.299999952316284,51125
2017-01-30,3.25,3.359999895095825,3.1649999618530273,3.3299999237060547,52914
2017-01-31,3.2799999713897705,3.299999952316284,3.1600000858306885,3.2300000190734863,62467
2017-02-01,3.25,3.430000066757202,3.2300000190734863,3.299999952316284,34832
2017-02-02,3.299999952316284,3.299999952316284,3.2300000190734863,3.299999952316284,30509
2017-02-03,3.25,3.3499999046325684,3.190000057220459,3.299999952316284,55484
2017-02-06,3.3499999046325684,3.440000057220459,3.2699999809265137,3.299999952316284,215684
2017-02-07,3.2799999713897705,3.4000000953674316,3.200000047683716,3.4000000953674316,265375
2017-02-08,3.4200000762939453,3.490000009536743,3.299999952316284,3.299999952316284,172700
2017-02-09,3.5799999237060547,3.6500000953674316,3.4100000858306885,3.4600000381469727,63468
2017-02-10,3.549999952316284,3.640000104904175,3.5199999809265137,3.5399999618530273,54527
2017-02-13,3.4600000381469727,3.5999999046325684,3.450000047683716,3.5899999141693115,79730
2017-02-14,3.450000047683716,3.5999999046325684,3.450000047683716,3.4700000286102295,89590
2017-02-15,3.5799999237060547,3.630000114440918,3.4700000286102295,3.490000009536743,85797
2017-02-16,3.700000047683716,3.8299999237060547,3.559999942779541,3.6500000953674316,143362
2017-02-17,3.549999952316284,3.7200000286102295,3.5199999809265137,3.700000047683716,60161
2017-02-21,3.4600000381469727,3.700000047683716,3.450000047683716,3.700000047683716,72557
2017-02-22,3.4200000762939453,3.4800000190734863,3.4000000953674316,3.4800000190734863,21780
2017-02-23,3.4000000953674316,3.450000047683716,3.380000114440918,3.450000047683716,31660
2017-02-24,3.5,3.5899999141693115,3.430000066757202,3.450000047683716,24571
2017-02-27,3.359999895095825,3.509999990463257,3.359999895095825,3.5,34209
2017-02-28,3.4000000953674316,3.505000114440918,3.3499999046325684,3.380000114440918,49250
2017-03-01,3.4600000381469727,3.5,3.369999885559082,3.380000114440918,18274
2017-03-02,3.424999952316284,3.4700000286102295,3.380000114440918,3.380000114440918,7629
2017-03-03,3.450000047683716,3.490000009536743,3.390000104904175,3.4100000858306885,10705
2017-03-06,3.380000114440918,3.4800000190734863,3.3499999046325684,3.4800000190734863,19480
2017-03-07,3.359999895095825,3.380000114440918,3.3499999046325684,3.380000114440918,40480
2017-03-08,3.2300000190734863,3.359999895095825,3.1700000762939453,3.3499999046325684,43060
2017-03-09,3.1500000953674316,3.2899999618530273,3.1500000953674316,3.240000009536743,25666
2017-03-10,3.200000047683716,3.2300000190734863,3.119999885559082,3.140000104904175,150453
2017-03-13,3.259999990463257,3.2699999809265137,3.190000057220459,3.200000047683716,23090
2017-03-14,3.259999990463257,3.2699999809265137,3.1500000953674316,3.2699999809265137,34794
2017-03-15,3.299999952316284,3.319999933242798,3.180000066757202,3.200000047683716,59762
2017-03-16,3.25,3.319999933242798,3.25,3.319999933242798,34184
2017-03-17,3.2699999809265137,3.299999952316284,3.2300000190734863,3.299999952316284,22869
2017-03-20,3.319999933242798,3.490000009536743,3.2799999713897705,3.2899999618530273,40651
2017-03-21,3.2300000190734863,3.3399999141693115,3.2300000190734863,3.3299999237060547,21658
2017-03-22,3.25,3.3299999237060547,3.2200000286102295,3.2300000190734863,33130
2017-03-23,3.25,3.299999952316284,3.240000009536743,3.25,37550
2017-03-24,3.259999990463257,3.2699999809265137,3.25,3.2699999809265137,15699
2017-03-27,3.240000009536743,3.450000047683716,3.200000047683716,3.3499999046325684,78307
2017-03-28,3.240000009536743,3.2699999809265137,3.2300000190734863,3.2300000190734863,38800
2017-03-29,3.2699999809265137,3.319999933242798,3.180000066757202,3.2799999713897705,11711
2017-03-30,3.259999990463257,3.259999990463257,3.2200000286102295,3.2300000190734863,9760
2017-03-31,3.240000009536743,3.299999952316284,3.2200000286102295,3.240000009536743,18810
2017-04-03,3.2899999618530273,3.2899999618530273,3.2300000190734863,3.259999990463257,18502
2017-04-04,3.2899999618530273,3.309999942779541,3.240000009536743,3.259999990463257,19600
2017-04-05,3.240000009536743,3.299999952316284,3.240000009536743,3.2799999713897705,17190
2017-04-06,3.2100000381469727,3.259999990463257,3.130000114440918,3.240000009536743,33957
2017-04-07,3.259999990463257,3.2899999618530273,3.200000047683716,3.200000047683716,25099
2017-04-10,3.240000009536743,3.299999952316284,3.2200000286102295,3.299999952316284,2950
2017-04-11,3.2699999809265137,3.390000104904175,3.2200000286102295,3.2200000286102295,52512
2017-04-12,3.2699999809265137,3.3399999141693115,3.259999990463257,3.2799999713897705,5940
2017-04-13,3.25,3.3399999141693115,3.25,3.3299999237060547,6430
2017-04-17,3.369999885559082,3.369999885559082,3.244999885559082,3.2899999618530273,30134
2017-04-18,3.2799999713897705,3.4000000953674316,3.25,3.380000114440918,56571
2017-04-19,3.25,3.3499999046325684,3.1600000858306885,3.3499999046325684,53857
2017-04-20,3.2799999713897705,3.2799999713897705,3.25,3.2799999713897705,11726
2017-04-21,3.240000009536743,3.2699999809265137,3.200000047683716,3.2300000190734863,22830
2017-04-24,3.240000009536743,3.2799999713897705,3.2149999141693115,3.25,6992
2017-04-25,3.1500000953674316,3.2799999713897705,3.1500000953674316,3.2799999713897705,17928
2017-04-26,3.240000009536743,3.240000009536743,3.1500000953674316,3.1500000953674316,39935
2017-04-27,3.1500000953674316,3.240000009536743,3.140000104904175,3.240000009536743,35220
2017-04-28,3.2300000190734863,3.2300000190734863,3.140000104904175,3.190000057220459,47396
2017-05-01,3.2300000190734863,3.240000009536743,3.1500000953674316,3.240000009536743,24144
2017-05-02,3.2300000190734863,3.299999952316284,3.2200000286102295,3.2200000286102295,48434
2017-05-03,3.380000114440918,3.4600000381469727,3.25,3.299999952316284,106012
2017-05-04,3.180000066757202,3.380000114440918,3.180000066757202,3.380000114440918,84252
2017-05-05,3.1700000762939453,3.2300000190734863,3.1700000762939453,3.2300000190734863,16926
2017-05-08,3.140000104904175,3.25,3.140000104904175,3.25,30572
2017-05-09,2.9600000381469727,3.1700000762939453,2.9600000381469727,3.1700000762939453,53590
2017-05-10,3.1600000858306885,3.2200000286102295,2.9000000953674316,3.0,78758
2017-05-11,3.140000104904175,3.240000009536743,3.130000114440918,3.240000009536743,31719
2017-05-12,3.1500000953674316,3.25,3.130000114440918,3.1600000858306885,103045
2017-05-15,3.240000009536743,3.25,3.200000047683716,3.2200000286102295,88162
2017-05-16,3.25,3.25,3.2100000381469727,3.240000009536743,37849
2017-05-17,3.25,3.25,3.200000047683716,3.25,71100
2017-05-18,3.200000047683716,3.25,3.1500000953674316,3.25,25543
2017-05-19,3.1500000953674316,3.200000047683716,3.1500000953674316,3.200000047683716,10010
2017-05-22,3.1500000953674316,3.1500000953674316,3.1500000953674316,3.1500000953674316,0
2017-05-23,3.180000066757202,3.200000047683716,3.1600000858306885,3.200000047683716,29465
2017-05-24,3.1500000953674316,3.2100000381469727,3.1500000953674316,3.190000057220459,102325
2017-05-25,3.1600000858306885,3.200000047683716,3.140000104904175,3.1700000762939453,15425
2017-05-26,3.190000057220459,3.2200000286102295,3.1500000953674316,3.1600000858306885,32817
2017-05-30,3.2100000381469727,3.25,3.180000066757202,3.180000066757202,108012
2017-05-31,3.180000066757202,3.240000009536743,3.130000114440918,3.240000009536743,158847
2017-06-01,3.1700000762939453,3.180000066757202,3.0799999237060547,3.1600000858306885,13977
2017-06-02,3.0999999046325684,3.2100000381469727,3.0999999046325684,3.1500000953674316,17773
2017-06-05,3.130000114440918,3.1500000953674316,3.0999999046325684,3.1500000953674316,3409
2017-06-06,3.0899999141693115,3.1700000762939453,2.990000009536743,3.0999999046325684,48778
2017-06-07,3.0899999141693115,3.1700000762939453,3.0899999141693115,3.0999999046325684,25074
2017-06-08,3.1600000858306885,3.1600000858306885,3.0199999809265137,3.0899999141693115,22572
2017-06-09,3.0799999237060547,3.109999895095825,3.0199999809265137,3.109999895095825,41465
2017-06-12,3.0299999713897705,3.140000104904175,3.0199999809265137,3.140000104904175,22183
2017-06-13,3.0,3.069999933242798,3.0,3.069999933242798,10654
2017-06-14,2.880000114440918,3.0,2.8299999237060547,2.990000009536743,77684
2017-06-15,2.9100000858306885,2.950000047683716,2.8299999237060547,2.8399999141693115,86496
2017-06-16,2.8399999141693115,2.9000000953674316,2.799999952316284,2.9000000953674316,20098
2017-06-19,2.9000000953674316,2.9200000762939453,2.799999952316284,2.799999952316284,27113
2017-06-20,2.799999952316284,2.950000047683716,2.799999952316284,2.8499999046325684,72718
2017-06-21,2.8299999237060547,2.890000104904175,2.75,2.890000104904175,61219
2017-06-22,2.7699999809265137,2.890000104904175,2.759999990463257,2.890000104904175,35792
2017-06-23,2.569999933242798,2.8399999141693115,2.440000057220459,2.809999942779541,93863
2017-06-26,2.5,2.700000047683716,2.3399999141693115,2.5999999046325684,201032
2017-06-27,2.5999999046325684,2.75,2.5899999141693115,2.619999885559082,125230
2017-06-28,2.799999952316284,2.8499999046325684,2.680000066757202,2.7200000286102295,131891
2017-06-29,2.6600000858306885,2.8499999046325684,2.6600000858306885,2.799999952316284,35311
2017-06-30,2.8299999237060547,2.869999885559082,2.6600000858306885,2.690000057220459,31050
2017-07-03,2.8299999237060547,2.8299999237060547,2.8299999237060547,2.8299999237060547,0
2017-07-05,2.619999885559082,2.8499999046325684,2.5999999046325684,2.8299999237060547,32758
2017-07-06,2.5999999046325684,2.7699999809265137,2.5999999046325684,2.680000066757202,63900
2017-07-07,2.7200000286102295,2.7200000286102295,2.5999999046325684,2.640000104904175,32305
2017-07-10,2.6500000953674316,2.700000047683716,2.5999999046325684,2.700000047683716,28880
2017-07-11,2.6700000762939453,2.7100000381469727,2.5999999046325684,2.630000114440918,26300
2017-07-12,2.6500000953674316,2.8499999046325684,2.5999999046325684,2.6700000762939453,79250
2017-07-13,2.5899999141693115,2.7200000286102295,2.5799999237060547,2.7200000286102295,62612
2017-07-14,2.569999933242798,2.690000057220459,2.549999952316284,2.609999895095825,31965
2017-07-17,2.5,2.640000104904175,2.440000057220459,2.5799999237060547,46870
2017-07-18,2.4100000858306885,2.5,2.4100000858306885,2.5,18746
2017-07-19,2.5,2.5999999046325684,2.450000047683716,2.4700000286102295,53631
2017-07-20,2.359999895095825,2.490000009536743,2.359999895095825,2.4800000190734863,56516
2017-07-21,2.450000047683716,2.5,2.3399999141693115,2.390000104904175,53695
2017-07-24,2.4600000381469727,2.5899999141693115,2.450000047683716,2.4800000190734863,53725
2017-07-25,2.509999990463257,2.630000114440918,2.4800000190734863,2.5199999809265137,38704
2017-07-26,2.450000047683716,2.559999942779541,2.430000066757202,2.559999942779541,123650
2017-07-27,2.359999895095825,2.5199999809265137,2.359999895095825,2.5199999809265137,62039
2017-07-28,2.4200000762939453,2.4800000190734863,2.4100000858306885,2.450000047683716,32811
2017-07-31,2.4800000190734863,2.559999942779541,2.4000000953674316,2.4800000190734863,37278
2017-08-01,2.359999895095825,2.490000009536743,2.3399999141693115,2.4600000381469727,32011
2017-08-02,2.3499999046325684,2.4100000858306885,2.3399999141693115,2.4100000858306885,29157
2017-08-03,2.4100000858306885,2.440000057220459,2.3399999141693115,2.3499999046325684,34713
2017-08-04,2.4200000762939453,2.450000047683716,2.4000000953674316,2.440000057220459,12843
2017-08-07,2.4200000762939453,2.4200000762939453,2.4200000762939453,2.4200000762939453,0
2017-08-08,2.5399999618530273,2.559999942779541,2.430000066757202,2.4700000286102295,55226
2017-08-09,2.619999885559082,2.619999885559082,2.569999933242798,2.5999999046325684,31634
2017-08-10,2.700000047683716,2.8299999237060547,2.6600000858306885,2.75,123676
2017-08-11,2.8299999237060547,2.930000066757202,2.7899999618530273,2.859999895095825,76447
2017-08-14,2.869999885559082,2.9600000381469727,2.799999952316284,2.940000057220459,42677
2017-08-15,2.859999895095825,2.869999885559082,2.799999952316284,2.859999895095825,12300
2017-08-16,2.8399999141693115,2.890000104904175,2.809999942779541,2.8499999046325684,22286
2017-08-17,2.8299999237060547,2.880000114440918,2.809999942779541,2.859999895095825,46647
2017-08-18,2.880000114440918,2.880000114440918,2.75,2.8399999141693115,56718
2017-08-21,3.0799999237060547,3.0999999046325684,2.8399999141693115,2.890000104904175,88376
2017-08-22,3.049999952316284,3.140000104904175,2.9600000381469727,3.140000104904175,58013
2017-08-23,2.9600000381469727,3.059999942779541,2.9600000381469727,3.0,99012
2017-08-24,3.200000047683716,3.2699999809265137,2.940000057220459,3.0299999713897705,60322
2017-08-25,3.430000066757202,3.5,3.309999942779541,3.319999933242798,102935
2017-08-28,3.759999990463257,4.0,3.4800000190734863,3.490000009536743,377584
2017-08-29,3.869999885559082,3.9100000858306885,3.640000104904175,3.859999895095825,182071
2017-08-30,4.210000038146973,4.400000095367432,3.7899999618530273,3.9200000762939453,209762
2017-08-31,3.7899999618530273,4.300000190734863,3.700000047683716,4.289999961853027,181769
2017-09-01,3.680000066757202,3.9800000190734863,3.4200000762939453,3.9000000953674316,195031
2017-09-05,3.9000000953674316,3.9700000286102295,3.75,3.75,138757
2017-09-06,3.7300000190734863,3.990000009536743,3.690000057220459,3.940000057220459,83625
2017-09-07,3.6700000762939453,3.9200000762939453,3.619999885559082,3.8399999141693115,83245
2017-09-08,3.630000114440918,3.8499999046325684,3.569999933242798,3.8499999046325684,12525
2017-09-11,3.7300000190734863,3.8399999141693115,3.569999933242798,3.8399999141693115,50446
2017-09-12,3.6700000762939453,3.7699999809265137,3.6500000953674316,3.7699999809265137,15400
2017-09-13,3.5999999046325684,3.640000104904175,3.5,3.630000114440918,36247
2017-09-14,3.7300000190734863,3.7699999809265137,3.509999990463257,3.509999990463257,19292
2017-09-15,3.8399999141693115,3.8399999141693115,3.5,3.7200000286102295,164429
2017-09-18,3.619999885559082,3.7799999713897705,3.5,3.75,45777
2017-09-19,3.5199999809265137,3.759999990463257,3.5199999809265137,3.6500000953674316,34800
2017-09-20,3.700000047683716,3.7699999809265137,3.5399999618530273,3.5399999618530273,25849
2017-09-21,3.6700000762939453,3.700000047683716,3.5999999046325684,3.700000047683716,14915
2017-09-22,3.690000057220459,3.75,3.549999952316284,3.680000066757202,32476
2017-09-25,3.8499999046325684,3.8499999046325684,3.6500000953674316,3.6500000953674316,17600
2017-09-26,3.9000000953674316,3.9000000953674316,3.7300000190734863,3.859999895095825,43334
2017-09-27,4.070000171661377,4.070000171661377,3.75,3.9000000953674316,46790
2017-09-28,4.579999923706055,4.900000095367432,4.25,4.25,419007
2017-09-29,4.739999771118164,4.96999979019165,4.619999885559082,4.619999885559082,263363
2017-10-02,4.929999828338623,4.940000057220459,4.75,4.809999942779541,296927
2017-10-03,4.800000190734863,4.929999828338623,4.739999771118164,4.920000076293945,110979
2017-10-04,4.429999828338623,4.699999809265137,4.360000133514404,4.420000076293945,206644
2017-10-05,4.800000190734863,4.840000152587891,4.400000095367432,4.400000095367432,81404
2017-10-06,4.840000152587891,4.849999904632568,4.670000076293945,4.809999942779541,147560
2017-10-09,4.840000152587891,4.840000152587891,4.840000152587891,4.840000152587891,0
2017-10-10,4.769999980926514,4.869999885559082,4.769999980926514,4.869999885559082,160736
2017-10-11,4.849999904632568,4.880000114440918,4.75,4.820000171661377,68453
2017-10-12,5.130000114440918,5.130000114440918,4.849999904632568,4.860000133514404,941542
2017-10-13,5.349999904632568,5.349999904632568,5.059999942779541,5.130000114440918,350900
2017-10-16,5.639999866485596,5.849999904632568,5.320000171661377,5.46999979019165,515449
2017-10-17,5.690000057220459,5.929999828338623,5.420000076293945,5.929999828338623,181592
2017-10-18,5.269999980926514,5.739999771118164,5.210000038146973,5.739999771118164,147253
2017-10-19,5.25,5.329999923706055,5.059999942779541,5.260000228881836,66796
2017-10-20,5.75,5.800000190734863,5.260000228881836,5.260000228881836,73158
2017-10-23,6.010000228881836,6.059999942779541,5.769999980926514,5.769999980926514,246994
2017-10-24,6.079999923706055,6.25,5.920000076293945,6.0,277904
2017-10-25,5.860000133514404,6.070000171661377,5.809999942779541,6.039999961853027,157091
2017-10-26,5.96999979019165,6.03000020980835,5.880000114440918,5.880000114440918,126598
2017-10-27,5.949999809265137,6.0,5.769999980926514,6.0,66945
2017-10-30,6.599999904632568,6.769999980926514,5.989999771118164,6.0,301223
2017-10-31,6.440000057220459,6.869999885559082,6.369999885559082,6.699999809265137,257674
2017-11-01,6.46999979019165,6.699999809265137,6.119999885559082,6.599999904632568,89961
2017-11-02,6.579999923706055,6.699999809265137,6.150000095367432,6.5,123975
2017-11-03,6.920000076293945,6.949999809265137,6.590000152587891,6.590000152587891,265968
2017-11-06,7.650000095367432,7.840000152587891,7.019999980926514,7.03000020980835,406308
2017-11-07,7.420000076293945,7.800000190734863,7.349999904632568,7.800000190734863,378055
2017-11-08,7.21999979019165,7.650000095367432,6.849999904632568,7.5,186995
2017-11-09,6.570000171661377,7.300000190734863,6.130000114440918,7.230000019073486,444273
2017-11-10,6.510000228881836,6.619999885559082,6.199999809265137,6.53000020980835,180557
2017-11-13,6.840000152587891,6.96999979019165,6.380000114440918,6.539999961853027,193845
2017-11-14,6.369999885559082,6.760000228881836,5.78000020980835,6.5,379297
2017-11-15,6.010000228881836,6.480000019073486,5.860000133514404,6.400000095367432,258670
2017-11-16,6.639999866485596,6.639999866485596,6.130000114440918,6.230000019073486,182030
2017-11-17,6.739999771118164,7.179999828338623,6.71999979019165,6.940000057220459,376154
2017-11-20,6.610000133514404,7.199999809265137,6.349999904632568,7.0,351221
2017-11-21,6.539999961853027,6.829999923706055,6.449999809265137,6.800000190734863,104078
2017-11-22,6.289999961853027,6.619999885559082,6.019999980926514,6.550000190734863,96192
2017-11-24,7.050000190734863,7.170000076293945,6.940000057220459,7.010000228881836,209917
2017-11-27,6.829999923706055,7.25,6.75,7.199999809265137,179559
2017-11-28,6.550000190734863,6.96999979019165,6.190000057220459,6.840000152587891,203122
2017-11-29,6.380000114440918,6.650000095367432,6.300000190734863,6.570000171661377,120567
2017-11-30,6.480000019073486,6.599999904632568,6.349999904632568,6.449999809265137,95349
2017-12-01,6.400000095367432,6.5,6.260000228881836,6.369999885559082,87665
2017-12-04,6.489999771118164,6.679999828338623,6.329999923706055,6.329999923706055,249379
2017-12-05,6.800000190734863,7.070000171661377,6.449999809265137,6.460000038146973,223567
2017-12-06,6.889999866485596,7.0,6.739999771118164,6.760000228881836,95134
2017-12-07,7.949999809265137,8.050000190734863,6.849999904632568,6.940000057220459,536747
2017-12-08,7.730000019073486,7.96999979019165,7.570000171661377,7.849999904632568,221619
2017-12-11,7.570000171661377,7.929999828338623,7.170000076293945,7.809999942779541,211076
2017-12-12,7.380000114440918,7.690000057220459,7.190000057220459,7.630000114440918,74192
2017-12-13,7.21999979019165,7.480000019073486,7.0,7.340000152587891,88777
2017-12-14,7.0,7.360000133514404,6.960000038146973,7.21999979019165,79703
2017-12-15,6.75,7.059999942779541,6.550000190734863,6.929999828338623,215212
2017-12-18,6.75,6.949999809265137,6.690000057220459,6.949999809265137,131927
2017-12-19,6.75,6.940000057220459,6.659999847412109,6.940000057220459,109743
2017-12-20,6.639999866485596,6.869999885559082,6.619999885559082,6.829999923706055,84058
2017-12-21,6.559999942779541,6.690000057220459,6.309999942779541,6.599999904632568,137375
2017-12-22,6.269999980926514,6.599999904632568,6.130000114440918,6.449999809265137,188076
2017-12-26,6.269999980926514,6.269999980926514,6.269999980926514,6.269999980926514,0
2017-12-27,6.519999980926514,6.619999885559082,6.050000190734863,6.300000190734863,172623
2017-12-28,6.230000019073486,6.539999961853027,6.159999847412109,6.400000095367432,77595
2017-12-29,6.269999980926514,6.409999847412109,6.010000228881836,6.400000095367432,100837
2018-01-02,6.360000133514404,6.650000095367432,6.179999828338623,6.199999809265137,91276
2018-01-03,6.300000190734863,6.510000228881836,6.03000020980835,6.369999885559082,71058
2018-01-04,6.050000190734863,6.329999923706055,6.050000190734863,6.329999923706055,73269
2018-01-05,6.449999809265137,6.519999980926514,5.900000095367432,6.059999942779541,161814
2018-01-08,6.389999866485596,6.650000095367432,6.260000228881836,6.650000095367432,62509
2018-01-09,6.230000019073486,6.449999809265137,6.090000152587891,6.449999809265137,156829
2018-01-10,6.150000095367432,6.309999942779541,6.059999942779541,6.059999942779541,90852
2018-01-11,6.099999904632568,6.289999961853027,6.099999904632568,6.21999979019165,77950
2018-01-12,6.070000171661377,6.170000076293945,6.019999980926514,6.099999904632568,66433
2018-01-16,6.070000171661377,6.190000057220459,5.989999771118164,6.050000190734863,88605
2018-01-17,5.25,6.179999828338623,5.039999961853027,6.179999828338623,446207
2018-01-18,5.21999979019165,5.440000057220459,5.150000095367432,5.210000038146973,119224
2018-01-19,5.230000019073486,5.289999961853027,5.159999847412109,5.230000019073486,56647
2018-01-22,5.019999980926514,5.210000038146973,5.019999980926514,5.210000038146973,129774
2018-01-23,4.710000038146973,5.070000171661377,4.389999866485596,5.03000020980835,362604
2018-01-24,4.639999866485596,4.880000114440918,4.5,4.550000190734863,324635
2018-01-25,4.429999828338623,4.75,4.400000095367432,4.75,235351
2018-01-26,4.25,4.590000152587891,4.139999866485596,4.440000057220459,225552
2018-01-29,4.079999923706055,4.21999979019165,4.0,4.199999809265137,240501
2018-01-30,4.329999923706055,4.349999904632568,3.9600000381469727,4.050000190734863,247606
