Price,Close,High,Low,Open,Volume
Ticker,XLB,XLB,XLB,XLB,XLB
Date,,,,,
1998-12-22,5.696738243103027,5.696738243103027,5.675369612938243,5.683916856331223,3800
1998-12-23,5.756572246551514,5.782213991428436,5.735203604138111,5.735203604138111,1400
1998-12-24,5.8890557289123535,5.8890557289123535,5.799310118296761,5.824951870382011,3000
1998-12-28,5.837770938873291,5.880507182935321,5.829223690060886,5.880507182935321,5000
1998-12-29,5.944611549377441,5.944611549377441,5.944611549377441,5.944611549377441,200
1998-12-30,5.92751932144165,5.940339676759029,5.92751932144165,5.940339676759029,1600
1998-12-31,5.995894908905029,6.017262506920289,5.9788004131467325,5.9788004131467325,6600
1999-01-04,5.923246383666992,6.085644192165799,5.923246383666993,6.000171661376954,26000
1999-01-05,6.068548679351807,6.0984645818483525,5.978803058593528,5.978803058593528,8800
1999-01-06,6.175389766693115,6.175389766693114,6.0770958521831275,6.107011754291617,25800
1999-01-07,6.1283793449401855,6.3976182897270855,6.1070117378052355,6.145473847994412,172400
1999-01-08,6.337785720825195,6.337785720825195,6.183935237231716,6.183935237231716,50400
1999-01-11,6.35060453414917,6.350604534149169,6.290773805025288,6.342057287131472,28400
1999-01-12,6.188210487365723,6.324966520235683,6.1753901309670285,6.2950516597282435,10200
1999-01-13,6.05145263671875,6.119830632613877,6.004443286223558,6.004443286223558,11000
1999-01-14,5.948887348175049,6.077096127230546,5.89760383655285,6.068548875293513,254600
1999-01-15,6.038630485534668,6.038630485534668,5.987347003888365,6.01726184649949,31600
1999-01-19,5.92751932144165,6.017264938760225,5.88478306477432,6.017264938760225,53400
1999-01-20,5.906148910522461,5.970253798093576,5.901875807812563,5.927517554167943,81800
1999-01-21,5.8805084228515625,5.914697425310002,5.850593567383205,5.906150174695392,119800
1999-01-22,5.765120506286621,5.842045754413285,5.75657325649477,5.82067710825093,14000
1999-01-25,5.8805084228515625,5.8805084228515625,5.803583167320074,5.824951815539375,58600
1999-01-26,5.863411903381348,5.863411903381348,5.7950339220008065,5.859138801227661,3600
1999-01-27,5.81640100479126,5.97025142168466,5.816401004791261,5.97025142168466,30200
1999-01-28,5.743752479553223,5.850593635156266,5.743752479553223,5.850593635156266,13600
1999-01-29,5.773667812347412,5.773667812347413,5.730931562971656,5.730931562971656,800
1999-02-01,5.820677280426025,5.880508030738774,5.820677280426025,5.820677280426025,5800
1999-02-02,5.824954032897949,5.846321645885609,5.795038122676086,5.799312271293188,5600
1999-02-03,5.829224109649658,5.85059275490146,5.812129610794381,5.829224109649659,2200
1999-02-04,6.000169277191162,6.021537923080404,5.842045679745626,5.842045679745626,13600
1999-02-05,6.081368923187256,6.1369255267466505,6.030085422963747,6.030085422963747,88800
1999-02-08,6.05145263671875,6.11555752955314,6.025810888258078,6.098463030579358,44600
1999-02-09,5.936066627502441,6.051453999885224,5.936066627502441,6.051453999885224,28400
1999-02-10,5.948887348175049,5.9788032516375225,5.9232455923639495,5.9788032516375225,9800
1999-02-11,5.8890557289123535,5.970255132198426,5.8890557289123535,5.914697480997604,20200
1999-02-12,5.8591413497924805,5.914697962147166,5.8591413497924805,5.897603459366394,5000
1999-02-16,5.803582668304443,5.970254562640985,5.803582668304443,5.970254562640985,12600
1999-02-17,5.743752479553223,5.859140885869887,5.743752479553223,5.777941482407706,10200
1999-02-18,5.7864909172058105,5.795038171145553,5.72238703434072,5.7565760500996905,62000
1999-02-19,5.833497524261475,5.842044772616902,5.795034384979415,5.807855779195194,16200
1999-02-22,5.931789398193359,5.94888389213628,5.812127940592918,5.812127940592918,20000
1999-02-23,5.8805084228515625,5.948886427768441,5.846319420393123,5.944613324143913,10600
1999-02-24,5.863411903381348,5.965978875452158,5.863411903381348,5.965978875452158,5600
1999-02-25,5.863411903381348,5.863411903381348,5.812128417345942,5.829222912691077,13600
1999-02-26,5.863411903381348,5.863411903381348,5.863411903381348,5.863411903381348,1400
1999-03-01,5.7950334548950195,5.824949341020248,5.7950334548950195,5.820675195845882,4200
1999-03-02,5.743752479553223,5.863413989543915,5.743752479553223,5.807857381588161,95400
1999-03-03,5.705288887023926,5.816403117360161,5.705288887023926,5.816403117360161,7800
1999-03-04,5.722383499145508,5.777940093748898,5.701014855814371,5.701014855814371,5800
1999-03-05,5.914697170257568,5.914697170257568,5.7907625633727875,5.7907625633727875,8400
1999-03-08,5.953160285949707,5.953160285949708,5.863413637167454,5.863413637167454,13400
1999-03-09,5.9018754959106445,5.923243095061563,5.8805068533944524,5.923243095061563,11200
1999-03-10,5.98307466506958,6.008716413634164,5.893329066776246,5.906149419375828,53600
1999-03-11,6.047178745269775,6.0770935928911,6.0001683575380484,6.01298975177953,27800
1999-03-12,6.0215373039245605,6.11555704076581,6.0215373039245605,6.098462543158311,15800
1999-03-15,6.03435754776001,6.059999293713664,5.991621304503919,6.0215371964658395,13400
1999-03-16,6.008718967437744,6.0429079800547445,6.004445862543552,6.025813473746244,15000
1999-03-17,5.991618633270264,6.038629001576064,5.98307138842965,6.038629001576064,7000
1999-03-18,6.11983060836792,6.11983060836792,6.021537761340806,6.055726759152917,22600
1999-03-19,6.12755012512207,6.209021569796749,6.12755012512207,6.209021569796749,10600
1999-03-22,6.144700050354004,6.166139511309477,6.101820081568819,6.101820081568819,49800
1999-03-23,5.9903364181518555,6.114687892528765,5.95603241875478,6.114687892528765,33400
1999-03-24,5.994620323181152,6.037500296880589,5.9517403494817165,5.964604865028726,152000
1999-03-25,6.0160603523254395,6.071803790239369,5.994619843753276,5.994619843753276,7600
1999-03-26,5.9688944816589355,6.0117744707513125,5.934590490385034,5.956031008368589,8400
1999-03-29,6.06751823425293,6.09753369949104,6.016062253666507,6.033214247195314,10600
1999-03-30,6.054653167724609,6.0632291637128874,5.994621195806659,6.0632291637128874,33000
1999-03-31,5.9688944816589355,6.050366984371819,5.96031848384046,6.020350468569788,21200
1999-04-01,6.037502765655518,6.084671279449594,5.977470777928829,5.977470777928829,24600
1999-04-05,6.110395908355713,6.153275875969177,6.054651427021105,6.054651427021105,23800
1999-04-06,6.003193378448486,6.110393783643417,6.003193378448485,6.0760898214808545,105600
1999-04-07,6.06751823425293,6.088957702726636,6.020349728611406,6.037501722140214,90400
1999-04-08,6.1532793045043945,6.153279304504394,6.05036732489073,6.058943323191868,24000
1999-04-09,6.12326192855835,6.161854438940368,6.063229948866602,6.063229948866602,50200
1999-04-12,6.303358554840088,6.316223075328162,6.123262596130371,6.123262596130371,32400
1999-04-13,6.380543231964111,6.393407753853088,6.316223763143845,6.35052775901462,136000
1999-04-14,6.689275741577148,6.839356169472778,6.380539938119742,6.42341991082216,601400
1999-04-15,6.946555137634277,7.0966355560203,6.775035257692691,6.775035257692691,2011000
1999-04-16,7.023739337921143,7.105211807280458,6.963707377767971,6.989435360690759,341600
1999-04-19,7.0966362953186035,7.366779610931886,7.02373981531224,7.02373981531224,1728400
1999-04-20,7.010876655578613,7.118076072999834,6.985148669772591,7.113788598802708,281600
1999-04-21,7.040893077850342,7.092349056494802,6.97657362798205,7.058045070731829,166400
1999-04-22,6.9294047355651855,7.058044674963054,6.860796767886322,7.049468679003196,173800
1999-04-23,7.0323166847229,7.049468676636859,6.895100749411234,6.895100749411234,254800
1999-04-26,6.96370792388916,7.06661986365107,6.942268459875956,7.06661986365107,76200
1999-04-27,7.100923538208008,7.135227516653457,6.912251656758037,6.946555635203486,169000
1999-04-28,7.47826623916626,7.512570212740417,7.135226503424688,7.135226503424688,276400
1999-04-29,7.534012794494629,7.628348747803258,7.495420290158402,7.495420290158402,1467200
1999-04-30,7.443962097167969,7.581177988360005,7.345338698810777,7.529722029162991,1055400
1999-05-03,7.61548376083374,7.641211746512233,7.443963856310457,7.46969184198895,362000
1999-05-04,7.568317890167236,7.68838184839298,7.516861908070489,7.662653857344607,831400
1999-05-05,7.6583662033081055,7.692670195260213,7.499710763966983,7.585470743847253,587800
1999-05-06,7.72268533706665,7.7527008012448055,7.598332864936833,7.658364840167712,279200
1999-05-07,7.739838123321533,7.769853590576268,7.619774160553248,7.72268612864035,64200
1999-05-10,7.696956634521484,7.817020573858732,7.671228647520646,7.739836612856216,169200
1999-05-11,7.6840925216674805,7.744124494493008,7.598332560488156,7.72268502763544,305600
1999-05-12,7.491134166717529,7.662654112757145,7.422526188301683,7.662654112757145,334600
1999-05-13,7.461120128631592,7.521152129666558,7.41824012789233,7.43968065169947,253800
1999-05-14,7.439676284790039,7.542588226157457,7.422524294562137,7.452539754023765,73600
1999-05-17,7.431103706359863,7.482559700702085,7.358207190937608,7.439679705416901,47200
1999-05-18,7.251004695892334,7.40537261440705,7.190972727581056,7.401084093233306,106200
1999-05-19,7.323897361755371,7.362489850213355,7.229561447259693,7.251001951263918,110800
1999-05-20,7.238140106201172,7.383932027771574,7.229564110814677,7.3539165673560625,73000
1999-05-21,7.233850479125977,7.29816990194578,7.186681995100545,7.203833980769042,20600
1999-05-24,7.2038373947143555,7.379645854570291,7.169533407120478,7.242429904194779,70000
1999-05-25,7.135228633880615,7.311037074378628,7.135228633880615,7.268157094607711,246800
1999-05-26,7.0666184425354,7.1052109356222575,6.998010496491368,7.019451003067216,92800
1999-05-27,6.9036760330200195,7.049467949245287,6.8607960576596465,7.019452489930225,70200
1999-05-28,6.766460418701172,6.929404332459502,6.766460418701172,6.8736608854004535,98800
1999-06-01,7.058045387268066,7.109501368220203,6.82220599800808,6.835069469808808,431800
1999-06-02,7.049469470977783,7.075197461747775,6.963709501744477,7.075197461747775,23400
1999-06-03,7.07090425491333,7.105208214799207,7.002296335141575,7.03231177660483,115200
1999-06-04,7.2038373947143555,7.229565385409765,7.032317456744966,7.07090996622539,11000
1999-06-07,7.225275993347168,7.289595429582785,7.203835483352399,7.238139461844553,27800
1999-06-08,7.135228633880615,7.246716581285,7.1095006460180645,7.19097313102006,89400
1999-06-09,7.0666184425354,7.246714300900988,7.0666184425354,7.148090901899778,180600
1999-06-10,7.186685085296631,7.186685085296631,7.075197130512793,7.075197130512793,119800
1999-06-11,7.122361660003662,7.268153519511951,7.122361660003662,7.220985041528156,6800
1999-06-14,7.29388427734375,7.366779711470583,7.220987796342527,7.220987796342527,445800
1999-06-15,7.358200550079346,7.4139450170775225,7.311033121272217,7.341048567445128,125400
1999-06-16,7.388217926025391,7.392505398759332,7.272441505972058,7.392505398759332,201400
1999-06-17,7.413947105407715,7.413947105407715,7.298170666578344,7.349626628974901,71400
1999-06-18,7.432773590087891,7.441376337298641,7.381157106823391,7.402664499920286,17200
1999-06-21,7.252111911773682,7.454276885155016,7.252111911773682,7.454276885155016,132800
1999-06-22,7.1574835777282715,7.277922003315046,7.140278088358733,7.277922003315046,112200
1999-06-23,7.191894054412842,7.209099542581294,7.0972638694863575,7.157483078075939,15400
1999-06-24,7.028439521789551,7.16608338023341,7.028439521789551,7.16608338023341,203800
1999-06-25,7.071456432342529,7.153183035401777,7.037045452136482,7.037045452136482,76000
1999-06-28,7.204797267913818,7.234906341172396,7.1402761749977275,7.1402761749977275,170600
1999-06-29,7.161783218383789,7.161783218383788,7.110166766540083,7.14027583837921,13800
1999-06-30,7.1574835777282715,7.247812921988219,7.114469854304424,7.157483577728272,54200
1999-07-01,7.2263054847717285,7.290826594527053,7.148880783149175,7.196196403655042,27400
1999-07-02,7.37255334854126,7.381156094572229,7.26071765013865,7.26071765013865,109200
1999-07-06,7.338142395019531,7.398361617487453,7.303731410752149,7.398361617487453,30400
1999-07-07,7.295132160186768,7.3381459111312655,7.277926659808969,7.3381459111312655,77400
1999-07-08,7.243510723114014,7.363949143688356,7.226305234460536,7.269318956094231,171800
1999-07-09,7.359646797180176,7.4284687377726755,7.234906504786532,7.234906504786532,63400
1999-07-12,7.31233549118042,7.359651128252221,7.295129995907054,7.329540986453785,20200
1999-07-13,7.308032035827637,7.342443014100774,7.269319160200497,7.269319160200497,23600
1999-07-14,7.269319534301758,7.381155219444861,7.2650186868661395,7.312333259356797,36400
1999-07-15,7.1574835777282715,7.295127492684585,7.157483577728272,7.2564156666729875,139400
1999-07-16,7.222002983093262,7.247811211055228,7.187592012477307,7.222002983093262,21000
1999-07-19,7.1531829833984375,7.239210433288137,7.080059125922308,7.239210433288137,19800
1999-07-20,7.140279769897461,7.191896250161779,7.105868783054581,7.114471529765301,27200
1999-07-21,7.123067378997803,7.226300239562988,7.123067378997803,7.2219993954422534,16600
1999-07-22,7.1574835777282715,7.22200468793391,7.1316753436739635,7.135977241086215,436400
1999-07-23,7.1574835777282715,7.2306074326186796,7.118771751716675,7.2306074326186796,29000
1999-07-26,7.067155361175537,7.148880911507982,7.067155361175537,7.088661698053643,35800
1999-07-27,7.166084289550781,7.166084289550781,7.09296150554345,7.1531807012539605,461800
1999-07-28,7.204797267913818,7.213400010293333,7.157481659756758,7.161783556016241,25400
1999-07-29,7.071456432342529,7.140278392754621,7.015539114577591,7.123072902651598,27000
1999-07-30,7.0757575035095215,7.092962991602992,7.024141039229111,7.037044630229386,17200
1999-08-02,7.097262382507324,7.123070609352806,7.028440444252708,7.028440444252708,13600
1999-08-03,7.092958450317383,7.183286679905384,7.092958450317382,7.1187666659338085,44000
1999-08-04,7.2650146484375,7.286520973940339,7.178987246147768,7.178987246147768,246000
1999-08-05,7.316633224487305,7.320934070786997,7.170386597926342,7.273619510792904,19600
1999-08-06,7.209099769592285,7.299429110390913,7.174688792171797,7.299429110390913,35800
1999-08-09,7.140279769897461,7.2349099837153785,7.14027976989746,7.14888251660818,15000
1999-08-10,7.114470958709717,7.1273756028099715,7.0843618727089455,7.110170110769561,28400
1999-08-11,7.295132160186768,7.3424478112959175,7.101570806006731,7.148885406975477,69800
1999-08-12,7.359646797180176,7.415564098841844,7.303728445379032,7.303728445379032,269400
1999-08-13,7.355342864990234,7.372548345376177,7.286520943446466,7.286520943446466,23200
1999-08-16,7.247812271118164,7.329537813214468,7.247812271118164,7.329537813214468,85800
1999-08-17,7.338142395019531,7.338142395019532,7.247814086387601,7.299430562788676,18600
1999-08-18,7.213399410247803,7.329535897640738,7.213399410247803,7.247810376903392,60000
1999-08-19,7.273617744445801,7.286521330350828,7.14887747995459,7.191891183203415,31200
1999-08-20,7.338142395019531,7.398361617487453,7.325238800989213,7.325238800989213,3200
1999-08-23,7.346740245819092,7.381151207157823,7.303726544145678,7.320932024815043,78600
1999-08-24,7.316633224487305,7.363947784481398,7.277920357092596,7.320934070786997,41600
1999-08-25,7.140279769897461,7.363951184376176,7.11017068147993,7.363951184376176,51000
1999-08-26,7.058554172515869,7.127376145921801,7.0456495274322695,7.127376145921801,36000
1999-08-27,7.062855243682861,7.10156813001544,7.002636015052192,7.10156813001544,82600
1999-08-30,6.925210952758789,7.062854897161449,6.9037046115158525,7.062854897161449,14800
1999-08-31,6.757457256317139,7.032745118061137,6.757457256317139,6.847785560881961,13400
1999-09-01,6.847785472869873,6.8649909640077365,6.757457169466006,6.757457169466006,65600
1999-09-02,6.778963088989258,6.8520869468718475,6.757456751467175,6.8520869468718475,152600
1999-09-03,6.933815956115723,6.942418705440928,6.8994049588149,6.912309607872857,6200
1999-09-07,6.830577850341797,6.899399793418288,6.800468775315588,6.821975107457235,313800
1999-09-08,6.830577850341797,6.864988821880043,6.774660546661903,6.800468775315588,52600
1999-09-09,6.834883213043213,6.886499696526963,6.81767771854863,6.821978567102254,612400
1999-09-10,6.976826190948486,6.976826190948486,6.821976781038408,6.821976781038408,45400
1999-09-13,7.028439521789551,7.028439521789551,6.895097558991713,6.916603886803915,17600
1999-09-14,6.9166035652160645,6.9639191644258505,6.8821926022050395,6.903699979156556,60200
1999-09-15,6.852087497711182,6.929512209266449,6.813374616863618,6.929512209266449,11600
1999-09-16,6.641317844390869,6.744550764251867,6.64131784439087,6.744550764251867,41600
1999-09-17,6.778528213500977,6.782842472081372,6.6965467663297,6.731065048630368,39800
1999-09-20,6.683603763580322,6.787158623286555,6.644770164483232,6.787158623286555,27600
1999-09-21,6.601623058319092,6.679289211946376,6.575734340443331,6.644770921445361,42800
1999-09-22,6.554161071777344,6.65340063232256,6.549845758667734,6.58436404988601,21000
1999-09-23,6.446288108825684,6.511010403693682,6.4203994015613235,6.489435954266284,498600
1999-09-24,6.312532901763916,6.437661178116508,6.29095844349455,6.372939910137664,33000
1999-09-27,6.4721808433532715,6.523958290100097,6.463551268895467,6.476496157289598,13000
1999-09-28,6.381567478179932,6.506695715227152,6.368622596601642,6.472177435570774,34800
1999-09-29,6.450605392456055,6.541215368879716,6.441975820729301,6.441975820729301,7800
1999-09-30,6.545527935028076,6.644767441538827,6.467861822075026,6.502380094498604,237000
1999-10-01,6.575732231140137,6.605936252347268,6.472177392854465,6.6016209407115545,26600
1999-10-04,6.58436393737793,6.631827113699372,6.5627905324424605,6.567104792063701,450600
1999-10-05,6.5412187576293945,6.657718563001829,6.5196453438434245,6.657718563001829,13600
1999-10-06,6.623196601867676,6.623196601867676,6.498067289375645,6.618881289443718,23800
1999-10-07,6.666347026824951,6.670661287496225,6.571421704493181,6.662031712738791,140000
1999-10-08,6.709490776062012,6.825989436964269,6.709490776062012,6.731064172986258,234000
1999-10-11,6.722435474395752,6.782842468389039,6.705176333254813,6.705176333254813,7800
1999-10-12,6.627512454986572,6.744012224066751,6.627512454986572,6.692234783012168,16600
1999-10-13,6.545527935028076,6.662026577750616,6.545527935028077,6.662026577750616,6800
1999-10-14,6.644768714904785,6.644768714904785,6.580047468414799,6.610250435866319,31000
1999-10-15,6.4721808433532715,6.54984701347351,6.454921694437663,6.541217439015706,35000
1999-10-18,6.506698131561279,6.5196430179467955,6.403143254135902,6.403143254135902,30200
1999-10-19,6.519644260406494,6.640458307093174,6.476496386589822,6.558476820134055,15000
1999-10-20,6.463550090789795,6.5800498514432695,6.411772653480398,6.5800498514432695,20600
1999-10-21,6.558475971221924,6.584364692160959,6.463550661112134,6.5153281029902015,15600
1999-10-22,6.644768714904785,6.6792869939432515,6.588677038174416,6.627509575385552,1152400
1999-10-25,6.644768714904785,6.709491014809048,6.584361726587469,6.601620866106702,13400
1999-10-26,6.545527935028076,6.6879152820683,6.523953488056303,6.67065614585651,39600
1999-10-27,6.532583236694336,6.580046389295468,6.450602864129794,6.57141682095109,53600
1999-10-28,6.515323162078857,6.623193277561973,6.502379338132696,6.623193277561973,27000
1999-10-29,6.700862407684326,6.748324521473408,6.511011845699141,6.511011845699141,81200
1999-11-01,6.636140823364258,6.748325258609687,6.627511251422302,6.739695686667731,9000
1999-11-02,6.696547031402588,6.718121485401687,6.627510464068541,6.627510464068541,42400
1999-11-03,6.687916278839111,6.731064125799364,6.687916278839112,6.731064125799364,17200
1999-11-04,6.7742133140563965,6.813046910716807,6.744010341911137,6.808731598459232,29600
1999-11-05,6.761269569396973,6.851879540390119,6.761269569396973,6.843249969180559,151800
1999-11-08,6.696547031402588,6.735380627235199,6.627510464068541,6.735380627235199,323600
1999-11-09,6.722435474395752,6.800101609529978,6.709491645247236,6.709491645247236,37800
1999-11-10,6.739692211151123,6.774210481118607,6.687914806199899,6.709489251636576,35200
1999-11-11,6.700862407684326,6.8087315184686945,6.670658382479469,6.787158117677592,31200
1999-11-12,6.722435474395752,6.7655833272481,6.687917192113874,6.739694615536691,103200
1999-11-15,6.895026206970215,6.903655776691078,6.692231845237051,6.700861414957914,168800
1999-11-16,6.920912742614746,6.925228052827088,6.856191516741156,6.903653608593263,251800
1999-11-17,6.895026206970215,6.933859797421238,6.869137497807623,6.903655776691078,30000
1999-11-18,6.851879596710205,6.907972336740631,6.800102169027256,6.830306195216208,16600
1999-11-19,6.821675777435303,6.847564488064252,6.782842184784713,6.782842184784713,123200
1999-11-22,6.744009971618652,6.778528254126197,6.705176377090474,6.765583371478677,19400
1999-11-23,6.683603763580322,6.7526403367178105,6.662029307767604,6.683603763580322,260400
1999-11-24,6.692234516143799,6.731067068678831,6.649086650318935,6.649086650318935,27000
1999-11-26,6.674971103668213,6.726748509565779,6.670655793136405,6.683600671317807,15800
1999-11-29,6.523957252502441,6.6275121295262895,6.515327679417121,6.6275121295262895,67000
1999-11-30,6.605941295623779,6.674977907186587,6.571422989842374,6.605941295623779,14200
1999-12-01,6.623196601867676,6.636140432310586,6.580048744700507,6.636140432310586,94600
1999-12-02,6.761269569396973,6.782842970713643,6.592992404103338,6.636140260151135,37400
1999-12-03,6.804418087005615,6.869139350662621,6.756954914031196,6.756954914031196,193200
1999-12-06,6.808731555938721,6.899342578637517,6.787158155028894,6.787158155028894,137400
1999-12-07,6.731065273284912,6.847565006645126,6.731065273284912,6.800101840190398,171200
1999-12-08,6.787159442901611,6.808732847905019,6.731066693746407,6.75264115216445,116800
1999-12-09,6.761269569396973,6.787158283025651,6.69654725861805,6.722435972246728,29000
1999-12-10,6.843251705169678,6.899344458968593,6.731067250986568,6.821678298380286,20400
1999-12-13,6.851879596710205,6.877768310551679,6.78715833881375,6.78715833881375,31800
1999-12-14,6.920912742614746,7.002894155923762,6.804414114676706,6.825987505496589,240400
1999-12-15,7.115077495574951,7.1323366270943405,6.97700444341984,6.97700444341984,240000
1999-12-16,6.989953994750977,7.119397587246365,6.951121443709686,7.119397587246365,35000
1999-12-17,7.266325950622559,7.296655939262563,7.123338696049676,7.175333869013542,651600
1999-12-20,6.937021732330322,7.205663402918272,6.898024831871221,7.205663402918272,769200
1999-12-21,6.932686805725098,6.967350239753723,6.893690971364922,6.950018522739411,1014800
1999-12-22,6.941356658935547,6.950022522429849,6.876363211650618,6.932690795441246,791000
1999-12-23,7.041012287139893,7.054010549155984,6.91969023838291,6.91969023838291,967600
1999-12-27,7.0713419914245605,7.1406688736934285,7.045344410573735,7.127670612190152,1346400
1999-12-28,7.214329242706299,7.235993364576305,7.028012716971716,7.028012716971716,344200
1999-12-29,7.357319355010986,7.396316276274456,7.205667247051557,7.205667247051557,697400
1999-12-30,7.231662273406982,7.357316741842482,7.231662273406982,7.357316741842482,87600
1999-12-31,7.37031364440918,7.396311221536119,7.209994723204331,7.209994723204331,247200
2000-01-03,7.201330184936523,7.4006449794654525,7.192664324304831,7.396312578071764,281000
2000-01-04,7.132004737854004,7.222996821754964,7.101674748450035,7.209997499264315,516000
2000-01-05,7.426647663116455,7.4353135297011885,7.140674065820256,7.21433446071301,205400
2000-01-06,7.61729097366333,7.690951312910979,7.42664205282079,7.4309755117620595,2670000
2000-01-07,7.612960338592529,7.747280671423146,7.612960338592528,7.6952854991317166,1240200
2000-01-10,7.586960315704346,7.682284767622798,7.526299300847149,7.682284767622798,342400
2000-01-11,7.495968341827393,7.556629357310389,7.439640784943833,7.526299378490971,79400
2000-01-12,7.387649059295654,7.495971822607542,7.378983195916917,7.378983195916917,270600
2000-01-13,7.417976379394531,7.478637401188645,7.383312938369323,7.4569732794700245,91800
2000-01-14,7.365984916687012,7.409314239726347,7.331321458255544,7.352986648697612,152000
2000-01-18,7.188329696655273,7.29665239208128,7.12333523312448,7.27065481823776,68800
2000-01-19,7.0496745109558105,7.196994065589586,7.04967451095581,7.149331327815598,251400
2000-01-20,6.8633623123168945,7.123338157480413,6.8633623123168945,7.123338157480413,198800
2000-01-21,6.893691062927246,6.9673503322943935,6.811364877093773,6.9673503322943935,360200
2000-01-24,6.711710453033447,6.867695964504076,6.616385973801396,6.867695964504076,381800
2000-01-25,6.586056709289551,6.7247105347482785,6.48639980116346,6.685714675260381,126800
2000-01-26,6.586056709289551,6.763707452080915,6.586056709289552,6.646717757927744,601400
2000-01-27,6.620717525482178,6.70304373044109,6.586054082940386,6.655380968023969,108600
2000-01-28,6.508060932159424,6.6163847122826045,6.334743730237735,6.612051253312437,58800
2000-01-31,6.469067096710205,6.482065361962976,6.408406057226594,6.447401910829484,32600
2000-02-01,6.586056709289551,6.620720165654233,6.469068072981119,6.469068072981119,85400
2000-02-02,6.616386890411377,6.620719292963531,6.534060663474479,6.620719292963531,98000
2000-02-03,6.503729820251465,6.6510494710877035,6.464732913166702,6.6510494710877035,367600
2000-02-04,6.495062351226807,6.547057509243923,6.456065453791871,6.547057509243923,210000
2000-02-07,6.369409084320068,6.529728073187823,6.365076681892474,6.529728073187823,98200
2000-02-08,6.352078437805176,6.456068807864742,6.308749116947023,6.378076030320067,269400
2000-02-09,6.226419448852539,6.3824048915230325,6.226419448852538,6.3477414598184785,67000
2000-02-10,6.1744279861450195,6.239421430456635,6.126765210184502,6.239421430456635,262200
2000-02-11,6.022772789001465,6.222087571946837,5.953445907976987,6.157094149908517,48600
2000-02-14,6.122430801391602,6.170092503889966,6.001108757775788,6.100765621823786,48200
2000-02-15,6.386739730834961,6.386739730834961,6.105099769591434,6.144095616230648,65200
2000-02-16,6.239419460296631,6.395404946804047,6.226421198676488,6.378073226081001,34800
2000-02-17,6.226419448852539,6.3694055757118315,6.209087733000262,6.308744570228862,91400
2000-02-18,6.03577184677124,6.261084200344933,6.0227725282198845,6.261084200344933,181000
2000-02-22,6.226419448852539,6.274081138524308,6.053102290329767,6.135427411706091,97800
2000-02-23,6.157096862792969,6.252421366202648,6.105101679114963,6.2307561774144515,112600
2000-02-24,5.9361138343811035,6.0920993074013365,5.858121097870987,6.0920993074013365,37600
2000-02-25,5.84079122543335,5.953447436012924,5.8234595007287995,5.953447436012924,49800
2000-02-28,5.858123302459717,5.9707795198147116,5.7757981340841305,5.823459850965872,399200
2000-02-29,5.819127559661865,5.905786190052626,5.7584665183883335,5.879788600935398,58200
2000-03-01,5.75846529006958,5.888453207928438,5.706470122926038,5.888453207928438,239400
2000-03-02,5.632811069488525,5.754133154062124,5.589481753569383,5.754133154062124,368000
2000-03-03,5.814794540405273,5.970780086943716,5.684806584956571,5.684806584956571,324800
2000-03-06,5.676137924194336,5.866786831571856,5.615476908210581,5.866786831571856,41800
2000-03-07,5.494156837463379,5.710803400454838,5.476825112424063,5.706470998117281,396800
2000-03-08,5.611145496368408,5.628477218275578,5.459492400758496,5.494155844572835,225200
2000-03-09,5.602481365203857,5.615479631725326,5.498491001653389,5.5158227289118,224800
2000-03-10,5.650140762329102,5.749798681997827,5.59814560193957,5.59814560193957,55400
2000-03-13,5.7368011474609375,5.749800470523998,5.537486303969093,5.546152166729607,94000
2000-03-14,5.637142181396484,5.784461794143701,5.58947942482088,5.784461794143701,32800
2000-03-15,5.975111484527588,6.239419707086158,5.593813613538989,5.593813613538989,889200
2000-03-16,6.326078414916992,6.360741858286401,5.996775702907615,5.996775702907615,467800
2000-03-17,6.115242958068848,6.354120166295698,6.115242958068848,6.354120166295698,130400
2000-03-20,6.189077854156494,6.3063440522230465,6.15867483887898,6.202106960450765,55000
2000-03-21,6.262908935546875,6.323713876668689,6.149985473463505,6.171702054041165,89800
2000-03-22,6.1022114753723145,6.241194215761103,6.071808470735188,6.206448530663906,240800
2000-03-23,6.288971900939941,6.31937491958866,6.106556970111573,6.1369599887602915,63400
2000-03-24,6.258566856384277,6.328058224336613,6.241194014396194,6.284626119366403,24000
2000-03-27,6.232509613037109,6.341089380470675,6.167360904293396,6.293314579699158,79800
2000-03-28,6.115242958068848,6.271598601883109,6.097870108756152,6.158675081350587,228000
2000-03-29,6.241195201873779,6.241195201873779,6.102212439525629,6.149987233905642,55000
2000-03-30,6.410582542419434,6.4757312691661175,6.219481165816144,6.258570613935107,207200
2000-03-31,6.40623664855957,6.527846554535644,6.375833641888437,6.432295914125873,305200
2000-04-03,6.614712715148926,6.614712715148926,6.497445455494153,6.514818304305635,229400
2000-04-04,6.553908348083496,6.818843786688334,6.4366410776255485,6.714606684216665,371000
2000-04-05,6.501786708831787,6.662484968641509,6.4626972837930685,6.632083025037293,65000
2000-04-06,6.4626994132995605,6.59733951458721,6.458356731505499,6.493102427275927,45200
2000-04-07,6.358462810516357,6.532191302606969,6.358462810516358,6.532191302606969,87400
2000-04-10,6.514821529388428,6.601685816446939,6.380182414625266,6.445330099741617,85200
2000-04-11,6.671170234680176,6.779751009562233,6.601678878068924,6.619051717221737,786200
2000-04-12,6.844900608062744,6.992569783617397,6.688545010416641,6.688545010416641,481600
2000-04-13,6.653801441192627,6.77541138920398,6.649458758940948,6.70591999034035,1226400
2000-04-14,6.288971900939941,6.566937509821265,6.21948049871961,6.4974461076009336,290400
2000-04-17,6.297657012939453,6.384521247600687,6.219479201744343,6.384521247600687,105600
2000-04-18,6.18039083480835,6.310687186979069,6.115242128545775,6.262911327672591,48000
2000-04-19,6.1022114753723145,6.267253479584001,6.054435628186589,6.202104789849677,55000
2000-04-20,6.2542266845703125,6.258570427723074,6.1413031472100155,6.1413031472100155,278000
2000-04-24,6.267254829406738,6.33240247281821,6.2021061256408805,6.2021061256408805,39800
2000-04-25,6.275941371917725,6.341089016568277,6.193419820292029,6.310687065159195,463800
2000-04-26,6.167360782623291,6.297657137185755,6.1586743589857935,6.275941608269235,59800
2000-04-27,6.1456451416015625,6.2281656344752765,6.115242129247691,6.167360670121961,128800
2000-04-28,6.193422794342041,6.245541359231315,6.123931374489676,6.123931374489676,62400
2000-05-01,6.184731483459473,6.219477165950818,6.115240118476782,6.136956700210913,42200
2000-05-02,6.375834941864014,6.375834941864015,6.184733622080624,6.184733622080624,54400
2000-05-03,6.27160120010376,6.349779054398682,6.184736917553846,6.349779054398682,178800
2000-05-04,6.336743354797363,6.388861870147223,6.241192743322621,6.297653938108014,200600
2000-05-05,6.332403182983398,6.39320815181863,6.3280605011009925,6.332403182983398,20600
2000-05-08,6.297657012939453,6.4105805179990565,6.297657012939453,6.3584619772023165,553000
2000-05-09,6.410582542419434,6.4366418210471545,6.354121302236751,6.384523263791712,2156400
2000-05-10,6.332403182983398,6.427953848295905,6.302001228743036,6.341089607102718,92400
2000-05-11,6.414926528930664,6.41926921202256,6.332404946636599,6.332404946636599,65400
2000-05-12,6.436641693115234,6.458358288384087,6.375836710859085,6.458358288384087,28000
2000-05-15,6.549562454223633,6.610367410695206,6.427952541280489,6.427952541280489,83000
2000-05-16,6.480072498321533,6.610368862228802,6.454013225540079,6.601682437968318,2446000
2000-05-17,6.497446060180664,6.55825103667968,6.427954658467502,6.454013934109937,28000
2000-05-18,6.445323467254639,6.501785725918358,6.393204948651501,6.480069146323397,420400
2000-05-19,6.4626994132995605,6.48441600333332,6.410580869643918,6.423611035735071,44400
2000-05-22,6.427953243255615,6.488758206367493,6.375834703445435,6.488758206367493,103600
2000-05-23,6.336743354797363,6.375831711132803,6.2846248394475035,6.375831711132803,105600
2000-05-24,6.310686111450195,6.362804643435933,6.254223838288522,6.271596682283768,89400
2000-05-25,6.080495834350586,6.241195183007013,6.037063721248082,6.241195183007013,79400
2000-05-26,5.98494291305542,6.05009158814953,5.976256493733134,6.045747848311426,56000
2000-05-30,6.050093173980713,6.097867962598904,5.967571638611748,6.037063011404898,23200
2000-05-31,5.997974395751953,6.110897871859808,5.997974395751954,6.054435603628804,30800
2000-06-01,6.015347480773926,6.015347480773926,5.902424000112902,5.902424000112902,28000
2000-06-02,6.115242958068848,6.115242958068848,6.03272245401083,6.03272245401083,58000
2000-06-05,6.063124179840088,6.132615574451435,6.037064906860832,6.132615574451435,63200
2000-06-06,6.071808338165283,6.097867601419211,6.0110033905727835,6.054435495995997,16600
2000-06-07,5.941512584686279,6.07180891329782,5.924139740871407,6.07180891329782,115000
2000-06-08,5.932826042175293,5.950198885637007,5.876364831101831,5.902424096294401,112000
2000-06-09,5.924140453338623,5.980602732704517,5.880708338578076,5.93717061794397,144800
2000-06-12,5.958885192871094,6.0457494085106145,5.889393820359478,5.889393820359478,188200
2000-06-13,5.789500713348389,5.993631097356605,5.789500713348388,5.993631097356605,80000
2000-06-14,5.941512584686279,6.015347701076604,5.858992106742755,5.858992106742755,112800
2000-06-15,5.941512584686279,6.006661279169168,5.915453318963971,5.954542747724552,148200
2000-06-16,5.969439506530762,5.9825309153106865,5.8865311571647245,5.947621912348518,77400
2000-06-19,5.77744197845459,5.938896705385835,5.77744197845459,5.938896705385835,125600
2000-06-20,5.672715187072754,5.786169490814209,5.672715187072754,5.746897379880717,137800
2000-06-21,5.646533489227295,5.694533920182169,5.602897218058614,5.637806234993559,214400
2000-06-22,5.646533489227295,5.716351523097185,5.594169963824878,5.602897218058614,222200
2000-06-23,5.650897026062012,5.681441879843517,5.615988012975416,5.620351106941973,159600
2000-06-26,5.519987106323242,5.681440726401278,5.519987106323243,5.681440726401278,68600
2000-06-27,5.7425336837768555,5.812351722485389,5.585443096682656,5.585443096682656,334400
2000-06-28,5.729443073272705,5.74689758215497,5.581079747773456,5.663988132294874,132200
2000-06-29,5.624715328216553,5.690169195805781,5.519988287802949,5.6378056755989805,30600
2000-06-30,5.485077857971191,5.637804219801318,5.485077857971191,5.624713875799088,37400
2000-07-03,5.63780403137207,5.655258533017185,5.533077021501382,5.576713275614169,18600
2000-07-05,5.663986682891846,5.794895466009531,5.663986682891846,5.690168439515383,100400
2000-07-06,5.515623092651367,5.685805034033676,5.515623092651367,5.685805034033676,121000
2000-07-07,5.489441871643066,5.585441650002484,5.437078356174293,5.585441650002484,199000
2000-07-10,5.567986965179443,5.633441890072547,5.489441694510767,5.489441694510767,71200
2000-07-11,5.864715576171875,5.864715576171876,5.637806937808083,5.637806937808083,90400
2000-07-12,5.83416748046875,5.917075827386934,5.794894320626732,5.912712734814595,69000
2000-07-13,5.899621963500977,5.934530969202166,5.834168110480401,5.834168110480401,71600
2000-07-14,5.781805992126465,5.90398754145839,5.742532818600491,5.90398754145839,50000
2000-07-17,5.690169811248779,5.7599878457426295,5.594170013819736,5.7076243198722425,113600
2000-07-18,5.602896690368652,5.690169224486544,5.602896690368652,5.646532957427598,99400
2000-07-19,5.602896690368652,5.677078877038136,5.5592604233097065,5.642169863390979,81800
2000-07-20,5.559260845184326,5.637806131850981,5.5156245748139625,5.637806131850981,47400
2000-07-21,5.585439682006836,5.650894585949391,5.5418034344911575,5.5418034344911575,63600
2000-07-24,5.594170093536377,5.646533620152942,5.524352058047624,5.646533620152942,66600
2000-07-25,5.524353504180908,5.637807841549552,5.524353504180908,5.615990232417368,24400
2000-07-26,5.489441871643066,5.567987144846226,5.480714619064937,5.511260535757613,26600
2000-07-27,5.550534725189209,5.5548988857872414,5.4763535830723,5.511262606501163,12000
2000-07-28,5.50689697265625,5.567987747313293,5.480715212088946,5.559260493790858,163000
2000-07-31,5.533077239990234,5.615986658747555,5.519986895908607,5.550531742324589,18800
2000-08-01,5.537441730499268,5.602895585511304,5.519987227117612,5.554896233880923,67400
2000-08-02,5.572352886199951,5.602897746228081,5.506897940607351,5.576715981058791,40800
2000-08-03,5.6334428787231445,5.668351894035639,5.5723521019262785,5.615988371066897,15400
2000-08-04,5.581079483032227,5.611624339457942,5.511261450815021,5.611624339457942,24000
2000-08-07,5.690169811248779,5.69016981124878,5.55053374226108,5.55053374226108,78400
2000-08-08,5.829807281494141,5.829807281494141,5.694535339817553,5.694535339817553,205200
2000-08-09,5.83416748046875,5.890894075938319,5.8167129795030075,5.860349231917366,100000
2000-08-10,5.746898174285889,5.829806567349762,5.681443226563915,5.829806567349762,38600
2000-08-11,5.864715576171875,5.864715576171876,5.707624980381557,5.707624980381557,70800
2000-08-14,5.864715576171875,5.899624597458613,5.790534438606951,5.899624597458613,77600
2000-08-15,5.899621963500977,5.917076466351571,5.8123494492480035,5.847258454949193,54600
2000-08-16,5.899621963500977,5.969439974903355,5.873440209225085,5.95198547205276,60400
2000-08-17,5.912714004516602,5.9694406121676975,5.860350490374779,5.9694406121676975,121400
2000-08-18,5.807986259460449,5.903986023539645,5.781804505620669,5.855985608830902,49400
2000-08-21,5.77744197845459,5.864714515893481,5.751260217222923,5.864714515893481,28800
2000-08-22,5.720715045928955,5.786168912724903,5.716350886628675,5.786168912724903,43400
2000-08-23,5.6945319175720215,5.720713671065829,5.6552587546621735,5.720713671065829,84200
2000-08-24,5.703262805938721,5.74689908959036,5.663989617982767,5.698898644904079,40400
2000-08-25,5.672715187072754,5.7250787118765025,5.663987932938796,5.7250787118765025,122400
2000-08-28,5.663986682891846,5.725077448346766,5.663986682891846,5.663986682891846,81600
2000-08-29,5.585439682006836,5.6901666760444645,5.585439682006836,5.655257678031922,57000
2000-08-30,5.59853458404541,5.66398846351216,5.5548983092879975,5.602897678851782,24000
2000-08-31,5.659623146057129,5.690167993722368,5.559259220860657,5.559259220860657,26400
2000-09-01,5.602896690368652,5.62907845060402,5.567987676721495,5.62907845060402,19000
2000-09-05,5.716352939605713,5.733807452398403,5.585444093660544,5.585444093660544,1131200
2000-09-06,5.812351226806641,5.821078480900946,5.7556246078629805,5.76871495633512,93200
2000-09-07,5.533077239990234,5.637804253996359,5.454531979485641,5.637804253996359,120400
2000-09-08,5.437079906463623,5.506897946996061,5.410898141263958,5.506897946996061,1535800
2000-09-11,5.402168273925781,5.498168033236255,5.384713772232967,5.437077277311408,913200
2000-09-12,5.367260932922363,5.393442693570765,5.336716078168512,5.393442693570765,1179400
2000-09-13,5.341080665588379,5.375989689546472,5.332353409598855,5.332353409598855,57800
2000-09-14,5.245078086853027,5.349805103562239,5.236350835460593,5.3105330049654365,102800
2000-09-15,5.161856174468994,5.232085510176056,5.161856174468994,5.232085510176056,51800
2000-09-18,5.144298076629639,5.179412739268749,5.091626082670973,5.179412739268749,69800
2000-09-19,5.003841876983643,5.10479711732677,4.986284537064402,5.10479711732677,72800
2000-09-20,4.942389488220215,5.012618823754428,4.880938819627779,4.986282822929098,75800
2000-09-21,4.92483377456665,4.995063133205747,4.889719095247102,4.907276434906876,45000
2000-09-22,4.916053771972656,4.995061779022217,4.880939102172852,4.995061779022217,47400
2000-09-25,4.902887344360352,4.951169489747242,4.880940135282742,4.951169489747242,53600
2000-09-26,4.8546037673950195,4.946780324102338,4.845825098737886,4.885329643502401,60600
2000-09-27,4.8326568603515625,4.889717661709607,4.81509952583914,4.8326568603515625,32600
2000-09-28,4.977504730224609,5.012619402042772,4.832657244782057,4.832657244782057,42200
2000-09-29,5.104794979095459,5.157466976790609,4.981893651140112,4.981893651140112,332200
2000-10-02,4.986284255981445,5.0916282895585185,4.955559448662262,5.0916282895585185,44200
2000-10-03,5.26281213760376,5.284758272362663,5.00384088911415,5.00384088911415,219400
2000-10-04,5.311094760894775,5.442774796288861,5.302316091868502,5.333041969267891,92200
2000-10-05,5.258420944213867,5.368154805234264,5.21452761412861,5.368154805234264,27400
2000-10-06,5.214528560638428,5.337429907185462,5.188192557806921,5.267200566301443,49800
2000-10-09,5.227696895599365,5.354987035219383,5.205749691614908,5.267200362510868,101800
2000-10-10,5.254034996032715,5.2979283499193075,5.201362971368803,5.26720246639115,39800
2000-10-11,5.113576412200928,5.2935386325582865,5.113576412200928,5.188194580169067,72600
2000-10-12,5.021399021148682,5.091628378087823,4.98628434267911,5.074071038853038,39200
2000-10-13,4.907275199890137,4.951168537992911,4.819488523684589,4.9160538675106915,119600
2000-10-16,4.902887344360352,5.021398844211742,4.854604127358555,4.863382796666618,25600
2000-10-17,4.858994483947754,5.00384200621489,4.828268602488051,4.907276634165128,62000
2000-10-18,4.916053771972656,4.916053771972656,4.775595092773438,4.845824432373047,41000
2000-10-19,4.907275199890137,4.946779739989983,4.837045858925698,4.946779739989983,90200
2000-10-20,4.84143590927124,4.880939379231028,4.788763901581697,4.845824707437998,32400
2000-10-23,4.87654972076416,4.898495850955791,4.793151854161043,4.85460251895798,61000
2000-10-24,5.074072360992432,5.074072360992432,4.880941579086145,4.880941579086145,264400
2000-10-25,5.038955211639404,5.038955211639404,4.951168535478439,5.030176544023308,144200
2000-10-26,5.126742362976074,5.126742362976074,5.030177010248785,5.056513015538046,103600
2000-10-27,5.109181880950928,5.126739207002306,4.968723272539905,5.09162455489955,25600
2000-10-30,5.513003826141357,5.543729701744136,5.223307765213548,5.227697635277434,313400
2000-10-31,5.552508354187012,5.596401696624795,5.429606995361218,5.583233158086058,152400
2000-11-01,5.508615016937256,5.5920118318401855,5.460331804402818,5.583233163344361,57000
2000-11-02,5.469110488891602,5.469110488891601,5.3901024721981425,5.455943021916763,89000
2000-11-03,5.4778876304626465,5.477887630462647,5.381322303643594,5.416436967941431,25200
2000-11-06,5.482279300689697,5.5481187820746065,5.477889430402776,5.5217827751976705,424000
2000-11-07,5.5481181144714355,5.57445411817937,5.508614644716902,5.552507984230125,85000
2000-11-08,5.609569072723389,5.653462414450488,5.495446384232928,5.561286932630972,74600
2000-11-09,5.530562400817871,5.60957043511527,5.4120508851792986,5.60957043511527,68600
2000-11-10,5.451553821563721,5.548119187163078,5.3901031343641295,5.548119187163078,65600
2000-11-13,5.473498821258545,5.513002282699937,5.416436956092135,5.4427729542579,32200
2000-11-14,5.517391681671143,5.517391681671143,5.40326903267157,5.477887151979466,424600
2000-11-15,5.5481181144714355,5.618347457692593,5.508614644716902,5.543729316327481,158800
2000-11-16,5.381324291229248,5.530561669615704,5.337430944644996,5.530561669615704,66600
2000-11-17,5.37693452835083,5.530560678044715,5.31987265221444,5.354987323186152,132600
2000-11-20,5.315484523773193,5.376935205714994,5.275979978146039,5.376935205714994,22400
2000-11-21,5.271590232849121,5.333040903755521,5.267200363405622,5.275979030677965,63200
2000-11-22,5.267200946807861,5.306705489716308,5.24525481200355,5.30231561978658,43800
2000-11-24,5.337430477142334,5.363766482786128,5.3154843415799125,5.363766482786128,7800
2000-11-27,5.337430477142334,5.381323819881992,5.293537134402677,5.359377684319569,47400
2000-11-28,5.3462066650390625,5.420825848880427,5.319870671615225,5.3462066650390625,54400
2000-11-29,5.469110488891602,5.469110488891601,5.359377668180314,5.3857136737448,158600
2000-11-30,5.412050247192383,5.455943594405562,5.350599561093933,5.433996384991511,146200
2000-12-01,5.592012405395508,5.635905752376634,5.48227957375015,5.517394251335051,353200
2000-12-04,5.8904852867126465,5.916821286504208,5.688575954977339,5.688575954977339,807800
2000-12-05,5.9343767166137695,5.9343767166137695,5.758803440974309,5.894873265402007,272400
2000-12-06,5.802700042724609,5.960716080196686,5.79392137397616,5.938769944132983,295200
2000-12-07,5.627127170562744,5.758807213555632,5.6227383716037815,5.758807213555632,51600
2000-12-08,5.723691463470459,5.802699474469285,5.631515986445862,5.692966661667171,59600
2000-12-11,5.723691463470459,5.75441733688848,5.653462120360392,5.750027467136734,48400
2000-12-12,5.697355270385742,5.829035284339188,5.671019267595054,5.671019267595054,97000
2000-12-13,5.741248607635498,5.741248607635498,5.640294466091458,5.7017451392618685,113000
2000-12-14,5.688575267791748,5.754415795124339,5.64907180868375,5.741247261012043,59000
2000-12-15,5.609569072723389,5.635905077759649,5.539339725960029,5.600790404377968,105600
2000-12-18,5.692654132843018,5.733187821212998,5.589069995065073,5.607084723333564,135200
2000-12-19,5.872798442840576,5.890813161990394,5.679140761745635,5.710665970492217,305200
2000-12-20,5.652121543884277,5.791735138196225,5.652121543884277,5.737690953391906,39000
2000-12-21,5.854785919189453,5.895319602241955,5.692653386042668,5.701660748995268,286600
2000-12-22,6.1565351486206055,6.161038281809159,5.8682994395301185,5.944861499991293,401800
2000-12-26,6.138521671295166,6.1655437745447434,6.052951127905406,6.1655437745447434,50400
2000-12-27,6.237597465515137,6.269122676334518,6.070960752657276,6.197063794997339,170800
2000-12-28,6.296145915985107,6.341182725112326,6.111495548329249,6.242101745032445,173200
2000-12-29,6.174548625946045,6.336681179368719,6.14302230190354,6.336681179368719,111800
2001-01-02,6.052947998046875,6.269124712262834,5.9989038194928845,6.269124712262834,503600
2001-01-03,6.0889787673950195,6.156534554964891,5.926846196665566,6.111497729762265,171200
2001-01-04,6.291645050048828,6.309659780185643,6.016919865696454,6.016919865696454,524800
2001-01-05,6.161035060882568,6.233093950483534,6.052946726481119,6.179049783282809,86800
2001-01-08,6.179049015045166,6.282634205733564,6.093479644048508,6.152026934804443,51200
2001-01-09,5.926844596862793,6.143021299483928,5.926844596862793,6.138518167945105,349000
2001-01-10,5.980886936187744,5.980886936187744,5.818754459001932,5.944857496813119,136200
2001-01-11,5.818753242492676,5.818753242492675,5.719672304927011,5.818753242492675,354800
2001-01-12,5.683646202087402,5.764712471213848,5.6115872961972295,5.764712471213848,270400
2001-01-16,5.872798442840576,5.87730267239363,5.647614453467855,5.755702768366762,104800
2001-01-17,5.841276168823242,5.90432771752548,5.7647130242046485,5.90432771752548,146000
2001-01-18,5.809749126434326,5.832268083666934,5.715172364839575,5.791734400460887,63600
2001-01-19,5.647615432739258,5.746696405243456,5.593571265918786,5.701659599559729,125800
2001-01-22,5.692654132843018,5.7196762252457525,5.521514214292357,5.620595219769055,69800
2001-01-23,5.710668563842773,5.800742200496446,5.710668563842773,5.800742200496446,31400
2001-01-24,5.7331862449646,5.791733545974667,5.692652567738708,5.737689376027781,71400
2001-01-25,5.809749126434326,5.863793304354646,5.692653407606968,5.692653407606968,89000
2001-01-26,5.751201629638672,5.845778388155836,5.683645859670774,5.841275256574818,62200
2001-01-29,5.733005523681641,5.767594035259451,5.666711472070388,5.675358737406277,469000
2001-01-30,5.94918155670166,5.94918155670166,5.684004829574572,5.718593337358836,175800
2001-01-31,6.009710311889648,6.038533971971958,5.957827833694608,5.960710254679398,96600
2001-02-01,6.041418552398682,6.116359882313064,5.97512448931644,6.116359882313064,66400
2001-02-02,6.021239757537842,6.107710742257856,5.998180938232294,6.076004659550622,173200
2001-02-05,6.076005458831787,6.076005458831787,6.015476256354389,6.052946636492918,225800
2001-02-06,6.0241217613220215,6.0702393967380965,5.980886546840148,6.0702393967380965,38400
2001-02-07,6.0241217613220215,6.067356975803895,5.972239284037542,6.067356975803895,352600
2001-02-08,5.943418025970459,6.0529473067674155,5.934770760473692,6.0529473067674155,68000
2001-02-09,5.937653541564941,5.98088877213323,5.894418310996653,5.894418310996653,35600
2001-02-12,5.937653541564941,5.963594789859071,5.865594640695867,5.894418310996653,298200
2001-02-13,5.9203596115112305,6.035653743965543,5.877123830795798,5.877123830795798,909400
2001-02-14,5.854064464569092,5.960711870860221,5.854064464569092,5.960711870860221,31200
2001-02-15,6.078887939453125,6.093299497392916,5.859828850220994,5.859828850220994,65400
2001-02-16,5.943418025970459,6.0731237098274535,5.911711935581399,6.001064813318317,84800
2001-02-20,5.923242092132568,6.084654443912483,5.923242092132568,5.989536706147748,66600
2001-02-21,5.822358131408691,5.946298951880091,5.79353446743822,5.880004909583971,125600
2001-02-22,5.865596771240234,5.9145968636200035,5.810831832753202,5.822361524967728,99400
2001-02-23,5.836771011352539,5.865594681855586,5.7647121099778165,5.8425358554063065,173600
2001-02-26,6.052947998046875,6.0644776866926495,5.845418550315246,5.845418550315246,125200
2001-02-27,6.061591625213623,6.104826832145677,6.006826736558098,6.038532811532162,37400
2001-02-28,6.08753776550293,6.1538318395453455,6.035655255464194,6.133655430033821,66200
2001-03-01,6.09329891204834,6.12212257492471,6.018357608476033,6.104828597105144,82200
2001-03-02,6.237415313720703,6.269121390933147,6.104827263133245,6.153827314386333,184400
2001-03-05,6.349832534790039,6.367126522490272,6.2547147777898235,6.283537907368226,224200
2001-03-06,6.335416316986084,6.378651533117563,6.274887124355135,6.370004819750627,504600
2001-03-07,6.522771835327148,6.525654257497554,6.384418869742549,6.384418869742549,270800
2001-03-08,6.545830726623535,6.586184087636092,6.401712915295681,6.514125181972165,198000
2001-03-09,6.49106502532959,6.589065160951662,6.424770977633984,6.580417896126524,60600
2001-03-12,6.231655120849609,6.456478580543525,6.214360585668628,6.456478580543525,434400
2001-03-13,6.179771423339844,6.263359461534754,6.058712449243323,6.263359461534754,237800
2001-03-14,6.021239757537842,6.1192398770278205,5.960710563022887,6.024122178671737,147400
2001-03-15,5.888656139373779,6.058715266582307,5.888656139373779,6.058715266582307,105200
2001-03-16,5.863749980926514,5.9708903470498536,5.849271806834656,5.907185055509026,181400
2001-03-19,6.002743721008301,6.051970296651261,5.878229408952165,5.878229408952165,103800
2001-03-20,6.037489891052246,6.205439224966816,5.947724010591058,6.046176573231386,147000
2001-03-21,5.849271297454834,5.97957650985483,5.811627164403115,5.97957650985483,110600
2001-03-22,5.6639485359191895,5.773984658217994,5.510477887043951,5.745027754860046,253800
2001-03-23,5.718967914581299,5.768194495938334,5.585766901678215,5.675532825691472,52000
2001-03-26,5.7768778800964355,5.869539488516107,5.724755587283682,5.76819064719206,155800
2001-03-27,5.921664237976074,5.924559431171873,5.808732372595553,5.808732372595553,38000
2001-03-28,5.904289722442627,5.904289722442627,5.733444605157691,5.820315312694611,146400
2001-03-29,5.831898212432861,5.843481195294295,5.733445067338757,5.826107273309166,80000
2001-03-30,5.782672882080078,5.846378196888663,5.739237791633314,5.756611717350592,106000
2001-04-02,5.814523220062256,5.982472574486394,5.779774830181745,5.930350265819089,23600
2001-04-03,5.695802211761475,5.768194207054677,5.646575632869813,5.768194207054677,73800
2001-04-04,5.805836200714111,5.878228176046242,5.704487877094681,5.704487877094681,67800
2001-04-05,5.996953964233398,6.043285359690395,5.918771011610155,5.991163023070088,31000
2001-04-06,5.927455425262451,6.01143039144392,5.855063441577877,6.01143039144392,41000
2001-04-09,6.025906085968018,6.109881017571092,5.976679535240265,5.979575279672107,73400
2001-04-10,6.289412021636963,6.298099253921063,6.173585019382515,6.196750419833405,1845000
2001-04-11,6.21122932434082,6.353117475344893,6.141732568622305,6.341534498622898,120200
2001-04-12,6.182271957397461,6.211228844659435,6.086714616047624,6.211228844659435,68600
2001-04-16,6.193857192993164,6.329954459221999,6.176483273670715,6.21123166462255,59000
2001-04-17,6.185169219970703,6.22570854070689,6.138838409898825,6.173586241299322,130000
2001-04-18,6.442886829376221,6.509487324721704,6.141735898985644,6.2546677740356245,205800
2001-04-19,6.33864164352417,6.4284080971139925,6.315476231828373,6.4284080971139925,79600
2001-04-20,6.32126522064209,6.419718319454651,6.289412585053684,6.37049177004837,41800
2001-04-23,6.277835369110107,6.35891406907479,6.277835369110107,6.341540140840532,32000
2001-04-24,6.306791305541992,6.364704574770305,6.298104066619534,6.35022639554001,47800
2001-04-25,6.283627033233643,6.298105215104091,6.211235019266929,6.292313721433017,62600
2001-04-26,6.4863200187683105,6.4863200187683105,6.298101018336858,6.298101018336858,360200
2001-04-27,6.49211311340332,6.538443938737482,6.434199305582115,6.5008003502686025,143200
2001-04-30,6.399452209472656,6.550027685532499,6.370495302183137,6.49500961691312,247000
2001-05-01,6.471840858459473,6.483423284008041,6.364700522524609,6.38497018146469,28000
2001-05-02,6.471840858459473,6.515275920803473,6.393657414856204,6.486319028471879,401400
2001-05-03,6.4602580070495605,6.468945240611108,6.3704921361407525,6.428405921937477,52200
2001-05-04,6.570293426513672,6.5731891707419425,6.370491493216891,6.413926552027477,52200
2001-05-07,6.49211311340332,6.62241890484753,6.49211311340332,6.5731923338916065,211000
2001-05-08,6.509486675262451,6.558713243499247,6.5007999911839995,6.558713243499247,102600
2001-05-09,6.573194980621338,6.628212512666862,6.5210726430563355,6.58767316225285,87800
2001-05-10,6.712188720703125,6.723771157631589,6.6600663737567265,6.6600663737567265,324000
2001-05-11,6.578983783721924,6.703498093591825,6.5181747778638135,6.703498093591825,45800
2001-05-14,6.625312328338623,6.6311038180350605,6.541337936967709,6.541337936967709,19400
2001-05-15,6.67453670501709,6.71507656733754,6.584770853283725,6.584770853283725,126800
2001-05-16,7.022019386291504,7.022019386291504,6.712181918234529,6.712181918234529,234200
2001-05-17,7.094417095184326,7.132060697980334,7.056773492388318,7.071251673700503,201200
2001-05-18,7.059664726257324,7.120474268729565,6.9785860727035445,7.120474268729565,280000
2001-05-21,7.120476722717285,7.120476722717285,6.978588477791167,7.050980473302886,377200
2001-05-22,6.984377384185791,7.079934760791125,6.938046016088853,7.079934760791125,980400
2001-05-23,6.865657329559326,6.946736572105915,6.839596716487474,6.90909297339577,132200
2001-05-24,6.677433013916016,6.839591372305159,6.642685188766001,6.833799884011248,812400
2001-05-25,6.686122417449951,6.735348979319409,6.660061263971597,6.665852754146099,70800
2001-05-29,6.77589225769043,6.781683751242583,6.709291738762328,6.746935342236882,131400
2001-05-30,6.636898040771484,6.74693362878159,6.602149640590508,6.74693362878159,74600
2001-05-31,6.6455817222595215,6.755617251379959,6.6455817222595215,6.660059892407257,68200
2001-06-01,6.700602054595947,6.735350450928242,6.573192556760589,6.706393546035834,726400
2001-06-04,6.77589225769043,6.775892257690429,6.7266656671115665,6.732457160663721,48600
2001-06-05,6.854074001312256,6.854074001312256,6.654271943596489,6.781682007446392,86800
2001-06-06,6.732454776763916,6.891716926904337,6.732454776763916,6.822220685808134,66000
2001-06-07,6.810640811920166,6.851180163035222,6.729561557382818,6.729561557382818,50200
2001-06-08,6.784579277038574,6.810640444867207,6.712187266916194,6.810640444867207,29200
2001-06-11,6.6890177726745605,6.77299216608286,6.631103978918798,6.77299216608286,174200
2001-06-12,6.631105422973633,6.6803319926940326,6.567400677814817,6.6803319926940326,50600
2001-06-13,6.654268741607666,6.700599551203181,6.6426863153621944,6.6600602308838095,34400
2001-06-14,6.4863200187683105,6.605042798377697,6.480528528956421,6.605042798377697,49400
2001-06-15,6.465673446655273,6.497667510537941,6.416228327363447,6.430771335836954,97600
2001-06-18,6.4016852378845215,6.488941061023814,6.401685237884521,6.427862095778107,221800
2001-06-19,6.416224479675293,6.477303969117714,6.3929562348302555,6.459852369414898,205000
2001-06-20,6.474395751953125,6.526749444639448,6.416224859021934,6.416224859021934,182400
2001-06-21,6.442399978637695,6.480211215336219,6.39877209801206,6.41913173865345,85200
2001-06-22,6.340600967407227,6.462759361134748,6.337692922939128,6.4307658791584625,454200
2001-06-25,6.26788854598999,6.358053470615619,6.2562547021807,6.340601872763696,124800
2001-06-26,6.3260626792907715,6.3813249913619075,6.2009956042261205,6.2562579162972565,117800
2001-06-27,6.3842315673828125,6.430768061283509,6.311518226318128,6.355146120005186,46600
2001-06-28,6.390050888061523,6.445313205737111,6.390050888061524,6.42204494904618,23600
2001-06-29,6.416224479675293,6.462760969365368,6.3987734347311935,6.3987734347311935,145800
2001-07-02,6.483123779296875,6.51511728211604,6.387141606562562,6.387141606562562,51000
2001-07-03,6.462761402130127,6.462761402130127,6.372597016662785,6.4453103560174565,207400
2001-07-05,6.436585903167725,6.465671355950776,6.3871407998641985,6.427860655664018,279400
2001-07-06,6.360966682434082,6.4511311176770105,6.349332275430318,6.410411802681958,89000
2001-07-09,6.419137001037598,6.4365880566424405,6.340606418677221,6.384234889827911,100600
2001-07-10,6.349327564239502,6.462760174564084,6.349327564239503,6.462760174564084,185400
2001-07-11,6.369688987731934,6.436585132795175,6.331878291970607,6.3958658366277765,118600
2001-07-12,6.5063910484313965,6.506391048431397,6.360964342925418,6.360964342925418,72400
2001-07-13,6.51220703125,6.529658633558264,6.462761934227519,6.529658633558264,30400
2001-07-16,6.407501697540283,6.483123661044402,6.384233443751241,6.4511296040498705,129400
2001-07-17,6.381322860717773,6.410408307610205,6.331877767428266,6.392956706619492,22400
2001-07-18,6.5383830070495605,6.544200207042358,6.355145645346213,6.387139135789154,200200
2001-07-19,6.552924156188965,6.625637471285235,6.529655917548501,6.596552034295014,37200
2001-07-20,6.509297847747803,6.582011186575346,6.47148715565133,6.582011186575346,87000
2001-07-23,6.381322860717773,6.422042153511924,6.381322860717773,6.410408307610205,8200
2001-07-24,6.189360618591309,6.34060396660883,6.145732164312821,6.34060396660883,360000
2001-07-25,6.3202433586120605,6.340603004982864,6.116646340145275,6.12246298570925,152600
2001-07-26,6.285342693328857,6.311519545966049,6.238806189698048,6.308610945144262,19000
2001-07-27,6.302791118621826,6.358053401703301,6.282431476107243,6.3173335619154845,50600
2001-07-30,6.259163856506348,6.311517545184357,6.250438056807111,6.282432100945607,65800
2001-07-31,6.398775100708008,6.439494401098769,6.296976294972245,6.296976294972245,47800
2001-08-01,6.369688987731934,6.427859886335763,6.32024389034632,6.427859886335763,214400
2001-08-02,6.3260626792907715,6.410410447965607,6.305703026095864,6.3842335924981715,63400
2001-08-03,6.311522960662842,6.375510549084422,6.296979948685768,6.375510549084422,22000
2001-08-06,6.3202433586120605,6.3784142523218605,6.31151811288672,6.369688451837763,46800
2001-08-07,6.273705959320068,6.334785444368391,6.259163515372632,6.334785444368391,76600
2001-08-08,6.218446254730225,6.340604720770259,6.20390380474692,6.2882515679750215,170600
2001-08-09,6.163184642791748,6.235898003899101,6.163184642791748,6.198086745458282,89600
2001-08-10,6.3202433586120605,6.3202433586120605,6.142823186838809,6.18063387941905,13600
2001-08-13,6.340600967407227,6.340600967407227,6.238802768266441,6.296973088524236,34200
2001-08-14,6.311522960662842,6.352242284680285,6.288254696258705,6.288254696258705,21600
2001-08-15,6.346421241760254,6.38423249527433,6.311519143641405,6.311519143641405,339000
2001-08-16,6.276615619659424,6.32315211386519,6.273707019426717,6.282432820124837,30400
2001-08-17,6.314426898956299,6.337695702976598,6.25043935217694,6.25043935217694,19800
2001-08-20,6.3202433586120605,6.3202433586120605,6.264981619822383,6.302792312402623,41800
2001-08-21,6.349327564239502,6.427858088968205,6.3202421230705035,6.381321605001266,106200
2001-08-22,6.3347883224487305,6.392958679425655,6.270800208587507,6.3493307730032305,78800
2001-08-23,6.3842315673828125,6.392956813264964,6.311518226318128,6.334786473268476,20800
2001-08-24,6.471487998962402,6.523841698501937,6.37841500189604,6.398774650659455,221400
2001-08-27,6.483123779296875,6.544202738572595,6.483123779296876,6.535476935207947,21400
2001-08-28,6.4220404624938965,6.471485542763785,6.384229779820976,6.456943100526187,59200
2001-08-29,6.340600967407227,6.49475339786961,6.340600967407227,6.49475339786961,39400
2001-08-30,6.317333698272705,6.346419140246471,6.3086084540116385,6.340601940899985,36400
2001-08-31,6.372597694396973,6.378414895306115,6.273707497976815,6.273707497976815,71000
2001-09-04,6.372597694396973,6.4889389387857435,6.296975746854569,6.296975746854569,62800
2001-09-05,6.454040050506592,6.456948652406738,6.349332601137688,6.456948652406738,52400
2001-09-06,6.294064998626709,6.398772360225892,6.294064998626709,6.398772360225892,43600
2001-09-07,6.096286296844482,6.282432828679796,6.096286296844482,6.1806340394315225,149600
2001-09-10,5.977036952972412,6.107921200603149,5.977036952972412,6.107921200603149,111400
2001-09-17,5.53494119644165,5.7298130246124614,5.438959582850589,5.6134712041005805,97400
2001-09-18,5.526214599609375,5.613470397699673,5.497129148659663,5.526214599609374,64600
2001-09-19,5.438958168029785,5.537848356885511,5.357519025807786,5.532031156421345,134400
2001-09-20,5.23245096206665,5.430231300937743,5.23245096206665,5.424414101615967,111200
2001-09-21,5.164277076721191,5.199388555284042,4.988720800062977,4.988720800062977,38400
2001-09-24,5.410057544708252,5.442243030880326,5.2666866960625995,5.281316158098158,63600
2001-09-25,5.424685955047607,5.465648883053995,5.325204080108061,5.377870462654258,47800
2001-09-26,5.380799293518066,5.494911244197858,5.3164288645261735,5.424688805821703,204800
2001-09-27,5.439314842224121,5.494907780171797,5.333980972023888,5.392499912819124,88400
2001-09-28,5.617801189422607,5.6529121329374075,5.4656522793161155,5.4656522793161155,56000
2001-10-01,5.635353088378906,5.635353088378906,5.512463747831901,5.617797627751629,54200
2001-10-02,5.658761978149414,5.6850954547509565,5.597317013386424,5.638280509254474,81400
2001-10-03,5.728984832763672,5.728984832763672,5.611947460107879,5.611947460107879,24200
2001-10-04,5.6295037269592285,5.761171138717983,5.6295037269592285,5.737763660858459,91200
2001-10-05,5.728984832763672,5.728984832763672,5.62365091833435,5.69972535008017,56000
2001-10-08,5.609020709991455,5.688021135305818,5.562205767155863,5.670465113183867,28800
2001-10-09,5.661689281463623,5.685096759584307,5.565133364456014,5.565133364456014,58600
2001-10-10,5.816760063171387,5.816760063171387,5.690945293890874,5.690945293890874,105000
2001-10-11,6.006948947906494,6.024504413895933,5.535872905577324,5.816762593721141,173000
2001-10-12,5.910392761230469,5.989392633391045,5.881133280614837,5.954281703114828,47600
2001-10-15,5.913317680358887,5.922095691185225,5.831391811625562,5.831391811625562,1535000
2001-10-16,5.963057994842529,5.983540017937614,5.8694281215772675,5.875280128175863,67800
2001-10-17,5.848947525024414,6.012799827567761,5.8401695138231435,6.012799827567761,311000
2001-10-18,5.8401689529418945,5.88113244320227,5.787502565026718,5.88113244320227,87000
2001-10-19,5.767018795013428,5.781648807848238,5.72020387009789,5.775796802714314,86000
2001-10-22,5.901613235473633,5.930872708582301,5.764094437364335,5.764094437364335,40600
2001-10-23,5.977689743041992,6.009875230580155,5.91039332189695,5.91039332189695,81600
2001-10-24,5.960134029388428,5.992318957515364,5.904541069055423,5.983541503516292,65000
2001-10-25,5.948428153991699,5.957206163325242,5.851872283634846,5.878205753557445,41200
2001-10-26,6.050835609436035,6.0537616123435685,5.963057196444025,5.983539216796754,58200
2001-10-29,5.904540538787842,6.0274299064423875,5.904540538787842,6.0274299064423875,29400
2001-10-30,5.860649585723877,5.901612508181076,5.807982652234355,5.822612107946795,17600
2001-10-31,5.769946575164795,5.881132474651395,5.769946575164795,5.881132474651395,31000
2001-11-01,5.895763397216797,5.93380089366856,5.752392540150061,5.828466974975352,35800
2001-11-02,5.986467361450195,6.018652849870329,5.854800519699024,5.854800519699024,44400
2001-11-05,6.009873390197754,6.0742437874839315,5.977687912515637,6.059613771229307,118600
2001-11-06,6.135688781738281,6.135688781738281,5.983540504352795,6.021577434179639,286200
2001-11-07,6.132763862609863,6.185430819435189,6.085948913893621,6.109356388251743,484400
2001-11-08,6.138613700866699,6.202984651156608,6.091798768698409,6.1883546360552595,165000
2001-11-09,6.156171798706055,6.159097244636604,6.07131935668687,6.091800826669928,18400
2001-11-12,6.071317672729492,6.115206604531204,6.021576734533405,6.115206604531204,93400
2001-11-13,6.235170841217041,6.258578312080134,6.129837501372184,6.129837501372184,152000
2001-11-14,6.337578773498535,6.372690259042635,6.305393291589622,6.320023309765551,111600
2001-11-15,6.36391544342041,6.437063896793058,6.349285975977244,6.363915443420409,184400
2001-11-16,6.396098613739014,6.4370615541348455,6.346357661224844,6.4370615541348455,177000
2001-11-19,6.463394641876221,6.501431575934314,6.419505700092828,6.431209157465252,79600
2001-11-20,6.437063694000244,6.457545171006792,6.381470714926474,6.381470714926474,59800
2001-11-21,6.3931732177734375,6.466321651482336,6.3931732177734375,6.43121015774763,44600
2001-11-23,6.516060829162598,6.516060829162598,6.37269000521775,6.37269000521775,76000
2001-11-26,6.437063694000244,6.492656673074014,6.3902487299628765,6.451693160982524,90600
2001-11-27,6.4868011474609375,6.518986627072771,6.410726732609932,6.416578739462645,128000
2001-11-28,6.422434329986572,6.486804767050382,6.396100842533558,6.460471279597368,158400
2001-11-29,6.419506072998047,6.460469013298302,6.352209096404221,6.437061539115556,68000
2001-11-30,6.501433372497559,6.50435937716876,6.396099994725921,6.434136939294893,37600
2001-12-03,6.343432903289795,6.442914827860371,6.343432903289794,6.378543842503929,175600
2001-12-04,6.46632194519043,6.46632194519043,6.378543485905792,6.401950963432705,140200
2001-12-05,6.612614631652832,6.6886890249588955,6.516058778240892,6.516058778240892,206800
2001-12-06,6.6272454261779785,6.729653305485762,6.592134504064367,6.6272454261779785,64200
2001-12-07,6.4868011474609375,6.603838494124757,6.4721716884072436,6.574579017939279,43600
2001-12-10,6.375615119934082,6.486800447752008,6.358059101269649,6.437059511025507,66200
2001-12-11,6.425358295440674,6.4780252582030196,6.3317283874535155,6.343432404991046,33200
2001-12-12,6.375615119934082,6.40487403488541,6.281984694624529,6.390244577409746,77200
2001-12-13,6.223465442657471,6.325873305004211,6.200057979099183,6.290761830627804,2848600
2001-12-14,6.202983379364014,6.287835217242682,6.202983379364013,6.223464838228592,133000
2001-12-17,6.308316707611084,6.343428178752779,6.24979833314546,6.252724335580426,98600
2001-12-18,6.50728178024292,6.50728178024292,6.340503512839764,6.340503512839764,94400
2001-12-19,6.390247344970703,6.410728817538194,6.325876922890266,6.372691876781179,122400
2001-12-20,6.328799247741699,6.393170196151798,6.328799247741699,6.363910724881571,4677200
2001-12-21,6.309664249420166,6.406826577524127,6.24783337067223,6.403882196480581,761200
2001-12-24,6.321439266204834,6.3420499271654736,6.259608968072183,6.294940406552816,732000
2001-12-26,6.274329662322998,6.3449930936048275,6.274329662322999,6.3243829963455065,33600
2001-12-27,6.339105129241943,6.365603987147523,6.2743298936580585,6.2743298936580585,279800
2001-12-28,6.38621711730957,6.409771606455518,6.34794072145783,6.403882843773201,317400
2001-12-31,6.306719779968262,6.453935460582289,6.306719779968262,6.389160763282089,3188000
2002-01-02,6.353827476501465,6.37738195820483,6.3126072739163615,6.3126072739163615,81400
2002-01-03,6.47160005569458,6.477488816671512,6.321440020281762,6.362660785537127,276200
2002-01-04,6.595261096954346,6.627648720099336,6.5216532709580175,6.554040894103008,464800
2002-01-07,6.595261096954346,6.674757683810334,6.595261096954346,6.6453144410951746,838800
2002-01-08,6.4833760261535645,6.6070371691607965,6.477487266585833,6.6070371691607965,517200
2002-01-09,6.445101261138916,6.559929855072558,6.445101261138915,6.551096713513613,414200
2002-01-10,6.333219528198242,6.448047595340261,6.268444821889497,6.448047595340261,79200
2002-01-11,6.2566657066345215,6.342051061132053,6.256665706634521,6.333217919140973,100400
2002-01-14,6.050564765930176,6.2154467466553385,6.050564765930176,6.2154467466553385,94400
2002-01-15,6.0800065994262695,6.147725667731096,6.05056335533364,6.06528525817154,40000
2002-01-16,5.935734748840332,6.035841432153925,5.9062915075863724,6.006398190899964,245200
2002-01-17,5.962231159210205,5.962231159210206,5.797349862174021,5.8945121252682044,306000
2002-01-18,5.909235000610352,5.991675951426473,5.891569283143695,5.891569283143695,191200
2002-01-22,5.953404426574707,6.018179712710389,5.932794312470987,5.991680834124608,41000
2002-01-23,6.050564765930176,6.062342290946246,5.959291193388845,5.959291193388845,220600
2002-01-24,6.17422342300415,6.230165520580413,6.115337506971884,6.115337506971884,1108000
2002-01-25,6.356772422790527,6.397992629045043,6.188946655516353,6.188946655516353,550800
2002-01-28,6.350882053375244,6.40976852875699,6.324383195611763,6.40976852875699,91400
2002-01-29,6.2684431076049805,6.37443800152439,6.233111101909725,6.321440273773097,1070800
2002-01-30,6.318493843078613,6.321438222729822,6.2066102242477035,6.209554603898912,271400
2002-01-31,6.4539361000061035,6.465713063598736,6.236056938500952,6.236056938500952,2669200
2002-02-01,6.4244890213012695,6.506929963669275,6.403878926105013,6.506929963669275,305600
2002-02-04,6.36560583114624,6.439213666299451,6.333218203972199,6.433324904707222,652200
2002-02-05,6.283162593841553,6.386213638309993,6.277273834367239,6.350881643047123,6042400
2002-02-06,6.300831317901611,6.362662198726125,6.2861099737727315,6.300831317901611,1530600
2002-02-07,6.286109447479248,6.339107180439322,6.271387542999652,6.286109447479247,3729400
2002-02-08,6.412715435028076,6.412715435028076,6.294942437866913,6.294942437866913,3142200
2002-02-11,6.586430072784424,6.612928379744791,6.427436861522556,6.430381242647769,3760800
2002-02-12,6.542263507843018,6.595261233511009,6.515764645009021,6.551096649315402,1571600
2002-02-13,6.612926006317139,6.6364810468647715,6.542262569423471,6.542262569423471,1251800
2002-02-14,6.598207473754883,6.6247063440577785,6.5540428771111605,6.6247063440577785,7368600
2002-02-15,6.624704360961914,6.707145328512706,6.6217599805226195,6.654147603771707,5797200
2002-02-19,6.49810266494751,6.6453184047481635,6.49810266494751,6.636485819773552,2719200
2002-02-20,6.59231424331665,6.607036139942657,6.530483962236223,6.554038435254901,2259000
2002-02-21,6.654146194458008,6.768974199354764,6.615869818437071,6.615869818437071,6197200
2002-02-22,6.7130351066589355,6.7454227375253275,6.648260406509429,6.648260406509429,2089200
2002-02-25,6.74836540222168,6.780753024850335,6.6983120588788205,6.771919883701665,3735600
2002-02-26,6.760143756866455,6.792531386177055,6.7100909647802585,6.760143756866455,1064000
2002-02-27,6.7984161376953125,6.854358220344595,6.757195951313167,6.789582999935029,4017200
2002-02-28,6.795477867126465,6.857308763864484,6.777812137308499,6.813143596944431,3970000
2002-03-01,6.89558219909668,6.89558219909668,6.7571996675767325,6.7630878677390065,3215400
2002-03-04,7.084018707275391,7.086963088407911,6.919137294937226,6.930914819467306,1134200
2002-03-05,6.880863666534424,7.01630187249603,6.877919284459155,6.99274737747734,3891200
2002-03-06,7.007464408874512,7.0280750707028785,6.89852514712585,6.919135247371104,2344000
2002-03-07,6.960355281829834,7.010408621909959,6.942689562267171,7.007464241718999,1232800
2002-03-08,6.930911540985107,7.025129446325371,6.880858208575215,6.989797451031265,2538200
2002-03-11,6.922079086303711,6.9574105235087975,6.877914509005818,6.919134706272775,237400
2002-03-12,6.933859825134277,6.978024988093765,6.866140732252013,6.874973877160586,1369000
2002-03-13,6.84552526473999,6.942687536356853,6.842580885408215,6.907355545958478,252800
2002-03-14,6.9397454261779785,6.963299906951078,6.8455275030855836,6.851416263674638,170000
2002-03-15,7.004441261291504,7.013304106315589,6.942403036537755,6.9660367264637,151200
2002-03-18,7.031028747558594,7.075342406148547,6.995578496852522,7.0458001549124365,244800
2002-03-19,7.0960235595703125,7.128519536804097,7.031030478159316,7.031030478159316,580800
2002-03-20,7.063528537750244,7.1344296353313945,7.048757687056109,7.066482820583437,677200
2002-03-21,6.9483160972595215,7.063530339788208,6.91286525768886,7.063530339788208,642400
2002-03-22,6.892184257507324,6.9689939227584095,6.886275691686814,6.951268788768728,798000
2002-03-25,6.803555011749268,6.912860613673378,6.803555011749268,6.912860613673378,299200
2002-03-26,6.9305877685546875,6.960130029752968,6.774014742105808,6.794694155903073,763600
2002-03-27,7.075343608856201,7.078297327357484,6.951266583350471,6.966037429743572,491600
2002-03-28,7.004441261291504,7.090113739442813,6.998533261413729,7.066480049516868,2100800
2002-04-01,6.966039657592773,6.977856789263895,6.868550575193418,6.948314523557941,2426400
2002-04-02,6.936495304107666,6.971946124979027,6.918770175407827,6.971946124979027,490200
2002-04-03,6.839005947113037,6.980808097353168,6.809463691611763,6.971945815132945,3292200
2002-04-04,6.7533392906188965,6.776973000749506,6.685391880955309,6.7090255910859184,1347000
2002-04-05,6.844916343688965,6.886275174381914,6.815374080277512,6.815374080277512,2504000
2002-04-08,6.874459743499756,6.886276312734619,6.779924935733246,6.815375206909737,512600
2002-04-09,6.868552207946777,6.91286533530365,6.824239080589905,6.868552207946777,1062600
2002-04-10,7.016262531280518,7.03103338490496,6.898094011869129,6.9040025787076855,214400
2002-04-11,6.936495304107666,7.0635266139784925,6.936495304107666,7.054663767892731,644400
2002-04-12,6.901047706604004,6.992628230901684,6.880368287905034,6.992628230901684,535200
2002-04-15,6.883318901062012,6.921724001431824,6.841960082329887,6.921724001431824,275000
2002-04-16,7.004441261291504,7.016258387990284,6.8951356566858655,6.8951356566858655,866800
2002-04-17,7.036935806274414,7.045798648792185,7.010347842192554,7.010347842192554,349600
2002-04-18,6.9601287841796875,7.069434962010536,6.942403656021486,7.0664806800722255,575200
2002-04-19,6.971948623657227,7.010353176849309,6.9512692055175,6.957177208220362,1354200
2002-04-22,6.7976484298706055,6.954222019595479,6.776969016099196,6.954222019595479,1123000
2002-04-23,6.714931488037109,6.785832590221843,6.697206353358894,6.759244606468584,1533200
2002-04-24,6.673573017120361,6.776970674755641,6.649939315101317,6.7444741231774925,1619400
2002-04-25,6.6588029861450195,6.66175670622388,6.587901307868972,6.6292607141086615,2228400
2002-04-26,6.679477691650391,6.72083650521775,6.6410725960764925,6.676523410185354,644000
2002-04-29,6.567222595214844,6.652895137018799,6.549497455468934,6.646986569279485,1491200
2002-04-30,6.673573017120361,6.729703270717554,6.543587374279669,6.543587374279669,878600
2002-05-01,6.682435512542725,6.7474280487828295,6.605625844183398,6.676526946483113,209000
2002-05-02,6.8271918296813965,6.84787124690175,6.711977048283646,6.711977048283646,813000
2002-05-03,6.871502876281738,6.898090851401601,6.806510361250793,6.824235490173471,1078400
2002-05-06,6.830141544342041,6.912859157898324,6.815370139441646,6.8833169115690165,526400
2002-05-07,6.883318901062012,6.954220538133719,6.833097236828013,6.839005800495929,916800
2002-05-08,6.957175254821777,6.998534642960448,6.936495842488306,6.9660381015954345,3139600
2002-05-09,6.963082313537598,7.031029100359967,6.948311468914163,6.948311468914163,307400
2002-05-10,6.939451694488525,6.995581943141869,6.9305888457100435,6.963085394425956,187000
2002-05-13,6.989669322967529,6.989669322967528,6.883317453202021,6.912859701855942,177200
2002-05-14,7.0960235595703125,7.110794407088241,7.036939042555173,7.051710453544815,761200
2002-05-15,7.113746643066406,7.1610140176937005,7.069433549787262,7.104883799021956,443400
2002-05-16,7.090114116668701,7.1491986263629315,7.066480425485338,7.119656371515816,707600
2002-05-17,7.122610092163086,7.122610092163086,7.03102905300546,7.116701528964865,1178600
2002-05-20,7.08716344833374,7.090117731671902,7.036941758528854,7.090117731671902,208800
2002-05-21,7.075343608856201,7.143290403819139,7.039892788652419,7.078297327357484,458400
2002-05-22,7.098977565765381,7.107839848542892,7.05466389799105,7.0842061553500395,634400
2002-05-23,7.214194297790527,7.214194297790527,7.075346371673648,7.119659491628236,879400
2002-05-24,7.116702556610107,7.220100173623097,7.116702556610108,7.202374481468859,273600
2002-05-28,7.075343608856201,7.146244685792094,7.0487556345712825,7.146244685792094,719000
2002-05-29,7.028079509735107,7.075346916455713,7.004445242902871,7.075346916455713,752000
2002-05-30,6.966039657592773,7.0339864742861735,6.904001406734934,7.001490489134289,732600
2002-05-31,7.004441261291504,7.045800641265618,6.957173881439615,6.992624698064339,355400
2002-06-03,6.895137310028076,7.033985201202525,6.874457896818238,7.0014892219321005,838600
2002-06-04,6.859685897827148,6.9069532849676865,6.818327074947104,6.859685897827148,482000
2002-06-05,6.912866592407227,6.915820876564519,6.874462025306602,6.874462025306602,209000
2002-06-06,6.8065104484558105,6.936495480183071,6.7976476021450765,6.936495480183071,675200
2002-06-07,6.809464454650879,6.841960995690869,6.750380500499294,6.750380500499294,312600
2002-06-10,6.824239730834961,6.856735726807976,6.77401803145262,6.818331163031853,630200
2002-06-11,6.747426986694336,6.874458319621063,6.7356098564352065,6.8685497544914975,1528200
2002-06-12,6.803555011749268,6.806509293351486,6.706065972762433,6.706065972762433,276400
2002-06-13,6.682435512542725,6.812420585022934,6.676526946483113,6.788786884256362,265600
2002-06-14,6.6853861808776855,6.688340462559151,6.573126294340063,6.649935927643327,970000
2002-06-17,6.794694423675537,6.794694423675537,6.652892240501624,6.652892240501624,333000
2002-06-18,6.824239730834961,6.836056302969137,6.77401803145262,6.7887888874883515,366200
2002-06-19,6.809464454650879,6.898091231085836,6.794693606980912,6.824235865792565,910000
2002-06-20,6.81537389755249,6.877412705400418,6.779923633186639,6.779923633186639,855000
2002-06-21,6.7307562828063965,6.837640992192513,6.662469081273981,6.828733744312134,1029000
2002-06-24,6.736692905426025,6.772320756199912,6.695126324463855,6.718878413744605,441600
2002-06-25,6.781231880187988,6.861395439716026,6.769355545608367,6.825767002271964,596000
2002-06-26,6.721848487854004,6.739662982164892,6.656530374264436,6.674344302280762,887600
2002-06-27,6.775292873382568,6.784200123213602,6.692160806805188,6.763417106569257,281000
2002-06-28,6.885145664215088,6.941556539194197,6.787168195842064,6.8049821265568005,296600
2002-07-01,6.843581199645996,6.899992658467599,6.843581199645996,6.873271470936041,175200
2002-07-02,6.707004547119141,6.879207384629065,6.683252451127931,6.879207384629065,676400
2002-07-03,6.641689777374268,6.709977017032865,6.53777409259666,6.6505964639328266,191200
2002-07-05,6.810921669006348,6.837642853627275,6.680284829336784,6.695129680217405,360600
2002-07-08,6.828731536865234,6.861390868907936,6.799041286489544,6.828731536865234,145400
2002-07-09,6.757481575012207,6.873273036493436,6.733729465829008,6.858428180614543,320600
2002-07-10,6.558554172515869,6.712943088243267,6.537771158147694,6.695128590532257,536800
2002-07-11,6.460577487945557,6.525895621965382,6.383383020670453,6.50214352174956,1158400
2002-07-12,6.395259380340576,6.502143548605875,6.353692780070149,6.454639347978022,500800
2002-07-15,6.24977970123291,6.297283921413404,6.000382262137827,6.249779701232909,1648400
2002-07-16,6.136953830718994,6.249776147928909,6.053821209520611,6.184458023891026,1866200
2002-07-17,6.181487560272217,6.3150934276591775,6.145859706498711,6.205239651552729,274800
2002-07-18,6.089449882507324,6.267590897215853,6.089449882507324,6.205241287235264,115200
2002-07-19,5.819268703460693,6.053820561347679,5.816299620918505,6.0063163732618445,378800
2002-07-22,5.549088478088379,5.819268762948993,5.501584289516926,5.819268762948993,432400
2002-07-23,5.513460636138916,5.682694396595059,5.492677622229517,5.557995746844008,260600
2002-07-24,5.843020915985107,5.8845869398294175,5.391730553724071,5.403606884133647,1907800
2002-07-25,6.0033488273620605,6.053822110909438,5.807393859776886,5.881619243446869,174800
2002-07-26,6.03007173538208,6.03007173538208,5.9024039483496775,5.997412942307323,321600
2002-07-29,6.329938888549805,6.359629147114335,6.08351070516499,6.086479787650901,1291000
2002-07-30,6.092416763305664,6.347751578009035,6.050850182911813,6.347751578009035,406400
2002-07-31,6.104296684265137,6.113203936053699,5.9558458855582375,6.101327600335616,1815800
2002-08-01,6.065701007843018,6.136957338327983,5.997413761915132,6.116174312723406,1907200
2002-08-02,5.810362339019775,6.07757357919284,5.756919977726227,6.07757357919284,406000
2002-08-05,5.611437797546387,5.884587178819383,5.6054996321004324,5.7895787968626236,1071600
2002-08-06,5.848958492279053,5.9083384394643685,5.670817518134015,5.670817518134015,434000
2002-08-07,5.994443416595459,5.994443416595459,5.792550239536456,5.967722227496775,584600
2002-08-08,6.116171360015869,6.116171360015868,5.923185487333449,5.923185487333449,139000
2002-08-09,6.1874260902404785,6.202270935807436,6.0567892973319255,6.0567892973319255,95200
2002-08-12,6.157734394073486,6.181486481207742,6.062726045536467,6.181486481207742,75200
2002-08-13,6.056793689727783,6.196337830950866,6.053824605202295,6.110236078596626,614200
2002-08-14,6.133984565734863,6.148829413299871,5.848959415165345,6.056790112548627,141600
2002-08-15,6.131014347076416,6.1755494478151025,6.038975063377192,6.1755494478151025,444600
2002-08-16,6.0211615562438965,6.125076609782809,5.923184101268229,6.125076609782809,125400
2002-08-19,6.14586067199707,6.14586067199707,6.006316618294351,6.0092857009576655,211400
2002-08-20,6.044912815093994,6.098355158849362,6.02709832297921,6.080540666734578,256600
2002-08-21,6.119140148162842,6.145861328693265,6.036007523591004,6.116171065182275,103400
2002-08-22,6.181487560272217,6.214146898143368,6.119138533021319,6.133983377711193,67200
2002-08-23,6.095387935638428,6.163675144019362,6.077573438091056,6.122109115664822,673200
2002-08-26,6.163676738739014,6.163676738739013,6.053822907286544,6.09242042899747,43600
2002-08-27,6.19039249420166,6.270555984685656,6.190392494201661,6.264617822510327,203200
2002-08-28,6.0211615562438965,6.128045692211717,5.98256405096267,6.128045692211717,53200
2002-08-29,6.0033488273620605,6.0597602775137736,5.9231858433824796,5.949907026807252,2902600
2002-08-30,6.071634292602539,6.154766328144888,5.997408937271429,5.997408937271429,40000
2002-09-03,5.893496513366699,6.012257032855497,5.872713493243013,6.012257032855497,368600
2002-09-04,5.917247295379639,5.917247295379639,5.851928599531565,5.884587947455602,66400
2002-09-05,5.756917953491211,5.854895392647209,5.753948871541699,5.831143303345588,488600
2002-09-06,5.8727126121521,5.938030746497464,5.804424828183375,5.804424828183375,61600
2002-09-09,5.958813190460205,5.97365860567565,5.854897549130835,5.88161873022395,529600
2002-09-10,5.991471767425537,6.01522386242219,5.935060329448006,5.961781507106068,316400
2002-09-11,6.027099132537842,6.0835105658895126,6.027099132537843,6.027099132537843,150600
2002-09-12,5.911304950714111,6.030065359725822,5.911304950714111,6.030065359725822,111600
2002-09-13,5.875680923461914,5.9261536345324695,5.768796202854464,5.9261536345324695,267000
2002-09-16,5.828176021575928,5.884587463451812,5.801455408365934,5.848959601642051,311800
2002-09-17,5.71832275390625,5.902401360212687,5.71832275390625,5.884587429410856,175600
2002-09-18,5.6708221435546875,5.712388197117321,5.581751300684034,5.676760313005066,176800
2002-09-19,5.546120643615723,5.650036291861445,5.546120643615723,5.629252709176521,504800
2002-09-20,5.653942108154297,5.659915770516124,5.570312544128125,5.579273037670864,643400
2002-09-23,5.549405574798584,5.609141062063258,5.49863058152756,5.609141062063258,211200
2002-09-24,5.316437244415283,5.412014126942457,5.286570073910288,5.397079972010197,2423600
2002-09-25,5.447856903076172,5.480711485969054,5.358254220233721,5.379161474918295,615200
2002-09-26,5.525511264801025,5.531484927215855,5.435908607297795,5.471749442427166,1896600
2002-09-27,5.367212772369385,5.504604163184354,5.3522791856128915,5.480710082566074,121400
2002-09-30,5.283583164215088,5.325397658042987,5.155152282109683,5.2417681007074375,716400
2002-10-01,5.612129211425781,5.6151154737785065,5.310466012284026,5.340333193250965,957600
2002-10-02,5.355267524719238,5.498632048794359,5.301505685771073,5.4448702098461945,700000
2002-10-03,5.307478904724121,5.417988835796796,5.307478904724121,5.322412494432343,318400
2002-10-04,5.2417683601379395,5.361239325010193,5.17307295411224,5.346305169561272,100800
2002-10-07,5.086457252502441,5.235795392473602,5.071523096697448,5.196967157060414,168400
2002-10-08,5.1670989990234375,5.202940400389315,4.981920039392357,5.125284505496371,452000
2002-10-09,4.966987133026123,5.107365373167379,4.958027207692777,5.107365373167379,460800
2002-10-10,5.193979740142822,5.193979740142823,4.93711855574248,4.9968534631864,1220400
2002-10-11,5.403053283691406,5.459801929395329,5.235794747052169,5.235794747052169,114600
2002-10-14,5.394094467163086,5.412015457487676,5.361240457594473,5.397081298883851,115400
2002-10-15,5.6778364181518555,5.6778364181518555,5.480710109656721,5.480710109656721,2051600
2002-10-16,5.53745698928833,5.686795088421073,5.525509667911484,5.668874106355804,245600
2002-10-17,5.695754051208496,5.734582269469021,5.668873152314146,5.704714540733127,1878000
2002-10-18,5.659917831420898,5.698745511551213,5.579275069211776,5.6599178314208975,74200
2002-10-21,5.854056358337402,5.854056358337402,5.603168188002949,5.630049104087348,121400
2002-10-22,5.716662406921387,5.809252441054053,5.701728824476585,5.809252441054053,1360800
2002-10-23,5.707704544067383,5.788346715908065,5.609141383213339,5.7345854579075635,115600
2002-10-24,5.519534111022949,5.719647117900485,5.519534111022948,5.710687199625611,1335800
2002-10-25,5.68082332611084,5.68082332611084,5.483697014955685,5.489670107960516,113400
2002-10-28,5.594205379486084,5.680821755425688,5.582258627099739,5.67484809439268,120800
2002-10-29,5.567325115203857,5.594206023266172,5.465775144675054,5.570311946064085,1003600
2002-10-30,5.564339637756348,5.60615471029047,5.498631051888262,5.570313300929776,142800
2002-10-31,5.585246562957764,5.636021552427554,5.537458404595584,5.597193317708418,227200
2002-11-01,5.704716682434082,5.710690344359839,5.531484474345413,5.531484474345413,113800
2002-11-04,5.686797618865967,5.80328120572353,5.6748502921729385,5.749519374964688,179000
2002-11-05,5.734584808349609,5.737571069833722,5.659915738291306,5.674849324431048,50600
2002-11-06,5.8839216232299805,5.910802527970965,5.710689442499009,5.719649364292893,129400
2002-11-07,5.761466979980469,5.851069655787104,5.734586063302495,5.851069655787104,60200
2002-11-08,5.674848556518555,5.848080752825091,5.639007157081467,5.737570293433811,77800
2002-11-11,5.51057767868042,5.659915820978753,5.480709936284793,5.659915820978753,135600
2002-11-12,5.585246562957764,5.656928800501035,5.495643338768837,5.495643338768837,35800
2002-11-13,5.579273223876953,5.656929128133035,5.513564075063444,5.540444986909003,169400
2002-11-14,5.749520301818848,5.764453892912617,5.630049864028738,5.630049864028738,78400
2002-11-15,5.764454364776611,5.806269448686017,5.725626682946482,5.734587180144217,117000
2002-11-18,5.698744773864746,5.803281611009757,5.683811184135429,5.800294779127907,106600
2002-11-19,5.698744773864746,5.767440198107493,5.656930266878715,5.6808243522535795,107600
2002-11-20,5.761466979980469,5.761466979980469,5.650956481451029,5.674850566311459,261400
2002-11-21,5.994436740875244,5.994436740875244,5.761469455795473,5.764455719216353,212600
2002-11-22,5.922749042510986,6.045206239335619,5.913788551397119,5.973524019463613,177200
2002-11-25,5.979500770568848,6.003394856208606,5.8839244280098155,5.910805345564535,241800
2002-11-26,5.922749042510986,5.958590437286811,5.854053653010269,5.958590437286811,477000
2002-11-27,6.119875907897949,6.11987590789795,5.928723302259579,5.940670055272126,242200
2002-11-29,6.257267475128174,6.272201059302244,6.137796523016736,6.137796523016736,76600
2002-12-02,6.140786170959473,6.317005279519145,6.075077572897215,6.317005279519145,226600
2002-12-03,6.0691022872924805,6.122864112108548,6.054168700256831,6.122864112108548,134200
2002-12-04,6.036245822906494,6.087020800487345,5.949630019786014,6.027285901361411,455400
2002-12-05,5.988457202911377,6.027285425473194,5.946642719856748,6.027285425473194,60800
2002-12-06,6.0243000984191895,6.048194176080714,5.892882386440934,5.928723787773094,171400
2002-12-09,5.886907577514648,5.997418021215572,5.886907577514648,5.973523948209918,54600
2002-12-10,5.9287261962890625,5.9287261962890625,5.854057102052877,5.9287261962890625,94000
2002-12-11,5.994436740875244,6.009370906380463,5.871979432133271,5.922754455490686,503200
2002-12-12,5.937685966491699,6.0123550587596934,5.937685966491699,6.006381964335026,63600
2002-12-13,5.9018425941467285,5.955604408708507,5.87496168686584,5.9376834240681005,302400
2002-12-16,6.095980167388916,6.110913746996184,5.886906634809881,5.886906634809881,187200
2002-12-17,6.051178455352783,6.14078106638016,6.051178455352784,6.113900169136046,521800
2002-12-18,5.988457202911377,6.015338104783525,5.937682229339497,5.991444033083794,584800
2002-12-19,5.913790702819824,6.015340693668717,5.895870283752329,5.943658447718884,1319600
2002-12-20,6.015806674957275,6.024835105824799,5.949599903925885,5.9736751455735755,178200
2002-12-23,5.985713481903076,6.024836114882348,5.9646477136830685,6.018817159962593,76400
2002-12-24,5.988722801208496,6.0097885688721835,5.970666510925209,6.003770188110501,431200
2002-12-26,5.994744777679443,6.063961070320463,5.961641083807909,5.964650562705267,293000
2002-12-27,5.9285359382629395,5.982704817908647,5.9044606893095555,5.961639046824336,178200
2002-12-30,5.946591377258301,5.961638190443008,5.877375118210044,5.946591377258301,1189200
2002-12-31,5.970668315887451,5.991734089919425,5.88339516747008,5.952612020145658,639000
2003-01-02,6.127155303955078,6.130164781047282,5.973675416247075,6.030854333000817,633800
2003-01-03,6.094054698944092,6.11512047519931,6.060951008257689,6.109101517983718,125000
2003-01-06,6.211420059204102,6.25054269806493,6.136184833393978,6.136184833393978,597000
2003-01-07,6.1903533935546875,6.241513362674939,6.163268670255782,6.241513362674939,617000
2003-01-08,6.030858039855957,6.1692906271902626,6.021829603030035,6.1692906271902626,318400
2003-01-09,6.124148368835449,6.1422046648843,6.063959950006877,6.075997863372312,130400
2003-01-10,6.1903533935546875,6.199381825987369,6.072986641925522,6.072986641925522,74000
2003-01-13,6.163270473480225,6.235496232075778,6.142204698973102,6.22947784935896,311400
2003-01-14,6.193361759185791,6.193361759185791,6.142201799249893,6.142201799249893,146800
2003-01-15,6.091044902801514,6.16026118517442,6.057941213840853,6.16026118517442,53600
2003-01-16,6.124148368835449,6.16327043927451,6.079007341713671,6.079007341713671,117600
2003-01-17,6.075998306274414,6.145214591173192,6.066969870592222,6.085026167957263,148800
2003-01-21,5.943583011627197,6.0850250336186,5.9375640556277585,6.0850250336186,185000
2003-01-22,5.871356010437012,5.967656989909212,5.868346533078616,5.940572267682767,88400
2003-01-23,5.958630561828613,5.988724771534678,5.901452194786327,5.901452194786327,51200
2003-01-24,5.826216697692871,5.967658730804481,5.802141445801549,5.937564522440507,327400
2003-01-27,5.645651817321777,5.775056506807181,5.645651817321777,5.7329243870217,416000
2003-01-28,5.693802833557129,5.726906521949683,5.642642848768324,5.642642848768324,151200
2003-01-29,5.738941669464111,5.766026390712689,5.603518637220317,5.714866425465275,304600
2003-01-30,5.612546920776367,5.71486685903388,5.597500107385201,5.678754277295427,2922400
2003-01-31,5.672738075256348,5.714869632396901,5.597502823791408,5.618568602361685,1521000
2003-02-03,5.687783718109131,5.7269063622089575,5.6546806046392355,5.6546806046392355,59200
2003-02-04,5.663707733154297,5.67273616693269,5.594491462850951,5.6275951460391695,604200
2003-02-05,5.648660659790039,5.750980608613027,5.642641704212406,5.663707474734927,41600
2003-02-06,5.58245325088501,5.657688472993968,5.561387480534372,5.633613224879069,398600
2003-02-07,5.5553669929504395,5.639630625114013,5.543329659212234,5.639630625114013,189800
2003-02-10,5.58245325088501,5.606528498999909,5.52527489536162,5.552359621240781,159600
2003-02-11,5.519257068634033,5.618567559168917,5.5072191551149885,5.618567559168917,32800
2003-02-12,5.507217884063721,5.549349997657089,5.4921710696369885,5.537312086916361,339200
2003-02-13,5.522268295288086,5.5493530352812845,5.477127253299252,5.522268295288086,385000
2003-02-14,5.525278568267822,5.588475921329915,5.438005377087324,5.53129695379785,406200
2003-02-18,5.648660659790039,5.6757453858901945,5.597500685378546,5.597500685378546,163800
2003-02-19,5.597501277923584,5.687783325148457,5.555369158419286,5.648661257750814,98600
2003-02-20,5.540323257446289,5.615558500566417,5.5162480026078216,5.609539543356962,371400
2003-02-21,5.630605220794678,5.630605220794678,5.507219470162574,5.5312947245786095,136400
2003-02-24,5.492170810699463,5.630603333696131,5.492170810699463,5.630603333696131,101200
2003-02-25,5.4801344871521,5.4801344871521,5.362767698978943,5.447031372590036,100200
2003-02-26,5.504210472106934,5.555369884622514,5.486153601102142,5.513238333609998,1226600
2003-02-27,5.510228633880615,5.552360757200914,5.477125519699542,5.522266547400503,215200
2003-02-28,5.522268295288086,5.56740933727692,5.504211993292451,5.519258815955565,712600
2003-03-03,5.501200199127197,5.588472767049194,5.501200199127197,5.513237537392636,948800
2003-03-04,5.368786334991455,5.498191029090351,5.368786334991455,5.498191029090351,428800
2003-03-05,5.389852523803711,5.398880959203475,5.317626762603582,5.365777270070335,266600
2003-03-06,5.296560764312744,5.374805479151374,5.275494989932979,5.374805479151374,262600
2003-03-07,5.326653480529785,5.347719249004335,5.221324064157892,5.239380355136201,105000
2003-03-10,5.224335670471191,5.308598778705001,5.224335670471191,5.296561437814189,265000
2003-03-11,5.185212135314941,5.287532098405251,5.182202657106488,5.218315821608652,551000
2003-03-12,5.191230297088623,5.191230297088623,5.119004553139467,5.176183482348912,290000
2003-03-13,5.422955513000488,5.422955513000488,5.281512913323369,5.302579259870468,153400
2003-03-14,5.4530510902404785,5.513238944932239,5.395872140383818,5.450041611405981,940800
2003-03-17,5.636621952056885,5.636621952056885,5.422954225239576,5.438001038058021,538200
2003-03-18,5.747971534729004,5.772046784732089,5.657688916718009,5.687783122721674,5361200
2003-03-19,5.726904392242432,5.750979636484161,5.672734949198767,5.750979636484161,66200
2003-03-20,5.735935211181641,5.7449636476827575,5.639634184500638,5.678756835339417,86000
2003-03-21,5.9433135986328125,5.9433135986328125,5.743792433899116,5.78913804832027,137000
2003-03-24,5.710540771484375,5.849601359287158,5.695425753432345,5.840532002495353,124200
2003-03-25,5.716588020324707,5.783094918756759,5.698449880134344,5.698449880134344,153000
2003-03-26,5.701471328735352,5.740770717064302,5.668217600964071,5.722632582189472,1176200
2003-03-27,5.634963512420654,5.659147882905688,5.592641008222064,5.650079104349347,1113200
2003-03-28,5.64705753326416,5.64705753326416,5.583573182970613,5.622873156152579,143800
2003-03-31,5.556365013122559,5.586595624997849,5.49590436597294,5.547296233180646,535400
2003-04-01,5.616827487945557,5.616827487945557,5.489859351069671,5.577528087374943,1801600
2003-04-02,5.731700420379639,5.749839128877632,5.67728602468811,5.695424156585286,262800
2003-04-03,5.674264907836914,5.749841156764094,5.674264907836914,5.749841156764094,998600
2003-04-04,5.707517623901367,5.731701998623794,5.668218231202791,5.707517623901367,98800
2003-04-07,5.752861499786377,5.894944571628857,5.752861499786377,5.780068982398877,146400
2003-04-08,5.716588020324707,5.758910539635915,5.683334282808141,5.749841757841273,54800
2003-04-09,5.616827487945557,5.752864983384396,5.616827487945557,5.746818744342427,1260200
2003-04-10,5.637986183166504,5.6500786557493505,5.607755578310217,5.616824932747352,474800
2003-04-11,5.6258955001831055,5.722632995300121,5.6168261437905285,5.698448621520868,122800
2003-04-14,5.7377471923828125,5.740770310748135,5.628917814235571,5.628917814235571,75400
2003-04-15,5.837509632110596,5.837509632110596,5.701472722395334,5.731702762375801,1719400
2003-04-16,5.758906364440918,5.861690045336824,5.749837589221119,5.861690045336824,720400
2003-04-17,5.840534210205078,5.843557330278413,5.755889154556492,5.789142322160781,1034200
2003-04-21,5.83146333694458,5.879832087583124,5.819370860984448,5.867739611622993,4068000
2003-04-22,5.952386379241943,5.952386379241943,5.7982107401628245,5.804256979326971,451000
2003-04-23,5.997730731964111,6.018891987893868,5.91913136951003,5.955408220104598,887000
2003-04-24,5.964478492736816,6.046100994547476,5.952386590580305,5.982617210873267,1102800
2003-04-25,5.873783588409424,5.970521052446099,5.834483633269045,5.970521052446099,277400
2003-04-28,5.9765706062316895,5.9977318661631385,5.85867125195476,5.85867125195476,798200
2003-04-29,6.027960777282715,6.0521451498689665,5.961453320219829,6.00679952334486,843400
2003-04-30,6.058191776275635,6.103537405712232,5.99168431494106,6.030984283293483,108000
2003-05-01,6.015867233276367,6.040051601563476,5.9372678921930575,6.040051601563476,138200
2003-05-02,6.094468593597412,6.097491712710032,6.024938583810184,6.027961702922804,778200
2003-05-05,6.079355239868164,6.115631525954237,6.0551708569437235,6.079355239868163,149000
2003-05-06,6.11865234375,6.1488829551815645,6.076329833706382,6.097491088728191,191800
2003-05-07,6.076331615447998,6.118654137901702,6.046100995152013,6.106562235743982,655200
2003-05-08,6.015867233276367,6.088420338137694,6.009820997054384,6.040051601563476,181000
2003-05-09,6.127720832824707,6.130743951200059,6.018890877715557,6.061213381768728,49400
2003-05-12,6.215392112731934,6.224461472459394,6.085400839644156,6.130747061680294,99000
2003-05-13,6.173069000244141,6.209345859103458,6.1458615002499295,6.197253380616648,167200
2003-05-14,6.136789798736572,6.185158541017382,6.094467293391085,6.185158541017382,91600
2003-05-15,6.173069000244141,6.176092119865842,6.115630880634017,6.157953978736739,163400
2003-05-16,6.145859718322754,6.179113447918802,6.106560327837288,6.145859718322754,475000
2003-05-19,6.0309858322143555,6.130746473236496,6.018893353738406,6.130746473236496,177200
2003-05-20,6.012845516204834,6.076329858126351,5.958430530729522,6.052145484204096,866000
2003-05-21,6.0521464347839355,6.07330769321448,5.985638963601027,6.021915818482709,925000
2003-05-22,6.1035380363464355,6.1156299363651145,6.024938668121449,6.076330540553132,5169200
2003-05-23,6.112606525421143,6.1186527634423715,6.070284012474526,6.106560864000907,421600
2003-05-27,6.221433639526367,6.23654865102065,6.094465582531923,6.1186499468832105,255600
2003-05-28,6.203298568725586,6.242597963946304,6.173067954232179,6.227482945000108,523400
2003-05-29,6.151906967163086,6.24259823802404,6.133768828311102,6.209345079562244,367000
2003-05-30,6.245619773864746,6.254689129291976,6.157951644471754,6.167020423298092,1305400
2003-06-02,6.306079864501953,6.384679201038118,6.275849261741768,6.287941156885369,329400
2003-06-03,6.309103012084961,6.330264261136293,6.272826173282114,6.303056776184355,466800
2003-06-04,6.414912223815918,6.4300278205574015,6.297013452237635,6.297013452237635,485800
2003-06-05,6.430027008056641,6.442118907320832,6.375612019865314,6.427003889090346,327000
2003-06-06,6.417933940887451,6.514671432492204,6.396772686674028,6.469325805377593,1101000
2003-06-09,6.309103012084961,6.390724890339983,6.306079894134658,6.384679231040168,214000
2003-06-10,6.354450225830078,6.3816577176227645,6.32421961532699,6.32421961532699,26800
2003-06-11,6.414912223815918,6.420958462512512,6.357474686001454,6.390727845630602,50000
2003-06-12,6.469327449798584,6.469327449798585,6.399797432109136,6.469327449798585,81600
2003-06-13,6.38468074798584,6.469325764302098,6.366542035974417,6.454210747560174,48600
2003-06-16,6.514668941497803,6.514668941497803,6.3877008881647255,6.3937471232283745,661400
2003-06-17,6.538852691650391,6.550945160643126,6.4783920764886895,6.526760799258313,2384800
2003-06-18,6.472351551055908,6.5418815792924745,6.463282191311552,6.5418815792924745,54600
2003-06-19,6.4421162605285645,6.5207155915561295,6.439093142804341,6.499554344087313,75600
2003-06-20,6.41141414642334,6.472214891398589,6.402293860725389,6.450934224770037,603400
2003-06-23,6.292858123779297,6.405338833851023,6.262457728140691,6.399258638755438,494400
2003-06-24,6.308055400848389,6.338455783808244,6.2806951141684255,6.295895015728815,1461200
2003-06-25,6.265495300292969,6.350615677964924,6.2533349150032125,6.317175778096264,133200
2003-06-26,6.3597331047058105,6.368853389568502,6.256372195617263,6.286772565320745,1660200
2003-06-27,6.305011749267578,6.377972279326445,6.27461138345003,6.377972279326445,109600
2003-06-30,6.301973342895508,6.332373716856809,6.24421327019183,6.277653159694247,195000
2003-07-01,6.286774158477783,6.2989339615373465,6.186453318920753,6.280693967028515,79000
2003-07-02,6.3658127784729,6.371892388049601,6.283731960880272,6.317172422826626,106600
2003-07-03,6.32021427154541,6.356694258484799,6.280693609215646,6.332374073912227,57400
2003-07-07,6.405333042144775,6.414453326541586,6.301972138336104,6.301972138336104,1091000
2003-07-08,6.396213054656982,6.4022926641471365,6.356692403857754,6.399252569482676,93000
2003-07-09,6.374933242797852,6.396213908289178,6.323252786282325,6.396213908289178,91000
2003-07-10,6.265495300292969,6.332375679869374,6.2320548205852235,6.332375679869374,117400
2003-07-11,6.305011749267578,6.326291831388238,6.286771761712549,6.311091938398838,101200
2003-07-14,6.329333305358887,6.37797366933207,6.308053218600478,6.362773773030028,137600
2003-07-15,6.2837347984313965,6.368855749169899,6.265494801787089,6.368855749169899,71800
2003-07-16,6.256370544433594,6.314131173642122,6.2229300886014975,6.295890608730794,90600
2003-07-17,6.244210720062256,6.286770878323209,6.207730170239534,6.207730170239534,234800
2003-07-18,6.384052753448486,6.384052753448486,6.292852231763304,6.298931841327214,448400
2003-07-21,6.3597331047058105,6.396213664317755,6.332372829956558,6.3840532845008315,1735200
2003-07-22,6.490455150604248,6.490455150604248,6.344534052452914,6.390134323145343,467800
2003-07-23,6.505655288696289,6.50869538416699,6.42965464144554,6.499575097754888,369200
2003-07-24,6.581655979156494,6.666776913378175,6.536055706474458,6.542135897455776,566200
2003-07-25,6.733656406402588,6.733656406402588,6.56645523484812,6.602935216354365,1251200
2003-07-28,6.733656406402588,6.76405677755036,6.678935854304369,6.754936492254373,974800
2003-07-29,6.71541690826416,6.757977083089765,6.618136177326266,6.757977083089765,1085200
2003-07-30,6.718456268310547,6.733656163416514,6.6880558982597815,6.733656163416514,678800
2003-07-31,6.797496318817139,6.870456851740265,6.736695584795147,6.764055857121166,2090800
2003-08-01,6.727578163146973,6.803578823091348,6.691098171083523,6.7944591149949956,282600
2003-08-04,6.742774963378906,6.767095138095564,6.633333887234592,6.727574491781805,2378000
2003-08-05,6.618139266967773,6.7488605276316465,6.618139266967773,6.7488605276316465,1657000
2003-08-06,6.6059722900390625,6.666773004525812,6.569492325217882,6.612052477455455,1493800
2003-08-07,6.612056255340576,6.63333634361802,6.53909570417266,6.621176541676159,1936600
2003-08-08,6.678938865661621,6.6880591550697055,6.612058482853005,6.648539060646231,368400
2003-08-11,6.712374687194824,6.736694862227321,6.657654148412029,6.700214889597931,372800
2003-08-12,6.748859882354736,6.751899398965879,6.675898727226925,6.7214995941415845,1075200
2003-08-13,6.742774963378906,6.773175326734404,6.718454788662248,6.773175326734404,620200
2003-08-14,6.8522162437438965,6.870456230365331,6.733654881107768,6.733654881107768,2138600
2003-08-15,6.824857711791992,6.885657875958661,6.7792568638684045,6.885657875958661,332800
2003-08-18,6.916056156158447,6.931256047643099,6.837015444793137,6.876536090395138,2265600
2003-08-19,6.98901891708374,6.98901891708374,6.916058370883655,6.934298362473957,1825600
2003-08-20,6.9768571853637695,7.004217455097645,6.9494969156298945,6.9768571853637695,588600
2003-08-21,7.019419193267822,7.083259452876952,6.992058916338519,6.992058916338519,974600
2003-08-22,6.9038987159729,7.03461992576814,6.9038987159729,7.007259645585929,827600
2003-08-25,6.87045955657959,6.885659456149768,6.812698894502713,6.876539748343262,2528400
2003-08-26,6.87957763671875,6.885657827043885,6.764056919735514,6.8552574552570755,2135800
2003-08-27,6.9038987159729,6.9190991937624275,6.84917873544742,6.879578531348596,789600
2003-08-28,6.9768571853637695,6.99509717190678,6.849176119885258,6.925176740292974,509000
2003-08-29,6.9859771728515625,6.995097456413369,6.943417009240612,6.9586169020048825,2826200
2003-09-02,7.06805944442749,7.0802198250201265,6.952538727991754,7.022459176882828,2562800
2003-09-03,7.071102142333984,7.095422332632264,7.037661663234196,7.095422332632264,891200
2003-09-04,7.007260799407959,7.034621084095339,6.973820902442633,7.031580988036849,2154200
2003-09-05,6.979901313781738,7.004222085033911,6.931260930955594,6.979901313781737,3777400
2003-09-08,7.04069709777832,7.074137554736813,6.964696480937157,7.001177032149939,2844000
2003-09-09,7.013340473175049,7.05590065517026,6.992060382177443,7.007260281507449,875800
2003-09-10,6.87957763671875,7.016379019839958,6.861337645582211,7.016379019839958,790200
2003-09-11,6.9008588790893555,6.928219157998223,6.864378313931227,6.900858879089355,1751800
2003-09-12,7.010298252105713,7.037658526476402,6.870457365178915,6.925177913920294,655600
2003-09-15,6.982934474945068,7.049815369786223,6.9646944944604465,7.049815369786223,947800
2003-09-16,7.019419193267822,7.0346190894112715,6.964698639409215,6.9829386307491275,419400
2003-09-17,6.916056156158447,6.9920567732590895,6.916056156158447,6.9920567732590895,2588400
2003-09-18,6.967739105224609,6.982939002176551,6.916058643813546,6.940378826839994,345800
2003-09-19,6.998300552368164,7.001356648808049,6.937180372242848,7.001356648808049,728800
2003-09-22,6.88522481918335,6.937177269644478,6.8577205464162505,6.921896794279125,511800
2003-09-23,6.906620979309082,6.918844783927472,6.836332499803419,6.860780691931079,4627000
2003-09-24,6.799658298492432,6.928011422273985,6.772154016047046,6.928011422273985,4799000
2003-09-25,6.689641952514648,6.799659095186546,6.689641952514649,6.799659095186546,3858000
2003-09-26,6.671302318572998,6.701862684083248,6.656022427263119,6.662134034052777,4056600
2003-09-29,6.775210857391357,6.778266953875952,6.671305908478373,6.723258382934865,1554400
2003-09-30,6.671302318572998,6.741590751223229,6.631574251433018,6.741590751223229,2812200
2003-10-01,6.7843804359436035,6.790492047183253,6.695755369723158,6.7110352721586555,1518800
2003-10-02,6.8332719802856445,6.845495776992532,6.778263437878401,6.787431139685941,438600
2003-10-03,6.915786266326904,6.979963112505077,6.88522647403229,6.921898457942096,4892200
2003-10-06,6.912731647491455,6.940235347535756,6.87911517215067,6.891338974071387,262800
2003-10-07,6.943289756774902,6.94634585223525,6.857721415447587,6.906617777031941,282400
2003-10-08,6.967741012573242,7.013581881818366,6.952461111418778,6.970797109382308,1440400
2003-10-09,6.995243549346924,7.050252112354173,6.9677392678433,7.028860022938181,5190200
2003-10-10,6.973852157592773,7.028860726103061,6.96773996489368,7.0135808272461055,407400
2003-10-13,7.047194957733154,7.068587043935787,7.0135790720821465,7.025802871530522,263600
2003-10-14,7.0930352210998535,7.0930352210998535,7.028858962533787,7.083867517242204,486600
2003-10-15,7.0869245529174805,7.126652634982095,7.0441397919740005,7.126652634982095,1135800
2003-10-16,7.111375331878662,7.163327816846101,7.050254555602527,7.077758846637696,696200
2003-10-17,7.044142246246338,7.141935603267713,7.028862343872545,7.141935603267713,701200
2003-10-20,7.07164192199707,7.089978492348578,7.038026042133702,7.056362029594679,738400
2003-10-21,7.089980125427246,7.117484404399206,7.068587455089649,7.074699646614676,364600
2003-10-22,6.970791816711426,7.044136335768563,6.952455832669747,7.044136335768563,515000
2003-10-23,7.001355171203613,7.02580335467222,6.95857099585622,6.961627091651129,480600
2003-10-24,6.989130973815918,7.007466964652917,6.9371785140355575,7.007466964652917,163600
2003-10-27,7.038028240203857,7.062476425417497,6.983019677750488,6.983019677750488,395600
2003-10-28,7.099146842956543,7.111371224307262,7.028858398861667,7.074698663145691,517600
2003-10-29,7.193885803222656,7.203053508579687,7.07164429148212,7.0747003875647065,1300200
2003-10-30,7.319182395935059,7.352798285076931,7.258061643674157,7.27639763619615,1087000
2003-10-31,7.3069586753845215,7.361967240832856,7.279454392660354,7.325294669570384,1235600
2003-11-03,7.322238922119141,7.426143865605506,7.276398643025926,7.3069590233849935,1564600
2003-11-04,7.31001091003418,7.337515178229155,7.276394452709112,7.319179193729317,261600
2003-11-05,7.282509803771973,7.319182371584645,7.2427817229580445,7.303901892124911,1159800
2003-11-06,7.3039021492004395,7.3039021492004395,7.230557593884276,7.270286258987226,1341600
2003-11-07,7.331404209136963,7.365020672056233,7.303899936364931,7.303899936364931,1354400
2003-11-10,7.227497577667236,7.334458548071356,7.2213853889834825,7.334458548071356,1388400
2003-11-11,7.209167003631592,7.251951190738575,7.203054810361785,7.233615193819987,2646400
2003-11-12,7.322238922119141,7.322238922119141,7.215278465198565,7.242782749232648,697600
2003-11-13,7.31612491607666,7.319181011400668,7.273340164431139,7.273340164431139,295800
2003-11-14,7.273342132568359,7.386415358591467,7.264174427006175,7.310014703489317,1435800
2003-11-17,7.22444486618042,7.26722962411032,7.160268603621573,7.258061336791627,1242400
2003-11-18,7.203054428100586,7.255006902355197,7.172494046264203,7.255006902355197,352600
2003-11-19,7.206106662750244,7.22444264886932,7.166378595677167,7.203050567915318,662000
2003-11-20,7.151098728179932,7.224443261769047,7.111370657736447,7.1786030011371675,358600
2003-11-21,7.169434070587158,7.196938341068939,7.148041989743659,7.1541541793819405,1162800
2003-11-24,7.2641754150390625,7.267231511605711,7.203054649487739,7.206110746054387,642000
2003-11-25,7.368077754974365,7.383357649500512,7.264172840102852,7.264172840102852,1296800
2003-11-26,7.4566969871521,7.465865267202078,7.407800659332627,7.4261366365423775,573400
2003-11-28,7.471982002258301,7.487261895419259,7.456701526206782,7.456701526206782,155000
2003-12-01,7.695074081420898,7.695074081420898,7.51782458475512,7.51782458475512,1423800
2003-12-02,7.685904026031494,7.7072961112971345,7.6492320464019965,7.685904026031493,4871600
2003-12-03,7.750080585479736,7.792864754469482,7.692015939786089,7.722576310303302,1117600
2003-12-04,7.802034378051758,7.811202082755198,7.728689825970803,7.750081914133079,766200
2003-12-05,7.731744289398193,7.792865032614154,7.716464395039506,7.792865032614154,1040800
2003-12-08,7.8600969314575195,7.8600969314575195,7.731743844403747,7.7500804160475525,1010400
2003-12-09,7.847872734069824,7.9242733633611735,7.847872734069824,7.908992887768577,4437200
2003-12-10,7.756192684173584,7.869265887376696,7.731744502790563,7.84787380152788,1190400
2003-12-11,7.8325958251953125,7.84787630774616,7.725635361793425,7.756195161113502,849200
2003-12-12,7.899828910827637,7.912052714175861,7.84176424197382,7.87843681780013,5479200
2003-12-15,7.890659809112549,7.991508653642921,7.863155525796015,7.991508653642921,1612200
2003-12-16,7.890659809112549,7.908995803693319,7.814259151653457,7.9059402903388225,999600
2003-12-17,7.936497211456299,7.942609401732238,7.832592308327522,7.832592308327522,568800
2003-12-18,8.003731727600098,8.025123814922065,7.915106699676905,7.930387178400212,1762200
2003-12-19,8.007728576660156,8.053838808541249,7.970841094734427,8.047690699448308,1027200
2003-12-22,8.087653160095215,8.096875324788439,8.02924787598619,8.05076567395436,837800
2003-12-23,8.106099128723145,8.124542875523327,8.05076730200646,8.121468820003939,2492000
2003-12-24,8.075355529785156,8.099947376569505,8.053837737138336,8.053837737138336,640200
2003-12-26,8.139910697937012,8.146058807564222,8.090726993551337,8.099949157992153,280800
2003-12-29,8.26901626586914,8.281312482442967,8.146057031710274,8.192166671230366,742800
2003-12-30,8.21983528137207,8.299758956496259,8.17987373696801,8.284389267029177,2005800
2003-12-31,8.204461097717285,8.24749667370422,8.170647095832837,8.238274513285985,754200
2004-01-02,8.164499282836914,8.269014759410165,8.146055547652155,8.253645077808828,2370200
2004-01-05,8.33049488067627,8.33049488067627,8.238275029660823,8.238275029660823,2552000
2004-01-06,8.256718635559082,8.324346051385879,8.189090633416551,8.324346051385879,2209000
2004-01-07,8.213685989379883,8.25364811435078,8.109170474355059,8.25364811435078,5921200
2004-01-08,8.30590534210205,8.308979396620359,8.238277315331162,8.244425424367778,2503800
2004-01-09,8.161429405212402,8.235205556332025,8.130690026281307,8.222909335706731,3368800
2004-01-12,8.146056175231934,8.161425858017367,8.093798432919323,8.161425858017367,2862800
2004-01-13,8.041543006896973,8.164502263545126,8.007728991450236,8.161428208839423,2041200
2004-01-14,8.075355529785156,8.09072521415692,8.023097782078931,8.081503638060212,1751000
2004-01-15,8.013876914978027,8.115318372649295,7.970841322728391,8.115318372649295,1980800
2004-01-16,8.01080322265625,8.044617238848003,7.976989792780494,8.041543184074571,1602200
2004-01-20,8.041543006896973,8.069208912932305,8.01387710086164,8.05383922571978,1321600
2004-01-21,8.047694206237793,8.093803871895256,7.964696456264631,8.01695423369408,757400
2004-01-22,7.964692115783691,8.047689820525981,7.943174322624406,8.047689820525981,988000
2004-01-23,7.810992240905762,7.973913581949548,7.792548503568149,7.955469258296096,2175000
2004-01-26,7.884766101837158,7.884766101837158,7.801768421972962,7.80791652855158,1185000
2004-01-27,7.863251686096191,7.91243538717871,7.857103576881885,7.88784353663745,865200
2004-01-28,7.798696994781494,7.976988027984179,7.771031094257296,7.854028209514023,3435800
2004-01-29,7.749512195587158,7.884767635038743,7.688032876793405,7.83865799936447,2398600
2004-01-30,7.841733455657959,7.847881564531603,7.731069841196091,7.740292004506558,2017600
2004-02-02,7.804844856262207,7.854028551264038,7.771031432395882,7.854028551264038,1158200
2004-02-03,7.761807441711426,7.820213285639251,7.749511227698935,7.783325229917531,534600
2004-02-04,7.709551811218262,7.761809562417871,7.663442168704705,7.740291768332605,1136600
2004-02-05,7.807919502258301,7.838659460543226,7.678812146514362,7.678812146514362,1555000
2004-02-06,7.964692115783691,7.96776616999443,7.810992923142067,7.810992923142067,1038200
2004-02-09,7.970839977264404,8.01387556224971,7.949322184771752,7.992357769757057,674600
2004-02-10,8.013876914978027,8.038468765737246,7.955471049556398,7.976989431997188,3146600
2004-02-11,8.210613250732422,8.216761361146645,8.016952463213054,8.016952463213054,3268400
2004-02-12,8.186020851135254,8.235205144862883,8.173725217440378,8.20753923615436,1051000
2004-02-13,8.121467590332031,8.22905717195587,8.090727626108642,8.173725353616978,772800
2004-02-17,8.207540512084961,8.222910203171914,8.173726488114307,8.182948654556158,1154000
2004-02-18,8.17371940612793,8.247494914792748,8.149127569906323,8.219829025753988,1859400
2004-02-19,8.225980758666992,8.318200038583566,8.192166749083503,8.216758596148981,1555800
2004-02-20,8.155282974243164,8.247502296028458,8.069211177278381,8.244428240460127,2577600
2004-02-23,8.158352851867676,8.198314381159113,8.133760419914978,8.17679658951635,1861800
2004-02-24,8.195241928100586,8.2597959019553,8.130688540561835,8.130688540561835,3263000
2004-02-25,8.207540512084961,8.229058314133148,8.164504321672457,8.176800543594924,2095600
2004-02-26,8.207540512084961,8.219836147691296,8.146060575104887,8.186022123720642,1233200
2004-02-27,8.250574111938477,8.293609705580574,8.20753851829638,8.222908205649702,3237200
2004-03-01,8.38582706451416,8.404270801049782,8.290533155395861,8.290533155395861,3704000
2004-03-02,8.281314849853516,8.388904430368015,8.269018629764524,8.388904430368015,2051600
2004-03-03,8.232129096984863,8.272090629714175,8.173723238704271,8.269016575455627,3442800
2004-03-04,8.278238296508789,8.287459872476472,8.20138870309347,8.244424287784971,2624000
2004-03-05,8.275161743164062,8.318197314858033,8.23212617147009,8.262865530499676,1316400
2004-03-08,8.186020851135254,8.281314797271742,8.179873327445836,8.238278613549571,754000
2004-03-09,8.063056945800781,8.170646463760864,8.01694731990809,8.167572410525924,3202200
2004-03-10,7.838657379150391,8.047688336404926,7.792547747124427,8.03846617547342,8127800
2004-03-11,7.76795768737793,7.933952518037679,7.7587355243295315,7.807919221289154,6801000
2004-03-12,7.893990993499756,7.903212570243187,7.804845176207139,7.8693991449907434,10829400
2004-03-15,7.7034010887146,7.863248342419165,7.694179515130381,7.838656502335056,4266400
2004-03-16,7.777182102203369,7.835587983525192,7.700332474370071,7.7802561576746365,3825800
2004-03-17,7.875545501708984,7.9093589194393195,7.780251596909147,7.780251596909147,3426600
2004-03-18,7.872472763061523,7.900138664390443,7.814066906220929,7.8939905560249315,877800
2004-03-19,7.872162342071533,7.958533651110295,7.865992794751502,7.896839942991238,1196200
2004-03-22,7.699422359466553,7.844403851469467,7.653151908377398,7.844403851469467,3274000
2004-03-23,7.739522457122803,7.828978568031235,7.714844848421104,7.758030516558926,2827000
2004-03-24,7.70559024810791,7.770369336351489,7.6778278657693155,7.745691728535026,1398800
2004-03-25,7.906096458435059,7.921520332164101,7.751861251308377,7.785793185151646,3560200
2004-03-26,7.927689075469971,7.961620417502058,7.865994763548891,7.872164312413112,1634400
2004-03-29,8.041821479797363,8.085007138102409,7.943111067465562,7.943111067465562,2495200
2004-03-30,8.100430488586426,8.115853768889595,8.014058589151565,8.0603290184215,808200
2004-03-31,8.060328483581543,8.128192324477437,8.032566698550049,8.081921898277757,500800
2004-04-01,8.11894416809082,8.171384181160924,8.078843258501134,8.112774616350611,2291800
2004-04-02,8.254667282104492,8.267005791121882,8.17446491422954,8.251582507760007,1513000
2004-04-05,8.226903915405273,8.254666292817882,8.17754870852963,8.254666292817882,2152800
2004-04-06,8.267008781433105,8.279347883274296,8.199145486388836,8.211484588230027,2394400
2004-04-07,8.171380996704102,8.236160088009662,8.140533838385293,8.21765144000201,2846000
2004-04-08,8.125109672546387,8.214565774776142,8.075754459931236,8.186803982495597,2775800
2004-04-12,8.217655181884766,8.229994286175105,8.149791873370535,8.149791873370535,1002200
2004-04-13,8.038739204406738,8.22999112901342,8.023315918321321,8.226906354124207,4934000
2004-04-14,8.066502571105957,8.143620187633472,7.958537790295291,7.958537790295291,3329600
2004-04-15,8.112770080566406,8.137447685369356,8.038737266157554,8.097346798199752,2006800
2004-04-16,8.183722496032715,8.199145785536166,8.097350545075363,8.097350545075363,699600
2004-04-19,8.171380996704102,8.211482479026735,8.128195328074135,8.199143380354968,1699600
2004-04-20,8.001723289489746,8.202228955591194,8.001723289489746,8.186805669106723,1745800
2004-04-21,7.924604892730713,7.961621011958728,7.853656252215902,7.9585362372962924,4428400
2004-04-22,8.189888954162598,8.1960585034215,7.94311286741247,7.952367191300825,2909400
2004-04-23,8.128191947937012,8.205309517484118,8.023312006284119,8.205309517484118,1798800
2004-04-26,8.088094711303711,8.19297470779509,8.075756199672139,8.125111422919767,794200
2004-04-27,8.103520393371582,8.143621300567494,8.069588449186792,8.094266066313693,1617200
2004-04-28,7.828978061676025,8.029484281314852,7.819724326736769,8.029484281314852,4795000
2004-04-29,7.733353614807129,8.162127325831014,7.653151232104702,7.84131838338196,4639600
2004-04-30,7.687081336975098,7.773453248935902,7.668573280255109,7.7271822245951585,1908600
2004-05-03,7.711761474609375,7.733354312600567,7.625389534283895,7.702507149029988,2319000
2004-05-04,7.785792350769043,7.856740397237455,7.730267588016178,7.742606685677064,3895400
2004-05-05,7.75802755355835,7.804297978657033,7.742604274645582,7.8012137935627806,618800
2004-05-06,7.680911540985107,7.708673919350298,7.597624405889534,7.671657807103707,1477200
2004-05-07,7.406375408172607,7.668575402435077,7.406375408172607,7.6284739153569285,3040000
2004-05-10,7.394036293029785,7.4526458418308295,7.276817783788371,7.326173007506933,6981600
2004-05-11,7.486573696136475,7.486573696136475,7.409456127585486,7.412540900930768,4395000
2004-05-12,7.47423791885376,7.480407468281571,7.316917938608276,7.480407468281571,7611400
2004-05-13,7.532845497131348,7.554438326136663,7.434135085472502,7.480405517392528,1459000
2004-05-14,7.505083084106445,7.557523063592321,7.474235933521732,7.551353515803286,4896400
2004-05-17,7.36318826675415,7.461898694716174,7.338510659763644,7.372442001650239,16885200
2004-05-18,7.49891471862793,7.508169041770557,7.390949968739483,7.418712349806814,3107000
2004-05-19,7.514340877532959,7.699422689831011,7.486578488016105,7.588373720124326,2748200
2004-05-20,7.495831489562988,7.566780138228569,7.34776581891953,7.50817058963028,1348000
2004-05-21,7.576033115386963,7.66548981682437,7.542101770325028,7.594541763632326,1817400
2004-05-24,7.650069236755371,7.721017908852492,7.600713996907468,7.650069236755371,901000
2004-05-25,7.801216125488281,7.801216125488281,7.5976251351483475,7.640811388061935,1638600
2004-05-26,7.822805881500244,7.835144385794557,7.776534872405689,7.801213057714956,1113200
2004-05-27,7.896842002868652,7.936942894188265,7.865994846582489,7.865994846582489,632600
2004-05-28,7.903013706207275,7.906097893152148,7.8413193768167035,7.893759380290471,167000
2004-06-01,7.884504795074463,7.906097633142816,7.828980018121147,7.893759120686918,1239000
2004-06-02,7.899926662445068,7.915349946183564,7.807385194932405,7.893757113605445,2234600
2004-06-03,7.751860618591309,7.890672529019561,7.7456916579638335,7.890672529019561,1221600
2004-06-04,7.822805881500244,7.86599152907082,7.779619645569347,7.8042972425182935,777800
2004-06-07,7.98321533203125,7.989384882504368,7.865996814845599,7.865996814845599,774800
2004-06-08,7.989383697509766,7.995553247067809,7.930774153429618,7.943113252545704,1010400
2004-06-09,7.896842002868652,7.992467657831244,7.896842002868652,7.983213334437225,552000
2004-06-10,7.933858394622803,8.020230317544634,7.8968422764852955,7.943112718337473,526000
2004-06-14,7.822805881500244,7.92151626929603,7.81046678884561,7.92151626929603,716200
2004-06-15,7.903013706207275,7.946199383764239,7.865996990900786,7.912267443763351,1696200
2004-06-16,7.906096458435059,7.933858842786711,7.835148404363334,7.933858842786711,1266400
2004-06-17,7.936938285827637,7.936938285827637,7.887583099770708,7.924599783493519,212600
2004-06-18,8.045413970947266,8.070207802687179,7.9214477678351125,7.9214477678351125,2931400
2004-06-21,8.014421463012695,8.06090870716657,8.011322234586787,8.05780947874066,1630200
2004-06-22,8.042311668395996,8.045410304834022,7.943138159979936,8.011319983960803,711200
2004-06-23,8.141487121582031,8.16008190158811,8.04851203931684,8.067107410440316,1482200
2004-06-24,8.13529109954834,8.18177835903653,8.113597084528356,8.119795543424802,882800
2004-06-25,8.156986236572266,8.212771192078415,8.125994528944664,8.169383156070369,843000
2004-06-28,8.129088401794434,8.228261327954215,8.116692081583095,8.212765779910724,1906600
2004-06-29,8.2406587600708,8.243757988098816,8.122890459475462,8.13528737158752,1465800
2004-06-30,8.299545288085938,8.311941612632086,8.212768651793004,8.225165567456626,1715000
2004-07-01,8.15078353881836,8.29954353985946,8.098097840580696,8.29954353985946,5295400
2004-07-02,8.10119915008545,8.113596066322605,8.042315571311468,8.095001283084374,2448800
2004-07-06,8.039216041564941,8.104298076023268,8.026819125791462,8.08570329348053,2088600
2004-07-07,8.132189750671387,8.16008221731842,8.036116027285724,8.036116027285724,484600
2004-07-08,8.064007759094238,8.138387466335953,8.057809302378088,8.113594230588715,2839200
2004-07-09,8.095000267028809,8.11359504793309,8.051611656762251,8.095000267028809,249800
2004-07-12,8.10119915008545,8.129091620501548,8.042315571311468,8.113596066322605,1186800
2004-07-13,8.129088401794434,8.129088401794434,8.085700394378845,8.0949980778753,265600
2004-07-14,8.129088401794434,8.20346809641427,8.079501938714543,8.10739439808664,1540200
2004-07-15,8.144583702087402,8.187971705034155,8.129087564522699,8.13528601954858,1742200
2004-07-16,8.163180351257324,8.215866048845623,8.156981894807561,8.181775129489269,1180000
2004-07-19,8.12598991394043,8.172477744538764,8.091899586916924,8.172477744538764,623600
2004-07-20,8.113597869873047,8.132192657244664,8.039218129268942,8.119796329369464,2280400
2004-07-21,7.95863676071167,8.160081885205729,7.95863676071167,8.132189419693908,1917000
2004-07-22,7.924543857574463,7.961733999334351,7.828470162110856,7.91834540209494,3447400
2004-07-23,7.88425874710083,7.909051989435965,7.822275345704229,7.902853531072799,3235000
2004-07-26,7.816073894500732,7.9183460538619865,7.769586656812398,7.887354956147963,2093200
2004-07-27,7.949335098266602,7.961732006122093,7.772683299145559,7.778881753073304,2706600
2004-07-28,8.020624160766602,8.033021081938754,7.890459444047683,7.91215405609895,909200
2004-07-29,8.12598991394043,8.147684510741069,8.026816978749649,8.033015434978402,531200
2004-07-30,8.110492706298828,8.132186707546817,8.085699477570099,8.125988252585334,826600
2004-08-02,8.16008186340332,8.166280320415474,8.048512001654137,8.067107372690598,1721200
2004-08-03,8.079504013061523,8.150784498149893,8.045413089272555,8.150784498149893,1234200
2004-08-04,8.091902732849121,8.125993073126109,7.998927626623345,8.057811801454582,1591200
2004-08-05,7.9183526039123535,8.119798452393027,7.915253964471599,8.088806737925403,4079600
2004-08-06,7.775786876678467,7.915249212496707,7.747894409514819,7.850166592075717,3230400
2004-08-09,7.825374126434326,7.840869680336704,7.747895174687451,7.747895174687451,2473400
2004-08-10,7.9524383544921875,7.9524383544921875,7.84706694880039,7.856364634402866,3884200
2004-08-11,7.924543857574463,7.943138632895782,7.822271706631333,7.924543857574463,2692800
2004-08-12,7.816073894500732,7.909048960994698,7.80057834564372,7.909048960994698,3401200
2004-08-13,7.788182735443115,7.840868437927481,7.744794718497424,7.816075200941744,831000
2004-08-16,8.005126953125,8.008226182780279,7.809880213783343,7.809880213783343,3898200
2004-08-17,8.04850959777832,8.09189819278698,7.989626047101998,7.989626047101998,2206000
2004-08-18,8.119792938232422,8.119792938232422,7.983429841849874,8.042314000238287,497000
2004-08-19,8.132189750671387,8.150784531396935,8.088801731939297,8.116694198586332,568000
2004-08-20,8.197273254394531,8.228264361908662,8.12909139918148,8.12909139918148,2127600
2004-08-23,8.129088401794434,8.218964235575028,8.119791309415247,8.218964235575028,1264200
2004-08-24,8.15078353881836,8.191072915121053,8.107395525369936,8.135287988620309,1189600
2004-08-25,8.2406587600708,8.246857216126829,8.082601677345881,8.15078292061029,1168400
2004-08-26,8.284046173095703,8.296443084314165,8.20346802352749,8.20346802352749,1539600
2004-08-27,8.29334545135498,8.315039459041875,8.256155301665036,8.268552215267475,246000
2004-08-30,8.222068786621094,8.339836564902908,8.222068786621094,8.302646989073978,782200
2004-08-31,8.246862411499023,8.274754890205601,8.191077454085868,8.222069162772918,555600
2004-09-01,8.280951499938965,8.321240892441475,8.22826578051709,8.22826578051709,722600
2004-09-02,8.395615577697754,8.40801189716125,8.277847291649763,8.277847291649763,816800
2004-09-03,8.377026557922363,8.398720575225095,8.367728868599347,8.367728868599347,2844000
2004-09-07,8.451403617858887,8.46379994190574,8.386320995481183,8.386320995481183,1652000
2004-09-08,8.355325698852539,8.429705975557233,8.339830152690759,8.429705975557233,898000
2004-09-09,8.370824813842773,8.40181650830805,8.355328671051433,8.373924042401041,835800
2004-09-10,8.302642822265625,8.367724842862671,8.253055760850325,8.367724842862671,1051200
2004-09-13,8.29334545135498,8.34293192352999,8.27784930935193,8.311940230641266,422200
2004-09-14,8.284046173095703,8.290244628704933,8.206567251332105,8.274749080799118,3532400
2004-09-15,8.249958038330078,8.287147599617946,8.218966343178575,8.259255133093335,661400
2004-09-16,8.284046173095703,8.308839404415364,8.249955849479457,8.249955849479457,791400
2004-09-17,8.248242378234863,8.329199151535862,8.238901006505769,8.282493480680046,3091400
2004-09-20,8.257583618164062,8.319857647012913,8.220218725738897,8.220218725738897,2413400
2004-09-21,8.294949531555176,8.322973057855966,8.251357643485031,8.322973057855966,1687800
2004-09-22,8.223328590393066,8.298057745672375,8.223328590393066,8.298057745672375,969400
2004-09-23,8.151719093322754,8.235789676252537,8.14860530204073,8.235789676252537,7728600
2004-09-24,8.223328590393066,8.254465886899744,8.142371857033513,8.142371857033513,3284000
2004-09-27,8.213988304138184,8.260694551991469,8.17662401852909,8.217102093588043,371600
2004-09-28,8.41638469696045,8.42261168509951,8.260698709480643,8.28249465270463,3452000
2004-09-29,8.45685863494873,8.463086213921185,8.39769782249964,8.438176491925983,1660600
2004-09-30,8.578292846679688,8.587634214475461,8.45374424554227,8.478653965769753,2183600
2004-10-01,8.625,8.634340774884805,8.559611606333169,8.559611606333169,2474000
2004-10-04,8.643683433532715,8.687275306552582,8.609432336791546,8.643683433532715,2088200
2004-10-05,8.63122844696045,8.640569817321822,8.581408992822604,8.618773880373357,2619800
2004-10-06,8.771346092224121,8.771346092224121,8.625001518941382,8.625001518941382,2132200
2004-10-07,8.65925121307373,8.774459061958941,8.656137423223353,8.76511769240781,3732600
2004-10-08,8.609431266784668,8.702843175225224,8.578293963971149,8.65613692405762,1354600
2004-10-11,8.609431266784668,8.659250713728436,8.590749122654419,8.625000215138755,1546600
2004-10-12,8.516023635864258,8.562729313339856,8.466204167370964,8.540933370110904,796200
2004-10-13,8.322966575622559,8.516017318240184,8.248237428320582,8.478652447641961,5262400
2004-10-14,8.307405471801758,8.360338738213192,8.29806409753092,8.31051926322537,1005600
2004-10-15,8.385247230529785,8.431952907158381,8.338541553901191,8.360337496734875,438000
2004-10-18,8.363446235656738,8.41015188407223,8.31985378242701,8.344763501174908,996600
2004-10-19,8.164169311523438,8.394584398484183,8.164169311523438,8.388357413135246,3534400
2004-10-20,8.22021770477295,8.248241222137546,8.164170670043754,8.173512040463535,2158000
2004-10-21,8.279376029968262,8.310513328071947,8.176623361952299,8.195305503256684,2401400
2004-10-22,8.226445198059082,8.3759035598266,8.223331407952083,8.282492232195585,2617000
2004-10-25,8.307405471801758,8.329201417872056,8.220221093625574,8.220221093625574,2453600
2004-10-26,8.388360023498535,8.391473814089302,8.270038356628676,8.319857818291302,1710800
2004-10-27,8.484884262084961,8.487998052347592,8.341653473372464,8.413268867728712,8298800
2004-10-28,8.375901222229004,8.419493677666201,8.282489920667786,8.375901222229004,5832600
2004-10-29,8.49733829498291,8.50045149093745,8.407040171039334,8.407040171039334,1371800
2004-11-01,8.506680488586426,8.53159021763769,8.456861030483896,8.53159021763769,721600
2004-11-02,8.466198921203613,8.572065374624351,8.46308513211541,8.553382640095132,2510400
2004-11-03,8.590752601623535,8.628116905015336,8.491113667385545,8.491113667385545,1940000
2004-11-04,8.79625415802002,8.79625415802002,8.590748798653955,8.64056824371878,2143600
2004-11-05,8.833620071411133,8.883439522299824,8.78380002662774,8.836733267433813,4738800
2004-11-08,8.836736679077148,8.852305634674837,8.824282108493927,8.827395899613466,1096400
2004-11-09,8.927032470703125,8.942600828274179,8.830507347194091,8.830507347194091,1062400
2004-11-10,8.923917770385742,8.951941286271735,8.89589425449975,8.936372930288279,832400
2004-11-11,8.992416381835938,9.001757748660626,8.914573439980419,8.942596946559966,2138400
2004-11-12,9.08582878112793,9.088942570245209,8.992416889293207,9.029781764806005,1523400
2004-11-15,9.029784202575684,9.107627169839267,9.007988266765032,9.107627169839267,981000
2004-11-16,8.976851463317871,9.039126078170764,8.976851463317871,8.992419820083724,586800
2004-11-17,9.045351028442383,9.166786440681081,9.023555096318532,9.088943486584693,2241600
2004-11-18,9.07337760925293,9.126310859703331,9.045354088785377,9.045354088785377,1105400
2004-11-19,9.011098861694336,9.088941801357466,8.979961567050184,9.029781000923029,567600
2004-11-22,9.116969108581543,9.116969108581543,8.986192891662935,8.995533668224784,1328600
2004-11-23,9.07337760925293,9.141879812126865,9.036013311226064,9.141879812126865,632000
2004-11-24,9.160558700561523,9.160558700561523,9.076488169082648,9.076488169082648,1380600
2004-11-26,9.250856399536133,9.278879910582354,9.151217513102733,9.151217513102733,1095000
2004-11-29,9.225951194763184,9.272657465303052,9.154335784314576,9.272657465303052,1650800
2004-11-30,9.188580513000488,9.288219379053432,9.179239146597592,9.288219379053432,812800
2004-12-01,9.272651672363281,9.300675179622006,9.185467361570076,9.204149501777717,972600
2004-12-02,9.157448768615723,9.278883635974664,9.110743096084965,9.278883635974664,4294800
2004-12-03,9.151219367980957,9.160560738187987,9.076490188008906,9.085831558215936,2236800
2004-12-06,9.126310348510742,9.154333867408614,9.070263310715001,9.154333867408614,785600
2004-12-07,8.933259963989258,9.138765370171686,8.930146173726522,9.138765370171686,5347200
2004-12-08,8.970620155334473,8.973733944172665,8.814934276791867,8.899004793739554,2465600
2004-12-09,9.029784202575684,9.048466348428425,8.855416122195775,8.889666623943349,4041200
2004-12-10,9.026673316955566,9.0796065754819,9.004877374132057,9.004877374132057,2162200
2004-12-13,9.157448768615723,9.166790140679813,9.045354679426024,9.0889471551636,2514400
2004-12-14,9.148106575012207,9.169903107870997,9.060922819156229,9.060922819156229,1414600
2004-12-15,9.244632720947266,9.2477465114988,9.15433457663725,9.16990352939492,1721800
2004-12-16,9.173012733459473,9.23840111879147,9.132534661697427,9.23840111879147,2426400
2004-12-17,9.161113739013672,9.198698058227151,9.114133788033689,9.114133788033689,1241800
2004-12-20,9.198700904846191,9.255076505038604,9.161116574001909,9.195568827493945,676000
2004-12-21,9.314586639404297,9.323982873336773,9.208098377700738,9.239418560092865,606000
2004-12-22,9.317713737487793,9.377221992490101,9.273865864003183,9.320845813791333,3365200
2004-12-23,9.339637756347656,9.355298138003045,9.305185514088276,9.3333736036855,545400
2004-12-27,9.317713737487793,9.389749700321788,9.308317508577174,9.364693687275942,245000
2004-12-28,9.370959281921387,9.370959281921387,9.317715171332754,9.317715171332754,232200
2004-12-29,9.374089241027832,9.392881100113135,9.336504925474799,9.392881100113135,779400
2004-12-30,9.330238342285156,9.383481826181294,9.323974192162469,9.383481826181294,1067200
2004-12-31,9.31145191192627,9.36156395054157,9.308319834839985,9.349036239579055,1353800
2005-01-03,9.217488288879395,9.364692268549911,9.161112118721466,9.330240629195252,1816600
2005-01-04,9.051496505737305,9.208096793370762,8.970064284481984,9.208096793370762,3376400
2005-01-05,8.926212310791016,9.101604385420185,8.910552528146104,8.966928104097239,3485000
2005-01-06,8.985721588134766,9.007645525298802,8.919949179260175,8.935609561079117,666000
2005-01-07,9.001380920410156,9.05775709736147,8.95753304828467,9.035833161298727,2391400
2005-01-10,9.042098999023438,9.082814802531283,8.995118444552569,9.035834845442979,1584800
2005-01-11,8.948137283325195,9.02956947676523,8.926213346126435,9.02956947676523,3205000
2005-01-12,9.007652282714844,9.010784361428275,8.869843806238558,8.96380437549268,2010200
2005-01-13,8.973193168640137,9.032701424030865,8.941873002782781,9.020173118734933,1132200
2005-01-14,9.057756423950195,9.070284130462179,8.957532382324688,8.957532382324688,1064800
2005-01-18,9.092208862304688,9.098472417007272,8.963796731474156,9.029568536219463,715600
2005-01-19,9.029571533203125,9.107871668106858,9.020175301956934,9.089079802997096,963200
2005-01-20,8.97945785522461,9.035834037643596,8.963798070056008,9.035834037643596,1329800
2005-01-21,8.941872596740723,9.004512925610996,8.929344889396138,8.9700606849941,1963600
2005-01-24,8.8165922164917,8.988852815943625,8.8165922164917,8.926212489346119,1786800
2005-01-25,8.863572120666504,8.960664686169908,8.844780261729442,8.863572120666504,3764200
2005-01-26,8.879232406616211,8.92308027613107,8.84164809175889,8.894892189333683,1216400
2005-01-27,8.926212310791016,8.951268321452327,8.866704061452,8.951268321452327,1072400
2005-01-28,8.91681957244873,8.957535979072086,8.876103763208025,8.9136874952175,370800
2005-01-31,9.026439666748047,9.048363609451455,8.948139530017224,8.948139530017224,1038000
2005-02-01,9.101605415344238,9.114133720783785,9.004513437717682,9.004513437717682,2168600
2005-02-02,9.195564270019531,9.201827824237029,9.111000015568353,9.111000015568353,1169200
2005-02-03,9.142324447631836,9.176776102762782,9.101608040591643,9.145456524895133,2366000
2005-02-04,9.24567985534668,9.251944009363475,9.117267684915415,9.126663318558,1573600
2005-02-07,9.242544174194336,9.30831597357505,9.236280022620255,9.26446810732124,1911800
2005-02-08,9.242544174194336,9.242544174194336,9.201827786345191,9.21122401370631,650200
2005-02-09,9.114133834838867,9.242545980288769,9.10160552924254,9.233149751091524,1646000
2005-02-10,9.236282348632812,9.251942731511834,9.117266425664877,9.117266425664877,5013600
2005-02-11,9.327110290527344,9.35842985988619,9.214357929211518,9.264469957044664,2366600
2005-02-14,9.336503982543945,9.361559991254651,9.292656116645801,9.295788192407436,1323400
2005-02-15,9.386621475219727,9.433602041665829,9.330245870773297,9.349037738922107,5070400
2005-02-16,9.505635261535645,9.524427124203411,9.35216708875338,9.377223104771248,2274000
2005-02-17,9.471179962158203,9.543215910313693,9.471179962158203,9.536952356365388,1437600
2005-02-18,9.577669143676758,9.596461002245338,9.493104884044532,9.505633188011862,1855800
2005-02-22,9.433598518371582,9.612122692566222,9.433598518371582,9.583934602179436,4259400
2005-02-23,9.577669143676758,9.577669143676758,9.458653242899207,9.48370925345145,1295200
2005-02-24,9.681028366088867,9.687292520081124,9.521296023581908,9.521296023581908,2358800
2005-02-25,9.831361770629883,9.834493846763623,9.665365917218745,9.693554005039966,1968200
2005-02-28,9.737404823303223,9.828232669142185,9.674764476434365,9.828232669142185,4330600
2005-03-01,9.749933242797852,9.828233383382868,9.718613664469975,9.803177362290969,3418000
2005-03-02,9.721745491027832,9.759329223004958,9.643445352462399,9.72487697087372,1624400
2005-03-03,9.712347984313965,9.778119805330793,9.668500103636081,9.715480061131323,939400
2005-03-04,10.016153335571289,10.019285412722791,9.768725214428988,9.787517079955364,2560400
2005-03-07,9.906534194946289,10.022418673709444,9.906534194946289,10.022418673709444,2352000
2005-03-08,9.881475448608398,9.931587480374366,9.865815662699985,9.906531464491382,1746200
2005-03-09,9.903399467468262,9.997359372771614,9.890871161490477,9.928455482041324,3956000
2005-03-10,9.778118133544922,9.944114592188754,9.709214247491381,9.93785043962503,7340800
2005-03-11,9.837624549865723,9.915924650133602,9.756192373901246,9.756192373901246,6189600
2005-03-14,9.834497451782227,9.86268554993632,9.75306523460181,9.803177276346272,2514800
2005-03-15,9.787517547607422,9.897137863617157,9.784385470306269,9.897137863617157,2360600
2005-03-16,9.577669143676758,9.749929141550629,9.562009361100012,9.709213348421638,9828600
2005-03-17,9.690423011779785,9.718611102750934,9.574538571411454,9.599594585898862,5151600
2005-03-18,9.689167022705078,9.73002279904618,9.62945418088078,9.723737709988027,4801400
2005-03-21,9.632596969604492,9.742594119877454,9.598026881957058,9.742594119877454,2558800
2005-03-22,9.60116958618164,9.770879586055612,9.59174165247949,9.667168119278053,2772400
2005-03-23,9.506884574890137,9.620024550080295,9.497456043812242,9.594882399975388,4239000
2005-03-24,9.506884574890137,9.598025243668019,9.503741731197506,9.585453868897494,3351200
2005-03-28,9.453453063964844,9.554021617926832,9.453453063964844,9.554021617926832,2327000
2005-03-29,9.242892265319824,9.535170152842856,9.239749421434652,9.431458702376895,4515600
2005-03-30,9.400031089782715,9.400031089782715,9.274320328523345,9.274320328523345,4168000
2005-03-31,9.478599548339844,9.51631307308496,9.42831524830378,9.444028867276497,3047200
2005-04-01,9.450313568115234,9.591738521850797,9.415742890660745,9.431457107429186,3916800
2005-04-04,9.3937406539917,9.40002633873675,9.324599920103827,9.40002633873675,1676400
2005-04-05,9.412601470947266,9.437743620542236,9.356031484499551,9.365459415950085,912400
2005-04-06,9.459744453430176,9.503743072464271,9.447173076885447,9.447173076885447,2042200
2005-04-07,9.563456535339355,9.566599379680326,9.481744380782894,9.500600847392457,2741000
2005-04-08,9.425169944763184,9.57916564836207,9.418884259040132,9.566594876351948,1884000
2005-04-11,9.3937406539917,9.456596302570413,9.349742059648134,9.456596302570413,553400
2005-04-12,9.384317398071289,9.415744638570066,9.23346388627069,9.371746022322828,2970000
2005-04-13,9.123466491699219,9.381173676059497,9.095181498348834,9.381173676059497,5702000
2005-04-14,8.868901252746582,9.123466184323584,8.818616955025815,9.114037653712398,15733800
2005-04-15,8.648908615112305,8.875187981411873,8.633194395582775,8.790332994260966,6334800
2005-04-18,8.787189483642578,8.815474477213474,8.648907958891689,8.689763727696239,8700600
2005-04-19,8.894042015075684,9.08575124489728,8.815472737205983,8.94432630495741,3448400
2005-04-20,8.746335983276367,9.019757458897212,8.724336671334655,9.019757458897212,4579800
2005-04-21,8.909756660461426,8.916042346859111,8.743189567539076,8.840615308958993,4358600
2005-04-22,8.82490348815918,8.941186312434263,8.733763414591072,8.941186312434263,2984200
2005-04-25,8.912903785705566,8.93490309923059,8.831191621586663,8.831191621586663,1912400
2005-04-26,8.743191719055176,8.9191867854467,8.740048875082946,8.859474548282913,3966200
2005-04-27,8.658334732055664,8.696048251583196,8.545195372345184,8.608050438976328,11978600
2005-04-28,8.589190483093262,8.736900458965714,8.560905504818734,8.705473238159184,11640200
2005-04-29,8.802902221679688,8.850043669891805,8.630049445653873,8.652049347626495,7592200
2005-05-02,8.875185012817383,8.890899227090781,8.802901425467699,8.806044268322378,5726800
2005-05-03,8.931756973266602,8.975755584152903,8.840616308503703,8.85947336982879,3460600
2005-05-04,9.070037841796875,9.070037841796875,8.9317557416613,8.972611503359794,2537400
2005-05-05,9.016613006591797,9.110895926511462,8.953757327021227,9.035469470688492,6206800
2005-05-06,9.038613319396973,9.101468406518704,9.01347116466103,9.022899098039352,2130800
2005-05-09,9.026041984558105,9.054326983697964,8.956901208569708,9.007185518276954,1848800
2005-05-10,8.890904426574707,8.978901680223425,8.868904513726195,8.956902366811244,2295800
2005-05-11,8.90032958984375,8.928614583833877,8.79976098873937,8.89404390241569,5504000
2005-05-12,8.658334732055664,8.91604248338234,8.63004974226903,8.89404258065358,6321200
2005-05-13,8.488626480102539,9.054325149424953,8.391200724711307,8.674050059372513,9231600
2005-05-16,8.52634048461914,8.535769016761593,8.403772563948323,8.403772563948323,3946800
2005-05-17,8.645766258239746,8.670908411467117,8.488627650709622,8.504341271688148,4717200
2005-05-18,8.865757942199707,8.90032861985024,8.674049292026213,8.674049292026213,9300400
2005-05-19,8.821763038635254,8.887761578281387,8.768335877754607,8.86890451013316,4472200
2005-05-20,8.765189170837402,8.80290269107973,8.718047720111546,8.80290269107973,7671400
2005-05-23,8.834332466125488,8.868902551222272,8.736906100520935,8.74633463251253,3874800
2005-05-24,8.806044578552246,8.837472408770237,8.771473905368854,8.812330264483045,3825000
2005-05-25,8.714906692504883,8.799761681152107,8.658336700073399,8.752620220604602,5706000
2005-05-26,8.780906677246094,8.796620300229995,8.721193830921942,8.721193830921942,2449000
2005-05-27,8.809185028076172,8.818612954974814,8.762042995839598,8.809185028076172,2545600
2005-05-31,8.746335983276367,8.79033460715979,8.674052358486087,8.755764516724083,3868600
2005-06-01,8.878329277038574,8.909757111180793,8.736904323116626,8.746332853190115,8905600
2005-06-02,8.850045204162598,8.878330197880649,8.802903747777894,8.878330197880649,3669800
2005-06-03,8.831189155578613,8.916044140711502,8.802904160534316,8.85947415062291,4567600
2005-06-06,8.806044578552246,8.831186722839439,8.780902434265053,8.81861535097784,5537600
2005-06-07,8.859475135803223,8.953758063477764,8.837475825974911,8.837475825974911,7826600
2005-06-08,8.799762725830078,8.909759879790206,8.79347703716121,8.909759879790206,4980600
2005-06-09,8.762048721313477,8.77776294213925,8.677194326599228,8.768334409643785,4845400
2005-06-10,8.840616226196289,8.894043367247718,8.78404684105605,8.78404684105605,4234200
2005-06-13,8.897185325622559,8.956898147783209,8.793473897362512,8.85318671952316,5921000
2005-06-14,8.912903785705566,8.931760254521825,8.881475938054244,8.881475938054244,4047400
2005-06-15,8.99775505065918,8.99775505065918,8.862616372027064,8.93489997675878,6493800
2005-06-16,9.09203815460205,9.145465294721136,9.004040335748234,9.004040335748234,7237800
2005-06-17,9.095512390136719,9.17762472922977,9.092354756116062,9.17762472922977,4630600
2005-06-20,9.000770568847656,9.09551528125507,8.975505272047533,9.09551528125507,3899800
2005-06-21,8.95339584350586,8.994451714052786,8.921814080269439,8.994451714052786,2968600
2005-06-22,8.943920135498047,9.003925418712223,8.82706840764998,8.82706840764998,2679600
2005-06-23,8.732322692871094,8.959710869550388,8.732322692871094,8.931287347465476,5384400
2005-06-24,8.634419441223145,8.751271158592107,8.590205343015635,8.729164109488353,4358200
2005-06-27,8.612312316894531,8.656526414715849,8.587047032086362,8.624944658112662,6363200
2005-06-28,8.748114585876465,8.748114585876465,8.64073696088976,8.643895197197837,3934000
2005-06-29,8.710217475891113,8.748115714103722,8.69126865797084,8.700742765744947,2199600
2005-06-30,8.571259498596191,8.713377162577844,8.527045381967305,8.70074421361407,4073000
2005-07-01,8.56494426727295,8.615474862164172,8.52704601991843,8.59020956471856,3680600
2005-07-05,8.587047576904297,8.602838155021795,8.517567587494645,8.533358767984085,1854200
2005-07-06,8.558627128601074,8.615474194038288,8.545994179671846,8.577575949622759,3707800
2005-07-07,8.57757568359375,8.580733920728106,8.432300389646207,8.451249210080203,4857400
2005-07-08,8.744956970214844,8.757589313971712,8.590206994368037,8.590206994368037,7898600
2005-07-11,8.864971160888672,8.864971160888672,8.732328175338393,8.732328175338393,5734600
2005-07-12,8.842862129211426,8.87760213747814,8.76706624038856,8.871285662816524,8456800
2005-07-13,8.814436912536621,8.864967495436654,8.770222803092109,8.836543967258876,6172400
2005-07-14,8.827069282531738,8.921813968683997,8.814436336446358,8.880758098650558,4254000
2005-07-15,8.811278343200684,8.839701870305529,8.792329525921469,8.820753053026312,1744200
2005-07-18,8.792326927185059,8.842857493242409,8.786010455834923,8.798643398535193,3778400
2005-07-19,8.934446334838867,8.969185729574699,8.833384579831762,8.833384579831762,7513200
2005-07-20,9.073405265808105,9.098670554377,8.934446479865192,8.934446479865192,6060800
2005-07-21,9.029191017150879,9.127093933494695,9.029191017150879,9.073405120847058,6510800
2005-07-22,9.086039543151855,9.111304835424251,8.984978374062274,9.048141303557221,4117600
2005-07-25,9.010238647460938,9.149197376370424,9.010238647460938,9.120773863099904,3749000
2005-07-26,8.883914947509766,8.956553176335829,8.846017317347616,8.956553176335829,7182000
2005-07-27,8.978662490844727,8.991294836625595,8.906024846081394,8.937606011719627,4803200
2005-07-28,9.079723358154297,9.095513940437028,9.007085715858366,9.032351008933999,3089000
2005-07-29,9.044983863830566,9.146045041826328,9.038667991984934,9.111305638372869,3982600
2005-08-01,9.000770568847656,9.076566459248026,8.972347034650992,9.032352340440857,5312800
2005-08-02,9.136568069458008,9.177623934262268,9.010241636554195,9.010241636554195,8055600
2005-08-03,9.174466133117676,9.1776243693865,9.101828506050623,9.130252030098074,4320400
2005-08-04,9.07656478881836,9.332375947137248,9.070248315187749,9.332375947137248,5017400
2005-08-05,9.029191017150879,9.158675694294246,9.013400437937097,9.086038066115671,7296400
2005-08-08,9.029191017150879,9.155517457977092,9.029191017150879,9.057614541633274,2567400
2005-08-09,9.086039543151855,9.10183012493257,9.041824829896102,9.041824829896102,2881200
2005-08-10,9.114459991455078,9.21552112638475,9.076561764670512,9.158674087393841,8674400
2005-08-11,9.190255165100098,9.231311022248976,9.127091659239847,9.155515176639776,3992400
2005-08-12,9.123934745788574,9.193414732777025,9.063930069135541,9.1586747392828,5921000
2005-08-15,9.117621421813965,9.142886714398736,9.041824941687562,9.095513763726712,2365600
2005-08-16,8.940760612487793,9.11445996471394,8.940760612487793,9.11445996471394,8151200
2005-08-17,8.931289672851562,8.972345547457053,8.89023319587398,8.89023319587398,4208200
2005-08-18,8.855490684509277,8.91549535690425,8.85233244874556,8.906021251984981,5142600
2005-08-19,8.874441146850586,8.947078775806807,8.85864996509576,8.921813487371077,6201200
2005-08-22,8.87760066986084,8.981820075059574,8.849177140954632,8.931289490864556,3066400
2005-08-23,8.732322692871094,8.874440303295653,8.732322692871094,8.868123831194131,7106800
2005-08-24,8.6502103805542,8.754429760957072,8.643894510811553,8.732322710927967,4648800
2005-08-25,8.656529426574707,8.68495295716976,8.628105895979655,8.653371189578355,1965800
2005-08-26,8.612312316894531,8.666001122408376,8.574414088496326,8.662842886510868,2116600
2005-08-29,8.666003227233887,8.681793808184791,8.533360299181304,8.539676772510488,5942400
2005-08-30,8.583887100219727,8.653366469121766,8.54283064403578,8.653366469121766,7972600
2005-08-31,8.666003227233887,8.681793808184791,8.558625590125985,8.568099697747707,2681600
2005-09-01,8.691267013549805,8.760746401026417,8.684950541314127,8.684950541314127,3514200
2005-09-02,8.684955596923828,8.732327961523499,8.662848533602135,8.691272072836396,2758000
2005-09-06,8.744956970214844,8.744956970214844,8.67231873471775,8.67231873471775,3666600
2005-09-07,8.798648834228516,8.817597657613398,8.738643524075446,8.760750585086514,6108600
2005-09-08,8.751274108886719,8.827070591898252,8.74811647426901,8.82391235490843,3751800
2005-09-09,8.842862129211426,8.846020366542234,8.763908003057752,8.763908003057752,3328400
2005-09-12,8.864971160888672,8.877604113023132,8.823915271196299,8.830231144891217,3377000
2005-09-13,8.770218849182129,8.861805263508673,8.767060613878208,8.861805263508673,3817800
2005-09-14,8.801804542541504,8.836543941702265,8.76074806757143,8.767064541008683,4094800
2005-09-15,8.776540756225586,8.827071347644805,8.552310729727154,8.643897803157092,3681200
2005-09-16,8.837510108947754,8.875616779185435,8.780350406433719,8.780350406433719,5758400
2005-09-19,8.773995399475098,8.881963545158683,8.754942375438205,8.881963545158683,4599000
2005-09-20,8.640625,8.843859523812277,8.640625,8.824806495409044,6464800
2005-09-21,8.542184829711914,8.627924377928686,8.516780586427492,8.596168922401924,8034400
2005-09-22,8.592992782592773,8.599343994440655,8.500902633538074,8.573939752734026,7041400
2005-09-23,8.59934139251709,8.62792123150019,8.494548851473958,8.539006109587797,4488600
2005-09-26,8.58981704711914,8.678732194593799,8.554886593852398,8.65332795327031,3816200
2005-09-27,8.58981704711914,8.640625529766119,8.545359776224256,8.580290835175887,4579200
2005-09-28,8.615220069885254,8.650151123896155,8.577114016132276,8.605693859289412,12234000
2005-09-29,8.666031837463379,8.672382444601,8.551712429396309,8.599345314195924,4953200
2005-09-30,8.732717514038086,8.758121758942433,8.653329173001376,8.666031598296037,3216800
2005-10-03,8.697784423828125,8.745417901900895,8.65967836819171,8.742242296317054,2239600
2005-10-04,8.602517127990723,8.856559472044953,8.602517127990723,8.856559472044953,2406800
2005-10-05,8.405634880065918,8.599342569534793,8.405634880065918,8.577113937435373,9584200
2005-10-06,8.361177444458008,8.4659699976961,8.294491549526851,8.424688339741307,9655000
2005-10-07,8.443743705749512,8.488200981355721,8.392935217718142,8.392935217718142,3643400
2005-10-10,8.399285316467285,8.478673644200681,8.392934104884244,8.443742586178827,4445200
2005-10-11,8.4088134765625,8.491377429218304,8.402462263507818,8.459621969629914,4036800
2005-10-12,8.342127799987793,8.45009600232809,8.29766991299265,8.421516148433009,3333000
2005-10-13,8.329422950744629,8.364354007719404,8.25003462539094,8.332598556440958,3084000
2005-10-14,8.358007431030273,8.377060470088738,8.275443454196669,8.342129999429083,3295800
2005-10-17,8.421514511108398,8.424690117111004,8.351652390420895,8.351652390420895,3554000
2005-10-18,8.332600593566895,8.431041971480324,8.32307377414882,8.415164544801868,2134800
2005-10-19,8.402462005615234,8.411988824904853,8.234159104626936,8.28179198970504,4786400
2005-10-20,8.345304489135742,8.513607422032935,8.313549024501427,8.41199041975121,11547400
2005-10-21,8.421514511108398,8.465971783775053,8.319897541764663,8.335774966092778,4301600
2005-10-24,8.615220069885254,8.615220069885254,8.434214800346597,8.469145854357498,5646800
2005-10-25,8.608871459960938,8.694610403618922,8.561237973202681,8.615222066601754,4373200
2005-10-26,8.678729057312012,8.789872800056658,8.58981394197936,8.58981394197936,11956400
2005-10-27,8.58981704711914,8.732716283116826,8.478673869881929,8.675556588717752,5591400
2005-10-28,8.726366996765137,8.748595637117145,8.602521368698227,8.621574402473515,3665600
2005-10-31,8.75177001953125,8.796227899701696,8.745419412951133,8.796227899701696,5209200
2005-11-01,8.780346870422363,8.818453525313775,8.732714006071646,8.796224895662423,4325200
2005-11-02,8.885141372680664,8.910545612979488,8.761295776934505,8.783524411485367,3250800
2005-11-03,8.856560707092285,8.951827053661056,8.827980863690135,8.916895999350693,10451600
2005-11-04,8.843857765197754,8.885139419476648,8.770820666104855,8.862910789812265,3728400
2005-11-07,8.891494750976562,8.907372177900731,8.605696826546462,8.853388078399544,4549000
2005-11-08,8.847039222717285,8.891496511455319,8.821634971197676,8.87561908138749,3314200
2005-11-09,8.837510108947754,8.920074056391918,8.82798328996709,8.82798328996709,4118200
2005-11-10,8.96135425567627,8.980407890508692,8.805753205320745,8.843859869300713,5356800
2005-11-11,9.085200309753418,9.088375915506534,8.955003502300027,8.980407742640082,2449400
2005-11-14,9.174113273620605,9.285257033165447,9.142358432909019,9.180464484036827,12318400
2005-11-15,9.148706436157227,9.228094726731236,9.136004624621371,9.177286269218637,3006400
2005-11-16,9.16458797454834,9.196342818416037,9.120130102900884,9.148709946929669,4010400
2005-11-17,9.27890682220459,9.291609244405246,9.183641078438981,9.186816683989147,3912800
2005-11-18,9.304306983947754,9.355115439117407,9.256674132936775,9.294780777156296,4365200
2005-11-21,9.364646911621094,9.383699940369725,9.310662825429251,9.332891459916798,4951000
2005-11-22,9.39322566986084,9.41227869640315,9.310661747264435,9.310661747264435,4125600
2005-11-23,9.377350807189941,9.421808083146578,9.358297169764276,9.36782398847711,1970400
2005-11-25,9.4313325881958,9.434507587969573,9.36147047947662,9.36147047947662,388000
2005-11-28,9.405929565429688,9.45673804796168,9.396402747823107,9.45673804796168,3934800
2005-11-29,9.49166488647461,9.53612274602305,9.409100982381398,9.424979005678933,4608800
2005-11-30,9.421802520751953,9.523419437623605,9.405925104622483,9.431329333840395,3130000
2005-12-01,9.605986595153809,9.605986595153809,9.450385562658289,9.450385562658289,5664200
2005-12-02,9.564704895019531,9.599635343350975,9.548826867882688,9.593284132496239,1763600
2005-12-05,9.59011173248291,9.59011173248291,9.532952030664786,9.586936126194685,8654800
2005-12-06,9.659972190856934,9.720307492324434,9.599636889389435,9.631392343092587,4052800
2005-12-07,9.634568214416504,9.707605335966138,9.59646154778609,9.682201093440835,4845800
2005-12-08,9.618687629699707,9.691724727252618,9.580580975589433,9.605985209768042,3228000
2005-12-09,9.593283653259277,9.653618941995592,9.571055022062945,9.653618941995592,2323800
2005-12-12,9.593283653259277,9.653618941995592,9.55200199613534,9.599634863796737,4109800
2005-12-13,9.679023742675781,9.71077919152941,9.561529369307605,9.577406790892015,2833800
2005-12-14,9.625042915344238,9.685378227995686,9.615516701446913,9.656798374933686,2747200
2005-12-15,9.57423210144043,9.6726734571886,9.567880889925098,9.653620428327473,2532800
2005-12-16,9.53774356842041,9.633761489858776,9.528142203600796,9.569749542233199,4028000
2005-12-19,9.492938995361328,9.595357660133022,9.48653767619725,9.537747008583095,2132600
2005-12-20,9.457731246948242,9.560150510233635,9.451330538994355,9.483335910153759,2597400
2005-12-21,9.640166282653809,9.643366331772066,9.50574163254135,9.50574163254135,2985600
2005-12-22,9.739385604858398,9.742586264872866,9.659370935887118,9.665772255916055,3076600
2005-12-23,9.76818561553955,9.777786979891331,9.723377010199712,9.73617964328628,3335800
2005-12-27,9.707380294799805,9.84500563273984,9.694578264309126,9.812999640817862,5606400
2005-12-28,9.790590286254883,9.796991603238371,9.723377678854636,9.723377678854636,1633200
2005-12-29,9.774588584899902,9.832198612141486,9.745783266047486,9.768187267274199,1846000
2005-12-30,9.691370010375977,9.736177997679233,9.681768037183975,9.736177997679233,1436400
2006-01-03,9.896207809448242,9.925013120272762,9.636960622490644,9.636960622490644,11209200
2006-01-04,9.957022666931152,9.957022666931152,9.861004726192395,9.861004726192395,6215000
2006-01-05,9.941018104553223,9.960222056531332,9.883407469545338,9.960222056531332,3371000
2006-01-06,10.04664421081543,10.085051530350924,9.985833486374377,10.011438162576829,1670600
2006-01-09,10.043434143066406,10.07864076879329,10.021030148681323,10.053036116572756,1767600
2006-01-10,9.9794282913208,10.001832297994165,9.816198314961929,9.976227631729836,5776800
2006-01-11,9.902613639831543,9.973026314801592,9.896212321071532,9.921816985648219,5579800
2006-01-12,9.764988899230957,9.899413548589173,9.764988899230957,9.899413548589173,4073600
2006-01-13,9.78739070892334,9.828998052985774,9.668968773500133,9.668968773500133,2547800
2006-01-17,9.796992301940918,9.828997668214543,9.713777006610384,9.729779689747197,2466600
2006-01-18,9.700973510742188,9.780988140251193,9.66896753684595,9.761784800098722,3615200
2006-01-19,9.803390502929688,9.851399760994239,9.732977860478393,9.74578049208576,5776000
2006-01-20,9.636966705322266,9.841804057844543,9.630565385440079,9.793795379655068,6695800
2006-01-23,9.76818561553955,9.796990929521183,9.633761020446324,9.633761020446324,3458000
2006-01-24,9.877010345458984,9.889812374291632,9.764989693471975,9.764989693471975,7155000
2006-01-25,9.925018310546875,10.005032969022295,9.893012325064026,9.969826323944824,3743200
2006-01-26,10.043434143066406,10.113847394520175,9.941015534184269,10.113847394520175,4689200
2006-01-27,10.113848686218262,10.133052025220467,10.02743274501363,10.078642055994937,4160200
2006-01-30,10.142660140991211,10.161863491620396,10.091450799004377,10.104252829269331,9871800
2006-01-31,10.158660888671875,10.219472199575355,10.097849577768393,10.15546022910186,4498600
2006-02-01,10.187467575073242,10.206670924594915,10.113854226520603,10.193868895068292,3212000
2006-02-02,10.037038803100586,10.241876130359492,10.027436824461555,10.17786416035939,7185000
2006-02-03,9.947416305541992,10.043433593499257,9.931413627703458,10.02423025800041,5592200
2006-02-06,10.126648902893066,10.136250875913463,10.008227621289997,10.021029641520828,5807400
2006-02-07,9.861004829406738,10.104249427175665,9.761786839021816,10.069042787489952,12205800
2006-02-08,9.877010345458984,9.896213693939675,9.784193041952667,9.857806386514852,4834800
2006-02-09,9.909014701843262,10.043439348285169,9.88661069584684,9.915416020831776,4237800
2006-02-10,9.889812469482422,9.94102180623279,9.748986488187187,9.89621378919208,5821600
2006-02-13,9.790590286254883,9.918613573608702,9.771386945767608,9.841799601196412,8823800
2006-02-14,10.053037643432617,10.065840276718884,9.803391788518782,9.803391788518782,6714800
2006-02-15,10.008234977722168,10.222674315761152,9.921818988408663,10.065845637264504,5347600
2006-02-16,10.13945484161377,10.13945484161377,9.985826885944041,9.985826885944041,5289400
2006-02-17,10.129857063293457,10.171465033402619,10.101051733360494,10.15866239322642,3603000
2006-02-21,10.133054733276367,10.209868720276841,10.091447385908182,10.193866035242149,4361800
2006-02-22,10.174662590026855,10.235473280925206,10.13945595074433,10.16826127189125,3905800
2006-02-23,10.123452186584473,10.222670781701598,10.10424884353027,10.177862167290769,4972800
2006-02-24,10.152256965637207,10.184262942664922,10.091446280794106,10.165059600633587,3897000
2006-02-27,10.069042205810547,10.174662118766118,10.069042205810547,10.113850820221074,3942600
2006-02-28,9.941018104553223,10.06584135055805,9.941018104553223,10.059440033232013,11057400
2006-03-01,10.094643592834473,10.110646270811296,9.931413713526144,9.931413713526144,2129400
2006-03-02,10.155461311340332,10.168263950984729,10.008234618210516,10.065845275683387,5779000
2006-03-03,10.158660888671875,10.2066695612953,10.097849577768393,10.107451556478436,3101000
2006-03-06,10.021032333374023,10.171460232119742,9.985826310434911,10.171460232119742,5202000
2006-03-07,9.925018310546875,10.017834996937397,9.886611005874776,10.011434288211545,12488000
2006-03-08,9.864202499389648,9.941016463229964,9.761783880935896,9.941016463229964,12771600
2006-03-09,9.845002174377441,10.005031467308552,9.838600856149004,9.90581347662099,5736800
2006-03-10,10.021032333374023,10.049837649709875,9.85140170435533,9.8706050450915,8427800
2006-03-13,10.043434143066406,10.08504208446419,10.011428785638035,10.03703343785857,2971200
2006-03-14,10.229071617126465,10.229071617126465,10.033836304294347,10.04663832966965,10421600
2006-03-15,10.350692749023438,10.357094066035645,10.168259487417824,10.289882068797025,20683600
2006-03-16,10.36669921875,10.433911240545735,10.33789389213371,10.373100538101045,5993000
2006-03-17,10.353189468383789,10.420732180305873,10.353189468383789,10.420732180305873,3686400
2006-03-20,10.330674171447754,10.40786530542316,10.285646521175204,10.375701821720302,5121200
2006-03-21,10.179513931274414,10.378923323263257,10.179513931274414,10.324245990508386,10443200
2006-03-22,10.285646438598633,10.30172756686523,10.182725745398672,10.182725745398672,7977000
2006-03-23,10.314592361450195,10.340323146712159,10.22453706685607,10.28242949332843,6414600
2006-03-24,10.308159828186035,10.353187476195332,10.259915831968119,10.311376789850351,3093200
2006-03-27,10.378920555114746,10.38856898841676,10.304946370338765,10.304946370338765,5005200
2006-03-28,10.292076110839844,10.459322494870321,10.288859763440541,10.356401831914809,6136200
2006-03-29,10.465760231018066,10.481841362305307,10.314594897712327,10.314594897712327,5956400
2006-03-30,10.504353523254395,10.62013961319278,10.456108910142907,10.517218917005653,5902000
2006-03-31,10.404645919799805,10.459323215901678,10.375699404666147,10.446457825417571,5491400
2006-04-03,10.533300399780273,10.649086493610419,10.4754073528652,10.520435005596585,4854800
2006-04-04,10.549382209777832,10.575112999805546,10.491489159127076,10.549382209777832,7378200
2006-04-05,10.69411563873291,10.69411563873291,10.514003775760779,10.61370875423116,7297000
2006-04-06,10.716625213623047,10.745571729628063,10.629785665608004,10.716625213623047,5206600
2006-04-07,10.552593231201172,10.752001834008642,10.552593231201172,10.71018993720822,6347000
2006-04-10,10.549382209777832,10.639438747963233,10.530085344168645,10.61370795793552,5306400
2006-04-11,10.472192764282227,10.73914297480638,10.472192764282227,10.697331052587543,4495600
2006-04-12,10.542949676513672,10.565463504682853,10.485056624961029,10.53330124355877,2658800
2006-04-13,10.59762954711914,10.70376601594052,10.472194980824824,10.70376601594052,8089800
2006-04-17,10.690898895263672,10.716628457884388,10.63622158096334,10.645870013582163,4429800
2006-04-18,10.983579635620117,10.993228068025864,10.710195523978982,10.710195523978982,8221200
2006-04-19,11.057554244995117,11.06720267777735,10.890307790937364,10.983580064204272,3251400
2006-04-20,10.954633712768555,11.06720285338612,10.880659530803925,11.063987118044883,9063000
2006-04-21,11.063984870910645,11.099362860125332,10.954631487844374,10.954631487844374,4655800
2006-04-24,11.025386810302734,11.038252200680798,10.938547265617537,11.015738380974765,3379400
2006-04-25,10.948202133178711,11.102583210467092,10.903174472333568,11.096150512216107,6797200
2006-04-26,10.944981575012207,11.03503809402936,10.909602359710252,10.919252017372546,4427200
2006-04-27,10.726278305053711,10.916038608688886,10.694116040808455,10.742360664088075,16766000
2006-04-28,10.774523735046387,10.819551399125762,10.73592876968004,10.806686001699704,13160400
2006-05-01,10.845276832580566,10.944980546064098,10.800249190760749,10.822763011670657,4238200
2006-05-02,10.951414108276367,10.957846804318446,10.854926121467805,10.854926121467805,6704400
2006-05-03,10.954633712768555,10.973930578639216,10.877442568551071,10.964282145703885,5778600
2006-05-04,11.063984870910645,11.115445214299985,10.954631487844374,11.038254085760292,4051400
2006-05-05,11.141175270080566,11.150823701487145,11.067201099836817,11.125094142099128,5568600
2006-05-08,11.18298625946045,11.218365474240388,11.157255475289105,11.160472436766183,4338200
2006-05-09,11.256959915161133,11.273041041086254,11.163687667119666,11.228013397731411,5280600
2006-05-10,11.260178565979004,11.26661126339738,11.163690558526529,11.260178565979004,9409400
2006-05-11,11.105794906616211,11.369529304419485,11.08006534988265,11.366313569919525,9712400
2006-05-12,10.867794036865234,11.080068147894963,10.848495944258312,11.0543373577524,19667000
2006-05-15,10.726278305053711,10.809902155150153,10.594411058589383,10.690900305148624,15744400
2006-05-16,10.72949504852295,10.835631499894317,10.57189701235127,10.835631499894317,10700400
2006-05-17,10.440028190612793,10.723060729676764,10.38856784050221,10.658734985310653,12605400
2006-05-18,10.330674171447754,10.530084089671117,10.317810004878062,10.50756903762339,6915800
2006-05-19,10.372486114501953,10.414298029971588,10.205239679534873,10.259916375064275,16975000
2006-05-22,10.147346496582031,10.263132582812018,9.983317025697175,10.131265368363742,18024400
2006-05-23,10.169858932495117,10.388565055097247,10.169858932495117,10.292077077874414,12590600
2006-05-24,10.124832153320312,10.250267278132645,9.95436999449322,10.099101981414957,9240000
2006-05-25,10.29851245880127,10.337107414372499,10.189159062256525,10.221321934203054,8627600
2006-05-26,10.472192764282227,10.488273895316656,10.330675866591282,10.42716387970951,8946000
2006-05-30,10.22453784942627,10.465758458618646,10.22453784942627,10.465758458618646,5977600
2006-05-31,10.340320587158203,10.42072743083156,10.269562172114107,10.288859642828163,7760800
2006-06-01,10.452893257141113,10.472191347919354,10.230970120837277,10.2759983858641,8201600
2006-06-02,10.552593231201172,10.571890085946823,10.472186397998541,10.565457392061305,7415800
2006-06-05,10.237405776977539,10.539735871881383,10.234189427584784,10.4786270737868,7279600
2006-06-06,10.150565147399902,10.211674552711328,10.060509827420812,10.211674552711328,10697600
2006-06-07,9.91899299621582,10.179511121697958,9.91899299621582,10.179511121697958,11128400
2006-06-08,9.886829376220703,9.954371470899734,9.545904394545722,9.94472242495822,27221600
2006-06-09,9.835368156433105,10.031561112398602,9.812854331346388,9.906125980056466,8174600
2006-06-12,9.680988311767578,9.938290078055063,9.67455561424644,9.90291146860041,8845400
2006-06-13,9.516956329345703,9.722797701791908,9.452630593728426,9.616660667442375,18360600
2006-06-14,9.642386436462402,9.671332942928169,9.462275317807388,9.561979610380916,10272400
2006-06-15,9.964018821716309,9.996181691240716,9.7485283933952,9.751744741693212,14281800
2006-06-16,9.904765129089355,9.982474882345421,9.84648265975175,9.982474882345421,9627200
2006-06-19,9.707252502441406,9.93066843016617,9.658683983609647,9.859434643718403,24094800
2006-06-20,9.749346733093262,9.843245797380076,9.694302241069167,9.778487971081447,7023400
2006-06-21,9.985713005065918,10.050471442472736,9.759059091724287,9.768773042609979,26130200
2006-06-22,9.933908462524414,10.005142263663362,9.878863965140843,9.985714975640441,6109800
2006-06-23,10.018094062805176,10.086089878740417,9.898291116884833,9.904767085330764,5155200
2006-06-26,10.047233581542969,10.053708931296946,9.97276119234099,10.021330329780353,6167400
2006-06-27,9.9209566116333,10.076376769913798,9.904767307737295,10.040759560243757,8590800
2006-06-28,9.946860313415527,9.966288220058722,9.865912555149372,9.946860313415527,3688400
2006-06-29,10.345120429992676,10.345120429992676,10.018091517548248,10.018091517548248,12453000
2006-06-30,10.393688201904297,10.429305401292485,10.338644337514811,10.393688201904297,4199400
2006-07-03,10.516727447509766,10.529679378919276,10.426066397971526,10.439018329381037,4472400
2006-07-05,10.390448570251465,10.45844435325669,10.328928134973848,10.45844435325669,11432000
2006-07-06,10.380735397338867,10.46815907759922,10.351593553003363,10.390448727868648,7682000
2006-07-07,10.299790382385254,10.406641375703082,10.251221861346652,10.328931618524866,5138000
2006-07-10,10.32569694519043,10.383979436154986,10.260939102238384,10.3289349299754,3573400
2006-07-11,10.312743186950684,10.328932489467894,10.192940248543492,10.251222725737136,4272400
2006-07-12,10.23827075958252,10.374262991904262,10.205891539014054,10.351597105198751,5551000
2006-07-13,9.95009994506836,10.192943260068883,9.933910637767985,10.192943260068883,12430800
2006-07-14,9.966289520263672,9.992192781584892,9.817345304479801,9.930672304353568,6587200
2006-07-17,9.833535194396973,9.950099561143494,9.810869300435533,9.89829303868227,6985800
2006-07-18,9.875621795654297,9.930666269710407,9.755818898856141,9.878859778549607,7360200
2006-07-19,10.141131401062012,10.19941386481697,9.92419146240865,9.937143395501824,11064800
2006-07-20,9.859434127807617,10.257696826003423,9.859434127807617,10.244744892282165,9373800
2006-07-21,9.729920387268066,9.901529858721837,9.704017129084702,9.901529858721837,9195000
2006-07-24,9.875621795654297,9.904763024130007,9.687823110800874,9.794674076017785,13622800
2006-07-25,10.027804374694824,10.063421572827174,9.840005669457065,9.956570596012279,8225000
2006-07-26,10.005141258239746,10.037520480079039,9.93390746425913,10.03428249613688,10437200
2006-07-27,9.784961700439453,10.050470782301497,9.772010384358142,10.027804898390372,6234800
2006-07-28,9.963047981262207,9.972761314803567,9.784962582822923,9.840007070692193,10654800
2006-07-31,10.005141258239746,10.0569477661497,9.91771754454834,9.91771754454834,6326400
2006-08-01,9.924193382263184,10.005141127008532,9.878862842832119,10.005141127008532,5716000
2006-08-02,10.08285140991211,10.154085824228966,9.96628707139943,9.96628707139943,7524200
2006-08-03,10.144367218017578,10.186459756417257,10.005137054909211,10.037516263145442,8609000
2006-08-04,10.09580135345459,10.299789368775004,10.047232837195653,10.247982869087846,4422200
2006-08-07,10.144367218017578,10.176746426253809,10.073133453963496,10.115225992363175,4216600
2006-08-08,10.037521362304688,10.192940899694804,10.008380121846248,10.1184691152265,13830400
2006-08-09,10.047233581542969,10.154084572261542,10.014854362444138,10.108753418490286,7627200
2006-08-10,10.073139190673828,10.137897026444215,9.985715463922304,10.099042448498459,7596000
2006-08-11,9.959808349609375,10.108751870033725,9.946856416920923,10.027804143477324,10213800
2006-08-14,9.933908462524414,10.053710792511843,9.927432493989324,9.966287687617518,6692000
2006-08-15,10.144367218017578,10.144367218017578,9.985709777000285,9.992185742163937,6551800
2006-08-16,10.322456359863281,10.322456359863281,10.189702105036622,10.189702105036622,11645200
2006-08-17,10.257697105407715,10.32893089006836,10.222079904286288,10.296551672465446,8059000
2006-08-18,10.257697105407715,10.293314306529142,10.179987353710045,10.247983154852179,2420000
2006-08-21,10.257697105407715,10.293314306529142,10.215603937249263,10.26417307244474,1990800
2006-08-22,10.286839485168457,10.322456072674402,10.251222280080235,10.251222280080235,3841400
2006-08-23,10.270651817321777,10.348361594709882,10.231797237418933,10.312744999396008,5244000
2006-08-24,10.18970012664795,10.30626505657904,10.176748810867926,10.273885840755717,3803000
2006-08-25,10.222079277038574,10.254458492654633,10.183224712365039,10.186462078102691,3248600
2006-08-28,10.212367057800293,10.241507675690661,10.160559936618364,10.183225822327687,4115400
2006-08-29,10.254457473754883,10.277122737159415,10.134654573153927,10.238268176346534,7511400
2006-08-30,10.257697105407715,10.30302763950247,10.244745171333665,10.296551672465446,3486600
2006-08-31,10.306268692016602,10.348361255127148,10.273889464771818,10.29655473856845,1948600
2006-09-01,10.422832489013672,10.471401636078967,10.29979217315141,10.315982094700628,5894800
2006-09-05,10.484350204467773,10.519967402849112,10.426067740782734,10.426067740782734,7003400
2006-09-06,10.354838371276855,10.43902474198951,10.34512503433498,10.413120863257948,7681800
2006-09-07,10.241509437561035,10.312743855451908,10.205892846197942,10.280364630736269,5998200
2006-09-08,10.28036117553711,10.315978372511712,10.19941344974548,10.19941344974548,5621400
2006-09-11,10.005141258239746,10.21560527382172,9.959810718214108,10.21560527382172,15488200
2006-09-12,10.12170696258545,10.128182930951388,10.001904018144938,10.005142002327906,10491200
2006-09-13,10.192938804626465,10.23503197334004,10.095801768118886,10.118467035465173,3942400
2006-09-14,10.16055965423584,10.189700888898551,10.121705086407038,10.173511588566921,5343800
2006-09-15,10.15176773071289,10.22016240264137,10.15176773071289,10.184336888338123,8517600
2006-09-18,10.275529861450195,10.350439110912584,10.168052075322878,10.194107277377833,6680400
2006-09-19,10.145251274108887,10.272270895416039,10.115939101592225,10.262499964175532,10681200
2006-09-20,10.23319149017334,10.278787943365609,10.12897067075953,10.12897067075953,15562000
2006-09-21,10.141997337341309,10.27227397478225,10.128970046320243,10.161539205680478,5910600
2006-09-22,10.132226943969727,10.190851306111911,10.08988685077591,10.096400806837272,4985800
2006-09-25,10.187597274780273,10.200624569466022,9.988925905879535,10.128972895681352,6461400
2006-09-26,10.389520645141602,10.402548555569991,10.17782207031994,10.17782207031994,6697600
2006-09-27,10.366724967956543,10.444890586100373,10.298330285032609,10.438376629287108,9570800
2006-09-28,10.396031379699707,10.418829594681618,10.343920996539689,10.386260449905416,3706200
2006-09-29,10.304840087890625,10.386262656527446,10.304840087890625,10.356950482121798,5528600
2006-10-02,10.324385643005371,10.37649605586807,10.242963045256765,10.259247316324437,3764400
2006-10-03,10.187597274780273,10.252734990619459,10.171312379916563,10.252734990619459,9365000
2006-10-04,10.203873634338379,10.226671848260112,10.086624967078327,10.145249300708352,10924400
2006-10-05,10.366724967956543,10.38300923878459,10.210393731668884,10.210393731668884,3994400
2006-10-06,10.41557788848877,10.422091844981102,10.073603248307359,10.073603248307359,4680200
2006-10-09,10.50025463104248,10.565391689747319,10.42860237557545,10.438372685899225,5063800
2006-10-10,10.549110412597656,10.55236801190131,10.422091372777547,10.477458136838576,3724800
2006-10-11,10.454657554626465,10.506767950047033,10.366721650607328,10.467685464084065,9303800
2006-10-12,10.562134742736816,10.578419006501786,10.470941871725236,10.49374008947813,5047200
2006-10-13,10.666356086730957,10.711952524652032,10.56864925655583,10.578419566850416,5525200
2006-10-16,10.744522094726562,10.764062714949112,10.69566805935073,10.698924415251245,3205600
2006-10-17,10.669617652893066,10.757554215714896,10.584938690033358,10.757554215714896,5711200
2006-10-18,10.63052749633789,10.76731802082071,10.610986880275679,10.76406042320403,4159600
2006-10-19,10.70218276977539,10.724980989919104,10.614246245331154,10.637044465474865,5616800
2006-10-20,10.643560409545898,10.7086987260215,10.64030281039659,10.685900501616548,5116600
2006-10-23,10.711953163146973,10.715210761712507,10.610989970992238,10.610989970992238,6448000
2006-10-24,10.835712432861328,10.84874033823379,10.69566555613097,10.715207414189662,8030000
2006-10-25,10.825946807861328,10.891083878080165,10.760808495232517,10.832459520955231,5584200
2006-10-26,10.848748207092285,10.88783070914771,10.770581960571096,10.874802794325788,5656400
2006-10-27,10.874798774719238,10.972505614947996,10.79989015579686,10.829202332106476,6704400
2006-10-30,10.90411376953125,10.93668355296608,10.825948774108056,10.8943434557059,7657000
2006-10-31,10.923652648925781,10.933422960076225,10.855257986052957,10.913881095365477,1699200
2006-11-01,10.838970184326172,11.01810080025035,10.816171968192114,10.92365033774662,5713400
2006-11-02,10.874798774719238,10.907368549735411,10.78686224579039,10.812918065803329,4536000
2006-11-03,10.838970184326172,10.965989172047244,10.829199875242889,10.913878786253738,8653600
2006-11-06,10.97250747680664,10.998563301240834,10.881314576107142,10.904112801282016,5431200
2006-11-07,10.936680793762207,11.050671900999916,10.936680793762207,11.034387634595943,4378400
2006-11-08,10.962737083435059,10.985535308442705,10.865030227343711,10.959480726609717,3360800
2006-11-09,11.083239555358887,11.141863903694585,10.969248457156024,10.969248457156024,3042000
2006-11-10,10.975764274597168,11.057186856393276,10.913882317289728,11.057186856393276,4717000
2006-11-13,11.083239555358887,11.083239555358887,10.910624108820324,10.93667992692943,2541000
2006-11-14,11.079983711242676,11.109295886764873,10.982276873638636,11.106038288145825,4047400
2006-11-15,11.125582695007324,11.1516385202745,11.014847922442087,11.05067406097939,9802600
2006-11-16,11.066954612731934,11.249341601100662,11.060440658603438,11.249341601100662,3134600
2006-11-17,11.018101692199707,11.079982392085931,10.972504013830717,11.008330139915788,13519400
2006-11-20,11.229799270629883,11.301451520646976,11.184202836040699,11.242827178343838,9326000
2006-11-21,11.259113311767578,11.26888362297093,11.174434382382167,11.184204693585519,5814400
2006-11-22,11.415440559387207,11.415440559387207,11.294935540673789,11.314477398739252,4522800
2006-11-24,11.425215721130371,11.425215721130371,11.360077416064748,11.382875636476241,1311600
2006-11-27,11.236316680908203,11.399161850196728,11.216774813325964,11.37961998261449,6874000
2006-11-28,11.281913757324219,11.291684070454002,11.197234811242504,11.207005124372287,7285400
2006-11-29,11.376361846923828,11.37961820313997,11.268883455643389,11.272141054269381,2838600
2006-11-30,11.399164199829102,11.425220028642798,11.320997955798312,11.376365970822267,3316000
2006-12-01,11.307969093322754,11.399161991685014,11.220032551726263,11.369849811152852,8487400
2006-12-04,11.474072456359863,11.490356727613051,11.34379704392411,11.347053401210644,7015200
2006-12-05,11.522924423217773,11.558750558925022,11.457786107605507,11.470814019209968,6581600
2006-12-06,11.477327346801758,11.555492327330098,11.464299435910378,11.506639525102376,1758200
2006-12-07,11.548977851867676,11.601088250676845,11.506639006992039,11.545721495496437,3971600
2006-12-08,11.578286170959473,11.584800123941408,11.519661836531569,11.539203695477369,1174000
2006-12-11,11.535948753356934,11.607601010243055,11.535948753356934,11.604344654207223,14063800
2006-12-12,11.405675888061523,11.480584517383614,11.343795170554593,11.46430024881969,6589400
2006-12-13,11.474072456359863,11.474072456359863,11.405677771650323,11.438246314156697,5515000
2006-12-14,11.558746337890625,11.568516646821022,11.425213398733685,11.451267970017938,5522600
2006-12-15,11.645672798156738,11.685184043951962,11.573238026198691,11.573238026198691,11078600
2006-12-18,11.527140617370605,11.64567183293223,11.52384864182715,11.642379857388773,6902600
2006-12-19,11.612746238708496,11.622623420645672,11.457997023027461,11.457997023027461,7093400
2006-12-20,11.556774139404297,11.635795373355737,11.556774139404297,11.573237786144112,1906200
2006-12-21,11.418489456176758,11.635796296789119,11.35922384000975,11.573238704612834,12633400
2006-12-22,11.355932235717773,11.448122638995258,11.32300619454721,11.44482940687818,4232800
2006-12-26,11.454707145690918,11.461292353521722,11.388856323382843,11.405318714959868,759200
2006-12-27,11.566652297973633,11.58640666398221,11.484339090271572,11.533726261292886,2260000
2006-12-28,11.550188064575195,11.606160434001174,11.52384723943379,11.606160434001174,2766600
2006-12-29,11.471166610717773,11.540309391301404,11.45141099226546,11.540309391301404,1049400
2007-01-03,11.395442008972168,11.543606051377184,11.339468368063597,11.47446199425483,7635600
2007-01-04,11.34276008605957,11.385563305040886,11.270324062552705,11.385563305040886,8948800
2007-01-05,11.267033576965332,11.34605356215035,11.188012335780295,11.316420753705964,13999200
2007-01-08,11.267033576965332,11.290081177310965,11.20776796007656,11.273618785064087,6679000
2007-01-09,11.270325660705566,11.329591278160638,11.184720466603814,11.293373261271425,7707800
2007-01-10,11.349348068237305,11.355933277075291,11.201184009383,11.227523588734787,8673800
2007-01-11,11.471166610717773,11.507384616547194,11.342758230776846,11.362512593229514,7327200
2007-01-12,11.599575996398926,11.642379212090367,11.454705216519885,11.454705216519885,6262800
2007-01-16,11.629210472106934,11.662135254453808,11.589700482090699,11.632503703941584,4129800
2007-01-17,11.668719291687012,11.681889705704672,11.596284526589503,11.632502537138162,6434000
2007-01-18,11.599575996398926,11.718107205390758,11.583113607594452,11.685182427781807,3644600
2007-01-19,11.777373313903809,11.790543727910926,11.606161699810738,11.6423797103304,21810800
2007-01-22,11.655550956726074,11.803713728887928,11.625918151093725,11.803713728887928,6688800
2007-01-23,11.80370807647705,11.810293280797456,11.642374966624674,11.68847014086821,4842600
2007-01-24,11.925536155700684,11.945290518763889,11.790542565436802,11.797127771791098,8075800
2007-01-25,11.886027336120605,12.011143770311332,11.833346930566606,12.011143770311332,7942000
2007-01-26,11.879443168640137,11.905782742938715,11.77078912765871,11.905782742938715,6730400
2007-01-29,11.833346366882324,11.90907436775888,11.807006793359987,11.889320001617097,5660000
2007-01-30,11.866272926330566,11.87285813400111,11.79713012978978,11.843225327483637,6068600
2007-01-31,11.935415267944336,12.067116904335402,11.83005446123144,11.849810083490066,7902600
2007-02-01,12.080284118652344,12.109916919270447,12.04735934285431,12.060529755573398,3460600
2007-02-02,12.060529708862305,12.080284071864739,11.974923282519478,12.057236477695444,13602000
2007-02-05,12.01114559173584,12.103336001435524,12.001268406696626,12.083581631357097,6067200
2007-02-06,12.093456268310547,12.109918658573998,12.030898682909493,12.053946280478295,8626600
2007-02-07,12.093456268310547,12.152721878058859,12.070408670741745,12.093456268310547,24493600
2007-02-08,12.1066255569458,12.129673152371064,12.040774746016583,12.06711557278817,25792200
2007-02-09,12.05064868927002,12.172473096346915,12.044064740346405,12.132961866808747,8003200
2007-02-12,12.100042343139648,12.142845565693328,12.050653912808484,12.073701512029706,5516200
2007-02-13,12.3436861038208,12.356855259211715,12.179059729438553,12.198814090524705,30785800
2007-02-14,12.41942024230957,12.429297427749312,12.337107014311231,12.370031803110493,10457600
2007-02-15,12.47868824005127,12.485272194263063,12.40295895061101,12.429299791459869,7286400
2007-02-16,12.416123390197754,12.511607008279844,12.416123390197752,12.45892660795866,4864600
2007-02-20,12.518189430236816,12.531359841386875,12.399658241885357,12.44246145012328,6671800
2007-02-21,12.597214698791504,12.689406359729908,12.449051906854908,12.47868471644224,7654000
2007-02-22,12.593920707702637,12.742084731934405,12.557702695557108,12.692696305190527,5853400
2007-02-23,12.643305778503418,12.679522525035981,12.524774590580021,12.60379454519593,9463800
2007-02-26,12.758546829223633,12.89354043575736,12.705866428039736,12.824397644703463,8082800
2007-02-27,12.241616249084473,12.524773789683973,11.991383478136306,12.5050181742935,18486200
2007-02-28,12.254792213439941,12.327226990701527,12.090165778572667,12.26466939761197,16951000
2007-03-01,12.20211410522461,12.314060152281726,11.352640938261743,12.017732011248107,15466200
2007-03-02,12.001270294189453,12.19882156204429,11.958467058954117,12.19882156204429,11889200
2007-03-05,11.84322452545166,12.001265730842192,11.797129330879404,11.886026488411698,12049800
2007-03-06,12.083579063415527,12.126382282822682,11.918952649080165,11.918952649080165,12724600
2007-03-07,12.024312973022461,12.13955095604986,12.0210197415075,12.030898180052572,21999000
2007-03-08,12.14284610748291,12.267961292837658,11.971634465629027,12.103334859055082,20080600
2007-03-09,12.284424781799316,12.317349565729094,12.205403541967856,12.215280725946789,4042400
2007-03-12,12.323931694030762,12.376612088753856,12.215277673414558,12.215277673414558,4761800
2007-03-13,12.024312973022461,12.337103398953733,11.99797214490202,12.264667377622331,14996800
2007-03-14,12.100042343139648,12.159307957137063,11.830055104262515,12.034191521364747,14061200
2007-03-15,12.330517768859863,12.402952531706191,12.182353755765464,12.205401351580173,12262800
2007-03-16,12.230953216552734,12.336449212716625,12.14853439094898,12.329856813366423,13679800
2007-03-19,12.412278175354004,12.412278175354004,12.247440490462777,12.362826366841944,9540000
2007-03-20,12.46502685546875,12.504587549841741,12.36612323311857,12.379310550446835,5469200
2007-03-21,12.606792449951172,12.626572176297813,12.415580044518263,12.461734416143502,10007200
2007-03-22,12.547438621520996,12.613372655730501,12.521064001748323,12.596889147178125,2523800
2007-03-23,12.600194931030273,12.600194931030273,12.494698897438541,12.527665936331488,7180400
2007-03-26,12.689205169677734,12.722172202658852,12.468322024346824,12.626566046357238,7396800
2007-03-27,12.550739288330078,12.695795975887616,12.527662116618913,12.659532747206885,6172200
2007-03-28,12.425463676452637,12.57711529552827,12.395792844199978,12.57711529552827,14652200
2007-03-29,12.52107048034668,12.840855993691395,12.395793486828378,12.840855993691395,9755800
2007-03-30,12.544147491455078,12.639753649930077,12.415574299249533,12.560631008320351,11558800
2007-04-02,12.540850639343262,12.567224013434656,12.451838143762949,12.5342569814175,4248200
2007-04-03,12.676015853881836,12.722170195819531,12.57051985584953,12.57051985584953,6530000
2007-04-04,12.695796012878418,12.728764299427237,12.672718841100016,12.676016298560668,4702400
2007-04-05,12.679315567016602,12.695799085474528,12.639754871195208,12.682613025275295,3154800
2007-04-09,12.873819351196289,12.873819351196289,12.758433506969356,12.758433506969356,8681200
2007-04-10,12.732067108154297,12.834266963087556,12.732067108154297,12.82107964162284,3693800
2007-04-11,12.676015853881836,12.824369994118355,12.629861511944139,12.824369994118355,9888200
2007-04-12,12.788108825683594,12.791405026271967,12.652941964547455,12.685909000878485,8429800
2007-04-13,12.81777572631836,12.82436938308265,12.69909241978398,12.788104899684765,3594200
2007-04-16,12.98920726776123,12.989207267761232,12.837555674621962,12.847446788755661,4031800
2007-04-17,12.867226600646973,12.94305176899337,12.847446887450547,12.923272055796945,5727000
2007-04-18,12.798006057739258,12.867237628484455,12.76503900241656,12.830973113061958,5452200
2007-04-19,12.751843452453613,12.784810486512963,12.616676600631497,12.676018268027716,7356000
2007-04-20,12.883707046508789,12.903486753064826,12.824365411618587,12.857332427619344,6309000
2007-04-23,12.880414009094238,12.962832834981768,12.854040638768199,12.92327215068697,5022800
2007-04-24,12.82766342163086,12.906786031861435,12.738650956725671,12.890301263922114,11312200
2007-04-25,13.032068252563477,13.055145430119211,12.887011528268589,12.887011528268589,4172600
2007-04-26,12.979321479797363,13.028773297924433,12.890308961735824,12.985915139388437,4570000
2007-04-27,12.969429016113281,12.979318874708905,12.847449482190948,12.919977207911721,5872400
2007-04-30,12.732067108154297,12.995807249387648,12.732067108154297,12.956246542605694,6300000
2007-05-01,12.679315567016602,12.75514075801254,12.57052333910481,12.722173721096688,8152200
2007-05-02,12.83096694946289,12.867231447465047,12.676020354742692,12.68261401416235,4752200
2007-05-03,12.873819351196289,12.933161001830534,12.817775157603602,12.90678763355497,3271200
2007-05-04,12.98920726776123,13.03536160834696,12.916678299634253,12.966130097468367,3975400
2007-05-07,13.160639762878418,13.190310595572361,12.94635153352144,12.94635153352144,6196000
2007-05-08,13.170534133911133,13.170534133911133,13.038663454321762,13.170534133911133,10947000
2007-05-09,13.226571083068848,13.22986853993218,13.104591588963126,13.104591588963126,11946600
2007-05-10,12.972728729248047,13.180424619278906,12.952949006700772,13.15734743789904,14010400
2007-05-11,13.124380111694336,13.150753493724931,12.999103088615904,13.025476470646499,7986800
2007-05-14,13.107889175415039,13.183715599960589,13.005690638839763,13.13756000226851,5142200
2007-05-15,13.1903076171875,13.252946726292793,13.078217969832746,13.101296396816187,7168600
2007-05-16,13.23646354675293,13.236463546752928,13.091405612635487,13.190307949235553,5715800
2007-05-17,13.229870796203613,13.285914996325118,13.134264652642957,13.137560852457122,6542800
2007-05-18,13.279318809509277,13.325473143784825,13.23646193203129,13.23646193203129,6388400
2007-05-21,13.29910659790039,13.358448274576952,13.272731960438838,13.276029418927498,8148800
2007-05-22,13.219980239868164,13.325476244938342,13.219980239868164,13.299102872476588,4164800
2007-05-23,13.279318809509277,13.3881122468256,13.246351787201396,13.26942895433917,14445400
2007-05-24,13.137563705444336,13.378227845322069,13.084815693682103,13.269434363655824,11932600
2007-05-25,13.292510032653809,13.292510032653809,13.137562215470224,13.137562215470224,5872000
2007-05-29,13.249651908874512,13.318884688395107,13.190310245063523,13.295807514425462,6117800
2007-05-30,13.417790412902832,13.42438407249508,13.130973137505906,13.180423698029802,10885600
2007-05-31,13.483725547790527,13.546363426553931,13.440867389893484,13.460648368371801,7053400
2007-06-01,13.67164134979248,13.67164134979248,13.516693485450247,13.516693485450247,4435000
2007-06-04,13.589217185974121,13.602403243079724,13.526578069873414,13.602403243079724,3991400
2007-06-05,13.543069839477539,13.585926748034172,13.470540828670622,13.569443224926836,8460400
2007-06-06,13.368334770202637,13.500205409096605,13.322180423873233,13.496907951437867,10731200
2007-06-07,13.068329811096191,13.378225424534076,13.008988151400066,13.302398992335583,16667000
2007-06-08,13.318885803222656,13.318885803222656,12.956242132066594,13.117783620987234,12843800
2007-06-11,13.203495979309082,13.272727492924881,13.078219008757985,13.246354121952367,7229200
2007-06-12,13.041961669921875,13.233172783050684,13.038664211054162,13.094709693296588,10473400
2007-06-13,13.348555564880371,13.384818797231162,13.107891451058919,13.12767242493253,8952800
2007-06-14,13.450754165649414,13.513393287659673,13.348555610978647,13.348555610978647,5466400
2007-06-15,13.610705375671387,13.660379990037235,13.52129309105753,13.567655390717432,7031400
2007-06-18,13.610705375671387,13.882257070774742,13.567655390717432,13.882257070774742,3887000
2007-06-19,13.676932334899902,13.6835556984,13.514664350618498,13.527909814341273,4720000
2007-06-20,13.504733085632324,13.70343026571596,13.46168310373369,13.69018353438815,6450000
2007-06-21,13.580900192260742,13.627263752919982,13.329218607928452,13.46499444880729,13295200
2007-06-22,13.541169166564941,13.610712653239286,13.471625679890597,13.544481483041965,8828800
2007-06-25,13.329224586486816,13.557725124617788,13.329224586486816,13.498116068883025,7822800
2007-06-26,13.163639068603516,13.45837191732325,13.14708128469482,13.362335002063714,19087000
2007-06-27,13.279536247253418,13.29609528375113,12.998050312672007,13.150383847544838,17329600
2007-06-28,13.329224586486816,13.392144694971988,13.282862268310542,13.325913533736408,10014800
2007-06-29,13.412008285522461,13.517979607950783,13.30934801423598,13.38220377213463,15360800
2007-07-02,13.627265930175781,13.650447082570171,13.441815447742602,13.521294586864839,9339400
2007-07-03,13.630572319030762,13.66368787875752,13.60076780996563,13.64713009889414,4017400
2007-07-05,13.660384178161621,13.663695230604782,13.584217339185875,13.630579653059955,4547400
2007-07-06,13.776281356811523,13.776281356811523,13.614013359620971,13.686869100640617,6073000
2007-07-09,13.809402465820312,13.825960249391546,13.70343113503092,13.723299970005238,5009800
2007-07-10,13.610705375671387,13.72661238809906,13.504734044083634,13.72661238809906,9444800
2007-07-11,13.71005630493164,13.746482928269801,13.577591492377701,13.623953797788158,5680800
2007-07-12,14.05777359008789,14.120693675569592,13.825960820678407,13.925308789488767,14037800
2007-07-13,14.206791877746582,14.253154164949464,14.074327117214706,14.09419721027776,7418600
2007-07-16,14.130626678466797,14.24984473441226,14.06770659928573,14.206794752314716,11683000
2007-07-17,14.256474494934082,14.28296796959592,14.176996597505376,14.180307650198904,8271800
2007-07-18,14.279651641845703,14.279651641845703,14.090890109385887,14.117383576604551,13055800
2007-07-19,14.312766075134277,14.32601154324385,14.223352533186032,14.282961561151529,10068600
2007-07-20,14.173686027526855,14.269722990088779,14.044533480836678,14.269722990088779,22897600
2007-07-23,14.157118797302246,14.22003887051028,14.094198724094214,14.107444190947994,10238200
2007-07-24,13.87563419342041,14.067706747473048,13.776284970234101,14.03127886740845,13567800
2007-07-25,13.643818855285645,14.0743274420335,13.455057388301757,13.92530489881527,29214800
2007-07-26,13.190134048461914,13.491490298013655,12.948385575172267,13.458373463114622,38783600
2007-07-27,12.888772964477539,13.259673832910911,12.862280767176715,13.113962326284325,29602000
2007-07-30,13.213309288024902,13.24973589519506,12.918575274074412,12.961626508537801,14804200
2007-07-31,13.054346084594727,13.455051242962057,13.047723986389641,13.368948806971577,22728000
2007-08-01,13.130522727966309,13.130522727966309,12.796049701618179,13.041109184188427,31120400
2007-08-02,13.163639068603516,13.173573486293144,12.961630820394815,13.137145603727255,15091000
2007-08-03,12.723193168640137,13.090781738548678,12.723193168640137,13.074223956619367,18735000
2007-08-06,12.872220993041992,12.872220993041992,12.527814693019524,12.805988574979798,22623200
2007-08-07,12.964944839477539,13.05104608508813,12.733132044448574,12.733132044448574,17104200
2007-08-08,13.299423217773438,13.345785546962652,13.00469018511738,13.027871349711987,18183600
2007-08-09,12.964944839477539,13.163640799057736,12.84572675841818,13.074227238263216,16458200
2007-08-10,12.80929946899414,13.007995437849349,12.637095706456487,12.83248062325131,24855000
2007-08-13,12.86559772491455,13.017932666625216,12.802677622069442,13.01130929843968,11671800
2007-08-14,12.534436225891113,12.93845282068353,12.48807391434672,12.86890935336694,14007200
2007-08-15,12.219829559326172,12.570859070537255,12.10061151277232,12.521185726658308,31921800
2007-08-16,12.054252624511719,12.103925982420689,11.4680979055836,11.99464358439848,33698400
2007-08-17,12.219829559326172,12.70001153321135,12.037690175270154,12.481445535621866,27779000
2007-08-20,12.448330879211426,12.517874323671005,12.226452551245082,12.355606286598652,22433600
2007-08-21,12.524496078491211,12.603975192849854,12.3754735286173,12.401966987829404,15559600
2007-08-22,12.99805736541748,12.99805736541748,12.64371552046705,12.64371552046705,33409200
2007-08-23,12.749691009521484,13.044423924240451,12.693394278969869,13.034489504326219,13163800
2007-08-24,13.047733306884766,13.047733306884767,12.789427077672334,12.792739392418023,11067400
2007-08-27,12.931825637817383,13.084159263174037,12.908644488883887,13.047732645762736,10226800
2007-08-28,12.633781433105469,12.852347448428727,12.531121159515061,12.815919568661878,19082400
2007-08-29,12.8821439743042,12.908636157439192,12.627150237334991,12.656954732910018,15977800
2007-08-30,12.849040031433105,12.941765923440324,12.683459615401034,12.739757613756664,11619200
2007-08-31,12.964944839477539,13.13052522688707,12.938451371118525,13.007994830643783,12699800
2007-09-04,13.147083282470703,13.203380008970464,12.911959430716177,13.004684045317257,10019000
2007-09-05,13.031172752380371,13.100717457938206,12.915267015246963,12.998057188421622,14231800
2007-09-06,13.097408294677734,13.163640701807857,12.974879162617766,13.057669355710898,11044000
2007-09-07,12.789429664611816,12.98481458595637,12.772871877368011,12.95169901146876,22327000
2007-09-10,12.70995044708252,12.902023032860354,12.574174584682961,12.902023032860354,20307800
2007-09-11,12.875533103942871,12.892090892375467,12.73313384952164,12.782807214819428,14569800
2007-09-12,12.948390007019043,12.948390007019043,12.74969398272947,12.792745251194331,7878200
2007-09-13,12.991436004638672,13.094096291395097,12.925203602320916,13.007993789398611,9552000
2007-09-14,13.08084487915039,13.160323986156971,12.961626850279297,12.964939164013243,8962600
2007-09-17,13.067604064941406,13.27954676184382,13.067604064941406,13.140459840730905,18160000
2007-09-18,13.676932334899902,13.693490112011435,13.127205797166061,13.226553723112675,27159600
2007-09-19,13.832588195800781,14.064401032390974,13.772979144583923,13.77629019708338,28976400
2007-09-20,13.789538383483887,13.895509760505057,13.753110485768149,13.892198707657471,28232800
2007-09-21,13.829453468322754,14.012426499652577,13.82279974202931,14.012426499652577,10791600
2007-09-24,13.846085548400879,13.992464971792668,13.79285701327706,13.839431822876854,21746000
2007-09-25,13.799511909484863,13.84941422061433,13.696381058715923,13.746283369845392,11859600
2007-09-26,13.97250747680664,14.032389753232737,13.849416694850204,13.895991516721898,14055200
2007-09-27,14.135519981384277,14.138846210337677,14.005774208965859,14.019081662916772,10488800
2007-09-28,14.009099006652832,14.301856591798915,13.965850424183108,14.045693863429644,10771400
2007-10-01,14.271921157836914,14.271921157836914,14.022412055560526,14.022412055560526,11827800
2007-10-02,14.172109603881836,14.241973083007945,14.049018862008323,14.241973083007945,12957000
2007-10-03,13.989144325256348,14.125542592624832,13.95254945148717,14.042372886447245,11385600
2007-10-04,14.049020767211914,14.062328219237555,13.882681424096829,14.005772182662819,8576200
2007-10-05,14.288542747497559,14.35507870558905,14.138837159058662,14.165452049922397,9513400
2007-10-08,14.205382347106934,14.278570806400765,14.12221266271997,14.278570806400765,3879600
2007-10-09,14.471526145935059,14.571329520713961,14.248631984564469,14.275245625606752,9626800
2007-10-10,14.38502311706543,14.448231593738097,14.24529744617304,14.38502311706543,11118200
2007-10-11,14.30518627166748,14.594616429266628,14.16546180560883,14.454891963207977,18650400
2007-10-12,14.42162036895752,14.448235272692312,14.228667393154105,14.325144515590042,11133000
2007-10-15,14.338449478149414,14.57465228695462,14.225338685039485,14.484828898096588,10986800
2007-10-16,14.085614204406738,14.231992354712737,14.04569312142662,14.231992354712737,13680600
2007-10-17,14.078961372375488,14.245300709259952,13.949216892656557,14.18541844645607,16984200
2007-10-18,14.188745498657227,14.285221346530989,14.019078669680566,14.019078669680566,11466400
2007-10-19,13.879356384277344,14.341779594689068,13.869375159869065,14.341779594689068,27088600
2007-10-22,13.776230812072754,13.829459376090327,13.569970285138295,13.716348518919352,26743000
2007-10-23,13.995792388916016,14.032387247872572,13.772898275734784,13.862720405268258,16396400
2007-10-24,14.022405624389648,14.108901515118399,13.796184040553426,13.895987381876857,25052800
2007-10-25,14.132195472717285,14.18542403071161,13.959202341968494,14.075640685065968,15249600
2007-10-26,14.398333549499512,14.444908363865006,14.185419387218104,14.205380565832678,15058400
2007-10-29,14.558021545410156,14.6844398257824,14.46487190148783,14.6844398257824,8782600
2007-10-30,14.215362548828125,14.488159016806852,14.198728865476971,14.335127099466336,29513400
2007-10-31,14.591286659240723,14.63120774427418,14.291875348818767,14.404986147303903,19290600
2007-11-01,14.085614204406738,14.551364825758725,14.049019349563153,14.551364825758725,22556200
2007-11-02,14.212028503417969,14.338445442614578,13.886003666582301,14.338445442614578,21447600
2007-11-05,14.04569149017334,14.132187371429438,13.90929330918644,14.049017717923569,18456400
2007-11-06,14.375046730041504,14.391680411699463,14.102250289831588,14.138845150920234,19070200
2007-11-07,13.97250747680664,14.315166182635862,13.92925888403919,14.092272029658835,19238200
2007-11-08,14.105583190917969,14.228674005220554,13.812825459132986,14.138850566977354,37757200
2007-11-09,13.816146850585938,14.075637115435965,13.752938350581609,13.955872573054199,29194600
2007-11-12,13.263901710510254,13.796188484125047,13.263901710510254,13.749613661110862,33083200
2007-11-13,13.616545677185059,13.643159325748293,13.413611371980267,13.540029692595716,28062800
2007-11-14,13.686406135559082,13.879360455854473,13.656464991688038,13.73298096623205,18093800
2007-11-15,13.3903226852417,13.74961642483112,13.263904376600717,13.74961642483112,36606800
2007-11-16,13.363701820373535,13.530041158555342,13.22730361382719,13.530041158555342,24523800
2007-11-19,13.014389991760254,13.390317266634767,12.954507726061005,13.390317266634767,38250000
2007-11-20,13.214007377624512,13.323790763544338,12.96782441342012,13.170758761804269,21631800
2007-11-21,12.954511642456055,13.124178536253618,12.861361987237864,12.997760240551163,22022800
2007-11-23,13.147461891174316,13.280532604823167,12.957835140696629,12.957835140696629,4647000
2007-11-26,12.871336936950684,13.380336151236317,12.871336936950682,13.177401964979707,36073000
2007-11-27,12.97447395324707,13.120852176880408,12.641795133933043,12.851383145440195,21799800
2007-11-28,13.589927673339844,13.779554476665044,13.021047263364242,13.167426738961824,32825000
2007-11-29,13.72632122039795,13.866046920233318,13.55665565888543,13.646479051122082,23789400
2007-11-30,13.85606575012207,14.105574728078158,13.71966755960214,13.939235409440766,17616600
2007-12-03,13.786203384399414,13.939236534388048,13.676420085154334,13.939236534388048,13089000
2007-12-04,13.703038215637207,13.786207908963876,13.676424573688452,13.706365714048806,14278200
2007-12-05,13.955867767333984,13.955867767333986,13.806162140908096,13.822795817384712,11607800
2007-12-06,14.17877197265625,14.228674306872321,13.922609110547299,14.05235492569527,10917400
2007-12-07,14.311832427978516,14.37836839669538,14.20537538565875,14.258603906818633,14166000
2007-12-10,14.514771461486816,14.544712594063748,14.361738301055558,14.461542922357653,10826800
2007-12-11,13.912620544433594,14.524749289327474,13.912620544433594,14.524749289327474,18192800
2007-12-12,14.098915100097656,14.388345038008802,13.899307239863816,14.36505764467502,21747800
2007-12-13,14.20870304107666,14.222010489971122,13.97915525845395,14.088938539162836,14457000
2007-12-14,13.959199905395508,14.15548041668932,13.879357716874905,14.15548041668932,13031000
2007-12-17,13.46351146697998,13.889339925664778,13.453530239994679,13.889339925664778,17110400
2007-12-18,13.613211631774902,13.739629891599728,13.330435247789682,13.739629891599728,17760000
2007-12-19,13.593254089355469,13.716344872976887,13.493450716984896,13.579946634621065,11256800
2007-12-20,13.84276294708252,13.842762947082521,13.52671788176121,13.80616808164644,11126200
2007-12-21,14.142334938049316,14.19606971362143,13.971054460130754,14.06173213412209,12057400
2007-12-24,14.273310661315918,14.303536546903043,14.192707872704299,14.239726913391497,2636600
2007-12-26,14.347193717956543,14.357268584191939,14.179272447965994,14.310250833576603,4013600
2007-12-27,14.07851791381836,14.310250074033783,14.07851791381836,14.30017520833313,10193600
2007-12-28,14.088591575622559,14.276662534928551,14.061723563643232,14.212852928183636,4273800
2007-12-31,14.004638671875,14.159125982416208,13.971053638406456,14.159125982416208,4128600
2008-01-02,13.870295524597168,14.088593670406558,13.762826022975243,14.004633042193333,19078600
2008-01-03,14.122183799743652,14.162484560804215,13.920678713302749,13.944187597349584,17596400
2008-01-04,13.695664405822754,13.960980436799394,13.668797656976283,13.960980436799394,28750000
2008-01-07,13.507589340209961,13.789697166229379,13.32287489134061,13.70573651897524,39212600
2008-01-08,13.299370765686035,13.79305995794492,13.255712135929867,13.568045957831824,45845800
2008-01-09,13.38332748413086,13.460572411763435,13.013901125914881,13.255708214863745,51423600
2008-01-10,13.564682960510254,13.705737524436719,13.158313705461794,13.302726131824123,29527200
2008-01-11,13.426987648010254,13.6049838247126,13.36317801211305,13.413553635883082,21819000
2008-01-14,13.87701416015625,13.917314907718382,13.500870860255121,13.55124647442337,27600200
2008-01-15,13.497518539428711,13.866946302406356,13.413557858907197,13.672156908650056,33196000
2008-01-16,13.04748821258545,13.474008589766093,12.859417122963768,13.299370234304382,38355400
2008-01-17,12.402670860290527,13.04413035812155,12.308635315416309,12.88628388110707,46344200
2008-01-18,12.543721199035645,12.745227537380893,12.24818061928327,12.453044820088879,36622400
2008-01-22,12.429536819458008,12.577308416165387,11.697400967700167,11.88211418244626,44111000
2008-01-23,12.644476890563965,12.657909623542418,11.63694889230829,12.11720400730121,56007200
2008-01-24,12.84597396850586,13.03068706345953,12.714995615377571,12.792239226680477,38228600
2008-01-25,12.909784317016602,13.27921180932152,12.819106694754595,13.252343796293944,35302000
2008-01-28,13.165034294128418,13.178468309803538,12.802323557729691,12.946736023391601,27844400
2008-01-29,13.232196807861328,13.4437766891505,13.171745047167953,13.296006430309827,27982800
2008-01-30,13.181827545166016,13.65200789362729,13.101224723864112,13.16503566439348,27179800
2008-01-31,13.416913032531738,13.544533587871024,12.9702417294132,13.178465077897808,26620800
2008-02-01,13.742687225341797,13.78970629508674,13.480730242456094,13.688952426771943,26386400
2008-02-04,13.52774429321289,13.799777356447839,13.507594550028427,13.688948644380094,16330800
2008-02-05,13.138163566589355,13.34974478606832,13.034053169318138,13.28257600261522,20378400
2008-02-06,13.04748821258545,13.339672280198924,12.940018652476427,13.148242046183592,24290400
2008-02-07,13.097861289978027,13.238914565847013,12.775452704159342,12.929939991388565,21578000
2008-02-08,13.376611709594727,13.390044440268023,12.980317329130175,12.980317329130175,32177000
2008-02-11,13.423628807067871,13.55796507513378,13.215405477688313,13.393402922553923,20756000
2008-02-12,13.665434837341309,13.83671527958216,13.440420911859134,13.504230544203816,44790600
2008-02-13,13.608345985412598,14.397575796363999,13.423632761693993,14.102035150869508,22274600
2008-02-14,13.43370246887207,13.846788666053362,13.43370246887207,13.71916813388052,32134000
2008-02-15,13.517668724060059,13.604987262676145,13.349747373450617,13.467291806421931,21719400
2008-02-19,13.853507041931152,13.994560316866476,13.594908090078565,13.594908090078565,30564800
2008-02-20,13.934110641479492,14.004637283062399,13.652002794009967,13.652002794009967,17908000
2008-02-21,13.746041297912598,14.115467741601076,13.712457541627531,14.088600992800657,29482200
2008-02-22,13.87701416015625,13.940823783891098,13.568039626950453,13.940823783891098,25292000
2008-02-25,14.19606876373291,14.229652515791534,13.756114437392037,13.93746977323985,29337800
2008-02-26,14.263235092163086,14.35727060664014,14.034862030314978,14.199424180649826,39241200
2008-02-27,14.259876251220703,14.400930807065022,14.058371207029197,14.192707476110925,25096200
2008-02-28,14.182635307312012,14.280029985699288,14.081882766042241,14.189352314215073,21920400
2008-02-29,13.7258882522583,14.138974543138861,13.655361605772399,14.138974543138861,20403000
2008-03-03,13.954262733459473,13.95426273345947,13.715814744357942,13.766191657497982,25723400
2008-03-04,13.61842155456543,13.954264262599784,13.366539523539664,13.759476158131754,52488600
2008-03-05,14.0012788772583,14.08859867908035,13.571400717943513,13.571400717943513,24710800
2008-03-06,13.87701416015625,14.041577574502929,13.769544645898785,13.776261650682084,28603400
2008-03-07,13.296002388000488,13.769540182039782,13.198607771922877,13.601618960307588,53340800
2008-03-10,13.01054573059082,13.23220184377863,12.798964487640323,13.20197595192856,67089000
2008-03-11,13.803132057189941,13.803132057189941,13.121371904711776,13.369896023194432,59317400
2008-03-12,13.604984283447266,13.826640366467798,13.500873888796049,13.766189872133065,23493600
2008-03-13,13.937468528747559,13.937468528747559,13.302726191095097,13.500873385279434,39173000
2008-03-14,13.692307472229004,14.08188496548804,13.46393432640768,14.021433175056615,50698600
2008-03-17,13.416913032531738,13.695661743169358,13.148239190610555,13.148239190610555,35359000
2008-03-18,13.887091636657715,13.897167786295176,13.497514253974067,13.712454604021861,31234600
2008-03-19,12.946732521057129,13.971052238129637,12.946732521057129,13.769547182066747,51200400
2008-03-20,12.902935028076172,13.088224964437757,12.498665258199331,12.86250843662994,62156400
2008-03-24,13.36111068725586,13.607041214814904,13.098335849479604,13.165714375486937,45884600
2008-03-25,13.762016296386719,13.839502466878232,13.54977559156247,13.54977559156247,32848000
2008-03-26,13.701373100280762,13.863082108857906,13.633995846035491,13.812547883035204,26800200
2008-03-27,13.664312362670898,13.849602331111948,13.576719900044546,13.71821492231081,30371400
2008-03-28,13.549766540527344,13.71484253401132,13.495863991716925,13.70810455476775,18035600
2008-03-31,13.53292179107666,13.708105406884743,13.41501035982998,13.674416793710893,24524000
2008-04-01,13.96414566040039,14.06521280074332,13.381323823113146,13.654204973525209,30459200
2008-04-02,14.058472633361816,14.092162531661563,13.772115566074143,13.910240936257571,24039400
2008-04-03,14.314512252807617,14.432423696638164,13.863077848353258,13.863077848353258,33810200
2008-04-04,14.455999374389648,14.557066463615616,14.166272776174182,14.37177658584505,28776800
2008-04-07,14.378514289855957,14.755832015525598,14.307767457256226,14.567173795259647,43202200
2008-04-08,14.513277053833008,14.513277053833008,14.233656672744681,14.311141513432972,27150400
2008-04-09,14.358308792114258,14.573919047713353,14.263979626574276,14.391998697763174,19537200
2008-04-10,14.395366668701172,14.415580611561058,14.135960185122357,14.34820208716656,12589000
2008-04-11,14.21007251739502,14.371780157370017,14.142694012787583,14.250499106104249,24611200
2008-04-14,14.13932991027832,14.274085674806713,14.075319733374249,14.15280458713423,9611200
2008-04-15,14.216813087463379,14.348200488568024,14.048367437813667,14.183123186450445,22334400
2008-04-16,14.897336959838867,14.897336959838865,14.338097330767999,14.338097330767999,34378800
2008-04-17,14.823216438293457,15.005138039378423,14.597499895758533,14.799634151316324,31061400
2008-04-18,14.90406608581543,15.032083806486682,14.75583314694032,14.806367337036441,20974800
2008-04-21,14.941134452819824,14.995037030381578,14.769320388447616,14.856911595058408,19526600
2008-04-22,14.823216438293457,14.97818611989698,14.621082182735666,14.97818611989698,22538600
2008-04-23,14.590766906738281,14.836697473006158,14.53686433447599,14.78616324926208,15473800
2008-04-24,14.378514289855957,14.634550996704492,14.26733959422403,14.634550996704492,26390400
2008-04-25,14.789520263671875,14.836684813515607,14.408832949002663,14.486317750194166,17533800
2008-04-28,14.705310821533203,14.84343625067899,14.584029706158608,14.806377989299111,16153000
2008-04-29,14.220178604125977,14.540225531775034,14.16964569037385,14.540225531775034,21407200
2008-04-30,14.25386905670166,14.469479248153382,14.213441181950879,14.22691714020114,18121000
2008-05-01,14.152806282043457,14.263981054103438,13.927089674729373,14.213446833141878,31045600
2008-05-02,14.297669410705566,14.439164455669658,14.216816200844887,14.216816200844887,14330400
2008-05-05,14.621081352233887,14.621081352233888,14.371781251744236,14.371781251744236,13104600
2008-05-06,14.738992691040039,14.772681303135718,14.509906530402535,14.509906530402535,19345400
2008-05-07,14.573923110961914,14.84006765666695,14.496438234074155,14.762582779779189,21031000
2008-05-08,14.823216438293457,14.890594951858805,14.573916323643145,14.63118850997208,26440400
2008-05-09,14.637929916381836,14.786161652814023,14.536862764944502,14.786161652814023,24152000
2008-05-12,14.937766075134277,14.944504057958842,14.563816381773256,14.73563173095261,18996800
2008-05-13,15.021976470947266,15.025344816995858,14.809734686028827,14.964704307019161,20823000
2008-05-14,15.106210708618164,15.30497668972388,14.981561248136565,15.035463821734451,20852600
2008-05-15,15.2780179977417,15.348766138448406,15.146630613074922,15.173582530513317,17909400
2008-05-16,15.466678619384766,15.496998886002038,15.261174732883054,15.382455799352146,22460800
2008-05-19,15.426254272460938,15.678922769360277,15.395934001427479,15.520583433392392,25393400
2008-05-20,15.507102012634277,15.507102012634277,15.217375365896938,15.318443757187065,17727000
2008-05-21,15.052302360534668,15.520581029984973,14.971447888586521,15.513843050227775,22155800
2008-05-22,14.984926223754883,15.203906102596262,14.893965410319469,14.998402185405707,20345200
2008-05-23,14.779420852661133,14.951236133960991,14.604237223849141,14.846799369148561,26818800
2008-05-27,14.71204948425293,14.829962266680278,14.49980878913379,14.829962266680278,19087600
2008-05-28,15.079256057739258,15.123052292489028,14.614346926291514,14.614346926291514,20263200
2008-05-29,14.978180885314941,15.048927721521704,14.802997325323574,15.048927721521704,25546200
2008-05-30,14.995030403137207,15.075884876314586,14.93439115467699,15.038826629655714,16605800
2008-06-02,14.880484580993652,15.021979561764882,14.772679493328914,14.934388409964038,17745800
2008-06-03,14.897336959838867,15.085995306667504,14.691833016210298,14.944501546546025,29277000
2008-06-04,14.833324432373047,15.079254942154638,14.762577563491712,14.8535383742556,26016600
2008-06-05,15.331917762756348,15.331917762756348,14.867008837628505,14.867008837628505,26332800
2008-06-06,14.880484580993652,15.321812542153559,14.880484580993652,15.200531497246226,21447400
2008-06-09,15.106210708618164,15.18032722924228,14.883862431884545,14.991667579080318,18371800
2008-06-10,14.914178848266602,14.99503204515951,14.819849690178744,14.951237098983515,35153400
2008-06-11,14.648032188415527,15.032088028575398,14.617711922869317,14.914176598750243,22367000
2008-06-12,14.64129638671875,14.82658635477928,14.509908978187434,14.695198946247965,18849400
2008-06-13,15.005143165588379,15.059045737827752,14.705310027185693,14.708678375702474,19494000
2008-06-16,14.991661071777344,15.136524416405571,14.93775852157648,15.032087663143448,11738800
2008-06-17,15.072517395019531,15.230855432835183,15.025351533291932,15.136526279656639,10913200
2008-06-18,14.97144889831543,15.102837584734779,14.87711974562922,15.025351454870169,17327000
2008-06-19,14.998400688171387,15.13652606845771,14.944498132087414,14.988294360511363,13352000
2008-06-20,14.69482707977295,14.982497212853023,14.62375613635123,14.958806898379116,21644800
2008-06-23,14.789587020874023,14.857274175018029,14.613600936509643,14.721899866730018,11339400
2008-06-24,14.508683204650879,14.891114460230112,14.403769360846075,14.891114460230112,29273600
2008-06-25,14.55268383026123,14.691441926769224,14.295474172475139,14.488381738571004,21039600
2008-06-26,14.193948745727539,14.545921091313263,14.068728286807405,14.545921091313263,18639400
2008-06-27,14.180405616760254,14.265014239077379,13.970575303875696,14.095796994443129,16132800
2008-06-30,14.122867584228516,14.261625638819302,14.065334354995048,14.237935333720252,24305400
2008-07-01,13.862276077270508,14.028109541554144,13.615219060255164,13.916425542766678,29695800
2008-07-02,13.270017623901367,14.051801853703788,13.246327310061167,13.95365553006566,33784800
2008-07-03,13.351245880126953,13.496772868514867,12.978967027333795,13.236178058867338,27809000
2008-07-07,13.418930053710938,13.601683724489892,13.15495023409633,13.601683724489892,22552000
2008-07-08,13.276782989501953,13.317394761008368,12.853739937487394,13.317394761008368,28694800
2008-07-09,13.300477027893066,13.61860631849868,13.083879131070274,13.395239576022014,36427600
2008-07-10,13.351245880126953,13.588150369899763,13.090651070479424,13.415547992497537,27506200
2008-07-11,13.341084480285645,13.544145910912409,13.195558864553387,13.307241554026959,20689400
2008-07-14,13.489998817443848,13.645678371145356,13.283553574436361,13.530610594273567,19539000
2008-07-15,13.35800552368164,13.500147344993897,13.070335523225143,13.398617288195897,30573800
2008-07-16,13.408774375915527,13.598298158527726,12.99250010057592,13.229404506084881,31156400
2008-07-17,13.493383407592773,13.574608257173304,13.300475842242346,13.391853313886,37798800
2008-07-18,13.402008056640625,13.6659878912798,13.297094169319962,13.550920089264107,42199000
2008-07-21,13.679524421691895,13.689678336482825,13.432467345536013,13.469695354043477,22031000
2008-07-22,13.6998291015625,13.6998291015625,13.40539143308063,13.615220472261083,23805800
2008-07-23,13.527230262756348,13.801361439957633,13.398624763844689,13.801361439957633,22399600
2008-07-24,13.185412406921387,13.591534206710724,13.144800614250135,13.42908574500011,23871600
2008-07-25,13.205708503723145,13.364773061493148,13.087255706502544,13.168480518625945,18803400
2008-07-28,13.188790321350098,13.341084784006174,13.144793483392275,13.212480628475483,12262600
2008-07-29,13.449384689331055,13.517070541872398,13.22601801927993,13.22601801927993,16972000
2008-07-30,13.767515182495117,13.882582960953538,13.513689314515524,13.571222558232172,19743600
2008-07-31,13.66598892211914,13.896124543509892,13.611839440087524,13.869049156981339,31504600
2008-08-01,13.418930053710938,13.689677428036534,13.310631103980699,13.665987113472125,18124000
2008-08-04,12.836824417114258,13.297095677377575,12.725140379980276,13.283557983599115,36363000
2008-08-05,12.98572826385498,13.063568025112053,12.711597211389828,12.836817584627303,27238200
2008-08-06,13.114336013793945,13.293705873886845,13.009420860914567,13.009420860914567,16388600
2008-08-07,13.073723793029785,13.26324626787819,12.968808643720823,13.073723793029785,23957600
2008-08-08,13.019574165344238,13.192175172900985,12.779284716162275,12.89773755246888,23336400
2008-08-11,13.0364990234375,13.134645352802515,12.907893532925597,13.063573116109538,19625600
2008-08-12,13.144798278808594,13.270018703728594,13.063573416871735,13.21248544858508,21873800
2008-08-13,13.429084777832031,13.496771954759664,13.114340502490224,13.16510620794233,48483800
2008-08-14,13.402008056640625,13.473080295404282,13.219254375460139,13.41554574888374,21090800
2008-08-15,13.317394256591797,13.385081400555359,13.17863619242769,13.385081400555359,17403200
2008-08-18,13.195566177368164,13.476466235856167,13.127878996314536,13.429085596426306,12020400
2008-08-19,13.114336013793945,13.249710321314108,13.056802772264177,13.056802772264177,18344400
2008-08-20,13.34447193145752,13.418927931757725,13.16510206639806,13.198944998702636,18395800
2008-08-21,13.459540367126465,13.544148993051808,13.368162896204074,13.385084363184108,14716400
2008-08-22,13.452774047851562,13.564458074733475,13.374934252309057,13.452774047851562,14357600
2008-08-25,13.161718368530273,13.469693732248889,13.070340892566476,13.469693732248889,19447400
2008-08-26,13.23279094696045,13.253097485586432,13.066958733437195,13.070342511028821,11610800
2008-08-27,13.354620933532715,13.432460689556958,13.23278434461659,13.23278434461659,8170600
2008-08-28,13.544149398803711,13.588146247089984,13.40539129977028,13.435850457656898,10347000
2008-08-29,13.452774047851562,13.588148391158349,13.38508687619817,13.588148391158349,7905600
2008-09-02,13.114336013793945,13.388468405560989,13.056802772264177,13.273400631476376,17619800
2008-09-03,13.04664421081543,13.266627059387748,12.860505572575187,13.04664421081543,20704600
2008-09-04,12.582988739013672,13.02295311842176,12.417155346016436,12.934960758949957,30543200
2008-09-05,12.59653377532959,12.714985345882678,12.227640081431737,12.545768078792385,36890400
2008-09-08,12.572837829589844,13.009417201950823,12.454385021068878,12.860506538380577,30982400
2008-09-09,12.173492431640625,12.60668828717235,12.085498716594813,12.60668828717235,31722800
2008-09-10,12.278406143188477,12.467929972663745,12.031349054833939,12.200566344750099,32859600
2008-09-11,12.48823356628418,12.59991627994997,12.058421596365493,12.06857421823734,30731400
2008-09-12,12.88758659362793,12.965426374997064,12.427315459423335,12.501770172762185,26415400
2008-09-15,12.352859497070312,12.863895034240496,12.278403492453062,12.383318654320535,26605000
2008-09-16,12.48823356628418,12.626991659641774,11.943353814725647,12.15656662018538,41471800
2008-09-17,12.254711151123047,12.569455293584863,11.980580072286932,12.247942307185431,37526400
2008-09-18,12.25133228302002,12.633763727049722,11.794444816871572,12.163338567602322,51749000
2008-09-19,13.03195571899414,13.198770775933633,12.596195845846365,13.171535134528467,32296800
2008-09-22,12.865137100219727,13.27706628084287,12.694918301747382,13.273662476286628,21264400
2008-09-23,12.565549850463867,12.773216962625161,12.330648409756567,12.677894864714869,17523800
2008-09-24,12.317033767700195,12.531509841890621,12.187667102463658,12.514486921166629,13280800
2008-09-25,12.282991409301758,12.39873896710565,12.126389098547582,12.300013032586646,14911400
2008-09-26,11.997021675109863,12.061704352019655,11.772332909563902,11.966382238959667,17577000
2008-09-29,11.132308959960938,11.724669613086904,10.788466931361144,11.704244189737496,35241000
2008-09-30,11.370617866516113,11.370617866516113,10.951878420190416,11.064223466440373,17123600
2008-10-01,11.183375358581543,11.299124201960055,10.938261153936699,11.152735920667629,29279000
2008-10-02,10.37994384765625,10.846343712832867,10.189298945890604,10.737403768966784,25162600
2008-10-03,10.277812957763672,10.788469438847656,10.138233571547378,10.277812957763672,33541200
2008-10-06,9.770563125610352,10.04631750551686,9.15437036585204,10.04631750551686,45025400
2008-10-07,9.266714096069336,10.053125662116411,9.20883966024769,9.927163425563396,32009800
2008-10-08,9.56629753112793,10.056527900052137,8.88542227125168,8.950105602753235,60342400
2008-10-09,8.953510284423828,9.991845547015425,8.885423141368628,9.83524388425517,50921600
2008-10-10,8.742440223693848,9.229266237685113,8.187526410095394,8.483707494253267,56873600
2008-10-13,9.971417427062988,9.971417427062988,9.001170155549314,9.157771136907156,26560200
2008-10-14,9.682044982910156,10.243766861545982,9.324585133354155,10.243766861545982,66100600
2008-10-15,8.480302810668945,9.35863202538402,8.391788933299722,9.263309238371004,43745200
2008-10-16,8.53818130493164,8.817340239768003,8.013907350336599,8.510946302736231,59726200
2008-10-17,8.766267776489258,9.140749248264168,8.37476468526996,8.487109061869118,44604000
2008-10-20,9.20883846282959,9.372249033470045,8.820739737391785,8.820739737391785,27833200
2008-10-21,8.820741653442383,9.307567717918765,8.820741653442383,9.089687775514461,26491800
2008-10-22,8.337319374084473,8.67435262640066,7.9560295055247705,8.67435262640066,33347400
2008-10-23,8.1466703414917,8.439446830278476,7.6972928978032975,8.21816191238164,40596200
2008-10-24,7.796022415161133,8.010498508192486,7.336431436570124,7.336431436570124,34275000
2008-10-27,7.21727991104126,7.993477495702871,7.21727991104126,7.622400329608764,24841600
2008-10-28,8.126248359680176,8.33731937459824,7.38749850880016,7.62920896932462,26486200
2008-10-29,8.45987606048584,8.88201868493879,8.204547813082847,8.367957735580767,32849200
2008-10-30,8.72541618347168,8.878613376920557,8.361148022752406,8.800312877750352,31774000
2008-10-31,8.824142456054688,9.018191780600668,8.517748751543499,8.636902039223733,20083400
2008-11-03,8.783289909362793,8.963722072953011,8.647114997848098,8.841164327923188,17392800
2008-11-04,9.195219993591309,9.293946563585008,9.004575112362183,9.02840564134917,22697800
2008-11-05,8.810523986816406,9.212240421527989,8.653923016990879,9.116918317923973,27716000
2008-11-06,8.3305082321167,8.704989739689282,8.170502786311394,8.555197006793604,22651200
2008-11-07,8.466682434082031,8.521152391935948,8.197736449011842,8.340720250711652,17953800
2008-11-10,8.470088958740234,8.807122824044333,8.320296851197662,8.718608951769182,16258600
2008-11-11,8.133054733276367,8.340721894350928,7.952623205828992,8.340721894350928,25787000
2008-11-12,7.615592002868652,7.986668516420961,7.6155920028686515,7.986668516420961,15847400
2008-11-13,8.235185623168945,8.25220724322351,7.390899892199,7.649632542894108,25708600
2008-11-14,7.734738826751709,8.204542883314147,7.7177172135524135,8.06836802972102,23204400
2008-11-17,7.574735641479492,7.853894334260945,7.503244066206094,7.656440577220421,19844000
2008-11-18,7.489625930786133,7.67346251531258,7.316002706288848,7.625800817842901,22309200
2008-11-19,7.040251731872559,7.625804341445436,6.9857817518812855,7.479416026718871,25173400
2008-11-20,6.767899036407471,7.132167804918869,6.403630917229247,6.863221795830992,23567000
2008-11-21,6.842798233032227,6.887054850480326,6.444486078665672,6.604491571696081,31101600
2008-11-24,7.237705230712891,7.496437948149478,6.951737524563682,6.978972513276304,38938000
2008-11-25,7.503244400024414,7.615588772833017,7.241107313693297,7.428347718596588,34042000
2008-11-26,7.8470869064331055,7.887939706670745,7.326217761735892,7.53728872318621,20649400
2008-11-28,7.881128787994385,7.901554858236058,7.704101114345044,7.755167263948825,4819400
2008-12-01,7.21387243270874,7.7892114698615185,7.152593565004149,7.751763777967827,16147800
2008-12-02,7.493030071258545,7.499838977660349,7.196849136110631,7.305789041207271,16027000
2008-12-03,7.4794135093688965,7.537287924797476,7.162807100730017,7.3194080781643125,20515600
2008-12-04,7.329625129699707,7.567931169600671,7.200258418629523,7.329625129699707,19828800
2008-12-05,7.465800762176514,7.520270756072297,6.968761256210557,7.19685459914923,25984600
2008-12-08,8.027521133422852,8.143270006158103,7.704105050897874,7.724531780910023,22923200
2008-12-09,7.942407131195068,8.30667516524307,7.874319369042928,7.986663722060844,20533600
2008-12-10,8.187527656555176,8.299872088476857,8.047948230511071,8.194336567419152,17259600
2008-12-11,7.833471775054932,8.303275528550591,7.741553437631846,8.177313939637532,20884200
2008-12-12,7.864109039306641,7.9866661392058695,7.550906407416222,7.670059702577411,31173800
2008-12-15,7.8470869064331055,8.058158517216654,7.7415514257079465,8.030923533502637,21756000
2008-12-16,8.327106475830078,8.36115037833581,7.939007675531677,8.327106475830078,23280800
2008-12-17,8.333915710449219,8.466686870454009,8.19774074446151,8.32710679981647,23776200
2008-12-18,8.013901710510254,8.415617547849443,7.911770037152929,8.41221309380421,23135200
2008-12-19,7.849538803100586,8.070069966032078,7.818526526159007,8.02872004436507,15611400
2008-12-22,7.563535213470459,7.890885990111416,7.439486138362351,7.890885990111416,14129200
2008-12-23,7.535969257354736,7.722042223448845,7.5152939721618335,7.6324512926499875,13951400
2008-12-24,7.542863845825195,7.60488841558329,7.501514570809717,7.60488841558329,8750400
2008-12-26,7.635897636413574,7.687584538060012,7.5256320709719455,7.608331245053168,4924400
2008-12-29,7.498067378997803,7.587658335532964,7.374018261143769,7.580766571822237,13108000
2008-12-30,7.701367378234863,7.718596124841685,7.535969044764972,7.580764180283443,7067600
2008-12-31,7.835753917694092,7.897778460819137,7.663463812228782,7.663463812228782,6101200
2009-01-02,8.121753692626953,8.169994701305981,7.818523462418922,7.890884975437465,14220000
2009-01-05,8.138988494873047,8.273374626650135,7.9632524301919165,8.076963924134425,21107400
2009-01-06,8.321613311767578,8.407758378467522,8.121756783313097,8.259588758586066,26708600
2009-01-07,8.128643989562988,8.376741405973833,8.125198109958546,8.245801267176693,22702800
2009-01-08,8.242359161376953,8.280263197146034,8.063177283312651,8.128647711304344,18218600
2009-01-09,8.042500495910645,8.263031574530169,8.028716974879696,8.249248710733678,19521600
2009-01-12,7.708260536193848,8.021828513332537,7.701368773408791,8.008044987762423,15478800
2009-01-13,7.749609470367432,7.849538054816421,7.649681543153088,7.708260209876891,15887800
2009-01-14,7.460160732269287,7.646234344111689,7.401582075641256,7.646234344111689,19553400
2009-01-15,7.6806960105896,7.746165801268909,7.267199344190047,7.47739355962055,29909600
2009-01-16,7.766836643218994,7.870210421954489,7.5497507877462136,7.846089917398505,31811400
2009-01-20,7.329219341278076,7.763390373190997,7.3119899408642155,7.763390373190997,26860400
2009-01-21,7.587656021118164,7.611776529513619,7.2568586934866826,7.46016106029775,24110800
2009-01-22,7.470495700836182,7.580761213327088,7.3671212899502345,7.432591684454572,18732800
2009-01-23,7.584208011627197,7.722039918940141,7.294760677652826,7.322327059115415,23545600
2009-01-26,7.494622230529785,7.835756680775376,7.460164065839005,7.666912396748861,30669600
2009-01-27,7.549755096435547,7.656574816389458,7.4429353764816355,7.556646860880272,18488400
2009-01-28,7.763390064239502,7.852980971122949,7.666907397464776,7.670353277410416,17366600
2009-01-29,7.553197383880615,7.6806923364902975,7.518739235291416,7.6806923364902975,16735800
2009-01-30,7.256855487823486,7.587652669327715,7.212060371624781,7.5738691521993315,19483600
2009-02-02,7.153484344482422,7.284424518735337,7.0707851832856585,7.18105073154801,11317800
2009-02-03,7.291318416595459,7.339559443789068,7.181052836018807,7.215510994257687,15683600
2009-02-04,7.380906105041504,7.597991288762837,7.380906105041505,7.387797865092192,22214800
2009-02-05,7.577320098876953,7.677248693182997,7.3119931318244,7.4291504768285215,34992000
2009-02-06,7.804742813110352,7.84609273378796,7.625560918898538,7.646236207854688,24836000
2009-02-09,7.777177810668945,7.935685101535175,7.697924493853234,7.821973620858562,18826800
2009-02-10,7.4291486740112305,7.91156080607321,7.37057001572434,7.766837757965711,33388600
2009-02-11,7.4291486740112305,7.601438768121548,7.353341269207128,7.518739601816741,20396000
2009-02-12,7.553197383880615,7.553197383880615,7.260304106724197,7.33611216506734,31479800
2009-02-13,7.43949031829834,7.570430571077623,7.415369797304911,7.563539463104433,17202000
2009-02-17,7.115580081939697,7.236183267850775,7.09145957620438,7.198279240418425,23708000
2009-02-18,7.0742340087890625,7.174161957038349,6.963967757388947,7.1672701930943195,13852400
2009-02-19,7.001870632171631,7.263751703183993,6.994978869378882,7.1638237716278415,13693400
2009-02-20,7.057003021240234,7.125919330803782,6.891604666969284,6.915725178146135,19965400
2009-02-23,6.629723072052002,7.139701618232636,6.595264920070157,7.139701618232636,20161800
2009-02-24,6.839918613433838,6.88126787852287,6.553917010501608,6.67452023860827,15499000
2009-02-25,6.736543655395508,6.919171425334689,6.681410867722297,6.877821505962445,21227600
2009-02-26,6.743433952331543,7.001869084836234,6.7124216838522175,6.853699503709353,11942200
2009-02-27,6.674520492553711,6.833027110150233,6.547025496336502,6.615941817086573,16654800
2009-03-02,6.230010032653809,6.574590235028985,6.18521489552825,6.547023845128354,19705000
2009-03-03,6.254128456115723,6.381623377662375,6.178321073476909,6.31270709727483,19765800
2009-03-04,6.471217155456543,6.57803684602318,6.405746725712955,6.41263848826168,18236000
2009-03-05,6.261021614074707,6.467769844182653,6.185214214503413,6.467769844182653,10574800
2009-03-06,6.340278148651123,6.457435517275202,6.143867459262181,6.360952785103948,16930000
2009-03-09,6.264469623565674,6.4333138826524,6.223119700597521,6.2610237418821,14563200
2009-03-10,6.612494945526123,6.677964717480549,6.388517922466785,6.4264213016944405,32793000
2009-03-11,6.812350273132324,6.88126591435454,6.664180691514491,6.764108601318789,11477000
2009-03-12,6.981196880340576,7.012209159579402,6.684857615273911,6.833027247807244,10095800
2009-03-13,7.01220703125,7.101797959943641,6.915724340987335,7.050110405410519,8503200
2009-03-16,7.122472286224365,7.315437001355136,7.091460017709747,7.091460017709747,11423800
2009-03-17,7.18449592590332,7.184495925903319,6.984639474457219,7.0949050121882475,8137600
2009-03-18,7.394690036773682,7.4119194393908225,7.032881125862333,7.0983515413384515,17198800
2009-03-19,7.4636077880859375,7.622115036898076,7.460161906890605,7.546306965070022,16799800
2009-03-20,7.332215309143066,7.550622096836994,7.2732802176801865,7.450085492068825,13617200
2009-03-23,7.765562534332275,7.775963079519155,7.429286174761163,7.498621158972529,15147800
2009-03-24,7.734363555908203,7.859167485422336,7.633827571425955,7.665028553804488,11002200
2009-03-25,7.803694248199463,8.004766750312267,7.5956880519229655,7.789826859872077,15910000
2009-03-26,8.115706443786621,8.160774812564016,7.9146338616038685,7.95623538191887,18317800
2009-03-27,7.938901901245117,8.046371568954784,7.893834189377772,8.046371568954784,19948200
2009-03-30,7.6650285720825195,7.7447641222471795,7.540224642270778,7.720496838391317,19211800
2009-03-31,7.6996941566467285,7.803697630478908,7.581824610944268,7.7447625270108,12458800
2009-04-01,7.855697154998779,7.980501029207965,7.50555346664914,7.578355947015697,20837000
2009-04-02,8.150376319885254,8.278646439130585,8.039439786083703,8.160776867891862,15759200
2009-04-03,8.254371643066406,8.26823902778844,7.994364130627986,8.1677024722536,10991000
2009-04-06,8.108772277832031,8.164240527554469,7.9319669838791285,8.133039554431386,8947600
2009-04-07,7.8314337730407715,8.001305429986175,7.810633337415641,8.001305429986175,11086000
2009-04-08,7.92156982421875,7.980504942468335,7.779432302775734,7.89383568982094,13050600
2009-04-09,8.26477336883545,8.31330789986791,8.122635961183194,8.146903226699425,11481000
2009-04-13,8.3722505569458,8.465853518378273,8.16424419639608,8.250913458188965,11773000
2009-04-14,8.216240882873535,8.427713293032685,8.195439797624918,8.289042697543024,11285400
2009-04-15,8.410384178161621,8.410384178161621,8.160776973866762,8.188511107677302,11681000
2009-04-16,8.413851737976074,8.538655020044468,8.26131365852141,8.497054146432992,14348800
2009-04-17,8.476250648498535,8.52478520392872,8.372247179561919,8.434649128677144,12754000
2009-04-20,8.084505081176758,8.368780029123739,8.025569982609673,8.299445046901917,16328800
2009-04-21,8.247445106506348,8.268245538735693,7.921568582488779,7.938902165807597,16171000
2009-04-22,8.285574913024902,8.5629167338745,8.115703370105845,8.185038990626616,22604200
2009-04-23,8.306377410888672,8.393046627586092,8.21277515939303,8.316777954936475,19798800
2009-04-24,8.701587677001953,8.763989605829432,8.389578694098068,8.438113233748991,20387200
2009-04-27,8.510916709899902,8.639187439967982,8.42771434224776,8.562918768261927,15084400
2009-04-28,8.465851783752441,8.559454726005972,8.337581011638285,8.358382106294973,19869200
2009-04-29,8.656521797180176,8.736257985264507,8.542118448714666,8.542118448714666,12612800
2009-04-30,8.89919662475586,8.989332703930934,8.840261521496533,8.847195218640866,20081800
2009-05-01,8.919998168945312,9.051735786204926,8.802127947706222,8.909598283163758,26841000
2009-05-04,9.42267894744873,9.443479377847762,9.03093365107004,9.03786734828097,26697800
2009-05-05,9.36721134185791,9.464280464607775,9.24934112603267,9.443480032766205,12501000
2009-05-06,9.405341148376465,9.530145006051354,9.3152057636485,9.502410888927324,30942200
2009-05-07,9.096803665161133,9.575218256771551,8.989333988995718,9.554417162364942,21892400
2009-05-08,9.290939331054688,9.35680811781033,9.155735570923184,9.180002844666417,14348600
2009-05-11,9.155736923217773,9.228539416433954,9.051734117176048,9.121069100792626,11733200
2009-05-12,9.24587345123291,9.301341705344536,9.079468688898036,9.19387204565748,13513000
2009-05-13,8.847193717956543,9.082934091006948,8.757057654070586,9.076000395038726,20590200
2009-05-14,8.923463821411133,9.03786717830485,8.763992755961482,8.805593615977152,23127400
2009-05-15,8.954666137695312,9.117604076079623,8.829862216495679,9.013601249235824,31324200
2009-05-18,9.21120834350586,9.232008779623365,8.989335261628606,9.055204080773644,24119000
2009-05-19,9.318676948547363,9.405346193706313,9.221607817159013,9.235474552542835,12086000
2009-05-20,9.360275268554688,9.713885826285049,9.322140602162108,9.481612302430827,30819200
2009-05-21,9.152267456054688,9.238936656701481,9.030930442902472,9.225069928439428,26428800
2009-05-22,9.117598533630371,9.24240237896365,9.051730425245315,9.197334691056325,16843000
2009-05-26,9.33600902557373,9.349875757736324,8.954664303213583,9.072534502147333,15773800
2009-05-27,8.985869407653809,9.308279178749094,8.96506896923173,9.287478740327016,14433200
2009-05-28,9.14533805847168,9.16613915248896,8.930398710163802,9.079469911118466,17546800
2009-05-29,9.419209480285645,9.429610023210671,9.186935978162017,9.245871065603342,15584400
2009-06-01,9.706951141357422,9.765886228307863,9.540546423344495,9.575214238238914,18535000
2009-06-02,9.804021835327148,9.838688992327805,9.63761644004928,9.654950679783243,19718800
2009-06-03,9.46774673461914,9.693086605955214,9.339476641332134,9.68962041855504,19743600
2009-06-04,9.686152458190918,9.717353431081529,9.453878916246207,9.537081290209937,20818600
2009-06-05,9.547480583190918,9.810954402249687,9.450410829009433,9.80748821570178,18717200
2009-06-08,9.498945236206055,9.547480443201955,9.301339544192551,9.495478388475377,17973200
2009-06-09,9.6688232421875,9.745092620552331,9.495484707698752,9.55095298583643,16023800
2009-06-10,9.679220199584961,9.831758238461784,9.492014334431524,9.814423994706583,29978400
2009-06-11,9.814425468444824,9.935762548016102,9.703488936688418,9.70695578596004,25737600
2009-06-12,9.713886260986328,9.74855408096429,9.602949766043784,9.73468668847964,23644200
2009-06-15,9.38801097869873,9.602950960305975,9.322142178672257,9.602950960305975,22614000
2009-06-16,9.13493824005127,9.48161520808939,9.1210708439375,9.46081477515258,35473600
2009-06-17,9.030935287475586,9.162672913419083,8.902665171999626,9.08293736474658,38457600
2009-06-18,9.107198715209961,9.238935594098812,8.985861716013144,9.044796792123972,22789400
2009-06-19,9.085939407348633,9.239288783583655,9.016235628878775,9.207921850609427,25587800
2009-06-22,8.625893592834473,8.960473388870014,8.61543772492675,8.939562317805533,30055800
2009-06-23,8.737424850463867,8.817584552912763,8.570134863244089,8.657265148014972,26769000
2009-06-24,8.824546813964844,9.033659433178606,8.775754113223552,8.880310090455088,23278800
2009-06-25,9.012755393981934,9.030181182182885,8.713027050716885,8.814098483585783,21997200
2009-06-26,8.998815536499023,9.072005320008603,8.946537499564355,9.016241991978116,13890600
2009-06-29,9.078974723815918,9.145193921387584,8.956992866119784,9.065034224972617,10022800
2009-06-30,8.991842269897461,9.159132868797567,8.936078958514463,9.106854182718786,15671200
2009-07-01,9.012755393981934,9.207927013787653,8.991843650439343,9.089429792717807,15137800
2009-07-02,8.76530647277832,8.883803712676029,8.751365972952815,8.883803712676029,17927800
2009-07-06,8.695601463317871,8.699086089237563,8.531796125540968,8.61892639806018,20415800
2009-07-07,8.448148727416992,8.713024759887702,8.448148727416992,8.685143107246104,20991000
2009-07-08,8.455120086669922,8.629380597941559,8.312226520607268,8.521339267083452,25764600
2009-07-09,8.52133846282959,8.611953335157539,8.493456810247674,8.563160609326946,19396400
2009-07-10,8.47254467010498,8.57361607138654,8.333136413812314,8.444663018846446,20604800
2009-07-13,8.730454444885254,8.730454444885254,8.3435964247017,8.489975332670197,14944200
2009-07-14,8.796669006347656,8.841977103695182,8.660746043807038,8.78969842756327,11636600
2009-07-15,9.141705513000488,9.141705513000488,8.939563363072283,8.953504521912663,17774000
2009-07-16,9.228837013244629,9.288085616850287,9.096399310053169,9.134736172561913,14259600
2009-07-17,9.27414608001709,9.3508204777155,9.180045229602314,9.235808548792285,10055800
2009-07-20,9.472801208496094,9.497197572965558,9.315966487262287,9.392641535310403,21574000
2009-07-21,9.584330558776855,9.73768003384764,9.382188340854523,9.671460836583918,34603200
2009-07-22,9.612211227416992,9.69237091517263,9.472802930287362,9.504169880235427,24205800
2009-07-23,9.939820289611816,9.999068893414771,9.59826982757179,9.601754453015081,23905800
2009-07-24,10.019976615905762,10.019976615905762,9.828290372632278,9.887538956603322,15967800
2009-07-27,10.0408935546875,10.103627464357226,9.939822772803954,10.051349427882888,14455200
2009-07-28,9.957243919372559,10.006036642025101,9.78995401477728,9.915421775599233,22254400
2009-07-29,9.74813461303711,9.81783909668767,9.681916084795422,9.793442726835341,29292400
2009-07-30,10.04437255859375,10.138473364197027,9.91890481778938,9.925875395556487,23760200
2009-07-31,10.148931503295898,10.24303166521827,9.99209679217356,10.054830676622496,17766200
2009-08-03,10.507908821105957,10.507908821105957,10.281370286721634,10.326677727698057,20119000
2009-08-04,10.469571113586426,10.549730783697852,10.34061805165631,10.43123359103268,13338000
2009-08-05,10.553220748901367,10.588072332389562,10.340622632916391,10.497457417618643,17119600
2009-08-06,10.466090202331543,10.664747148216485,10.385929833933892,10.608983818310232,17036200
2009-08-07,10.52882194519043,10.640349253815385,10.382443723669594,10.595041139272166,41092600
2009-08-10,10.389409065246582,10.493965746398825,10.298793540815014,10.441687073447232,30620400
2009-08-11,10.36501407623291,10.403351597532941,10.232576393629847,10.305765481837875,29480600
2009-08-12,10.459115982055664,10.546246237822787,10.284855470521416,10.312737125776852,23613600
2009-08-13,10.650803565979004,10.692626386291941,10.50093940158848,10.570643880526317,25768400
2009-08-14,10.382439613342285,10.66822669131562,10.281368216875585,10.66822669131562,29687600
2009-08-17,9.988611221313477,10.152415842401295,9.939818496893915,10.093167249284253,27638600
2009-08-18,10.13847541809082,10.169842359646356,10.009522362279059,10.051345172603446,16996800
2009-08-19,10.270914077758789,10.33364796684962,9.936334222275807,9.988612241601137,25552000
2009-08-20,10.291828155517578,10.34759147743376,10.232579542887732,10.288342864803914,19714000
2009-08-21,10.563674926757812,10.567160217716646,10.396384949241494,10.448662984121434,21569800
2009-08-24,10.480026245117188,10.68913897570246,10.43123351838934,10.661257322607828,16760200
2009-08-25,10.427749633789062,10.643832972952803,10.403353267137748,10.528820390594666,13467000
2009-08-26,10.389409065246582,10.521847395089235,10.30576411917535,10.403350221967257,15996600
2009-08-27,10.46259880065918,10.514876808820512,10.19772280592403,10.410320792497847,21248600
2009-08-28,10.52882194519043,10.588070557842249,10.39986951249315,10.577615350448609,18068800
2009-08-31,10.389409065246582,10.389409065246582,10.274397181304773,10.36501270573634,14415600
2009-09-01,10.082712173461914,10.493967040941333,10.072256304631566,10.316221259331533,27300200
2009-09-02,10.176809310913086,10.201205664592376,9.992093017018668,10.079223231445148,18244200
2009-09-03,10.323193550109863,10.333648755922635,10.14196244884231,10.243033205288858,13787400
2009-09-04,10.466090202331543,10.473060120006329,10.22212513542819,10.337137086453753,11063800
2009-09-08,10.608977317810059,10.685651683262197,10.556699311149469,10.657770035393154,15698800
2009-09-09,10.657770156860352,10.713533453233975,10.549728853230322,10.633373797790757,19215200
2009-09-10,10.717020988464355,10.74141735264703,10.441689073257441,10.577612718312594,19634600
2009-09-11,10.730962753295898,10.845974665753957,10.643832496441275,10.800666559928935,20257600
2009-09-14,10.8668851852417,10.877340390088584,10.567156904277672,10.615949632899325,18643200
2009-09-15,11.107364654541016,11.15964267202405,10.856429107020752,10.887796050460786,24746600
2009-09-16,11.260716438293457,11.32345033830085,11.13176334775035,11.260716438293457,16099600
2009-09-17,11.20843505859375,11.424517701547714,11.14918646331585,11.253743159850929,23082600
2009-09-18,11.202483177185059,11.289975240326227,11.121991306809406,11.279476619956627,19917200
2009-09-21,11.090497016906738,11.135992607957073,10.926011467891094,11.055500048977136,20813400
2009-09-22,11.21298599243164,11.28997811981699,11.170989497707694,11.216485088439633,13709200
2009-09-23,11.034502983093262,11.265481387148624,10.996006248661521,11.226985987740273,16841200
2009-09-24,10.793020248413086,11.076494327332192,10.719526573130993,11.051996658075302,25480000
2009-09-25,10.688028335571289,10.849013374922777,10.618034433889841,10.709026239071196,20599000
2009-09-28,10.891011238098145,10.954004956629914,10.691528793124297,10.712527366812955,13315600
2009-09-29,10.90151596069336,11.045002957007354,10.863019889068092,10.912015253415765,20585200
2009-09-30,10.828021049499512,10.996005699059035,10.716031283126497,10.97500778474201,20115800
2009-10-01,10.404557228088379,10.821019685158666,10.404557228088379,10.789522485274519,37932600
2009-10-02,10.362563133239746,10.492051049884596,10.208576871205112,10.247073603591685,23810800
2009-10-05,10.537548065185547,10.611041104090196,10.373062500474122,10.436056915256225,19942200
2009-10-06,10.758026123046875,10.852517730056752,10.611039401313155,10.71253053495597,24104800
2009-10-07,10.761528015136719,10.845520348811988,10.684535209478987,10.740530098595833,12311200
2009-10-08,11.013504981994629,11.059001246455752,10.870017995638893,10.968009385045235,15055200
2009-10-09,11.02400016784668,11.065996652667337,10.92250905224512,11.02400016784668,13376400
2009-10-12,11.051996231079102,11.191983383932484,11.009999751467387,11.065995280120138,14219600
2009-10-13,11.111496925354004,11.142994135393744,10.936512721805121,11.045002741102135,18572600
2009-10-14,11.349471092224121,11.363470143416471,11.209483250346622,11.25497949921026,20318800
2009-10-15,11.370471954345703,11.412467781340426,11.244483138338264,11.29697758832585,14964800
2009-10-16,11.21298599243164,11.335474378060567,11.198986938353112,11.303977173895518,17981600
2009-10-19,11.384468078613281,11.42296480422559,11.230482511187128,11.2549801847544,14581600
2009-10-20,11.265478134155273,11.43346274360416,11.149989299231729,11.43346274360416,16380800
2009-10-21,11.132492065429688,11.370471297196342,11.097495099948956,11.216484382076485,19167200
2009-10-22,11.265478134155273,11.310974383075703,10.964505875770561,11.097493524706387,15956000
2009-10-23,11.041497230529785,11.324971973356794,10.992501892638831,11.324971973356794,18103400
2009-10-26,10.758026123046875,11.205985814880972,10.747526833097467,11.058999093147253,23824600
2009-10-27,10.670536994934082,10.84202143981684,10.653038841022044,10.74403070989057,29079400
2009-10-28,10.341565132141113,10.684534644227087,10.317067452887478,10.646037909678977,28486800
2009-10-29,10.649539947509766,10.69503555190814,10.450058039549798,10.520051328432821,21907600
2009-10-30,10.268074035644531,10.6425401579156,10.173582397077489,10.618042474030474,37183000
2009-11-02,10.359065055847168,10.544547885695135,10.131585723149382,10.30656992791872,32588400
2009-11-03,10.464052200317383,10.506048690679943,10.191077349251229,10.254071083527716,24762200
2009-11-04,10.464052200317383,10.681032843419404,10.429055236267176,10.600540293362029,25514800
2009-11-05,10.649539947509766,10.71953323639279,10.509552702231879,10.53405038671653,20124200
2009-11-06,10.740527153015137,10.84901713748677,10.579541390320617,10.590040679467505,19429600
2009-11-09,11.090497016906738,11.093996780450864,10.87351634975251,10.87351634975251,19988600
2009-11-10,11.104491233825684,11.170985381172159,10.92950712739599,11.065995184318899,19721000
2009-11-11,11.21298599243164,11.321475323982039,11.174489261227327,11.233983238526156,24821400
2009-11-12,11.160490989685059,11.331976076612792,11.107995868233074,11.191988196058587,35414000
2009-11-13,11.202483177185059,11.303974290834319,11.128990164551983,11.202483177185059,25552400
2009-11-16,11.433465003967285,11.520957088791118,11.286478942274414,11.286478942274414,23841800
2009-11-17,11.566452026367188,11.583950174329843,11.352971150162677,11.398467402884076,16986400
2009-11-18,11.566452026367188,11.6469445750139,11.48246038213719,11.583950174329843,18199400
2009-11-19,11.391468048095703,11.46846150231761,11.209484369495012,11.457962880386672,19201000
2009-11-20,11.3529691696167,11.398465414401196,11.237480345191907,11.268977540039192,17537400
2009-11-23,11.468464851379395,11.632950429787806,11.426469016368733,11.531459271407146,21261000
2009-11-24,11.454463005065918,11.485960207408922,11.34247324896261,11.485960207408922,14050600
2009-11-25,11.639945983886719,11.639945983886719,11.454463197540711,11.478960873661006,15636000
2009-11-27,11.321473121643066,11.447461913794966,11.184985708486181,11.244481009234807,14899400
2009-11-30,11.373970985412598,11.44396492001979,11.254981697087352,11.352972404523463,18373600
2009-12-01,11.594449043273926,11.657443438047517,11.527954218222364,11.559451415609159,22712400
2009-12-02,11.706438064575195,11.758932500321857,11.590947902891305,11.601447858058963,18306800
2009-12-03,11.51745891571045,11.762437039852102,11.506960291897771,11.709941250741972,28935400
2009-12-04,11.391468048095703,11.741436352707082,11.230482948380022,11.69244100366519,46926400
2009-12-07,11.405467987060547,11.524457273276582,11.338974484625178,11.349473107372015,19687400
2009-12-08,11.223483085632324,11.349471885119284,11.195485648803173,11.321473780778584,21137600
2009-12-09,11.363472938537598,11.370472465855476,11.13949273694715,11.233983685691845,18097000
2009-12-10,11.321473121643066,11.48245954218328,11.282977732950446,11.43346286243964,15660200
2009-12-11,11.3529691696167,11.42996260924848,11.247978965133376,11.398465414401196,15864000
2009-12-14,11.51745891571045,11.527957539523126,11.363473314689905,11.436966351425388,15146600
2009-12-15,11.405467987060547,11.594451206643056,11.352972203279881,11.485960543173858,25189600
2009-12-16,11.52095890045166,11.594453277878289,11.443966761515565,11.464964010760191,15224600
2009-12-17,11.265478134155273,11.43346274360416,11.237481366758628,11.412465501812425,13799600
2009-12-18,11.25738525390625,11.34888018243292,11.14477631762795,11.303132382568483,19416800
2009-12-21,11.42277717590332,11.465006525051967,11.317206487839966,11.331282937556182,10199000
2009-12-22,11.489643096923828,11.496679981494491,11.391109261675593,11.44389529278731,9447600
2009-12-23,11.665595054626465,11.669113497005457,11.475566948451212,11.528351638563512,10509000
2009-12-24,11.75709342956543,11.78524634804918,11.683194032153148,11.718383837852794,5443000
2009-12-28,11.767643928527832,11.841544629570814,11.714859247673512,11.799315274002158,8028000
2009-12-29,11.78524112701416,11.866178718190838,11.739493325947535,11.767644889554688,7435200
2009-12-30,11.77116870880127,11.802840067718058,11.676154632050903,11.704306205307546,5948400
2009-12-31,11.60929012298584,11.830988229063456,11.60929012298584,11.799316879280294,5164600
2010-01-04,11.971752166748047,11.971752166748047,11.771167363992694,11.816915175513753,15135000
2010-01-05,12.01046085357666,12.02805575133907,11.897851897011662,11.992865955814253,17678400
2010-01-06,12.214561462402344,12.256790818854244,11.992863381849503,12.01397671767109,16184000
2010-01-07,12.119549751281738,12.168817343269698,12.021017252115058,12.154740888415995,11514600
2010-01-08,12.288464546203613,12.288464546203613,12.06324661316601,12.091399525998096,9284800
2010-01-11,12.221603393554688,12.45034111193088,12.168818695594254,12.443302883721868,18217000
2010-01-12,11.989339828491211,12.108986949349106,11.869692707633314,12.045644276988812,26324000
2010-01-13,12.130108833312988,12.14066550418189,11.876737993221415,12.021018312183617,23886200
2010-01-14,11.982304573059082,12.147699518796548,11.964709680245457,12.12306640037662,19231000
2010-01-15,11.894329071044922,12.013976224606147,11.834506165466463,11.968228428196303,15210600
2010-01-19,12.08436393737793,12.08788238104809,11.859145955145957,11.911930664628727,13603400
2010-01-20,11.869698524475098,11.964712579577945,11.760608014748584,11.929522785423378,23007600
2010-01-21,11.355920791625977,11.883775794594868,11.352401006526224,11.883775794594868,39632400
2010-01-22,11.130701065063477,11.461490354447124,11.10254882795863,11.324248282461285,40093800
2010-01-25,11.22923469543457,11.345363433402483,11.190525116111933,11.246829592652695,20610200
2010-01-26,11.07087516784668,11.257384119260522,11.035685382208186,11.106065624687309,33567800
2010-01-27,10.975863456726074,11.099029738580382,10.785835363944758,11.01809147432043,39417600
2010-01-28,10.77879810333252,11.077916051443768,10.726012741007544,11.046244699808325,32740800
2010-01-29,10.606363296508789,11.021609221529744,10.599325741916857,10.863253168375719,32241400
2010-02-01,11.028648376464844,11.028648376464844,10.718973127457067,10.718973127457067,34546000
2010-02-02,11.063841819763184,11.12014630363354,10.916042381802901,11.077917605129576,32079400
2010-02-03,10.937154769897461,11.127182878118404,10.901964304908143,11.02161148315045,36213600
2010-02-04,10.528946876525879,10.821026591831282,10.521908649361341,10.789355240793153,45618000
2010-02-05,10.726016998291016,10.729536113336433,10.374113548180135,10.560622618371825,64498000
2010-02-08,10.553579330444336,10.810468564821676,10.543021990367725,10.74712653796874,40944600
2010-02-09,10.810469627380371,10.923079252325865,10.645075310470357,10.715456242161002,57488000
2010-02-10,10.736572265625,10.845662126110966,10.60284860458839,10.824548111127136,43105200
2010-02-11,10.919560432434082,10.933636216429564,10.676746949890507,10.729532314477634,38944200
2010-02-12,10.898445129394531,10.958268718175935,10.676746342264797,10.726012590248674,39246600
2010-02-16,11.172932624816895,11.190527525823816,11.028652288712307,11.035690517596054,21028400
2010-02-17,11.17996597290039,11.29257490106926,11.102546831382675,11.243308662795918,58790800
2010-02-18,11.299614906311035,11.338324483165765,11.120144147078554,11.130700816255471,39257200
2010-02-19,11.362959861755371,11.422782788838925,11.208122194803078,11.215160423119636,30427000
2010-02-22,11.31369400024414,11.465012558311841,11.271464628873034,11.405188286738527,22993800
2010-02-23,11.134221076965332,11.338325651446468,11.067359927948061,11.278501387669195,40160400
2010-02-24,11.10606575012207,11.246826907872245,11.046242174177978,11.151813545892217,31930800
2010-02-25,11.081436157226562,11.099031727045105,10.835104220588194,10.940674954690015,40918000
2010-02-26,11.084956169128418,11.137741540455213,10.98290386952119,11.137741540455213,30666800
2010-03-01,11.253866195678711,11.264422864004953,11.084952790436777,11.144776372026904,39502800
2010-03-02,11.348880767822266,11.440375029866118,11.31720941896007,11.341842541141279,38859000
2010-03-03,11.447413444519043,11.616326860422893,11.405185426144206,11.419261879737318,28216400
2010-03-04,11.524834632873535,11.567062658708448,11.433340353163768,11.482606607038623,26748000
2010-03-05,11.672629356384277,11.746530054035555,11.58817333393178,11.63040134515803,23340600
2010-03-08,11.672629356384277,11.757086721241048,11.60928801074704,11.718377151615206,28925800
2010-03-09,11.59873104095459,11.714859760242966,11.556503025942632,11.602250825274815,30916800
2010-03-10,11.602252006530762,11.700784499058647,11.517794625503623,11.602252006530762,41650200
2010-03-11,11.669112205505371,11.669112205505371,11.465009009999068,11.560021710166422,29034600
2010-03-12,11.714863777160645,11.799319836143756,11.690230648090166,11.728940234459447,23063600
2010-03-15,11.711338996887207,11.725415448182572,11.612806522628217,11.707820555265506,18990800
2010-03-16,11.883771896362305,11.883771896362305,11.746529855394638,11.750048296935546,27171600
2010-03-17,11.950638771057129,12.031576389457465,11.911929183473294,11.922487197981091,17654600
2010-03-18,11.866175651550293,12.031569233209309,11.848579418638312,11.954151446493805,24248200
2010-03-19,11.736747741699219,11.962454222067782,11.722642095663739,11.736747741699219,21252800
2010-03-22,11.909553527832031,11.923660517413834,11.585099494033402,11.641526107044045,22534400
2010-03-23,12.06473159790039,12.06473159790039,11.853132043876832,11.92013825541029,29462600
2010-03-24,12.029468536376953,12.107055687214165,11.95188138553974,11.987148883791882,16904800
2010-03-25,11.78964900970459,12.138788322526942,11.77906943819992,12.138788322526942,38080400
2010-03-26,11.877816200256348,11.987143376634426,11.796703009517854,11.842550063523744,30944800
2010-03-29,12.004777908325195,12.061204541165623,11.944823854191403,11.990670913785827,17183400
2010-03-30,12.022412300109863,12.107052931331074,11.93777166888865,11.997725729611425,16926400
2010-03-31,11.962458610534668,12.064732317382596,11.927192464533357,11.994198680062741,15549200
2010-04-01,12.170530319213867,12.188164734950478,12.068257972653527,12.082363621798963,15941800
2010-04-05,12.318646430969238,12.322172505598344,12.163473586274565,12.205793208406469,13178600
2010-04-06,12.339808464050293,12.37860067110722,12.25516786384268,12.258693938914508,17215000
2010-04-07,12.262222290039062,12.399762098663969,12.198742171394212,12.297488424700955,20756400
2010-04-08,12.290437698364258,12.301018617400684,12.131738711306005,12.184637925219722,16575200
2010-04-09,12.311596870422363,12.343336933492594,12.2410632474533,12.343336933492594,16745800
2010-04-12,12.27280330657959,12.353916502107012,12.237537167764872,12.318650363292292,11504800
2010-04-13,12.226957321166992,12.262224808388734,12.145844118532604,12.230484742547706,14107400
2010-04-14,12.318646430969238,12.322172505598344,12.230479766759792,12.283380303412073,14628200
2010-04-15,12.318646430969238,12.350386483897301,12.25164025048401,12.301013367190656,15055000
2010-04-16,12.107050895690918,12.31512299910256,12.008303284983073,12.255170293777232,33745200
2010-04-19,12.110579490661621,12.128212563818394,11.898979922145848,12.01535928123435,22585800
2010-04-20,12.149370193481445,12.244590380451925,12.096469641169978,12.205796821465775,11610600
2010-04-21,12.117631912231445,12.174058548509473,11.997725141975993,12.174058548509473,22064000
2010-04-22,12.23753547668457,12.23753547668457,11.920134889945206,12.02946205767027,11843000
2010-04-23,12.346867561340332,12.392714634970847,12.212855108139525,12.223434684624468,19692000
2010-04-26,12.399760246276855,12.509087399903338,12.36096669675402,12.427974226044954,14050200
2010-04-27,11.948347091674805,12.364493867649706,11.948347091674805,12.346859457991805,32078200
2010-04-28,12.092947959899902,12.149374608388863,11.958934165244592,12.061207886042524,32075400
2010-04-29,12.202275276184082,12.244596276538672,12.110582466050957,12.163483043835408,20038000
2010-04-30,11.987147331237793,12.272806630835808,11.983619909210693,12.237540482468775,21881800
2010-05-03,11.980093002319336,12.075313210692665,11.863712299201746,12.018886570025199,22380400
2010-05-04,11.563941955566406,11.82138849714346,11.482828772218848,11.810808926151052,53974000
2010-05-05,11.479302406311035,11.641528787910321,11.331183017542179,11.384082222680965,35206400
2010-05-06,11.101949691772461,11.60978935322148,10.396616155990346,11.387610258078322,54860000
2010-05-07,10.978513717651367,11.299441023050036,10.812760616204065,11.116054183581747,54676800
2010-05-10,11.500463485717773,11.532203548556579,11.362923661855264,11.422876366485813,36074800
2010-05-11,11.35587215423584,11.518098572576463,11.334711660197728,11.373505226609005,28765400
2010-05-12,11.592156410217285,11.59568383131213,11.405243451699542,11.426403942317709,25864600
2010-05-13,11.419351577758789,11.659165113942763,11.41229808018666,11.563944914694675,26685000
2010-05-14,11.140743255615234,11.34528928150295,11.045523066811366,11.34528928150295,40467000
2010-05-17,11.140743255615234,11.253596513756793,10.872716431199796,11.186589639488314,37565800
2010-05-18,10.950301170349121,11.408767628217696,10.950301170349121,11.23948844006229,46798000
2010-05-19,10.950301170349121,10.985567976183251,10.703434874826955,10.876241483489983,47500400
2010-05-20,10.453042984008789,10.728123310356885,10.442463411272106,10.608216553178881,55258000
2010-05-21,10.710494995117188,10.752814650166748,10.262607831113485,10.280240908607668,39010400
2010-05-24,10.527108192443848,10.749288066540462,10.527108192443848,10.664648082472285,27133600
2010-05-25,10.703436851501465,10.721069921345759,10.181490181271785,10.241443560464283,37643200
2010-05-26,10.618797302246094,10.890350220350973,10.583530488581227,10.809237019782742,26874600
2010-05-27,11.03847599029541,11.049056241646877,10.703442769405395,10.844509424130605,29382800
2010-05-28,10.84450626373291,11.027893197760946,10.766919794409667,11.010259450647478,29481800
2010-06-01,10.49536418914795,10.865664065039178,10.477730445316885,10.735177723982043,31542200
2010-06-02,10.819816589355469,10.819816589355469,10.54473626715443,10.580003078614842,17503600
2010-06-03,10.689332962036133,10.91504022301526,10.562373342435235,10.91504022301526,25279400
2010-06-04,10.266130447387695,10.569423428648326,10.241443879772605,10.48478347997151,30713800
2010-06-07,10.082743644714355,10.357823984839362,10.07569014743098,10.27318336275588,25021000
2010-06-08,10.31197738647461,10.350770950610137,10.068637100580158,10.13564398245283,43670000
2010-06-09,10.32608413696289,10.569423744432077,10.255550507962278,10.449516978726157,27666000
2010-06-10,10.696383476257324,10.696383476257324,10.502417015128177,10.520050085173189,21597200
2010-06-11,10.816290855407715,10.816290855407715,10.57295057343222,10.583530819660213,15956800
2010-06-14,10.710494995117188,10.953834693299127,10.692861244964213,10.915041788280163,18202200
2010-06-15,10.974987030029297,10.985566599592959,10.766913641605605,10.805706517769517,14109600
2010-06-16,10.960884094238281,11.024364225731281,10.858611072233979,10.893877214033612,12730400
2010-06-17,10.900928497314453,11.006728246540906,10.763388688788384,10.985568431227295,27380000
2010-06-18,10.963275909423828,11.019951916835922,10.920768566049107,10.924310900966276,18895800
2010-06-21,11.030577659606934,11.264366346662209,10.952648322465597,11.15809900732118,24144400
2010-06-22,10.757826805114746,11.087255893570156,10.757826805114746,11.016411211640225,23686600
2010-06-23,10.779078483581543,10.849923154610787,10.598423457665332,10.77199381378923,21678400
2010-06-24,10.50632095336914,10.800327886430152,10.502778619762255,10.697602914354668,31521600
2010-06-25,10.66218376159668,10.711775097145697,10.446106069908062,10.548831751409626,22616200
2010-06-28,10.54174518585205,10.690519841372124,10.513407188402091,10.651554841516747,25772000
2010-06-29,10.152098655700684,10.364634004569107,10.109591991305747,10.3362960030954,34058800
2010-06-30,10.049372673034668,10.293787658532008,10.006865337156636,10.141470662113235,21027200
2010-07-01,9.992693901062012,10.137926874021499,9.801412618866683,10.038743561559933,32910000
2010-07-02,9.936017990112305,10.074166297011727,9.858088678356228,10.031658969743203,19334000
2010-07-06,9.946645736694336,10.166265705393178,9.847462416051135,10.141469368509055,20142200
2010-07-07,10.343379974365234,10.357548636330314,9.94310497047589,9.953731973673102,23703000
2010-07-08,10.513406753540039,10.513406753540039,10.339836441884469,10.428392764706564,17861600
2010-07-09,10.764904975891113,10.764904975891113,10.48152505023453,10.48152505023453,18889400
2010-07-12,10.62321662902832,10.77199128153685,10.57008296933909,10.77199128153685,18878000
2010-07-13,10.910138130187988,10.942018458785217,10.78615982523331,10.803870818617954,21410000
2010-07-14,10.87471866607666,10.949105666305357,10.757824325980673,10.818042663341105,17277600
2010-07-15,10.864092826843262,10.903057836262759,10.722402804815067,10.88534616123966,16560000
2010-07-16,10.566544532775879,10.83929827558604,10.538206525446991,10.7861645962983,24858200
2010-07-19,10.577170372009277,10.633846380414537,10.467360014546685,10.626761710456051,15230000
2010-07-20,10.89597225189209,10.90659925601416,10.424852545913904,10.424852545913904,21015200
2010-07-21,10.860550880432129,11.062459253500556,10.764909858779292,11.005783242661396,18758000
2010-07-22,11.09433650970459,11.189977504768184,10.963273524437728,10.984526853685919,32511200
2010-07-23,11.338752746582031,11.352922084744613,11.097880078499223,11.112049416661804,29360800
2010-07-26,11.406054496765137,11.406054496765137,11.292701837542946,11.363547840734041,14990400
2010-07-27,11.313960075378418,11.512326120900223,11.26436805727444,11.476904119494856,18349800
2010-07-28,11.278533935546875,11.360005594775552,11.228942608300056,11.25728060610269,21062400
2010-07-29,11.267906188964844,11.452104175965713,11.168723541020452,11.352920176759087,16919000
2010-07-30,11.338752746582031,11.381260761069775,11.1297604137338,11.165183083509023,17515800
2010-08-02,11.643386840820312,11.664640848210318,11.491069832681447,11.519408509201455,32952200
2010-08-03,11.430852890014648,11.533578571958824,11.406057222133303,11.530035561540029,19108400
2010-08-04,11.537117958068848,11.547744284706521,11.427307628184499,11.498152958714327,11268000
2010-08-05,11.56191349029541,11.572539816812895,11.46627249785122,11.487526502148464,14066400
2010-08-06,11.508781433105469,11.632759756666152,11.398971095621448,11.483984417130952,17375600
2010-08-09,11.57962417602539,11.604419838079615,11.505237189862719,11.600878179755684,12162000
2010-08-10,11.455647468566895,11.522949796236048,11.338752458588313,11.452105809747435,25438800
2010-08-11,11.069540977478027,11.243111298929142,11.062456309100961,11.232484296363545,35147200
2010-08-12,11.140386581420898,11.179350907181792,10.931393588623523,10.934935922898365,23048000
2010-08-13,11.087254524230957,11.14747286803136,11.048290190452803,11.09788152924208,12365600
2010-08-16,11.136846542358398,11.207691215562187,11.016409854717505,11.037663189115511,13065000
2010-08-17,11.398967742919922,11.483981039425037,11.292699771026545,11.292699771026545,23946400
2010-08-18,11.441475868225098,11.49815185696583,11.299785896373264,11.388342888865624,19570600
2010-08-19,11.179348945617676,11.430849229952925,11.122672958427124,11.38479956809119,25495800
2010-08-20,11.154557228088379,11.165184232804213,11.048289883455245,11.112050560487646,27923600
2010-08-23,11.030577659606934,11.352922687990155,11.02349366578046,11.204148007533956,18899200
2010-08-24,10.775533676147461,10.92076599540861,10.768449007980784,10.835752004301924,29745800
2010-08-25,10.807414054870605,10.83929438612993,10.584251736055322,10.690519732130124,25560800
2010-08-26,10.793244361877441,10.970357007186017,10.775533367599033,10.910138680755857,14956000
2010-08-27,11.115588188171387,11.122672855412354,10.754278942085723,10.86408858179651,20732800
2010-08-30,10.94910717010498,11.143930871812508,10.94910717010498,11.090797196404212,10128800
2010-08-31,10.995157241821289,11.051833254355925,10.878262205883319,10.881804541120653,19130600
2010-09-01,11.32458209991455,11.349378437354599,11.129758463731964,11.136843131571979,24058400
2010-09-02,11.459188461303711,11.459188461303711,11.292702805586572,11.36000580497485,12309200
2010-09-03,11.593792915344238,11.600877582889831,11.494610272230297,11.54774325192898,15619200
2010-09-07,11.480441093444824,11.583166747361252,11.462730099970795,11.547743409151009,12186000
2010-09-08,11.568999290466309,11.643386285892312,11.501696963832648,11.515864950154931,10036400
2010-09-09,11.530035018920898,11.714232365415567,11.501697693216906,11.678810370469954,9445800
2010-09-10,11.625678062438965,11.654016744367535,11.540664719178706,11.540664719178706,11261800
2010-09-13,11.81341552734375,11.85592354457488,11.707148186791024,11.71777586673008,24126600
2010-09-14,11.79216480255127,11.873636488702443,11.717777787099688,11.7567414490533,17105400
2010-09-15,11.770905494689941,11.79215949722649,11.678807519555892,11.724855831491837,12888600
2010-09-16,11.827585220336914,11.859465558582942,11.72485953584832,11.735487216105389,25727400
2010-09-17,11.82974910736084,11.891193679385664,11.750233089009766,11.865893378776317,16339400
2010-09-20,11.905653953552246,11.92734052358633,11.757465838561256,11.840595622213428,16600800
2010-09-21,11.851438522338867,11.909267991757707,11.739393322130919,11.90565287436467,33795200
2010-09-22,11.880353927612305,11.970712570095316,11.840595904317627,11.847824761167884,20396600
2010-09-23,11.768310546875,11.912883553161361,11.721323664919261,11.775539404003846,14346000
2010-09-24,12.05745792388916,12.07552937730805,11.909269799832636,11.916498656952895,17199200
2010-09-27,11.988781929016113,12.079140555718121,11.974325596603842,12.061069106130365,11346400
2010-09-28,11.988781929016113,12.010468495779357,11.771921776436583,11.974325596603842,17394800
2010-09-29,11.894811630249023,11.97432767676442,11.855053606991325,11.95264110623382,19749800
2010-09-30,11.847825050354004,12.028542339731036,11.761081523560586,11.974327980176026,20469400
2010-10-01,12.003243446350098,12.014087422551894,11.912884790995887,11.920113648875864,15538400
2010-10-04,11.81168270111084,11.95625709093707,11.768310935668397,11.909270207429012,26111200
2010-10-05,12.14419937133789,12.187572506629035,11.94902577758086,11.94902577758086,26245400
2010-10-06,12.25986099243164,12.292390161641187,12.158659745452416,12.173117460381901,13636600
2010-10-07,12.13697338104248,12.30323295040276,12.024928169292666,12.296004093635341,18279800
2010-10-08,12.375520706176758,12.411663612905935,12.180345700806772,12.180345700806772,15930200
2010-10-11,12.353832244873047,12.436962020642971,12.306845370302812,12.433348282028323,11727200
2010-10-12,12.386359214782715,12.40804577892148,12.194799390560997,12.32491463910441,14601000
2010-10-13,12.585148811340332,12.632135681018754,12.465876146788224,12.534548203423489,14554400
2010-10-14,12.465879440307617,12.60683870782155,12.3935922475723,12.581538397178717,16533200
2010-10-15,12.502020835876465,12.56707916359675,12.335761277819453,12.563464046077092,24577400
2010-10-18,12.556236267089844,12.55985000575938,12.386361595591856,12.458648777852488,13649200
2010-10-19,12.234563827514648,12.408053693764275,12.180349450730084,12.33938021956765,30249800
2010-10-20,12.487560272216797,12.570690032265462,12.256242439253024,12.285157857755015,20369600
2010-10-21,12.483949661254883,12.595993489107144,12.35383300293049,12.541779133980905,22244200
2010-10-22,12.393594741821289,12.509253721969113,12.353836708877262,12.491182264839228,16613600
2010-10-25,12.661053657531738,12.7116542811723,12.556238670889254,12.585152722070896,22728000
2010-10-26,12.585148811340332,12.614064232300333,12.40081782839138,12.487561333745067,18659400
2010-10-27,12.46949291229248,12.491179483277413,12.335762504794138,12.491179483277413,24652800
2010-10-28,12.476717948913574,12.61767717024515,12.393588187070929,12.57430542031922,20044200
2010-10-29,12.577923774719238,12.603224086358756,12.418893047447469,12.451422216521646,13569800
2010-11-01,12.570693016052246,12.729725098035066,12.502020948954536,12.642980200702313,16188600
2010-11-02,12.700807571411133,12.78032359924718,12.64659322596549,12.682736122929253,23459000
2010-11-03,12.664666175842285,12.758638546346367,12.469491200068456,12.740567095722117,34310000
2010-11-04,13.080315589904785,13.080315589904785,12.852612820958047,12.856226559725286,20076400
2010-11-05,13.127303123474121,13.206819167966705,13.051402196693072,13.098389075599002,20189600
2010-11-08,13.159832954406738,13.17790440758779,13.029716285481573,13.044173999531813,15881800
2010-11-09,12.92851448059082,13.2682624733674,12.852613553283835,13.224890711872472,22728800
2010-11-10,12.993573188781738,13.026102355536523,12.77671161749535,12.92851485527217,18655600
2010-11-11,13.127303123474121,13.13453198013376,12.92489927329456,12.928514391006093,18777400
2010-11-12,12.834541320800781,13.029716324777146,12.726111222623969,12.9791157042122,34953400
2010-11-15,12.733343124389648,12.910446717478383,12.722500525608401,12.870688683595372,19444000
2010-11-16,12.458650588989258,12.61045245291731,12.36106308556543,12.585152142262634,39700000
2010-11-17,12.455033302307129,12.585149950882434,12.397203833914027,12.462262158201678,26661800
2010-11-18,12.689969062805176,12.798399167361797,12.621295606200567,12.621295606200567,28865800
2010-11-19,12.791169166564941,12.791169166564941,12.62490959585481,12.693581667557657,18097800
2010-11-22,12.823698043823242,12.834540639436257,12.628523050208395,12.736954521392263,23443000
2010-11-23,12.577923774719238,12.65743982773691,12.51648055467,12.624910658662733,26465200
2010-11-24,12.820080757141113,12.820080757141113,12.6646638288008,12.67912153812619,15943200
2010-11-26,12.603219032287598,12.708035354911944,12.603219032287598,12.686348791304589,9311400
2010-11-29,12.711649894714355,12.7514079077878,12.422502588857183,12.574305786159144,25669600
2010-11-30,12.718881607055664,12.823697959839789,12.559850897798087,12.606837776419148,31201200
2010-12-01,13.065857887268066,13.073085364045378,12.903212084514227,12.932126127913122,24592000
2010-12-02,13.26465129852295,13.293565352187665,13.09116284024354,13.12730575201536,18747600
2010-12-03,13.376688957214355,13.405604376251365,13.203200579281496,13.210429434040748,15720000
2010-12-06,13.398378372192383,13.42367867985124,13.340548900577366,13.358620351938928,9912800
2010-12-07,13.416449546813965,13.593553075536242,13.391149239676972,13.56463765094349,21077000
2010-12-08,13.275490760803223,13.47066574730615,13.206818693150732,13.423678870089509,23584200
2010-12-09,13.347782135009766,13.401997885640833,13.257423469800528,13.391153908256333,23028200
2010-12-10,13.463433265686035,13.47789097459258,13.300787487394945,13.369460915319522,10437400
2010-12-13,13.535724639892578,13.633312137208485,13.51765318752225,13.604396710405206,12831600
2010-12-14,13.524879455566406,13.615238088098293,13.481507698004828,13.532108311620554,14227400
2010-12-15,13.452596664428711,13.571869369117625,13.43452383086539,13.481510716355505,13388000
2010-12-16,13.579103469848633,13.582718589462589,13.36947203145633,13.474287061270404,18492400
2010-12-17,13.685851097106934,13.696781842888107,13.543744452087868,13.561964215020172,14386400
2010-12-20,13.729582786560059,13.795170076143428,13.656707865914816,13.773307182957804,10680400
2010-12-21,13.868043899536133,13.889905401018552,13.78059372368628,13.78423823391561,9610000
2010-12-22,13.860754013061523,13.919053657481388,13.806097488304639,13.919053657481388,6326200
2010-12-23,13.897195816040039,13.937277096753288,13.787884116805335,13.787884116805335,7742600
2010-12-27,13.919052124023438,13.92633975251969,13.802452848029413,13.886258490776804,4817600
2010-12-28,13.94820499420166,13.97735551601583,13.908123721693869,13.97735551601583,6872200
2010-12-29,14.006503105163574,14.028365994116196,13.970066346882435,14.006503105163574,5138600
2010-12-30,14.006503105163574,14.061159632558516,13.97735397653331,14.002859985324754,7152600
2010-12-31,13.995573997497559,14.042942900798481,13.959137234942016,13.98828636699177,4849400
2011-01-03,14.108527183532715,14.239701724780344,14.090307416158135,14.14496393833568,12110400
2011-01-04,14.013792991638184,14.155898317782224,13.83525090134512,14.130392304883214,18978600
2011-01-05,14.046586990356445,14.053874621365118,13.878975647077409,13.940918425690905,15594600
2011-01-06,13.973712921142578,14.119462770244207,13.933633033114527,14.053875477145832,15539400
2011-01-07,13.959137916564941,14.05751884823691,13.838894092308047,14.017437573484612,23128400
2011-01-10,13.977355003356934,14.002861014022136,13.744156397290332,13.908123211574244,20979400
2011-01-11,14.09030532836914,14.101237465168673,13.999212064886105,14.046580951089693,13209600
2011-01-12,14.228767395019531,14.250630278518113,14.14860626880383,14.19961827366097,13959200
2011-01-13,14.104886054992676,14.239705138020433,14.072092411820172,14.214197735576546,14599600
2011-01-14,14.13768482208252,14.13768482208252,13.991936325138248,14.079385145310024,15839800
2011-01-18,14.214198112487793,14.228773374278376,14.141324583481815,14.155898455298928,16477600
2011-01-19,13.886263847351074,14.24699256224077,13.860757832761845,14.239706320906889,32022600
2011-01-20,13.689507484436035,13.780600827499876,13.569264994378301,13.74051953415593,43715400
2011-01-21,13.656705856323242,13.83160480615125,13.63848747633615,13.766017526219084,22906400
2011-01-24,13.802459716796875,13.878977769127076,13.653066733211089,13.704078768097888,20986800
2011-01-25,13.820677757263184,13.820677757263184,13.656709513522882,13.755090459767063,26381600
2011-01-26,14.112170219421387,14.137676225626981,13.864396396304398,13.868040905746964,22398600
2011-01-27,13.995573997497559,14.119460936149158,13.893549950363322,14.101242554871387,22470000
2011-01-28,13.776949882507324,14.097597267239967,13.766017742364783,13.9919301056664,28584600
2011-01-31,14.006503105163574,14.021078364465323,13.820673413972596,13.86804231171666,19959800
2011-02-01,14.38180923461914,14.410958364966696,14.112172481544375,14.137678491838477,32064200
2011-02-02,14.356306076049805,14.429179611380885,14.287074271522254,14.374524459882576,12356400
2011-02-03,14.418245315551758,14.447395834498836,14.195977473486662,14.363588787512613,21654600
2011-02-04,14.421891212463379,14.476546355785853,14.298004274969701,14.458327974678362,16209400
2011-02-07,14.49841022491455,14.600434277976012,14.465616580720011,14.465616580720011,18360600
2011-02-08,14.5457763671875,14.57128376801724,14.447396833869023,14.563996137776364,15420400
2011-02-09,14.414605140686035,14.527559949750387,14.319867324725609,14.50934156667293,19333400
2011-02-10,14.44011116027832,14.534847586299916,14.272498421973141,14.272498421973141,18023400
2011-02-11,14.520273208618164,14.574929751174516,14.356306360896344,14.400030760957254,20151200
2011-02-14,14.676953315734863,14.698816210008951,14.527560346462508,14.556710872161295,17148200
2011-02-15,14.509343147277832,14.687886656823386,14.483837130196134,14.684242145826754,14403000
2011-02-16,14.698812484741211,14.735249242656591,14.582213191444138,14.593143940824108,19581400
2011-02-17,14.829991340637207,14.83727897232969,14.622298702309147,14.669666223349846,16506600
2011-02-18,14.666017532348633,14.877354601244095,14.611361010400334,14.851847205021288,14668600
2011-02-22,14.195976257324219,14.574924631332413,14.170470250417239,14.476543723274144,37060200
2011-02-23,14.09030532836914,14.254273480633186,13.85710679624823,14.152249470323511,37641000
2011-02-24,14.017436981201172,14.214197446257861,13.824318246461235,14.083024266211204,28453000
2011-02-25,14.225128173828125,14.24334655341574,14.123102746185607,14.141322515746486,16706200
2011-02-28,14.378167152404785,14.378167152404785,14.214198922846485,14.279786214669805,15915800
2011-03-01,14.024728775024414,14.443757231451952,14.01744114230735,14.410963579212074,36178400
2011-03-02,14.075737953186035,14.166831258673955,13.984644647698113,14.006506151432154,22439800
2011-03-03,14.359949111938477,14.359949111938477,14.214199262190734,14.239706667374133,17416400
2011-03-04,14.228767395019531,14.378160290660968,14.119455757472386,14.374517171730979,23102200
2011-03-07,13.984641075134277,14.37087570215119,13.915409291066583,14.338082064954172,36593000
2011-03-08,14.144967079162598,14.19597910320298,13.871687187540486,14.017437019061642,20951800
2011-03-09,13.91541862487793,14.075743798701167,13.846188184346875,14.075743798701167,35285400
2011-03-10,13.612984657287598,13.784240527250441,13.547397361981558,13.715008721108719,62013600
2011-03-11,13.813385963439941,13.857110351938928,13.503669344114467,13.55832448224489,29383200
2011-03-14,13.762372970581055,13.882615377931337,13.620267675542927,13.758728460979839,35194600
2011-03-15,13.762372970581055,13.83160336329951,13.27775605163241,13.336055695493517,45739400
2011-03-16,13.485447883605957,13.784235105803482,13.321481099803888,13.747796961646186,46770000
2011-03-17,13.725937843322754,13.849824787521994,13.645776684116273,13.751445246221925,44856600
2011-03-18,13.793197631835938,13.961362443910538,13.760295699511488,13.924805361133735,29813000
2011-03-21,14.0308256149292,14.060071007993654,13.913841253544197,14.005235373036454,16934800
2011-03-22,13.997929573059082,14.060076931104208,13.91750226776381,14.019863278456572,15172800
2011-03-23,14.202648162841797,14.24286180577313,13.921155451450156,14.005237889141195,26321800
2011-03-24,14.264798164367676,14.323290360751269,14.12222352284292,14.301355264145934,23093000
2011-03-25,14.341568946838379,14.454898187739365,14.275765051420255,14.334257247951479,21089800
2011-03-28,14.275761604309082,14.447583000252267,14.261138210066337,14.337910332558938,23835200
2011-03-29,14.425651550292969,14.425651550292969,14.180715910435273,14.27942175464425,19443600
2011-03-30,14.575538635253906,14.608440584999745,14.378128331342923,14.57188348286617,30180400
2011-03-31,14.63037109375,14.70714182088743,14.549943820807771,14.56091206365856,21048200
2011-04-01,14.685211181640625,14.758326779702207,14.623063829754905,14.714457978690874,18529000
2011-04-04,14.780267715454102,14.82779308215048,14.736398897115302,14.758332609002407,14013200
2011-04-05,14.955738067626953,15.01423026556587,14.710802424559,14.769294622497915,18749400
2011-04-06,14.831440925598145,15.090999948467164,14.787572128882061,15.076377945937738,30197400
2011-04-07,14.802191734313965,14.970356574119203,14.732731313195268,14.87530591192421,26134800
2011-04-08,14.696178436279297,14.959392619152528,14.634029694022654,14.91552382110098,17302600
2011-04-11,14.531670570373535,14.802197881392479,14.465866667546337,14.73639397856528,20734400
2011-04-12,14.334258079528809,14.447587327004396,14.279422426541819,14.36716002914662,26711400
2011-04-13,14.250174522399902,14.451241356862207,14.14050183038082,14.436619353939886,32170200
2011-04-14,14.294047355651855,14.341572713617134,14.155129224006169,14.155129224006169,31580200
2011-04-15,14.389093399047852,14.414683646281375,14.250173917948809,14.359846605315893,22683000
2011-04-18,14.188029289245605,14.261143498444596,14.052764934186346,14.220931241210812,22494400
2011-04-19,14.44027328491211,14.454896681161769,14.23189476932785,14.246518165577509,32250000
2011-04-20,14.63037109375,14.732732063266571,14.5828457602329,14.68520672974947,26455400
2011-04-21,14.787572860717773,14.787572860717773,14.663276768400882,14.710802114024276,15329200
2011-04-25,14.67424488067627,14.802197530726442,14.604785826921555,14.747360481481497,12109400
2011-04-26,14.838748931884766,14.893585960057942,14.674239241928792,14.736387966829296,17400000
2011-04-27,14.886271476745605,14.886271476745605,14.582842394896902,14.860681240272015,26244200
2011-04-28,14.882621765136719,14.995951003385777,14.813162719182484,14.86799836770511,27603200
2011-04-29,14.941112518310547,14.988637858094565,14.838751535296172,14.948424216320689,26800000
2011-05-02,14.835098266601562,15.05078710974115,14.802196318661561,14.995951459550467,20484200
2011-05-03,14.699835777282715,14.842410438103492,14.57919621603596,14.824131885740549,30488800
2011-05-04,14.44027328491211,14.703488839150678,14.341567452072647,14.685208896556693,42692200
2011-05-05,14.26845645904541,14.531672098024918,14.19534224338601,14.33791691631182,49810600
2011-05-06,14.38543701171875,14.593815538391002,14.30135457065485,14.524356494354883,39226200
2011-05-09,14.593816757202148,14.63768695194934,14.400061611376104,14.414685009625167,26753000
2011-05-10,14.71811294555664,14.747359742238311,14.557259747499527,14.652310442150931,24373200
2011-05-11,14.326946258544922,14.688867701267213,14.26479890677465,14.677900849675762,36163200
2011-05-12,14.3123197555542,14.400057329833704,14.136841817867994,14.283072967751966,36135800
2011-05-13,14.129539489746094,14.392753755698008,14.085669283283787,14.367163499210521,39318400
2011-05-16,14.078351974487305,14.348879228323657,14.03082802826289,14.078351974487303,39154200
2011-05-17,13.91384506225586,14.060074856733586,13.829762616654275,13.997927507857447,46415600
2011-05-18,14.22458553314209,14.239208931922713,13.906534279765891,13.979649879104942,35216000
2011-05-19,14.220930099487305,14.370816447614287,14.158781353180778,14.239208650319563,25611800
2011-05-20,14.078351974487305,14.22458314865244,13.968679291145367,14.184369506028837,35574800
2011-05-23,13.932125091552734,13.979650442222106,13.793205586669098,13.851697789583662,26600000
2011-05-24,14.00158405303955,14.166093808437454,13.924813298708568,14.030830851583229,33186400
2011-05-25,14.198991775512695,14.279419054377119,13.946744484388441,13.975989880162228,32158200
2011-05-26,14.231889724731445,14.27941504841523,14.082003452710273,14.158774163963313,20333400
2011-05-27,14.38543701171875,14.443929205265981,14.312322815707635,14.345224761738196,21204400
2011-05-31,14.531670570373535,14.575539374070292,14.315980309898634,14.51704717095324,32114400
2011-06-01,14.078351974487305,14.491453856124558,14.060073426357619,14.465863609830233,35499000
2011-06-02,14.100286483764648,14.2538293497218,13.932121616648917,14.103943029977122,40104400
2011-06-03,13.921154975891113,14.019859412087662,13.848039390746735,13.877284788066211,32958000
2011-06-06,13.78222942352295,14.012542927027283,13.756639189196154,13.921148834556393,28586000
2011-06-07,13.833422660827637,13.975997353552701,13.793208999891958,13.88460317672233,23020200
2011-06-08,13.690842628479004,13.800515318988646,13.646973831187932,13.793203620346146,34934200
2011-06-09,13.917496681213379,13.99426740841681,13.727396741545157,13.7529869839463,35140800
2011-06-10,13.742020606994629,13.928464007249827,13.70911866641269,13.83341473143738,30926400
2011-06-13,13.661599159240723,13.84804403359667,13.56289329538715,13.796863525205394,26704000
2011-06-14,13.924816131591797,13.986963499294287,13.785896599375581,13.844388813798556,37155600
2011-06-15,13.603099822998047,13.862658776450132,13.544607644831894,13.782232903073877,47199400
2011-06-16,13.471491813659668,13.654280041223917,13.29601528254561,13.592132713242554,52688400
2011-06-17,13.469657897949219,13.63508793156224,13.410838486260745,13.598326325143965,38382400
2011-06-20,13.583622932434082,13.63876534941241,13.396135068557257,13.396135068557257,31123200
2011-06-21,13.932866096496582,13.954922505898905,13.690235776510391,13.690235776510391,29506200
2011-06-22,13.874041557312012,14.035794576936377,13.844631152453786,13.859336354882899,26860800
2011-06-23,13.863016128540039,13.88139693592835,13.506423977636537,13.642443635148888,35531600
2011-06-24,13.774782180786133,13.95491598443134,13.726990978805402,13.921829983423933,25527000
2011-06-27,13.804195404052734,13.855662220841582,13.602003737082729,13.704937370660424,20235200
2011-06-28,14.07255744934082,14.07255744934082,13.829927196847544,13.885071009745504,20732600
2011-06-29,14.296804428100586,14.355623830591648,14.116670621506474,14.168137423390506,28885600
2011-06-30,14.473260879516602,14.528404676196075,14.274746296673502,14.322536091273042,24759200
2011-07-01,14.605610847473145,14.627668655645806,14.37768577248463,14.476943805713235,26882800
2011-07-05,14.623987197875977,14.671778399840939,14.543111397279672,14.594578198304179,21081000
2011-07-06,14.682811737060547,14.737955558805172,14.52105867690363,14.572525495936938,29273800
2011-07-07,14.903382301330566,14.969554311735315,14.796771684304543,14.851915493763611,23141200
2011-07-08,14.789421081542969,14.800449283979013,14.631343635587246,14.675457847696944,22743200
2011-07-11,14.491639137268066,14.638688301059258,14.410763359311193,14.572516317589697,23123800
2011-07-12,14.432821273803711,14.579870453097552,14.388707080961522,14.388707080961522,17070200
2011-07-13,14.557818412780762,14.71222025233821,14.498998998274464,14.528409406710344,20591000
2011-07-14,14.418124198913574,14.675458279089195,14.38136118577023,14.59090545240784,21614800
2011-07-15,14.546789169311523,14.56516997208523,14.418122147530216,14.487969759016446,26862800
2011-07-18,14.374011039733887,14.55782192976816,14.307839007132284,14.510032108062624,32278400
2011-07-19,14.590906143188477,14.601935748836436,14.491648106550587,14.491648106550587,19083200
2011-07-20,14.57986831665039,14.631335101152127,14.513696335901102,14.62765950327259,13646800
2011-07-21,14.756336212158203,14.778394021100317,14.58355354802571,14.65340257515959,19496200
2011-07-22,14.686488151550293,14.752660174047273,14.63869693477679,14.748983171483227,14452800
2011-07-25,14.649723052978516,14.748981072598866,14.513703427142653,14.53943683196659,11050400
2011-07-26,14.491639137268066,14.649716497515932,14.465905743959322,14.646040899485293,14344200
2011-07-27,14.16079044342041,14.502678794339602,14.138732632844237,14.4438593685022,31927800
2011-07-28,14.131375312805176,14.351949137850609,14.112994511309372,14.204899921153652,20092200
2011-07-29,13.973298072814941,14.1166716919763,13.83360285778379,13.921831267028171,26653000
2011-08-01,13.925509452819824,14.241664317951601,13.793165425335323,14.230634714084292,29084800
2011-08-02,13.495392799377441,13.962272544960419,13.495392799377441,13.815224700616248,41598200
2011-08-03,13.565241813659668,13.605679024230833,13.216000904729166,13.513773595689413,38959600
2011-08-04,12.64618968963623,13.35937543215834,12.64618968963623,13.344670224510677,78015800
2011-08-05,12.616777420043945,12.969693937524687,12.263860902563204,12.85205509836444,66010000
2011-08-08,11.694046020507812,12.421937515662,11.624198402718728,12.252831871099698,75544800
2011-08-09,12.414581298828125,12.4219338989334,11.620518718204465,11.88152971129887,62942000
2011-08-10,11.988139152526855,12.458694294939347,11.95137615554779,12.138863934228665,65754600
2011-08-11,12.580011367797852,12.749116964098695,12.06166497749129,12.127836976455114,55098600
2011-08-12,12.660888671875,12.793232685557202,12.557955062284512,12.657213072546162,29769400
2011-08-15,12.863080024719238,12.866755623571056,12.660887028742493,12.738088628281373,55693600
2011-08-16,12.657215118408203,12.829997764461785,12.550604489891503,12.752796142425101,32716000
2011-08-17,12.693979263305664,12.903523559916744,12.635159836228269,12.730742281707636,27525200
2011-08-18,11.955055236816406,12.370468059596796,11.848444630572425,12.363115458921502,53075400
2011-08-19,11.763896942138672,12.16828033857837,11.75654433826594,11.793307357629601,38924800
2011-08-22,11.763896942138672,12.098432705336108,11.723458322021543,12.091080101463376,24809400
2011-08-23,12.17930793762207,12.182983537769559,11.771247605338198,11.855800432386076,31366800
2011-08-24,12.352089881896973,12.355766884615436,12.065345373945117,12.13519299957385,19027400
2011-08-25,12.216063499450684,12.458693657641515,12.153568511330484,12.363112675115072,22707400
2011-08-26,12.473404884338379,12.502813892266323,11.899914504905212,12.127840977583134,29035600
2011-08-29,12.852054595947266,12.859407198403048,12.580015316910945,12.613101326779203,25578800
2011-08-30,12.958663940429688,13.039541157041777,12.760147900944775,12.796910909570899,26398200
2011-08-31,12.99174690246582,13.204966693068908,12.877783705979564,13.065271500122597,24743600
2011-09-01,12.815293312072754,13.127771211382987,12.80426510929127,12.980723365622815,25240800
2011-09-02,12.488109588623047,12.64251002937468,12.436642775039168,12.535899399884936,26353200
2011-09-06,12.421940803527832,12.443997213738383,12.116814040200541,12.135194849497953,27213200
2011-09-07,12.77853012084961,12.77853012084961,12.561633254186653,12.631482277137861,25526200
2011-09-08,12.609421730041504,12.811613347696241,12.557954925805598,12.690298938049494,23190600
2011-09-09,12.194008827209473,12.45869685028797,12.120485622901207,12.45869685028797,37833400
2011-09-12,12.11313533782959,12.249154974642877,11.859475466428691,12.054315921718533,27529200
2011-09-13,12.311651229858398,12.359441040688735,12.043286157396459,12.146221186000176,27030600
2011-09-14,12.502811431884766,12.65353624906447,12.146219392624651,12.352086614705062,36008000
2011-09-15,12.716034889221191,12.730740094055035,12.510166228643936,12.668243674693958,25961800
2011-09-16,12.757792472839355,12.861273535166934,12.632136292945694,12.757792472839355,24808800
2011-09-19,12.569310188293457,12.624747289161986,12.347564604467424,12.491699374936749,22188000
2011-09-20,12.421483993530273,12.706058470990314,12.414092283876505,12.587793936178928,28351400
2011-09-21,11.859728813171387,12.403007583806232,11.841250240731874,12.38822416192474,54034400
2011-09-22,11.194486618041992,11.442102508093885,11.024480847438344,11.431015650277901,61758800
2011-09-23,11.176005363464355,11.342315250310907,11.068828429094797,11.127960676659793,47446400
2011-09-26,11.53449535369873,11.53449535369873,11.017087805835283,11.27948778601851,37981200
2011-09-27,11.774718284606934,12.037117501237146,11.69341092910088,11.91515787780182,40351200
2011-09-28,11.253616333007812,11.830155366340442,11.235137065970253,11.830155366340442,44932200
2011-09-29,11.264708518981934,11.519716885479129,11.050353854293474,11.5049334648533,40137800
2011-09-30,10.850784301757812,11.157533278439868,10.836000878827399,11.083617573612605,36225000
2011-10-03,10.544029235839844,11.031870632213911,10.544029235839844,10.728817686279232,38647200
2011-10-04,10.954258918762207,10.965346479356771,10.263150521343396,10.388806721767176,50182600
2011-10-05,11.390357971191406,11.427315795768775,10.895124954625532,10.976432309678117,42067600
2011-10-06,11.678631782531738,11.697110348100999,11.349707817084589,11.423623489185815,41753400
2011-10-07,11.50123405456543,11.778416744420927,11.353402722712872,11.771025036845893,35341400
2011-10-10,11.985377311706543,11.985377311706543,11.700802969133642,11.704498822208707,21385200
2011-10-11,12.000165939331055,12.096255341396018,11.819072584508415,11.84124771259621,20205200
2011-10-12,12.118427276611328,12.273648902856038,12.037119904869412,12.085165298155456,24895600
2011-10-13,12.055601119995117,12.099951374239998,11.82646377902728,12.003860566533769,18488600
2011-10-14,12.373433113098145,12.373433113098145,12.14429585447332,12.266255485258336,18898000
2011-10-17,11.952119827270508,12.318001665069053,11.944728118344601,12.310609956143146,19232000
2011-10-18,12.258865356445312,12.32538931264302,11.73776267769129,11.918855277945045,34612800
2011-10-19,11.90407657623291,12.236696488909457,11.85233601422202,12.236696488909457,22415800
2011-10-20,12.014945983886719,12.07038309013049,11.767330104932675,11.89298632390427,30128400
2011-10-21,12.332784652709961,12.332784652709961,12.151692704025974,12.184954691922442,25566600
2011-10-24,12.628440856933594,12.63213741510152,12.403000152525237,12.458435836629379,19921000
2011-10-25,12.306912422180176,12.606270265763662,12.284738706982724,12.573008283143274,26084200
2011-10-26,12.528660774230957,12.617358464094279,12.214519480585425,12.502790497202124,25712000
2011-10-27,13.2086820602417,13.3343382914968,12.883453918788913,12.972151605660564,41625600
2011-10-28,13.301072120666504,13.356507805059806,13.049759737243363,13.079325153621683,19874200
2011-10-31,12.731924057006836,13.06084726132724,12.717140643148316,13.053455554397978,28058800
2011-11-01,12.391914367675781,12.646923358987555,12.12212337020576,12.232996170425418,46077800
2011-11-02,12.698662757873535,12.779970128607046,12.491699182290063,12.63213880178685,26117200
2011-11-03,12.957368850708008,12.972150857784856,12.606270453340631,12.89084488447738,30003600
2011-11-04,12.927799224853516,12.975844614493415,12.672791682593608,12.84279671076688,20282000
2011-11-07,13.038670539855957,13.049758803800577,12.779967878211014,12.93518947519798,18733400
2011-11-08,13.193900108337402,13.204986967972037,12.93150075827162,13.064547303360637,30361400
2011-11-09,12.550832748413086,12.916714545293528,12.521267325840213,12.846494023262645,45993000
2011-11-10,12.702357292175293,12.805839779873306,12.491698578032265,12.746707533970419,25496600
2011-11-11,12.998019218444824,13.042369462617332,12.850189300675202,12.861276156806317,21089800
2011-11-14,12.86128044128418,13.005415258300397,12.776277893039348,12.87606386093315,19156800
2011-11-15,12.887145042419434,12.975844111406143,12.720835169209275,12.805839089824145,18233400
2011-11-16,12.58409595489502,12.842800124254945,12.573009096579009,12.720839043481606,23883200
2011-11-17,12.225604057312012,12.606267798490432,12.140600132944542,12.569309264021111,40011000
2011-11-18,12.292126655578613,12.432566267552481,12.207124140648729,12.340172045695136,27961600
2011-11-21,12.077775955200195,12.159083342859615,11.948424574673219,12.037122261370484,31661400
2011-11-22,11.985377311706543,12.170165735988391,11.941028484629562,12.085163229997596,30041200
2011-11-23,11.667543411254883,11.885593853431315,11.656456554646889,11.852331873783246,28925200
2011-11-25,11.608410835266113,11.782111731420732,11.608410835266113,11.619498396476331,8887000
2011-11-28,12.044510841369629,12.129513356466443,11.937333205446885,12.051902548311606,24770400
2011-11-29,12.066688537597656,12.17756134574308,12.003859720093228,12.092558812504114,23199400
2011-11-30,12.757792472839355,12.768879326710527,12.513871818907393,12.532350378633927,40087200
2011-12-01,12.676486015319824,12.861274445309396,12.606266919460369,12.691269428076712,24472000
2011-12-02,12.565617561340332,12.846495451212297,12.554530702871167,12.816930025353084,20996000
2011-12-05,12.713451385498047,12.85019450249077,12.617360560716978,12.765191948153424,21637000
2011-12-06,12.831710815429688,12.938887048273415,12.646922359722804,12.691271194341727,21469600
2011-12-07,12.84280014038086,12.887148983524895,12.67279506680847,12.73192732760862,23834400
2011-12-08,12.443653106689453,12.74670745102157,12.410392540295474,12.72453233026831,27528800
2011-12-09,12.602572441101074,12.669096399661356,12.306911186290975,12.340173165571116,27346800
2011-12-12,12.30321979522705,12.399309203705291,12.210825536764531,12.380830633977688,34151000
2011-12-13,12.096250534057617,12.528656196062647,12.022334879631886,12.406695154786613,33684800
2011-12-14,11.948423385620117,12.133211859311805,11.907769695836079,12.033425914339393,38940800
2011-12-15,12.029727935791016,12.155384139466218,11.944725417102497,12.129513868988147,22521400
2011-12-16,12.1060209274292,12.269767590929662,12.02786988510623,12.173007940745304,32362400
2011-12-19,11.890178680419922,12.19534120488093,11.856685163362597,12.143240493822402,25961400
2011-12-20,12.35908031463623,12.381409788045907,12.098575470072104,12.146955285974474,32500800
2011-12-21,12.37768840789795,12.414904199645868,12.225107210824731,12.333030877437746,19222600
2011-12-22,12.50049877166748,12.533992275441344,12.37396791514814,12.418625446967512,15224600
2011-12-23,12.619587898254395,12.619587898254395,12.493057027410694,12.51910737555756,10832600
2011-12-27,12.615867614746094,12.664246023760315,12.56376549639317,12.56376549639317,5847000
2011-12-28,12.314425468444824,12.623308776521544,12.310704598551732,12.612144747204765,12608600
2011-12-29,12.474449157714844,12.481892316727276,12.295817600328732,12.310703918353598,8553600
2011-12-30,12.467007637023926,12.530272367487248,12.444678157052254,12.444678157052254,7210200
2012-01-03,12.813105583190918,12.872649437969148,12.738675409808762,12.742397699278483,22427600
2012-01-04,12.921026229858398,12.932190256371378,12.74611557642359,12.798216259667027,17544800
2012-01-05,12.958242416381836,13.006622237455648,12.772167710322778,12.809382083679651,15567400
2012-01-06,12.939634323120117,12.984291851947015,12.85776100390643,12.913583979667989,14437400
2012-01-09,12.965689659118652,13.01406949543191,12.906145791209179,12.958246498175244,18409200
2012-01-10,13.2075834274292,13.263404988169135,13.1517604470519,13.166646764437496,19925200
2012-01-11,13.337835311889648,13.35644249902119,13.144317442519375,13.166646918859653,14130600
2012-01-12,13.523911476135254,13.527632346106559,13.30434323725244,13.408544632099357,22305200
2012-01-13,13.434589385986328,13.453197987005911,13.278287358807814,13.397375023221047,16838800
2012-01-17,13.509023666381836,13.635554526007695,13.456922974707197,13.598340151850774,23761200
2012-01-18,13.661605834960938,13.661605834960936,13.44575989428681,13.509024618741089,15646400
2012-01-19,13.672771453857422,13.683935483102998,13.568568642227913,13.680213193596144,16385200
2012-01-20,13.613225936889648,13.687654682292225,13.568566986083319,13.62438996477257,11145200
2012-01-23,13.605783462524414,13.706263977434864,13.568567668314587,13.635554678254886,13986600
2012-01-24,13.605783462524414,13.616947490968668,13.434593648433989,13.479252601485783,13192800
2012-01-25,13.82162857055664,13.862565231940582,13.456922326757367,13.523909332724305,16779600
2012-01-26,13.817909240722656,14.041198339065744,13.739756778628857,13.910946601638521,17239600
2012-01-27,13.836518287658691,13.88117582939873,13.713708273326512,13.788138455985015,12301000
2012-01-30,13.82162857055664,13.873729259722637,13.598339497091716,13.628110711056296,18451400
2012-01-31,13.836518287658691,13.966770042582828,13.702544242800917,13.933276531368385,22727600
2012-02-01,13.974212646484375,14.063529146046326,13.940719136603342,13.948162296536639,30380400
2012-02-02,13.907225608825684,14.05608596802484,13.899782448901966,14.011428428120134,15186400
2012-02-03,14.097020149230957,14.130513653156259,14.000260506941263,14.089576990621184,19755800
2012-02-06,14.018868446350098,14.037477053692339,13.955603724226236,13.992818099635869,11370400
2012-02-07,14.003985404968262,14.070972425298361,13.881175394483877,14.011428564964675,23581200
2012-02-08,14.018868446350098,14.097020906130206,13.92583108818859,14.030033894682926,12089800
2012-02-09,14.033757209777832,14.085857912284936,13.925833514791591,14.06725072133778,15299400
2012-02-10,13.78813362121582,13.847677462536215,13.709982595664767,13.840234304916521,22533200
2012-02-13,13.825347900390625,13.922106099611968,13.799297561383456,13.884891735212298,12850200
2012-02-14,13.646717071533203,13.784413364154545,13.54623798829967,13.780691075360876,22075000
2012-02-15,13.65788745880127,13.754645707879117,13.620671655588456,13.724874484946602,22110000
2012-02-16,13.8997802734375,13.914666590955067,13.605783310471114,13.669048030464712,20444000
2012-02-17,13.907225608825684,13.95932630865411,13.855124908997258,13.933275958739896,14894800
2012-02-21,13.989092826843262,14.089573312387664,13.925826704995167,13.996535983509919,16203600
2012-02-22,13.966765403747559,14.033752403927798,13.896057534507166,13.98537400795988,11424000
2012-02-23,13.981658935546875,14.007709291324742,13.873735221816894,13.970494902967193,9831600
2012-02-24,13.974212646484375,14.059806856260877,13.94444142638879,14.022592476231997,8853200
2012-02-27,13.977927207946777,14.030027879036059,13.82906693086013,13.896053913585439,15543000
2012-02-28,14.022589683532715,14.070969503645152,13.959323546518405,13.981653021871217,17826000
2012-02-29,13.758363723754883,14.07096927543774,13.732313379417752,14.03375348378663,36796000
2012-03-01,13.9109468460083,13.96304754189443,13.82163035331959,13.840237541902136,23216800
2012-03-02,13.877458572387695,13.985382294360829,13.795585208182144,13.866293119317286,17912000
2012-03-05,13.654160499572754,13.825350296537275,13.576009469006467,13.821628007669977,22498200
2012-03-06,13.375052452087402,13.44576176530214,13.322951749489809,13.44576176530214,29573200
2012-03-07,13.40854263305664,13.460643322712551,13.326670729156204,13.445758425408949,28667000
2012-03-08,13.6318359375,13.657886287696396,13.486697866509324,13.568569787281882,16481200
2012-03-09,13.635554313659668,13.765807460455196,13.590896781439344,13.66904781773425,14640400
2012-03-12,13.561124801635742,13.706264272724892,13.538796744266197,13.631834102339091,11160000
2012-03-13,13.784414291381836,13.79930060828342,13.616946775332316,13.64299712009143,20667200
2012-03-14,13.732315063476562,13.803022946828973,13.676492078972707,13.784415758540177,16214400
2012-03-15,13.832796096801758,13.83279609680176,13.709987501227626,13.750924172964892,14111000
2012-03-16,13.859318733215332,13.937768793436371,13.844377153926716,13.859318733215332,23286000
2012-03-19,13.945232391357422,14.023680982069981,13.851840804782704,13.859310877671264,15412000
2012-03-20,13.866786003112793,13.885464040305353,13.736038317721984,13.818223391420716,14358000
2012-03-21,13.866786003112793,13.922821539733363,13.803280391649512,13.885464040305353,12128000
2012-03-22,13.642646789550781,13.743509901054487,13.567933215284011,13.709888863886585,24702600
2012-03-23,13.788336753845215,13.818222752004697,13.567932505068923,13.691210109912548,18311400
2012-03-26,13.96764850616455,13.96764850616455,13.848107363282852,13.91534943428416,11457000
2012-03-27,13.937762260437012,14.064774887637682,13.937762260437012,14.0087393601799,9252000
2012-03-28,13.74350643157959,13.934024644073794,13.635171847493405,13.911611574981853,23142600
2012-03-29,13.762188911437988,13.773395449605365,13.57167063737758,13.620233252798213,21611800
2012-03-30,13.810752868652344,13.885465022708502,13.724832751453368,13.87799494733728,14499200
2012-04-02,14.005006790161133,14.057305864977417,13.780866065893312,13.792072603341683,36440400
2012-04-03,13.90040397644043,13.986324068623809,13.792069389540378,13.96764603554787,18684600
2012-04-04,13.706151962280273,13.784601996520587,13.627703353082815,13.73977299837102,15975800
2012-04-05,13.627704620361328,13.85184535682407,13.590348543472365,13.694946698795851,23070400
2012-04-09,13.429715156555176,13.5118988126091,13.381151115448526,13.452128233186691,20801000
2012-04-10,13.153277397155762,13.425980797567536,13.112184850168205,13.39235975230892,34071400
2012-04-11,13.295234680175781,13.381154822835367,13.254142128242195,13.35127023736584,22649600
2012-04-12,13.6575927734375,13.691213817951208,13.32138232830042,13.328853829863823,26485000
2012-04-13,13.496956825256348,13.642647519093792,13.485748862239099,13.605290017441256,21583600
2012-04-16,13.538052558898926,13.627707733933477,13.44839595882106,13.597823150603064,26686600
2012-04-17,13.721095085144043,13.810751657207168,13.601553939088454,13.635174975481767,16225800
2012-04-18,13.683746337890625,13.754723486037541,13.635182275977666,13.698687920365385,14543200
2012-04-19,13.635172843933105,13.762185469891998,13.545516285885741,13.728564438754566,17504600
2012-04-20,13.627704620361328,13.739774276071204,13.627704620361328,13.717361199955022,14919000
2012-04-23,13.45959758758545,13.467069086952282,13.284022340114642,13.463334049790262,20618800
2012-04-24,13.45959758758545,13.508161620948469,13.373677482431056,13.45959758758545,16401200
2012-04-25,13.74350643157959,13.754712966125561,13.59781578231181,13.605285855314095,19560000
2012-04-26,13.728569984436035,13.777134032372672,13.612763847061967,13.650121355106773,11820800
2012-04-27,13.795811653137207,13.840639236380628,13.721098064369384,13.795811653137207,11870200
2012-04-30,13.698680877685547,13.773394451822602,13.631440228509385,13.76218791446706,18136600
2012-05-01,13.78087329864502,13.859321952042428,13.653860582411458,13.69868818077517,16598400
2012-05-02,13.713624954223633,13.72483291750205,13.601555296740539,13.698681953214418,13233000
2012-05-03,13.55672550201416,13.72483067327242,13.515632968479611,13.698679713260889,19123800
2012-05-04,13.328853607177734,13.493222363696848,13.29896760142343,13.459601319744849,24304400
2012-05-07,13.340057373046875,13.399827947084342,13.239194262163112,13.265343799239321,22107800
2012-05-08,13.276554107666016,13.287760646952425,13.052413346635813,13.23919660163941,24091400
2012-05-09,13.157011032104492,13.317644722136293,13.033733417643509,13.059882955551668,28805200
2012-05-10,13.115920066833496,13.3176463192103,13.082299024770695,13.291496778166245,15880200
2012-05-11,13.078567504882812,13.201845180721179,13.007590355943046,13.015061859785702,12205000
2012-05-14,12.899253845214844,13.01506000066839,12.843219711964505,12.925403392407025,25746400
2012-05-15,12.704992294311523,12.959017553463559,12.682579222943376,12.899246988077357,23015200
2012-05-16,12.56677532196045,12.87683616372401,12.559303821853058,12.753558549516445,24199000
2012-05-17,12.290337562561035,12.626546534078985,12.290337562561035,12.622811496358532,27461600
2012-05-18,12.241775512695312,12.454708323463393,12.19694792754499,12.357581651463821,29058200
2012-05-21,12.600397109985352,12.622811611641794,12.2529801720471,12.2529801720471,17148400
2012-05-22,12.521953582763672,12.738621486693862,12.443504932636031,12.634023286523673,17223400
2012-05-23,12.671375274658203,12.693789778166678,12.279130726040272,12.409879858941673,21292600
2012-05-24,12.749828338623047,12.779712925322938,12.581723085175298,12.757299841558888,23003200
2012-05-25,12.697526931762695,12.79465360216155,12.652697922307949,12.738618052864725,13711600
2012-05-29,12.917927742004395,12.962755314275167,12.79091509970151,12.84694920877927,19128400
2012-05-30,12.68631649017334,12.828272142313448,12.671373489939025,12.775973066536286,14651400
2012-05-31,12.634018898010254,12.719939021882762,12.465913688240954,12.667639939964115,19872000
2012-06-01,12.365049362182617,12.518211555096364,12.357579286956257,12.413613401411746,24646200
2012-06-04,12.376261711120605,12.406146297745712,12.174535407488122,12.39493975589173,26895600
2012-06-05,12.495800018310547,12.510743020689572,12.323959766081172,12.338901343417056,15261000
2012-06-06,12.80959701538086,12.80959701538086,12.600399239691402,12.600399239691402,16657000
2012-06-07,12.832011222839355,13.05241555808812,12.787183633055497,12.962760378520404,18561600
2012-06-08,12.917927742004395,12.925397816513833,12.671372531908062,12.764764138747159,12725200
2012-06-11,12.67884635925293,13.074827357966868,12.663904782448002,13.026263314482353,19767200
2012-06-12,12.914192199707031,12.914192199707031,12.667638397089169,12.742351972891568,20855600
2012-06-13,12.716202735900879,12.906721004912649,12.678845234594576,12.839478927604269,17328800
2012-06-14,12.820801734924316,12.839479774287685,12.675111032829754,12.74235311457233,16883200
2012-06-15,12.969162940979004,12.980431650620412,12.837706601551272,12.882777141816973,21953400
2012-06-18,13.036765098571777,13.070568350633769,12.867748838261816,12.92408806928719,13385800
2012-06-19,13.284652709960938,13.344747210122218,13.108125921667998,13.119393192708893,16423400
2012-06-20,13.209538459777832,13.348508200058182,13.119397397031703,13.254610423917255,16677200
2012-06-21,12.777612686157227,13.213298417103504,12.762588694422288,13.205786421236034,19803000
2012-06-22,12.845215797424316,12.894043041184071,12.706247492779523,12.848971077975222,17983000
2012-06-25,12.683708190917969,12.762581956736907,12.612346417000733,12.694975462387545,13185200
2012-06-26,12.725024223327637,12.796386001693877,12.612347203309241,12.725024223327637,10923800
2012-06-27,12.863996505737305,12.886532489864459,12.740050742187687,12.792634705151048,18311800
2012-06-28,12.867749214172363,12.882773200586854,12.66868640886209,12.736292914961089,17354000
2012-06-29,13.25461196899414,13.254611968994142,13.074328389720048,13.190760728736729,25274000
2012-07-02,13.187004089355469,13.254610603715323,13.04052378583124,13.224562627214775,34248000
2012-07-03,13.374799728393555,13.412358266489333,13.220807429774643,13.239586698822531,11767400
2012-07-05,13.356017112731934,13.43489088262952,13.258362645725944,13.314701871519095,11539800
2012-07-06,13.202031135559082,13.224565690387736,13.119400613809452,13.194519139693961,14664400
2012-07-09,13.119396209716797,13.209537264305094,13.06681368907925,13.187002717041135,28865400
2012-07-10,12.92408561706543,13.235826819461238,12.852723846370843,13.186999590688158,23114200
2012-07-11,12.88277530670166,12.969161093558279,12.800146233445927,12.969161093558279,22074200
2012-07-12,12.818928718566895,12.897802530772372,12.649912383293158,12.732542910041827,24692000
2012-07-13,13.048032760620117,13.081836009977918,12.856480536670569,12.856480536670569,17216800
2012-07-16,12.99920654296875,13.048033780918322,12.89404150686151,13.021741089125353,9459200
2012-07-17,13.16446304321289,13.190754296154639,12.965400290149425,13.074322013917136,22981200
2012-07-18,13.243343353271484,13.265879338126465,13.081840476493664,13.093107752537886,18015400
2012-07-19,13.386062622070312,13.416110588925479,13.217046390424795,13.299676866510586,19209400
2012-07-20,13.303435325622559,13.34099529316868,13.235830249572063,13.26963350398044,22186600
2012-07-23,13.093108177185059,13.123154725199658,12.957895129202896,13.059304915189518,21264800
2012-07-24,12.890284538269043,13.119395304757052,12.807654049957662,13.096859326281368,17418200
2012-07-25,12.890284538269043,12.991694292260432,12.81516604278289,12.987939012230882,19121200
2012-07-26,12.950383186340332,13.081840953639361,12.856485395169564,13.04052569628157,18970600
2012-07-27,13.187004089355469,13.224562627214775,12.98794125972166,13.021743084135208,18521000
2012-07-30,13.175742149353027,13.262127967619787,13.115646172019325,13.171985434386192,19071200
2012-07-31,13.085596084594727,13.175738593500773,13.078084089455341,13.123154627525079,10924000
2012-08-01,13.089349746704102,13.258366034517488,13.0855944659822,13.153200981107556,16126400
2012-08-02,12.935357093811035,13.070570120366616,12.83394732389435,12.96916035044993,22312000
2012-08-03,13.190760612487793,13.243343143550183,13.108131534861114,13.119398810726908,20226200
2012-08-06,13.310948371887207,13.382311599485785,13.217050594744974,13.23583129638652,17345800
2012-08-07,13.464942932128906,13.506258190257922,13.363534576606106,13.363534576606106,19681600
2012-08-08,13.479966163635254,13.536305409322857,13.39733565203118,13.416116355771404,9726200
2012-08-09,13.555083274841309,13.622689789550053,13.457430216243335,13.47996476596866,10711200
2012-08-10,13.543813705444336,13.5588362584607,13.44240395056162,13.468695209297938,8358400
2012-08-13,13.468697547912598,13.562595326207843,13.39733431943772,13.510012799605128,7057600
2012-08-14,13.408604621887207,13.54757294911799,13.363534084119545,13.510014406439366,13274600
2012-08-15,13.431136131286621,13.461184104834782,13.348507069561656,13.356019062948697,8503400
2012-08-16,13.63020133972168,13.656492602055733,13.453673064536172,13.468697052374585,14496800
2012-08-17,13.61142349243164,13.675273298261741,13.581375513617601,13.648982033182701,16835600
2012-08-20,13.585129737854004,13.603910439535149,13.494988673956573,13.592641731973186,8280600
2012-08-21,13.603906631469727,13.75789888589083,13.551324120120956,13.660244422443705,10673800
2012-08-22,13.716588020324707,13.716588020324707,13.476209930208865,13.54005973356057,17880800
2012-08-23,13.487472534179688,13.686535302469578,13.476205262847335,13.686535302469578,10351000
2012-08-24,13.461186408996582,13.494989668641274,13.389824608754003,13.44240713869764,8279600
2012-08-27,13.382311820983887,13.498744149596913,13.363532551797888,13.479964880410916,8729600
2012-08-28,13.352262496948242,13.408601731588504,13.318459242717335,13.356019210066261,7643000
2012-08-29,13.382311820983887,13.423627072852922,13.292169323018138,13.37104311325917,8450600
2012-08-30,13.262121200561523,13.348506974749546,13.25460920722784,13.337238268365907,16120200
2012-08-31,13.389824867248535,13.434895403389397,13.26963581569523,13.378556158638437,14618800
2012-09-04,13.217052459716797,13.404848040499871,13.179493916666813,13.404848040499871,13390000
2012-09-05,13.277143478393555,13.299679457926018,13.171978439441114,13.209536972562356,14138400
2012-09-06,13.61142349243164,13.630202762807171,13.359776684546775,13.371043960218795,17197400
2012-09-07,13.878090858459473,13.889358132508963,13.6940505966422,13.705319303457971,22890200
2012-09-10,13.855560302734375,13.987018093437907,13.833025745811996,13.833025745811996,15600400
2012-09-11,13.904383659362793,13.990769446428905,13.851801130954415,13.896871664909249,13273600
2012-09-12,13.885601043701172,13.971986809951542,13.802970557389472,13.953207544726,14826200
2012-09-13,14.227391242980957,14.298753036053691,13.848043430330211,13.88184668657863,26310400
2012-09-14,14.40392017364502,14.486550685957834,14.325046375219086,14.340070365233515,18989800
2012-09-17,14.18232250213623,14.313780276425302,14.141008675348235,14.310023562229423,12097400
2012-09-18,14.144762992858887,14.174810973311574,14.054620484267389,14.148518274032188,17400200
2012-09-19,14.223639488220215,14.279978745863767,14.167301663343503,14.208616927913196,13202800
2012-09-20,14.201096534729004,14.216119086153677,14.017056310308336,14.088418086065007,10375600
2012-09-21,14.139554977416992,14.347211700822212,14.101798292989525,14.313231404972612,19133000
2012-09-24,14.09801959991455,14.147102556497542,13.992303792138745,14.014956356507927,9998800
2012-09-25,13.871495246887207,14.15843897642353,13.863943906600607,14.15843897642353,14794800
2012-09-26,13.803532600402832,13.87904311165404,13.709143021068138,13.814858889036376,11496800
2012-09-27,13.973426818847656,13.999857215003384,13.818628031401657,13.924345295214342,9074000
2012-09-28,13.894137382507324,13.920566333506915,13.818625476678573,13.8903624353373,9339400
2012-10-01,13.939455032348633,14.094255354518722,13.897924819380874,13.984763076029566,11266800
2012-10-02,13.86393928527832,13.98475780904921,13.777101061334896,13.96588018476071,10951000
2012-10-03,13.799759864807129,13.871496885870448,13.735575625193697,13.845066471609025,16077000
2012-10-04,13.977209091186523,14.026292075753132,13.871493223139074,13.901697139608054,11995400
2012-10-05,14.04516887664795,14.16598741595184,13.999862284476638,14.048943825882809,12349000
2012-10-08,14.018741607666016,14.064048205320091,13.931903362049553,13.95078099104952,7318800
2012-10-09,13.88659381866455,14.094252035964054,13.87526753054662,14.026291426715238,17186800
2012-10-10,13.73557186126709,13.879042983536548,13.701591555409445,13.863941745588114,17248600
2012-10-11,13.79220199584961,13.931899581133152,13.79220199584961,13.860162594022581,13240800
2012-10-12,13.731793403625488,13.879040893410192,13.690261764912789,13.799754005106191,12197000
2012-10-15,13.848838806152344,13.8601650944677,13.690263568384161,13.739346551535103,11264800
2012-10-16,14.181087493896484,14.19241377979544,13.89791882425992,13.905470161616002,24575800
2012-10-17,14.298133850097656,14.309461579616476,14.165989007967758,14.230173234067777,24277600
2012-10-18,14.301910400390625,14.366094627210323,14.203744424904201,14.233949783598723,13783600
2012-10-19,14.003641128540039,14.23395198322893,13.958334523767617,14.23395198322893,18354000
2012-10-22,14.067822456359863,14.090476474197215,13.89414597375225,13.96965792627273,17946200
2012-10-23,13.644959449768066,13.769554404918512,13.550569855964723,13.731797703234633,30907600
2012-10-24,13.637402534484863,13.773323724440678,13.610973574245712,13.754446101451329,20232600
2012-10-25,13.607202529907227,13.743123758861287,13.516587897180944,13.73557241944487,15850000
2012-10-26,13.633626937866211,13.667607233739776,13.50903203957306,13.580769019900721,17973800
2012-10-31,13.603423118591309,13.720466693143003,13.47882964657084,13.622302183074465,28240600
2012-11-01,13.867712020874023,13.879038305585473,13.607197390619383,13.633626348459558,12119800
2012-11-02,13.618531227111816,13.969660650577746,13.607204936119683,13.965885700337362,13352200
2012-11-05,13.712912559509277,13.743117904307502,13.565665104293215,13.580767776692326,10595800
2012-11-06,13.85639476776123,13.939456643568573,13.72424845215721,13.77710784256149,11293600
2012-11-07,13.637402534484863,13.739343426951724,13.50148134452905,13.694036843723223,19381200
2012-11-08,13.45240592956543,13.682716779459714,13.418425616625765,13.663837707615814,13864800
2012-11-09,13.425970077514648,13.60719784023701,13.380662056631385,13.391989781987316,17836000
2012-11-12,13.425970077514648,13.512808290468891,13.40709101534484,13.490154280027259,9278600
2012-11-13,13.403319358825684,13.527914286448873,13.308929785876206,13.350461428417269,11490600
2012-11-14,13.176787376403809,13.437302127023893,13.150358406352677,13.40332181691946,20691000
2012-11-15,13.131475448608398,13.237192737786954,13.033310937518047,13.176783475515101,16355600
2012-11-16,13.16168212890625,13.210765109542887,13.003106899261184,13.176784806066841,17520000
2012-11-19,13.535469055175781,13.550571737946882,13.35424118273589,13.403324181606413,35596600
2012-11-20,13.546789169311523,13.622301100431555,13.452399615479054,13.490154860903925,13507000
2012-11-21,13.56944465637207,13.584547333895522,13.497709098541574,13.53168940283404,9457800
2012-11-23,13.743123054504395,13.750672953263141,13.610976781895886,13.644957087392855,6250600
2012-11-26,13.75444507598877,13.75444507598877,13.622300284645068,13.7091384961381,11571400
2012-11-27,13.694038391113281,13.814856920221665,13.690262001926502,13.74689631756439,10179200
2012-11-28,13.750673294067383,13.75822463328394,13.490158572314305,13.569445473682109,17816200
2012-11-29,13.845060348510742,13.890368375545831,13.777101188498957,13.807305099585259,12355400
2012-11-30,13.85639476776123,13.897926425800462,13.814863109721998,13.826189401815926,11346800
2012-12-03,13.599645614624023,13.943223495714783,13.580767993958185,13.897916918062743,37776200
2012-12-04,13.626077651977539,13.739344841848357,13.576994674934348,13.622302703099045,15629000
2012-12-05,13.463728904724121,13.569444767714524,13.380665617934168,13.452402616623896,25849200
2012-12-06,13.497709274291992,13.509035562446758,13.388217021227192,13.490157935431942,9275000
2012-12-07,13.610980987548828,13.61475737836572,13.524142722284585,13.573225721006496,12330000
2012-12-10,13.697816848754883,13.728022208904383,13.592100968773316,13.610978598731332,13683200
2012-12-11,13.807306289672852,13.841286592742808,13.731794345042891,13.743122072913241,11097600
2012-12-12,13.77332878112793,13.89792373108751,13.73557352128791,13.875269711020993,23637800
2012-12-13,13.73557186126709,13.852614016788456,13.6676112495518,13.758224438325074,12723600
2012-12-14,13.83751392364502,13.897923201248537,13.724245267901487,13.731796607635776,12194600
2012-12-17,13.977209091186523,13.98098404064364,13.856390544769244,13.886594461238223,13023400
2012-12-18,14.143335342407227,14.158438021962311,13.965883898582772,13.999864207446315,16687000
2012-12-19,14.082927703857422,14.181093692122216,14.079152753664603,14.165991010809023,14353800
2012-12-20,14.218841552734375,14.226392889459708,14.030062455411683,14.07159408726591,10974600
2012-12-21,14.093146324157715,14.142663191056224,13.978877860778526,13.994114043363044,19480800
2012-12-24,14.165518760681152,14.207417544417659,14.032205769703747,14.138856162485672,19279000
2012-12-26,14.253122329711914,14.314067061963115,14.211225005792798,14.226459735853208,20367200
2012-12-27,14.203615188598633,14.298839208710445,14.024593565827391,14.287411338254827,17532400
2012-12-28,14.024592399597168,14.165523530802462,13.997929792423278,14.108389995288318,13281600
2012-12-31,14.298837661743164,14.317882173104485,13.982693251733528,14.00173776309485,28667000
2013-01-02,14.656871795654297,14.702578889759636,14.546411652980925,14.63020920300932,25338000
2013-01-03,14.550222396850586,14.698771552365946,14.50451529969257,14.641636591166613,15286800
2013-01-04,14.729241371154785,14.74828732547362,14.580692226682675,14.592120089874438,11508800
2013-01-07,14.69876766204834,14.714003841402597,14.611161810264415,14.660678666664733,10614400
2013-01-08,14.721628189086914,14.75590888070533,14.611168021316162,14.740672694874334,12000600
2013-01-09,14.816850662231445,14.832085393508441,14.740671193836445,14.763524017253191,14343600
2013-01-10,14.881608963012695,14.923507762135582,14.744486148793488,14.900653475431328,14768200
2013-01-11,14.858749389648438,14.877795348293784,14.759717088504795,14.877795348293784,9722000
2013-01-14,14.862557411193848,14.912074282431986,14.83589481583542,14.885411687073558,14479600
2013-01-15,14.877792358398438,14.896836860213888,14.790186487645483,14.793994806807632,18528800
2013-01-16,14.771140098571777,14.877791921007084,14.748287278266027,14.786376280777151,14970200
2013-01-17,14.885416030883789,14.942549557751866,14.84732555996884,14.893032672063882,13419400
2013-01-18,14.984445571899414,14.988253891783591,14.858749220682169,14.858749220682169,17216600
2013-01-22,15.129179954528809,15.140606362294427,14.984439159822289,14.984439159822289,16223800
2013-01-23,15.045388221740723,15.10252318859393,14.995871347334782,15.091095323421749,14509200
2013-01-24,15.091100692749023,15.17489828648108,15.033967158570599,15.045393574805667,23181600
2013-01-25,15.144421577453613,15.186320362344635,15.045389274713383,15.174893949375326,14509400
2013-01-28,14.99968433380127,15.155851629923252,14.95016744878614,15.144423762302605,24875200
2013-01-29,15.083480834960938,15.106335117763445,14.984448515489236,14.995874930389032,15957600
2013-01-30,14.99968433380127,15.14823353584378,14.973021731024556,15.075863821593112,12627800
2013-01-31,14.862557411193848,14.97682588458746,14.83589481583542,14.866365730672563,13928600
2013-02-01,15.045388221740723,15.068242499082519,14.90826546369508,14.942546153206491,13209000
2013-02-04,14.900651931762695,14.988257842215187,14.889225516095896,14.942550726544978,10722000
2013-02-05,14.976824760437012,15.04919444912037,14.953970486272727,14.961588577660821,9513200
2013-02-06,14.992063522338867,15.007299707736179,14.923502141053573,14.946356419149541,12951600
2013-02-07,14.912074089050293,14.999679965949394,14.801613936567858,14.97682569036606,15772600
2013-02-08,14.99968433380127,15.01111074841904,14.915886751929955,14.95016744878614,11451000
2013-02-11,14.980636596679688,15.014915833145599,14.927309949615625,15.014915833145599,7181600
2013-02-12,14.988252639770508,15.011106916174365,14.912074624429327,14.942545539965298,14062600
2013-02-13,15.041583061218262,15.083480398974116,14.992066176412237,15.037773287693177,12298400
2013-02-14,14.992063522338867,15.018726120282857,14.942546646298908,14.999681615037522,13491000
2013-02-15,14.988252639770508,15.04157928471284,14.92730935569606,15.026343100443603,26719600
2013-02-19,14.923501968383789,15.037770451536282,14.915883875773275,14.980636936461334,12003800
2013-02-20,14.504515647888184,14.900646254437852,14.500705875448812,14.893028162561567,23073400
2013-02-21,14.371201515197754,14.477851897654828,14.283595636321945,14.466425486106568,27031400
2013-02-22,14.561652183532715,14.561652183532715,14.420721087040492,14.44357391441597,14467400
2013-02-25,14.226465225219727,14.64164192936391,14.226465225219727,14.634023834893021,26640400
2013-02-26,14.378817558288574,14.405480150103497,14.241694827239101,14.344536875526206,24047200
2013-02-27,14.634017944335938,14.687344584166846,14.336919644575556,14.340729416778947,25826000
2013-02-28,14.660687446594238,14.744483577222049,14.607360786918298,14.626406749018301,19415200
2013-03-01,14.66829776763916,14.721624404338028,14.477849852721475,14.565457172225617,21107600
2013-03-04,14.687345504760742,14.691153824200471,14.550222756891223,14.607356266501885,18059800
2013-03-05,14.786381721496582,14.896841903626425,14.7521010254219,14.801617909308183,17910800
2013-03-06,14.915885925292969,14.96159303423384,14.854942629037541,14.881605230336616,16515600
2013-03-07,14.957788467407227,14.995877492248862,14.934934180700349,14.950170371838267,8929600
2013-03-08,15.079670906066895,15.102525186431969,14.992065010838244,15.014917838200562,11842600
2013-03-11,15.163463592529297,15.178698321525074,15.014912997551587,15.053003452546752,16001000
2013-03-12,15.174895286560059,15.251074770074473,15.129188177652528,15.167277192908337,11976400
2013-03-13,15.136812210083008,15.186327658741899,15.09872172687998,15.159665047001461,11204200
2013-03-14,15.228216171264648,15.243452354247976,15.148228390105748,15.182509075317046,12385000
2013-03-15,15.241227149963379,15.283298526455187,15.187682292242147,15.187682292242147,16119200
2013-03-18,15.134130477905273,15.183851305357802,15.057637233898445,15.092059120752154,10095600
2013-03-19,15.069113731384277,15.160904466520591,14.93525017574496,15.160904466520591,15217600
2013-03-20,15.183856964111328,15.210629390643234,15.122662637897283,15.153259071510396,8694600
2013-03-21,14.923776626586914,15.088236606815611,14.923776626586914,15.04616524550305,13185600
2013-03-22,14.942903518676758,15.004097844286106,14.8970081392167,14.958202464826046,9632600
2013-03-25,14.82816219329834,14.996446199608245,14.755494398093797,14.97732324918469,12186400
2013-03-26,14.931427955627441,14.942901434144956,14.85111068802963,14.870233638554689,10985200
2013-03-27,14.927604675292969,14.939079614477835,14.774619589710316,14.843463388868246,8253000
2013-03-28,14.984972953796387,15.023218855237268,14.900830219841302,14.900830219841302,15021200
2013-04-01,14.854933738708496,15.000270779525014,14.820511846383202,14.973498358715064,12671400
2013-04-02,14.709590911865234,14.91229817981805,14.678994496826487,14.881700305792366,19017200
2013-04-03,14.587209701538086,14.778442133826708,14.518365909195168,14.70959834148379,29741600
2013-04-04,14.713422775268555,14.778441097372685,14.606331628585915,14.610157093996493,18316400
2013-04-05,14.652220726013184,14.663694198213975,14.514533223656473,14.514533223656473,15292600
2013-04-08,14.69812297821045,14.705772449599898,14.58338382534369,14.68664950062002,8234800
2013-04-09,14.870234489440918,14.923779337570002,14.7210734242277,14.7210734242277,18229800
2013-04-10,14.97349739074707,14.981145402780495,14.85493277840516,14.912303081567758,12413000
2013-04-11,15.03851318359375,15.107356952247013,14.950546470089506,14.958195939827332,14885000
2013-04-12,14.816689491271973,15.00409645782601,14.747845698949524,14.950551610239142,24984400
2013-04-15,14.269762992858887,14.701947190000169,14.25063858462409,14.667525297760044,41257200
2013-04-16,14.529838562011719,14.537486574191242,14.392150998981187,14.392150998981187,19212400
2013-04-17,14.315655708312988,14.43039484150828,14.239162466520382,14.399798420183577,19687600
2013-04-18,14.273587226867676,14.407449332722162,14.18944449805198,14.369203433617319,34676200
2013-04-19,14.441873550415039,14.44569901633388,14.323310368710784,14.357732267041515,21525000
2013-04-22,14.579556465148926,14.633101298927988,14.365377130032678,14.514538155270722,14351200
2013-04-23,14.70577621459961,14.724899168475382,14.556615131785579,14.617809459580767,18191200
2013-04-24,14.927604675292969,14.95820256780219,14.744021697201095,14.763144650525449,14128800
2013-04-25,15.092065811157227,15.21063046487761,15.011748525889189,15.05764390904408,12718000
2013-04-26,14.877880096435547,15.080585957112449,14.82433380323074,15.080585957112449,15537800
2013-04-29,15.103536605834961,15.11883409002939,14.870232828766492,14.919952205626556,13888400
2013-04-30,15.126482009887695,15.13413148069396,14.965847499918253,15.076761179140659,21362000
2013-05-01,14.858756065368652,15.080586337275857,14.84728258888633,15.046164448841544,20681600
2013-05-02,14.965850830078125,15.000272726872096,14.789915880360217,14.931428933284153,12347000
2013-05-03,15.229753494262695,15.302421306196464,15.1188383136891,15.180032644524887,11660800
2013-05-06,15.271821022033691,15.294769437434976,15.195327763016971,15.271821022033691,9310200
2013-05-07,15.417160987854004,15.44010794861325,15.260350433718516,15.313895287473876,12165000
2013-05-08,15.551021575927734,15.554845582678087,15.378912092407882,15.401860509873094,10268000
2013-05-09,15.531895637512207,15.608388888699368,15.486000270394877,15.562492062594622,11918800
2013-05-10,15.516597747802734,15.551019640222055,15.401858592734165,15.52042321306461,9758400
2013-05-13,15.405684471130371,15.51277562666409,15.363613102062233,15.501300688471524,8912000
2013-05-14,15.596907615661621,15.600733079109773,15.375078882233941,15.375078882233941,10128000
2013-05-15,15.684884071350098,15.738430380046893,15.5242495222229,15.539548467564844,10600600
2013-05-16,15.612215995788574,15.73843010416557,15.577794098866457,15.616041461550868,9174000
2013-05-17,15.780499458312988,15.803447875114614,15.642813334466197,15.642813334466197,14090600
2013-05-20,15.795794486999512,15.872287731720926,15.719301242278096,15.753723129453368,10508200
2013-05-21,15.776668548583984,15.864635252685527,15.749896136856865,15.837862840958406,9087600
2013-05-22,15.562498092651367,15.914366600857093,15.505129226272638,15.780502994664097,24585000
2013-05-23,15.570138931274414,15.604560815606114,15.321537730200728,15.39420550424002,13802400
2013-05-24,15.516597747802734,15.535720697149577,15.401858592734165,15.501298804730254,11565200
2013-05-28,15.658112525939941,15.719306851756983,15.604567673223508,15.700183898499372,11206600
2013-05-29,15.608386039733887,15.642807923535786,15.459223570600892,15.585437630870238,12415400
2013-05-30,15.658112525939941,15.719306851756983,15.577795246865291,15.635165565625934,9859400
2013-05-31,15.413331985473633,15.673408180320285,15.405682513979613,15.554843560644237,15553600
2013-06-03,15.489825248718262,15.497474720215884,15.310066315992938,15.455403356472722,12528800
2013-06-04,15.470696449279785,15.577786091775902,15.382729748802696,15.489819391298813,12653800
2013-06-05,15.126482009887695,15.42862954129198,15.126482009887695,15.42862954129198,17420400
2013-06-06,15.225923538208008,15.233573008947367,15.053814094040838,15.122657871707705,14445200
2013-06-07,15.367432594299316,15.386555538536712,15.210622117173289,15.267990949885471,19875400
2013-06-10,15.440104484558105,15.482175848494949,15.378910171282929,15.420981535219772,9267000
2013-06-11,15.225923538208008,15.382734040896459,15.180026713771854,15.26416943291744,12122800
2013-06-12,15.149431228637695,15.386559000303583,15.137957751311307,15.340663632010578,15458400
2013-06-13,15.428629875183105,15.455402294090728,15.092060447360613,15.111183395296427,18771200
2013-06-14,15.317715644836426,15.501298582107097,15.279469746692012,15.378909957259983,10058000
2013-06-17,15.447752952575684,15.478350836719333,15.352136753107908,15.447752952575684,8976600
2013-06-18,15.516597747802734,15.539546162411453,15.413332070544767,15.436280485153487,8319400
2013-06-19,15.398031234741211,15.581615611069685,15.39803123474121,15.485999417101132,16845600
2013-06-20,15.000268936157227,15.241220693836455,14.946724101117397,15.164728906058032,26383000
2013-06-21,14.949400901794434,15.142097480151696,14.791389766347805,15.134389440598419,22138800
2013-06-24,14.710451126098633,14.822215456699508,14.560148080883941,14.729721953563265,24849000
2013-06-25,14.799097061157227,14.880029267156504,14.706602061330804,14.880029267156504,10672400
2013-06-26,14.868464469909668,14.907003186574991,14.725867983900805,14.860756432545044,10216800
2013-06-27,14.86075210571289,14.964808374601777,14.849189317953654,14.964808374601777,9348000
2013-06-28,14.779826164245605,14.8992985655551,14.74128743874352,14.802950281641742,16275800
2013-07-01,14.864609718322754,15.018767525322204,14.837632322621522,14.941688621822479,22407200
2013-07-02,14.818368911743164,14.937839863468334,14.737436692156747,14.806806115974823,8471000
2013-07-03,14.822214126586914,14.853046271637337,14.718157842278126,14.729720631750832,6622400
2013-07-05,14.922420501708984,14.930128539714328,14.791386795933972,14.922420501708983,7051000
2013-07-08,15.007208824157715,15.045749021489964,14.945545978584322,14.987939460570693,7845800
2013-07-09,15.238444328308105,15.273129767938716,15.111263892943173,15.111263892943173,9598000
2013-07-10,15.234588623046875,15.292398175542772,15.14980314158635,15.223027300610893,7579400
2013-07-11,15.481244087219238,15.512076248793484,15.404166623600386,15.431144029898661,10641000
2013-07-12,15.42728328704834,15.512070228311973,15.361767174368484,15.508216944689904,7575800
2013-07-15,15.465826988220215,15.492804390177966,15.40416414515133,15.427286792453321,14742800
2013-07-16,15.35020637512207,15.500509434174594,15.28468879005736,15.477385321182721,11726200
2013-07-17,15.492801666259766,15.535195139070726,15.392598645041515,15.431138834032337,13953200
2013-07-18,15.500506401062012,15.585291858459152,15.465820973440318,15.469674256439363,7518800
2013-07-19,15.600712776184082,15.600712776184082,15.461971022605608,15.485095138254698,12111000
2013-07-22,15.616129875183105,15.685500756511884,15.593005758020803,15.593005758020803,9854200
2013-07-23,15.662382125854492,15.83195610412992,15.631551428996278,15.75487715674642,9694000
2013-07-24,15.515921592712402,15.727888919652463,15.450405488136477,15.727888919652463,11482200
2013-07-25,15.662382125854492,15.681651495160708,15.40031458684578,15.454269408966638,8061200
2013-07-26,15.604559898376465,15.623829250247088,15.473526247436006,15.569874476946422,8402600
2013-07-29,15.693203926086426,15.712473282663483,15.51977677657758,15.542900886564649,14709600
2013-07-30,15.654666900634766,15.685499053503653,15.47738643211255,15.542904021879957,9645000
2013-07-31,15.600712776184082,15.747162568312252,15.577588660534992,15.666230368777486,11675200
2013-08-01,15.716322898864746,15.797256529856607,15.677784194702774,15.704761581647618,9188000
2013-08-02,15.804969787597656,15.816532579868682,15.646958681367849,15.693206910136048,5676200
2013-08-05,15.762572288513184,15.82038034908541,15.73559489954799,15.762572288513184,5078000
2013-08-06,15.616129875183105,15.77414100039685,15.577589679912602,15.762579676894763,6742600
2013-08-07,15.623836517333984,15.673936561469082,15.562173680572485,15.562173680572485,5889200
2013-08-08,15.855073928833008,15.912883489298054,15.724040199249337,15.758725641496726,8398600
2013-08-09,15.947565078735352,15.99766511753253,15.812676626957664,15.812676626957664,14766200
2013-08-12,15.924443244934082,15.970690006656373,15.882049767456127,15.916735206287358,8093200
2013-08-13,15.98225212097168,16.028498880729963,15.878195808897049,15.966836044332922,7943400
2013-08-14,15.947565078735352,16.063182701574913,15.939857041191669,15.989958550146687,7915200
2013-08-15,15.831949234008789,15.858926633362637,15.69706076708155,15.801117080371247,11201800
2013-08-16,15.708619117736816,15.812675411340328,15.666227119742251,15.80882212794363,14141000
2013-08-19,15.585302352905273,15.739460239506407,15.573741025965685,15.693213461589492,9289000
2013-08-20,15.673932075500488,15.720180292453605,15.554461190432203,15.58529186491004,6542200
2013-08-21,15.55447006225586,15.704773177688143,15.527492655391523,15.627694242293574,9701400
2013-08-22,15.73945140838623,15.76257551944945,15.59300164530131,15.61612575636453,9234600
2013-08-23,15.86663818359375,15.897470346912309,15.697065695817066,15.766436593125361,8925800
2013-08-26,15.86663818359375,16.020796059869618,15.851223572092934,15.909031673077537,11374000
2013-08-27,15.589146614074707,15.785696390523595,15.554461186447542,15.7394496437399,11786400
2013-08-28,15.558320999145508,15.639254677681137,15.531343596353029,15.569883793312421,6990000
2013-08-29,15.608420372009277,15.700915361824032,15.485094699028263,15.504364059776924,8171200
2013-08-30,15.58144474029541,15.654668907509159,15.54675929895034,15.619983466164088,11200600
2013-09-03,15.673932075500488,15.855067249839596,15.612269256387238,15.81267378604469,8722600
2013-09-04,15.820389747619629,15.839659112591198,15.60071575259548,15.639255952696924,8638200
2013-09-05,15.847367286682129,15.897468812158715,15.80497380129104,15.82809792154754,11009000
2013-09-06,15.82809066772461,15.978393705113984,15.762574562260586,15.96683238536331,9974400
2013-09-09,16.06703758239746,16.086308413251185,15.874341035124083,15.87819578935802,10876400
2013-09-10,16.209632873535156,16.26744095129877,16.12099264483798,16.18265547654723,14503200
2013-09-11,16.30983543395996,16.3213967561972,16.144116287822367,16.21734191574612,12347800
2013-09-12,16.140260696411133,16.28285570753114,16.11328330160891,16.236608955035578,11921600
2013-09-13,16.248172760009766,16.275150158936906,16.136408410078474,16.186509923868016,14828800
2013-09-16,16.429309844970703,16.506388766416485,16.375355041006102,16.483264648935307,16706000
2013-09-17,16.383056640625,16.45628225535853,16.352225963493275,16.406180751092066,9300800
2013-09-18,16.7607479095459,16.78387055649847,16.344522622502087,16.406185464639158,20269000
2013-09-19,16.70293426513672,16.8725066719848,16.664395549539627,16.826259919236737,12408200
2013-09-20,16.507722854614258,16.743990364449783,16.48835698016511,16.743990364449783,21981000
2013-09-23,16.383773803710938,16.51159119029078,16.376027161113278,16.46123875216651,13112600
2013-09-24,16.376035690307617,16.49997908138205,16.33730393466752,16.379909752384687,6976800
2013-09-25,16.41864585876465,16.52709598531229,16.356674146805688,16.41864585876465,8518000
2013-09-26,16.52709197998047,16.596810323728366,16.441881820138885,16.48836022346355,11690400
2013-09-27,16.329557418823242,16.45737487299847,16.314064125434406,16.407022408245645,7592600
2013-09-30,16.271459579467773,16.32955869545717,16.12427771333259,16.170756119610967,11345200
2013-10-01,16.341176986694336,16.352797695736214,16.186248482180144,16.271458642530316,10030000
2013-10-02,16.383773803710938,16.387647863770265,16.193986231391836,16.248211252054436,8556200
2013-10-03,16.244340896606445,16.360539084549938,16.128144186184286,16.360539084549938,14168600
2013-10-04,16.480615615844727,16.488362263610984,16.21336291675779,16.248222092944957,10334000
2013-10-07,16.279211044311523,16.430267017560016,16.267591808683896,16.290831757461483,11989200
2013-10-08,16.019699096679688,16.286951761425385,16.008079865284333,16.286951761425385,17206400
2013-10-09,16.042936325073242,16.132022017322384,15.911247772667005,16.066176263597587,12397000
2013-10-10,16.383773803710938,16.410886314042237,16.224971324261464,16.26370453724975,10849400
2013-10-11,16.480615615844727,16.48448967848885,16.329559678207676,16.38765879769361,10120600
2013-10-14,16.538707733154297,16.558073605609803,16.34891863703908,16.34891863703908,12320600
2013-10-15,16.43800926208496,16.561952667306336,16.399277502024006,16.48448914718443,10734400
2013-10-16,16.60455894470215,16.654911416178145,16.476742950982445,16.538714655290597,8541600
2013-10-17,16.821455001831055,16.836948292087722,16.550328332425295,16.550328332425295,9282000
2013-10-18,16.871810913085938,16.92990854716921,16.794345923453122,16.92990854716921,14809600
2013-10-21,16.86794090270996,16.902800082541944,16.80596919162223,16.883434199862428,7798200
2013-10-22,17.11194610595703,17.15067785081937,16.945396943510534,16.957016171464964,11038200
2013-10-23,16.99962615966797,17.05385120682453,16.976387698041854,17.04223197601147,10782200
2013-10-24,17.084840774536133,17.096460007377342,16.926038189777696,17.01899500755133,6482600
2013-10-25,17.13518714904785,17.13518714904785,16.972510559544244,17.11969385909104,11542800
2013-10-28,17.049976348876953,17.154553844814817,16.99962389286505,17.123567263416255,12629400
2013-10-29,17.084840774536133,17.088713359642544,16.976390661292903,17.049981598490525,8566400
2013-10-30,16.980262756347656,17.181671159073836,16.87568523122895,17.073221048960484,10999200
2013-10-31,16.95314598083496,17.069342709343893,16.941526751240538,16.97638591754537,11151400
2013-11-01,16.914411544799805,17.007369807479947,16.821454759641124,16.97251064366508,10335000
2013-11-04,16.984130859375,16.99187750484196,16.89892071428157,16.98800492086925,11139400
2013-11-05,16.910539627075195,16.94927137616319,16.844695358121303,16.918286272397097,5941400
2013-11-06,17.026737213134766,17.065470441703546,16.9492722335188,17.01511798332493,7946000
2013-11-07,16.802091598510742,17.06547166151808,16.786598305975794,17.057725015250607,11869000
2013-11-08,17.115819931030273,17.115819931030273,16.759483124379454,16.759483124379454,10621600
2013-11-11,17.108078002929688,17.119698712452443,17.049980365403396,17.111952065277897,4991600
2013-11-12,17.05384635925293,17.100326224336655,17.007367971690506,17.022861260051748,8569600
2013-11-13,17.14681053161621,17.15068311628283,16.96864208651545,16.991880549558797,9382400
2013-11-14,17.29012107849121,17.297867725917,17.14293773244502,17.197164264425556,10359400
2013-11-15,17.402442932128906,17.41406216295912,17.30173800652798,17.30173800652798,9128000
2013-11-18,17.293987274169922,17.45666236354713,17.23976076685627,17.441169075743232,11379800
2013-11-19,17.23976707458496,17.313359479819034,17.18554202495256,17.251387783450323,7167600
2013-11-20,17.100326538085938,17.27074828062252,17.061593316472173,17.220395831285288,9419400
2013-11-21,17.23976707458496,17.251387783450323,17.135191037449214,17.228147843241388,6653800
2013-11-22,17.3288516998291,17.33659686856384,17.18554096036761,17.263005945410256,4761800
2013-11-25,17.220399856567383,17.348217301488244,17.181668103421366,17.27462490198047,11304600
2013-11-26,17.17779541015625,17.23976710664019,17.123570360423027,17.23976710664019,4147000
2013-11-27,17.189414978027344,17.243640024161163,17.16617503931784,17.18554091614825,5666200
2013-11-29,17.173927307128906,17.274630786123506,17.139068126414973,17.212659073467865,7344200
2013-12-02,17.131319046020508,17.27075574908458,17.11969981327249,17.228149925645894,10381000
2013-12-03,16.92990493774414,17.080960822686308,16.85243996462672,17.073215655143887,11644600
2013-12-04,17.011245727539062,17.084838130871162,16.879557168990573,16.895048984541027,19670600
2013-12-05,16.914411544799805,16.995750578715477,16.879553858506394,16.968638059917406,9393200
2013-12-06,17.14681053161621,17.181669703703037,17.042233015355727,17.10033212800771,9807600
2013-12-09,17.23589324951172,17.25138654186929,17.158428265245533,17.193287434289232,7368200
2013-12-10,17.286243438720703,17.340468477322915,17.235890983938013,17.235890983938013,7237800
2013-12-11,16.991880416870117,17.309485547838023,16.964767891850062,17.297866316407084,11090800
2013-12-12,16.95701789855957,17.015116999291905,16.902792859220863,16.964764543825314,7484600
2013-12-13,17.038362503051758,17.08096684965376,16.984135968470866,17.018995144797586,5965400
2013-12-16,17.108078002929688,17.19328964432783,17.069346244578824,17.142937176454215,8775600
2013-12-17,17.220399856567383,17.232020564528526,17.02673813579396,17.0344847819275,17176800
2013-12-18,17.42955207824707,17.42955207824707,17.049975343623373,17.263002906853217,27273200
2013-12-19,17.4566650390625,17.483777558114134,17.31335579871509,17.46053910036786,15142800
2013-12-20,17.512014389038086,17.574376276665358,17.457447923217305,17.50421896723159,15678400
2013-12-23,17.597761154174805,17.62114593092528,17.531500817457797,17.597761154174805,8223000
2013-12-24,17.788747787475586,17.788747787475586,17.586071251186503,17.609457520043865,3774200
2013-12-26,17.88618278503418,17.901773626093377,17.79653767918044,17.812128520239636,3992600
2013-12-27,17.940752029418945,17.968035262099395,17.88618556405805,17.968035262099395,3677800
2013-12-30,17.95244789123535,17.979731126933707,17.909573810330837,17.944652468632274,4201000
2013-12-31,18.014812469482422,18.014812469482422,17.925167326426944,17.979733805954186,6357000
2014-01-02,17.87059211730957,17.97972651895807,17.823821080502757,17.905670766620794,13883800
2014-01-03,17.827716827392578,17.909566501083184,17.819921407970963,17.893975662239953,8685400
2014-01-06,17.73027992248535,17.870593040151597,17.68740585035489,17.866696073059977,8856200
2014-01-07,17.699098587036133,17.84331016145876,17.64842909289997,17.734177238849696,7766200
2014-01-08,17.804338455200195,17.827724723823515,17.656228394235626,17.726385713280692,8240800
2014-01-09,17.734174728393555,17.870590862343768,17.664017434697918,17.812127442146966,8838000
2014-01-10,17.788747787475586,17.80823560144427,17.683511807854817,17.769259973506905,6199800
2014-01-13,17.547086715698242,17.777046372172425,17.52370045871261,17.7224799260301,10068000
2014-01-14,17.792638778686523,17.81212658448044,17.578268454480636,17.597757747098825,7624000
2014-01-15,17.901775360107422,17.936854012476214,17.800436370231097,17.800436370231097,7056200
2014-01-16,17.94464683532715,17.94854380199291,17.855001733770997,17.870591087258404,9846000
2014-01-17,17.901775360107422,17.979728086129693,17.874492129023317,17.952444855045584,14686200
2014-01-21,18.010906219482422,18.151220812870438,17.92126111522328,18.084961969784104,14739800
2014-01-22,17.835519790649414,18.0265039461194,17.784851768990524,17.991425284372873,11189400
2014-01-23,17.57048225402832,17.788748153893312,17.44965542601382,17.769260339523214,12997600
2014-01-24,17.098865509033203,17.430164236472017,17.09107008742968,17.41847036065441,20200600
2014-01-27,17.02871322631836,17.180721762205295,16.903989417507347,17.12225682633916,11904400
2014-01-28,17.126144409179688,17.165121507338053,17.06378253895057,17.13393982881136,9693200
2014-01-29,17.196308135986328,17.367804458429347,16.993631610169466,16.993631610169466,20632200
2014-01-30,17.278152465820312,17.34830826724917,17.14173485562853,17.285946398449113,16087400
2014-01-31,17.165124893188477,17.30543950058736,17.02091183179265,17.059888937639315,12475400
2014-02-03,16.7636661529541,17.23917635914317,16.74417834661383,17.13783887407917,39679600
2014-02-04,16.91177749633789,17.02091040994297,16.77536135433154,16.85721103953535,14826800
2014-02-05,16.931270599365234,16.97414468221137,16.674027589113308,16.84942088856346,15797000
2014-02-06,17.184614181518555,17.208000447039055,16.95465444112003,16.966346830467938,17781600
2014-02-07,17.42236328125,17.449646504784422,17.19630058702287,17.246970067940012,10363200
2014-02-10,17.508115768432617,17.535400487908543,17.37169960517633,17.422369103024952,30500000
2014-02-11,17.710792541503906,17.76925746197133,17.52370687756272,17.5509901106276,13961400
2014-02-12,17.679615020751953,17.792646424482115,17.640637905590733,17.69130741188786,7544400
2014-02-13,17.83162498474121,17.89008992368354,17.543200232424294,17.562689536621843,13428400
2014-02-14,17.975830078125,17.99531788840799,17.80043681192885,17.86280018375381,10243400
2014-02-18,17.98752784729004,18.030400444462867,17.893984256129006,17.968038545963825,11380200
2014-02-19,17.8627986907959,18.131734018602856,17.847207849142727,17.975828575720143,15784600
2014-02-20,18.04988670349121,18.073271482221273,17.80823308656618,17.913469051325528,13432600
2014-02-21,18.00311279296875,18.13173501342771,18.00311279296875,18.0810655186871,7973800
2014-02-24,17.940752029418945,18.104452912326305,17.93295660767815,17.940752029418945,29419600
2014-02-25,18.007007598876953,18.08885727522782,17.893976243826174,17.952441147976376,12785600
2014-02-26,18.143428802490234,18.197995268657998,18.007012637070822,18.038192837670394,13506200
2014-02-27,18.28765106201172,18.28765106201172,18.10056528876134,18.112259171782064,9697800
2014-02-28,18.35000228881836,18.416261139029018,18.244766332462103,18.27594653055401,11785200
2014-03-03,18.30712890625,18.388978602007317,18.16291583830658,18.201892945922893,20375600
2014-03-04,18.59555435180664,18.626736041728442,18.45913817546078,18.583861961498368,15331200
2014-03-05,18.638427734375,18.66181400094097,18.533191765065258,18.603349077938418,8155600
2014-03-06,18.708585739135742,18.809923257686478,18.696893348832724,18.700790316658793,12570400
2014-03-07,18.62673568725586,18.755356438673573,18.56827076317749,18.751459470919915,18069200
2014-03-10,18.61114501953125,18.62283740972817,18.44744560947515,18.572169394324977,9716000
2014-03-11,18.42015838623047,18.65791353344666,18.412364451707447,18.65791353344666,13294800
2014-03-12,18.412372589111328,18.455245195234,18.33052137219927,18.385087858923807,10690600
2014-03-13,18.279842376708984,18.548777680035705,18.217480502597382,18.482517352453424,15848600
2014-03-14,18.279842376708984,18.385076831227522,18.248660696241004,18.279842376708984,12554600
2014-03-17,18.42795753479004,18.540988936955138,18.346107824322164,18.39287887504311,10527800
2014-03-18,18.533185958862305,18.548776798355217,18.42405305606051,18.459131701507417,9598600
2014-03-19,18.369487762451172,18.564368807922637,18.264251819477654,18.49810847931366,15781200
2014-03-20,18.615039825439453,18.615039825439453,18.279845621849265,18.279845621849265,11611400
2014-03-21,18.536775588989258,18.65808498351209,18.501556828822185,18.626778755468862,17540000
2014-03-24,18.39199447631836,18.646352443840982,18.32547095750503,18.6072196450417,9651200
2014-03-25,18.493732452392578,18.587649654832845,18.423296416516493,18.493732452392578,10764600
2014-03-26,18.227638244628906,18.591563511499878,18.223724219001692,18.58765097863606,12096800
2014-03-27,18.176767349243164,18.27850962963239,18.10241578591692,18.274597096555812,9977200
2014-03-28,18.301986694335938,18.39198986988677,18.184591312868037,18.23546169942073,13364200
2014-03-31,18.50156593322754,18.52504561581404,18.368517384098414,18.450695526769234,9714600
2014-04-01,18.603303909301758,18.622869558951688,18.485908518638794,18.58765079247646,11566400
2014-04-02,18.74026107788086,18.783306393875584,18.560254749869358,18.646345381858804,8664400
2014-04-03,18.763736724853516,18.885044597267488,18.693299221559,18.81069456279561,9284600
2014-04-04,18.525035858154297,18.9163547385608,18.478078010479173,18.88896253635339,18759400
2014-04-07,18.255029678344727,18.54069233371055,18.188504680375516,18.466340777582413,14806000
2014-04-08,18.325471878051758,18.399821960359784,18.19633587467266,18.278512517133695,9622200
2014-04-09,18.603303909301758,18.646349234189632,18.298074102261992,18.411556960100324,8225800
2014-04-10,18.231550216674805,18.615042614358508,18.196331450930213,18.599389497857942,10944400
2014-04-11,18.01241111755371,18.247203387470744,18.01241111755371,18.16111273922483,10436600
2014-04-14,18.157201766967773,18.227639304720213,18.035892342446683,18.176767417951567,9917200
2014-04-15,18.266769409179688,18.278508500447693,17.969366159774253,18.16893966791063,9726400
2014-04-16,18.536775588989258,18.55242870301087,18.34111614200844,18.364595813040857,11622400
2014-04-17,18.595474243164062,18.626778978819544,18.51721016488066,18.528949254156075,9443200
2014-04-21,18.599395751953125,18.68548642889109,18.54069878448403,18.62678796865814,6638000
2014-04-22,18.665908813476562,18.732432299204817,18.56025254841148,18.626776034139738,9998200
2014-04-23,18.669824600219727,18.72460900808036,18.638519864055006,18.6776511574517,7951800
2014-04-24,18.5876522064209,18.76374605219232,18.552433437266615,18.72070072403003,6920000
2014-04-25,18.45459747314453,18.568080301393397,18.39589904673636,18.55242718864949,7001000
2014-04-28,18.376338958740234,18.536779680971165,18.239377912724844,18.53286714798363,19147000
2014-04-29,18.505474090576172,18.55634448089969,18.411556882782172,18.411556882782172,9954600
2014-04-30,18.6541748046875,18.665915389005907,18.442863692880685,18.450690251505147,12036600
2014-05-01,18.536775588989258,18.634605312479668,18.49764429669834,18.634605312479668,8340800
2014-05-02,18.607210159301758,18.712866423052034,18.525033562861392,18.564164848948362,9966400
2014-05-05,18.708965301513672,18.720704395946466,18.513305766226928,18.544610515635636,4798000
2014-05-06,18.61504364013672,18.7167874102336,18.55243266344765,18.6541749407811,6856600
2014-05-07,18.75983238220215,18.77548550051512,18.556346322424083,18.67765575020433,8585000
2014-05-08,18.68548011779785,18.869400504495,18.60721602817587,18.72852544172811,9689200
2014-05-09,18.68548011779785,18.70895979251345,18.568084729746555,18.60721602817587,7954800
2014-05-12,18.924182891845703,18.939836006645677,18.7872203764907,18.79504693389069,8871400
2014-05-13,18.93984031677246,19.014190389847357,18.904621546839397,18.904621546839397,6821600
2014-05-14,18.943748474121094,19.045490734446304,18.900703154950097,18.93983594181609,9659000
2014-05-15,18.67764663696289,18.90461226346881,18.568077847760197,18.89287168408081,13088000
2014-05-16,18.74418067932129,18.75200574568197,18.536780594438873,18.689394765451915,8752800
2014-05-19,18.822444915771484,18.92027467415442,18.701136970745377,18.70896353054765,5481400
2014-05-20,18.7206974029541,18.86157245457982,18.673739549999937,18.802874018814695,9361200
2014-05-21,18.806787490844727,18.853745342417724,18.740262499416723,18.77156872897418,5028000
2014-05-22,18.849834442138672,18.908532885907942,18.783310932446042,18.814617167193234,6447200
2014-05-23,19.01027488708496,19.018099952280167,18.84983268808059,18.8733123619561,4489000
2014-05-27,19.01027488708496,19.0885374811434,18.98679521320945,19.04940618411418,4343600
2014-05-28,19.018098831176758,19.084623823520783,18.9789675364543,18.994620651448564,7973000
2014-05-29,19.20984649658203,19.221585586897504,18.967229175894914,19.03375267803361,5513800
2014-05-30,19.205934524536133,19.21375958979929,19.112017320981842,19.131582969666354,6847600
2014-06-02,19.28419303894043,19.327238352596403,19.18636332345431,19.23723519348073,6841000
2014-06-03,19.24114990234375,19.2959358031357,19.18245296206855,19.20201860882695,5275400
2014-06-04,19.2724552154541,19.33115364570285,19.14723329083565,19.2059317210844,5742200
2014-06-05,19.362457275390625,19.397676032977195,19.135493109759505,19.31549942952953,9723200
2014-06-06,19.456378936767578,19.46811802774325,19.36246173067214,19.39768049636251,5849800
2014-06-09,19.40550994873047,19.48377405002172,19.370291177787585,19.421163067541432,14639600
2014-06-10,19.43290138244629,19.43681391561064,19.29202630431342,19.362463843379853,5317000
2014-06-11,19.323333740234375,19.409422910065963,19.28811496851485,19.370291604939204,4695000
2014-06-12,19.158977508544922,19.35855103060506,19.115932180541225,19.323332261580536,6802600
2014-06-13,19.23332405090332,19.256802228947507,19.119841214479415,19.16679906333089,4893800
2014-06-16,19.19028091430664,19.229412210667977,19.09636371317085,19.182454356481717,15921800
2014-06-17,19.229408264160156,19.26854104525343,19.057228505638644,19.0650550618573,12232200
2014-06-18,19.436809539794922,19.44855012217184,19.22158443788497,19.24506410987563,16087600
2014-06-19,19.397682189941406,19.46811972747193,19.362463421176145,19.460293168550375,11532800
2014-06-20,19.51601219177246,19.527806239912966,19.394136361649124,19.421656807144835,8435800
2014-06-23,19.54353904724121,19.602512306789627,19.4570468329231,19.539608196489052,5905400
2014-06-24,19.358755111694336,19.606439151788347,19.358755111694336,19.49635735619101,8749800
2014-06-25,19.512086868286133,19.606442279635957,19.39414185422274,19.39414185422274,13433600
2014-06-26,19.508161544799805,19.59072443416034,19.402010543981483,19.551408415476093,10903800
2014-06-27,19.44918441772461,19.45704761929902,19.327307042949823,19.366621551069507,12705200
2014-06-30,19.51601219177246,19.547464986482872,19.378409964293922,19.44524490342584,26147400
2014-07-01,19.563194274902344,19.64182477957461,19.49635932076981,19.53960617332716,13985800
2014-07-02,19.586790084838867,19.6379001540395,19.547475569916912,19.578926881903953,7745000
2014-07-03,19.712589263916016,19.732246512334076,19.626095571174243,19.630027920709008,5619400
2014-07-07,19.547468185424805,19.700796835350776,19.512084535460964,19.685070435421945,9971200
2014-07-08,19.49636459350586,19.547474660328223,19.441323675275253,19.535679106598423,8553200
2014-07-09,19.563194274902344,19.590716226326954,19.508153371557402,19.55926342455719,8361800
2014-07-10,19.476699829101562,19.559261174621806,19.37054888496755,19.390206133936374,8062600
2014-07-11,19.512086868286133,19.531744120671327,19.42952400866476,19.46884001318737,6975600
2014-07-14,19.500286102294922,19.610369385767587,19.492424403244993,19.610369385767587,5030600
2014-07-15,19.460979461669922,19.6378977567265,19.405938547597305,19.51208952463125,5648000
2014-07-16,19.594650268554688,19.61037667200133,19.516019751073856,19.523882952797177,7690200
2014-07-17,19.512086868286133,19.62609953202115,19.476703214091895,19.527811770342957,11014400
2014-07-18,19.63396644592285,19.66935010680853,19.512090558235254,19.527815463265824,9729600
2014-07-21,19.57892417907715,19.61037698647481,19.50029366033539,19.567130126179226,9859200
2014-07-22,19.606443405151367,19.665416665444557,19.598580203795457,19.63789621057502,5637400
2014-07-23,19.68900489807129,19.728319402360086,19.559264334364297,19.610374389741494,4522600
2014-07-24,19.66541290283203,19.732247851941192,19.626096903574854,19.689002502386334,5000800
2014-07-25,19.700794219970703,19.767629161167484,19.618232880932855,19.618232880932855,4778400
2014-07-28,19.751907348632812,19.803015899972472,19.637893196102045,19.700797297541076,21347400
2014-07-29,19.610382080078125,19.791231270331277,19.60251887618632,19.775504862547667,7769200
2014-07-30,19.508161544799805,19.708669490707553,19.46884702586832,19.661490268286457,10548000
2014-07-31,19.126806259155273,19.421669655752204,19.126806259155273,19.3626963765317,12917600
2014-08-01,19.14252281188965,19.209359265817156,19.02064695433405,19.087481908509424,11244000
2014-08-04,19.370555877685547,19.39021313375059,19.095349793517457,19.19756992465968,9932600
2014-08-05,19.1700439453125,19.335168161077515,19.11500303997489,19.205427598708418,10275200
2014-08-06,19.31157875061035,19.33909920355236,19.083551926269084,19.122866430542757,12717400
2014-08-07,19.14252281188965,19.457044830780294,19.091414258609234,19.398071577300264,10167400
2014-08-08,19.343034744262695,19.354828797539664,19.115006382558327,19.18577370172503,8538200
2014-08-11,19.323373794555664,19.468839256253183,19.31551059395686,19.394141100192762,10983400
2014-08-12,19.38627815246582,19.409866254817757,19.280127192625553,19.31944169638024,14594400
2014-08-13,19.4924259185791,19.512083167235712,19.370548577305023,19.472767170170556,8602600
2014-08-14,19.4924259185791,19.53567126572287,19.472767170170556,19.52387721647929,7214600
2014-08-15,19.55140495300293,19.63789867903783,19.39414540537425,19.563199006643146,8879000
2014-08-18,19.744050979614258,19.744050979614258,19.630036787636374,19.630036787636374,10696200
2014-08-19,19.803022384643555,19.834475195538605,19.751913816567953,19.77550192498667,6270000
2014-08-20,19.830537796020508,19.854127398186566,19.755839638789602,19.775496890718557,9600800
2014-08-21,19.803022384643555,19.865926506681085,19.747981465329786,19.858063303957323,2725800
2014-08-22,19.724388122558594,19.79908778441448,19.685073616136126,19.79908778441448,3614400
2014-08-25,19.799089431762695,19.838403941456253,19.763705773137527,19.838403941456253,3126200
2014-08-26,19.818742752075195,19.865920454291953,19.803016351418904,19.81087955174705,3818400
2014-08-27,19.818742752075195,19.865920454291953,19.779428250186584,19.850195553387774,6599200
2014-08-28,19.834468841552734,19.858056942414986,19.712591488006765,19.7833587900977,3672200
2014-08-29,19.86591911315918,19.893439562573747,19.810878214330046,19.873782312956486,5321000
2014-09-02,19.799089431762695,19.897377205749006,19.759773422316723,19.861993547123838,13216800
2014-09-03,19.830537796020508,19.917031504210534,19.818743744813574,19.877717000352625,6255600
2014-09-04,19.830537796020508,19.956346008068447,19.783360091440578,19.846264197464546,11554000
2014-09-05,19.917028427124023,19.920959277001643,19.759767436484086,19.814809833034435,6153600
2014-09-08,19.838401794433594,19.94848510921607,19.803018139637842,19.88164865026754,4607600
2014-09-09,19.677213668823242,19.81874831495265,19.63396680475564,19.814817463561294,6321000
2014-09-10,19.677213668823242,19.68900922250238,19.504227712305376,19.641830007290892,12728000
2014-09-11,19.649690628051758,19.69293748643715,19.574992463410293,19.586786515787278,8525400
2014-09-12,19.55925941467285,19.685067596455426,19.48456127541189,19.630026704394528,7705000
2014-09-15,19.586790084838867,19.6379001540395,19.488502297781366,19.574996030312803,6382000
2014-09-16,19.677213668823242,19.759775045814553,19.52388496876723,19.539611373837726,6635000
2014-09-17,19.795154571533203,19.901305533952073,19.71652556211379,19.783360520070737,10319800
2014-09-18,19.92882537841797,19.9602781810267,19.854127221850504,19.87378447360487,8969800
2014-09-19,19.92250633239746,20.076547599641238,19.88695857945007,20.00940117442611,12151000
2014-09-22,19.91461181640625,20.0884015454244,19.898813982892975,20.029154772948573,7674400
2014-09-23,19.811912536621094,19.93040453550022,19.804012869134816,19.894856785165732,5931000
2014-09-24,20.017301559448242,20.03704997696909,19.800065953303562,19.823763451645508,8558200
2014-09-25,19.713171005249023,19.950155027677365,19.713171005249023,19.942256866076402,9410000
2014-09-26,19.906713485717773,19.926461907474422,19.713175336403417,19.728974676491937,9455000
2014-09-29,19.82376480102539,19.87906248323856,19.69342403114951,19.815865132137795,18208000
2014-09-30,19.58678436279297,19.839567786846033,19.551236599616253,19.804020023669317,15665800
2014-10-01,19.124658584594727,19.55123163438276,19.077262081298613,19.55123163438276,22576200
2014-10-02,19.077260971069336,19.128608058898045,18.812628877466715,19.081211558360245,18147000
2014-10-03,19.132558822631836,19.231302419685132,19.100961655062797,19.187856502616167,10886200
2014-10-06,19.128610610961914,19.255002300397127,19.065414766244306,19.20760579353587,9574800
2014-10-07,18.792877197265625,19.073308577912545,18.788926610660837,19.073308577912545,12121400
2014-10-08,19.037763595581055,19.065411678998743,18.583542499363276,18.7928799252926,21046800
2014-10-09,18.571691513061523,19.045660967927198,18.512444766188054,19.037761301230244,29256400
2014-10-10,18.287309646606445,18.642787116528122,18.283360566588367,18.575640702561863,30357400
2014-10-13,17.81729507446289,18.421605412424732,17.789646987543573,18.267565640529185,33150600
2014-10-14,17.87259292602539,18.12932690775642,17.754100898575636,17.935788774445783,22002600
2014-10-15,17.995031356811523,18.070075938513043,17.414418598607977,17.54870993361058,37910800
2014-10-16,18.172771453857422,18.275465641460112,17.647456286131465,17.67905345459615,40441000
2014-10-17,18.41370964050293,18.551951611062155,18.326816280385646,18.36631312528368,22297400
2014-10-20,18.694133758544922,18.705982505028615,18.299159470876944,18.374204043119217,34382600
2014-10-21,19.097013473510742,19.124661563632507,18.8007826450279,18.8047332331641,14263600
2014-10-22,18.942974090576172,19.27475268587027,18.931125339328936,19.235255843907517,18426400
2014-10-23,18.92717742919922,19.13651494000413,18.875831828724113,19.081218750749,59893600
2014-10-24,19.06936264038086,19.089112564805138,18.788931191365304,18.96271937666205,13400600
2014-10-27,18.670434951782227,18.939017590708165,18.595390378764556,18.89951925750885,70286800
2014-10-28,18.856077194213867,18.871875024006087,18.713886179130284,18.788930767443215,15180600
2014-10-29,18.62303924560547,18.879771642066697,18.496647587441423,18.852123561012526,47813800
2014-10-30,18.765230178833008,18.863973763561404,18.551945180917397,18.551945180917397,13382800
2014-10-31,19.116762161254883,19.124660323599354,18.856079109360856,18.923224036243525,16805200
2014-11-03,18.982467651367188,19.195752653561044,18.915321228917087,19.124657150593904,41656400
2014-11-04,18.784982681274414,18.974570209188002,18.698087832631952,18.93112278486677,26076200
2014-11-05,18.96666717529297,19.002214924638817,18.81262743036345,18.824476177909574,12231800
2014-11-06,19.120712280273438,19.160209120970865,18.90347664302179,18.90347664302179,7653000
2014-11-07,19.211557388305664,19.243156068152764,19.128613113769003,19.140461865357672,10205000
2014-11-10,19.26289939880371,19.274748147260933,19.156256142565958,19.20365264310243,7286000
2014-11-11,19.35769271850586,19.37349205451394,19.23130104385646,19.255000047868577,7220400
2014-11-12,19.405094146728516,19.452490656398897,19.314250208732005,19.341898298265384,7708000
2014-11-13,19.40903663635254,19.563076370497026,19.302393395781582,19.424835969779505,8238600
2014-11-14,19.468284606933594,19.50778143627602,19.385340361290027,19.43273685784243,6337400
2014-11-17,19.46433448791504,19.488033490114713,19.39323898802351,19.45248574016895,5254200
2014-11-18,19.697370529174805,19.71316986487811,19.46828618830721,19.46828618830721,10036200
2014-11-19,19.669721603393555,19.732917436795084,19.602576689588968,19.681571858017758,9681800
2014-11-20,19.772415161132812,19.772415161132812,19.511732168097996,19.570977412551496,7717000
2014-11-21,20.013357162475586,20.147648552547274,19.9383125500004,20.025207422019772,19118400
2014-11-24,19.92250633239746,20.0449489273735,19.890909166837346,20.0449489273735,4283800
2014-11-25,19.851409912109375,19.985701249646294,19.83561208341081,19.92645600193467,4812800
2014-11-26,19.867204666137695,19.879054918313393,19.71711402780556,19.79216010032523,3762000
2014-11-28,19.416940689086914,19.693423059682903,19.37349326570227,19.673674641791983,9735400
2014-12-01,19.21550750732422,19.44459190378864,19.11281330703731,19.357697043039405,24024600
2014-12-02,19.33004379272461,19.37349121150246,19.172054959641336,19.21550237841919,11861000
2014-12-03,19.614431381225586,19.642079472547678,19.32610020978949,19.373496722526227,14694400
2014-12-04,19.67367172241211,19.721068219658683,19.547280058616263,19.563077886560134,11708000
2014-12-05,19.65787696838379,19.79216833079751,19.62232921048875,19.669725718779524,6722200
2014-12-08,19.345842361450195,19.63812402646904,19.318194279088512,19.634173439441668,11003800
2014-12-09,19.397192001342773,19.409040750570945,19.164157057373405,19.24315223454581,12046800
2014-12-10,18.998271942138672,19.337950237027904,18.95087542627517,19.318201814310452,15161200
2014-12-11,19.01406478881836,19.219451629688567,18.97456795687344,19.057512207982306,7843600
2014-12-12,18.484800338745117,18.927171214236566,18.472951589712025,18.82052945952342,17337800
2014-12-15,18.38606071472168,18.6072469535704,18.311016110132215,18.551950770535214,17990000
2014-12-16,18.243867874145508,18.698089058752096,18.239918792906316,18.31891397806066,19044000
2014-12-17,18.741535186767578,18.79288227956472,18.311013039563246,18.311013039563246,21216000
2014-12-18,19.168107986450195,19.17995824352868,18.863977504371416,19.033816624320707,14030200
2014-12-19,19.404199600219727,19.471769293862792,19.25316279931646,19.33663142278206,10772600
2014-12-22,19.416126251220703,19.463823048578114,19.304836756464713,19.463823048578114,6613400
2014-12-23,19.567155838012695,19.622800564804283,19.455866384429523,19.495612184650632,14191200
2014-12-24,19.499589920043945,19.571133581645256,19.467792063241024,19.49561442984095,3757600
2014-12-26,19.567155838012695,19.630750028089523,19.539333474616903,19.618826591264206,2594000
2014-12-29,19.567155838012695,19.622800564804283,19.51946057450635,19.51946057450635,4346400
2014-12-30,19.499589920043945,19.587030993841452,19.491640455843214,19.523436796440873,4335200
2014-12-31,19.308805465698242,19.54330781408066,19.304829975878643,19.54330781408066,5968800
2015-01-02,19.336633682250977,19.424074774081525,19.221368701877097,19.30881130991322,10469600
2015-01-05,18.843774795532227,19.245212909349814,18.760307690115507,19.189568172405334,10877600
2015-01-06,18.676841735839844,18.95904092842603,18.577475694827342,18.89942069733635,10109000
2015-01-07,18.887495040893555,18.943139774737006,18.744407716035944,18.81595137846475,7120600
2015-01-08,19.336633682250977,19.388302935903617,19.03058607033011,19.07828134916546,15281000
2015-01-09,19.237268447875977,19.467796902176488,19.149825836138383,19.42407559630769,13701600
2015-01-12,19.19354820251465,19.273041352467846,18.97891715250273,19.145851402819293,9316200
2015-01-13,18.97891616821289,19.356507473753545,18.8278793427555,19.300862726533886,11710000
2015-01-14,18.75633430480957,18.784156676404525,18.458236166687453,18.645044818429753,13568600
2015-01-15,18.720561981201172,19.01071216236241,18.720561981201172,18.83980244631642,11710800
2015-01-16,19.018665313720703,19.05046318410385,18.692744723322996,18.748389480287592,10920400
2015-01-20,19.050458908081055,19.17367335385045,18.867625743034008,19.149824956416047,8123200
2015-01-21,19.237268447875977,19.257141355214802,18.963017171501026,19.010713968560975,9423200
2015-01-22,19.479717254638672,19.511515114303442,19.201493563598948,19.332655944202617,11556600
2015-01-23,19.177642822265625,19.439969067580016,19.165719384452995,19.439969067580016,10073400
2015-01-26,19.261110305786133,19.28495869809506,19.08225115398227,19.1657197689609,6202200
2015-01-27,19.129955291748047,19.269067176508678,18.91135025160742,18.994817382463797,9032800
2015-01-28,18.78415870666504,19.19354789162079,18.752362356922227,19.157776050531563,11557000
2015-01-29,19.03057861328125,19.062374947977037,18.68478380765779,18.807998205590803,11916800
2015-01-30,18.955060958862305,19.181615357542345,18.8199231143685,18.871593868023364,15617400
2015-02-02,19.1259765625,19.177647332181262,18.84775132386973,18.97494126067104,13251000
2015-02-03,19.54728889465332,19.55921233511213,19.229317847372155,19.25714021924641,12252200
2015-02-04,19.420093536376953,19.567154808906682,19.376372248710137,19.428042999244102,11367200
2015-02-05,19.88910484313965,19.90897774581311,19.483691260538833,19.483691260538833,11729000
2015-02-06,19.84140968322754,19.9288522816028,19.785764944699793,19.897055937960694,11220200
2015-02-09,19.817562103271484,19.932827066831784,19.734094998433484,19.734094998433484,7411200
2015-02-10,19.96462059020996,19.98449349100253,19.757939086315904,19.944747689417387,6491000
2015-02-11,19.93282699584961,20.004370661514656,19.817562032699776,19.91295257611627,6447800
2015-02-12,20.27464485168457,20.33426507839455,20.052065906538715,20.052065906538715,9801200
2015-02-13,20.445552825927734,20.4813246556945,20.290542069006825,20.330289388861686,5802800
2015-02-17,20.46940040588379,20.54889352623505,20.31836362883691,20.35413545718472,6542400
2015-02-18,20.525049209594727,20.525049209594727,20.326317127369826,20.409784238014975,5948400
2015-02-19,20.580692291259766,20.628389078817403,20.381960225052296,20.473376793563094,6011400
2015-02-20,20.64031410217285,20.672110446780295,20.377987815288268,20.54094806144073,7145800
2015-02-23,20.616464614868164,20.656211938779563,20.48132674598016,20.572743316668316,5530200
2015-02-24,20.703899383544922,20.731721741661143,20.58863446208925,20.67210153643792,4613600
2015-02-25,20.6442928314209,20.755583853692894,20.60852098787022,20.69198963362567,3915200
2015-02-26,20.513126373291016,20.684036090328597,20.453506140387486,20.640314788360076,5456000
2015-02-27,20.465429306030273,20.572743289938177,20.457479841258323,20.489276184140753,6721200
2015-03-02,20.600566864013672,20.608514812460367,20.377986402372457,20.4733769457863,6564600
2015-03-03,20.489280700683594,20.59659622445291,20.421712509535713,20.52505254194003,6416600
2015-03-04,20.41773223876953,20.465429026750346,20.2786203976722,20.374010941223126,6586200
2015-03-05,20.33028793334961,20.469399752369103,20.258744278938124,20.469399752369103,3874800
2015-03-06,20.05604362487793,20.2428522883182,20.016297810454976,20.23887679715253,8790000
2015-03-09,20.083864212036133,20.147458419180424,20.040142910335902,20.071940772010798,5047400
2015-03-10,19.77781867980957,19.924881531091142,19.749996306044007,19.924881531091142,10305200
2015-03-11,19.753969192504883,19.849359742492673,19.72217133170532,19.81358790719589,5070400
2015-03-12,20.00039291381836,20.01629184132852,19.773838503516693,19.773838503516693,6201200
2015-03-13,19.809612274169922,19.92885120977429,19.682423874031215,19.91295228070562,8384400
2015-03-16,19.77781867980957,19.89705915732558,19.690377583491657,19.89705915732558,8025200
2015-03-17,19.559215545654297,19.686403985444073,19.47574841633084,19.63870869957436,15766000
2015-03-18,19.857309341430664,19.976548287821196,19.360479134632225,19.46382066672136,12978400
2015-03-19,19.51548957824707,19.785765327356454,19.495616673560733,19.757942957554498,7913600
2015-03-20,19.64116096496582,19.768830385506647,19.5015230118554,19.565357722125814,9535000
2015-03-23,19.64116096496582,19.72095473328872,19.589294787265004,19.61722237788709,6741200
2015-03-24,19.57732391357422,19.669086203493478,19.50950020787104,19.601262497790298,4460200
2015-03-25,19.357900619506836,19.689042807541664,19.357900619506836,19.613239540868637,7364200
2015-03-26,19.40178871154785,19.4736029787148,19.306035848011874,19.329974444380902,8144800
2015-03-27,19.393796920776367,19.509497780516305,19.365869336968682,19.445663085821714,7369200
2015-03-30,19.657129287719727,19.720964028076416,19.51350074143211,19.51350074143211,5590200
2015-03-31,19.461633682250977,19.609252749401556,19.461633682250977,19.565366081975178,6928000
2015-04-01,19.517478942871094,19.54939705635116,19.34193388454899,19.50152140807048,8416000
2015-04-02,19.53743553161621,19.59329072829866,19.429714142897225,19.429714142897225,4940800
2015-04-06,19.69302749633789,19.748882678585172,19.38582247203826,19.51349189487193,5381800
2015-04-07,19.661117553710938,19.82469416484429,19.629200945703072,19.629200945703072,3673600
2015-04-08,19.716964721679688,19.7927694884349,19.61722288916142,19.752871842263843,4251200
2015-04-09,19.7728271484375,19.820702815758068,19.66909476031291,19.689042828201476,3810600
2015-04-10,19.828678131103516,19.832667135057033,19.736915820775625,19.79277100776306,3340000
2015-04-13,19.74888801574707,19.844640869719438,19.74090848442104,19.7568675470731,3009200
2015-04-14,19.83266830444336,19.86458642571227,19.70100985905857,19.708989389375795,4350600
2015-04-15,20.024173736572266,20.099978518425097,19.876556221188153,19.876556221188153,6234400
2015-04-16,19.980287551879883,20.08800740749626,19.916451308640838,20.028163212369364,4335000
2015-04-17,19.79676628112793,19.93241528760151,19.724952011704257,19.8685805505516,7655800
2015-04-20,19.940397262573242,19.968324868332306,19.82868683953698,19.82868683953698,4301400
2015-04-21,19.792770385742188,19.992254059822333,19.716965615550357,19.992254059822333,7943800
2015-04-22,19.83266830444336,19.852616369266535,19.673082263918165,19.840647834760585,5424800
2015-04-23,19.884536743164062,19.968319538076646,19.784794885809095,19.85660914485987,9665600
2015-04-24,20.05210304260254,20.060082574106115,19.948372176936076,19.984279307732162,6189200
2015-04-27,20.227651596069336,20.315423406991645,20.103971129030423,20.111950661285206,7235800
2015-04-28,20.255573272705078,20.28350086645719,20.11194477801438,20.223655153022825,6369000
2015-04-29,20.243608474731445,20.31542121339005,20.08800989547449,20.14785561995332,6888600
2015-04-30,20.115930557250977,20.267538557558193,20.040127318067103,20.17178725774061,8893400
2015-05-01,20.44708251953125,20.498948715967924,20.20371212310544,20.23961925572466,13499800
2015-05-04,20.391233444213867,20.542841552146836,20.383253909907864,20.506934408740094,8300400
2015-05-05,20.159814834594727,20.502926916153484,20.11193919031236,20.347329930781324,7522600
2015-05-06,20.16380500793457,20.315411465842576,20.09199078179319,20.275515349959264,10031200
2015-05-07,20.251585006713867,20.27153459471137,19.99624610852064,20.052101302257924,12460800
2015-05-08,20.57474708557129,20.658529867746875,20.482984773387592,20.486973777421785,9262000
2015-05-11,20.4789981842041,20.594697578115493,20.447080060407917,20.56278097625922,8234400
2015-05-12,20.263561248779297,20.403199275743063,20.251591187939297,20.403199275743063,7549600
2015-05-13,20.239614486694336,20.327387795068333,20.16381123433299,20.207697888519988,7628000
2015-05-14,20.451066970825195,20.46702603108916,20.33935659285696,20.33935659285696,6319000
2015-05-15,20.550813674926758,20.550813674926758,20.38324806834437,20.43112373851932,6259800
2015-05-18,20.459043502807617,20.52686873802021,20.41515685448292,20.463034028258697,5381000
2015-05-19,20.359310150146484,20.467031553081778,20.29946594092032,20.431124418770015,5429000
2015-05-20,20.34733772277832,20.415161451323108,20.29547153381239,20.395213385394634,4407400
2015-05-21,20.41915512084961,20.46304178581177,20.295474657950795,20.35532038688831,3818800
2015-05-22,20.39520835876465,20.435106002728244,20.35930124016716,20.407178412923475,3509000
2015-05-26,20.13987159729004,20.29546861990826,20.06406834886927,20.291479616071232,7575200
2015-05-27,20.271533966064453,20.30345056637889,20.115935402984633,20.139873994675337,5586000
2015-05-28,20.323392868041992,20.33536292146252,20.199713984231987,20.23961010379533,3484200
2015-05-29,20.191741943359375,20.31941139963128,20.139875751142675,20.315420873031552,6502400
2015-06-01,20.199716567993164,20.255571751302085,20.06007708778126,20.239612692659648,8735800
2015-06-02,20.263561248779297,20.355323598204105,20.12791222746863,20.171798899354485,7311600
2015-06-03,20.28350067138672,20.40718110105641,20.24759354805937,20.33137632850995,5260400
2015-06-04,20.044124603271484,20.16381452937882,19.94837174922163,20.16381452937882,7545400
2015-06-05,19.95235824584961,20.04811108786306,19.86857546030021,19.97629683683792,5924400
2015-06-08,19.880544662475586,19.992255038407805,19.87655413651245,19.952357388475065,7849000
2015-06-09,19.892515182495117,20.000236565158506,19.868576590145516,19.868576590145516,5217600
2015-06-10,20.099985122680664,20.171799401747858,20.000243237525158,20.012211776722896,5454400
2015-06-11,20.14786148071289,20.187757627344066,20.092006266653065,20.119933873682978,3716400
2015-06-12,20.028165817260742,20.123917150693252,19.98826816004719,20.115937619250545,4747000
2015-06-15,19.90448760986328,19.980292406156767,19.80075673327769,19.876560007631,6711800
2015-06-16,20.008214950561523,20.02018348508124,19.85261639210625,19.864586448565756,4290400
2015-06-17,20.091997146606445,20.135883801144217,19.9004929902105,20.048110492068673,7079200
2015-06-18,20.259565353393555,20.31143154478396,20.151843966016532,20.163814023685056,7331200
2015-06-19,20.123693466186523,20.296033527718212,20.123693466186523,20.227899867012244,7395000
2015-06-22,20.199848175048828,20.231910630124254,20.139728969551904,20.231910630124254,3962600
2015-06-23,20.143739700317383,20.23191414264913,20.103661242291224,20.207866150496333,4503200
2015-06-24,19.88722801208496,20.111671285713545,19.883220779026736,20.099648057644153,6282600
2015-06-25,19.871192932128906,19.967381792115518,19.811073747966503,19.89523938267838,4896200
2015-06-26,19.7950496673584,19.947350540206088,19.766994444583162,19.9112793210815,5812000
2015-06-29,19.33414077758789,19.706874659096034,19.314100022854124,19.6427482190748,12405400
2015-06-30,19.394256591796875,19.55858067411974,19.35016938185017,19.50247023560385,12598400
2015-07-01,19.50246810913086,19.594649752197945,19.4503649095209,19.586633757727597,10832600
2015-07-02,19.442350387573242,19.57461201300929,19.370209489665534,19.530524804530607,10276600
2015-07-06,19.282033920288086,19.466397209366797,19.17382028655198,19.282033920288086,12870600
2015-07-07,19.217910766601562,19.282037205419314,18.889262576548724,19.237949992064316,13718200
2015-07-08,18.797080993652344,19.113704426614486,18.78104900165821,19.05759398352993,14981600
2015-07-09,18.853187561035156,19.097670037554575,18.849178799413263,19.073622054506988,9807600
2015-07-10,19.117708206176758,19.157786646821048,19.01751057567153,19.065605010223575,7608400
2015-07-13,19.326122283935547,19.34616150718469,19.205883886651225,19.23794786696564,5799800
2015-07-14,19.43433380126953,19.4744122433899,19.270009742344723,19.270009742344723,4889000
2015-07-15,19.282033920288086,19.446357987318176,19.233939481592472,19.438341992719803,6131800
2015-07-16,19.23394012451172,19.294057792667083,19.16981369447585,19.23394012451172,9163400
2015-07-17,19.101686477661133,19.22593215662059,19.001488793340858,19.173828932683357,14497000
2015-07-20,18.941360473632812,19.10568453583721,18.905289263446747,19.10568453583721,8895400
2015-07-21,18.82512664794922,19.07762351350659,18.769016233380917,18.925324253648085,6918600
2015-07-22,18.744976043701172,18.841164928945293,18.70088883425813,18.785054491070426,11785000
2015-07-23,18.472442626953125,18.837162087057365,18.424348173119355,18.7890676332236,9715200
2015-07-24,18.067644119262695,18.476449256823074,17.951414458145003,18.468434788858815,14524400
2015-07-27,17.867244720458984,18.083670470853377,17.823157512208084,17.879267948565694,18553800
2015-07-28,18.23998260498047,18.288078585884307,17.807129479111374,17.895303915206682,28776400
2015-07-29,18.372241973876953,18.42835241572369,18.179862660876054,18.268037086003712,19170800
2015-07-30,18.464418411254883,18.492473624245033,18.35620479162382,18.37624401106044,11191600
2015-07-31,18.41632652282715,18.592673818681902,18.380255311300647,18.592673818681902,9396000
2015-08-03,18.272043228149414,18.48446175356653,18.1758528129466,18.40029609582331,11408400
2015-08-04,18.352201461791992,18.456406342357678,18.280059033363916,18.28406626654558,13195600
2015-08-05,18.44438362121582,18.640770159308886,18.38426441957397,18.484462069713846,11673400
2015-08-06,18.38025665283203,18.508509518977206,18.352201433918697,18.440374323834277,12226800
2015-08-07,18.12375831604004,18.376255389292854,18.06363909161105,18.260027233036407,11703000
2015-08-10,18.56863021850586,18.58065344789837,18.183870060101736,18.296092473713095,10623000
2015-08-11,18.223953247070312,18.368238140754823,18.1478020371284,18.276054936204595,11703800
2015-08-12,18.292083740234375,18.3161317279523,18.02355475741123,18.07565643745773,13284600
2015-08-13,18.23998260498047,18.320141044258467,18.17585615933708,18.235975371019347,6056000
2015-08-14,18.324153900146484,18.34018436846673,18.211931448532344,18.260027440179293,4275600
2015-08-17,18.42835235595703,18.436368351751266,18.199901826953443,18.2800602560009,5095800
2015-08-18,18.308107376098633,18.424336970344935,18.288068159927178,18.392273001355257,5708000
2015-08-19,18.083669662475586,18.22394727599363,18.007520006379266,18.215931281315914,8573200
2015-08-20,17.742996215820312,18.02354988104459,17.742996215820312,17.971446686199993,11617400
2015-08-21,17.310150146484375,17.67086239562519,17.310150146484375,17.638798405081463,25100400
2015-08-24,16.584720611572266,17.17789070049615,15.771114401008356,16.288134802662682,55362200
2015-08-25,16.324207305908203,17.209954509597424,16.29615207530414,16.849243746590002,26679000
2015-08-26,16.76506996154785,16.801139644430325,16.388325854343393,16.66487232093299,48975800
2015-08-27,17.374277114868164,17.45844432809845,17.013566383905818,17.033605614143404,23275400
2015-08-28,17.47446632385254,17.5385927468634,17.27407106083178,17.330183018748993,12740600
2015-08-31,17.378284454345703,17.506537352032044,17.185905107816193,17.410346914319717,17998800
2015-09-01,16.8492431640625,17.137811458712708,16.745036714939783,16.92138561994889,17978400
2015-09-02,17.08970832824707,17.109747549406325,16.82919539538762,17.053637118602584,14753000
2015-09-03,17.19391632080078,17.386295613800467,17.117765132873288,17.133797122846943,9719000
2015-09-04,16.85325050354004,17.00955864930048,16.825195273731516,16.925392959874912,14536000
2015-09-08,17.274070739746094,17.290102727424443,17.065661015505547,17.157842651314308,13149600
2015-09-09,17.141815185546875,17.52657381795735,17.11375996415621,17.37828171505027,13668800
2015-09-10,17.1818904876709,17.298120114357665,17.045621639219593,17.045621639219593,10947400
2015-09-11,17.15784454345703,17.165860538180198,17.00554370150619,17.02959168567569,5799000
2015-09-14,16.953439712524414,17.13780299590696,16.913361269665458,17.1337957631789,6685800
2015-09-15,17.077688217163086,17.125782662499066,16.945426581370576,16.98550655989627,7124000
2015-09-16,17.322168350219727,17.33819881052817,17.073677104255857,17.093717855207032,8727000
2015-09-17,17.24201202392578,17.530581748995697,17.20594080829204,17.29010646847249,18276000
2015-09-18,16.87849235534668,17.06791087067576,16.822069753444374,16.963126258200138,20257200
2015-09-21,16.934913635253906,17.067909538298583,16.874459973706024,16.999396823451427,12034600
2015-09-22,16.62055015563965,16.69712342373358,16.47546266880928,16.681002250219155,13189600
2015-09-23,16.265897750854492,16.65279682698932,16.241715982070964,16.644736237394813,13856200
2015-09-24,16.221569061279297,16.273962137166784,15.903182616317789,16.12484350097937,18589000
2015-09-25,16.2014102935791,16.3747090806015,16.104684781385256,16.3747090806015,14634200
2015-09-28,15.697636604309082,16.132897607186507,15.657333663135242,16.128868081769124,24683600
2015-09-29,15.75809383392334,15.899151867798663,15.649279700871627,15.774215015634892,26944200
2015-09-30,16.08856773376465,16.120810091900573,15.878998555482166,15.951542323887738,15304400
2015-10-01,16.269926071166992,16.269926071166992,15.943480672484124,16.15305137420901,19226200
2015-10-02,16.668916702270508,16.668916702270508,15.995872129079723,15.995872129079723,46276000
2015-10-05,17.104175567626953,17.10820663029597,16.701155395122456,16.846242903208065,27824000
2015-10-06,17.325838088989258,17.45883394797663,17.188811167287135,17.20896186866098,28153200
2015-10-07,17.55556297302246,17.607954499577794,17.285538601005353,17.37420354963788,31866000
2015-10-08,17.801403045654297,17.853796106687113,17.483018228363044,17.483018228363044,27989800
2015-10-09,17.793344497680664,17.95858273724729,17.728861319737597,17.94649108442031,18153200
2015-10-12,17.640195846557617,17.82961584871925,17.555561966298235,17.82961584871925,14825600
2015-10-13,17.57168197631836,17.700648331060496,17.438686095603128,17.51929045166702,17327000
2015-10-14,17.71274185180664,17.80543633296581,17.539443006082863,17.575714893266916,13386000
2015-10-15,17.761106491088867,17.84977145900664,17.53138501730247,17.728865662919155,9153000
2015-10-16,17.7691650390625,17.890070821246056,17.644228192945913,17.845738342385317,14481000
2015-10-19,17.64422607421875,17.71676984229788,17.55556266454445,17.648257137667727,7810000
2015-10-20,17.672435760498047,17.82558387221692,17.591832947656638,17.62407376531318,7618400
2015-10-21,17.515262603759766,17.7288644171523,17.483021777855544,17.672440281369035,11033000
2015-10-22,17.99485206604004,18.010971705186986,17.68049527297438,17.72482773977851,14518000
2015-10-23,18.14396858215332,18.216512337121767,18.047243063062066,18.16411928355567,13013000
2015-10-26,17.99485206604004,18.168150870419822,17.99082100320329,18.11575781534221,7989200
2015-10-27,17.918277740478516,18.002911613584946,17.769160696805272,17.89006644944304,12333400
2015-10-28,18.188297271728516,18.22456914168258,17.890061725728465,17.890061725728465,15291000
2015-10-29,18.22456932067871,18.264870715512544,18.08754242588415,18.099632536854365,10736200
2015-10-30,18.24875831604004,18.401906457356745,18.196366785047815,18.216517492152548,12850200
2015-11-02,18.36159896850586,18.450262357913903,18.232632640821524,18.2769635668256,22701400
2015-11-03,18.434144973754883,18.575201431467665,18.301147567282758,18.313237681543832,15207800
2015-11-04,18.313236236572266,18.53086750050027,18.305175648567527,18.40190116722441,13682400
2015-11-05,18.220550537109375,18.289064799376465,18.075462958097376,18.289064799376465,20570000
2015-11-06,18.268905639648438,18.297116929476175,18.04321378362653,18.07142507345427,9202800
2015-11-09,18.14396858215332,18.26487432796741,17.982759896134553,18.184269984958025,10764200
2015-11-10,18.010971069335938,18.13590787706414,17.90215543758556,18.079485298541716,9809200
2015-11-11,18.031131744384766,18.08755434930611,17.92231606172188,18.051282455085147,12558800
2015-11-12,17.668405532836914,17.869915631734507,17.668405532836914,17.845733866402778,18044400
2015-11-13,17.894094467163086,17.986788912990576,17.62810124166687,17.65631252790133,14164800
2015-11-16,18.123817443847656,18.135907556917623,17.865884782355483,17.930367947728527,15463000
2015-11-17,18.103666305541992,18.285025699610873,18.05530431292363,18.15605936102856,25502200
2015-11-18,18.426084518432617,18.44220415843065,18.11978829746859,18.16815182966297,15760600
2015-11-19,18.405933380126953,18.510719502089245,18.373692560800226,18.381753149981954,10586200
2015-11-20,18.349515914916992,18.534906443042036,18.305183430743625,18.45027100171078,7459400
2015-11-23,18.373695373535156,18.514751862308565,18.345484075780476,18.377724900042786,7656200
2015-11-24,18.526845932006836,18.575207943405548,18.228610197346764,18.228610197346764,12506800
2015-11-25,18.409961700439453,18.55907873458339,18.385779936497208,18.52683792006036,8317200
2015-11-27,18.38578224182129,18.42205412358267,18.30114836351145,18.38578224182129,2541600
2015-11-30,18.430112838745117,18.514746708450048,18.36562967076993,18.434143901531062,13122600
2015-12-01,18.559078216552734,18.563109279130572,18.377718835548002,18.44220200019414,15433400
2015-12-02,18.3092041015625,18.546986032910056,18.24875046884373,18.502653573902926,16011800
2015-12-03,18.147998809814453,18.430113252565338,18.05530434985631,18.397872436553826,11657600
2015-12-04,18.46638298034668,18.51474496743039,18.13187705836791,18.188299632865544,11214400
2015-12-07,18.135910034179688,18.45429637931132,18.01903380053894,18.365631438287284,12326200
2015-12-08,17.793344497680664,18.099639208560184,17.769162729426927,17.94649108442031,14852400
2015-12-09,18.329360961914062,18.563113447115818,18.139940950623004,18.25278766714121,25922800
2015-12-10,18.192338943481445,18.365637822598227,18.071433142037353,18.216520718730536,10571600
2015-12-11,17.708707809448242,17.92230957022724,17.68452758032618,17.720799461409396,19088400
2015-12-14,17.474956512451172,17.676466616999917,17.317778876887164,17.616012970675257,17774400
2015-12-15,17.57168197631836,17.75707245648537,17.53541009295962,17.65228633238225,10093200
2015-12-16,17.753036499023438,17.769157673272037,17.422560113926142,17.664373115455735,16132800
2015-12-17,17.39838409423828,17.781253653295384,17.39838409423828,17.781253653295384,18393000
2015-12-18,17.163291931152344,17.480002283885636,17.163291931152344,17.362250442873222,28498400
2015-12-21,17.317583084106445,17.366307384190176,17.171408634937684,17.281039471814257,11774200
2015-12-22,17.536842346191406,17.61805054161418,17.35006458096127,17.406909853081963,10536200
2015-12-23,17.950998306274414,17.979420935300674,17.662710755341138,17.662710755341138,11639200
2015-12-24,17.910400390625,17.983487615551866,17.873856778161567,17.910400390625,7434000
2015-12-28,17.784530639648438,17.833254948278654,17.67896104613,17.833254948278654,8323200
2015-12-29,17.950998306274414,18.015964536751166,17.877911103373425,17.886032075797658,7770800
2015-12-30,17.784530639648438,17.951006780643027,17.760169259792253,17.894161495754805,6678200
2015-12-31,17.630231857299805,17.83731284045591,17.630231857299805,17.743923954511654,9359000
2016-01-04,17.354124069213867,17.402848361921386,17.159223800549125,17.346003095609724,28860400
2016-01-05,17.346006393432617,17.427213047078375,17.216073888898244,17.427213047078375,18998000
2016-01-06,16.8912410736084,17.126744706080252,16.797852182809518,17.11050275578889,18614800
2016-01-07,16.43241310119629,16.74912330068297,16.34308394793914,16.58264722801469,25159400
2016-01-08,16.26594352722168,16.60701678175137,16.221278932748366,16.59077482941238,17400400
2016-01-11,15.989836692810059,16.355271330579765,15.863963884302606,16.35121161691339,20131400
2016-01-12,16.01419448852539,16.225335177032168,15.815236036126935,16.225335177032168,14540600
2016-01-13,15.644702911376953,16.16443457354327,15.624401244250297,16.13195066700629,21619200
2016-01-14,15.855842590332031,15.973594420229375,15.514769339230707,15.705608405001035,20744400
2016-01-15,15.531003952026367,15.63657349344473,15.327984292522755,15.531003952026367,18717800
2016-01-19,15.340167999267578,15.725905738118685,15.141209561142219,15.673120182549404,19731200
2016-01-20,15.226475715637207,15.356408184497267,14.735168470952775,14.999093120673496,25650800
2016-01-21,15.360472679138184,15.47416322609584,15.092485163165083,15.299566143886564,23401400
2016-01-22,15.636584281921387,15.868028278444232,15.49041132731696,15.648766523160367,19075200
2016-01-25,15.137151718139648,15.518829830717538,15.112790340004198,15.486345927979958,22283400
2016-01-26,15.397011756896973,15.43761662216603,15.137146814843945,15.299563178085704,15175400
2016-01-27,15.2752046585083,15.632519831204204,15.234601330461857,15.368593552149271,15628600
2016-01-28,15.299564361572266,15.437617816331613,15.161510906812916,15.413254895285604,13311000
2016-01-29,15.74215030670166,15.754330995046594,15.307688201332384,15.425440018392225,16002000
2016-02-01,15.80711555480957,15.84771887932397,15.461982649684533,15.652820133603269,27190800
2016-02-02,15.701545715332031,15.782753919911597,15.5188291911751,15.746210305296676,23018800
2016-02-03,16.22939682006836,16.22939682006836,15.685303911608887,15.888323630453204,28828400
2016-02-04,16.680099487304688,16.789728763518145,16.282179507681228,16.29436174308515,29180400
2016-02-05,16.489259719848633,16.724761758385338,16.432414453612786,16.554225959677794,22863800
2016-02-08,16.0548038482666,16.371514195093656,15.823361433444072,16.241581665681636,23207400
2016-02-09,16.253759384155273,16.334967587417736,15.900505481218845,15.900505481218845,20513600
2016-02-10,16.099462509155273,16.48925995365735,16.05885764061296,16.322783864927253,22744400
2016-02-11,15.750275611877441,15.977656784387273,15.620343070752375,15.770577281006094,27070000
2016-02-12,16.21721076965332,16.21721076965332,15.794931030947694,15.97358778390326,17192000
2016-02-16,16.46490478515625,16.485206454527923,16.17255733858438,16.379636844444374,13573600
2016-02-17,16.789730072021484,16.883120505421154,16.594831328460817,16.598892590217773,14988400
2016-02-18,16.741008758544922,16.814095994027465,16.61919721571329,16.814095994027465,10820400
2016-02-19,16.546113967895508,16.663865825542366,16.477087978258634,16.651683584080782,11860800
2016-02-22,16.86281967163086,16.919664952901538,16.708525779301237,16.7328871576071,10721000
2016-02-23,16.448654174804688,16.736943304289714,16.420231542856726,16.72882233103069,13067400
2016-02-24,16.61919593811035,16.639497602201963,16.20503548518719,16.282182428302388,20284800
2016-02-25,16.83439064025879,16.8465728737048,16.513619190383622,16.65979360039849,10271400
2016-02-26,17.07802391052246,17.171412820495622,16.972452760870752,16.972452760870752,13506200
2016-02-29,16.972450256347656,17.281041134034876,16.96432928073297,17.110503743961893,13677600
2016-03-01,17.406904220581055,17.451568791056957,17.065831149303325,17.17546194531227,24185000
2016-03-02,17.3378849029541,17.374428515575566,17.159226552841343,17.212012115276256,19728600
2016-03-03,17.443456649780273,17.488121242867063,17.268859539850702,17.301343443520285,17211000
2016-03-04,17.646472930908203,17.760165022477228,17.406909609665664,17.46375488099144,19815600
2016-03-07,17.8494930267334,17.89009789921055,17.650534572806638,17.654594285595596,15768800
2016-03-08,17.500301361083984,17.707382367924133,17.398791488806427,17.7033211056391,12577800
2016-03-09,17.609933853149414,17.695203331001142,17.488122304827062,17.593693449246206,11225600
2016-03-10,17.70331573486328,17.808886837398045,17.500296051899632,17.65459144464884,15157800
2016-03-11,18.028146743774414,18.07687102933224,17.877911077519034,17.877911077519034,10040000
2016-03-14,17.906335830688477,18.0037859622815,17.837309880369606,17.914456804064336,10944000
2016-03-15,17.94694709777832,17.94694709777832,17.638356195115637,17.74392733773313,9968600
2016-03-16,18.09718132019043,18.09718132019043,17.662719156798694,17.662719156798694,14579400
2016-03-17,18.430130004882812,18.486975278875335,18.064695436823367,18.064695436823367,15561800
2016-03-18,18.50632095336914,18.636705979616416,18.404458768761973,18.542991401999465,15260400
2016-03-21,18.59188461303711,18.59188461303711,18.23740312500618,18.465574956512974,10149400
2016-03-22,18.380014419555664,18.44927996498321,18.204811322623527,18.233332612422366,8192200
2016-03-23,18.151840209960938,18.28222367633939,18.119245120513085,18.225181104085507,11327200
2016-03-24,18.151840209960938,18.15998937089628,17.9236699209454,18.001084618390884,7524200
2016-03-28,18.2292537689209,18.294445492480172,18.115167086972203,18.131465406435346,7898600
2016-03-29,18.331119537353516,18.335193340873417,18.04182975004549,18.102947682899174,8191200
2016-03-30,18.412609100341797,18.490025360311677,18.335194394665603,18.412609100341797,8072600
2016-03-31,18.257781982421875,18.457431031615812,18.19666403837825,18.432985097433466,11115600
2016-04-01,18.4329833984375,18.4329833984375,17.99293797218835,18.127396814973505,17181000
2016-04-04,18.192588806152344,18.420759130178883,18.15999215740926,18.314823130351385,11321200
2016-04-05,18.07850456237793,18.168143804387288,18.033684941373252,18.05813243127416,10966400
2016-04-06,18.286300659179688,18.286300659179688,17.915522352282373,18.03368131061263,11345400
2016-04-07,18.021461486816406,18.17629247675228,17.94404676899543,18.147771183118557,10134200
2016-04-08,18.139623641967773,18.34334807430664,18.1192515095927,18.1192515095927,8811400
2016-04-11,18.22110939025879,18.412609254172164,18.22110939025879,18.302597900369825,7691400
2016-04-12,18.473724365234375,18.506319453434173,18.22925576370876,18.33111794006001,9409800
2016-04-13,18.657081604003906,18.718197993651774,18.575591530179533,18.591889855803185,9651800
2016-04-14,18.669307708740234,18.77116992956675,18.628563442127284,18.738574827135217,7076600
2016-04-15,18.754867553710938,18.76709207449196,18.600038130560193,18.718197099955486,6874800
2016-04-18,18.840431213378906,18.844505017060953,18.59188722284528,18.661152765495682,8931400
2016-04-19,19.243803024291992,19.256025988622998,18.885247712411623,18.913768998712996,12652200
2016-04-20,19.186763763427734,19.28047679949241,19.137870343370903,19.26825383305165,13013400
2016-04-21,19.1012020111084,19.317149398444872,19.097126652313012,19.243808483067586,12141200
2016-04-22,19.23565673828125,19.29677467765808,19.129720738227675,19.162315832746557,10859600
2016-04-25,19.17046356201172,19.215283173632088,19.023781761906385,19.215283173632088,9203800
2016-04-26,19.32529640197754,19.34974388913575,19.17046542522982,19.18676375000196,10080000
2016-04-27,19.48828125,19.508653383740725,19.28863060903488,19.374194503322425,11411600
2016-04-28,19.3049259185791,19.520873300187517,19.22343584206655,19.34159637529505,11328200
2016-04-29,19.190832138061523,19.370110551371962,19.06044868526849,19.239727098578932,12743800
2016-05-02,19.260103225708008,19.272326191231762,19.072677167639938,19.268252387488403,12408000
2016-05-03,18.942291259765625,19.09304684764528,18.860801206700533,19.080823883688236,18644400
2016-05-04,18.750795364379883,18.893401833324035,18.62856102610005,18.775242853753426,16141200
2016-05-05,18.657081604003906,18.89747646692417,18.624484952756607,18.868955174229722,13942000
2016-05-06,18.807836532592773,18.82413485761182,18.555218711972817,18.616335099353513,13554600
2016-05-09,18.57966423034668,18.69375094863878,18.555218297657778,18.665229657639202,13138200
2016-05-10,18.889328002929688,18.905626329156302,18.636710163592937,18.67338062045585,13576400
2016-05-11,18.824140548706055,18.987119185288332,18.811916024099023,18.92192741979656,11365000
2016-05-12,18.905622482299805,19.22750581116295,18.8404307449523,19.166389431689826,19875200
2016-05-13,18.722270965576172,18.995260890650368,18.653003867652448,18.897474057961638,11247800
2016-05-16,19.044158935546875,19.064531066121184,18.75486908593353,18.763018249022043,11674200
2016-05-17,18.946367263793945,19.137868677597663,18.905623009675296,18.950441067488345,12844800
2016-05-18,18.657081604003906,18.978966540748544,18.57151772592056,18.840433881535276,19165600
2016-05-19,18.722270965576172,18.746716896601516,18.50632206432567,18.6204087748541,12529800
2016-05-20,18.856727600097656,18.934143857129925,18.78746205885155,18.79968502394354,9825200
2016-05-23,19.076751708984375,19.162315579546334,18.938219061948647,18.946368224044132,8569400
2016-05-24,19.203062057495117,19.24788167343127,19.105273663244077,19.137870312759024,9029400
2016-05-25,19.43937873840332,19.56568840556889,19.313070625531328,19.56568840556889,11174200
2016-05-26,19.231576919555664,19.630876416865114,19.219352402927317,19.50049297098012,6667200
2016-05-27,19.223440170288086,19.292705740628072,19.15009924034323,19.15009924034323,8625600
2016-05-31,19.12564468383789,19.31307229910103,19.097123394311833,19.31307229910103,8903800
2016-06-01,19.15009880065918,19.186769264789657,18.89340555174583,19.088980842343634,9823600
2016-06-02,19.256031036376953,19.268255558206015,19.04415901239645,19.129722893730182,6764000
2016-06-03,19.419010162353516,19.463829780001877,19.219359562181857,19.341595448238795,9948400
2016-06-06,19.61865997314453,19.639032101903037,19.47197815921321,19.50457325436806,13869400
2016-06-07,19.626800537109375,19.69199381260865,19.541236694456426,19.634949696546784,7281400
2016-06-08,19.74089813232422,19.802014530464373,19.671631015945795,19.75312110109343,7884400
2016-06-09,19.598291397094727,19.64718638400895,19.508653696340378,19.639037219523246,7931200
2016-06-10,19.45160675048828,19.56569191919401,19.402711774505384,19.47605268418588,9617800
2016-06-13,19.23565673828125,19.529020360420017,19.23158293432655,19.459753258840024,10488000
2016-06-14,19.093055725097656,19.239737577956898,18.966746006403486,19.178619621167478,15125000
2016-06-15,19.178611755371094,19.313070583444027,19.13379214601345,19.166388790743945,8335800
2016-06-16,19.243803024291992,19.251952185277172,18.93006732068336,19.09712123514577,11745400
2016-06-17,19.3277530670166,19.36870107090749,19.159863751757992,19.204907493277705,11854200
2016-06-20,19.438310623168945,19.679907546253048,19.42602497483185,19.512018264927885,11932000
2016-06-21,19.385074615478516,19.48335197986219,19.31546115694306,19.45468651194826,6126800
2016-06-22,19.405550003051758,19.475163466581673,19.372791920617427,19.401455828522153,6083400
2016-06-23,19.704477310180664,19.712667222378197,19.573441839152203,19.5980115757448,7116400
2016-06-24,18.844558715820312,19.27451899564504,18.795420799800223,19.032922028952488,24895000
2016-06-27,18.209856033325195,18.701238337532253,18.10748445960435,18.701238337532253,17979600
2016-06-28,18.365463256835938,18.476024765310655,18.173005723179845,18.357274903971042,20741200
2016-06-29,18.676668167114258,18.73809016755445,18.545632691695882,18.590676429258338,13311000
2016-06-30,18.97559356689453,18.983783479635697,18.627530866758747,18.72990243292411,11955600
2016-07-01,18.983779907226562,19.10662545109443,18.92235635425971,18.975589996026592,9928200
2016-07-05,18.639816284179688,18.959215093533135,18.574298539643948,18.88550743567215,11140200
2016-07-06,18.713525772094727,18.738093952406825,18.430979201974417,18.574300356082713,11675600
2016-07-07,18.76266860961914,18.914178155474747,18.64801290595185,18.64801290595185,8517200
2016-07-08,19.229473114013672,19.26632693744184,18.893694528141946,18.893694528141946,10483000
2016-07-11,19.323652267456055,19.37688590822236,19.24585045561746,19.294988359827844,9244600
2016-07-12,19.675809860229492,19.782277137585417,19.45878269325389,19.47106677830813,13508400
2016-07-13,19.729045867919922,19.75770977786554,19.610294491250396,19.70857186968247,7860800
2016-07-14,19.905132293701172,19.94198612873967,19.78638087390306,19.80685487957634,9951000
2016-07-15,19.974742889404297,20.032070726281734,19.92151079062748,19.974742889404297,7262200
2016-07-18,20.105775833129883,20.126251396894816,19.8478006000067,19.974740347778557,5911000
2016-07-19,19.987024307250977,20.07301604434919,19.905126745319603,19.999308394817557,7029600
2016-07-20,19.995210647583008,20.048442725572535,19.84779537485492,19.93788127102647,8024400
2016-07-21,19.87236785888672,20.01159325089696,19.798660206524467,20.007499075572895,7250600
2016-07-22,19.925596237182617,19.970639964157176,19.83960451953976,19.89283815706112,7778800
2016-07-25,19.892847061157227,19.90513115144297,19.757715819748416,19.90513115144297,9678400
2016-07-26,20.044349670410156,20.056633756468173,19.87236465526851,19.888744478056452,8344000
2016-07-27,20.068918228149414,20.138531695302852,19.921504506423013,20.06072987866398,8514200
2016-07-28,20.040258407592773,20.105776151305257,19.92560274661248,20.02388014321432,7331000
2016-07-29,19.937889099121094,19.999312674229433,19.798663682666408,19.98293284592502,8545600
2016-08-01,19.827327728271484,19.941984965070983,19.745431710357234,19.93788922693542,7131600
2016-08-02,19.774089813232422,19.86827145578694,19.643054348629096,19.81094363528123,12103200
2016-08-03,19.82322883605957,19.901030659394852,19.67990927674036,19.80684901154708,6950800
2016-08-04,19.905132293701172,19.958365958104892,19.78228669759501,19.82323470894156,7105000
2016-08-05,19.97064781188965,20.011595818649013,19.90103432591913,19.933793980979686,6312000
2016-08-08,20.0115909576416,20.068918778005767,19.962453049053167,19.99111695923525,9463600
2016-08-09,19.95016860961914,20.089393983212567,19.90921905146465,20.019780515382894,7983000
2016-08-10,19.954265594482422,20.044353073043048,19.925601680770612,19.987025245619428,4510600
2016-08-11,20.040258407592773,20.077112236060184,19.93379265983482,20.052544058459393,5391400
2016-08-12,19.827327728271484,20.060736377939627,19.786379719314358,20.04026081139465,6764400
2016-08-15,20.02796745300293,20.077105353425768,19.884647925908943,19.896932010498233,4634000
2016-08-16,19.921510696411133,20.13853795272542,19.913320782315033,20.060736111912057,6769200
2016-08-17,19.905132293701172,19.95017604342228,19.74133712418195,19.905132293701172,6152800
2016-08-18,20.03206443786621,20.03206443786621,19.90512471379089,19.913314625354765,6755800
2016-08-19,20.060728073120117,20.08939197993699,19.86417333771046,19.982924701417947,9812200
2016-08-22,20.03206443786621,20.060729909372736,19.88055497909926,19.987022267363752,6100000
2016-08-23,20.204050064086914,20.298231706804565,20.159006330164132,20.208144238959004,8259400
2016-08-24,19.97064781188965,20.17539096981913,19.946078070594233,20.17539096981913,7807800
2016-08-25,20.068918228149414,20.093487962803433,19.946072679011127,19.95016841581975,6776400
2016-08-26,19.954265594482422,20.27776012016272,19.87236802870605,20.146724639746978,11969600
2016-08-29,20.134435653686523,20.179479385504038,19.921504204838797,19.92559837951953,5967600
2016-08-30,20.085302352905273,20.2327176682694,20.04844852406424,20.12625191943211,7531600
2016-08-31,19.884653091430664,20.015688567975012,19.839609353481155,19.982928917805875,8380400
2016-09-01,19.966548919677734,19.991118657091647,19.819135181392504,19.946074919532517,9463600
2016-09-02,20.167200088500977,20.167200088500977,20.05663860107546,20.118062170333943,6608600
2016-09-06,20.12215805053711,20.24090946139429,20.036166295943865,20.18767580099859,6408600
2016-09-07,20.09348487854004,20.15081268853394,19.966543612078066,20.07710505795159,11484200
2016-09-08,20.007497787475586,20.101679434526954,19.94607422710616,20.05663569853151,5730200
2016-09-09,19.426029205322266,19.87236932781242,19.40555520305627,19.860085238866073,17347400
2016-09-12,19.610294342041016,19.663527986706097,19.274515774890677,19.31136959626405,13025600
2016-09-13,19.245861053466797,19.48745809513128,19.118919705450995,19.40965624045063,20948000
2016-09-14,19.2008113861084,19.319562781999196,19.143483556937998,19.245855126761196,15579600
2016-09-15,19.323652267456055,19.364601822686215,19.127099088548707,19.17214281826898,11751200
2016-09-16,19.24627685546875,19.279205372250022,19.159841854095053,19.192770370876328,17158000
2016-09-19,19.275087356567383,19.402681415687294,19.242158844460388,19.332710682636748,7353000
2016-09-20,19.21746253967285,19.443842136047802,19.213347260701436,19.41914575186566,7998800
2016-09-21,19.50969696044922,19.534391773716088,19.28743422034041,19.324478010358543,11192400
2016-09-22,19.57143783569336,19.7401925497842,19.52204663330819,19.649642273764393,5991400
2016-09-23,19.472654342651367,19.600248405858682,19.468537493447172,19.505581285695282,8620400
2016-09-26,19.382104873657227,19.51381580218821,19.357408485763376,19.485004134704436,7515600
2016-09-27,19.439725875854492,19.45619013247468,19.28331857819856,19.31624709143894,6643200
2016-09-28,19.661989212036133,19.68256874836173,19.39445052944939,19.485002373423608,9133200
2016-09-29,19.50969696044922,19.715495444968226,19.447956787046383,19.58378454048549,9322800
2016-09-30,19.653757095336914,19.723727832909756,19.567322100646468,19.62906070966051,9390600
2016-10-03,19.629060745239258,19.719612589432224,19.60436592963607,19.666104538762017,16199400
2016-10-04,19.361520767211914,19.694913289466886,19.32859225778944,19.657869501425473,11833600
2016-10-05,19.493234634399414,19.579669629624895,19.398567510564174,19.398567510564174,13485600
2016-10-06,19.653757095336914,19.666104503116127,19.419146926824006,19.44795859172082,10459600
2016-10-07,19.287437438964844,19.67845493882625,19.22158197573373,19.67845493882625,11781800
2016-10-10,19.40268325805664,19.542626307563815,19.36152418413254,19.40268325805664,6183800
2016-10-11,19.13926124572754,19.287436422719797,19.015782454939995,19.26685688594154,22701000
2016-10-12,19.102216720581055,19.172189027091424,19.007549598928872,19.155724770251577,8116400
2016-10-13,19.00343132019043,19.0487072380353,18.752358487799683,18.896416799017146,9894200
2016-10-14,19.065170288085938,19.20099803303173,19.04459075494444,19.085749821227434,9537400
2016-10-17,19.081636428833008,19.151607162454127,19.044592637469506,19.07340430073913,6538200
2016-10-18,19.254507064819336,19.31213039332291,19.18865160794126,19.270971321568343,5839600
2016-10-19,19.394447326660156,19.4273758354377,19.22569264446953,19.29978021910129,5369600
2016-10-20,19.377988815307617,19.44384427692652,19.24627632195176,19.369756686340498,5456400
2016-10-21,19.3697566986084,19.38210410700787,19.180420872480845,19.377988827580733,7725800
2016-10-24,19.415029525756836,19.476769703134348,19.365638325925588,19.443842759952826,6041400
2016-10-25,19.238046646118164,19.40680137239472,19.196885999393313,19.32859692867657,6744000
2016-10-26,19.209230422973633,19.242158935235967,19.122795433461828,19.213347272065366,6690200
2016-10-27,19.184537887573242,19.291552424900914,19.098102887794962,19.258625478845502,9517200
2016-10-28,19.23392677307129,19.394449344770884,19.131027527610744,19.24215890112228,10611400
2016-10-31,19.242164611816406,19.29978795515692,19.205120809652026,19.238049331628517,14324200
2016-11-01,19.131027221679688,19.361522093067826,19.024012698963894,19.28331766289296,28453800
2016-11-02,19.02812957763672,19.19688428887658,19.02812957763672,19.159840495184024,11679600
2016-11-03,19.032249450683594,19.13103186947879,18.982856671167756,19.01578519084498,8482800
2016-11-04,19.098098754882812,19.200997990479987,19.003430076429808,19.03224330690533,8831400
2016-11-07,19.390335083007812,19.390335083007812,19.25862416751828,19.320362775962646,14197000
2016-11-08,19.452075958251953,19.51381614400902,19.299785488867503,19.340946136078266,10583600
2016-11-09,19.863670349121094,19.908946269929626,19.283318647185613,19.4397259454011,29530200
2016-11-10,20.094165802001953,20.19294977475937,19.94599062792482,19.95422275649777,40670600
2016-11-11,19.818401336669922,20.085938514237633,19.694920948434284,20.06535897290448,13428000
2016-11-14,19.863670349121094,19.929525805719518,19.74019156426379,19.908946269929626,16677400
2016-11-15,19.945987701416016,19.950104550157448,19.711377566922273,19.85132059189378,13921400
2016-11-16,19.90894317626953,19.97891547122367,19.843087729904415,19.90071104920918,7433000
2016-11-17,19.91717529296875,19.987147587886486,19.81427605994443,19.97068333377435,8271800
2016-11-18,19.888368606567383,19.913064993911107,19.830745272883444,19.913064993911107,7788400
2016-11-21,20.122974395751953,20.131206523068503,19.9171759231914,19.9171759231914,7598200
2016-11-22,20.246456146240234,20.287616788883252,20.118862079341806,20.17648540892406,10270200
2016-11-23,20.337005615234375,20.349353021526518,20.151786670263284,20.209409993117003,6997600
2016-11-25,20.39875030517578,20.41109771420283,20.324662710777226,20.357589658222064,3205200
2016-11-28,20.316429138183594,20.41109626427514,20.271153214809804,20.41109626427514,9059400
2016-11-29,20.337005615234375,20.41932532079017,20.168250925398002,20.24645378211122,6861400
2016-11-30,20.55515480041504,20.604547573749027,20.37816795459669,20.44402341559063,14855000
2016-12-01,20.563390731811523,20.715682789242216,20.501652108904622,20.625130924836757,16413400
2016-12-02,20.571617126464844,20.637472581274785,20.45225362395998,20.546920742116907,12528200
2016-12-05,20.73213768005371,20.80210997716506,20.60454363197884,20.65393482574596,10625800
2016-12-06,20.756837844848633,20.760953124196828,20.600430537610766,20.73214145840538,13429600
2016-12-07,21.05318832397461,21.065535732208936,20.75683796540648,20.797997039599593,14901400
2016-12-08,21.193130493164062,21.275448638127415,21.069650135483094,21.077882264003023,14014200
2016-12-09,21.197246551513672,21.246637754330752,21.09023201705699,21.246637754330752,8984800
2016-12-12,21.102581024169922,21.275451032187046,21.0902336150596,21.2260598256276,9475000
2016-12-13,21.06964683532715,21.193127173667293,20.94205278854833,21.180778197762642,9274600
2016-12-14,20.818574905395508,21.098459392543575,20.78153111634215,21.065532452339365,18738400
2016-12-15,20.954404830932617,21.00791288471193,20.707447239843283,20.74449103551849,12862000
2016-12-16,20.8897705078125,21.043068261562116,20.83591067264456,21.043068261562116,10354600
2016-12-19,20.848339080810547,20.906342951323236,20.769619768041462,20.82762363855415,6404600
2016-12-20,20.86491584777832,20.881488836781433,20.75305054273814,20.823483375270538,8852800
2016-12-21,20.873199462890625,20.96020527242397,20.84005348945678,20.943632285707046,6560200
2016-12-22,20.786190032958984,20.877339870469818,20.72404370959993,20.852481973320934,6630800
2016-12-23,20.827621459960938,20.844194444227277,20.703327238936932,20.844194444227277,4314800
2016-12-27,20.93948745727539,20.964345354047907,20.802762703079264,20.885626046790236,7773000
2016-12-28,20.728187561035156,21.11764483444534,20.711616155315944,21.018208497695284,6155600
2016-12-29,20.728187561035156,20.815194948374064,20.695043169109773,20.719901067932074,5727000
2016-12-30,20.591468811035156,20.79033994688111,20.508605442644186,20.757193967329805,9859800
2017-01-03,20.711618423461914,20.827626178635285,20.562464692246362,20.645328051864684,15475000
2017-01-04,21.01406478881836,21.05135321531614,20.794476685892832,20.794476685892832,9084600
2017-01-05,20.95192527770996,21.067933059736475,20.88149243304743,20.98921371914527,7806000
2017-01-06,20.972631454467773,20.989204438997568,20.85248126784376,20.95191601404893,5894200
2017-01-09,20.96849822998047,21.167369390430828,20.935352246328332,20.956069276354665,14201200
2017-01-10,20.98092269897461,21.05964360307825,20.889772843901824,20.98092269897461,5688400
2017-01-11,21.150787353515625,21.163217882313035,20.943629785742726,20.943629785742726,13199800
2017-01-12,21.109359741210938,21.150790628986893,20.9767790037434,21.150790628986893,6312000
2017-01-13,21.076215744018555,21.134219624541775,21.02235590095397,21.113504178710226,4896800
2017-01-17,20.98092269897461,21.07207255404739,20.91463232632726,21.02235516968367,7363400
2017-01-18,21.113500595092773,21.13421603740827,20.96849091839737,21.03892373836744,6073400
2017-01-19,20.98092269897461,21.183937854231132,20.90220337535812,21.13836292669474,6606400
2017-01-20,21.1673641204834,21.204652552564767,21.038925836539324,21.05549882423929,10013800
2017-01-23,21.208789825439453,21.241935792737912,21.088639645199308,21.167358946803088,8322200
2017-01-24,21.755691528320312,21.805410492720267,21.287516467207634,21.287516467207634,15962000
2017-01-25,21.90069580078125,21.921411239080353,21.710111239650907,21.84683439681428,16441800
2017-01-26,21.958703994750977,22.066425243461914,21.85098274604004,21.904842580152035,10641200
2017-01-27,21.879981994628906,21.94627235042297,21.834407078679224,21.904839890247462,9305200
2017-01-30,21.656253814697266,21.80126348992097,21.565103972849837,21.80126348992097,12086200
2017-01-31,21.527816772460938,21.664541543028626,21.440810962365322,21.647968556204603,11053400
2017-02-01,21.635536193847656,21.676967073885987,21.457380564806655,21.519526884864153,20149800
2017-02-02,21.54024314880371,21.627248942120328,21.465666302964696,21.627248942120328,10131400
2017-02-03,21.577533721923828,21.610678111995835,21.507099324729655,21.573389685360535,11083600
2017-02-06,21.519527435302734,21.548529368168747,21.428379180789612,21.52781392761971,5445200
2017-02-07,21.34965705871582,21.494668295142237,21.31651267185248,21.46152232779218,8401600
2017-02-08,21.399383544921875,21.40766845918997,21.266802789810562,21.337235624500266,9378400
2017-02-09,21.39109230041504,21.457382663251355,21.345517379623775,21.399378793330445,16234800
2017-02-10,21.585819244384766,21.618965215880795,21.47395554180295,21.486384490870506,6955000
2017-02-13,21.76397705078125,21.821980926171264,21.6686847439995,21.6686847439995,7428200
2017-02-14,21.759838104248047,21.77226705655451,21.61897084965459,21.726692124114376,7324600
2017-02-15,21.730833053588867,21.80126588056752,21.689400584348103,21.70183111536388,6209800
2017-02-16,21.730833053588867,21.855127300336964,21.660398646123117,21.7515484979657,6408800
2017-02-17,21.66868019104004,21.71839756228686,21.58996088819201,21.689395630685652,7928200
2017-02-21,21.739120483398438,21.801266819204603,21.61896868815782,21.656257121836386,14751800
2017-02-22,21.797119140625,21.917270907082045,21.639678949422215,21.652107897508532,10228800
2017-02-23,21.676973342895508,21.92141939898402,21.656257896885407,21.842700071950752,7070200
2017-02-24,21.72254753112793,21.739120519565343,21.55267835086234,21.585822747250006,9624600
2017-02-27,21.66868019104004,21.846835816868445,21.635535803704403,21.722541598508023,12595600
2017-02-28,21.647966384887695,21.75154517141826,21.614820414564225,21.6521088409347,7724400
2017-03-01,22.07056999206543,22.14100281455443,21.846839413888034,21.846839413888034,11802200
2017-03-02,21.834407806396484,22.06228081325291,21.834407806396484,22.05399432094163,9149400
2017-03-03,21.81783676147461,21.904842567748055,21.759832890625646,21.834409747570582,5924200
2017-03-06,21.676973342895508,21.7971251424362,21.643828945376793,21.73912126141303,7113400
2017-03-07,21.556814193725586,21.71011191900654,21.548527702049316,21.689394899572523,7676200
2017-03-08,21.556814193725586,21.780544727524802,21.523669807507193,21.573387177078125,10178200
2017-03-09,21.490528106689453,21.61482234553263,21.38694931090564,21.585820409152124,9039600
2017-03-10,21.589956283569336,21.660389079440137,21.49051998179635,21.606529263945898,9538200
2017-03-13,21.65211296081543,21.656256998137803,21.55682064873388,21.614824527349853,7070400
2017-03-14,21.465667724609375,21.581675456714578,21.440808247521055,21.565102471989032,11313000
2017-03-15,21.80954933166504,21.8468377585359,21.540245431363836,21.556816836261092,11398000
2017-03-16,21.6603946685791,21.88826925634047,21.62725027975996,21.859265742954364,13080200
2017-03-17,21.753498077392578,21.83246511500763,21.73271744491079,21.761810647477418,10261200
2017-03-20,21.874021530151367,21.88648958888024,21.686992721917395,21.77011681285029,5510400
2017-03-21,21.508277893066406,21.936364849098027,21.475027620326728,21.890646516811103,14679400
2017-03-22,21.57062339782715,21.587246950305857,21.35034428378476,21.491654785346505,11302800
2017-03-23,21.662059783935547,21.7285587542174,21.48750058149337,21.537374412839632,9532800
2017-03-24,21.470867156982422,21.70776974628246,21.379430513582445,21.649583367922435,12040600
2017-03-27,21.51659393310547,21.558155195276,21.21319227997111,21.2672216037007,8577800
2017-03-28,21.76596450805664,21.840776047751177,21.49165605766352,21.54568696643413,7867200
2017-03-29,21.782590866088867,21.840777270116583,21.707779322207347,21.732717031988052,6022800
2017-03-30,21.786745071411133,21.9031194580531,21.761808948563964,21.770121517999854,5983200
2017-03-31,21.782590866088867,21.903120751838053,21.76181023400191,21.803371498175824,7425400
2017-04-03,21.699464797973633,21.878181071654907,21.52490560161171,21.790901473473948,9031000
2017-04-04,21.778432846069336,21.786743829570998,21.62465269846155,21.682839095735666,6526600
2017-04-05,21.76180648803711,22.023646846550587,21.741025859527223,21.84493058753698,10009800
2017-04-06,21.878183364868164,21.961307479903077,21.71193672025896,21.78259118748923,6164000
2017-04-07,21.857398986816406,21.932210518981464,21.790900023276393,21.81583772915153,5061800
2017-04-10,21.86155891418457,21.923902398791945,21.778436381988968,21.85740342175906,6923000
2017-04-11,21.803369522094727,21.84493236796232,21.678684155412864,21.795056952921207,7831400
2017-04-12,21.53321647644043,21.811680387428776,21.520746830924004,21.774274621800156,7779600
2017-04-13,21.325408935546875,21.5332184109394,21.30878379700496,21.49165556458461,8387000
2017-04-17,21.47918701171875,21.487499580799422,21.342032000078333,21.38359484548169,7702000
2017-04-18,21.45424461364746,21.520743566292836,21.358652468310993,21.38359017010054,5073800
2017-04-19,21.48334503173828,21.591406857043534,21.445939259203485,21.529063374331994,6260400
2017-04-20,21.720245361328125,21.80752654470087,21.562311303808873,21.57893485665375,8138800
2017-04-21,21.6953125,21.753498907353244,21.637126092646753,21.70362507040199,7183200
2017-04-24,21.94467544555664,22.002861832162772,21.894801626388546,21.932207387129647,11133600
2017-04-25,22.297956466674805,22.32704966524849,22.123395689772277,22.135863750458025,15884600
2017-04-26,22.293800354003906,22.368611892275904,22.2106762464283,22.264707154171518,6333800
2017-04-27,22.24392318725586,22.31042214625001,22.098455624452242,22.264703814667737,9210000
2017-04-28,22.05689239501953,22.26470182145496,22.05689239501953,22.198202868414025,8080000
2017-05-01,22.069368362426758,22.160805050174446,22.007026463430247,22.160805050174446,7949600
2017-05-02,22.106773376464844,22.140023656489106,22.007025707313286,22.07768017417392,6931600
2017-05-03,21.890649795532227,22.065210582640237,21.828307902998336,22.015336751521023,13197800
2017-05-04,21.915590286254883,21.969621201679164,21.84493581532065,21.952996060708507,7487000
2017-05-05,22.22730255126953,22.243927690749047,21.957151169299962,21.957151169299962,11447400
2017-05-08,22.048583984375,22.206519622169274,22.002865648266628,22.177426423820382,10216200
2017-05-09,21.882333755493164,22.069360975341368,21.85324056194077,22.027799723255132,9386400
2017-05-10,21.95299530029297,21.982088503253525,21.86155861358228,21.91558952713502,6388000
2017-05-11,21.91974449157715,21.96961832249229,21.720245996995576,21.894806783389328,6680600
2017-05-12,21.865711212158203,21.932210174654205,21.84908607516912,21.903116977653475,4718400
2017-05-15,22.05689239501953,22.123391348060462,21.932207056250295,21.932207056250295,6526200
2017-05-16,22.06105613708496,22.11508546275169,22.03196134996981,22.065211629266795,6068800
2017-05-17,21.59556007385254,21.923899422010216,21.591404581991252,21.907274283644153,16264800
2017-05-18,21.608030319213867,21.66205964221028,21.34203285436624,21.5124365636899,13926600
2017-05-19,21.795053482055664,21.886490142942606,21.645432017140944,21.649587508335713,9978600
2017-05-22,21.819995880126953,21.92390062241327,21.757652400570944,21.869869712495433,5743200
2017-05-23,21.83662223815918,21.919746353719706,21.80752903553209,21.865715440786268,7096000
2017-05-24,21.982091903686523,22.031965747125277,21.878187138336926,21.882344216809013,6011400
2017-05-25,21.9571475982666,22.115081641254456,21.90727218793962,22.06105232492402,9707600
2017-05-26,21.99871063232422,22.019491262242795,21.898961389070447,21.923899096249,4240200
2017-05-30,21.99455451965332,22.03611736677368,21.919744565757686,21.96546131939932,5597600
2017-05-31,22.06105613708496,22.065211629266795,21.849089570218133,22.02365036560614,12339000
2017-06-01,22.32705307006836,22.351989195242552,22.044432024716052,22.048587517091534,15808200
2017-06-02,22.38108253479004,22.430957956364,22.273022292301118,22.318740636013583,9810800
2017-06-05,22.3104248046875,22.406016970540776,22.281331605752175,22.360298633510855,5658600
2017-06-06,22.322891235351562,22.385234705923313,22.198205879668375,22.248079704849587,8257200
2017-06-07,22.351985931396484,22.430954544145475,22.281331473105727,22.39354877638554,8331200
2017-06-08,22.418481826782227,22.489137860854147,22.31042161553484,22.314577106734266,7152400
2017-06-09,22.705259323120117,22.730195440637793,22.468356693941207,22.468356693941207,14996600
2017-06-12,22.617977142333984,22.80085045172665,22.568103324072393,22.67616511334262,11520800
2017-06-13,22.900604248046875,22.908916817569736,22.60551516455769,22.60551516455769,6725000
2017-06-14,22.6595458984375,22.950479487644927,22.597202420228584,22.933854348727817,11182400
2017-06-15,22.460046768188477,22.58473212682371,22.36445460705279,22.501608025913434,9720200
2017-06-16,22.55692481994629,22.569451295391598,22.43165528682759,22.56527633453934,9150200
2017-06-19,22.73647689819336,22.765706400892185,22.64043687605601,22.669666378754837,5012800
2017-06-20,22.61121368408203,22.690550700280376,22.60703712945172,22.690550700280376,6916800
2017-06-21,22.37318992614746,22.661309929816323,22.343958836925786,22.64043194570491,9522600
2017-06-22,22.398250579833984,22.48176413791468,22.35649459723795,22.373197627431818,6704200
2017-06-23,22.485939025878906,22.552749553548423,22.36484603958884,22.452534558488463,6690800
2017-06-26,22.552743911743164,22.59032492371152,22.46088045473358,22.561095424723714,8108200
2017-06-27,22.41495132446289,22.627909362609966,22.40659981021753,22.598679859195435,7226400
2017-06-28,22.619556427001953,22.673840469741478,22.536044475572982,22.577800451287466,6592000
2017-06-29,22.3481388092041,22.6487869236556,22.289679807591497,22.611205909349163,8811600
2017-06-30,22.469236373901367,22.569451363543525,22.3815462668538,22.385722820607207,6258400
2017-07-03,22.66548728942871,22.723946288285852,22.502636766072893,22.52351475239498,6217000
2017-07-05,22.5903263092041,22.698894391721627,22.515164280657608,22.69054287822887,11411400
2017-07-06,22.4901180267334,22.611212619086913,22.423307491795043,22.465063478798214,9858800
2017-07-07,22.607030868530273,22.632085410706782,22.440005366018838,22.527693874303974,5246800
2017-07-10,22.749004364013672,22.84086942957748,22.510991778587897,22.602856844151706,7711800
2017-07-11,22.71559715270996,22.77405615358639,22.57779957102554,22.749001613401504,4017200
2017-07-12,22.978670120239258,22.99954970695261,22.799116506148433,22.836697532188115,5802400
2017-07-13,22.953611373901367,23.041299881574986,22.920205317898986,22.99954390446043,4266000
2017-07-14,23.070533752441406,23.116466291697606,22.974493712582415,23.037127690113728,6508800
2017-07-17,23.11646270751953,23.174921714640252,23.032949157537725,23.083056650371418,5979600
2017-07-18,23.020423889160156,23.058004908977342,22.932733780994347,23.053828355170676,4634600
2017-07-19,23.241729736328125,23.25843276310572,23.02877172002287,23.02877172002287,6846200
2017-07-20,23.070533752441406,23.195803300392758,22.999548259328176,23.187451784810836,9041000
2017-07-21,23.0747013092041,23.078877862099183,22.970309787262032,23.003715838869837,5447000
2017-07-24,23.053831100463867,23.087237163341005,22.957791059025222,23.049656139048597,5522200
2017-07-25,23.300193786621094,23.350301284924527,23.22503174272162,23.254261249472673,9110400
2017-07-26,23.15821647644043,23.28348599301639,23.124812015368057,23.28348599301639,7624000
2017-07-27,23.0747013092041,23.225025355662794,22.966134827255164,23.183269384041253,7578600
2017-07-28,22.99119758605957,23.16657464103889,22.90350746568113,23.095589145325008,9382400
2017-07-31,22.815807342529297,23.070522872545265,22.803280871508175,23.041293378237334,9019600
2017-08-01,22.832515716552734,22.91185270642553,22.7197726722777,22.91185270642553,21064400
2017-08-02,22.853395462036133,22.886801519008028,22.66549037379039,22.76570695181761,6439000
2017-08-03,22.682193756103516,22.928557855004723,22.65713921298376,22.928557855004723,7983600
2017-08-04,22.79075813293457,22.81581107907974,22.73647409480631,22.749000567878895,5272600
2017-08-07,22.803287506103516,22.88680105394779,22.78658447795697,22.82416549484247,5056200
2017-08-08,22.62373161315918,22.778230625432474,22.577799086915917,22.757352638836885,8324000
2017-08-09,22.644617080688477,22.67384659015629,22.569455029803006,22.60703605524574,6909800
2017-08-10,22.385723114013672,22.598681164460878,22.36484512363862,22.561100144630363,12957600
2017-08-11,22.331439971923828,22.414953529705258,22.30221046563362,22.31891349576763,7830000
2017-08-14,22.540218353271484,22.577799366764665,22.448353299646303,22.448353299646303,7159600
2017-08-15,22.544395446777344,22.586151421486996,22.477584931508897,22.556921920612574,3973000
2017-08-16,22.76570701599121,22.76570701599121,22.615382944970875,22.619557905659896,10653400
2017-08-17,22.419130325317383,22.728130036527055,22.414955363886563,22.690549012094646,8904000
2017-08-18,22.42747688293457,22.527693456895296,22.327261901862247,22.339788376274186,7537400
2017-08-21,22.448352813720703,22.510988365816274,22.394070367652017,22.465055839997955,5403200
2017-08-22,22.740652084350586,22.740652084350586,22.51099102105802,22.51099102105802,6240800
2017-08-23,22.698894500732422,22.77405652963988,22.615380958292096,22.640435498890696,8219200
2017-08-24,22.657133102416992,22.736471671121247,22.62790360643797,22.694714110516884,5330400
2017-08-25,22.728126525878906,22.778234019752794,22.682193992790964,22.740653001125253,5828800
2017-08-28,22.761533737182617,22.811642829991055,22.665493698632833,22.811642829991055,4621600
2017-08-29,22.652965545654297,22.682195051185346,22.565277029061154,22.623736040123248,6019600
2017-08-30,22.819988250732422,22.845041197556835,22.57362418533326,22.63625814528257,10283800
2017-08-31,22.99536895751953,23.045476452135293,22.903503889983522,22.924383472887914,9280600
2017-09-01,23.145692825317383,23.17074736884336,23.02042329346453,23.074705748438035,10567400
2017-09-05,22.88262176513672,23.225025836768538,22.857568818800107,23.166566838132116,13656000
2017-09-06,22.941082000732422,22.97448805483345,22.774056508892272,22.90350098631293,12517000
2017-09-07,22.978670120239258,22.991198190845036,22.83252257057874,22.970318604131684,8885200
2017-09-08,22.970314025878906,22.995368569207972,22.870099038339664,22.961964104324394,5438400
2017-09-11,23.270963668823242,23.333599234724346,23.053829058025,23.095586632921936,10144600
2017-09-12,23.46721649169922,23.54655348183402,23.371176474308132,23.375351434678027,13287400
2017-09-13,23.458864212036133,23.47974219898055,23.34194621083676,23.471390685625124,8780600
2017-09-14,23.538198471069336,23.575779480368276,23.404577458648248,23.45886149272185,8557600
2017-09-15,23.539045333862305,23.581026226112442,23.4592809979997,23.522252336374898,9401800
2017-09-18,23.669187545776367,23.69437543935105,23.543243273498025,23.585224163768036,8851400
2017-09-19,23.790935516357422,23.803531066068047,23.644000781970902,23.74475717231344,6064000
2017-09-20,23.874895095825195,23.925274083686414,23.744753380854313,23.866498597848327,8864800
2017-09-21,23.82451629638672,23.912677117712622,23.82031884838136,23.828713744392083,6344800
2017-09-22,23.740550994873047,23.816117864577222,23.702767560020956,23.782533478857598,5887200
2017-09-25,23.782541275024414,23.782541275024414,23.614614486974073,23.723765778178816,10978000
2017-09-26,23.677583694458008,23.83291490792512,23.669187196234343,23.80352796487643,5490600
2017-09-27,23.677583694458008,23.740555028933077,23.505459484543568,23.706970637506696,7937200
2017-09-28,23.845508575439453,23.84970762523628,23.593620037550703,23.65659137128876,8713400
2017-09-29,23.845508575439453,23.879094567941028,23.732158252949034,23.828715579188664,8288800
2017-10-02,24.105792999267578,24.105792999267578,23.80772452999299,23.816121027905147,15031800
2017-10-03,24.20655059814453,24.219144544916194,24.07220982768577,24.13938021291515,7337600
2017-10-04,24.214948654174805,24.286316492429567,24.198155656420127,24.231741651929482,7681000
2017-10-05,24.36188507080078,24.36188507080078,24.23174333284534,24.26532772921598,7340000
2017-10-06,24.307302474975586,24.31989641941483,24.210743562714665,24.25692349428258,5262400
2017-10-09,24.3031063079834,24.34508879687299,24.22334198129548,24.33249324947201,3339000
2017-10-10,24.319904327392578,24.395471221535775,24.23594093373697,24.395471221535775,5144000
2017-10-11,24.332490921020508,24.332490921020508,24.206546669340135,24.30730303156526,4033600
2017-10-12,24.37867546081543,24.412261455060356,24.273721631002562,24.28211812956379,6376200
2017-10-13,24.496219635009766,24.559192564223224,24.48362568975432,24.534003072244218,6715800
2017-10-16,24.479429244995117,24.617967452886678,24.408059815530596,24.605373507115132,6626200
2017-10-17,24.416458129882812,24.466835518185462,24.353485193403277,24.450044123063446,5482200
2017-10-18,24.357675552368164,24.441638903892983,24.336685114853893,24.424845913294472,8878600
2017-10-19,24.450048446655273,24.450048446655273,24.223347757002593,24.30731115333343,5450800
2017-10-20,24.65994644165039,24.65994644165039,24.53400059593566,24.542397092414504,9474800
2017-10-23,24.613771438598633,24.84047048303317,24.601175890625186,24.735516658241306,6293000
2017-10-24,24.75231170654297,24.79009515065904,24.659953422067996,24.676744818310823,8450400
2017-10-25,24.622167587280273,24.781696245642454,24.51301471422378,24.752309303235304,11317800
2017-10-26,24.949615478515625,25.029379783639182,24.73970789522101,24.832067744340325,13985800
2017-10-27,24.819475173950195,24.92862802716288,24.676737936149888,24.92862802716288,10382200
2017-10-30,24.701932907104492,24.928633558881167,24.651555518310225,24.928633558881167,10491400
2017-10-31,24.76909828186035,24.83207120621499,24.722918350862685,24.731314847541167,8011800
2017-11-01,24.890844345092773,24.970608658976538,24.79848448582993,24.89504179257384,11202000
2017-11-02,24.710330963134766,24.92443608010808,24.65575452097748,24.92443608010808,25637600
2017-11-03,24.697736740112305,24.727123685222754,24.580187358202114,24.727123685222754,7582000
2017-11-06,24.59278106689453,24.76910272436319,24.567591572341172,24.664148899259956,7396600
2017-11-07,24.617965698242188,24.66834307920591,24.542398826062566,24.6305596431161,7251600
2017-11-08,24.643152236938477,24.68933216456739,24.575981869878568,24.6557461803035,5133400
2017-11-09,24.43324851989746,24.55919277795231,24.357681644770928,24.5172118924234,9454200
2017-11-10,24.395471572875977,24.462641968474134,24.345094176544492,24.35348907470928,5700000
2017-11-13,24.52141571044922,24.555001708771663,24.223347181945982,24.30311152575897,5408400
2017-11-14,24.298908233642578,24.399663001444726,24.235935302665116,24.37447511022827,7373400
2017-11-15,24.151975631713867,24.214948572346902,24.038625299455447,24.151975631713867,10961200
2017-11-16,24.445846557617188,24.47523350270057,24.214948445618468,24.235938891896826,7014800
2017-11-17,24.479429244995117,24.559193570661883,24.361879879077346,24.382871923987498,5651800
2017-11-20,24.513010025024414,24.584379443980826,24.424849214667617,24.458433598936324,8318200
2017-11-21,24.643152236938477,24.76489902769327,24.613765301441507,24.65154873300445,6200400
2017-11-22,24.575984954833984,24.676739717337377,24.575984954833984,24.668343220217416,4751600
2017-11-24,24.701932907104492,24.731319850690173,24.617969524801836,24.630563471633323,2446400
2017-11-27,24.55500030517578,24.714528983682886,24.550801254891226,24.714528983682886,7602400
2017-11-28,24.827878952026367,24.840472899756804,24.584386887583463,24.596980835313904,8801400
2017-11-29,24.865665435791016,24.882458435796345,24.77750458796599,24.857268935788355,7738200
2017-11-30,25.004196166992188,25.17632035061799,24.874052866604664,24.920232799047593,15017200
2017-12-01,24.79848861694336,25.083963137250446,24.609571419465404,25.05037714593516,16367800
2017-12-04,25.054576873779297,25.260285471014953,24.966416046392585,24.97481254444869,13046800
2017-12-05,24.928630828857422,25.1049524710619,24.920234331399854,25.062971585242206,16453600
2017-12-06,24.78169822692871,24.937031050891882,24.77330172821705,24.88245461000027,8077400
2017-12-07,24.949615478515625,24.9538129255357,24.70612191318934,24.756500886236843,7160600
2017-12-08,24.949615478515625,25.06296576567085,24.89503905844805,24.97900241205945,10270400
2017-12-11,24.98320770263672,25.08816152723461,24.945424261722746,25.016793695212815,10457400
2017-12-12,24.987403869628906,25.067168190592263,24.962214378102964,25.03358380335909,12029000
2017-12-13,25.054576873779297,25.088161264535458,24.995802988854823,25.004199486910927,8363400
2017-12-14,24.777502059936523,25.11755306874043,24.764908111951794,25.11755306874043,8369000
2017-12-15,24.924312591552734,24.99603038727828,24.83571784304526,24.87368656117094,10058000
2017-12-18,25.29134178161621,25.312435155715047,25.07196715048146,25.088842493489043,9742600
2017-12-19,25.26180648803711,25.350399609947356,25.240713117485292,25.30821286884372,6309600
2017-12-20,25.270248413085938,25.392590626614673,25.270248413085938,25.37993492401684,9517000
2017-12-21,25.35883903503418,25.413683089721296,25.26180823632382,25.384150437719676,6423800
2017-12-22,25.45587158203125,25.476964955491546,25.350403105408535,25.401027523577493,6011200
2017-12-26,25.434782028198242,25.498062158082117,25.41790668316728,25.46853110893868,3319600
2017-12-27,25.468524932861328,25.519150955677475,25.44743156134848,25.48118224322591,8373200
2017-12-28,25.582433700561523,25.586653340890603,25.443216146805714,25.49805859651372,3130800
2017-12-29,25.536026000976562,25.679463187692484,25.510714597587455,25.679463187692484,4969600
2018-01-02,25.89883804321289,25.907275714194505,25.603525996141077,25.67102575467282,17958400
2018-01-03,26.080242156982422,26.109773198731737,25.9072739370274,25.966336020526033,9904600
2018-01-04,26.30805778503418,26.362901844986354,26.177276291093232,26.189933602972218,8240200
2018-01-05,26.51899528503418,26.548526331152107,26.362902382793514,26.42196447502937,9344000
2018-01-08,26.556961059570312,26.58227246239688,26.426179577455546,26.54430374883589,9078200
2018-01-09,26.5147705078125,26.71305172989505,26.49789677710073,26.590707928638963,9511000
2018-01-10,26.354467391967773,26.468373556861376,26.29962332531793,26.464153915945978,8440800
2018-01-11,26.700397491455078,26.700397491455078,26.43883453458881,26.459929515445285,11642600
2018-01-12,26.742589950561523,26.81852739177686,26.649777164782456,26.801652047213135,9097400
2018-01-16,26.430400848388672,26.856492785246733,26.265868673257675,26.822743709621744,17025800
2018-01-17,26.55274200439453,26.670867787697816,26.443055501314163,26.620241762287332,21698800
2018-01-18,26.53586769104004,26.63289849030436,26.3797731967564,26.472585965322764,11787400
2018-01-19,26.696176528930664,26.708833838681677,26.548521326177248,26.65820781831964,9866400
2018-01-22,26.632896423339844,26.65820782420544,26.489459250924423,26.65820782420544,11438000
2018-01-23,26.628677368164062,26.649770739122076,26.438833810899848,26.578052956000622,8043000
2018-01-24,26.742589950561523,26.877589488428473,26.628683788738513,26.69618355767199,11488400
2018-01-25,26.919771194458008,27.033677328119982,26.81008309123342,26.864927142845712,15536600
2018-01-26,27.037899017333984,27.07164970469328,26.742588549546912,26.9366501738988,7762600
2018-01-29,26.72992706298828,27.050552086243673,26.71305172295989,27.016801406186893,10662200
2018-01-30,26.53586769104004,26.74258499098368,26.47680399602072,26.616023148870266,17635000
2018-01-31,26.556961059570312,26.64555418810557,26.379773193178657,26.62024117595787,19825200
2018-02-01,26.19415283203125,26.54430736315252,26.14774644143559,26.37133911322774,18972200
2018-02-02,25.50649642944336,26.08868288080818,25.48540305562809,26.050714164212184,19349400
2018-02-05,24.531967163085938,25.679463040934174,24.531967163085938,25.40102633999703,37141400
2018-02-06,25.333524703979492,25.37571305512723,24.105871848698623,24.173371601213958,38680600
2018-02-07,25.105712890625,25.565555465880244,25.105712890625,25.219619026806143,33502000
2018-02-08,24.22400665283203,25.19853626653927,24.215570588218277,25.143692190619362,25600000
2018-02-09,24.645870208740234,24.81040236650409,23.886497580139096,24.489777330643367,52835000
2018-02-12,25.143680572509766,25.291337384170884,24.768213107141197,24.839932497792827,20940400
2018-02-13,25.080406188964844,25.194312346492442,24.9833753753646,25.042437469788975,13552600
2018-02-14,25.41790771484375,25.46853214266992,24.823065457591223,24.87368988541739,15999400
2018-02-15,25.60774803161621,25.624623375157945,25.29556061337946,25.599310359845344,12298200
2018-02-16,25.514938354492188,25.763844069379108,25.401032185714627,25.489625336101106,16917000
2018-02-20,25.401025772094727,25.590869338789535,25.30821461340481,25.405245412088572,10487400
2018-02-21,25.312435150146484,25.763840114911726,25.308217119056156,25.422121661029085,9994600
2018-02-22,25.481189727783203,25.717438133033802,25.388376934679574,25.42212601714899,9058800
2018-02-23,25.85664939880371,25.865087069165693,25.49805565036425,25.628837126993382,7064000
2018-02-26,25.970558166503906,25.987431899616748,25.713214827008603,25.96633852623477,6509000
2018-02-27,25.61196517944336,25.983214677949857,25.61196517944336,25.945245960951222,11837200
2018-02-28,25.156339645385742,25.708993392296904,25.15212000541113,25.683681989733717,11141400
2018-03-01,24.898998260498047,25.249152767533158,24.71337432020532,25.143684290460218,19925000
2018-03-02,24.873685836791992,24.941185599347307,24.62478016062153,24.751342014247584,16019400
2018-03-05,25.202741622924805,25.274459396743403,24.726023776370027,24.759772843660887,13161200
2018-03-06,25.481189727783203,25.67103173648199,25.194315284846134,25.316657519284526,17615000
2018-03-07,25.38837242126465,25.45587218352528,25.168997791587277,25.211184539504693,16786600
2018-03-08,25.409465789794922,25.493840894933005,25.236497548456423,25.443216475578662,10334600
2018-03-09,25.86931037902832,25.881966082493502,25.472749447012404,25.569780261995405,11726400
2018-03-12,25.806028366088867,26.025403009952125,25.75540394345008,25.898841148694462,9550400
2018-03-13,25.700559616088867,26.046497726976764,25.671028569076213,25.945247273418122,12138400
2018-03-14,25.3841552734375,25.818686544397135,25.333530849101358,25.814466903598287,10858800
2018-03-15,25.05087661743164,25.4389998946959,25.046656976540547,25.417906518204838,10470600
2018-03-16,25.04918098449707,25.184696285661158,24.95601360914558,25.002597296821325,11053000
2018-03-19,24.68921661376953,24.994126842461572,24.50711762890843,24.97718702631873,12682400
2018-03-20,24.6638126373291,24.85861570920077,24.612993180386013,24.77815237677591,7228800
2018-03-21,24.943307876586914,25.167754776141045,24.638397661743785,24.723095123141288,9707400
2018-03-22,24.197973251342773,24.833201817403797,24.185269196971884,24.744270205868002,15399400
2018-03-23,23.72367286682129,24.320787733814065,23.70249890156027,24.2530300756968,15817800
2018-03-26,24.210678100585938,24.23185367919236,23.77872408309616,24.00317100018965,11684200
2018-03-27,23.965055465698242,24.42665493634595,23.8422442268402,24.27419982817317,14582000
2018-03-28,23.66014289855957,24.096334218153107,23.583915352046894,24.007401003575282,23688400
2018-03-29,24.1132755279541,24.240322532181988,23.749079177639434,23.77025313985416,12421400
2018-04-02,23.588153839111328,24.151388980688303,23.380645135075763,24.03281350150783,18658800
2018-04-03,23.922706604003906,23.99046424770361,23.494985165580424,23.643206121808916,13572800
2018-04-04,24.079402923583984,24.100576890557765,23.38912061504188,23.524635942238227,12873400
2018-04-05,24.52828598022461,24.61298342609353,24.155619803152437,24.19373357301998,15388600
2018-04-06,23.931177139282227,24.40124654328206,23.778723638268865,24.286905205919684,15822800
2018-04-09,24.062450408935547,24.35042073116777,23.893055531574497,24.062450408935547,12578400
2018-04-10,24.557939529418945,24.693454841153173,24.35043079962407,24.384310435292598,25605200
2018-04-11,24.37583351135254,24.477469158168923,24.282666155546288,24.380067656857605,12914800
2018-04-12,24.63416290283203,24.735800183739848,24.42242004845471,24.485943550955817,7073600
2018-04-13,24.608753204345703,24.83743586001179,24.519821598965446,24.769678215607357,8643600
2018-04-16,24.939071655273438,24.977185431426225,24.663806930143007,24.79085231216241,12664200
2018-04-17,25.222806930541992,25.29479871857066,24.98988852110896,25.09999569928996,9562400
2018-04-18,25.404903411865234,25.515008963807052,25.30750029628239,25.36678964091048,9472400
2018-04-19,25.121170043945312,25.434550153405958,25.028002678746542,25.434550153405958,11639200
2018-04-20,24.985654830932617,25.201631814427255,24.87978341215748,25.12540587914123,8702200
2018-04-23,24.913665771484375,25.015301439982146,24.84590650519276,24.934839734465594,6195400
2018-04-24,24.24032211303711,25.00683019405676,23.986229724444676,25.00683019405676,17448400
2018-04-25,24.371604919433594,24.447832484703422,24.062460511603714,24.282673298442113,15901000
2018-04-26,24.524057388305664,24.62569466945776,24.346194165626716,24.48594360980735,9875200
2018-04-27,24.460529327392578,24.59181045452672,24.286900283360705,24.528286963710638,15796800
2018-04-30,24.14291763305664,24.583343122990332,24.117509526444465,24.498645664853907,9750400
2018-05-01,24.12174415588379,24.13021406341417,23.808365654608235,24.011638588928246,12562200
2018-05-02,24.066688537597656,24.253021628655013,24.020104860965954,24.159854275391616,12740600
2018-05-03,24.17679786682129,24.333487118235002,23.8380096412769,24.096336168088776,19521600
2018-05-04,24.47747230529785,24.612987595456218,24.00740293579303,24.02010860488079,8905800
2018-05-07,24.468997955322266,24.621453032939254,24.38430212595229,24.502877579445773,9891600
2018-05-08,24.418188095092773,24.519825385128307,24.286906932019775,24.40971818630065,7349200
2018-05-09,24.769676208496094,24.803554220218306,24.511349705302372,24.511349705302372,24065800
2018-05-10,24.947546005249023,25.09153122796925,24.773916908627868,24.790856726705535,9666000
2018-05-11,24.939071655273438,25.14234458959842,24.90519364062078,24.96448137786519,7105000
2018-05-14,25.03647232055664,25.116935631636643,24.93907081045893,25.01106421429527,5571600
2018-05-15,24.960243225097656,25.00259275869336,24.75697031024684,24.90942540025233,14327600
2018-05-16,25.25668716430664,25.290566796100713,24.960246847987552,24.960246847987552,6724800
2018-05-17,25.31597328186035,25.409140647852766,25.19739780912066,25.19739780912066,20734600
2018-05-18,25.349849700927734,25.421841481553464,25.273622159400812,25.28632621116548,6550800
2018-05-21,25.485366821289062,25.544654554453796,25.396435221541957,25.485366821289062,10592000
2018-05-22,25.27362632751465,25.561596728448414,25.2482166043253,25.48536917435008,7705000
2018-05-23,25.21433448791504,25.222804394267243,24.989886008255276,25.108463081716675,7298800
2018-05-24,25.125404357910156,25.256683875342365,24.9983573706964,25.163516515510825,7098800
2018-05-25,24.989891052246094,25.06611860933234,24.900959440802072,25.01953653819722,8115400
2018-05-29,24.557939529418945,24.9263716822295,24.477476202441164,24.778150699384604,11699800
2018-05-30,24.845905303955078,24.922132859377907,24.659572177071357,24.735799732494186,8706200
2018-05-31,24.638399124145508,24.913665486158283,24.625695069596237,24.875551707040668,11556600
2018-06-01,25.01529884338379,25.095760540548383,24.820495819425506,24.820495819425506,7605400
2018-06-04,25.159282684326172,25.210100510565194,25.09575918992522,25.112699003828084,9079800
2018-06-05,25.349849700927734,25.438781294219325,25.15504670167869,25.18892471154096,6651400
2018-06-06,25.819921493530273,25.828391400680566,25.307502611489923,25.37949601453262,16384800
2018-06-07,25.688642501831055,25.853801666384502,25.57430116895488,25.832627704474785,10314600
2018-06-08,25.760635375976562,25.807217445022786,25.523482807290772,25.663232245368864,7572000
2018-06-11,25.798751831054688,25.862275341506827,25.680176334711998,25.726760026980905,5773600
2018-06-12,25.832630157470703,25.921561775218073,25.735228631061215,25.83686430406681,8955800
2018-06-13,25.553129196166992,25.874977642469577,25.523485324091883,25.862273587428778,8118400
2018-06-14,25.59123992919922,25.718285310887488,25.489602654566802,25.658997573797606,5079400
2018-06-15,25.412546157836914,25.49763788157295,25.233854998681917,25.425309348350947,13055200
2018-06-18,25.348730087280273,25.39552899627348,25.187055964881868,25.21683782650924,17983000
2018-06-19,24.884981155395508,25.10196351573812,24.672252651024845,25.050909129126275,14423400
2018-06-20,24.80414390563965,24.987090553815055,24.702035129861116,24.987090553815055,10670400
2018-06-21,24.540361404418945,24.770108588115978,24.497816350989016,24.744580582264167,14373000
2018-06-22,24.897750854492188,24.957314591607393,24.723313500230475,24.723313500230475,14228400
2018-06-25,24.51058006286621,24.774362970310282,24.310614736922112,24.774362970310282,19581200
2018-06-26,24.60417938232422,24.680760150086602,24.50206898699158,24.553123373163064,7416200
2018-06-27,24.527591705322266,24.995593660840136,24.519082372296026,24.736064684002482,11575600
2018-06-28,24.621196746826172,24.6807604686266,24.361667710704577,24.536105020115695,11778800
2018-06-29,24.706289291381836,25.00410953323232,24.672253573364788,24.672253573364788,10085800
2018-07-02,24.57439613342285,24.62970599904729,24.399958824597793,24.52759722572953,15365800
2018-07-03,24.531850814819336,24.88498090759325,24.47654094979662,24.731816126293225,6778800
2018-07-05,24.744583129882812,24.765855658787924,24.51058206594673,24.702038072072586,11118400
2018-07-06,24.867961883544922,24.940288794245063,24.58716032949265,24.702033913830803,9061800
2018-07-09,25.089202880859375,25.1019660730652,24.965819946236916,24.987092474243237,9075600
2018-07-10,25.301925659179688,25.314688848486156,25.080687847593843,25.080687847593843,11946600
2018-07-11,24.876474380493164,25.11047543478394,24.76585463796235,25.038146891899967,22691200
2018-07-12,24.936033248901367,25.05090682545657,24.833922862078012,25.02963430157365,13238000
2018-07-13,24.92327308654785,25.01261867150245,24.855198405070364,24.893489601906584,6924000
2018-07-16,24.723312377929688,24.987095325889925,24.66800250040914,24.93604092825021,8983200
2018-07-17,25.046655654907227,25.131747388064202,24.65098047526865,24.7445815440403,15364000
2018-07-18,24.812654495239258,25.161529138935126,24.812654495239258,25.016873680110756,11774400
2018-07-19,24.90199851989746,24.931780381050046,24.72756120900816,24.90199851989746,12835000
2018-07-20,24.799890518188477,24.889236104430427,24.68501692602464,24.799890518188477,14633600
2018-07-23,24.663745880126953,24.79989200723871,24.64247172908648,24.791382671420497,8299000
2018-07-24,24.98284149169922,25.123241491083515,24.83818601243022,24.83818601243022,14233600
2018-07-25,25.178546905517578,25.212582623611816,24.821162939084473,24.99560025466553,9467200
2018-07-26,25.323204040527344,25.37000457613036,25.093456841925182,25.174293097882302,12395400
2018-07-27,25.22960090637207,25.421056889552418,25.165783327305107,25.399784363196762,11041400
2018-07-30,25.18279266357422,25.412539773041612,25.140247623890286,25.255121178623984,6944400
2018-07-31,25.412546157836914,25.47636535638635,25.22959951985081,25.23810885452338,10475200
2018-08-01,25.15302085876465,25.412549924279517,25.10622032262395,25.357240052205068,12120800
2018-08-02,24.987091064453125,24.99985425593884,24.70203563467377,24.944546010840902,18536200
2018-08-03,25.22534942626953,25.238112618687143,25.055165953415276,25.07218462529868,10659200
2018-08-06,25.216840744018555,25.314695675399967,24.94880233537126,25.02964021741802,9262200
2018-08-07,25.301925659179688,25.450834944386756,25.27639765757727,25.289160846883735,9514800
2018-08-08,25.195568084716797,25.395531803030956,25.182803269044467,25.32320488051071,13012400
2018-08-09,25.33171272277832,25.472112702975043,25.276402852766367,25.276402852766367,8488200
2018-08-10,24.965822219848633,25.208332631783552,24.936040353329606,25.161532092113653,12104600
2018-08-13,24.714799880981445,25.089202536109497,24.621198811451972,24.987092130896453,10872200
2018-08-14,24.92327308654785,25.055163724436145,24.79989016085451,24.81690883122388,8272000
2018-08-15,24.527591705322266,24.685010308834375,24.259553395458372,24.676500975808136,16990400
2018-08-16,24.67650604248047,24.81265215287567,24.62119617794815,24.62119617794815,12689400
2018-08-17,24.859453201293945,24.90625373202929,24.62119669163661,24.62970602658755,10518000
2018-08-20,25.03389549255371,25.080696032603285,24.9062586888667,24.9062586888667,9683000
2018-08-21,25.131746292114258,25.24661988341827,25.042400706541056,25.08494575976932,9916000
2018-08-22,25.004112243652344,25.161530905398433,24.974330378537946,25.118985847517845,10865400
2018-08-23,24.83392906188965,24.953058146755833,24.76585599467609,24.953058146755833,8884000
2018-08-24,25.15727996826172,25.191315693917986,24.940295928116317,24.965823939601105,9903200
2018-08-27,25.501890182495117,25.582728045460783,25.208325457644353,25.208325457644353,11218200
2018-08-28,25.404041290283203,25.65506102680023,25.32320503116379,25.540187423005325,7686200
2018-08-29,25.59549903869629,25.64229957931548,25.297678744475093,25.408298499209554,8557000
2018-08-30,25.293426513671875,25.59550068419196,25.216844101006203,25.476373208040975,11678600
2018-08-31,25.216840744018555,25.416806086357482,25.161530870458655,25.255131945253883,8561400
2018-09-04,25.04239845275879,25.161525889468418,24.914761681571385,25.148762699246557,11944400
2018-09-05,25.208328247070312,25.25512877859977,24.94879920712676,25.021127743942206,9280800
2018-09-06,25.25937843322754,25.408289338142694,25.08494115026195,25.23810591052236,12008200
2018-09-07,25.093456268310547,25.18705733737694,24.927528280776354,25.072183740701774,14598200
2018-09-10,25.123231887817383,25.25937797826566,25.11046869902205,25.1615230771928,9543000
2018-09-11,25.174291610717773,25.23811081422267,24.850944983001053,24.940290569516097,15498000
2018-09-12,25.187055587768555,25.30192917646408,25.07218199907303,25.1700369176678,12482600
2018-09-13,25.284910202026367,25.472110701912328,25.27214701109928,25.387018975422457,8205800
2018-09-14,25.276399612426758,25.38701771528002,25.212580414979744,25.34021880987377,9707400
2018-09-17,25.36574363708496,25.514654547678948,25.267888730517804,25.267888730517804,7766800
2018-09-18,25.391281127929688,25.527427276900614,25.301935521978162,25.43808167094909,8157000
2018-09-19,25.667829513549805,25.774193796388005,25.416809741132045,25.416809741132045,15854400
2018-09-20,25.944366455078125,26.020948841345145,25.838002210039434,25.84651154440128,11195200
2018-09-21,25.888376235961914,26.09784203458189,25.819979007534375,26.050818634278226,16272400
2018-09-24,25.525012969970703,25.837075406235257,25.482265316511402,25.80287760961151,9201400
2018-09-25,25.392488479614258,25.61050407172687,25.362564802867784,25.584854507065,10138000
2018-09-26,25.140274047851562,25.379663467345242,25.08897491734453,25.268518612682907,17022600
2018-09-27,24.922256469726562,25.123173984593386,24.89233279271041,25.123173984593386,12559800
2018-09-28,24.76409339904785,24.88806387583183,24.71707000228714,24.849590335820196,10761800
2018-10-01,25.01202964782715,25.114626285488146,24.90088478518612,24.90088478518612,8773000
2018-10-02,25.118896484375,25.18301957676232,24.990651930318336,25.029125459607133,7347600
2018-10-03,24.939359664916992,25.238598107615022,24.917985839878202,25.2043986829783,7870000
2018-10-04,24.823942184448242,24.930812953842533,24.627300360135195,24.930812953842533,11157800
2018-10-05,24.640121459960938,24.870962686331133,24.537526446497516,24.776915898391053,10704000
2018-10-08,24.62729835510254,24.67004600709254,24.43920477262238,24.541801420404138,12580200
2018-10-09,23.810806274414062,24.306686548502984,23.77233273458309,24.306686548502984,22714800
2018-10-10,23.186681747436523,23.83645455955545,23.178131890603584,23.823630589665264,26403400
2018-10-11,22.9173641204834,23.374770804607888,22.836141306010102,23.169579158238623,36573600
2018-10-12,22.981487274169922,23.35339868922403,22.814769151216602,23.28500146876322,21301000
2018-10-15,22.904539108276367,23.122554713007872,22.895989252894207,22.97721043294748,10256000
2018-10-16,23.272174835205078,23.323473971311078,22.895990954737535,22.97721214082792,11053000
2018-10-17,23.122554779052734,23.297822738092226,22.97293638623299,23.24652523637091,17070000
2018-10-18,22.861787796020508,23.2379732457536,22.7378173500933,23.015681917762137,15387800
2018-10-19,22.699344635009766,23.01140863237175,22.660871103192402,22.80621537553376,14211800
2018-10-22,22.51980209350586,22.87888783923877,22.442855031511804,22.797666665230846,26653000
2018-10-23,22.29751205444336,22.41293265412324,21.81445583297975,22.156443519757826,40403800
2018-10-24,21.592161178588867,22.327432309432655,21.545139428047978,22.216287469771984,41268000
2018-10-25,21.87002944946289,22.036747552713926,21.69048737849044,21.72041105698585,28511600
2018-10-26,21.741785049438477,21.96835051144502,21.41262295270701,21.5665170894353,47958600
2018-10-29,21.690494537353516,22.177825040226747,21.468203116079657,22.019655109441164,34825400
2018-10-30,22.186368942260742,22.22911659111018,21.609265898483645,21.630639722908366,46345200
2018-10-31,22.489877700805664,22.635221965417827,22.3445334361935,22.438580204683138,26335400
2018-11-01,23.122554779052734,23.17812802383643,22.737819439347426,22.900263430636134,27448600
2018-11-02,23.066986083984375,23.34485073199049,22.76347349541791,23.280727619152618,26879600
2018-11-05,23.135377883911133,23.190951126622085,22.96438567431161,23.08408038410309,15713600
2018-11-06,23.515838623046875,23.53721407717657,23.139654764993548,23.203776235228045,13145200
2018-11-07,23.939050674438477,23.951874644041318,23.550041166207585,23.695385467673987,13562200
2018-11-08,23.83644676208496,23.94331749145907,23.712477955356615,23.806523088317647,12894800
2018-11-09,23.503013610839844,23.6953812744323,23.32774565750408,23.6953812744323,18024800
2018-11-12,23.156749725341797,23.520111197253726,23.109727972459105,23.473087813653056,20119600
2018-11-13,23.088354110717773,23.455989719758588,23.054156321656208,23.208050449228466,19012400
2018-11-14,23.062707901000977,23.391870002760196,22.94301155354058,23.22515189566409,19452600
2018-11-15,23.379045486450195,23.49019198347237,22.985761895678277,22.985761895678277,24067800
2018-11-16,23.61415672302246,23.67400406965233,23.242245416306183,23.306368505248408,17462000
2018-11-19,23.276451110839844,23.691108537509788,23.21232800460018,23.562863955748792,24568400
2018-11-20,22.853242874145508,23.1011838195166,22.750647857985207,23.05416042431047,22518600
2018-11-21,23.037059783935547,23.25935115095821,22.93018902848532,22.93018902848532,14026800
2018-11-23,22.78912353515625,22.943016073837303,22.72072630772516,22.82332133351253,6302200
2018-11-26,23.049880981445312,23.13110378948169,22.913086561373444,22.985759514315564,10714600
2018-11-27,22.76774787902832,23.002864875080782,22.61385534168287,22.874618647881796,11742200
2018-11-28,23.11827850341797,23.11827850341797,22.519801726705044,22.827589969668036,17062000
2018-11-29,23.284997940063477,23.41751661734481,23.06270659957316,23.11400409946535,14276400
2018-11-30,23.344850540161133,23.413247765624195,23.096909578658472,23.122559149726552,12116400
2018-12-03,23.755226135253906,23.998891273312854,23.50301114296437,23.827899080854937,17150200
2018-12-04,23.049880981445312,23.772328245087866,23.011409079598334,23.725304857428515,18091600
2018-12-06,22.737821578979492,22.737821578979492,22.177819858256637,22.665150247262428,26450600
2018-12-07,22.190643310546875,23.084082879828216,22.117971980521826,22.716447224901213,28052600
2018-12-10,22.25048828125,22.344535056559653,21.848654876167313,22.199190781407513,23329800
2018-12-11,22.177820205688477,22.77202136056443,22.088047529424475,22.643776776825174,20142200
2018-12-12,22.37018585205078,22.630949108509224,22.35736025334625,22.50698027963227,14902000
2018-12-13,22.109426498413086,22.511260026164674,22.02820366558939,22.43858868176307,29257200
2018-12-14,21.938426971435547,22.160718322479962,21.85720579019013,21.938426971435547,15958800
2018-12-17,21.562240600585938,22.117969770821382,21.421172067276203,21.968349751635635,30503200
2018-12-18,21.681936264038086,21.94697524277159,21.549415959312295,21.724683907772558,23365800
2018-12-19,21.38697052001953,22.13934139191947,21.28864964155767,21.71613257263601,39400800
2018-12-20,21.100563049316406,21.532320200849863,20.886821529984946,21.327128537977867,46346200
2018-12-21,20.910810470581055,21.564811344766625,20.889297618674206,21.21629887642969,41112200
2018-12-24,20.36867904663086,20.936626871701904,20.355771663755508,20.773126242870728,22656400
2018-12-26,21.280841827392578,21.28944729819773,20.243906394595164,20.46334179681215,34232200
2018-12-27,21.672378540039062,21.680984009580854,20.928022658591814,21.018377626792383,29847200
2018-12-28,21.556203842163086,21.90471791894719,21.47445435609902,21.788546560019153,18906000
2018-12-31,21.736921310424805,21.775645107277594,21.495973058749048,21.62935539042547,15596000
2019-01-02,21.848791122436523,21.930542279483234,21.29805408742042,21.418527403498736,18192600
2019-01-03,21.22920799255371,21.732615661840967,21.18618228522721,21.732615661840967,19668000
2019-01-04,22.06391716003418,22.149970209380612,21.538996677539213,21.573416912482546,17901200
2019-01-07,22.141372680664062,22.4038338366982,21.92624080080998,22.072530544763794,14936600
2019-01-08,22.37371063232422,22.40813251344102,22.124156918204303,22.24893377526426,20657200
2019-01-09,22.38231658935547,22.46836965269325,22.17148666624418,22.429645856257533,16250400
2019-01-10,22.580238342285156,22.59314572781125,22.2016058340376,22.223120331682065,16942800
2019-01-11,22.489883422851562,22.545818162494818,22.34359370162548,22.464067010402584,12372400
2019-01-14,22.317773818969727,22.438248750339827,22.180089589968592,22.291959051860438,23006400
2019-01-15,22.171489715576172,22.313477535810506,22.03380545182973,22.175793272064062,15094200
2019-01-16,22.257535934448242,22.37370730394701,22.14136456494947,22.175786440945572,27437400
2019-01-17,22.64908218383789,22.700713371181052,22.137068942814068,22.137068942814068,20411000
2019-01-18,23.023408889770508,23.13097481021507,22.773856807828487,22.8383970166255,17514800
2019-01-22,22.70501708984375,22.954569198224174,22.571634743484267,22.915845397108573,14866800
2019-01-23,22.550119400024414,22.79967312222619,22.334987560054206,22.739434828320956,11410000
2019-01-24,22.429643630981445,22.56732786213179,22.33068319242498,22.425340075512402,10499400
2019-01-25,22.855609893798828,22.980386774962486,22.67920182231177,22.773860372342956,9834000
2019-01-28,22.821184158325195,22.83839509806867,22.623263275251862,22.69210539290022,11943600
2019-01-29,23.057825088500977,23.122365281389126,22.877113533209325,22.877113533209325,16446000
2019-01-30,23.30307960510254,23.488093108979207,23.057829451838227,23.152487981633435,14146600
2019-01-31,22.954566955566406,23.05352904755781,22.55872515290361,22.803975322232887,24950600
2019-02-01,23.023408889770508,23.07934362797287,22.8383970166255,22.94165938110989,11079000
2019-02-04,22.984683990478516,23.006198486596208,22.829790451180177,22.980382076050347,7115600
2019-02-05,23.15248680114746,23.208419891969477,23.02340639752617,23.036315422683607,8857800
2019-02-06,23.014799118041992,23.130968837760296,22.971771776178485,23.04061388183483,9909800
2019-02-07,22.696413040161133,22.91154491731906,22.511399494499237,22.86851919841786,12736000
2019-02-08,22.674894332885742,22.67919624713602,22.386616838351,22.57163033629816,9042800
2019-02-11,22.709314346313477,22.78676193265697,22.601748436539236,22.756643609226224,8316600
2019-02-12,23.217025756835938,23.247144080506782,22.85560423146028,22.92014443436954,20139600
2019-02-13,23.24714469909668,23.414947261535207,23.23853922905809,23.34610514255208,14694200
2019-02-14,23.126676559448242,23.294479159313944,23.062136340426378,23.139583946722233,9770000
2019-02-15,23.440763473510742,23.501000121946113,23.268658998170476,23.38052682507537,15294400
2019-02-19,23.58705711364746,23.698926600533238,23.333201451961546,23.35471430980086,24529000
2019-02-20,23.991498947143555,24.137788644926612,23.595657200980845,23.63007743740455,22618000
2019-02-21,23.8968505859375,24.077560584572872,23.797890114114406,24.021627475276812,17103800
2019-02-22,24.000106811523438,24.073252488376824,23.914055391214465,24.017317752115485,9581600
2019-02-25,24.15500259399414,24.223844716746118,24.04743667461132,24.099067856343883,12375800
2019-02-26,24.017318725585938,24.172213914541317,24.008713254941117,24.099068234723187,12384600
2019-02-27,23.978591918945312,24.05173758958339,23.82369674942985,23.965684535260856,9262400
2019-02-28,23.686016082763672,23.974293611918622,23.63438489893209,23.952779114106868,17525000
2019-03-01,23.655893325805664,23.982894591934105,23.574143829936272,23.8581177498239,19683000
2019-03-04,23.763460159301758,23.862420597539874,23.402038643363404,23.707525427662652,15920800
2019-03-05,23.651594161987305,23.77206746281902,23.625777751240957,23.711830812403164,10463400
2019-03-06,23.70322608947754,23.871028661305285,23.66880420739714,23.720437030517736,9231000
2019-03-07,23.509605407714844,23.655895113336957,23.33319737811102,23.651593199050524,23923800
2019-03-08,23.548330307006836,23.565541247611606,23.260054437842278,23.38482965391278,14289200
2019-03-11,23.883934020996094,23.892539490786426,23.612869108565597,23.647289346401383,13715400
2019-03-12,23.974288940429688,24.111973164702725,23.918354211404573,23.918354211404573,14432200
2019-03-13,24.09046745300293,24.241059105023858,24.043138179131805,24.10767675514396,11036800
2019-03-14,23.909746170043945,24.073246784276034,23.85381144703621,24.02161561605941,10079600
2019-03-15,23.93956756591797,24.12538022071207,23.84882066239363,24.008707043393784,14518000
2019-03-18,23.995746612548828,24.030317181767785,23.814256069395718,23.95685554638524,8691000
2019-03-19,23.96549415588379,24.26365949576921,23.85746361787665,24.112415753510103,10542600
2019-03-20,23.943885803222656,24.069201609455078,23.714861614767898,23.952528443143688,22470000
2019-03-21,24.198841094970703,24.28958635345719,23.835858412609532,23.861786335783627,15919400
2019-03-22,23.477203369140625,23.99142826931863,23.43399015373767,23.987106123570523,18247400
2019-03-25,23.433982849121094,23.645723417554777,23.395091791588992,23.464231266266605,13125400
2019-03-26,23.576583862304688,23.650043832716992,23.40805484796479,23.589546998632716,11799600
2019-03-27,23.546337127685547,23.632760240600952,23.377808101303987,23.516087060066894,19565200
2019-03-28,23.775360107421875,23.788323244001887,23.572262176121008,23.580904816646058,9741600
2019-03-29,23.982778549194336,23.99142118972458,23.69325750929918,23.80128804330456,12654600
2019-04-01,24.341447830200195,24.376016754013193,24.121064553281844,24.15131297977407,12908600
2019-04-02,24.423545837402344,24.527254237600147,24.302552154366474,24.40194005806241,14224600
2019-04-03,24.743316650390625,24.89888090741773,24.54886297752213,24.622322960887495,34729000
2019-04-04,24.99394989013672,25.002592532560755,24.74764035050591,24.76060348993422,12205600
2019-04-05,24.985301971435547,25.08468986570046,24.911841998967404,24.99826510812636,7337200
2019-04-08,24.99394989013672,25.019877817408826,24.86431355060716,24.968021962864608,13149400
2019-04-09,24.812454223632812,24.92480691100636,24.73899424593225,24.890236346148264,12221600
2019-04-10,24.799489974975586,24.881594238627574,24.704422574290206,24.834060538284884,7594800
2019-04-11,24.786535263061523,24.877280549970617,24.717395761357107,24.79085576073616,6989200
2019-04-12,25.114938735961914,25.114938735961914,24.911842447682,24.989624566058197,7217400
2019-04-15,24.998268127441406,25.13222660028165,24.955056567642796,25.11494131699607,5410200
2019-04-16,25.110620498657227,25.114940995215594,24.855668342915116,24.97234153097493,7475000
2019-04-17,24.95505714416504,25.279148795387965,24.946414502322583,25.162475603137864,6740400
2019-04-18,24.985301971435547,25.050120951719908,24.855665659281968,24.976659330836622,7268800
2019-04-22,24.8167781829834,24.972342439388743,24.782207615597596,24.890238166055155,11976200
2019-04-23,24.929128646850586,25.006910773233265,24.717389696020774,24.777886539115006,15290400
2019-04-24,24.77356719970703,24.980985663611193,24.77356719970703,24.903203533595207,7616400
2019-04-25,24.458114624023438,24.695783140739138,24.380332500082897,24.661212575247657,10360200
2019-04-26,24.66121482849121,24.72603382050247,24.4105847994396,24.458116858710355,9900200
2019-04-29,24.61368179321289,24.682821283986474,24.522936520650465,24.596396508415623,12113000
2019-04-30,24.825416564941406,24.85566498200585,24.553179162946314,24.678494975593352,6798400
2019-05-01,24.376014709472656,24.85999114117033,24.371694212514267,24.85999114117033,13101800
2019-05-02,24.250696182250977,24.388975147420133,24.082168796477024,24.25933882362596,21946200
2019-05-03,24.48836326599121,24.50132805237536,24.27662431989533,24.298230099315173,12066800
2019-05-06,24.13834571838379,24.233413127366493,23.90499934092551,23.90499934092551,31202200
2019-05-07,23.71486473083496,23.952531590439513,23.589548908136393,23.909320033571497,19502000
2019-05-08,23.69325828552246,23.80560931926617,23.59386874037606,23.697578781721564,12319400
2019-05-09,23.507442474365234,23.598187718105017,23.23952559035022,23.425338221864035,13428800
2019-05-10,23.82721519470215,23.91363995477492,23.364844623990308,23.464232521128675,12945800
2019-05-13,23.2913875579834,23.8099328863446,23.114217519496396,23.386453322361408,14097600
2019-05-14,23.490163803100586,23.667333844800748,23.312993761400428,23.373490607578713,12203800
2019-05-15,23.42966651916504,23.598193915631636,23.23521119692843,23.33459910642372,10524400
2019-05-16,23.758079528808594,23.83586166051434,23.606837410722676,23.606837410722676,9810600
2019-05-17,23.615474700927734,23.784002065291276,23.51176466601897,23.57658364388883,12166600
2019-05-20,23.278419494628906,23.498802711739067,23.239528435633886,23.40373531232565,10032600
2019-05-21,23.6370849609375,23.67165388018746,23.41238121635887,23.446950135608834,8743200
2019-05-22,23.472875595092773,23.680294034045534,23.472875595092773,23.59386927237808,10617000
2019-05-23,23.114213943481445,23.300024946734183,23.010503904805013,23.222244478245788,9845400
2019-05-24,23.243850708007812,23.416698577946537,23.118534889621994,23.347559100288013,8180800
2019-05-28,23.01050567626953,23.3129915265796,22.993220393756893,23.23952990010853,9652200
2019-05-29,23.01482582092285,23.049396385419737,22.772838463105636,22.833335302559938,17477600
2019-05-30,23.0537166595459,23.157426703621585,22.99321982067476,23.02346824011033,8950200
2019-05-31,22.79444694519043,22.893834857283778,22.69505903309708,22.781483806174258,11983600
2019-06-03,23.511768341064453,23.520410982692344,22.794445570103036,22.859264558104538,26310800
2019-06-04,24.172914505004883,24.220448209238068,23.628441275641425,23.766720243365963,35555800
2019-06-05,24.350080490112305,24.406256826547526,23.98709784803441,24.3241542182307,39408000
2019-06-06,24.639604568481445,24.721707181478294,24.384652440484224,24.47107719798441,39823200
2019-06-07,24.8599853515625,24.950732250709468,24.747634324239478,24.799488517741253,46422200
2019-06-10,24.90320587158203,25.050127503359512,24.88160008864149,25.015556931922188,28725200
2019-06-11,24.885915756225586,25.12790476407706,24.842704198730623,25.03283735948983,15737400
2019-06-12,24.968021392822266,25.002591961729134,24.868633479838206,24.898881903423987,7100800
2019-06-13,25.114938735961914,25.145187154395416,25.02851397683112,25.058764043679798,14784200
2019-06-14,25.006908416748047,25.08901268042355,24.920483656865237,25.063084757934153,7875400
2019-06-17,24.777881622314453,24.985300035370738,24.743311062597563,24.968014755512293,15014000
2019-06-18,24.972339630126953,25.145187502365307,24.885914869800178,24.91184279242277,13775600
2019-06-19,24.834060668945312,24.98098226695246,24.704422704268563,24.972339626079663,14332800
2019-06-20,25.14950942993164,25.21864890791324,24.933448355187235,25.14950942993164,13487600
2019-06-21,25.069522857666016,25.178199481793108,25.04344152917067,25.134729495451744,11652000
2019-06-24,25.165163040161133,25.217327364178473,24.96954475225365,25.078221394616254,9203400
2019-06-25,25.178199768066406,25.27818372268098,25.095606129769262,25.19558842611013,11431800
2019-06-26,25.13473129272461,25.243407924622684,25.0999556328196,25.165160616994164,8369600
2019-06-27,25.21731948852539,25.26079112685813,25.156460853133005,25.1738495084661,6878000
2019-06-28,25.430334091186523,25.465111412410923,25.23036946896807,25.256450801612424,10017000
2019-07-01,25.62594985961914,25.630296195208185,25.412942933732662,25.617255530167267,11940200
2019-07-02,25.59986686706543,25.625949855416778,25.43467792405446,25.625949855416778,12640200
2019-07-03,25.730276107788086,25.730276107788086,25.53465951723948,25.58247583737502,4951600
2019-07-05,25.6129093170166,25.6129093170166,25.360780378478346,25.482497682719305,7620200
2019-07-08,25.31730842590332,25.565091009362124,25.27383677898806,25.50857869750917,19583600
2019-07-09,25.069522857666016,25.260794777424856,25.013012207076983,25.226017461732816,10388200
2019-07-10,25.017358779907227,25.273835681613008,24.986929457524653,25.21732337221378,14628200
2019-07-11,25.12603759765625,25.130385591675296,24.8956436628621,24.9956259677402,22183000
2019-07-12,25.373817443847656,25.38251177267026,25.18254718457138,25.195587848668453,8810000
2019-07-15,25.391204833984375,25.408593490761554,25.278181881479878,25.360775513761105,9076600
2019-07-16,25.452068328857422,25.67376959936717,25.382515346756577,25.408598336897104,9052000
2019-07-17,25.226022720336914,25.49119400380828,25.221676384106217,25.45641833914061,14334800
2019-07-18,25.334692001342773,25.356428650998662,25.108644442764582,25.13907542062812,7545600
2019-07-19,25.391204833984375,25.52161644326605,25.312957536760653,25.312957536760653,7622400
2019-07-22,25.325998306274414,25.48249290137727,25.2868746574987,25.44771724595085,5828600
2019-07-23,25.84764862060547,25.84764862060547,25.443371434676,25.443371434676,8403400
2019-07-24,25.830263137817383,25.87808112499777,25.70854583101198,25.769404484414682,7529800
2019-07-25,25.643339157104492,25.743321460880182,25.378167906177136,25.743321460880182,12271000
2019-07-26,25.673768997192383,25.6824633270353,25.408597740941875,25.578133027194138,15275400
2019-07-29,25.586830139160156,25.63899446561577,25.504234825808553,25.591176475417274,5783200
2019-07-30,25.756362915039062,25.773751574908363,25.356433687688398,25.39555568498351,8028400
2019-07-31,25.36077880859375,25.804179664376253,25.130384880321255,25.68246236766985,16205400
2019-08-01,25.21731948852539,25.71723255057448,25.104296545407163,25.330344089917062,19565800
2019-08-02,24.92172622680664,25.112996503534113,24.747842951037075,25.08256717901551,14996000
2019-08-05,24.45224380493164,24.79131438837904,24.28270851320794,24.704374403691745,20582200
2019-08-06,24.4826717376709,24.560919046054746,24.18707116339276,24.556572710377342,22989200
2019-08-07,24.821741104125977,24.85651842096243,24.25227663625584,24.27401163014175,46538800
2019-08-08,25.295568466186523,25.304262794432887,24.947803627699766,24.947803627699766,11470200
2019-08-09,25.09560203552246,25.23470796063029,24.960842445079628,25.195584315551624,9249200
2019-08-12,24.704374313354492,25.08691488774669,24.65655632698699,25.06083355574544,45067400
2019-08-13,24.969541549682617,25.278184434694367,24.582653017817552,24.726106963308418,14111200
2019-08-14,24.178380966186523,24.708723556259155,24.156645967537045,24.60439324115791,18258600
2019-08-15,24.18706512451172,24.317476719833145,24.013183550174286,24.313130385240907,17831000
2019-08-16,24.613082885742188,24.669595198089713,24.26097166315278,24.291400987122884,11667600
2019-08-19,24.808698654174805,24.899986616890658,24.769575004686068,24.830433646496633,6656000
2019-08-20,24.517446517944336,24.730451767835405,24.50005786048729,24.70437043992348,9478000
2019-08-21,24.643510818481445,24.73914677885916,24.517447194125186,24.68263446970199,6404600
2019-08-22,24.478322982788086,24.80435284940782,24.421810674924043,24.691328233679734,5214800
2019-08-23,23.887121200561523,24.47397428016426,23.769750252986256,24.36964565450198,18181200
2019-08-26,23.96537208557129,24.117518711712847,23.85234745620283,24.082743050712143,14902600
2019-08-27,23.982755661010742,24.204456894031516,23.921897019247744,24.05665662477554,11189800
2019-08-28,24.169679641723633,24.221845613317402,23.83495711116853,23.904510081686603,7545000
2019-08-29,24.478322982788086,24.586999604994663,24.43485133894126,24.46962865401872,8186800
2019-08-30,24.643510818481445,24.769576101111397,24.56526351604035,24.673940140733684,10142600
2019-09-03,24.447893142700195,24.504403791092013,24.28270421613318,24.452239477855866,11615800
2019-09-04,24.747844696044922,24.76523335650274,24.587003732494914,24.665251046281174,11884000
2019-09-05,24.786964416503906,25.017358327022254,24.765229423520346,24.926070361527096,11648200
2019-09-06,24.88260269165039,24.9478076766704,24.73045441005606,24.834784707671425,7904600
2019-09-09,24.75218963623047,24.947807909665077,24.704373310078758,24.93476724419405,13704000
2019-09-10,24.995620727539062,24.999967062373077,24.68697954784552,24.73044952927967,9959000
2019-09-11,25.23471450805664,25.24775683198246,24.882603269262916,25.0521385558338,10816000
2019-09-12,25.430334091186523,25.534664396585775,25.23906379927417,25.408599094558248,21448400
2019-09-13,25.70854377746582,25.786791085097327,25.565091485657266,25.591172816018567,10948000
2019-09-16,25.286874771118164,25.72592923804879,25.26079344399956,25.630293283217643,9467600
2019-09-17,25.491193771362305,25.54335809702516,25.195593162149454,25.273840479780738,8162200
2019-09-18,25.504228591918945,25.54335224176634,25.27383468630297,25.49988225672418,8159200
2019-09-19,25.54770278930664,25.695503074809054,25.499884806015597,25.565091448371348,6528200
2019-09-20,25.4882869720459,25.689256952183914,25.374695751371306,25.641198551148474,10378400
2019-09-23,25.4271183013916,25.505759005755746,25.309157244845387,25.31352543214964,6141600
2019-09-24,25.20867347717285,25.53634253883469,25.130032769045126,25.479546101495547,18071400
2019-09-25,25.339740753173828,25.38779914884623,25.09945044142283,25.208673461910653,9181000
2019-09-26,25.28294563293457,25.383430617024608,25.16935441901878,25.370324387198856,8078000
2019-09-27,25.213043212890625,25.431489267412175,25.112558227804048,25.3222662401514,12372200
2019-09-30,25.4271183013916,25.475176694793127,25.22177849926179,25.226148353176995,7754200
2019-10-01,24.82857894897461,25.553819771406456,24.82420909465374,25.466441017711187,14609000
2019-10-02,24.382946014404297,24.631974350636828,24.151392093621958,24.597022186514618,23360800
2019-10-03,24.47032356262207,24.47469341652694,24.072751854437424,24.32178019546457,16530000
2019-10-04,24.601394653320312,24.658189426134864,24.46595750287796,24.487801774469023,12585800
2019-10-07,24.514015197753906,24.767411740847688,24.439742676539684,24.535859468718897,17257200
2019-10-08,24.085861206054688,24.35673383315346,24.077123164327492,24.339257749699076,15613800
2019-10-09,24.356739044189453,24.4441178135447,24.186351360582993,24.32178686980279,17766400
2019-10-10,24.579547882080078,24.69750894460726,24.369839882013203,24.43537436117643,13538800
2019-10-11,25.055761337280273,25.28731528421279,24.841685140993594,24.872267454748833,20600800
2019-10-14,24.876636505126953,25.03391793367161,24.863530274951952,24.968385116185445,9404600
2019-10-15,25.051393508911133,25.17372276568677,24.920326209992794,25.003335110431813,9787600
2019-10-16,25.10381507873535,25.287310593842566,25.03828227567697,25.055756689859397,7689200
2019-10-17,25.16935157775879,25.36158348215109,25.125661372253088,25.226148011610736,6221000
2019-10-18,25.12566566467285,25.234888697180164,25.025180674759472,25.103821391493632,6164200
2019-10-21,25.047025680541992,25.317898324408095,25.047025680541992,25.23925761060646,5849800
2019-10-22,24.942171096801758,25.11255875625631,24.83294806724256,25.029549853771343,8107000
2019-10-23,25.099451065063477,25.208674088265138,25.007704125560743,25.033916584498055,7993000
2019-10-24,25.178089141845703,25.33537054546458,25.04265200726036,25.19556355710599,9324600
2019-10-25,25.453330993652344,25.514497282753766,25.156245922500286,25.182458379789924,8075000
2019-10-28,25.531970977783203,25.663039926974214,25.448962087691694,25.55381691372232,6809000
2019-10-29,25.689252853393555,25.807213909856483,25.361583807644628,25.41838024222551,8291000
2019-10-30,25.71109962463379,25.7504199806137,25.488285385155052,25.610614640820938,12694400
2019-10-31,25.422746658325195,25.732941266647256,25.282941341874757,25.680513023020218,14273400
2019-11-01,25.781002044677734,25.781002044677734,25.527605493738275,25.553819619674535,9332600
2019-11-04,25.981979370117188,26.034405966866284,25.84654218968627,25.97324132622376,6178600
2019-11-05,26.025653839111328,26.169828985414853,25.925168888631852,25.973227270733027,7481000
2019-11-06,26.00818634033203,26.07808901009936,25.912071211033894,26.003818152613935,7988600
2019-11-07,26.18294334411621,26.20915746975359,26.08245836242289,26.152361030844812,8387800
2019-11-08,26.287796020507812,26.292165874670975,26.104302144320204,26.126146415302866,5760200
2019-11-11,26.248477935791016,26.27906024919161,26.09993455644052,26.14799128706211,8242600
2019-11-12,26.3839168548584,26.475663807008104,26.248481354050153,26.331490263145895,9920600
2019-11-13,26.231002807617188,26.370808150145088,26.182944408633634,26.274691352177978,10682000
2019-11-14,26.39265251159668,26.414496783950877,26.156730370304572,26.16983826700601,7162400
2019-11-15,26.37080955505371,26.56741134927354,26.300906880065686,26.523721135774004,6821800
2019-11-18,26.305269241333008,26.383909941601548,26.23099839475209,26.261580704121982,5833200
2019-11-19,26.248477935791016,26.418865586626065,26.16109918324171,26.418865586626065,7262400
2019-11-20,25.920814514160156,26.196055394765185,25.890230527481485,26.147996987056274,11225400
2019-11-21,25.877117156982422,25.951389675666157,25.81158434632017,25.91206932262441,6347200
2019-11-22,25.920814514160156,26.034405750608215,25.890230527481485,25.938288935190396,5749400
2019-11-25,26.091196060180664,26.099934101944545,25.9732349962849,26.008185496729357,6228600
2019-11-26,26.222265243530273,26.252847558602706,26.012557225914524,26.073721856059386,7871200
2019-11-27,26.327117919921875,26.348963858797607,26.130517802929447,26.270323145356176,10083000
2019-11-29,26.231002807617188,26.314011708927147,26.143624051884466,26.23537099542881,7067200
2019-12-02,25.968870162963867,26.235374655149883,25.968870162963867,26.187316249462388,13946400
2019-12-03,25.80284881591797,25.83343113052534,25.610615219401755,25.741682520092077,17312600
2019-12-04,25.85964584350586,26.147994596789047,25.802851063779336,25.973238736181496,11218600
2019-12-05,25.990713119506836,26.00818753779489,25.772267058099892,25.903334361621823,10409200
2019-12-06,26.257217407226562,26.30090762195851,26.139257993978514,26.20479081615951,13194400
2019-12-09,26.20478630065918,26.348961484514007,26.169835801507432,26.28342700701436,5500400
2019-12-10,26.047510147094727,26.200423403264328,25.999451742773175,26.161103042147726,7099600
2019-12-11,26.244108200073242,26.27032232593977,26.117409091634997,26.16983734336805,6985400
2019-12-12,26.611099243164062,26.64605141310602,26.2135274764359,26.274692107223128,14450800
2019-12-13,26.40576171875,26.755276782267135,26.39702367550094,26.646053741570864,10166800
2019-12-16,26.51934814453125,26.67225969755612,26.493134021179443,26.646047240815246,17986000
2019-12-17,26.558671951293945,26.67663302180633,26.47129319536501,26.563040139115373,10051600
2019-12-18,26.523727416992188,26.584892063765015,26.32275738713529,26.584892063765015,7347400
2019-12-19,26.615463256835938,26.65478360854819,26.51934813779227,26.54556059452648,6191200
2019-12-20,26.744625091552734,26.784162218637416,26.626013710298686,26.626013710298686,8337800
2019-12-23,26.819303512573242,26.84126820922978,26.66554896017854,26.731443050148155,6288000
2019-12-24,26.850048065185547,26.911549871580316,26.78854625879078,26.832477317500285,2901400
2019-12-26,26.968660354614258,26.968660354614258,26.814905833241895,26.90715854606531,5604800
2019-12-27,26.86762046813965,27.06530604268502,26.854441988436136,27.06530604268502,13605400
2019-12-30,26.78415870666504,26.929127036434412,26.75340779805339,26.92473476768939,6015400
2019-12-31,26.981843948364258,27.00820258950867,26.740228936503343,26.779766060320505,5390000
2020-01-02,26.665542602539062,27.21027432326075,26.634791699391798,27.161952672456863,14714800
2020-01-03,26.23503303527832,26.55132833577691,26.226246821959077,26.393181523427035,24846400
2020-01-06,26.120813369750977,26.283355798923136,26.09884867483006,26.16035049092815,31528800
2020-01-07,26.09006118774414,26.270174358578963,26.006594680800738,26.076882706594844,40533800
2020-01-08,26.182315826416016,26.287748710734228,26.00659658695079,26.094457044582825,16159200
2020-01-09,26.278959274291992,26.327282603852726,26.19549277146804,26.265780793793116,7572400
2020-01-10,26.173526763916016,26.40635551195978,26.129595704795506,26.34045976117829,11274800
2020-01-13,26.51179313659668,26.520579350553174,26.16913917128823,26.195497813157708,8818600
2020-01-14,26.4019718170166,26.56451428516132,26.344863931689304,26.48544002384746,11010200
2020-01-15,26.582080841064453,26.70508615912296,26.39318310865109,26.3975753776751,7797000
2020-01-16,26.740224838256836,26.784155900097918,26.586470311309697,26.6743307591932,18799800
2020-01-17,26.85883903503418,26.863232979582797,26.700690547260663,26.77097857784902,10894400
2020-01-21,26.56890296936035,26.72265920152062,26.529365844039024,26.674335862150222,7614800
2020-01-22,26.46346664428711,26.64797207630669,26.450286487858097,26.626007383323216,5475000
2020-01-23,26.432716369628906,26.459075008988282,26.06370547339043,26.252603190170163,6925200
2020-01-24,26.243825912475586,26.485440974810178,26.134000731796295,26.472260813585162,10493400
2020-01-27,25.677120208740234,25.86162565494542,25.677120208740234,25.778159144871474,13869200
2020-01-28,25.967056274414062,26.05052277722018,25.7474059952203,25.8045155370343,8982200
2020-01-29,26.050525665283203,26.195495670006373,26.037347183326126,26.05491960980145,7138400
2020-01-30,25.887985229492188,25.923128407077876,25.540937343414694,25.70787204539355,17398200
2020-01-31,25.316898345947266,25.668338550460863,25.23343014526342,25.650766121285415,22041400
2020-02-03,25.848447799682617,25.962665220225237,25.391574765914477,25.413539461118962,24321200
2020-02-04,26.30532455444336,26.445900634595706,26.059315576277225,26.164748474291013,27190200
2020-02-05,26.792943954467773,26.841265612117063,26.344857147674944,26.533756537081686,34300800
2020-02-06,26.779766082763672,26.924736095481066,26.683121083417664,26.924736095481066,24751800
2020-02-07,26.39757537841797,26.61283342817721,26.305322646720697,26.61283342817721,15666600
2020-02-10,26.384397506713867,26.45468554332074,26.30092931113141,26.358038864561674,9051200
2020-02-11,26.52936553955078,26.770980557830683,26.511793111654324,26.524973270476146,8116800
2020-02-12,26.67433738708496,26.727052998594083,26.586476917370373,26.70948056949135,6487000
2020-02-13,26.577688217163086,26.744622926428466,26.507400183124858,26.639190037471668,8235600
2020-02-14,26.582080841064453,26.68312146240503,26.51179280608771,26.586474785887404,7255000
2020-02-18,26.51618766784668,26.608440402731475,26.393184021333617,26.54254463450005,9416200
2020-02-19,26.586471557617188,26.68751049089014,26.56011291927691,26.577685344837093,13654800
2020-02-20,26.630403518676758,26.810516708573854,26.437111846235624,26.489827452210676,10361200
2020-02-21,26.50739860534668,26.604045274821214,26.445896788698818,26.520577087257273,13041000
2020-02-24,25.76059341430664,25.953886799578566,25.641982021289568,25.83527540656149,18589800
2020-02-25,24.64915657043457,25.786945174678685,24.583260811087328,25.764980480162528,40124000
2020-02-26,24.565689086914062,25.110422575789308,24.52615364113485,24.780947121238643,28607200
2020-02-27,23.414724349975586,24.442687939769584,23.414724349975586,24.1615357914155,41394400
2020-02-28,23.159929275512695,23.199466398434883,22.470227434602524,22.672305318071988,61483400
2020-03-02,24.15275001525879,24.15714396029343,23.12039413758943,23.37958159326543,33634600
2020-03-03,23.941884994506836,24.662337779424714,23.62119572686895,24.231823351261564,56780400
2020-03-04,24.9346981048584,24.947878260702815,24.02534611412711,24.36360773362501,28159600
2020-03-05,24.14396858215332,24.486624303352432,23.99460626157918,24.214256634435305,28354600
2020-03-06,23.515762329101562,23.71344794895051,23.058890944760464,23.515762329101562,37882200
2020-03-09,21.314865112304688,22.637159168496886,21.24457708399877,21.824453736472286,28490000
2020-03-10,22.180286407470703,22.21103731315544,21.103999681108903,22.114390651975597,33436000
2020-03-11,21.125965118408203,21.60919508972967,20.831632856175183,21.547693276194074,29909600
2020-03-12,19.092004776000977,20.4318713481925,18.61316702732544,19.579628738279602,30731600
2020-03-13,20.431867599487305,20.445047755373178,18.977783868839165,20.32643640719185,24228000
2020-03-16,18.182649612426758,18.990962696617927,16.557237231892504,16.557237231892504,28854200
2020-03-17,19.307260513305664,19.504946106262118,17.936643195138736,18.463802541957687,22089800
2020-03-18,18.07282829284668,18.797675028445994,16.87793000049352,18.055255864829963,19751800
2020-03-19,18.534095764160156,18.82403415653837,17.383128409664714,17.76092727641797,17973800
2020-03-20,17.870746612548828,18.718596813069844,17.58080831488559,18.692238176628237,30497400
2020-03-23,16.95974349975586,17.88401645706146,16.875719298908376,17.760190963813418,37354800
2020-03-24,18.954227447509766,19.078052936829433,17.87959427378331,18.029954519526807,23758600
2020-03-25,19.396465301513672,20.17922298470836,18.688886905582613,18.88347176578673,27152800
2020-03-26,20.307466506958008,20.40475891982966,19.586623389577298,19.62642467784337,26767800
2020-03-27,19.57335662841797,19.9934809943341,19.400884928735586,19.551245174842546,28151200
2020-03-30,20.196908950805664,20.276511532818127,19.652959098384343,19.816587565296494,19508400
2020-03-31,19.918298721313477,20.418023907599686,19.83869615080858,20.134993295580287,17017400
2020-04-01,19.020559310913086,19.56451078071504,18.967491492028337,19.188609372209587,20480800
2020-04-02,19.308013916015625,19.78120606145772,18.958647248036325,18.998448535363025,23569200
2020-04-03,18.843669891357422,19.568936417475594,18.759643999943997,19.175346779789212,18531600
2020-04-06,20.24555778503418,20.3959180497717,19.65296164600935,19.65296164600935,20933400
2020-04-07,20.785083770751953,21.50592863771345,20.68336973346224,20.992935148298127,22422600
2020-04-08,21.80222511291504,21.899517531030938,20.771816552034522,21.006200991682025,32927200
2020-04-09,22.739763259887695,22.86359042687166,22.01892014481778,22.041031596673463,61476000
2020-04-13,22.240034103393555,22.624778696012147,21.930468771185176,22.56286596696954,31714600
2020-04-14,22.527490615844727,22.850322541259764,22.29752780178285,22.704385607275604,16524000
2020-04-15,21.492658615112305,21.83318037420263,21.320186927766894,21.811068922208847,11401200
2020-04-16,21.368833541870117,21.57668490596598,21.015045242235647,21.532460314139367,9255800
2020-04-17,22.226770401000977,22.29752806099677,21.86856048533289,21.872982101022014,12609200
2020-04-20,21.67840003967285,22.19139352199291,21.616487294961154,21.837605204357658,9686400
2020-04-21,21.143295288085938,21.382101350198685,21.046002867264882,21.125605450301055,11975400
2020-04-22,21.55899429321289,21.722621059592345,21.346721321073037,21.576684129306784,7665200
2020-04-23,21.70935821533203,22.151594070859677,21.682823456681845,21.682823456681845,12767200
2020-04-24,22.049880981445312,22.111793733981102,21.647446402966697,21.886254180172728,8291400
2020-04-27,22.63804817199707,22.72207404690904,22.0852534665049,22.116209835052814,9722200
2020-04-28,23.058177947998047,23.195271674755688,22.77514726165604,23.00953173247127,13503800
2020-04-29,23.646347045898438,23.765750905652965,23.438495695178087,23.53578810394005,11752600
2020-04-30,22.943193435668945,23.274870280743784,22.907813762436373,23.274870280743784,10813600
2020-05-01,22.461158752441406,22.64247537963573,22.25330736748845,22.54518295484995,10134000
2020-05-04,22.540760040283203,22.571716412387133,22.06756785298515,22.28868576058221,10141000
2020-05-05,22.598247528076172,22.90339129385871,22.549603009686415,22.73976284174509,9034000
2020-05-06,22.209083557128906,22.832635999692467,22.186970416395987,22.66016429874873,7506400
2020-05-07,22.66459083557129,22.868018953313925,22.399249959124035,22.430206338476342,8245800
2020-05-08,23.208534240722656,23.239490611308376,22.921081987141562,22.991839646622598,7567000
2020-05-11,22.854745864868164,22.960881510227566,22.62036143495346,22.8237894943887,8857200
2020-05-12,22.505382537841797,23.075867199392302,22.505382537841797,22.929928556532253,8400000
2020-05-13,22.03218650817871,22.487688823467217,21.828758453486333,22.39481971419404,10532200
2020-05-14,22.30195426940918,22.30195426940918,21.36883634682895,21.62533395210514,10842000
2020-05-15,22.496538162231445,22.514228001853617,22.049880677245344,22.160439644389978,9761200
2020-05-18,23.52252197265625,23.7082618888786,23.212958257278544,23.270447697565416,8851400
2020-05-19,23.296979904174805,23.624233420907935,23.27486845363806,23.43407359669549,9785800
2020-05-20,23.668458938598633,23.92495481149119,23.60212289738739,23.606546199865793,7598600
2020-05-21,23.44291877746582,23.72595110366568,23.354472967961275,23.597702318090136,10491400
2020-05-22,23.407543182373047,23.451766091643123,23.22622655517237,23.416388101626232,7465200
2020-05-26,24.048786163330078,24.177033278608956,23.85420130829361,23.938227200057867,8228800
2020-05-27,24.292011260986328,24.451216409940205,23.982445881019963,24.322967630283404,13983400
2020-05-28,24.517555236816406,24.716561709314085,24.2787491568151,24.63253750403547,10969400
2020-05-29,24.521974563598633,24.605998755251854,24.230099013597997,24.521974563598633,14772600
2020-06-01,24.690025329589844,24.77847113929773,24.49544049944286,24.53082017292256,6466800
2020-06-02,25.136686325073242,25.172064316600448,24.74309667998101,24.769629751877435,8655400
2020-06-03,25.707170486450195,25.892908734079377,25.41971650855259,25.450672883157452,9448200
2020-06-04,25.800039291381836,25.87079695917496,25.561231529956597,25.601032823527472,9007400
2020-06-05,26.458969116210938,26.66239718234932,26.37494323328738,26.47665726635657,11260000
2020-06-08,26.494352340698242,26.644712612130355,26.259967856729027,26.560688399593253,10513000
2020-06-09,26.171520233154297,26.34399196117842,26.016738345695735,26.18921007371986,12017800
2020-06-10,25.87521743774414,26.282075274913943,25.76908178421866,26.282075274913943,10384800
2020-06-11,23.87630844116211,25.216282198927168,23.774592735995917,25.14110124558635,58196800
2020-06-12,24.34065818786621,24.805005428085842,23.88073256325058,24.7032913992374,27863800
2020-06-15,24.59716033935547,24.743098996432284,23.56675156734326,23.699422000233767,13771400
2020-06-16,25.11014747619629,25.556806566320603,24.725402813402724,25.446247619437745,19004800
2020-06-17,24.902297973632812,25.295887557310024,24.83154031462338,25.26935280255811,8050800
2020-06-18,24.91998863220215,25.06150396446946,24.765206764720975,24.809429673431072,7135200
2020-06-19,24.844806671142578,25.379911569018716,24.667911681383956,25.335688665076887,14837000
2020-06-22,24.936853408813477,25.039126316830135,24.621139470897226,24.839026411464918,6738800
2020-06-23,24.99466323852539,25.33261018328682,24.985769719319524,25.31037553713949,6232000
2020-06-24,24.26540756225586,24.75453916279973,24.194261116790113,24.727860305915737,11306000
2020-06-25,24.56778335571289,24.594463912094046,23.980824685449566,24.19870995896725,10509400
2020-06-26,24.229835510253906,24.518867206690732,24.083095010377992,24.474401313782014,16345800
2020-06-29,24.7011775970459,24.807898104063337,24.37657186192085,24.434378873899668,9878200
2020-06-30,25.05691146850586,25.20365196343204,24.545546932244225,24.616693376257366,7877800
2020-07-01,25.110275268554688,25.194761149804517,24.76788243991295,25.083594713087013,16292200
2020-07-02,25.581615447998047,25.790608855667713,25.408196108129562,25.461555513566424,16065800
2020-07-06,25.946250915527344,26.09299145597356,25.612751537712,26.066310895092734,15728400
2020-07-07,25.955137252807617,26.03073130625007,25.74169791362642,25.759484949291124,14897400
2020-07-08,25.586061477661133,26.137445924476708,25.297028131517695,25.99960066090522,18333600
2020-07-09,25.345943450927734,25.74169562989948,25.061357690600406,25.706123257991027,31458800
2020-07-10,25.786165237426758,25.81729170138713,25.38596542041473,25.403752455896388,9314200
2020-07-13,25.786165237426758,26.310869214015213,25.768378201945097,26.0529639845914,18069200
2020-07-14,26.435375213623047,26.470947586232207,25.701676157611416,25.732802619743794,18868200
2020-07-15,26.880041122436523,26.991207544203203,26.697728258589763,26.897828157022786,16457200
2020-07-16,26.968975067138672,27.173520879635582,26.835574001691548,26.93340099734877,11128800
2020-07-17,27.195749282836914,27.2668957142687,27.062349935935405,27.160176915253384,8155600
2020-07-20,26.960079193115234,27.253558458168918,26.91561160976476,27.18241202107302,7186400
2020-07-21,27.195749282836914,27.32914862973842,27.129048761253795,27.129048761253795,7554200
2020-07-22,27.511465072631836,27.520358589759706,27.142393441282525,27.15128695841039,5899400
2020-07-23,27.426973342895508,27.69821962040012,27.235767006171425,27.489226253221567,8828000
2020-07-24,27.333602905273438,27.47589580285659,27.17796888235958,27.329155298074824,11727000
2020-07-27,27.729352951049805,27.83162585712467,27.4225325365602,27.511466014619,7281800
2020-07-28,27.120161056518555,27.644865007776236,27.093480504584104,27.644865007776236,9140200
2020-07-29,27.34249496459961,27.42253323098785,27.164628003977846,27.209093896000763,8223000
2020-07-30,26.813343048095703,27.013442964866258,26.59101018418734,26.933402998158037,14042200
2020-07-31,26.840024948120117,26.906723792877678,26.50207802812701,26.86225789637264,10541400
2020-08-03,26.6888370513916,26.98676227330651,26.684389444227577,26.977868755243588,11077800
2020-08-04,27.06679916381836,27.12905208691947,26.528754104141676,26.582113510190496,15835000
2020-08-05,27.46255111694336,27.751584481834445,27.244665887884473,27.3202582378088,11793000
2020-08-06,27.346942901611328,27.498129320462716,27.240222378077632,27.42698287019531,13939400
2020-08-07,27.440322875976562,27.444770483360866,27.075697098663262,27.20465057256473,7971600
2020-08-10,27.70711898803711,27.70711898803711,27.426979136132992,27.466999114976435,6678200
2020-08-11,27.658206939697266,28.10731855132214,27.60484753053486,27.9472386275699,8975200
2020-08-12,27.822734832763672,28.02283475225978,27.756034294176583,27.991708286589848,7929000
2020-08-13,27.818281173706055,27.924999970203395,27.6537536766869,27.689327739695802,16852000
2020-08-14,27.84941291809082,27.960579341702253,27.65820653377795,27.693778907275806,5179600
2020-08-17,27.973918914794922,28.174018817586163,27.858306579996107,28.067298304009164,3719600
2020-08-18,27.85830307006836,28.11620825963247,27.831622520969397,28.062848857699343,4764000
2020-08-19,27.778263092041016,28.03172237130805,27.69822314108671,27.96502184675786,6209400
2020-08-20,27.68044090270996,27.698227938506086,27.49368211564591,27.569274473381807,4662400
2020-08-21,27.52035903930664,27.56927253617645,27.369172638193138,27.471445542436836,5512600
2020-08-24,28.005046844482422,28.009494451591266,27.778268073619355,27.871647467723847,7063200
2020-08-25,27.89388084411621,28.196253674101087,27.773820894304706,28.102874278558293,5754800
2020-08-26,28.18735694885254,28.236270444647232,27.79605067875994,27.867197119116327,4762800
2020-08-27,28.111764907836914,28.342991265609157,28.027277342800637,28.285184252099857,7297600
2020-08-28,28.445262908935547,28.471941763015998,28.12065717959261,28.249608932266188,4845800
2020-08-31,28.00949478149414,28.463054024827514,28.00949478149414,28.396353487530057,6109400
2020-09-01,28.79654884338379,28.8276753036144,27.89832401437153,28.009490428413667,18465600
2020-09-02,29.45020866394043,29.494674552203644,28.729849060968995,28.91660782719239,22911200
2020-09-03,28.6364688873291,29.410186177845503,28.33409610594469,29.410186177845503,28891200
2020-09-04,28.654251098632812,28.956623829133108,28.2229249426588,28.805435767618384,27926400
2020-09-08,28.1162166595459,28.391908964207627,27.90277729178211,28.36967601478198,16465800
2020-09-09,28.841020584106445,29.03222699076762,28.445268341196414,28.463055378156803,13236200
2020-09-10,28.56977081298828,29.090028860278295,28.516409708446993,28.983310043725734,14234600
2020-09-11,28.93439483642578,29.076687714265095,28.66314850796181,28.796549565167957,19443800
2020-09-14,29.35238265991211,29.4368668326903,29.05890168096597,29.174515708356562,11562800
2020-09-15,29.49467658996582,29.69032719034727,29.481337161818225,29.499120804328317,8611200
2020-09-16,29.51691246032715,29.854859393936298,29.432428271322795,29.56138175115432,19141200
2020-09-17,29.734798431396484,29.79705136186952,29.050012803662796,29.20564512984539,23226600
2020-09-18,29.223426818847656,29.828172369243006,29.192300359306557,29.828172369243006,18910000
2020-09-21,28.23966407775879,28.65961904630911,27.91352988778479,28.63281116185641,16070800
2020-09-22,28.293270111083984,28.36475153804872,28.060955047385686,28.26199538905099,11727400
2020-09-23,27.462303161621094,28.26646980806968,27.439963826350073,28.23966362829566,14883600
2020-09-24,27.658878326416016,27.940337265706255,27.22105425654904,27.44890083313973,22009400
2020-09-25,27.90459442138672,27.993946650903172,27.301469854591698,27.399757477485,8869000
2020-09-28,28.35582733154297,28.58814248687749,28.186058236442296,28.302214961983395,8570600
2020-09-29,28.145843505859375,28.463042285555737,28.06989522237656,28.373690060559763,11333400
2020-09-30,28.4317684173584,28.664085217993865,28.20838871363402,28.270934757996542,12347200
2020-10-01,28.02968978881836,28.699827286963767,27.935869005251092,28.565799787334686,29154800
2020-10-02,28.279876708984375,28.498789619272745,27.627608231863395,27.71249192543318,27853200
2020-10-05,28.820453643798828,29.01256034743786,28.498786288077277,28.507721681764217,18641400
2020-10-06,28.458574295043945,29.200194835413296,28.40496364390632,28.96341289732456,31358800
2020-10-07,29.19126319885254,29.267214901987114,28.77578014875643,28.820455415685693,14277800
2020-10-08,29.48612403869629,29.59781390247923,29.33422746003348,29.41464088979322,12583200
2020-10-09,29.713970184326172,29.84353082604374,29.530797184775988,29.731840970270376,9547600
2020-10-12,29.66482925415039,29.919482013688178,29.64695846647178,29.883740438330957,8131200
2020-10-13,29.401233673095703,29.620148223165245,29.2895438282248,29.454846025695023,10341200
2020-10-14,29.48612403869629,29.678230740743114,29.392304962139118,29.432511677018987,8767000
2020-10-15,29.401233673095703,29.43697524149525,29.039359666435114,29.075101234834662,8749800
2020-10-16,29.60674285888672,29.745240585620046,29.490587873244056,29.57546983836699,20165000
2020-10-19,29.26274299621582,29.80779005234567,29.17339247260607,29.705033882540867,10827600
2020-10-20,29.329753875732422,29.64248407723309,29.240399954943975,29.436975172175,8399800
2020-10-21,29.21807098388672,29.669299017858275,29.21807098388672,29.325292305843792,7800400
2020-10-22,29.37889862060547,29.41463678156145,28.91426844314109,29.204662730119285,7066400
2020-10-23,29.48612403869629,29.700570076901357,29.338692600461812,29.58888021311842,8233000
2020-10-26,28.74897003173828,29.119781194645693,28.525590305915134,29.115312645748077,14833600
2020-10-27,28.4764461517334,28.798111774915206,28.458575365931093,28.757905063237924,9313000
2020-10-28,27.672273635864258,28.05202010743021,27.56505234581745,27.779496630162747,15424600
2020-10-29,28.244131088256836,28.463042249757102,27.493575126037754,27.591861039582962,15086800
2020-10-30,28.22626495361328,28.342421672126147,27.779505459829284,28.127977319620094,14679800
2020-11-02,29.16445541381836,29.26721158375943,28.57473309510159,28.650681381120993,15868400
2020-11-03,29.620147705078125,29.772044255364015,29.311882647905165,29.51292300175496,17784200
2020-11-04,29.115314483642578,29.66929869277702,28.847259477434744,29.481657120777633,22194600
2020-11-05,30.303693771362305,30.5315386326779,29.763115255518883,29.785451182518273,17707400
2020-11-06,30.379638671875,30.652162173817704,30.25454658741022,30.477926283526948,12151400
2020-11-09,31.063182830810547,32.349852179279885,31.018507569211803,31.836078149634364,32868400
2020-11-10,31.42953109741211,31.501014255664295,31.152542380446377,31.192749100584788,19650600
2020-11-11,30.960433959960938,31.451868716300677,30.750456454710147,31.451868716300677,12835400
2020-11-12,30.308155059814453,30.844268367226107,30.11158324808343,30.821929034561766,11053200
2020-11-13,30.830873489379883,30.920224024355154,30.52707689855776,30.536010588653518,11077200
2020-11-16,31.438467025756836,31.478673744398048,31.085526614164618,31.326777151525288,10964200
2020-11-17,31.32230567932129,31.393785419736997,30.924690036841007,31.241888841038527,13893800
2020-11-18,31.063182830810547,31.518879361228098,31.04978059318132,31.425056880815564,9243000
2020-11-19,31.192745208740234,31.241889021780906,30.737052061504382,30.982767718203576,7465400
2020-11-20,31.16594123840332,31.308904130888944,31.02744348644547,31.183812026027052,8858000
2020-11-23,31.425046920776367,31.617153552417147,31.282084083869474,31.411644687394922,8959000
2020-11-24,32.206886291503906,32.30070877309027,31.679713426137575,31.715451590761315,12274400
2020-11-25,31.8718204498291,32.1622148006615,31.81374294306439,32.14881256129306,7890200
2020-11-27,32.037109375,32.15326774876231,31.885212847274904,32.01477345483613,4594600
2020-11-30,31.715456008911133,32.01925260580968,31.54568862566072,31.992448126481854,9913400
2020-12-01,32.063926696777344,32.31411432583314,31.91649865738346,32.2560334114163,10474200
2020-12-02,31.652910232543945,32.07733380719546,31.594832723983107,31.965643930998407,10779600
2020-12-03,31.43398666381836,31.84947297616415,31.362503535090696,31.742251691575838,11470200
2020-12-04,32.06839370727539,32.072862256286356,31.55908819215961,31.568025290181545,11538400
2020-12-07,31.858421325683594,32.13988201396067,31.746731442019293,32.04606292070323,8008800
2020-12-08,32.037109375,32.11305763886255,31.670766880983173,31.684169114782094,7046600
2020-12-09,32.05498504638672,32.2247523812436,31.751188536087792,32.162206341638246,13517800
2020-12-10,31.858421325683594,32.130944914504866,31.751199991747193,31.885229215546254,7156600
2020-12-11,31.67523956298828,31.82267097102664,31.438457645625526,31.6439665438744,6851600
2020-12-14,31.27315902709961,32.00137564595498,31.259756790020038,31.95223183766066,10226400
2020-12-15,31.840551376342773,31.920968231045464,31.492079475466053,31.572496330168743,8021400
2020-12-16,31.75119400024414,31.95670293838601,31.617164801736614,31.912027675051533,8139200
2020-12-17,32.117530822753906,32.144335294221214,31.92989270547575,32.05051623558214,7591400
2020-12-18,32.260501861572266,32.34091870486032,31.876288433474247,32.14881199081132,10906600
2020-12-21,32.08943557739258,32.17025421595692,31.429417266706206,31.68983326047294,10098600
2020-12-22,31.891878128051758,32.12535571735764,31.846979645657434,32.084944685328516,6653800
2020-12-23,31.936769485473633,32.27351316660676,31.918809411415804,32.06697745324251,8219200
2020-12-24,32.138832092285156,32.138832092285156,31.838008425017104,31.963725573992683,2732600
2020-12-28,32.01310729980469,32.48005562007163,31.99963467231514,32.439648014206725,5322600
2020-12-29,31.936769485473633,32.25555309254893,31.775132244487022,32.183716221851476,6852800
2020-12-30,32.37679672241211,32.444146172839595,32.026583690831586,32.04454377264794,5655000
2020-12-31,32.502506256103516,32.5563864889315,32.15678418234393,32.421687619628806,6500800
2021-01-04,32.19269943237305,32.95598728078151,32.00861464002386,32.78985913968178,18266000
2021-01-05,32.91557693481445,33.00537732059751,32.13882329461416,32.13882329461416,26812000
2021-01-06,34.26255416870117,34.505010088126376,33.234362805513335,33.27028296221366,48521400
2021-01-07,34.51847839355469,34.7474651046508,34.39276127390493,34.46908903575877,18577800
2021-01-08,34.35235595703125,34.612768539858884,33.92581178632691,34.58133925785203,16988400
2021-01-11,34.35235595703125,34.49154228798523,33.71927601520542,33.84499314323286,12240200
2021-01-12,34.78788757324219,34.91809218601833,34.20868771683525,34.320935671359024,17845800
2021-01-13,34.433170318603516,34.83277260823223,34.28949312936099,34.75195397518741,9809200
2021-01-14,34.316429138183594,34.57684509600032,34.27601811171279,34.54541582009376,11074000
2021-01-15,33.8270263671875,34.06050392347375,33.47232600856171,33.99764537190457,19709000
2021-01-19,33.94377136230469,34.19071816408045,33.800094157326456,34.10091777000982,9912400
2021-01-20,34.05602264404297,34.15929225102403,33.91234542489657,34.10990288579853,10326600
2021-01-21,33.55763626098633,34.08295911522963,33.5441670590504,34.0156096800154,12646600
2021-01-22,33.3960075378418,33.53070644276034,33.12661315354016,33.18049340061467,12131800
2021-01-25,33.22088623046875,33.355585075434114,32.637199228531315,33.26129725417193,24149400
2021-01-26,32.76293182373047,33.553158341947636,32.753950069532074,33.4274377619189,13554800
2021-01-27,31.797592163085938,32.26005306754358,31.433909981043488,32.26005306754358,24779000
2021-01-28,32.34536361694336,32.54740851883718,32.03106736056583,32.116376882738074,14483400
2021-01-29,31.716768264770508,32.37678650470276,31.555131004969375,32.21065836948096,17979800
2021-02-01,32.08943557739258,32.14780326198113,31.57309446576119,32.04453709497564,16012000
2021-02-02,32.51148986816406,32.67312372482853,32.14780427044848,32.32740163128479,15789200
2021-02-03,32.5743522644043,32.76741885055736,32.453122575719625,32.60129067276305,12846200
2021-02-04,32.45760726928711,32.632713741332424,32.17923120898032,32.48005479679822,12994200
2021-02-05,33.01435852050781,33.0592570045408,32.70455315727115,32.771902596088,12575600
2021-02-08,33.28824234008789,33.404981134140115,33.20293282610343,33.297224091841315,12635600
2021-02-09,33.04129409790039,33.33313935743862,32.96047888887865,33.30620095443137,14514000
2021-02-10,33.005374908447266,33.29272927088325,32.794348299197736,33.256809119195196,10917400
2021-02-11,33.036808013916016,33.22538369383379,32.753941068504744,33.10415744975368,13346000
2021-02-12,33.37804412841797,33.39600420898591,32.9200740633084,32.96497255196069,6575800
2021-02-16,33.315185546875,33.61601261435782,33.26579618171521,33.503764680001055,12385800
2021-02-17,33.29721450805664,33.36007305009988,32.866179611855,33.22088334226104,11821200
2021-02-18,33.09067916870117,33.24782896731862,32.93802367071556,33.21190881760412,12117600
2021-02-19,33.69683074951172,33.84499541719327,33.270286550148946,33.27926830305998,11360800
2021-02-22,33.8270263671875,33.96621609611997,33.54416288512615,33.65641078800458,12198600
2021-02-23,33.94377136230469,34.033571756375316,33.207425258599386,33.809075909500905,22024400
2021-02-24,34.2401008605957,34.38377803761136,33.83600772975978,33.961724831456706,14763400
2021-02-25,33.44987487792969,34.23111931861366,33.315176024986116,34.17275164262298,20375400
2021-02-26,33.023338317871094,33.46783910689519,32.80782081152134,33.364569516750926,16280200
2021-03-01,33.85847091674805,34.038064883772314,33.45886509117362,33.45886509117362,15016000
2021-03-02,34.04704284667969,34.35684480317824,33.934794917019424,33.9572424476305,15129200
2021-03-03,33.71029281616211,34.16377190164173,33.70580194065741,33.92131943293695,17340400
2021-03-04,33.05476379394531,33.791109765483064,32.48005165165332,33.65641091132175,37034800
2021-03-05,33.813568115234375,33.92581605445694,32.695579599727495,33.39600564430502,23513000
2021-03-08,34.267051696777344,34.77890203974881,33.86744929613358,33.925816992951255,29673000
2021-03-09,34.47807693481445,34.75645305334018,34.24459930623541,34.496037015900164,15732600
2021-03-10,35.04828643798828,35.322171613335634,34.62623662435768,34.648684151111205,14336600
2021-03-11,35.23686981201172,35.519733347320845,35.21441885699608,35.371565265501154,9525000
2021-03-12,35.3311653137207,35.35361284806615,35.138098705565135,35.232386571101266,9627600
2021-03-15,35.37156295776367,35.394013911314545,34.94502224457363,35.33115535201358,9292800
2021-03-16,35.079715728759766,35.37605185650389,34.88216173579806,35.34013170304381,13154200
2021-03-17,35.39400863647461,35.479314711078544,34.96297711170497,35.04828318630891,11091200
2021-03-18,35.19645690917969,35.71279801730875,35.12910747324379,35.30870482722798,13173600
2021-03-19,35.02134704589844,35.259312061073544,34.60827556953658,35.12910407765929,17836800
2021-03-22,35.042991638183594,35.18727556064652,34.75893019333467,34.96634155687518,12876400
2021-03-23,34.31255340576172,34.91223487452474,34.190815239922685,34.885182713227216,20470200
2021-03-24,34.560543060302734,35.0429927640382,34.46585705564439,34.46585705564439,13470600
2021-03-25,35.0610237121582,35.12414770631078,34.2223724298458,34.42076065146831,15393400
2021-03-26,35.93124008178711,35.958292241607765,35.2729444861514,35.39017280537422,15219200
2021-03-29,35.80949401855469,36.147659734156754,35.606595965193264,35.800477779738436,12979600
2021-03-30,35.705787658691406,35.89515961190604,35.61110168208409,35.795963796412906,13140600
2021-03-31,35.52994918823242,35.881641014654036,35.439769591714146,35.773425498832104,14174400
2021-04-01,35.8410530090332,35.86810860321237,35.372129509919006,35.58855706335604,14325800
2021-04-05,36.282928466796875,36.41368629348717,36.034938892039484,36.21078479414031,17460600
2021-04-06,36.36409378051758,36.49485162663229,36.18824785229438,36.219809853770336,12551800
2021-04-07,35.73735809326172,36.3686015264306,35.660704574091234,36.305474087113744,17575600
2021-04-08,35.78245162963867,35.85459187985946,35.48486406747662,35.81852347474931,10828600
2021-04-09,36.093563079833984,36.102579320563365,35.75990369284219,35.868119221596416,10617600
2021-04-12,36.219810485839844,36.26038872844556,36.06200047570614,36.071016716285115,8856400
2021-04-13,36.13414764404297,36.242359751726404,35.97182776251737,36.16119981096361,9311800
2021-04-14,36.395660400390625,36.54445418622983,36.14767075732529,36.1611968396742,9953200
2021-04-15,36.82399368286133,36.89162751860549,36.4317236275448,36.57600753846578,10863000
2021-04-16,37.27037811279297,37.369570515009386,37.117074509367455,37.18470835087871,12927600
2021-04-19,37.09904479980469,37.33801476515092,36.89163684044757,37.27038435231757,12112600
2021-04-20,36.74283218383789,37.10354366558851,36.60756795818113,37.03139999323854,10643200
2021-04-21,37.41015625,37.45524433589361,36.70677247805848,36.751860563952086,10809000
2021-04-22,36.778907775878906,37.36506313358201,36.73381969605559,37.36506313358201,16101000
2021-04-23,37.38309860229492,37.504836760348496,36.80595949152259,36.94122716935985,9370000
2021-04-26,37.60403823852539,37.820462427523836,37.455244458588666,37.531894548858936,8192000
2021-04-27,37.50483703613281,37.613049115198365,37.274883358118544,37.43720319671686,8882800
2021-04-28,37.608543395996094,37.766353397489894,37.45072995450226,37.52287363518516,7793600
2021-04-29,37.84299850463867,37.861034422439,37.45523487193063,37.8384886651887,11571000
2021-04-30,37.44171142578125,37.85652724435209,37.3560416702069,37.68068133343619,10352600
2021-05-03,38.00080871582031,38.22625252969205,37.734786666651466,37.76183882351621,12405600
2021-05-04,38.415626525878906,38.415626525878906,37.72126256987574,37.752824567875884,15622200
2021-05-05,38.90259552001953,38.96571953144279,38.56893953963938,38.56893953963938,15113400
2021-05-06,39.23175048828125,39.25429281545694,38.59599700590771,38.97925096790541,14774400
2021-05-07,39.619503021240234,39.69615310383507,39.069419482618244,39.240755568418486,15089400
2021-05-10,39.44365310668945,40.22368681421785,39.43914326699282,40.079402903923594,18238200
2021-05-11,39.574405670166016,39.62851342402733,38.85749599150155,39.12802788080891,18997000
2021-05-12,38.57794952392578,39.51579674152474,38.53286144307969,39.42562057983256,18269200
2021-05-13,39.168617248535156,39.28584557825774,38.54638999692937,38.63656960440862,22130400
2021-05-14,39.637542724609375,39.7412449780167,39.30839316205469,39.34446500671831,11112600
2021-05-17,39.98472213745117,40.05686238202923,39.46169074425933,39.66008243684937,15624000
2021-05-18,39.5428466796875,40.07489425976995,39.51579452070022,40.05235194061384,13594800
2021-05-19,38.93865966796875,39.10999574509971,38.49678823536792,38.99276742706271,24960000
2021-05-20,38.96120834350586,39.13254443345987,38.807904734599475,39.00629642612532,11750000
2021-05-21,39.046878814697266,39.46169472284403,39.02433649099397,39.177636676178416,13533000
2021-05-24,39.39406204223633,39.547362218589136,39.114510412416045,39.276830269731,10218400
2021-05-25,39.06039047241211,39.56087596980992,39.015302401655404,39.47069982829651,9688800
2021-05-26,39.073936462402344,39.195674648767685,38.8079108847881,39.073936462402344,12616400
2021-05-27,39.38504409790039,39.57892596713106,39.28134184226568,39.39406377926025,11654600
2021-05-28,39.344451904296875,39.52029778847153,39.18664193644773,39.47069987857619,10690800
2021-06-01,39.89454650878906,39.95767051364472,39.6240111279788,39.799857061505314,13700800
2021-06-02,39.56089401245117,39.957677472070564,39.51129607999874,39.94865778980602,11410200
2021-06-03,39.55187225341797,39.56990817543051,39.06942251958354,39.28134030323051,12528600
2021-06-04,39.637542724609375,39.77731682268031,39.475222863623564,39.718699215101836,10291600
2021-06-07,39.15509033203125,39.6555760068327,38.97924438574971,39.6555760068327,12097600
2021-06-08,39.22723388671875,39.38955375041556,38.88005183603422,39.173126118819646,11581600
2021-06-09,38.92062759399414,39.263303222115574,38.91161135325423,39.15058129286513,19761200
2021-06-10,38.68616485595703,39.27231678407756,38.68165501589455,39.218212463328,12269000
2021-06-11,38.8304443359375,39.10548606828445,38.62303643679056,38.96120216279094,8715600
2021-06-14,38.352508544921875,38.816922348332,38.14510060553484,38.72223633948142,12375600
2021-06-15,38.2713508605957,38.43367072528253,38.00081889945116,38.41112840185413,20967400
2021-06-16,37.84752655029297,38.28939470895902,37.76185675953065,38.27135878248268,16649000
2021-06-17,37.00435256958008,37.743808105757864,36.55346487971557,37.739298265659194,30323200
2021-06-18,36.40467071533203,36.77439847934705,36.40467071533203,36.6210983176823,23531600
2021-06-21,37.16047286987305,37.21481553306272,36.81631303447501,36.82989783653883,18014200
2021-06-22,37.30990982055664,37.47293434303588,37.04725881712519,37.31443923921833,11156800
2021-06-23,37.069908142089844,37.513694500856616,37.065378722733335,37.41859742397802,10336800
2021-06-24,37.18764114379883,37.40500485871934,37.06537103108883,37.3461362390396,10540600
2021-06-25,37.192161560058594,37.54085417251464,37.160462545738355,37.39141448146205,20219000
2021-06-28,37.192161560058594,37.341601251111186,36.90234101343544,37.30990223679095,10148200
2021-06-29,37.17405319213867,37.55444487875704,37.08348555267115,37.355191926007706,9840000
2021-06-30,37.273685455322266,37.32802812039997,37.06537708825951,37.069906507416285,9728400
2021-07-01,37.477474212646484,37.62238455582275,37.287276580092865,37.572571301455746,14184600
2021-07-02,37.53179931640625,37.5770865887512,37.27820717495681,37.5272733531188,12341200
2021-07-06,36.97480010986328,37.527271639885114,36.716678561976615,37.51368338584169,12216600
2021-07-07,37.35973358154297,37.391432611232936,36.89330352113272,36.98387119026545,13178600
2021-07-08,36.8525390625,37.05179204488859,36.53101940314945,36.74838660711287,15825600
2021-07-09,37.57709503173828,37.67671807045301,37.25557190953019,37.32802879761499,14981600
2021-07-12,37.69935989379883,37.8125711847712,37.21028628761394,37.350670637775075,20226200
2021-07-13,37.35519790649414,37.71747543223206,37.23746064732367,37.63143374250903,24708800
2021-07-14,37.2782096862793,37.699355780948515,37.16952782618422,37.400476347019506,12376600
2021-07-15,37.282745361328125,37.53180814313086,37.06537814972693,37.08802179122473,12688200
2021-07-16,36.721214294433594,37.377841883876805,36.6532902808141,37.350672278429,19222200
2021-07-19,35.933258056640625,36.10534140609826,35.62985266829597,36.07364238724037,23013400
2021-07-20,36.340824127197266,36.60347514945036,35.724954432572126,35.83816572268801,21231400
2021-07-21,36.73933029174805,36.857071012602425,36.549136134553486,36.59441996413294,13671200
2021-07-22,36.75291442871094,36.861596298501354,36.449505549188906,36.825367856926434,9453400
2021-07-23,37.01103591918945,37.047260905722744,36.608000553997144,36.93404961733715,10392800
2021-07-26,37.32350158691406,37.359730033100206,37.020096123708385,37.10160840015981,11820600
2021-07-27,37.37331008911133,37.54086404023658,36.73932618112869,37.09254830417119,16864400
2021-07-28,37.48198318481445,37.61783808148517,37.119709218581775,37.38688613911837,12214400
2021-07-29,37.894081115722656,38.03446200229276,37.65407374645084,37.7446413916701,12574800
2021-07-30,38.048038482666016,38.283519836632216,37.82161596420115,37.82161596420115,11172400
2021-08-02,37.586143493652344,38.45107929747697,37.586143493652344,38.229182709781284,17010000
2021-08-03,37.975589752197266,37.980119170505986,37.30085153142056,37.622371132662266,13131600
2021-08-04,37.61331558227539,38.02087689232157,37.59520136239176,37.817097964765566,10539600
2021-08-05,37.55897521972656,38.04804532177121,37.52274678107612,37.794453161086274,13964800
2021-08-06,38.102394104003906,38.1522073514213,37.74464598843107,37.78087443290456,14054200
2021-08-09,38.05710983276367,38.15220690719836,37.74917496819365,38.03446619149773,10743600
2021-08-10,38.63221740722656,38.78165713113854,38.04352080398679,38.04352080398679,16047400
2021-08-11,39.175628662109375,39.207327679369556,38.74995318324373,38.926562487255275,16544800
2021-08-12,39.11222839355469,39.21638082077463,38.76353576867577,39.180152387422666,9612600
2021-08-13,39.148460388183594,39.22997265036741,39.076006963428085,39.16657460810602,7815800
2021-08-16,38.9537353515625,39.0035485907088,38.541648092637885,38.90845153095697,12273400
2021-08-17,38.505428314208984,38.786193593003034,38.057112515998256,38.74090976221298,14924000
2021-08-18,38.05710983276367,38.60052267380038,38.03446619149773,38.369574116573794,14712800
2021-08-19,37.71747589111328,37.88502985341912,37.51369348480598,37.626904781109616,15936200
2021-08-20,37.93935775756836,38.02087000481159,37.67218083628606,37.73104944904312,13973600
2021-08-23,38.26542282104492,38.36957874652804,38.05711442501368,38.152211510923486,8095600
2021-08-24,38.505428314208984,38.62316903821098,38.38768759020699,38.446559679675396,11059200
2021-08-25,38.682029724121094,38.80882580625232,38.25182823761382,38.40126795795454,9824400
2021-08-26,38.41485595703125,38.718261386666484,38.396741735942435,38.66844814240585,11541800
2021-08-27,38.92203903198242,39.03525031881766,38.56882036984595,38.60957822967247,10357400
2021-08-30,38.88127517700195,39.15298150838149,38.88127517700195,39.080528098982555,9012600
2021-08-31,38.76807403564453,38.85864168476353,38.58240586353591,38.85864168476353,10608800
2021-09-01,38.6684455871582,38.8224147287715,38.33334115649516,38.727314210605954,14017600
2021-09-02,38.91751480102539,38.99449765031711,38.768075066564215,38.78165986879988,10631000
2021-09-03,38.65939712524414,38.989972196378176,38.65033828620949,38.876760892988614,22878200
2021-09-07,38.40578842163086,38.55069870259054,38.35144922560449,38.52352910457736,13864600
2021-09-08,38.03899002075195,38.32881062070581,37.907664521564406,38.29258218197806,12420000
2021-09-09,38.052574157714844,38.310695733012516,37.93030749780922,37.93030749780922,9871400
2021-09-10,38.04351806640625,38.51447738806874,38.02087442928505,38.229182762051046,17780200
2021-09-13,38.03446578979492,38.491840390046555,37.79445839662298,38.378629094781715,15220000
2021-09-14,37.61785125732422,38.19296315080783,37.53633898175842,38.16579354393081,12087400
2021-09-15,38.0163459777832,38.06163325317743,37.64048715852297,37.71294058027247,12651600
2021-09-16,37.60425567626953,37.907661049220835,37.332549320567864,37.871432613811606,11250600
2021-09-17,36.82990264892578,37.46388664924065,36.712161924097416,37.39595917511141,19932000
2021-09-20,36.1221809387207,36.29046734602367,35.644617031570355,35.96754218879701,20155600
2021-09-21,36.035770416259766,36.40872661330759,35.881128179902554,36.34505141893634,15229000
2021-09-22,36.40873336791992,36.77259119325378,36.38144151524198,36.38144151524198,15312200
2021-09-23,36.92723846435547,37.17739010255218,36.64524574871153,36.681632577189255,9516600
2021-09-24,36.872657775878906,37.068232639033646,36.67253369170971,36.758951540789845,7251800
2021-09-27,37.15918731689453,37.36840979285679,36.96361250069875,36.968161720620905,10433000
2021-09-28,36.69982147216797,37.122808758527235,36.58611524970622,37.068228522531726,16570600
2021-09-29,36.54972457885742,36.777136999845816,36.47695093852282,36.69526838948847,13939600
2021-09-30,35.98119354248047,36.808974616446946,35.972095102415494,36.65888158571831,21458800
2021-10-01,36.55426788330078,36.7498426725024,35.88112569929313,36.154019866309035,18500000
2021-10-04,36.39508056640625,36.827166227391324,36.135830557830396,36.59975381741118,17111600
2021-10-05,36.71800994873047,36.92267973363561,36.249537460325215,36.495143284234224,13584200
2021-10-06,36.649784088134766,36.649784088134766,35.9584484324775,36.34505229769904,15448600
2021-10-07,37.127342224121094,37.53213596454172,36.96360504035125,36.96360504035125,16938400
2021-10-08,36.92268371582031,37.30928416791346,36.85445929014777,37.218320580375696,12798000
2021-10-11,36.92723846435547,37.46847779029607,36.922689243286015,37.0500396729191,9673200
2021-10-12,36.977264404296875,37.15009661075568,36.840815551276755,36.94997255166977,15331400
2021-10-13,37.254703521728516,37.42298648814332,36.808973661143135,37.21831670248928,14431400
2021-10-14,38.1598014831543,38.21437823842897,37.51395109879308,37.618558859761436,11374200
2021-10-15,38.27350616455078,38.46908095994568,38.17799337657249,38.35992051365245,11705000
2021-10-18,38.246219635009766,38.31899327598903,37.877812620157286,37.94603704106579,12699800
2021-10-19,38.44633483886719,38.44633483886719,38.1279589078729,38.41904646479264,9591000
2021-10-20,38.755619049072266,38.80110083301975,38.38721208804862,38.478175655943595,9303800
2021-10-21,38.655555725097656,38.66919991281318,38.255311181946155,38.59642975498453,13392200
2021-10-22,38.582786560058594,38.992129552245125,38.582786560058594,38.72833034949851,11568400
2021-10-25,38.96938705444336,39.133124251859996,38.59188165650847,38.8283924839048,10799400
2021-10-26,39.07854080200195,39.23772876688861,38.71468309226637,39.03760824104712,11553800
2021-10-27,38.51911163330078,38.99667556909649,38.49181978694268,38.928451158257765,11404200
2021-10-28,38.901161193847656,38.97393482111479,38.55549340440386,38.56459184283102,8303400
2021-10-29,38.714683532714844,39.037608685169445,38.57368550217909,38.755616094135355,8699200
2021-11-01,38.8056526184082,39.037614242927596,38.66920378750552,38.77836424024284,11040400
2021-11-02,39.24683380126953,39.3241531872045,38.83294155296239,38.905715189163274,13271200
2021-11-03,39.65616989135742,39.8244528230619,39.210440122709045,39.31505133893502,19187200
2021-11-04,39.63343048095703,39.80171689634762,39.46514406556644,39.7152990789798,10073200
2021-11-05,39.94271469116211,40.05187167399457,39.692559657548216,39.73349569488409,11658800
2021-11-08,40.443023681640625,40.58402174076587,40.30202909255351,40.37934848205044,10690000
2021-11-09,40.62950134277344,40.62950134277344,40.292928483018756,40.45666569315943,15768000
2021-11-10,40.3520622253418,40.775049484896556,40.27019361155577,40.58856962625793,12872400
2021-11-11,40.67498016357422,40.84326658117833,40.44756777385727,40.53398559236177,8158400
2021-11-12,40.979713439941406,41.00245606776449,40.68862584800251,40.78413863879141,8774600
2021-11-15,40.79324722290039,41.011561236128664,40.647703390735316,40.993367823353196,8628000
2021-11-16,40.67953109741211,40.92968265462074,40.65223924987024,40.81597645497014,8776200
2021-11-17,40.41118240356445,40.72046340343911,40.37934480666726,40.61585564365025,10558600
2021-11-18,40.23835372924805,40.52034290627497,40.15648512010259,40.44302351709263,10389200
2021-11-19,40.16558074951172,40.40663736094314,40.03368112872057,40.09735979913541,10426000
2021-11-22,40.22925567626953,40.6613413559303,40.16558047632595,40.18377388631528,13379800
2021-11-23,40.27018356323242,40.55672190496656,40.065510344818804,40.24289518879225,15231400
2021-11-24,39.98365783691406,40.147391605252885,39.897239997204196,40.05642801506037,10365200
2021-11-26,39.296871185302734,39.48334758576037,38.87388389885184,39.074007960840206,14215000
2021-11-29,39.478797912597656,39.683467704721345,39.219547889889824,39.59704987380601,12280400
2021-11-30,38.500919342041016,39.37873132952185,38.42814570969299,39.2786693200622,24004600
2021-12-01,38.109771728515625,39.44695779724746,38.09157831948087,39.11038493516143,22485600
2021-12-02,38.88752365112305,39.046711650424115,38.16435382428187,38.237123993946014,17957400
2021-12-03,38.801109313964844,39.369640412669234,38.45544490438026,38.95120235683203,19977200
2021-12-06,39.36962890625,39.678909872354296,39.0512529720415,39.19224753289992,16246000
2021-12-07,39.97000503540039,40.22016008131888,39.81991547788739,39.82446122778548,11307000
2021-12-08,40.13829040527344,40.22925398134951,39.90632877523006,40.10645280664301,9216400
2021-12-09,39.91542053222656,40.10644609202764,39.75168334667209,39.83809768846548,6601600
2021-12-10,40.161033630371094,40.315672406003124,39.89723439778204,40.220159608694274,9585000
2021-12-13,39.91997528076172,40.22925631541779,39.78807912881031,40.13829273406409,9406600
2021-12-14,39.879051208496094,40.21562069527449,39.769894193602354,39.888146180554344,9073600
2021-12-15,39.9654541015625,40.01548510425665,39.27866772188269,39.71074986874565,14623000
2021-12-16,40.37480163574219,40.634051669326126,40.20651865694808,40.238356258614935,13071200
2021-12-17,39.86994552612305,40.34750950676885,39.84265367720185,40.22925408154503,15645800
2021-12-20,39.15774154663086,39.32687734575472,38.65946823573869,39.304022947625825,14155400
2021-12-21,39.651432037353516,39.80685796003352,39.409153837045324,39.441152778828986,9063600
2021-12-22,39.966861724853516,39.99886067388767,39.55544417468304,39.60572873568298,6190200
2021-12-23,40.3691291809082,40.501697233735264,39.97142851005043,40.030854125059776,5745600
2021-12-27,40.97711181640625,40.98168409058641,40.43769855471712,40.497124168565904,4918600
2021-12-28,41.21481704711914,41.260529321392525,40.94968097366134,40.958822033466824,8537000
2021-12-29,41.38395309448242,41.45709552391979,41.14167490031138,41.17824611503006,5153800
2021-12-30,41.23767852783203,41.63538270637088,41.205679581578806,41.397673259098156,6340000
2021-12-31,41.42052459716797,41.52566248068639,41.155388520048696,41.16453306760344,6457800
2022-01-03,40.8811149597168,41.52109732724366,40.785118127731266,41.47081277416219,15088600
2022-01-04,41.38395309448242,41.539379013225336,40.98168019544588,40.99996580280522,19937400
2022-01-05,41.3793830871582,42.19764575128572,41.36566975279334,41.59880689986554,21252800
2022-01-06,40.858253479003906,41.4753813965541,40.7988278704232,41.4753813965541,17868600
2022-01-07,40.82168960571289,40.97711205250055,40.64340927551605,40.908541889896384,16543600
2022-01-10,40.40570068359375,40.69826346167253,40.02171334522413,40.60226662708013,16819200
2022-01-11,40.849117279052734,40.86283061438573,40.11771033109769,40.46512645161169,13614800
2022-01-12,41.260528564453125,41.347380837692334,40.849111128294304,41.191958410489505,10215600
2022-01-13,40.94053649902344,41.41137955136011,40.8399674028694,41.1965315131309,12006200
2022-01-14,40.593116760253906,40.670827968405604,40.108556930482244,40.487975399866635,14588800
2022-01-18,40.05828094482422,40.222847942904416,39.747432558186446,40.15427777910043,15581800
2022-01-19,39.95771408081055,40.45598384621319,39.939428471856786,40.35541474077915,14832400
2022-01-20,39.37715148925781,40.355408753597104,39.33143921746699,40.058273755522585,17147200
2022-01-21,38.41718292236328,39.29029889297767,38.2891871560008,39.14401751890296,32542400
2022-01-24,38.44004440307617,38.540613520222735,36.98637494199894,37.69492406145421,42454000
2022-01-25,38.092628479003906,38.41719023048548,37.21036779288897,37.86406357055572,29311200
2022-01-26,37.694923400878906,38.71889319023614,37.315504824701804,38.39890372094439,26921600
2022-01-27,37.82291793823242,38.61375401137206,37.46635725920217,38.11091193869803,23174600
2022-01-28,38.04235076904297,38.05606410799893,37.132663246179376,37.658359840154354,22016000
2022-01-31,38.6046028137207,38.63203296804587,37.77719915038913,37.84119703110964,14549400
2022-02-01,39.198875427246094,39.29029998071519,38.59089203256946,38.801171295646895,18608400
2022-02-02,39.322296142578125,39.49600766455809,38.97944885987818,39.18973159570898,14158800
2022-02-03,38.6366081237793,39.262877188504035,38.57261023250798,38.979455464571416,15542600
2022-02-04,37.99662780761719,38.42175863400166,37.77263170881763,38.1154790369463,23376200
2022-02-07,37.8091926574707,38.16575322385286,37.681196914423,38.07432868956805,25255400
2022-02-08,38.39432907104492,38.462899235257744,37.882345951852464,37.9600571770694,15501800
2022-02-09,39.23086929321289,39.29029489651576,38.76002627729056,38.77373960977409,21469200
2022-02-10,39.00231170654297,39.87085896416482,38.81031804081425,39.08916747859216,26622000
2022-02-11,38.39890670776367,39.16231270647162,38.270910910090954,38.80575198791935,25266400
2022-02-14,38.08348083496094,38.46289938918334,37.79549032926266,38.42632816977369,18896800
2022-02-15,38.78288650512695,38.84231560499571,38.307474631916286,38.34861463555782,13351000
2022-02-16,39.06630325317383,39.14858673764602,38.668599163621096,38.74174158876206,15678000
2022-02-17,38.39890670776367,38.78289410078183,38.266338635138666,38.66404285301368,13083800
2022-02-18,38.33490753173828,38.68232717643504,38.1200559552498,38.48118893672263,17929600
2022-02-22,37.79091262817383,38.31661249692116,37.48006428307634,38.1520455208329,21308800
2022-02-23,37.30636215209961,38.170337169501195,37.251505322179824,38.03319683851347,19162200
2022-02-24,37.196651458740234,37.3017893550841,36.28696068533896,36.46524102055111,31807000
2022-02-25,38.554317474365234,38.572603080998746,37.3337820044669,37.36578094416983,22258400
2022-02-28,38.115478515625,38.37604234193401,37.745204522349916,37.960056069725006,22460400
2022-03-01,37.237789154052734,38.302902312517155,37.01379655225974,38.005767276394806,26263800
2022-03-02,38.05605697631836,38.26633627202702,37.37950331774049,37.46635909835066,19142800
2022-03-03,38.10176086425781,38.53146391032805,37.7177735795658,38.39432360143923,19471600
2022-03-04,37.96919631958008,37.9874819282878,37.33835851346836,37.63549355162812,17329000
2022-03-07,36.65266799926758,37.891489355508995,36.64809572467113,37.86406268317758,21826400
2022-03-08,36.465240478515625,37.23321863709988,36.245820140419205,36.702949913680705,25989800
2022-03-09,37.59435272216797,37.81834882898116,36.86751803459134,37.068652769372015,20626200
2022-03-10,37.694923400878906,37.74520795857099,37.155510090055934,37.205794647748014,15590000
2022-03-11,37.416072845458984,38.06976858870817,37.38407389946596,37.745206854315015,13862800
2022-03-14,37.3612174987793,37.90063076489362,37.17379261971174,37.65834905808409,15630800
2022-03-15,37.79091262817383,37.86405505648992,37.128075937768244,37.37949518795318,18169600
2022-03-16,38.385189056396484,38.74632200931309,37.61263859461137,38.21604977841067,23893200
2022-03-17,39.12117385864258,39.139459471371815,38.20691414792482,38.257198711024216,14103000
2022-03-18,39.35886764526367,39.427437799831445,38.82402671735633,38.929168086043305,19242200
2022-03-21,39.686038970947266,39.860404665951684,39.42449392919744,39.52085226028876,17759400
2022-03-22,39.90169143676758,40.15406094334039,39.75485922405869,39.988874266448384,13931800
2022-03-23,39.71814727783203,39.98887122801785,39.667673380352575,39.80533010088852,11578800
2022-03-24,40.51655960083008,40.53491056691423,39.93381665609529,39.965936097877446,10905200
2022-03-25,40.970821380615234,40.99376183865636,40.53491066875464,40.60832853630208,10050000
2022-03-28,40.78728103637695,40.84693042939667,40.3834932589796,40.819400478888596,10706800
2022-03-29,41.131412506103516,41.131412506103516,40.51655370974333,40.82398310792342,15656200
2022-03-30,40.99376678466797,41.21860640559209,40.79646411853146,41.145188529186576,8967200
2022-03-31,40.447731018066406,41.13141827578642,40.443141526190594,40.82398883448187,10599400
2022-04-01,40.87445831298828,41.02588002167029,40.44313714307815,40.681741684169104,12484000
2022-04-04,40.88363265991211,40.94328554390677,40.52113986771756,40.94328554390677,11518000
2022-04-05,40.5578498840332,41.1405927620763,40.43854761360013,40.860693301111894,11457400
2022-04-06,40.08981704711914,40.310063588214646,39.74108927283632,40.29629861699063,16795600
2022-04-07,40.35136413574219,40.51655080067393,39.86039363184946,40.140293064052926,11529200
2022-04-08,40.59915542602539,40.86528645954721,40.3743158190882,40.585386949488104,10311000
2022-04-11,40.39724349975586,40.828564571098056,40.346769608396436,40.466071851678294,12266200
2022-04-12,40.40642547607422,40.93410492464425,40.24123880520436,40.594556101525534,14295600
2022-04-13,41.00293731689453,41.02129178221216,40.32383610316746,40.48443679950764,17061600
2022-04-14,40.86527633666992,41.35166086522266,40.84233588297072,41.04881747004326,12664000
2022-04-18,40.9019889831543,41.14517951916863,40.764332245416696,40.83775010574509,12443000
2022-04-19,41.28742599487305,41.37460532858819,40.68632863730335,40.78727644547946,10121200
2022-04-20,41.54896926879883,41.709566456598715,41.27365580313486,41.351663152142926,17289400
2022-04-21,40.869869232177734,41.980288105488356,40.7551564518583,41.86098933450064,15328600
2022-04-22,39.341896057128906,40.539497821531135,39.268481694574085,40.53032233899544,18824200
2022-04-25,39.23176574707031,39.33271354069247,38.148876962178434,38.924336376134306,26687800
2022-04-26,38.62608337402344,39.626378850833255,38.60772891105604,39.4061287959804,21081400
2022-04-27,39.19506072998047,39.64014686400753,38.850922399640716,38.97481415898646,26049200
2022-04-28,39.81451416015625,39.952170910351086,38.722449644617114,39.387782435460146,20703000
2022-04-29,39.01610565185547,40.2733565947394,38.9197473479133,39.94298676726159,21265600
2022-05-02,38.896812438964844,39.23177533596743,38.14429679445243,39.066588633439665,32838200
2022-05-03,39.33271789550781,39.55296446892694,38.84633683684743,38.924340685735196,22845000
2022-05-04,40.60832977294922,40.63585972373958,39.22718672927319,39.58967958462535,29811200
2022-05-05,39.35107421875,40.45690363092291,38.924342524244,40.32383638201713,24543600
2022-05-06,38.78668212890625,39.03905162904261,38.14428990190496,39.03905162904261,28715400
2022-05-09,37.56155014038086,38.42418892087834,37.45601285037961,38.08005060674152,27881400
2022-05-10,37.32753372192383,38.28653427547158,36.882447625362666,38.18558648028173,34030200
2022-05-11,37.34589767456055,38.346193398090925,37.26330432121375,37.43308051997014,33836600
2022-05-12,37.27706527709961,37.64873707746156,36.59796755681389,36.955870882472084,26458200
2022-05-13,37.850624084472656,38.226881824828425,37.575314140438955,37.575314140438955,17295200
2022-05-16,37.78179931640625,38.0846427341735,37.34589215529349,37.69003049325289,16692600
2022-05-17,38.850921630859375,38.91057451408844,38.24064883028481,38.6306750642236,15137400
2022-05-18,37.64413833618164,38.566429872357865,37.48354117832894,38.47924705777119,13932400
2022-05-19,37.9102783203125,38.35536093702724,37.350479430328924,37.39636383918286,16195000
2022-05-20,37.81850814819336,38.42878097277838,36.9925782396799,38.2819487556589,16114400
2022-05-23,38.511375427246094,38.60314425281565,38.03875932412592,38.30030432783108,12760200
2022-05-24,38.29113006591797,38.42419732992973,37.63497273000159,38.38290240355887,14059600
2022-05-25,38.460899353027344,38.6260860303379,38.01122373129169,38.144290971389424,11071400
2022-05-26,39.16753005981445,39.3648361722591,38.65361556906752,38.72703342521254,11073000
2022-05-27,40.08523941040039,40.09900438569496,39.433671574241764,39.49791045945421,13588800
2022-05-31,39.47496032714844,39.855807587606954,39.341893085515125,39.70897537283159,18490800
2022-06-01,39.08034133911133,39.66308410695138,38.699494144476404,39.539192368573495,14350000
2022-06-02,40.15864181518555,40.15864181518555,39.41071587402369,39.497898692592145,13050800
2022-06-03,39.76863098144531,40.08523941629369,39.62638823570494,39.800750424056254,10651200
2022-06-06,40.1448860168457,40.30548321872859,39.92922541685021,40.062292670055015,11184000
2022-06-07,40.433963775634766,40.48443768116838,39.69979914996634,39.805336452652,12411400
2022-06-08,39.594261169433594,40.35595216215797,39.50707834166617,40.016403334112454,8475600
2022-06-09,38.65821075439453,39.424491361807476,38.64444577952885,39.29142410351165,10812600
2022-06-10,37.474369049072266,37.97451857583604,37.423895147267956,37.91027970094985,16668400
2022-06-13,36.0106315612793,36.59796033891084,35.79955699985953,36.51536701075917,20820400
2022-06-14,35.735321044921875,36.21711608185052,35.455421604535665,36.001455512954,15700800
2022-06-15,35.72615051269531,36.235475564888176,35.0745827254643,36.18959115043294,20859400
2022-06-16,34.436771392822266,34.86350299311956,34.14310701205376,34.74879023498325,18569400
2022-06-17,34.37712097167969,34.6249009670294,33.78061668725037,34.38629995340883,25019600
2022-06-21,34.89691162109375,35.058620425758384,34.62893501622803,34.91539313091079,11233200
2022-06-22,34.4487419128418,34.78602327096886,34.04678056307281,34.14380583801661,16064800
2022-06-23,33.977481842041016,34.50419258557514,33.62171891220522,34.31014200111265,18934800
2022-06-24,35.326595306396484,35.335837823347674,34.171527436615065,34.20849045444504,22495000
2022-06-27,35.03550720214844,35.41899044661018,34.929239444350955,35.29886244322741,13583800
2022-06-28,34.66127014160156,35.57146405716457,34.60582914775165,35.24342525193395,9846400
2022-06-29,34.41177749633789,34.78601829255974,34.056014680805085,34.72595604285339,10594800
2022-06-30,34.00519561767578,34.31937420296084,33.533929502241804,33.87582858696791,13860000
2022-07-01,34.245445251464844,34.29626850753381,33.35373292905461,33.723352443662996,16434200
2022-07-05,33.55702590942383,33.56164716726946,32.854746291325455,33.34449387335476,19413000
2022-07-06,33.769561767578125,33.86659056838363,33.155068354062934,33.520070215466966,16602000
2022-07-07,34.06987380981445,34.421015356148615,33.97284855194317,34.18538057275455,9897200
2022-07-08,33.73721694946289,34.17614480501157,33.557026664286035,34.12070028457754,8182600
2022-07-11,33.64480209350586,33.79727183180385,33.33524488543602,33.39530711946893,8287600
2022-07-12,33.580135345458984,34.02368101211761,33.460007292513644,33.50159157141256,13606800
2022-07-13,33.38608169555664,33.58013224587294,32.86398877805532,33.030318828322805,19998800
2022-07-14,32.771583557128906,32.79930405615921,32.332659205875736,32.76234456578119,15012400
2022-07-15,33.284427642822266,33.399934400248085,32.87784512567852,33.302909147008776,10334000
2022-07-18,33.36296844482422,33.875818684492174,33.23822270881755,33.71873120026259,7533400
2022-07-19,34.37944030761719,34.45798407342855,33.69563860676226,33.732601623021935,11284800
2022-07-20,34.43949890136719,34.59196868347702,34.185382597850804,34.33323112217301,9383400
2022-07-21,34.92924499511719,34.938487510300256,34.22234415804132,34.37943519127302,9401800
2022-07-22,34.679752349853516,35.32196972485177,34.52266483078319,35.14177944121842,10807400
2022-07-25,34.8229866027832,34.86918861150975,34.54114976706774,34.77216333568781,7729800
2022-07-26,34.58734893798828,34.79064198969018,34.45336065618357,34.64279345890344,7703800
2022-07-27,35.003173828125,35.14177984212354,34.17614490214847,34.34247493893632,11703200
2022-07-28,35.622291564941406,35.65925458190588,35.090959652285974,35.169506944582295,11832000
2022-07-29,36.09817886352539,36.19520413907842,35.7377982614749,35.87640781225769,9258000
2022-08-01,35.807098388671875,35.954946911986916,35.54836435411726,35.92722641542374,10411600
2022-08-02,35.442100524902344,35.94109066856233,35.24342871909256,35.62691208088611,11367400
2022-08-03,35.47906494140625,35.72393876462999,35.17874659170288,35.63615247895077,9597400
2022-08-04,35.50216293334961,35.8071025307668,35.32197263487119,35.53450821639742,6898800
2022-08-05,35.62690734863281,35.7793771264412,35.16950154019444,35.220324799463896,5892000
2022-08-08,35.82558059692383,36.33380968546936,35.80247783267711,36.06121539729006,9414200
2022-08-09,35.65000915527344,35.899500662281675,35.52525987678264,35.88564041466863,13987200
2022-08-10,36.66184997558594,36.86976428725445,36.333811154939596,36.34305367100685,8528200
2022-08-11,36.786598205566406,37.25324302886614,36.74039267653819,36.99913024414575,6129200
2022-08-12,37.47963333129883,37.48887232075408,36.83279479485152,36.902099553218456,7447200
2022-08-15,37.45654296875,37.511987498793644,36.957552773320025,37.08230208467132,6380200
2022-08-16,37.66444778442383,37.82616009002922,37.3456514812011,37.35026921422802,5211400
2022-08-17,37.146976470947266,37.32716674303689,36.948304693388614,37.24400173091962,8159600
2022-08-18,37.262489318847656,37.354893336289436,37.02223323351934,37.29483107745101,4562800
2022-08-19,36.57868194580078,37.05919051713151,36.44469367374817,37.05919051713151,6634400
2022-08-22,35.99653244018555,36.19520070581585,35.86716189339886,36.01039268895166,7032000
2022-08-23,36.35228729248047,36.53247755431832,36.00114575852026,36.00114575852026,9840000
2022-08-24,36.43083572387695,36.56482400438171,36.20444343439711,36.3060899592619,5778200
2022-08-25,37.25786209106445,37.27172233896131,36.680328262116916,36.680328262116916,6130800
2022-08-26,36.11665344238281,37.37336757506933,36.08893294753982,37.34102582275696,8665800
2022-08-29,35.86254119873047,36.158238231277146,35.63152767174171,35.7193104150065,7198800
2022-08-30,35.27577209472656,35.978055334673414,35.06786128782728,35.954952567245755,7402600
2022-08-31,34.84146499633789,35.33583384798724,34.827601222470804,35.33583384798724,10050800
2022-09-01,34.38405227661133,34.481077534286776,33.96360949335105,34.421015286674354,11796000
2022-09-02,34.35171890258789,35.1648876973766,34.19924909262985,34.89228983790729,14134200
2022-09-06,34.245445251464844,34.675130536874676,34.09297548325794,34.5503812628921,12551200
2022-09-07,35.19260025024414,35.25266602392648,34.074495613073,34.15303936713344,12192000
2022-09-08,35.534515380859375,35.56223588621821,34.71672522289405,34.84147454698475,8796600
2022-09-09,36.07045364379883,36.17210016440817,35.79323810349225,35.89026336635021,7296600
2022-09-12,36.407737731933594,36.58330676499835,36.185963167810705,36.440079488682024,8099000
2022-09-13,35.10943603515625,35.88102392044961,35.021653288915154,35.47905910086517,9404000
2022-09-14,34.679752349853516,34.98931318005809,34.34247454714984,34.952350166752026,11562400
2022-09-15,34.222347259521484,34.90614892058424,34.16228500533513,34.54576482050499,10417400
2022-09-16,33.68178176879883,33.811148813825014,33.316779877482034,33.7603255425665,16265400
2022-09-19,34.23934555053711,34.28580887251462,33.27289285573825,33.31470878204074,10323400
2022-09-20,33.58884811401367,33.7747049452208,33.33794192362268,33.7747049452208,9549600
2022-09-21,32.85471725463867,33.90015799541178,32.8407786119496,33.83046123704203,17767400
2022-09-22,32.45976638793945,33.082382587604634,32.43653295873015,32.98945596061459,11753000
2022-09-23,31.79533576965332,31.944020523383376,31.32140422492757,31.902204598079994,14010200
2022-09-26,31.279586791992188,31.971899889302634,31.12161078176908,31.567665072011508,14978000
2022-09-27,31.349275588989258,31.860379111870305,31.061197382128842,31.679169713257238,14157800
2022-09-28,32.157752990722656,32.30643773684878,31.39574322371079,31.51655068772701,13507800
2022-09-29,31.683818817138672,31.851089585639365,31.223822431299926,31.851089585639365,11454600
2022-09-30,31.600183486938477,32.1856276327686,31.502609462633455,31.660585441530056,10820800
2022-10-03,32.62704849243164,32.86865993353522,31.925440516555653,32.106649983614545,19858000
2022-10-04,33.8258171081543,33.862985640044954,33.22643066297851,33.28218523327667,30250200
2022-10-05,33.44481658935547,33.71895271590294,33.068455465636724,33.351886385074685,18429800
2022-10-06,33.0916862487793,33.53774055877627,33.00805084409708,33.18461290068196,23953600
2022-10-07,32.27391052246094,32.887235495135116,32.064823833224345,32.81753875041502,10183800
2022-10-10,32.34360885620117,32.53410951987666,32.129874761502975,32.39936696370134,10391200
2022-10-11,32.09270477294922,32.6177470258581,31.865032022828885,32.07411873590942,13918800
2022-10-12,31.85110092163086,32.13453184996932,31.832514880191052,32.10200361875595,16029200
2022-10-13,32.78502655029297,32.93371134130626,31.065858432644003,31.22848186892025,19446400
2022-10-14,31.67917823791504,33.06845184943407,31.623420121444,32.99875509007638,16595200
2022-10-17,32.46906661987305,32.68744815316203,32.27856591833716,32.32038184857995,11471400
2022-10-18,33.10561752319336,33.454097707648025,32.73855130351026,33.24965486505902,15958800
2022-10-19,32.715328216552734,33.13814908486137,32.51553272748342,32.86401298435377,8690200
2022-10-20,32.478355407714844,33.351877834455145,32.399367413020414,32.761786254487944,11416600
2022-10-21,33.602783203125,33.649246519783105,32.38542445510929,32.41794913126234,16680600
2022-10-24,33.40763473510742,33.918738301904796,33.34258538360178,33.737528887721396,13474800
2022-10-25,34.23469924926758,34.25793268346117,33.38905400051628,33.43086992815553,12002600
2022-10-26,34.47630310058594,34.83407805716211,34.18822843131136,34.429839787308445,13530600
2022-10-27,34.388031005859375,34.79691321045526,34.32298164478558,34.52742097462137,9954000
2022-10-28,34.73186492919922,34.80156168820925,34.113892434861036,34.28116323851535,9254800
2022-10-31,34.42055892944336,34.824793776356216,34.36944820593777,34.541362871434174,9583400
2022-11-01,34.50883483886719,34.973475156608316,34.22076011061924,34.9363066253315,23317600
2022-11-02,33.61207962036133,34.94559863767213,33.59814097771155,34.64822911139558,31466600
2022-11-03,33.86762619018555,34.09994630593379,33.11490773898871,33.19389927248508,17459000
2022-11-04,35.04315948486328,35.3033603810641,34.44377326216435,34.73185143316692,19279600
2022-11-07,35.31730270385742,35.34053258697526,34.894478418985884,35.26154460351247,11153200
2022-11-08,35.925994873046875,36.279122562616024,35.42418240022622,35.521756456898316,12313600
2022-11-09,35.34518051147461,36.07931289153413,35.2661925268276,35.758710013360044,13207800
2022-11-10,37.30132293701172,37.32920022080055,36.60436248289737,36.78092806669115,17436600
2022-11-11,37.752017974853516,38.184133522393395,37.64050531433716,37.719493301164434,12982400
2022-11-14,37.70090866088867,38.22130700407895,37.589395996249216,37.6265680661036,12733800
2022-11-15,37.64516067504883,38.137681870698856,37.27345051136115,38.11444843456384,14455000
2022-11-16,37.27809524536133,37.621928097071915,37.20375109097829,37.50112061866167,12797800
2022-11-17,36.92032241821289,36.9435558540808,36.46497685256861,36.70658827894165,9358600
2022-11-18,37.16657638549805,37.296675101543855,36.8227435581021,37.296675101543855,7491200
2022-11-21,37.29203414916992,37.41748547941414,36.818099023970845,36.901734425775125,7238200
2022-11-22,38.137672424316406,38.14696366951426,37.48717536782984,37.5708107543056,7214000
2022-11-23,38.2863655090332,38.32353758777631,38.002934612235,38.100508660242234,8495800
2022-11-25,38.27242660522461,38.30030389162991,38.14697172655171,38.230607130692135,2456600
2022-11-28,37.417484283447266,38.007579473128736,37.34314367584427,37.99363728583664,6464000
2022-11-29,37.542938232421875,37.74737755700161,37.4407167976699,37.55687687444729,5673200
2022-11-30,38.44898986816406,38.46292851180446,37.208400955223944,37.55688122593238,14624800
2022-12-01,38.495445251464844,38.75564621044824,38.160903693431834,38.71382674323216,8215800
2022-12-02,38.918270111083984,39.02049153794315,37.99363341898438,37.99363341898438,6825000
2022-12-05,38.14696502685547,38.778876070507145,38.086563068610786,38.625543932358454,9452400
2022-12-06,37.80778884887695,38.402527965762495,37.533649182388444,38.17020777667128,9495600
2022-12-07,37.72415542602539,38.09586562119531,37.6312252185392,37.74738531920323,8167200
2022-12-08,38.002925872802734,38.198073923939525,37.88211841713169,37.97040119761327,5523800
2022-12-09,37.62656021118164,38.23523766205394,37.61726542319658,37.90998743611288,7872400
2022-12-12,37.95182418823242,37.96111543552889,37.5150611218824,37.64980724969091,6385800
2022-12-13,38.476863861083984,39.19705777685546,38.20272777316183,39.1227136239058,12576000
2022-12-14,38.06333541870117,38.56514783162954,37.77061328362184,38.318889021097405,15635200
2022-12-15,36.9017333984375,37.454656514135,36.80880675231954,37.41748443771809,10456800
2022-12-16,36.743751525878906,36.85526419240526,36.38133270097546,36.60900542906952,14570600
2022-12-19,36.26628494262695,36.88358324272793,36.093253034064126,36.673138451034404,6460000
2022-12-20,36.50477981567383,36.71989851692002,36.31772255746913,36.33175149504564,5641800
2022-12-21,36.82278823852539,36.97711371316252,36.607669501708074,36.69652421156989,5755400
2022-12-22,36.467376708984375,36.560905353998805,35.85007837537743,36.560905353998805,6631200
2022-12-23,36.71990203857422,36.72925704311476,36.26628421924588,36.46737400220127,6202200
2022-12-27,36.75264358520508,36.99582379361701,36.59364416022681,36.8087629181977,4868600
2022-12-28,36.19145965576172,36.88358373129206,36.16340177698649,36.74328720163799,5046400
2022-12-29,36.58428955078125,36.7386114593274,36.392551188927264,36.392551188927264,6446200
2022-12-30,36.32707595825195,36.453339971158925,36.023102545393854,36.31772452199127,5818800
2023-01-03,36.2896728515625,36.62638173385398,35.95764147260552,36.387879014249236,10684000
2023-01-04,36.92099380493164,37.02387745307139,36.44866951903773,36.472049895867386,9742000
2023-01-05,36.33643341064453,36.542200721334765,36.074550337321895,36.34578841634279,8212600
2023-01-06,37.585052490234375,37.66922967932347,36.673132347121154,36.673132347121154,8729200
2023-01-09,37.82356643676758,38.32862977005053,37.6973023873917,37.893714716594054,16791200
2023-01-10,38.202354431152344,38.230412307635405,37.62714298802883,37.83758776531782,8049000
2023-01-11,38.80094909667969,38.81965553833766,38.37538557671089,38.60453681110437,9845800
2023-01-12,38.945919036865234,39.05815411741752,38.50165264909114,38.889803280533535,7787600
2023-01-13,39.18442916870117,39.263928883906594,38.68872086460905,38.7214562513342,6965200
2023-01-17,38.791587829589844,39.32470884316648,38.754178520202,39.24988665650243,6943000
2023-01-18,38.24444580078125,39.203130464203326,38.225739358268385,39.14701113666473,9444600
2023-01-19,37.949832916259766,38.108832349069075,37.65053692800373,37.95451041954522,8159800
2023-01-20,38.712093353271484,38.740151231062015,37.846940965138124,38.04803074771086,6897400
2023-01-23,38.838356018066406,39.00203289758709,38.47358581356382,38.66064663353962,12497400
2023-01-24,38.86174392700195,38.9178632542443,38.30056492613477,38.62324124608332,9361000
2023-01-25,38.94123458862305,38.95526709309189,38.30523353367719,38.4361750322804,7203800
2023-01-26,39.128299713134766,39.14700615326631,38.49229502021686,38.613885097127564,11506200
2023-01-27,39.00203323364258,39.27794518037075,38.82432384758459,38.86173672547979,6839400
2023-01-30,38.735477447509766,39.22650815020006,38.68403562610095,38.76353532540954,10421400
2023-01-31,39.58660888671875,39.600637828498996,38.76354314601176,38.76354314601176,7742600
2023-02-01,39.84848403930664,40.17116390750147,39.10024422773566,39.35745333541109,14447200
2023-02-02,39.72222137451172,39.83913396055124,39.12830343941313,39.67545348578473,12327800
2023-02-03,39.0067253112793,39.600639806272206,38.950605973465976,39.28731486456642,11875800
2023-02-06,38.57647705078125,38.81497973248377,38.37071331932784,38.6606542579769,12524600
2023-02-07,39.0955696105957,39.193775758622174,38.50632915454777,38.52503559720364,15105800
2023-02-08,38.78224182128906,39.26392108798781,38.754183943349744,38.88980296653784,10531800
2023-02-09,38.22106170654297,39.165713770295774,38.04802980604321,39.08153657111869,16661200
2023-02-10,38.36135482788086,38.41747415020755,37.90773345076752,38.13688467435161,7016000
2023-02-13,38.56244659423828,38.64194629571604,38.17897345829321,38.4268275675409,5498600
2023-02-14,38.651302337646484,38.75885992067564,38.207032362153655,38.398770719215506,8215000
2023-02-15,38.81965637207031,38.82900780915568,38.29120919557763,38.394092842961655,7956800
2023-02-16,38.38005828857422,38.8290021286625,38.18832352931758,38.28185215804445,8673600
2023-02-17,38.019981384277344,38.15092293380853,37.814214053362825,38.11351004311687,7452400
2023-02-21,37.393314361572266,37.95449681430705,37.33719504593228,37.82355174448043,11800600
2023-02-22,37.67390823364258,37.8609690732152,37.36993838321192,37.56167315705451,11868800
2023-02-23,37.71600341796875,37.973208983216814,37.159498330574955,37.81420956846956,11192400
2023-02-24,37.96854019165039,38.019982025246264,36.883591318528715,37.08000364613676,18648200
2023-02-27,38.094791412353516,38.45488412627071,38.05737853362915,38.2117039824508,12939600
2023-02-28,38.267822265625,38.51567633666615,38.015290692897686,38.08543894663667,17093600
2023-03-01,38.56711959838867,38.94123768588426,38.347323393442146,38.35200089530379,15481600
2023-03-02,39.0067253112793,39.10025397307842,38.27718819126509,38.36604291749708,12669800
2023-03-03,39.56321716308594,39.586601106717055,38.95994780986958,39.26392123762976,11994600
2023-03-06,38.922542572021484,39.408895825913895,38.857068236574065,39.408895825913895,10962800
2023-03-07,38.15559005737305,38.77756587449551,38.01997459663383,38.77756587449551,13520600
2023-03-08,38.342647552490234,38.436179754332116,38.04335164237359,38.17429315706354,11590400
2023-03-09,37.35590744018555,38.49697539823556,37.23899485654563,38.37071137777557,12851800
2023-03-10,36.56090545654297,37.37929359032652,36.36449316072831,37.369942152954486,26124800
2023-03-13,36.18678665161133,36.68249850155765,35.91555213132682,36.19614165762527,40704800
2023-03-14,36.64976119995117,37.075321186209514,36.25225552659955,36.715231967067844,16477200
2023-03-15,35.46192932128906,35.78460565868558,34.96621749023322,35.70510595004363,28524400
2023-03-16,35.868778228759766,35.91554611521672,35.0176547864197,35.125215930226375,21605600
2023-03-17,35.312278747558594,35.751867648153926,35.25148191891944,35.74251621107275,19087000
2023-03-20,36.038883209228516,36.0576674305896,35.58798306160056,35.58798306160056,14785800
2023-03-21,36.475685119628906,36.630678218050974,36.23144727249111,36.46159158031154,9498000
2023-03-22,35.8275260925293,36.68704941975414,35.818133981062466,36.41463160291659,14654600
2023-03-23,35.78525161743164,36.50386809645864,35.508135988766064,35.98721603038886,13439600
2023-03-24,36.076454162597656,36.16099748983802,35.25450654130806,35.5128343699334,13465200
2023-03-27,36.34417724609375,36.60250509706942,36.081155131214935,36.452206233794726,10614000
2023-03-28,36.5179557800293,36.579013451435635,36.3019014234296,36.33947702894441,10248000
2023-03-29,37.02521514892578,37.04869721446511,36.860826356522836,36.98763954397456,8270200
2023-03-30,37.278846740722656,37.433839846975836,37.14263785436126,37.41035778040757,8433400
2023-03-31,37.884742736816406,37.90352695808534,37.283543737397935,37.283543737397935,13526200
2023-04-03,38.12427520751953,38.222908484227254,37.8424653335822,37.959886413006664,16128600
2023-04-04,37.57474899291992,38.04913120230958,37.429147987262695,38.030343397804245,17497400
2023-04-05,37.490203857421875,37.541869421469585,37.15203055943948,37.29293729473452,18561000
2023-04-06,37.40096664428711,37.43854225546333,37.123854574529354,37.24127567189942,19031400
2023-04-10,37.57944869995117,37.645204227270874,37.21778971628535,37.25536532715589,9267200
2023-04-11,37.87064743041992,38.07730968881798,37.73443854042186,37.748532080827594,7715400
2023-04-12,37.89883041381836,38.218215907280396,37.8330748931121,38.13367258302847,11888000
2023-04-13,38.288665771484375,38.415482549831346,37.84246708241378,37.92231256009469,18003000
2023-04-14,38.01155090332031,38.46244740559352,37.818978618456235,38.19472749538734,8826200
2023-04-17,38.23230743408203,38.241699544536985,37.92701188489062,38.03034301693146,7366200
2023-04-18,38.39199447631836,38.51881124666106,38.21351572863656,38.377904520370706,6766000
2023-04-19,38.283966064453125,38.31684382020013,38.04442608206405,38.1336672405516,7309600
2023-04-20,38.241695404052734,38.363814327188756,38.00215898761004,38.0115510970481,8052000
2023-04-21,37.903526306152344,38.13367422192259,37.69216977814249,38.09140076627626,10844200
2023-04-24,38.16184616088867,38.171238269398636,37.91761192215786,37.96457963152072,7731000
2023-04-25,37.335208892822266,37.800198990767264,37.31642108835312,37.762623381828966,11966000
2023-04-26,36.89370346069336,37.311722203993114,36.77158453847113,37.18490543538356,11910400
2023-04-27,37.396270751953125,37.410360709678756,36.79037748589947,37.001734018598654,11826400
2023-04-28,37.83307647705078,37.89883200051,37.27884879117505,37.38217633989149,10143200
2023-05-01,37.814292907714844,38.0632250720334,37.74383952943035,37.880048438538324,8416400
2023-05-02,37.44792938232422,37.51368489513478,36.851428337448354,37.46201933743981,11681000
2023-05-03,37.034610748291016,37.687471716359234,37.020520790958315,37.50429510421964,12701400
2023-05-04,36.79507064819336,37.35399617729614,36.70583305746628,37.1144561529082,16655000
2023-05-05,37.415061950683594,37.54657301259547,37.16612620245589,37.19900396793387,10267200
2023-05-08,37.29294204711914,37.69687091747155,37.236578629137085,37.6452053468399,7680000
2023-05-09,36.95476531982422,37.14733404265427,36.80446646905176,37.086276366324206,15114400
2023-05-10,36.97825241088867,37.400965481553456,36.57432356182051,37.400965481553456,11730200
2023-05-11,36.6165885925293,36.73870751720006,36.4428041067827,36.625984285492315,12849800
2023-05-12,36.68234634399414,36.84673514679077,36.36765869529671,36.78097962567212,8287200
2023-05-15,36.99233627319336,37.02051618435222,36.64007305008037,36.87021735249361,6487200
2023-05-16,36.38174057006836,36.83263700760509,36.367650616302576,36.79506140862544,8346400
2023-05-17,36.62128829956055,36.76688929722229,36.38644613125084,36.5555327791064,10505600
2023-05-18,36.83734130859375,36.874916914158035,36.278415821897696,36.45220031007728,13352400
2023-05-19,36.9312744140625,37.119148846649175,36.729310026128005,37.105058891301354,9943000
2023-05-22,36.738712310791016,37.109763396291875,36.67765104878502,37.00643226065779,8288600
2023-05-23,36.17039108276367,36.56962204466294,36.095239870289575,36.47098876584597,10494200
2023-05-24,35.7570686340332,36.04827422397991,35.68661884755253,36.015396462486514,14127600
2023-05-25,35.630252838134766,35.80403732673815,35.43298628355168,35.799339480179405,11713000
2023-05-26,35.80873107910156,36.03418112641418,35.64904013245228,35.89327439891793,15882600
2023-05-30,35.61616897583008,35.84631332888829,35.34375116332417,35.78055779944309,12780600
2023-05-31,35.23571014404297,35.53161350892488,35.09010917618449,35.4141924488051,13816800
2023-06-01,35.70539855957031,35.80872967790329,35.25450206599562,35.41419658980298,14559600
2023-06-02,36.90310287475586,36.987646209428,36.35357299109074,36.40993282526713,17659000
2023-06-05,36.87491989135742,37.288240835714234,36.738710997744924,36.97825102329844,14321400
2023-06-06,37.109764099121094,37.20369954234529,36.70113739594016,36.72462304844994,15206800
2023-06-07,37.55125427246094,37.58413202655317,37.02521020698525,37.02521020698525,13330800
2023-06-08,37.415061950683594,37.67808407450735,37.156734090922626,37.570055083132495,11719200
2023-06-09,37.10505676269531,37.325808939565256,36.964150050487014,37.269445538000625,11621400
2023-06-12,37.274147033691406,37.321114747890846,36.88430819736294,37.147330263605326,9691200
2023-06-13,38.138362884521484,38.16184853236564,37.47610989951594,37.55595536873527,16467200
2023-06-14,37.97867965698242,38.47184969458515,37.77671522810032,38.43896834756466,13956600
2023-06-15,38.302764892578125,38.45306375975008,37.898836015164555,37.93171378037693,11778200
2023-06-16,38.39669418334961,38.41548198665918,38.11958214719937,38.36381642340963,16966800
2023-06-20,37.877037048339844,38.08943020821784,37.664643888461846,38.009193112351284,11739600
2023-06-21,37.999752044677734,38.16022622419745,37.584400331130425,37.697680035361,13355400
2023-06-22,37.91007614135742,37.9431151574274,37.55136425189575,37.862878061397836,8650000
2023-06-23,37.60328674316406,37.67408567022787,37.320094635891856,37.513611463134055,11953400
2023-06-26,37.995033264160156,38.04695223123327,37.61744143107981,37.70712030165748,8335800
2023-06-27,38.533103942871094,38.56142207343081,37.96671972577852,38.08943402552599,13676200
2023-06-28,38.2687873840332,38.43870334980208,38.09415053005335,38.43870334980208,10987000
2023-06-29,38.750205993652344,38.76908594183051,38.079984037745916,38.164942004056726,10564000
2023-06-30,39.11363983154297,39.212756861623625,38.81628514031897,38.957882955281065,12966600
2023-07-03,39.25995635986328,39.429872303600625,39.0286832812694,39.094761303724795,7865600
2023-07-05,38.29238510131836,38.86821103683908,38.216868893912824,38.830451132644974,23658800
2023-07-06,38.013919830322266,38.03751707338158,37.433372916118216,37.80152303688912,17904200
2023-07-07,38.34430694580078,38.72661970272621,37.938396947720854,37.99031591963686,13663000
2023-07-10,38.33486557006836,38.56613867958461,38.03751082827912,38.07055344490693,11196200
2023-07-11,38.71244812011719,38.74076984435528,38.39621707381829,38.566133015318435,9412000
2023-07-12,39.222198486328125,39.34019547551743,38.89652924483364,39.18443858555179,23076800
2023-07-13,39.52899169921875,39.57618977508105,39.21276062986077,39.35435485744765,9610000
2023-07-14,39.29771423339844,39.54786724851343,39.12307741106252,39.54786724851343,11252000
2023-07-17,39.33548355102539,39.41572425870509,39.09477223093576,39.16557116077872,9072800
2023-07-18,39.64227294921875,39.760269954688134,39.18916488033426,39.18916488033426,11795400
2023-07-19,39.42987060546875,39.694182683907165,39.30715274005863,39.590344767097214,10383400
2023-07-20,39.524269104003906,39.613947964956054,39.25051883543486,39.55730811577856,9853400
2023-07-21,39.52899169921875,39.590348837741494,39.21276062986077,39.41099470907183,9048000
2023-07-24,39.651710510253906,39.72250942620443,39.401557461413496,39.57619070631136,8705600
2023-07-25,40.36440658569336,40.5154425807378,39.812181566404206,39.87354230253556,17521000
2023-07-26,40.2275390625,40.336094286592136,39.91130436388169,40.08122033296587,12335200
2023-07-27,39.96794128417969,40.48712732891181,39.93018138249455,40.369130336882584,14101400
2023-07-28,40.24641036987305,40.4068881432219,40.03873812333874,40.402167255510456,8129600
2023-07-31,40.45880889892578,40.52488692588671,40.227535804562535,40.34081190778378,11001200
2023-08-01,40.279457092285156,40.444655784968205,40.11898288920016,40.26058073979051,15073400
2023-08-02,39.77915573120117,40.14258857780247,39.72723675311527,39.91131182051679,20370600
2023-08-03,39.533721923828125,39.86411213387523,39.462922992822826,39.66115711885109,18758800
2023-08-04,39.44404220581055,40.01986821773208,39.41100318550274,39.731955211771314,16990000
2023-08-07,39.70362854003906,39.769706566441165,39.41571559600888,39.58563154989497,10322200
2023-08-08,39.28356170654297,39.35907791188303,38.863489085592896,39.057005888557676,12857600
2023-08-09,39.123085021972656,39.51483592610887,39.07116605390724,39.43459883036512,15928200
2023-08-10,39.15139389038086,39.54314470186836,39.06171864028,39.31659253205565,11144800
2023-08-11,39.042850494384766,39.241084603137935,38.90597353329818,39.047571382969245,7974600
2023-08-14,39.12779998779297,39.13252087535235,38.73604914295285,38.948442270357575,7753400
2023-08-15,38.490623474121094,38.83517270324362,38.405665488683,38.75021471780553,11392600
2023-08-16,38.23102951049805,38.62278043021186,38.216870446095854,38.42926361409438,10564400
2023-08-17,38.1555061340332,38.73605292716021,38.117749832815996,38.49533805186535,10530800
2023-08-18,38.15078353881836,38.24045879283738,37.848711565215204,37.93366953285246,9817800
2023-08-21,38.1555061340332,38.30182485481133,37.87703495752114,38.245185001511814,9705200
2023-08-22,38.122467041015625,38.40094181793426,38.00919093563333,38.33486378971271,7218200
2023-08-23,38.1838264465332,38.31598249835346,38.02334866862122,38.11774842062307,7004600
2023-08-24,38.023345947265625,38.353739654152115,37.97142698762606,38.009186885724304,8140400
2023-08-25,38.13663864135742,38.31127192787113,37.81568660008225,38.19799579594558,10757800
2023-08-28,38.415103912353516,38.5991789484937,38.22159070042939,38.24046705199727,10101800
2023-08-29,39.05228805541992,39.07116800847753,38.30654971505015,38.438705785470546,11751000
2023-08-30,39.141963958740234,39.212762877082234,38.98620705858435,39.05228508877486,7597400
2023-08-31,39.123085021972656,39.307160053847234,39.080607830455136,39.208043005990355,6560000
2023-09-01,39.562034606933594,39.66587254464194,39.410998588716744,39.49595657402514,11825400
2023-09-05,38.83045196533203,39.533716692343106,38.83045196533203,39.500677675710435,12926400
2023-09-06,38.74549102783203,38.92484876244492,38.4434190127795,38.69357566363524,9306200
2023-09-07,38.57085418701172,38.72661106803135,38.28294126184772,38.589734136315506,8874400
2023-09-08,38.608619689941406,38.773814769101136,38.490622690401224,38.49533997767532,6986400
2023-09-11,38.77381134033203,39.047565219293034,38.69829153883286,38.858769316527436,8070600
2023-09-12,38.68413162231445,38.863485745442105,38.59917364799457,38.64637172239845,8421400
2023-09-13,38.457584381103516,38.74549375236693,38.34902555509976,38.66525665544135,9171000
2023-09-14,39.0003662109375,39.080606905765336,38.71717413790668,38.85877197491338,8669000
2023-09-15,38.566139221191406,39.06172806381156,38.50478207726944,38.891812094969374,13975600
2023-09-18,38.40583801269531,38.60502770117982,38.28727220502482,38.519660174923416,7366600
2023-09-19,38.372642517089844,38.552861255229786,38.04065606050587,38.38212619032181,8168200
2023-09-20,37.96951675415039,38.61451509958008,37.94580576133323,38.51966389162816,9299400
2023-09-21,37.205955505371094,37.727648045015684,37.1917281848975,37.71341710620016,13559600
2023-09-22,37.16801071166992,37.49050985344537,37.10161414880509,37.30554748284458,12035200
2023-09-25,37.46205520629883,37.48102617156423,37.00201924905233,37.0257338602195,8245600
2023-09-26,36.9213981628418,37.433603408860186,36.81705965513339,37.23441368596701,10951800
2023-09-27,36.916648864746094,37.15852413028135,36.69848820854735,37.10635488441411,11032000
2023-09-28,37.31503677368164,37.44782991940512,36.983053909372934,36.983053909372934,9398200
2023-09-29,37.25337600708008,37.675469967875955,37.15377755040592,37.670726322715026,11714400
2023-10-02,36.7601432800293,37.15852264894336,36.508784351784776,37.10635340515587,22598800
2023-10-03,36.660552978515625,37.125328966481746,36.385479407809825,36.385479407809825,26358000
2023-10-04,37.09212875366211,37.15378167423297,36.59415450672484,37.03995950612466,17954000
2023-10-05,36.641578674316406,37.196465792758666,36.418674374170884,36.99727610178063,20474400
2023-10-06,36.987789154052734,37.24389173840476,36.4139310666189,36.546724195170015,16085800
2023-10-09,37.03521728515625,37.14429943011491,36.59415591447655,36.77437465577605,12974800
2023-10-10,37.42885971069336,37.737131587129255,37.19172805471835,37.2438973085002,13709800
2023-10-11,37.518959045410156,37.73237602103143,37.20594362160213,37.58061195388411,9858800
2023-10-12,36.95933151245117,37.68020998812048,36.674774314643315,37.68020998812048,12126600
2023-10-13,36.821800231933594,37.30555079673954,36.66055245589269,37.144299402357014,11269200
2023-10-16,37.182247161865234,37.42886251045618,36.9735701311283,37.09687961459487,12363800
2023-10-17,37.54741668701172,37.67546977732164,36.91190573562225,36.91190573562225,11636600
2023-10-18,36.57518768310547,37.300809966750755,36.52775845754437,37.300809966750755,13017200
2023-10-19,36.14834976196289,36.745922540653794,36.10092415503165,36.44239069594172,18466200
2023-10-20,35.7120246887207,36.205255291712184,35.69779375160811,36.13411869785673,14322400
2023-10-23,35.31364059448242,35.683565344615396,35.25198767557406,35.36580984061311,18276000
2023-10-24,35.730987548828125,35.94440815862402,35.541285164575385,35.60293807762342,14848400
2023-10-25,35.31364059448242,35.72150727240888,35.285185957808004,35.65985435350051,12540000
2023-10-26,35.56026077270508,35.88275993374751,35.45592227672936,35.56974444582036,17553400
2023-10-27,35.54602813720703,35.811618010185406,35.460660609882076,35.57448639187624,16473200
2023-10-30,35.91120910644531,36.05348589157192,35.65510655120826,35.9064654614388,11954200
2023-10-31,36.07246398925781,36.1768024899959,35.759452105385236,35.84955966828857,11162600
2023-11-01,36.091426849365234,36.172050720614095,35.72150215225554,36.02028664953471,17561000
2023-11-02,36.788604736328125,36.80283205666417,36.30485775319316,36.32856874763927,13101200
2023-11-03,37.36720657348633,37.623309194706195,37.092132985693674,37.092132985693674,12129600
2023-11-06,37.182247161865234,37.40040786748012,37.10162326120494,37.37669325277194,9337600
2023-11-07,36.46135711669922,36.85025283439828,36.41393151568059,36.82179819745539,15016000
2023-11-08,36.57518768310547,36.674782543768366,36.338056028667566,36.551473070324924,10941600
2023-11-09,36.26216506958008,36.82653945462032,36.23845407977928,36.82179580932369,13878000
2023-11-10,36.68900680541992,36.71746144371087,36.24794182020234,36.29536742346778,7248200
2023-11-13,36.63683319091797,36.788597274289096,36.428156219404734,36.47558543536041,8079400
2023-11-14,37.7181510925293,37.888886131169556,37.05892554491202,37.06366918996897,10995800
2023-11-15,37.884151458740234,38.23036526307631,37.76558563262186,37.803527565381785,9819800
2023-11-16,37.99797058105469,38.0406525341543,37.77506628818009,37.87466113042042,7165600
2023-11-17,38.069114685058594,38.197167806319804,37.95529250264792,38.116543911209824,6890000
2023-11-20,38.135501861572266,38.25406764979751,37.808259128201556,38.01219242868261,9634600
2023-11-21,38.28253173828125,38.42480854829467,38.22087519743466,38.24933345411063,7363000
2023-11-22,38.306236267089844,38.363149152496845,38.11179024071264,38.282525278592665,7523000
2023-11-24,38.47224044799805,38.60028994775772,38.31098904341499,38.31098904341499,3689800
2023-11-27,38.4248046875,38.467490259054244,38.16396208617984,38.32995349035471,6524600
2023-11-28,38.500694274902344,38.70937128171571,38.310988234012164,38.42481041120956,6996200
2023-11-29,38.69988250732422,38.87536122163636,38.6097749455675,38.64771325761903,6244400
2023-11-30,39.08403778076172,39.117236064896844,38.595543573714004,38.723596682764914,11482400
2023-12-01,39.52983856201172,39.66737532966014,39.05083169790393,39.140942867342154,16782800
2023-12-04,39.06980895996094,39.48716297551829,39.05083799394998,39.202605722037596,21230000
2023-12-05,38.53389358520508,38.89907473849598,38.443782399259504,38.8753637442179,17533400
2023-12-06,38.45326614379883,38.832674582319285,38.42006786019902,38.70462509367474,16910000
2023-12-07,38.714111328125,38.756796906058234,38.48646697362034,38.60028915087267,8559600
2023-12-08,38.856388092041016,39.04135046947776,38.6856530331238,38.6856530331238,8247000
2023-12-11,39.13146209716797,39.13620212450168,38.714108117946836,38.78524832970875,9205800
2023-12-12,39.359107971191406,39.648408856880444,39.16940193852524,39.49664475441583,20435000
2023-12-13,39.838111877441406,39.85708284110782,38.83267251316976,38.93226735866241,16392600
2023-12-14,40.49733352661133,40.720237804966864,40.07998322178758,40.07998322178758,12713400
2023-12-15,40.393001556396484,40.644360508812575,40.2744357397216,40.2744357397216,10811200
2023-12-18,40.455562591552734,40.785092012616694,40.42690912663404,40.69912797423587,8052800
2023-12-19,40.82807159423828,40.9235892152346,40.67524704426886,40.718230884623374,7285400
2023-12-20,40.20244216918945,40.818517092172094,40.192892229969445,40.71822633405272,9358800
2023-12-21,40.62748718261719,40.63703712222915,40.355268358370786,40.54152315161178,7544400
2023-12-22,40.88060760498047,40.97134843897085,40.70867952143284,40.78031683018183,5386600
2023-12-26,41.07164001464844,41.1910343170166,40.880608402134385,40.93314218666637,6731400
2023-12-27,41.17192840576172,41.2149122468086,40.94746654733566,40.99522353679073,6819600
2023-12-28,41.01432418823242,41.17192552165641,40.980893933593194,41.100288220679644,7214000
2023-12-29,40.851951599121094,40.96656909981866,40.770764354611345,40.875828271469736,6992200
2024-01-02,40.780311584472656,40.84717209240459,40.498542821563,40.55584974629071,19924800
2024-01-03,40.3409423828125,40.546300702748646,40.059169970051514,40.355269114311035,23358600
2024-01-04,40.21199035644531,40.46033248883712,40.135579915141456,40.274077711355325,20424200
2024-01-05,40.27885437011719,40.503316209629666,40.05439617422914,40.10215315966012,14692800
2024-01-08,40.45078659057617,40.46034017481906,39.92545240958651,40.06872702423133,10366200
2024-01-09,39.9875373840332,40.19289570947197,39.858589509842226,40.19289570947197,12910400
2024-01-10,39.93500900268555,39.97321241166106,39.74397738330767,39.84426816366541,8202800
2024-01-11,39.815608978271484,39.98276025486381,39.52428662037147,39.98276025486381,8542200
2024-01-12,39.85381317138672,40.135585594903326,39.6818850995926,40.04484476711625,8267800
2024-01-16,39.39533996582031,39.6818855407882,39.299825988705905,39.61025187976473,10552800
2024-01-17,39.108795166015625,39.247292986113905,38.936867088902225,38.994177662481604,9287600
2024-01-18,39.232967376708984,39.29027430830409,38.903437945537725,39.18521038583811,9320800
2024-01-19,39.27116775512695,39.34280140745109,38.893881397181524,39.27116775512695,11653600
2024-01-22,39.38579177856445,39.45742908640107,39.046712408004296,39.046712408004296,10785200
2024-01-23,39.51472854614258,39.691433386244086,39.36668080993201,39.57203911030029,7891600
2024-01-24,38.97984313964844,39.63889820778406,38.955962827856794,39.53860745678238,10317800
2024-01-25,39.390567779541016,39.40966766053064,39.051484772166674,39.166105919852974,9734400
2024-01-26,39.4048957824707,39.62935764939518,39.32370488933587,39.53384002324387,7799400
2024-01-29,39.60069274902344,39.615019479221395,39.19475293771005,39.37623092625773,7125800
2024-01-30,39.78217697143555,39.96843176338442,39.44309399776,39.51950808862333,10851400
2024-01-31,39.261619567871094,39.89679809234457,39.22341251896486,39.84426431100467,13478400
2024-02-01,39.91590118408203,39.97798490516309,39.38579022803511,39.86336740331164,19793800
2024-02-02,39.681884765625,39.87291635974679,39.247291441531914,39.624577837925685,22920400
2024-02-05,38.67420196533203,38.91776370577365,38.559580817756824,38.82702651847422,24886800
2024-02-06,39.35713195800781,39.4430923411822,38.98939553751535,38.98939553751535,19053000
2024-02-07,39.67233657836914,39.78218093402035,39.56249222271793,39.58159574733661,10820400
2024-02-08,39.61980438232422,39.734421890999,39.33803558107685,39.72964874237186,6798600
2024-02-09,39.70576858520508,39.724872110665565,39.41444619827626,39.52906370741426,7636600
2024-02-12,40.02097702026367,40.20723186564114,39.767858004388096,39.801288267824425,6796400
2024-02-13,39.45742416381836,39.75351965528668,39.170874968220865,39.63890216322231,12864600
2024-02-14,39.710548400878906,39.78695886491352,39.45743304559987,39.65801461276909,8762000
2024-02-15,40.4603385925293,40.522422313180904,39.93022764014933,39.93022764014933,11984000
2024-02-16,40.67524719238281,40.95224282884375,40.589283154985445,40.63226699549647,9313400
2024-02-20,40.58928298950195,40.71823086688463,40.469888696027084,40.65137035402868,9019000
2024-02-21,40.813743591308594,40.83762390672036,40.42690725828507,40.579731803496486,8122400
2024-02-22,41.22446060180664,41.286544321348096,40.83762426538564,40.89015804485326,9448600
2024-02-23,41.4680290222168,41.53011274631982,41.21013689777942,41.310427672234255,7079000
2024-02-26,41.21969223022461,41.39162033567161,41.17193523285052,41.33431339627284,6653600
2024-02-27,41.37250518798828,41.477572738876894,41.253110906273825,41.37250518798828,8254600
2024-02-28,41.50145721435547,41.65428176452995,41.143274333294215,41.25311504305651,8994000
2024-02-29,41.816654205322266,41.93127534505338,41.611295884501324,41.75457048735296,12247600
2024-03-01,42.00768280029297,42.1127503490784,41.78322097218305,41.816651224648936,10401600
2024-03-04,42.31333541870117,42.384972721039105,42.00768632944224,42.05544331645934,9349200
2024-03-05,42.08887481689453,42.44228454725043,41.94560385160468,42.17006570521258,8493800
2024-03-06,42.39929962158203,42.54734737501183,42.25602865996033,42.31811237896728,10224000
2024-03-07,42.91986083984375,43.120442373316635,42.728829246411415,42.733606038243984,7942200
2024-03-08,42.6715202331543,43.07746010675277,42.66197029276509,43.053583433967404,10311200
2024-03-11,43.15387725830078,43.33535528753634,42.719280245529475,42.872104807944936,23270600
2024-03-12,43.14909362792969,43.206404196112594,42.93896216517449,43.14909362792969,10149400
2024-03-13,43.57414245605469,43.7747276480508,43.28282007424768,43.28282007424768,14529200
2024-03-14,43.34489822387695,43.555029668310546,43.153866656881256,43.45473891545322,19452000
2024-03-15,43.36400604248047,43.55503398478369,43.03447664784585,43.063130110466446,18702600
2024-03-18,43.44309616088867,43.78818753862025,43.423924011379846,43.50061260941514,15242400
2024-03-19,43.4478874206543,43.524572357225,43.26096354541606,43.390370975691226,10832800
2024-03-20,43.88404083251953,44.04220830974715,43.32806317172239,43.414336008690796,13252400
2024-03-21,44.06616973876953,44.133270420776846,43.82652340111116,43.999069056762224,9384200
2024-03-22,43.79297637939453,44.07575732404258,43.76901028112702,43.97031234240663,5874600
2024-03-25,43.80735397338867,43.98468993396269,43.73066538535753,43.769009679373106,5662600
2024-03-26,43.773807525634766,43.960731404703175,43.74504747420722,43.87925251520432,5434400
2024-03-27,44.401676177978516,44.416054374144856,43.84569853817189,43.88403917571108,8444400
2024-03-28,44.52149963378906,44.67487315504583,44.32019757277328,44.40647040702479,9025200
2024-04-01,44.416053771972656,44.7323887101962,44.33457489032591,44.7323887101962,7647000
2024-04-02,44.25309753417969,44.41126500874383,44.06137971562132,44.37292071368951,9570800
2024-04-03,44.5167121887207,44.57422863886521,44.26268759983147,44.301031899927814,10022800
2024-04-04,44.06616973876953,44.91931011575927,43.96551871575856,44.761142655293646,12658600
2024-04-05,44.463985443115234,44.52150188776584,44.02303700426742,44.06138130070116,9804200
2024-04-08,44.49753952026367,44.65570701378308,44.37771632639388,44.6077784675779,6522000
2024-04-09,44.60298156738281,44.857006136519836,44.147654923463264,44.84262793928014,11350600
2024-04-10,43.90800476074219,44.17161720975549,43.7498372913342,43.9175890058367,14113000
2024-04-11,43.87445831298828,44.06138219098793,43.64919013778014,43.95114325069184,9900600
2024-04-12,43.097999572753906,43.831316833421106,42.90628175755733,43.74504399941831,12113000
2024-04-15,42.891902923583984,43.72108090787704,42.74332335595463,43.55811948753341,11506200
2024-04-16,42.561195373535156,42.79125383340193,42.412612142461526,42.6570524556941,13555600
2024-04-17,42.65705108642578,43.04048671618005,42.532433958248674,42.84876890130292,9156800
2024-04-18,42.67143249511719,43.03569600513585,42.47492437119115,43.00214565926001,7497800
2024-04-19,42.637882232666016,42.963801446117564,42.47971474892185,42.781671519108606,10109000
2024-04-22,42.6810188293457,42.906283339540664,42.24006674112143,42.40302816989663,8284600
2024-04-23,42.31195831298828,42.518054317052076,42.067518015909585,42.14900055274451,11470000
2024-04-24,42.34071731567383,42.379061611053544,42.01480177508609,42.13941525000025,9553800
2024-04-25,42.642677307128906,42.738534396139684,41.96208246769714,42.3407205289892,9220200
2024-04-26,42.906280517578125,43.08841408227219,42.652255973887,42.66184387556199,6274400
2024-04-29,43.265750885009766,43.318473375113406,43.05486458130835,43.09799916954961,5676800
2024-04-30,42.47970962524414,43.00693450746694,42.47012538043691,42.90627982506948,9871800
2024-05-01,42.7001838684082,43.38557255931463,42.53243215875551,42.63787713531235,15456200
2024-05-02,42.47970962524414,42.66184318699857,42.129828010728666,42.47012538043691,15567400
2024-05-03,42.91108322143555,43.026112468007625,42.681024728291405,42.834398275958776,8999400
2024-05-06,43.16989517211914,43.337646892885246,42.978177352652196,43.17468912320196,6615600
2024-05-07,43.6827392578125,43.75463389888254,43.328063660370546,43.33285761156544,8862200
2024-05-08,43.48143768310547,43.68273975502218,43.4382994352871,43.519781979674384,6522600
2024-05-09,43.96552276611328,44.00386340456896,43.54374283268151,43.59646532436048,7070000
2024-05-10,44.018245697021484,44.1955853361445,43.9894893013256,44.15245074260067,5472600
2024-05-13,43.98948287963867,44.25309532408018,43.95113858649935,44.099721808235955,5030600
2024-05-14,44.03262710571289,44.19079093715231,43.88883781526227,44.10931204569661,7480400
2024-05-15,44.10930633544922,44.36333087987504,43.90800428024911,44.33457448819305,7922200
2024-05-16,43.79297637939453,44.15723620741102,43.76901028112702,44.12368586386442,7245800
2024-05-17,44.16682815551758,44.16682815551758,43.888837479685805,43.95593817292609,7256200
2024-05-20,44.2291374206543,44.3058260211404,43.98949102920584,44.10452027322125,4544600
2024-05-21,44.2291374206543,44.23872532407193,44.0326292811577,44.2291374206543,5425000
2024-05-22,43.79777145385742,43.97511109293793,43.59646937060728,43.81694360322128,8703200
2024-05-23,43.40953826904297,43.90320914877811,43.32326543960391,43.86007456241507,5688000
2024-05-24,43.788185119628906,43.84570156497799,43.610845489004284,43.610845489004284,4598000
2024-05-28,43.62042999267578,43.855282393636344,43.467056473742524,43.79776595276895,4223000
2024-05-29,42.997344970703125,43.31847018187111,42.96379463008427,43.208234915571836,8145000
2024-05-30,43.347232818603516,43.37119525949851,42.91107470778532,42.91107470778532,6599400
2024-05-31,43.86966323852539,43.87925114093878,43.08362344944219,43.390370505830106,8203000
2024-06-03,43.61083984375,43.87924623058816,43.236992139157614,43.86007408462022,11900200
2024-06-04,43.12675857543945,43.34243882685645,42.87752432471755,43.260959945806746,6779000
2024-06-05,43.42392349243164,43.443095641711345,42.95421863357647,43.136348566663266,6820800
2024-06-06,43.47184753417969,43.48143543618315,43.232201178077894,43.42391899430197,4238800
2024-06-07,43.03569412231445,43.39516366527727,42.84877025251085,43.021315925670066,8359000
2024-06-10,42.992557525634766,43.03569577393677,42.824805797156806,42.9206665396538,5223600
2024-06-11,42.978179931640625,42.978179931640625,42.58036607229995,42.75291175450281,6457200
2024-06-12,43.059654235839844,43.62521976578438,42.94941896305215,43.4958123462699,8174200
2024-06-13,43.0452766418457,43.09799913190329,42.661844672087874,42.8200084855475,7937200
2024-06-14,42.64746856689453,42.867942783074916,42.37906215252045,42.79604814249769,5694400
2024-06-17,42.96379852294922,43.03569316127895,42.39343902403673,42.49409371172628,7631200
2024-06-18,42.91586685180664,43.13154709434651,42.7193550984905,42.97338328961664,6872200
2024-06-20,42.95900344848633,43.169893406948226,42.858352420142175,42.89190276292356,6441000
2024-06-21,42.96379852294922,43.04527740659009,42.64267328268471,42.8439753446374,8209800
2024-06-24,43.24070739746094,43.4188918315636,43.0239960034226,43.144389997621744,8065200
2024-06-25,42.69171142578125,43.16847061793818,42.55205395047606,43.15884071494234,7292200
2024-06-26,42.662811279296875,42.70133823675679,42.354602967883295,42.47981374256159,6474600
2024-06-27,42.54241943359375,42.67726379148892,42.436475806447156,42.65800031178961,16279600
2024-06-28,42.52796936035156,42.8409944508394,42.39794547538761,42.547232838518966,7750600
2024-07-01,41.87303161621094,42.72060640265798,41.74300771318401,42.56168544129917,8647400
2024-07-02,41.95008850097656,42.065665720063166,41.61298674775164,41.771904046195644,13117200
2024-07-03,42.26310729980469,42.36905459891973,42.0512127015746,42.08973966018607,4591200
2024-07-05,42.330528259277344,42.383501909609464,42.00305645455745,42.23902764977041,8846800
2024-07-08,42.45574188232422,42.605029266456484,42.30645082405866,42.45574188232422,10496800
2024-07-09,42.02232360839844,42.354608556468975,42.012690030695886,42.26792472781289,5951000
2024-07-10,42.58576583862305,42.60984610828296,42.16679339582037,42.23421374190816,7915400
2024-07-11,43.1684684753418,43.23107202704042,42.768759549389955,42.797656605209525,11914000
2024-07-12,43.582618713378906,43.78969649621993,43.29849069750513,43.41406788412052,9796000
2024-07-15,43.471858978271484,43.76562059892066,43.37072847062498,43.58743985055282,6485200
2024-07-16,44.31462097167969,44.35314793266166,43.41407622205868,43.433339702549674,7465600
2024-07-17,44.223121643066406,44.48798621870966,44.20385816361604,44.29054198407618,8790400
2024-07-18,43.78488540649414,44.44464579445866,43.731911756957345,43.96306983440272,8910200
2024-07-19,43.394805908203125,43.67412082013899,43.26477835389766,43.57780343285111,9365200
2024-07-22,43.539283752441406,43.59225372716415,43.178101787043296,43.50556990850328,7526200
2024-07-23,43.712650299072266,43.78970421982827,43.404441964314564,43.669310224246885,6493400
2024-07-24,43.154022216796875,43.842675988912276,43.1106784696998,43.78970233920086,8549000
2024-07-25,43.274417877197266,43.799333932061614,42.918052680586,42.95657596666303,10052000
2024-07-26,43.98233413696289,44.150884991310804,43.4574144201273,43.558544932736055,7069800
2024-07-29,44.05938720703125,44.179781207019744,43.81859920705426,44.011230341862515,7049600
2024-07-30,43.914913177490234,44.2375681904366,43.82341256893144,43.90527960072983,8502200
2024-07-31,44.372406005859375,44.7817448125438,44.14606473033912,44.290538979349044,10466800
2024-08-01,44.1942253112793,44.97437970820927,43.91491404000291,44.56985765551949,17134400
2024-08-02,43.36110305786133,43.79933530303658,42.788026447729656,43.69820478491921,20945200
2024-08-05,42.39313507080078,42.739870381759204,42.03195306757465,42.5809494185477,19482800
2024-08-06,42.60984420776367,43.15402374095271,42.2631089152728,42.33534604689726,11812200
2024-08-07,42.03194808959961,43.149204140293655,42.00305470848612,42.97102339124993,11097400
2024-08-08,42.682071685791016,42.77357228463893,42.219759251947686,42.24865630502907,10759000
2024-08-09,42.64836502075195,42.78802248735904,42.258289676384784,42.70615545752717,5722000
2024-08-12,42.460548400878906,42.754310008889476,42.36423468558775,42.69652324936787,5561800
2024-08-13,42.884342193603516,42.97583913076347,42.50870984551607,42.60984403385743,6236000
2024-08-14,42.884342193603516,43.01436609069035,42.66763079961463,42.990285822202765,7241000
2024-08-15,43.563358306884766,43.65485890955926,43.20217635839001,43.293676961064506,7728600
2024-08-16,43.616336822509766,43.64523020589247,43.29368179429237,43.48631292315444,5803200
2024-08-19,43.82341384887695,43.8619408087778,43.62115282059716,43.62115282059716,4586400
2024-08-20,43.664493560791016,43.9630719933764,43.62115348584144,43.84749478604436,4834600
2024-08-21,44.16533660888672,44.203863572501696,43.78970789897432,43.80897138078181,4611000
2024-08-22,44.07383346557617,44.24238800320848,43.91972929407229,44.16533408038991,5684400
2024-08-23,44.65653991699219,44.767300329110924,44.227933936904904,44.25683099261093,5797800
2024-08-26,44.85398483276367,45.18627342245895,44.78174770359517,44.85398483276367,7663000
2024-08-27,44.858802795410156,44.8684326982893,44.569857945305486,44.82027583562737,8845400
2024-08-28,44.666175842285156,44.90696385221661,44.502441759115825,44.70951592048876,6524000
2024-08-29,44.91177749633789,45.19108877595888,44.540961929494145,44.825093671867045,6051200
2024-08-30,45.402984619140625,45.470404965101565,44.82027810097348,45.036985830971744,8647400
2024-09-03,44.372406005859375,44.95992922977167,44.23274854491852,44.743221530389555,9503400
2024-09-04,44.18941116333008,44.67098712382019,44.14125430210767,44.48317279315969,6313400
2024-09-05,43.84267044067383,44.33387624277007,43.74153994242262,44.280902599762406,7587000
2024-09-06,43.28886032104492,44.04011760076087,43.202176506144404,43.78006983019211,10616400
2024-09-09,43.70783996582031,43.93418127977707,43.53928909610786,43.53928909610786,6412400
2024-09-10,43.72710037231445,43.73673027527796,43.37554829094981,43.68857341219416,6299800
2024-09-11,43.833045959472656,43.881206498840925,42.80729040084803,43.72710232560906,7392800
2024-09-12,44.237571716308594,44.24720161970352,43.72228554254734,43.97270344628179,5962800
2024-09-13,44.63727569580078,44.878063669261124,44.3338804977957,44.36759066711483,6459000
2024-09-16,45.05143356323242,45.133300596522346,44.70469827620088,44.83472217177117,5838600
2024-09-17,45.138118743896484,45.470403675527756,45.02735465059727,45.070694725714446,5881400
2024-09-18,44.94548797607422,45.47522082962978,44.83472388188478,45.23443283491059,11155400
2024-09-19,45.62450408935547,45.80750530025674,45.374086214086475,45.69192442785608,8351800
2024-09-20,45.301849365234375,45.57153072089095,45.12366494145677,45.57153072089095,9617400
2024-09-23,45.697540283203125,45.73623920190866,45.383118027151696,45.479861633383514,5159800
2024-09-24,46.3215446472168,46.398938790987124,46.01679528781674,46.10870429341763,7918800
2024-09-25,46.011962890625,46.4860117315258,45.905542708638116,46.44731281252474,5815400
2024-09-26,46.96489715576172,47.03262210682212,46.510197790860715,46.510197790860715,10243400
2024-09-27,46.882667541503906,47.29867170434263,46.78592393222928,46.96006538134931,8498600
2024-09-30,46.62145233154297,46.85848043273367,46.26833485920889,46.80527034393836,7373600
2024-10-01,46.5053596496582,46.69885054771841,46.29251929273879,46.66982820469555,11546800
2024-10-02,46.326377868652344,46.69401018960998,46.205446524044206,46.3892645297889,10571400
2024-10-03,45.81363296508789,46.06033395660447,45.687863325614266,46.05065738174312,13542600
2024-10-04,46.03615188598633,46.22964281121781,45.75075563143253,46.09903855874271,11380200
2024-10-07,45.90070343017578,46.01196189726884,45.644329555759725,45.8281438812483,7800600
2024-10-08,45.6878662109375,45.74591459217556,45.39279339807542,45.63465611743567,8933800
2024-10-09,45.97810363769531,46.10870788007474,45.58144893237167,45.65400479450904,8562000
2024-10-10,46.08451843261719,46.15707798261052,45.76526157939135,45.95875248252956,6764600
2024-10-11,46.384429931640625,46.51503786090254,46.10870659162688,46.17642785475081,6631200
2024-10-14,46.650482177734375,46.679504522892294,46.10387007371224,46.17642962713923,6217000
2024-10-15,46.60210037231445,46.98424385746161,46.54405568985727,46.54405568985727,7717600
2024-10-16,46.96489715576172,47.056806162421196,46.635967427784436,46.65531319605094,7465800
2024-10-17,47.03745651245117,47.14387669014397,46.88750282053781,47.066482545796774,5043600
2024-10-18,47.22611618041992,47.34221295009086,46.98909173410686,47.17774437165658,6035600
2024-10-21,46.86331558227539,47.24545909243469,46.70368900453852,47.17289954408233,4343200
2024-10-22,46.43280029296875,46.90201452327601,46.176426420458256,46.829454974887845,6954000
2024-10-23,46.307037353515625,46.56341124267877,46.08935869421192,46.31187195066545,6782600
2024-10-24,45.74107360839844,46.30703514314736,45.55242099365947,46.215126134237394,5092000
2024-10-25,45.45083999633789,45.90554307186807,45.42665593966991,45.721725050424595,7406600
2024-10-28,45.82814407348633,45.891030738402186,45.62498028806274,45.67335209070664,7701600
2024-10-29,45.5330696105957,45.80395833842937,45.47985952247829,45.600790869921155,7315600
2024-10-30,45.77976608276367,46.084511719706406,45.5330651249349,45.5330651249349,10643600
2024-10-31,45.175113677978516,45.65883906584896,45.155764219599874,45.47018645982203,8106800
2024-11-01,45.04934310913086,45.36860362995684,45.0348319382809,45.20897336954385,6928000
2024-11-04,45.24767303466797,45.55241869915794,45.04450925834132,45.29604483514596,15308600
2024-11-05,45.31539535522461,45.499209677560636,44.99613482163204,45.1412539169981,7972800
2024-11-06,45.93939971923828,46.403775639053244,45.600789740465956,46.31186663630291,12702800
2024-11-07,46.118377685546875,46.282846239985126,45.96358570576894,46.06033299971259,19949800
2024-11-08,45.697540283203125,45.99261307990179,45.61530784885288,45.949075873725064,8805600
2024-11-11,45.499210357666016,45.83782035507094,45.450838555331586,45.649167742594294,7693600
2024-11-12,44.72525405883789,45.33958743872178,44.61399927354167,45.27670076913219,7078400
2024-11-13,44.83167266845703,44.92358168044758,44.61399770277976,44.75911311638723,6310000
2024-11-14,44.46403884887695,44.817160022387505,44.415667045931784,44.768788219442335,5911400
2024-11-15,44.154457092285156,44.53660062859105,44.08189753896821,44.444691615020766,6395600
2024-11-18,44.497894287109375,44.497894287109375,44.15444972858687,44.236682153050374,7875200
2024-11-19,44.352779388427734,44.42533523991911,43.93193699711972,44.16412679348694,6540600
2024-11-20,44.71558380126953,44.768793898418586,44.20283229151795,44.37697375663623,8345800
2024-11-21,45.26218795776367,45.27669913005679,44.5946481985554,44.72525243972558,8402400
2024-11-22,45.51372146606445,45.56693155571797,45.19446461867531,45.22348696192925,5857200
2024-11-25,45.982933044433594,46.050654301805785,45.64432675757262,45.69753684415531,7524600
2024-11-26,45.639495849609375,45.86684740348858,45.46535439091604,45.86684740348858,6104600
2024-11-27,45.615318298339844,46.0313225433919,45.55726990698391,45.707223638154,14047400
2024-11-29,45.84749221801758,45.88619113523584,45.55241943265911,45.62014069252513,4265200
2024-12-02,45.81847381591797,45.92489400215476,45.494378660038436,45.89586796647879,12785600
2024-12-03,45.67335510253906,46.04098746983304,45.58628437582555,46.00228854895321,11099200
2024-12-04,45.228328704833984,45.52340151889955,45.08804788416903,45.49437917342826,10865800
2024-12-05,44.63334274291992,45.05418518562305,44.42534066533544,44.98646392227295,12762800
2024-12-06,44.45920181274414,44.807480989160574,44.43985235452126,44.74459801783507,7131000
2024-12-09,44.449527740478516,45.059022791947065,44.43985485608848,44.81232179888303,9417600
2024-12-10,43.99482727050781,44.430180904403684,43.72394220520914,44.39632027124135,7718600
2024-12-11,43.840030670166016,44.1399417398943,43.81100832780039,44.1399417398943,12288200
2024-12-12,43.5352897644043,43.80617483085694,43.51594030386736,43.68524347040026,7294000
2024-12-13,43.16282272338867,43.44338067435849,43.01770361487872,43.380497695621365,8098800
2024-12-16,42.780670166015625,43.22569659220849,42.761320709590095,43.07574291807494,10486600
2024-12-17,42.54364776611328,42.90160722192415,42.53397488187631,42.59202325889396,8289800
2024-12-18,41.33433532714844,42.664580221346725,41.31498955817375,42.51946481084432,14797400
2024-12-19,40.889305114746094,41.658430375492024,40.87963223113766,41.37303048686524,12495600
2024-12-20,41.397216796875,41.63907947455172,40.7925601026832,40.816744156131925,14684600
2024-12-23,41.36512756347656,41.41375163368946,40.971267772039724,41.345677193435655,11338400
2024-12-24,41.588802337646484,41.62283955866004,41.17549216540222,41.37485197140194,5502400
2024-12-26,41.52558517456055,41.681184405776364,41.316498359822575,41.41861000751624,6517600
2024-12-27,41.301918029785156,41.67632746375093,41.141455253894584,41.31650488036087,8568000
2024-12-30,40.74759292602539,41.0344775289933,40.55309294090921,41.0344775289933,7528200
2024-12-31,40.91291809082031,41.04906697608298,40.69896772267674,40.88374438962942,8883200
2025-01-02,40.46070861816406,41.24356844615625,40.402357503919895,41.10741955603223,20004200
2025-01-03,40.450984954833984,40.64548124782437,40.378046990073095,40.59199736409731,19348400
2025-01-06,40.72328186035156,41.112281857556034,40.66493074783722,40.849707415909855,16602000
2025-01-07,40.698970794677734,41.1609087871481,40.49474745136873,40.747598580038215,23069000
2025-01-08,40.92264175415039,40.92750156409525,40.436393655606466,40.72814177277711,15743000
2025-01-10,40.50446701049805,40.80107863946782,40.397491838111776,40.6357523612949,18553600
2025-01-13,41.40889358520508,41.433203766456394,40.431533780296625,40.4655710018716,20014800
2025-01-14,41.92431640625,41.95835362861838,41.53531639937217,41.64229158675252,13084600
2025-01-15,42.323036193847656,42.64395801929083,42.04587491787363,42.532123030794985,12564200
2025-01-16,42.67313766479492,42.677997475138135,42.240377118400495,42.357075632878605,11550400
2025-01-17,42.95030212402344,43.2274634349688,42.78983933616581,42.95516193472518,11589000
2025-01-21,43.499755859375,43.62131788794796,43.29553254171931,43.35388365095467,10348000
2025-01-22,43.149654388427734,43.56296452221117,43.139931058948186,43.548377673102586,11894200
2025-01-23,43.38792037963867,43.38792037963867,42.921118930595,43.14965613529091,8568400
2025-01-24,43.27608871459961,43.59701429924462,43.23232815839125,43.5824237373959,6300000
2025-01-27,43.30039596557617,43.33929299520145,42.9405696907575,43.18855726723444,12938800
2025-01-28,43.15938186645508,43.4073657233791,43.062130021778316,43.402505913479175,9287600
2025-01-29,43.081581115722656,43.285804428312865,42.97460593966723,42.994056308929906,9020200
2025-01-30,43.49003219604492,43.51920589554963,42.91625927718731,42.994057045792765,12398200
2025-01-31,43.17397689819336,43.56783674188893,42.99892725437771,43.43655136391683,13902800
2025-02-03,43.21772766113281,43.344153199635954,42.26954539680528,42.73634310461102,21249600
2025-02-04,43.34415817260742,43.524071316896865,43.22259613965535,43.358745022997056,19718400
2025-02-05,43.310115814208984,43.519202634475256,43.01836771168774,43.15938009835833,14194200
2025-02-06,43.46084976196289,43.57268844676499,43.120477607831695,43.339287748376286,15303000
2025-02-07,42.93084716796875,43.41709529032457,42.887082907871765,43.34902084997706,13545600
2025-02-10,43.149654388427734,43.29066677944157,42.921117192983886,43.242042712486786,8950400
2025-02-11,43.40251159667969,43.679672898187995,43.22259844280344,43.28580936778637,9441800
2025-02-12,43.091312408447266,43.31012259213686,42.67313870247157,42.81901092167164,11027200
2025-02-13,43.84013366699219,43.89361754888797,43.27122052915997,43.329571640926545,10430600
2025-02-14,43.68939208984375,44.185367241203345,43.67966875991336,43.966553365093404,9631400
2025-02-18,44.243717193603516,44.243717193603516,43.54352239506873,43.81095664604267,7115800
2025-02-19,43.723426818847656,43.85957568879038,43.57269109995085,43.708839969893575,7608000
2025-02-20,43.621315002441406,43.77691424033092,43.3392902244609,43.60672815354215,9868600
2025-02-21,42.82387161254883,43.71370655901609,42.77524754269472,43.708843039097054,9954000
2025-02-24,42.775245666503906,43.02323323459508,42.65368364231117,42.93084490907946,9454200
2025-02-25,43.105892181396484,43.242041047539146,42.76551630626146,42.804417042238896,9281200
2025-02-26,43.08644485473633,43.49003167198876,43.042680596227946,43.26149446921259,7965000
2025-02-27,42.79469680786133,43.37819305060535,42.765519398879086,43.105895298628624,7089000
2025-02-28,43.15938186645508,43.19341908464731,42.62936951485771,42.96001836720162,9316600
2025-03-03,42.293861389160156,43.71856847118653,42.19174602350946,43.5629655177297,16883200
2025-03-04,41.720096588134766,42.39111776128353,41.66174546925166,42.39111776128353,22518600
2025-03-05,42.809288024902344,42.921123023111434,42.045878569702246,42.10908949435178,17368600
2025-03-06,42.58561325073242,42.99405991012445,42.357076029976874,42.59533658128888,18493600
2025-03-07,42.702308654785156,42.882221790091116,42.1966101777818,42.39597368256235,15654600
2025-03-10,41.81247329711914,42.56615933993951,41.52072517756173,42.32303528867857,16672800
2025-03-11,41.49155807495117,41.91945513767807,41.258157316331555,41.885417913481376,15426200
2025-03-12,41.297054290771484,41.66174039234673,41.11228133482709,41.6033892805743,12607200
2025-03-13,41.26788330078125,41.749267947746034,41.01016865585714,41.326230706607824,10283000
2025-03-14,41.807613372802734,41.87082429043742,41.4380637771587,41.60824987062023,9507400
2025-03-17,42.332759857177734,42.46404892617648,41.720089901112665,41.720089901112665,8615000
2025-03-18,42.25982666015625,42.50781053483551,42.09450036725793,42.50781053483551,10023800
2025-03-19,42.40083312988281,42.56129589434151,42.00210983351121,42.29386166335563,10253600
2025-03-20,42.13340377807617,42.493226377499944,42.075052663394324,42.27441618955635,7606200
2025-03-21,41.7152214050293,41.78329583647153,41.19979964988713,41.78329583647153,16808800
2025-03-24,42.28049850463867,42.36355382300988,41.98735967497048,42.13881392934885,9204400
2025-03-25,42.27072525024414,42.500351848007234,42.08995823048701,42.41240982604398,7622200
2025-03-26,42.34889602661133,42.6029486765176,42.14369922544138,42.31469655974967,8160800
2025-03-27,42.3293571472168,42.47592843545054,41.93361988743347,42.226758736438256,6049200
2025-03-28,41.55253601074219,42.44660887653218,41.498793457434395,42.43195249425959,9147200
2025-03-31,42.006900787353516,42.20721088269003,41.07373806107828,41.40596304641942,8881800
2025-04-01,42.163246154785156,42.18278551409138,41.52322217735761,41.899420074599114,12197600
2025-04-02,42.510128021240234,42.568753554722896,41.77239232939412,41.77239232939412,11863800
2025-04-03,40.59006118774414,41.42062183564167,40.482576079259466,41.147026088562484,18958600
2025-04-04,38.049522399902344,39.71064770525736,37.956697385643785,39.617818963535676,29389600
2025-04-07,37.43880844116211,39.021764846676945,36.27113608659275,37.20429886606083,50243800
2025-04-08,36.28579330444336,38.43060136285224,35.72394541545333,38.31334284513968,27497400
2025-04-09,39.45658874511719,39.65689885435506,36.03174025483273,36.08548280968101,40440200
2025-04-10,38.19608688354492,38.84099380133654,37.2971235792964,38.82633741893758,28167600
2025-04-11,39.329559326171875,39.61781145006372,38.08860135479593,38.279141778800266,17207000
2025-04-14,39.803470611572266,39.97935466091035,39.319791339623805,39.79369720468538,10426400
2025-04-15,39.49079132080078,40.00867009648704,39.45659184933967,39.637358886721486,8028800
2025-04-16,39.18299102783203,39.79369851721509,38.91428196898111,39.52498945836417,10726400
2025-04-17,39.45170211791992,39.75949733744876,39.2465053049007,39.29536115645825,9535800
2025-04-21,38.850765228271484,39.42239025978462,38.48922744546979,39.42239025978462,7885800
2025-04-22,39.759498596191406,39.871870413047624,39.246506547402575,39.246506547402575,7293800
2025-04-23,39.80835723876953,40.78060248424772,39.68132904172142,40.20409448529098,13337000
2025-04-24,40.668235778808594,40.741521429675714,39.72530318055796,39.87187448229221,9995400
2025-04-25,40.36532211303711,40.47769019967604,40.03798007759147,40.35066200274881,9400400
2025-04-28,40.43860626220703,40.72197543737474,40.04286899418981,40.41906690233451,7779600
2025-04-29,40.77570724487305,40.946704554643794,40.326227537057996,40.52165463142248,9526800
2025-04-30,40.98579406738281,41.11770895102701,40.08194787550102,40.29691806961033,9867400
2025-05-01,40.80502700805664,41.10793924268553,40.50211850089018,40.521661586427115,11208400
2025-05-02,41.4939079284668,41.66979197564028,41.14702653750313,41.29359409183934,8572400
2025-05-05,41.18611145019531,41.48413698060012,41.12748219377616,41.308252938805076,5679200
2025-05-06,40.888084411621094,41.23496577918249,40.78059930921514,41.04930833776774,6111200
2025-05-07,40.66334533691406,41.01999639021382,40.5070043832493,40.932054370810995,8746400
2025-05-08,41.20565414428711,41.61116481389333,40.844116352420976,40.94671476386423,8063200
2025-05-09,41.313133239746094,41.37176249236928,41.0786236841777,41.21053484325215,6360000
2025-05-12,42.27072525024414,42.7397518523565,42.05575876236032,42.44172631834004,8798800
2025-05-13,42.060638427734375,42.37820702246593,42.04598204647113,42.2902650074243,6839000
2025-05-14,41.67467498779297,41.874985079215925,41.44993138161765,41.82124252914733,7891200
2025-05-15,42.0997314453125,42.124161236367186,41.53299682197903,41.562309589274435,7114600
2025-05-16,42.529666900634766,42.5345498763001,41.860330215713056,42.104613187623734,6426800
2025-05-19,42.637149810791016,42.686009388900416,42.10461470205329,42.290268425496606,10166600
2025-05-20,42.56386947631836,42.642038094758526,42.383098722015156,42.5736391558249,5128600
2025-05-21,41.997127532958984,42.456380706917685,41.933615302981366,42.226754119938334,9612400
2025-05-22,41.95315933227539,42.13392634761299,41.64536039919807,41.94338592592816,7651000
2025-05-23,41.8701057434082,42.02156374182463,41.557423793880474,41.63559614499384,7343200
2025-05-27,42.60294723510742,42.61272064100142,42.158354180948045,42.29026534081932,6898600
2025-05-28,42.02156066894531,42.55898249743002,41.98247449624686,42.55409579397707,10597000
2025-05-29,42.17790222167969,42.251187864647754,41.75773517795625,42.23652775408403,9869600
2025-05-30,42.18278121948242,42.24141047382008,41.635589755513415,42.065526438269394,12114200
2025-06-02,42.43195343017578,42.45149651612444,42.10950183067919,42.44660981277165,15811000
2025-06-03,42.86677932739258,42.88143571083821,42.07041809799053,42.27072821751871,13218200
2025-06-04,43.02800369262695,43.145258478641274,42.84723294661378,42.92051858567114,13268000
2025-06-05,42.773948669433594,43.21365502453524,42.676233246940384,43.194115667498835,14234800
2025-06-06,42.88631820678711,43.2136564964993,42.788606508427826,43.09151500981902,9348400
2025-06-09,43.17457580566406,43.45794123338994,42.94006250163789,42.98891835280011,11667000
2025-06-10,43.44328308105469,43.47748254822132,43.16968734372161,43.16968734372161,7875200
2025-06-11,43.01334762573242,43.374885392947554,42.866776346542856,43.33091624566817,10307800
2025-06-12,43.19411849975586,43.22343126469475,42.66157966277018,42.85700679310862,8660000
2025-06-13,42.69089126586914,43.23808647043226,42.57363648184218,42.778833285754956,14289400
2025-06-16,43.05243682861328,43.277176739056,42.881435748364,42.881435748364,10504000
2025-06-17,42.63227081298828,42.98403893440978,42.56875484650434,42.93517935174127,9158000
2025-06-18,42.510128021240234,42.84235304500527,42.45638546390598,42.676238669391395,8554000
2025-06-20,42.22187042236328,42.817921504833244,42.16324489127611,42.75440927033463,13409800
2025-06-23,42.69230270385742,42.73158423797206,42.00482527976871,42.225798426659466,10120600
2025-06-24,43.045860290527344,43.10969605798124,42.72667396035717,42.785598131406815,8768200
2025-06-25,42.63337326049805,42.962379043968454,42.584268534770445,42.962379043968454,8744000
2025-06-26,43.10478210449219,43.24227682468991,42.84452370605363,42.84452370605363,10508600
2025-06-27,43.15879821777344,43.3503092552041,42.918182458569554,43.11951294177481,9375600
2025-06-30,43.11951446533203,43.222635508634454,42.903452932605646,43.20299661639135,8533800
2025-07-01,44.23421096801758,44.484646182819425,43.1587999106852,43.23737046576439,15844200
2025-07-02,44.89713668823242,44.91186773154508,44.3667966502738,44.44536720987529,14644200
2025-07-03,44.867671966552734,45.02480933007664,44.78418981526639,44.862760370253476,6766000
2025-07-07,44.435543060302734,44.79401467448072,44.199838879472345,44.636877305110325,11761600
2025-07-08,44.798927307128906,44.941329890346964,44.474829367927974,44.528845691128126,16347600
2025-07-09,45.06900405883789,45.11810878422451,44.64669667690229,44.91677828620427,13435600
2025-07-10,45.30961608886719,45.59934031365514,45.08373137360799,45.17703296664226,12865600
2025-07-11,44.94132995605469,45.01990051589724,44.59268152626697,44.823477862741356,11563200
2025-07-14,44.69089126586914,44.857848072932164,44.52884230857842,44.75963862718335,12949400
2025-07-15,43.772621154785156,44.78910436156633,43.757890111367395,44.76455387135356,14653600
2025-07-16,43.89046859741211,43.939577065534536,43.37977124982982,43.82663283388312,13615200
2025-07-17,44.19983673095703,44.234210411759356,43.73824409179706,43.797172007365425,11840800
2025-07-18,44.302955627441406,44.33732930657875,44.037785639903255,44.2734935443094,13623200
2025-07-21,44.528846740722656,44.921692055719866,44.47974201296065,44.57303987177328,10631000
2025-07-22,45.14266586303711,45.18195114440058,44.46010002176198,44.48465051277618,13651000
2025-07-23,45.29488754272461,45.54041490933199,45.2163207335644,45.319441777965466,13494400
2025-07-24,44.82838821411133,45.17703663421437,44.69580133467261,44.882404535890004,17343400
2025-07-25,45.358726501464844,45.383276989955384,44.823474900647625,44.94623858245108,15752800
2025-07-28,44.700714111328125,45.16230678364185,44.57303882498487,45.098467267244985,15015000
2025-07-29,44.528846740722656,44.62705619624667,44.2685883117785,44.62214834598587,14205800
2025-07-30,43.630210876464844,44.37170454848597,43.44361143264007,44.32750767578132,23629400
2025-07-31,43.080238342285156,43.61548626468063,43.031129866162026,43.114612027700915,23230600
2025-08-01,42.584266662597656,42.80523979188222,42.240526104715784,42.785597153164666,28581800
2025-08-04,43.14897918701172,43.19317231309764,42.81506183071196,42.8297928727406,15497000
2025-08-05,43.453433990478516,43.541823995767736,43.05076924337216,43.37486717824945,16047000
2025-08-06,42.982025146484375,43.517276815455034,42.9722056991279,43.40924416228018,13141000
2025-08-07,43.16862487792969,43.473076425251726,42.903454863311815,43.404329059956396,15272600
2025-08-08,43.38468551635742,43.527091840487635,43.193174467532394,43.32576134530378,10402600
2025-08-11,43.286476135253906,43.60566246594927,43.040948764942144,43.4190592667841,12035600
2025-08-12,43.851192474365234,43.89047400867604,43.31594082673047,43.360137704199666,12501200
2025-08-13,44.6761589050293,44.69579779643925,43.95921573571286,44.07707156287315,16882200
2025-08-14,44.20965576171875,44.28331471887475,43.87082680667126,44.268583676733584,16098600
2025-08-15,44.20965576171875,44.499379994145634,44.11144631647754,44.499379994145634,16132200
2025-08-18,43.95431137084961,44.24403187274209,43.89538345259757,44.14582242210575,9423000
2025-08-19,44.219482421875,44.43554396763958,43.988686086363536,43.988686086363536,11980200
2025-08-20,44.25385284423828,44.528842289376534,44.09671548323782,44.229298609586564,13436000
2025-08-21,44.386436462402344,44.4895575054718,44.023057013521836,44.08198118301853,13017600
2025-08-22,45.26542663574219,45.49131136932616,44.51411347380082,44.57303764559205,11434200
2025-08-25,45.01498794555664,45.27524636311698,44.94132898391022,45.221230041006294,12563800
2025-08-26,45.137752532958984,45.17703781281389,44.86276306687558,44.897136750136006,8414200
2025-08-27,45.250694274902344,45.30471059510472,44.89713426865054,44.94132739620687,8967800
2025-08-28,45.250694274902344,45.39310059666767,44.93150795001112,45.3783695541489,8557200
2025-08-29,45.31452560424805,45.53059086390113,45.20158512502933,45.26050928933478,8288800
2025-09-02,44.975704193115234,45.02481266684671,44.70562631984487,44.93151106249756,13028600
2025-09-03,44.67124938964844,45.00025515961596,44.55830515330497,44.95115043590369,10157600
2025-09-04,44.84312057495117,44.86767481155415,44.302961087740066,44.6663405614711,12530000
2025-09-05,45.15739440917969,45.52077387556589,44.838208072045,45.010080231890896,15054400
2025-09-08,45.196678161621094,45.240871289379754,44.67124974616087,45.240871289379754,13605800
2025-09-09,44.4600944519043,45.132840761783775,44.33733077286097,44.95606076424538,12112400
2025-09-10,44.543575286865234,44.79892585123119,44.37170687610952,44.42572319755423,10671600
2025-09-11,45.47658157348633,45.52077470354166,44.47482941460991,44.50429150131347,11685200
2025-09-12,45.0198974609375,45.41274274059159,44.936419056607335,45.240870589211525,11069400
2025-09-15,44.656517028808594,45.09355542591082,44.582858072189644,45.073912787715756,9791400
2025-09-16,44.51902389526367,44.852937517135295,44.406079658227455,44.76455126178125,9700400
2025-09-17,44.62214660644531,45.4029218628402,44.356976591127115,44.55830709103789,13319600
2025-09-18,44.62214660644531,44.759641337399096,44.27349818254095,44.48464812904109,15116000
2025-09-19,44.60250473022461,44.76455370010107,44.46009840031352,44.735087866927756,16468200
2025-09-22,44.58720779418945,44.73028990869798,44.37998321483587,44.58720779418945,8882400
2025-09-23,44.444129943847656,45.02632450236211,44.389857282646595,44.69082248958718,8228800
2025-09-24,43.901405334472656,44.48853101009756,43.84713267544935,44.26650923353267,10669600
2025-09-25,43.329078674316406,43.75339015501981,43.26000506250232,43.743524109430446,11077200
2025-09-26,43.83232879638672,43.90633731139472,43.40308618495328,43.43762299005976,9944600
2025-09-29,44.000083923339844,44.14316605585143,43.753391370229444,44.113564154031664,9378800
2025-09-30,44.21717071533203,44.25170751918391,43.81752625449822,43.90140457604933,9408200
2025-10-01,43.753387451171875,44.266508367388035,43.6497770398536,44.16289795606976,13749800
2025-10-02,44.26157760620117,44.28624836730375,43.68925283807195,43.68925283807195,10673800
2025-10-03,44.3355827331543,44.572405459009225,44.20730156084909,44.251708174590235,9827600
2025-10-06,44.296112060546875,44.53786969674734,44.20236769041162,44.36025453031497,8937800
2025-10-07,44.118492126464844,44.542803588481036,43.9606090543818,44.36518466185894,11308800
2025-10-08,44.35531997680664,44.523069099188355,44.15303028475042,44.33064921681899,12184200
2025-10-09,43.74845504760742,44.616813860403006,43.639909725479285,44.52800439359176,13231800
2025-10-10,42.850494384765625,43.93100893821221,42.845559479873174,43.83232966151074,22262600
2025-10-13,43.53136444091797,43.81259376770633,43.30933891078241,43.432685172781326,11979800
2025-10-14,43.965545654296875,44.157965538185245,43.04784908610796,43.13172364796094,10797400
2025-10-15,43.7681884765625,44.40465565938791,43.531365754347505,44.148097082950116,10555800
2025-10-16,43.44255447387695,43.98527726748205,43.22052894633682,43.98527726748205,13389600
2025-10-17,43.358680725097656,43.6053732722086,43.126792892766176,43.41295338660043,12791000
2025-10-20,43.87673568725586,43.91127249257972,43.60537238526162,43.74352337078653,8425400
2025-10-21,43.708980560302734,43.866867392807876,43.412950277814126,43.55109749202686,9335800
2025-10-22,43.57577133178711,43.837264829212025,43.403087301811176,43.556035476328496,13133000
2025-10-23,44.0987548828125,44.21223510178007,43.78298874859306,43.891534063023975,10682600
2025-10-24,43.91620635986328,44.20236684111625,43.876734650645844,44.03461772328621,13450400
2025-10-27,43.89646911621094,44.09875503214783,43.70898038547563,43.89646911621094,11936600
2025-10-28,43.95566940307617,44.177694919492744,43.7928552081121,43.86686371358429,13049400
2025-10-29,43.09225082397461,43.92113790401198,43.0133111690436,43.78792558946553,20990000
2025-10-30,42.514991760253906,42.94423813820803,42.49032476460586,42.80115601222332,20798600
2025-10-31,42.26829528808594,42.48045100492504,41.95746406937107,42.28803114130692,17528800
2025-11-03,42.006805419921875,42.273233814891945,41.58742885466932,42.22389605972625,24127400
2025-11-04,41.799583435058594,41.977202360132274,41.478882388996155,41.705839067872674,22164800
2025-11-05,42.0462760925293,42.253496917651056,41.917994920879444,42.04134118786563,18828400
2025-11-06,41.839054107666016,42.35710615611047,41.809448444734024,42.14988533673269,22407400
2025-11-07,42.34230422973633,42.42617878361161,41.794646530996744,41.947594689737464,17975200
2025-11-10,42.741947174072266,42.835691541739436,42.26829795952067,42.623535811491706,15233400
2025-11-11,43.18599319458008,43.274802654910864,42.82088930843318,42.919564813587726,11641400
2025-11-12,43.49189376831055,43.74845234311083,43.27973804205618,43.31920975024985,13923800
2025-11-13,43.205726623535156,43.63497295174737,43.171189822246525,43.50175688661333,17940400
2025-11-14,42.81101989746094,43.15145679259939,42.746881194937004,42.899829358617524,12830000
2025-11-17,42.159751892089844,42.825824734801586,42.1005480939674,42.70740961009814,14150800
2025-11-18,42.19429016113281,42.490324218943336,41.967333477246314,42.20415997064885,20615000
2025-11-19,42.302833557128906,42.48045247804799,42.03640517575029,42.45085057930455,15385800
2025-11-20,41.67130661010742,42.78142312548847,41.65650565884576,42.59393813579126,22669200
2025-11-21,42.603797912597656,42.929433849354616,41.79464673937204,41.8785212936655,20989200
2025-11-24,42.68767166137695,42.786350927121156,42.39164139260254,42.57419521105749,14549600
2025-11-25,43.32413864135742,43.42281790671849,42.8800951220344,42.909697019528174,12455800
2025-11-26,43.856998443603516,43.970478665634374,43.33894261591854,43.35867847036866,9895200
2025-11-28,44.10862350463867,44.28130751648107,43.866865888059316,43.975407435339434,4786800
2025-12-01,44.000083923339844,44.38492370391533,43.97541316233695,44.049421681115994,13367800
2025-12-02,43.600440979003906,44.08889115538791,43.34387862882179,44.08889115538791,12905800
2025-12-03,43.90633773803711,44.03461891434888,43.758324470812276,43.79286127625436,11841600
2025-12-04,43.649776458740234,43.91620484039564,43.54123114426256,43.792858576530875,9912600
2025-12-05,43.50669479370117,44.04941760750813,43.50669479370117,43.753387323997906,7134000
2025-12-08,42.904762268066406,43.51655865856846,42.87516037046716,43.49682656965502,11389100
2025-12-09,42.815956115722656,43.240267580464135,42.796220261056845,42.84555801560668,8801100
2025-12-10,43.65471267700195,43.75338818537156,42.776484089903285,42.776484089903285,10919500
2025-12-11,44.523067474365234,44.62174674648517,43.70405021903111,43.70405021903111,11009200
2025-12-12,44.55267333984375,44.97698480130735,44.375054413452965,44.90790742839596,14078600
2025-12-15,44.523067474365234,44.83883361669036,44.25663908598541,44.819097762266374,9228800
2025-12-16,44.40465545654297,44.61187627859181,44.128361027144514,44.58227437950748,9742300
2025-12-17,44.59214401245117,44.769762949707335,44.34545146228756,44.41452507519501,10935000
2025-12-18,44.57240676879883,45.02632390777991,44.53293882281612,44.671086044329265,8978100
2025-12-19,44.76976013183594,44.937513012787974,44.49346569759652,44.60201101511325,10358000
2025-12-22,45.29841995239258,45.338095414242495,44.96118987764916,45.020699286763744,9862300
2025-12-23,45.377769470214844,45.427361904160634,45.169478977446396,45.407524173850284,8424800
2025-12-24,45.467041015625,45.51663345355289,45.238912774228304,45.357935381987346,2767600
2025-12-26,45.73484420776367,45.76459891345452,45.48687823724547,45.57614613797844,5035800
2025-12-29,45.367855072021484,45.48687767697929,45.16948154131822,45.367855072021484,6370400
2025-12-30,45.35793685913086,45.47695947076603,45.258751980044984,45.437287789328046,4432100
2025-12-31,44.98102569580078,45.29842183648093,44.96119174771117,45.23891242489118,5704300
2026-01-02,45.7447624206543,45.80427561730819,44.90167961152382,45.14964558875755,18031000
2026-01-05,46.20102310180664,46.349800419262664,45.62574021339373,45.64557794578665,22033700
2026-01-06,47.11353302001953,47.24247638034132,46.31012193692885,46.34979739912945,18351400
2026-01-07,46.30020523071289,47.17304648586739,46.25061279450578,46.954835226163674,16963400
2026-01-08,47.11353302001953,47.24247638034132,45.89354093480353,46.032401268845305,14918900
2026-01-09,47.867347717285156,47.89710620566242,47.17304604948761,47.20280075420456,11769700
2026-01-12,48.1252326965332,48.21450059111589,47.80783657883035,47.97645161100866,12672800
2026-01-13,48.333526611328125,48.363281317075575,47.996292739435326,48.204583246988406,10797500
2026-01-14,48.35336685180664,48.74019318123539,48.23434423898102,48.35336685180664,16029700
2026-01-15,48.5616569519043,48.710438054400356,48.21450609096099,48.37320416791516,17883600
2026-01-16,48.283935546875,48.32361101144012,47.966539397675106,48.174829911151186,10769100
2026-01-20,47.797916412353516,48.12523329108721,47.62930137809208,47.95661447316555,17363800
2026-01-21,48.839378356933594,48.97823869258971,48.27401247315309,48.42279356630486,16940400
2026-01-22,49.11709976196289,49.42457892669487,48.948480934961346,48.968318666588615,14648300
2026-01-23,49.56344223022461,49.58327996303893,48.95840462219999,49.05758950261096,19550700
2026-01-26,49.622947692871094,50.06928718649382,49.61303071908408,50.00977399279067,13900900
2026-01-27,49.57335662841797,49.77173016259086,49.275798218988854,49.464250995439855,10123800
2026-01-28,49.543601989746094,49.801484935958186,49.1369379467875,49.71221703464237,13517200
2026-01-29,49.593196868896484,50.208151450645815,48.88897438143671,50.03953639744868,20503700
2026-01-30,48.86913299560547,49.2460423230595,48.412876526596065,48.81954055917581,28082600
2026-02-02,49.24604415893555,49.40474223162287,48.79970464710854,48.849297085386986,25155300
2026-02-03,50.287498474121094,50.803268135518174,49.65270620891249,49.771728812724014,34077400
2026-02-04,51.46781539916992,51.596758761169355,50.59497413770206,50.59497413770206,35878600
2026-02-05,50.08912658691406,51.10082821161971,49.95026624730632,50.961967872011954,25667300
2026-02-06,51.09090805053711,51.20001368540616,50.44619878287716,50.44619878287716,14367300
2026-02-09,51.75545883178711,51.884402198777835,50.85286283017309,51.05123636777562,12325200
2026-02-10,52.479515075683594,52.55886599821289,51.69594174217793,51.72570022995653,18381400
2026-02-11,53.183738708496094,53.23333114438611,52.6778898085614,52.6778898085614,24891300
2026-02-12,52.400169372558594,53.69950860346508,52.310901474097356,53.23333137998302,30108100
2026-02-13,52.87626647949219,53.203579602754665,52.01334215232814,52.11253081366567,19918900
2026-02-17,52.2712287902832,52.53903249990233,51.656274225784024,52.2712287902832,20404700
2026-02-18,52.588626861572266,52.90602302154276,52.31090616751326,52.56878912861653,11992700
2026-02-19,52.400169372558594,52.737399451567335,52.003422316361906,52.22163357563612,18340200
2026-02-20,52.529109954833984,52.816751386897465,51.89431767970107,52.19187608571207,17810500
2026-02-23,52.529109954833984,52.66797029206175,51.93399314281198,52.062936506092235,17353800
2026-02-24,52.92585754394531,53.06471788255136,52.4795180386684,52.52911047621907,13452200
2026-02-25,52.628299713134766,53.31268443963745,52.241469615204906,53.29284670766716,12379300
2026-02-26,52.56878662109375,52.687809229490156,51.92407357359727,52.45968098687184,15645100
2026-02-27,52.97544860839844,53.05479953335113,52.24146768722744,52.429924242159906,12122700
2026-03-02,52.81675338745117,52.9556137299386,52.082772426739794,52.638217580350044,19444500
2026-03-03,51.51741027832031,51.66619137873228,50.27758038708913,51.24960656777511,27307900
2026-03-04,51.4975700378418,51.953830291174825,51.259524829169266,51.894317097176504,17141500
2026-03-05,50.41644287109375,51.35871053081089,50.09904294830872,51.18017472959575,19897300
2026-03-06,49.4543342590332,49.95026620501844,49.03774945690216,49.90067376715201,23170700
2026-03-09,49.583274841308594,49.781644581639824,48.20458093058083,48.85921091119059,22461900
2026-03-10,49.47417068481445,50.00977429675683,49.22620471836803,49.583276315436535,19215000
2026-03-11,49.43449401855469,49.4840864539045,48.879048905120044,49.32538839058893,12570900
2026-03-12,49.27579879760742,49.82132318524334,49.226206359396976,49.38490443186671,19572900
2026-03-13,48.7897834777832,49.722137957661076,48.6112476745581,49.6229492982802,17240300
2026-03-16,48.998077392578125,49.36506597030446,48.69059822636066,49.057586804086995,15641100
2026-03-17,49.11709976196289,49.57335623840872,49.07742429870836,49.27579783132059,12770300
2026-03-18,48.0855598449707,48.879050182281695,48.0855598449707,48.779865308990466,16432400
2026-03-19,47.351585388183594,47.60946834356725,46.83581569375568,47.252396725604804,23546600
2026-03-20,46.5977668762207,47.56979307147165,46.34980089425891,47.460687434022766,19735100
2026-03-23,47.372867584228516,47.970634764764505,47.18357673399324,47.223428639459684,19208000
2026-03-24,48.26951599121094,48.60824958344875,47.064024366080154,47.10387247067701,15814600
2026-03-25,49.2259407043457,49.26579261088182,48.48869563537551,48.81746816356798,15047100
2026-03-26,48.90713119506836,49.54474647347552,48.78757928048873,48.78757928048873,12903500
2026-03-27,48.72780227661133,49.10638777998053,48.598285483263744,48.857319069958905,10746100
2026-03-30,48.90713119506836,49.55471134997448,48.717840346943376,49.325564796340494,16612900
2026-03-31,49.78385543823242,50.042885226849464,49.106388236634686,49.335530995927016,20487800
2026-04-01,50.27202606201172,50.471281784352946,49.98310545464127,50.152474148801694,19966800
2026-04-02,50.22221374511719,50.7303122333382,49.72407633292579,49.89344502932403,13799900
2026-04-06,50.03292465209961,50.24214146044367,49.664300217794,50.022959775233524,8885600
2026-04-07,49.8934440612793,50.132547886219385,49.494932619063455,49.93329216511146,9953400
2026-04-08,51.55722427368164,51.58711130348156,50.580875361852,50.88972193823682,14354000
2026-04-09,51.47751998901367,51.87603145163732,51.27826805818882,51.36793294725479,7658500
2026-04-10,51.76643753051758,52.02547110596269,51.686737523025286,51.736550502768814,6138500
2026-04-13,51.995582580566406,52.065321515393364,51.367932167123776,51.49744516009561,9890600
2026-04-14,51.816253662109375,52.06532237646394,51.457597905847855,52.06532237646394,8273900
2026-04-15,51.188602447509766,51.706665821422504,51.04912457770382,51.706665821422504,20300500
2026-04-16,51.55722427368164,51.7764059601797,51.29819448094602,51.32808151074594,12382700
2026-04-17,51.68674087524414,52.17491342907326,51.27826833407638,51.407781329711945,11796000
2026-04-20,52.03543472290039,52.20480342288369,51.47751944126125,51.646888141244546,8558000
2026-04-21,51.5771484375,52.3741675419024,51.447631645382465,52.05535990014144,9557700
2026-04-22,51.636924743652344,52.22472322758824,51.50740795542722,52.04539725991305,8933000
2026-04-23,51.617000579833984,51.70666546702137,51.08897233284745,51.51737081602195,13728200
2026-04-24,51.726585388183594,51.80628919579537,51.13878690923702,51.55722049773866,7420300
2026-04-27,51.58710861206055,51.98562005754083,51.417743718047845,51.80629028712338,8025900
2026-04-28,51.208526611328125,51.786364023262884,50.81997624410324,51.68673806273555,9073000
2026-04-29,50.770164489746094,51.31811488685093,50.70042555559567,51.29819273465384,7053300
2026-04-30,51.27826690673828,51.51737073855383,50.610760791905534,50.730312707813304,15282700
2026-05-01,51.15871047973633,51.577147880331665,51.148749403751914,51.447631089613246,9358200
2026-05-04,50.46132278442383,51.06904725186039,50.31188003639816,50.96942128683458,10041600
2026-05-05,51.33803939819336,51.59707297532547,50.70042413215552,50.8498668728461,10775100
2026-05-06,52.21476364135742,52.47379342471042,51.94576898144073,52.12509875471852,10500300
2026-05-07,51.208526611328125,52.57342203308391,51.188600659125306,52.404053339603294,13026600
2026-05-08,51.39781951904297,51.71662716610786,51.30815463077553,51.61700120158269,7600000
2026-05-11,52.0653190612793,52.214761800571274,51.63692439631488,51.66681142397859,8586900
2026-05-12,51.945770263671875,52.095213011921174,51.26830305911911,51.80629239223224,11594700
2026-05-13,51.86606979370117,52.324355310238595,51.82621788778829,51.93580872880526,8455400
2026-05-14,51.47751998901367,52.05536122976926,51.40778105312758,51.92584443434353,10703400
2026-05-15,50.11262130737305,50.99930526470369,50.0628083278407,50.81997549799786,11192800
2026-05-18,50.03292465209961,50.5310620817685,49.883481903004146,50.14251549470468,10543700
2026-05-19,48.85731887817383,49.67426393979896,48.70787613255272,49.5945601286712,11881300
2026-05-20,49.534786224365234,49.59456028240946,48.71784116020765,48.80750604776089,20467000
2026-05-21,49.83366775512695,50.062810511359324,48.956944835269304,49.355456289882845,10235900
2026-05-22,50.1026611328125,50.311877930903385,49.80377944975598,50.14251303734985,6954600
2026-05-26,50.80005645751953,50.97938243472038,50.461322855274446,50.49120988472676,8241700
2026-05-27,50.98934555053711,51.17863639800927,50.790089826600365,50.819976855020485,9010300
2026-05-28,51.16867446899414,51.27826530535669,50.42146836705319,50.87975386412681,10566000
2026-05-29,50.95945739746094,51.387855864299965,50.91960549345574,51.08897038474772,11728000
2026-06-01,50.73031234741211,50.85982913900943,49.94325812274991,50.461321488652324,24538000
2026-06-02,51.32807922363281,51.47751816646059,50.531060127090825,50.63068608897601,19926800
2026-06-03,51.43767166137695,51.836179321795534,51.049125077261884,51.1587121185483,12438500
2026-06-04,51.427703857421875,52.005545062796614,51.24837409027018,51.63692445275668,9689200
2026-06-05,50.4413948059082,51.457595570412344,50.31187801618567,51.21848794326975,12395700
2026-06-08,49.773887634277344,50.6207234867158,49.72407465483666,50.42146776846635,10994300
2026-06-09,50.580875396728516,50.630688379925054,49.65433946742221,50.401545616831356,13510500
2026-06-10,49.41522979736328,50.67053820507388,49.38534276877055,50.560947366251405,9676500
2026-06-11,51.029197692871094,51.1387885315706,49.8137411916393,49.883480125268655,12442900
2026-06-12,51.98562240600586,52.16495218452458,51.328081151599534,51.5173720064862,15194700
2026-06-15,52.30442810058594,53.00182123535779,52.27454107211282,52.67304872020613,14993300
2026-06-16,52.52360916137695,52.89222977667411,52.443905352400925,52.49371833276754,8430000
2026-06-17,51.82621765136719,53.11141310754303,51.66681382892973,52.324355071545085,16228500
2026-06-18,51.617000579833984,52.23468991352102,51.56718379768452,52.02547311024609,11934100
2026-06-22,51.619998931884766,51.81999969482422,51.150001525878906,51.18000030517578,9088400
2026-06-23,50.869998931884766,51.47999954223633,50.790000915527344,51.06999969482422,10273400
2026-06-24,51.15999984741211,51.529998779296875,50.790000915527344,50.869998931884766,12425600
2026-06-25,51.84000015258789,52.189998626708984,51.27000045776367,51.40999984741211,9655000
2026-06-26,51.599998474121094,51.88999938964844,51.380001068115234,51.56999969482422,9233700
2026-06-29,50.65999984741211,51.400001525878906,50.25,51.279998779296875,12726100
2026-06-30,50.83000183105469,51.189998626708984,50.66999816894531,51.06999969482422,8329100
2026-07-01,51.02000045776367,51.470001220703125,50.47999954223633,50.720001220703125,14128800
2026-07-02,52.0099983215332,52.029998779296875,51.29999923706055,51.400001525878906,12373700
2026-07-06,51.97999954223633,52.040000915527344,51.349998474121094,51.91999816894531,20090500
2026-07-07,51.5099983215332,52.119998931884766,51.29999923706055,51.959999084472656,12304900
2026-07-08,50.15999984741211,51.040000915527344,49.88999938964844,51.0,13282200
2026-07-09,50.2599983215332,50.54999923706055,50.119998931884766,50.369998931884766,10529400
2026-07-10,50.88999938964844,51.11000061035156,50.290000915527344,50.290000915527344,7507300
2026-07-13,50.58000183105469,51.349998474121094,50.36000061035156,50.970001220703125,9031400
2026-07-14,50.63999938964844,51.45000076293945,50.59000015258789,51.150001525878906,8755500
2026-07-15,50.5,50.84000015258789,50.11000061035156,50.65999984741211,12323300
2026-07-16,50.88999938964844,50.93000030517578,50.279998779296875,50.310001373291016,7147400
2026-07-17,50.529998779296875,51.45000076293945,50.38999938964844,50.79999923706055,8670700
2026-07-20,50.029998779296875,50.72999954223633,49.880001068115234,50.63999938964844,10680300
2026-07-21,50.099998474121094,50.540000915527344,49.849998474121094,50.5,8699800
2026-07-22,50.81999969482422,50.970001220703125,50.29999923706055,50.33000183105469,10222300
2026-07-23,50.290000915527344,50.970001220703125,50.119998931884766,50.41999816894531,10925000
2026-07-24,51.2599983215332,51.27000045776367,50.209999084472656,50.31999969482422,12192800
2026-07-27,51.38999938964844,51.630001068115234,51.09000015258789,51.470001220703125,8704300
2026-07-28,52.34000015258789,52.779998779296875,51.880001068115234,52.0,11774600
2026-07-29,51.7400016784668,52.34000015258789,51.33000183105469,52.34000015258789,13744600
2026-07-30,51.63999938964844,52.310001373291016,51.279998779296875,52.209999084472656,10865900
2026-07-31,50.43000030517578,51.04999923706055,50.209999084472656,50.90999984741211,18328900
2026-08-03,51.0099983215332,51.040000915527344,50.349998474121094,50.7400016784668,11963900
2026-08-04,52.0,52.06999969482422,51.029998779296875,51.310001373291016,16876700
2026-08-05,52.63999938964844,52.959999084472656,52.45000076293945,52.59000015258789,12070300
2026-08-06,52.16999816894531,52.86000061035156,52.0099983215332,52.630001068115234,9000600
2026-08-07,52.86000061035156,52.939998626708984,52.16999816894531,52.34000015258789,13068200
2026-08-10,53.18000030517578,53.20000076293945,52.61000061035156,52.810001373291016,11932600
2026-08-11,53.2400016784668,53.599998474121094,53.0,53.06999969482422,11450900
2026-08-12,52.58000183105469,53.47999954223633,52.540000915527344,53.45000076293945,9843200
2026-08-13,52.310001373291016,52.779998779296875,52.220001220703125,52.599998474121094,10407100
2026-08-14,52.540000915527344,52.650001525878906,52.27000045776367,52.459999084472656,7479000
