Price,Close,High,Low,Open,Volume
Ticker,XLK,XLK,XLK,XLK,XLK
Date,,,,,
1998-12-22,11.909100532531738,12.07748859466895,11.810390289209924,12.04264968526125,601000
1998-12-23,12.193628311157227,12.193628311157227,11.949755744934082,12.170402352469308,676600
1998-12-24,12.147171974182129,12.193623874657012,12.100720073707246,12.193623874657012,487400
1998-12-28,12.182012557983398,12.332981255079474,12.11233469778521,12.332981255079474,618600
1998-12-29,12.216853141784668,12.269111544007131,12.077497402524767,12.240079098327985,247600
1998-12-30,12.170401573181152,12.315563805685699,12.106530190879154,12.147175615980426,191200
1998-12-31,12.123946189880371,12.22846296737934,12.019429412381402,12.170398090991023,154400
1999-01-04,12.263299942016602,12.472333463755522,12.112331287427383,12.135557234287262,1301200
1999-01-05,12.576851844787598,12.646529694343208,12.286527471639223,12.286527471639223,590400
1999-01-06,12.948467254638672,12.983306179987476,12.785885603010923,12.890402379057333,1249400
1999-01-07,12.907824516296387,13.01814780276046,12.739436342219646,12.820727184877382,1069200
1999-01-08,12.960082054138184,13.21556754266062,12.814919844750435,13.19234158915858,1065600
1999-01-11,13.087820053100586,13.331692476450288,12.948464382615043,13.331692476450288,995800
1999-01-12,12.733631134033203,13.215569749685166,12.733631134033203,13.192343792304348,972000
1999-01-13,12.727816581726074,13.064592750403133,11.891682645700273,11.891682645700273,1096600
1999-01-14,12.553622245788574,12.867172477644532,12.472331444937028,12.762655733692545,732600
1999-01-15,12.925237655639648,12.931044141558624,12.576848500501113,12.63491335969087,1307800
1999-01-19,13.372333526611328,13.3781400109911,13.012331495065562,13.238784385876608,874600
1999-01-20,13.494279861450195,13.929766517908357,13.471053906439094,13.703313456550113,2264400
1999-01-21,13.14588451385498,13.494273679416509,13.052980736371907,13.47104773504574,2985800
1999-01-22,12.913625717163086,13.15749814527498,12.780076530339906,12.913625717163086,2582000
1999-01-25,13.140082359313965,13.145888847320732,12.855564446982378,13.076210991239527,1893200
1999-01-26,13.668474197387695,13.680087174615723,13.285245948862807,13.285245948862807,1427800
1999-01-27,13.378145217895508,13.92976144866811,13.378145217895508,13.842664149072435,2733800
1999-01-28,13.848469734191895,13.85427622045361,13.604597311199836,13.656855687555277,1807200
1999-01-29,14.051701545715332,14.063314522199395,13.726538204161589,13.88911987493846,1867200
1999-02-01,14.063314437866211,14.2607350369114,13.958797650136404,14.17944420201044,1826000
1999-02-02,13.82524585723877,14.121376700883951,13.610405833417754,14.121376700883951,2518400
1999-02-03,13.923956871032715,14.144603393592867,13.68008439872939,13.772988197702086,2668200
1999-02-04,13.447827339172363,14.028476188014002,13.331697569404035,14.028476188014002,3891800
1999-02-05,13.12265682220459,13.459432970739044,12.913623350700448,13.37814217626521,3664800
1999-02-08,13.343307495117188,13.563954007220953,13.052983137085917,13.285242623510934,2629200
1999-02-09,12.820725440979004,13.389761262181876,12.751047585321508,13.378148286238961,4171000
1999-02-10,12.913625717163086,13.15749814527498,12.727818152887359,12.878786798861388,2803600
1999-02-11,13.459437370300293,13.482663319170527,13.018144341765858,13.145887060552141,5333400
1999-02-12,12.925237655639648,13.296852754454086,12.855559824611941,13.145884120560721,5834800
1999-02-16,12.867177963256836,13.308471070299941,12.8207260572523,13.285245117297672,3452800
1999-02-17,12.576851844787598,12.994918942121258,12.472335070454182,12.542012920009793,5567000
1999-02-18,12.646533012390137,12.785888748063856,12.391047496988316,12.751049814145427,4151200
1999-02-19,12.762654304504395,12.960074798750595,12.692976483005735,12.867171036752383,3347200
1999-02-22,13.215567588806152,13.25040651918086,12.762661493934939,12.855565308267495,4736000
1999-02-23,13.389759063720703,13.552340700227285,13.215564453177935,13.378146089684517,4131000
1999-02-24,13.018145561218262,13.540729459750663,13.018145561218262,13.51750350870478,5001000
1999-02-25,13.052984237670898,13.052984237670898,12.681369028057492,12.774272830460845,5132400
1999-02-26,12.658137321472168,13.052978302141943,12.542007621275177,13.029752362102544,4685200
1999-03-01,12.600080490112305,12.70459728680448,12.425885828958679,12.495563693420129,2184200
1999-03-02,12.263299942016602,12.82072266665372,12.263299942016602,12.704592932354322,4960400
1999-03-03,12.472333908081055,12.53039877729931,12.216848483520735,12.449107960393754,3215600
1999-03-04,12.600080490112305,12.809114083496656,12.30975605485626,12.77427515126593,6398200
1999-03-05,12.890405654907227,13.006535435582068,12.733630450996193,12.96008352331213,3753800
1999-03-08,13.262017250061035,13.28524319971088,13.018144778737671,13.192339401111504,3318800
1999-03-09,13.12265682220459,13.447820000099926,13.076204939648115,13.192334646039305,1872000
1999-03-10,13.12265682220459,13.203947616678425,12.965881718576483,13.12265682220459,884000
1999-03-11,13.099435806274414,13.36653423140235,12.971693081213227,13.192339606318912,2432400
1999-03-12,12.983304023742676,13.215563487494782,12.843948345491414,13.215563487494782,1672000
1999-03-15,13.192339897155762,13.192339897155762,12.87298307746229,13.076210144539953,864200
1999-03-16,13.41878890991211,13.471047282992684,13.157497044509235,13.203948931691967,1517600
1999-03-17,13.331689834594727,13.424593596508277,13.215560132202786,13.412980626269084,850800
1999-03-18,13.517500877380371,13.529113850642725,13.238789519083868,13.285241412133285,642800
1999-03-19,13.192339897155762,13.703310808665314,13.192339897155762,13.63363295709583,1273000
1999-03-22,13.192339897155762,13.32008262503315,13.076210144539953,13.192339897155762,1547000
1999-03-23,12.809107780456543,13.099432072851297,12.716204006890221,13.099432072851297,2997200
1999-03-24,13.058793067932129,13.116857954850458,12.669758325579325,12.890404895868976,1233400
1999-03-25,13.366537094116211,13.412989004087077,13.215568386710903,13.320085184145347,1190200
1999-03-26,13.296858787536621,13.51750535256998,13.227180924894508,13.30847176464364,967000
1999-03-29,13.796210289001465,13.819436232248943,13.43620816866557,13.471047083536785,1899400
1999-03-30,13.772985458374023,13.935567074240158,13.656855732755355,13.726533568126555,1685000
1999-03-31,13.598793983459473,14.05170001706743,13.575568033018039,13.935570264860262,1549400
1999-04-01,13.813637733459473,13.94718698435042,13.563958699185088,13.935574006012077,637000
1999-04-05,14.28975772857666,14.30717718131365,13.970401095065196,13.982014063556521,2007000
1999-04-06,14.411703109741211,14.539445844799353,14.237508471025565,14.376864181998082,1080200
1999-04-07,14.37686824798584,14.702031665549333,14.098156747217134,14.678805707151941,1863400
1999-04-08,14.516218185424805,14.562670083618164,14.074925152587891,14.376862490844728,1213800
1999-04-09,14.492988586425781,14.626537760098776,14.376858870188396,14.487182100613913,557600
1999-04-12,14.272344589233398,14.347828917817628,13.91234240675477,13.982020248524828,2075000
1999-04-13,14.051701545715332,14.4000908402372,13.93557178087471,14.330412981332826,1601200
1999-04-14,13.703315734863281,14.301384175834007,13.656863817117982,14.26073874780687,951400
1999-04-15,13.819435119628906,13.88911294376149,13.412981145522174,13.865887002383962,3398400
1999-04-16,13.447827339172363,13.842668556384679,13.378149477311366,13.819442602431012,544200
1999-04-19,12.797492027282715,13.598786900134355,12.681362335565087,13.587173930962592,2416600
1999-04-20,13.12265682220459,13.14588276348283,12.681363937918064,12.936849291978685,2058800
1999-04-21,13.471050262451172,13.5175021599079,13.029757236612255,13.12266103152571,1015600
1999-04-22,14.092344284057617,14.115570232609834,13.819439388569068,14.051698874091237,2064600
1999-04-23,14.121382713317871,14.249125484573213,13.842671212397123,14.01686590047259,489000
1999-04-26,14.481378555297852,14.492991529279646,14.202667179734782,14.283957997607343,530200
1999-04-27,14.121382713317871,14.667192735954334,14.10976973411284,14.655579756749303,826000
1999-04-28,13.93557357788086,14.272349939346313,13.865895709991456,14.121381225585937,1788600
1999-04-29,13.790406227111816,13.958794345253391,13.598792161640368,13.93556839792352,968000
1999-04-30,13.680081367492676,14.028470536444104,13.354918143138011,14.028470536444104,1520000
1999-05-03,13.796210289001465,13.84266217549642,13.59878977139791,13.749758402506512,403200
1999-05-04,13.587178230285645,13.912341469984788,13.494274447514462,13.73814687728882,2869800
1999-05-05,13.865887641906738,13.865887641906738,13.285239080687862,13.656854159867942,886200
1999-05-06,13.517500877380371,13.970406834612188,13.471048984330954,13.749760342627457,686800
1999-05-07,13.749764442443848,13.81944230279407,13.482665977767995,13.726538488993773,739400
1999-05-10,13.865887641906738,14.028469239048023,13.772983872111718,13.889113584355492,486400
1999-05-11,14.07492446899414,14.214280156805962,13.947181755166635,13.947181755166635,931200
1999-05-12,14.35363483428955,14.434925646457858,13.935567800281117,14.295569968455046,589400
1999-05-13,14.312993049621582,14.59751096419824,14.295573585463828,14.446542274831033,1231000
1999-05-14,13.93557357788086,14.167833137512208,13.877508687973023,14.074929313659668,815600
1999-05-17,14.13299560546875,14.191060501136247,13.790412721030519,13.854284106264766,451200
1999-05-18,14.260734558105469,14.376864318350627,14.144604797860309,14.2839605101545,820200
1999-05-19,14.307184219360352,14.34202314197243,14.103957170789892,14.330410167768404,637400
1999-05-20,14.121382713317871,14.394287724636103,14.121382713317871,14.388481235033588,552000
1999-05-21,13.958793640136719,14.138794722850628,13.923954720901769,14.028471478606619,550000
1999-05-24,13.656854629516602,14.028469721476238,13.616209228833517,13.958791891733807,1409600
1999-05-25,13.372333526611328,13.842658761372734,13.349107589092247,13.749755011296408,712600
1999-05-26,13.651053428649902,13.65685991670973,13.14588896744508,13.540730155513218,1353800
1999-05-27,13.55234146118164,13.674277695408211,13.389759815546213,13.65105174603172,761400
1999-05-28,13.72653579711914,13.72653579711914,13.436211435927957,13.552341180404431,265800
1999-06-01,13.41878890991211,13.743952120191244,13.401369452218585,13.743952120191244,637600
1999-06-02,13.56395435333252,13.633632201037994,13.180726190952406,13.354920810216093,646000
1999-06-03,13.471050262451172,13.68008380100645,13.4536308009049,13.552341083000448,912200
1999-06-04,13.871694564819336,13.91233996538599,13.471047044948037,13.471047044948037,500000
1999-06-07,14.121382713317871,14.21428654695812,13.976220473254982,13.976220473254982,1003600
1999-06-08,13.796210289001465,14.162018895149231,13.75556488831838,14.121373494466146,508400
1999-06-09,14.0052490234375,14.040087951356497,13.831054383842506,13.889119263707503,563800
1999-06-10,13.796210289001465,13.912340005238852,13.685887058575949,13.865888118743896,502800
1999-06-11,13.610403060913086,13.929759788024956,13.563951173333178,13.842662498812627,210800
1999-06-14,13.546536445617676,13.726537572841915,13.494278053842898,13.726537572841915,341200
1999-06-15,13.668474197387695,13.784603969667964,13.517505493423345,13.517505493423345,830800
1999-06-16,14.231696128845215,14.295567470100742,13.982017249391792,14.005243191666528,719000
1999-06-17,14.38847541809082,14.43492731613147,14.086538080826607,14.098151055336768,682200
1999-06-18,14.516218185424805,14.516218185424805,14.278152207183838,14.388475465393066,409800
1999-06-21,14.882022857666016,14.8936358290727,14.562666143982195,14.580085601092222,1514000
1999-06-22,14.568486213684082,14.934295154083483,14.539453758096828,14.84139129620427,1052800
1999-06-23,14.678801536560059,14.684608024509647,14.353638211383096,14.492993922173222,915400
1999-06-24,14.37686824798584,14.643966769555853,14.301383883194315,14.632353790357156,533600
1999-06-25,14.394283294677734,14.620736319483072,14.330411928706997,14.400089782493255,546400
1999-06-28,14.632346153259277,14.655572099534293,14.452345069627913,14.53944236815922,437000
1999-06-29,14.818154335021973,14.84138028225555,14.632346757153359,14.632346757153359,215600
1999-06-30,15.044604301452637,15.096862672241164,14.661376249003437,14.812344875725849,630200
1999-07-01,15.213003158569336,15.282681035631485,14.899452711789664,15.108486342976112,946800
1999-07-02,15.410415649414062,15.410415649414064,15.189769155564125,15.189769155564125,444000
1999-07-06,15.323324203491211,15.654294070713265,15.259452825606255,15.491712381551555,656000
1999-07-07,15.503317832946777,15.53815674942531,15.18976758463999,15.18976758463999,1111200
1999-07-08,15.71235466003418,15.787838995060213,15.39880434531066,15.42203029454944,758400
1999-07-09,15.88074016571045,15.880740165710447,15.665900170781276,15.770416925071144,247400
1999-07-12,15.903968811035156,15.991066121062731,15.747193652985521,15.933001247711015,468800
1999-07-13,15.834294319152832,15.86332676198223,15.660099662176455,15.793648899191679,400200
1999-07-14,16.031702041625977,16.0375085255237,15.758797298432777,15.956217750955517,603800
1999-07-15,16.147842407226562,16.234939723338897,15.991067238224364,16.142035919485743,772000
1999-07-16,16.293004989624023,16.351069868418122,16.118810353241727,16.258166062347563,200800
1999-07-19,16.0955810546875,16.33945349491004,16.07235510799964,16.316227548222177,445400
1999-07-20,15.42784309387207,16.025911531459133,15.32913276922178,16.02010504177382,1616600
1999-07-21,15.561388969421387,15.654292784164202,15.352355386250055,15.422033247307166,795400
1999-07-22,15.079449653625488,15.561388167776784,15.00977179615783,15.561388167776784,1034600
1999-07-23,15.120094299316406,15.224611080187257,14.974932103662447,15.166546201925673,802800
1999-07-26,14.77751636505127,15.027195423478462,14.760096895858673,14.911065628861163,719800
1999-07-27,15.143321990966797,15.224612829875362,14.957514359175795,15.003966267123545,833800
1999-07-28,15.282670021057129,15.398799732463338,15.073636540525953,15.212992194213404,951200
1999-07-29,15.02718448638916,15.212992022542348,14.876215863264694,14.980732602350862,933200
1999-07-30,14.8704195022583,15.218808869745805,14.864613012800177,15.16655046462268,601800
1999-08-02,14.841382026672363,15.137512888706906,14.78331715176363,14.794930126745378,638800
1999-08-03,14.783316612243652,15.015576103402232,14.591702532037823,15.003963128844303,940400
1999-08-04,14.603316307067871,14.934286100110763,14.545251431095435,14.77170444738794,975200
1999-08-05,14.71944522857666,14.71944522857666,14.318797606970431,14.545250610486995,1759600
1999-08-06,14.725259780883789,14.980745360678304,14.585904010086782,14.702033819084289,954400
1999-08-09,14.556864738464355,14.823963174032508,14.539445275275128,14.783317759924312,420000
1999-08-10,14.312993049621582,14.58589798809307,14.098152991675944,14.522026619514635,1399800
1999-08-11,14.771700859069824,14.794926803816791,14.400085743118384,14.539441411600174,1272800
1999-08-12,14.585897445678711,14.841382910491555,14.580090957842057,14.835576422654901,834200
1999-08-13,15.050414085388184,15.085253006882137,14.82976758259314,14.858800017171436,683200
1999-08-16,15.096861839294434,15.230411001718961,14.969119162192712,15.120087780585656,1104000
1999-08-17,15.166545867919922,15.329127523471897,14.93428635998853,15.305901572678756,696400
1999-08-18,14.992350578308105,15.207190613706015,14.98654409086492,15.183964663933269,368400
1999-08-19,14.841382026672363,14.934285826526338,14.742671739327516,14.841382026672363,537400
1999-08-20,14.887822151184082,14.934274014370304,14.783305459015082,14.934274014370304,417200
1999-08-23,15.230409622192383,15.276861500567351,15.009763199911289,15.050408593489387,585000
1999-08-24,15.468481063842773,15.607836749102619,15.2362215884097,15.305899431039622,1077200
1999-08-25,15.793649673461914,15.857521050817825,15.445260342429664,15.561390119440414,783600
1999-08-26,15.602029800415039,15.863321702543315,15.584610340273155,15.863321702543315,453200
1999-08-27,15.514937400817871,15.735583965649862,15.468485492432189,15.631067171782076,344200
1999-08-30,15.259450912475586,15.61945317905606,15.201386030769058,15.584614250032145,863000
1999-08-31,15.392996788024902,15.468481117803975,15.05041406056603,15.271060562997167,902600
1999-09-01,15.474285125732422,15.578801873298344,15.375574864142383,15.503317555611844,1188800
1999-09-02,15.416227340698242,15.485905204385013,15.143322374591719,15.236226192840748,578000
1999-09-03,15.979456901550293,16.020102322448132,15.787842774460481,15.793649263160173,901200
1999-09-07,15.985260009765625,16.188487071277354,15.979453522293861,16.049131371955024,821400
1999-09-08,15.874935150146484,16.11300111252981,15.747192438623724,15.956225966570058,401800
1999-09-09,16.01429557800293,16.08397344128648,15.793649010938351,15.979456646361154,372400
1999-09-10,16.1884765625,16.327832171359397,16.060733921045554,16.2349284321198,337000
1999-09-13,15.967841148376465,16.240746069821444,15.967841148376465,16.188487680608574,807400
1999-09-14,16.142030715942383,16.18267611702569,15.909771281180621,16.025900998561504,794800
1999-09-15,15.80526351928711,16.322041055369603,15.764618095100845,16.322041055369603,772600
1999-09-16,15.735589981079102,15.898171722581026,15.439458951914883,15.770428925686657,1847800
1999-09-17,16.04912757873535,16.112998925828727,15.857513537455226,15.973643259443183,1207400
1999-09-20,16.118804931640625,16.19428924868361,15.944610353849122,16.118804931640625,466000
1999-09-21,15.787840843200684,16.002680898808784,15.700743523359563,15.938809530925296,1311800
1999-09-22,15.816885948181152,15.944628786235478,15.60204572054433,15.758821021792821,1067200
1999-09-23,15.236223220825195,15.97945362184106,15.102674008142658,15.97945362184106,1873200
1999-09-24,15.271065711975098,15.282678689702836,14.887837446959754,15.10848402378677,1271600
1999-09-27,15.42784309387207,15.642683212228588,15.398810645445513,15.56139235663423,2083600
1999-09-28,15.497517585754395,15.561388958344615,15.050417977622851,15.410420259495002,936000
1999-09-29,15.213003158569336,15.538166584859368,15.213003158569336,15.445262748776502,399600
1999-09-30,15.329120635986328,15.45686330795288,15.143313113125886,15.329120635986328,771600
1999-10-01,15.236223220825195,15.317514045936306,14.998157232999803,15.259449170856943,1905000
1999-10-04,15.607844352722168,15.607844352722168,15.282680928707123,15.329132846423558,486400
1999-10-05,15.700740814208984,15.874935423834083,15.422029438808824,15.700740814208984,1226200
1999-10-06,15.892355918884277,15.938807817806847,15.712354810559319,15.77041968421253,965600
1999-10-07,15.811063766479492,15.979451885916843,15.706547002690792,15.973645399039693,1896600
1999-10-08,15.79944896697998,15.851707342835484,15.468479253228471,15.805255453186149,1064600
1999-10-11,15.956226348876953,16.05493662832779,15.840096608346553,15.880742017532192,1238200
1999-10-12,15.671709060668945,16.02590478230689,15.631063649989182,15.956226935427292,471800
1999-10-13,15.259450912475586,15.631066155397367,15.14332114906253,15.538162344666922,1058600
1999-10-14,15.172351837158203,15.352352949654149,14.98073774966252,15.282675099655718,1401000
1999-10-15,14.812344551086426,15.050410457238735,14.690408355252314,14.870409406245525,2097600
1999-10-18,14.678801536560059,14.852996175047718,14.295573331887208,14.777511831703066,3011800
1999-10-19,14.44654369354248,14.864610874384546,14.371059341445996,14.841384919893319,2947800
1999-10-20,15.02718448638916,15.032990971893947,14.702021298121078,14.818151008216821,796800
1999-10-21,14.783316612243652,14.80654256135951,14.44654035006371,14.539444146527142,1361800
1999-10-22,14.818154335021973,15.027187860124164,14.812347848213578,14.957510018423433,399400
1999-10-25,14.858794212341309,14.951697966697488,14.707825611512519,14.725245065454303,325000
1999-10-26,14.864607810974121,15.149125694856048,14.852994836121798,15.12009325772524,982400
1999-10-27,14.847180366516113,14.864599819429507,14.614920994337528,14.858793335125043,1298600
1999-10-28,15.230409622192383,15.230409622192385,14.911052958364484,15.120086411051837,680400
1999-10-29,15.793649673461914,15.886553495070512,15.491712253233965,15.491712253233965,1633600
1999-11-01,15.770419120788574,15.967839684156324,15.758806146472823,15.840096966683074,461600
1999-11-02,15.700740814208984,15.956226241659131,15.660095405296461,15.770418658059024,312600
1999-11-03,15.932997703552246,16.025901480249345,15.840093926855149,15.932997703552248,418400
1999-11-04,16.05493927001953,16.153649565712236,15.944615998362977,16.14203658974839,818200
1999-11-05,16.229137420654297,16.443977522466177,16.15365306055823,16.443977522466177,1796000
1999-11-08,16.39171600341797,16.461393861030796,16.04913320348823,16.04913320348823,754200
1999-11-09,16.211711883544922,16.53687515914611,16.165259987030467,16.531068672081805,1963000
1999-11-10,16.49622917175293,16.623971882692235,16.165259420682915,16.165259420682915,1167800
1999-11-11,16.72269058227539,16.815594418843588,16.600754296779634,16.61817376613617,591000
1999-11-12,16.815587997436523,16.954943699072736,16.362681967118828,16.949137211504564,878600
1999-11-15,16.7401065826416,16.85042986570445,16.67042871965454,16.85042986570445,374600
1999-11-16,17.09429931640625,17.09429931640625,16.73429708895476,16.873652789903726,511200
1999-11-17,16.931711196899414,17.233648433606813,16.90848525561423,17.16397060975126,1031200
1999-11-18,17.50655746459961,17.50655746459961,17.059457987062572,17.187200694930297,1505600
1999-11-19,17.66913604736328,17.698168475965588,17.373005275619764,17.523973904351752,890600
1999-11-22,17.779462814331055,17.837527683091118,17.605268208050866,17.628494155554893,872400
1999-11-23,17.62269401550293,17.9246314417982,17.38462796784704,17.9246314417982,1170000
1999-11-24,17.895599365234375,17.959470745188163,17.47172566190468,17.57043597637872,1253400
1999-11-26,18.03494644165039,18.209141030590995,17.98268806496821,17.98268806496821,851800
1999-11-29,17.8781795501709,18.13947155398957,17.8665665722234,17.97688986272462,706400
1999-11-30,17.343976974487305,17.878173787896355,17.268492642157767,17.79107648136227,872400
1999-12-01,17.51236343383789,17.64010613793087,17.28010397185065,17.28010397185065,1801000
1999-12-02,17.930431365966797,18.034948129110386,17.698171892314377,17.698171892314377,417200
1999-12-03,18.441402435302734,18.627210016514855,18.33688567087092,18.441402435302734,1246200
1999-12-06,18.569149017333984,18.708504732285835,18.32527651616825,18.383341397398183,694800
1999-12-07,18.6155948638916,18.696885671157503,18.406561359493566,18.696885671157503,409000
1999-12-08,18.41817855834961,18.627212110714233,18.39495260808687,18.41817855834961,815800
1999-12-09,18.37172508239746,18.67366240992106,18.058174780738337,18.603984565107922,2375000
1999-12-10,18.464628219604492,18.58075795683471,18.139464955359884,18.51108011449658,453200
1999-12-13,18.586565017700195,18.743340167802632,18.3252731008628,18.458822302801913,754000
1999-12-14,18.23236846923828,18.65043551694056,18.139464680859998,18.65043551694056,1432200
1999-12-15,18.603988647460938,18.603988647460938,17.88398409306482,18.185921486843835,2496800
1999-12-16,18.952369689941406,18.998821576436363,18.696884314219158,18.74333620071411,838800
1999-12-17,19.161775588989258,19.2662943649292,19.022417221069336,19.231454772949217,795400
1999-12-20,19.34759521484375,19.41727442930297,19.092104761826604,19.23146319074505,578400
1999-12-21,19.719221115112305,19.77728713724161,19.254692938077856,19.394051391188192,763600
1999-12-22,19.719221115112305,19.951485203629527,19.457924015530427,19.88180597707436,615400
1999-12-23,19.82373809814453,20.06761536824473,19.800511691468323,19.905030521511264,718400
1999-12-27,19.974708557128906,20.044387773025868,19.556633261747137,20.044387773025868,1252000
1999-12-28,19.788898468017578,20.04438894119621,19.742445654712373,19.928256907933196,1400800
1999-12-29,20.10825538635254,20.16051478527751,19.83534519196658,19.83534519196658,1167000
1999-12-30,20.090843200683594,20.43923932555094,20.044390384034614,20.43923932555094,3379600
1999-12-31,20.021163940429688,20.230201614981738,19.99793753214613,20.125682777705713,1510600
2000-01-03,20.601823806762695,20.671503030460876,19.881805161881474,20.671503030460876,1876200
2000-01-04,19.556640625,20.346338702494062,19.440508554780283,20.067621733966746,1091000
2000-01-05,19.266300201416016,19.719215034360694,18.627574154955568,19.23146059888181,3812000
2000-01-06,18.627580642700195,19.359212550736427,18.441769364468772,19.045656018720898,3340000
2000-01-07,18.952739715576172,18.952739715576172,18.255947814268225,18.441758987950344,1372000
2000-01-10,19.67276954650879,19.85858082912044,19.347599801938394,19.695995956835244,2041000
2000-01-11,19.11532974243164,19.87018784283143,19.022424130074743,19.69598981966225,2822600
2000-01-12,19.034034729003906,19.463723127401188,18.813383929826923,19.463723127401188,3966400
2000-01-13,19.20823860168457,19.324370636761262,18.906295310485177,19.277917822730586,2386000
2000-01-14,19.649534225463867,19.963090622678713,19.61469462577333,19.788892624226023,2767800
2000-01-18,19.75406265258789,19.963100352615275,19.550831555339045,19.60309098034589,1101600
2000-01-19,19.788898468017578,19.87019089130169,19.53340799483895,19.672766434754564,1580800
2000-01-20,19.905029296875,20.2301989703362,19.742444460144398,20.160519754594517,2191200
2000-01-21,19.928260803222656,20.021166447992925,19.74825611648026,20.021166447992925,2869400
2000-01-24,19.277917861938477,20.195360940910245,19.17339903015688,20.044389295003498,1137800
2000-01-25,19.6901798248291,19.707599624143313,18.975968052946477,19.237265042659633,5964800
2000-01-26,19.045650482177734,19.60308415482684,18.929518467042506,19.579857751799793,1678600
2000-01-27,18.859846115112305,19.370827167492195,18.476610325827387,19.27792152160494,2476200
2000-01-28,18.186269760131836,18.99919369576991,17.884326584037694,18.627571325192505,4914000
2000-01-31,18.790157318115234,18.790157318115234,17.791422133097985,18.186270927174572,2624600
2000-02-01,19.185014724731445,19.23146754488818,18.59274126773308,18.772745945840423,949800
2000-02-02,19.324371337890625,19.568248620400063,19.11533366716825,19.11533366716825,1069400
2000-02-03,19.881805419921875,19.881805419921875,19.23727259234847,19.41727725590501,2489200
2000-02-04,20.114070892333984,20.299882170785107,19.92825961388286,19.974712433495643,1383400
2000-02-07,20.346328735351562,20.392781540683416,19.997932695362667,20.160517514024153,1310600
2000-02-08,20.53213882446289,20.717950035544,20.468266220653756,20.50891242307775,1772000
2000-02-09,20.276641845703125,20.857301692372747,20.1605098763692,20.717943329172037,3246600
2000-02-10,20.758602142333984,20.76440874433184,20.25342776852054,20.32310699249481,2315200
2000-02-11,20.20696449279785,20.76439799604745,20.021153325047987,20.758591397055266,2004200
2000-02-14,20.218584060668945,20.346329278743248,19.974706826163462,20.346329278743248,703000
2000-02-15,20.276641845703125,20.416000208903835,19.684368802100114,20.189542868702684,601200
2000-02-16,20.172122955322266,20.439226483228087,20.137283364725853,20.206962545918675,344200
2000-02-17,20.62504768371582,20.671500493814282,20.137293177682,20.433429842059677,462400
2000-02-18,19.928260803222656,20.64827955019224,19.88180798083752,20.64827955019224,725400
2000-02-22,19.881805419921875,20.06761668552862,19.324371623101634,19.83535260352019,2467800
2000-02-23,20.485689163208008,20.625047592889697,19.875996033350628,19.92825544448126,366600
2000-02-24,20.74117660522461,20.834082211519007,20.253422172179015,20.61923799696321,639800
2000-02-25,20.543750762939453,20.996665562122402,20.392779163211802,20.764401562541405,1874400
2000-02-28,20.29987335205078,20.671495747511667,19.788892558292066,20.346326151483392,3016600
2000-02-29,20.764400482177734,20.810853279677012,20.578589292180617,20.717947684678453,948200
2000-03-01,20.973445892333984,21.275389188679878,20.81086104045543,20.81086104045543,1927000
2000-03-02,21.18248176574707,21.29861379297156,20.845698886796047,21.136028954857274,2195200
2000-03-03,21.76894187927246,21.856040873187926,21.321833710506393,21.554097694280973,803200
2000-03-06,21.73410987854004,22.07669937435459,21.5541052281968,21.76894948828389,1335000
2000-03-07,21.13602638244629,22.11153529240535,21.13602638244629,21.98379007800595,2609600
2000-03-08,21.507654190063477,21.60055982371386,20.996673204986376,21.3915221480005,2179200
2000-03-09,22.157995223999023,22.20444804417512,21.321844460829247,21.530882151621693,571800
2000-03-10,22.204448699951172,22.541231656174283,22.111543056855144,22.297354343047203,530000
2000-03-13,21.8792667388916,22.39024749075531,21.554097169523786,21.73990835201968,4022400
2000-03-14,21.379901885986328,22.34379751691347,21.298609483378016,22.15798631095161,928400
2000-03-15,21.008281707763672,21.623781392955202,20.903762893297188,21.554102183310878,1238600
2000-03-16,21.739913940429688,21.739913940429688,20.764404981564255,21.27538586477948,5453200
2000-03-17,22.25089454650879,22.297347353495237,21.80959288013753,21.83281928363075,882000
2000-03-20,22.157995223999023,22.52961778540781,21.972183943294628,22.343806504703416,790800
2000-03-21,22.738651275634766,22.901236116216424,21.792175239391543,22.099925116206823,1298400
2000-03-22,23.133502960205078,23.319314228961744,22.761880422691743,22.87801246566466,1337000
2000-03-23,23.574800491333008,23.783838131157637,23.08704599840888,23.156725211683753,968200
2000-03-24,23.778030395507812,24.31804427262191,23.412214543269233,23.80706339965373,2206200
2000-03-27,23.96965980529785,24.132244707077973,23.80707490351773,23.876754147137785,1566200
2000-03-28,23.388986587524414,23.96964663190188,23.388986587524414,23.96964663190188,1251200
2000-03-29,22.703813552856445,23.43544539624773,22.58768151422291,23.412218988521023,6663800
2000-03-30,22.088314056396484,22.98253076635575,21.461201039022452,22.552842217414284,9271600
2000-03-31,22.506380081176758,22.73864406550263,21.786361729766565,22.390248089013824,639200
2000-04-03,21.554107666015625,22.227673530578613,21.275390756541285,22.227673530578613,5290000
2000-04-04,21.34507179260254,21.832826425512934,19.428892877597413,21.449590642511907,4423000
2000-04-05,21.484432220458984,21.99541331110774,20.857319063753696,21.043130369444153,1200400
2000-04-06,21.763139724731445,22.08830936843074,21.461196484153525,21.832818934095577,346000
2000-04-07,22.506380081176758,22.529606479609345,21.87926732349691,22.04185211252502,466000
2000-04-10,21.693462371826172,22.57606576596899,21.693462371826172,22.506386550641928,1330200
2000-04-11,21.159250259399414,21.600551856467018,20.81085426171446,21.36248125804897,2958400
2000-04-12,19.788898468017578,21.112803647215937,19.742445654712373,21.112803647215937,2676200
2000-04-13,19.411468505859375,20.532142577540757,19.4056619044517,20.067614464926713,4364200
2000-04-14,18.395315170288086,19.335984696041454,17.559164480729535,18.859843331153947,3816000
2000-04-17,19.39404296875,19.39404296875,18.070138239146704,18.116591036676645,1810800
2000-04-18,20.497304916381836,20.497304916381836,19.37082413627473,19.556635398972812,1146400
2000-04-19,19.82373809814453,20.485690688416494,19.78889848813022,20.160520994949565,710600
2000-04-20,19.649534225463867,20.021156622162945,19.41727022752694,19.88179822340079,482800
2000-04-24,19.045650482177734,19.092103288231826,18.348858391366353,18.813386451907274,1222200
2000-04-25,20.148906707763672,20.148906707763672,19.423081538175644,19.603086180233475,715800
2000-04-26,19.76566505432129,20.508909803719973,19.76566505432129,20.206966624276756,2924000
2000-04-27,20.38116455078125,20.43923054665242,19.46372181601674,19.46372181601674,963400
2000-04-28,20.439237594604492,20.694728064537045,20.25342634374445,20.60182243910703,1293000
2000-05-01,20.72955894470215,20.903756919027376,20.532134573800224,20.741172142990496,391600
2000-05-02,20.346328735351562,20.601819164676755,19.881800682033035,20.5553663593449,1365200
2000-05-03,19.463720321655273,19.81211627013359,18.952739597220408,19.62630509761182,1533200
2000-05-04,19.324371337890625,19.695993863619293,19.208239298600418,19.428890173251812,357200
2000-05-05,19.852766036987305,19.92825183940931,19.463723824504665,19.533403026740363,600000
2000-05-08,19.150177001953125,19.556639218489426,19.103724177206118,19.394054331874905,310800
2000-05-09,18.79597282409668,19.301147255884267,18.581128525520352,19.277920845227364,2472400
2000-05-10,17.884336471557617,18.511449568612235,17.74497800554548,18.44177033560617,2039600
2000-05-11,18.389503479003906,18.44176288263859,17.768197235791586,18.000461251945726,862400
2000-05-12,18.627580642700195,19.10372204316822,18.627580642700195,18.766939101373765,443000
2000-05-15,18.975967407226562,19.02242020381708,18.255949060073537,18.76692982256923,315200
2000-05-16,19.54501724243164,19.603083247311115,19.05726280144404,19.417272031696793,816000
2000-05-17,19.266300201416016,19.45211141493178,18.9991965819871,19.34759260732916,737200
2000-05-18,18.77854347229004,19.277911047619956,18.720477475158653,19.277911047619956,413600
2000-05-19,18.046920776367188,18.650807443272654,17.94240193017201,18.627581033007058,1555000
2000-05-22,17.96562957763672,18.00046919543433,17.094639132696347,17.88433713610895,905200
2000-05-23,17.094636917114258,18.023693271305252,17.071410508259483,18.023693271305252,668600
2000-05-24,17.76819610595703,17.83787530637255,16.606876099031734,17.280441703048407,1427200
2000-05-25,17.477869033813477,18.267566770889434,17.350123811639424,18.093368740652092,1212200
2000-05-26,17.53594207763672,17.733366591093557,17.18754587741877,17.675300557723897,287000
2000-05-30,18.67403793334961,18.67403793334961,17.88433981179005,17.97724547315,1642200
2000-05-31,18.31401824951172,18.836612302287893,18.290791847166112,18.581121876486208,505600
2000-06-01,19.13855743408203,19.13855743408203,18.557897317756726,18.67402934102179,1080400
2000-06-02,20.009553909301758,20.148912381101887,19.742450171684848,19.974714291351727,1716200
2000-06-05,20.06761360168457,20.346330457263523,19.881802364631938,19.881802364631938,783800
2000-06-06,19.788898468017578,20.346332227680048,19.788898468017578,20.067615347848815,894400
2000-06-07,20.1605167388916,20.195356341550976,19.61469629722806,19.90502631938952,476600
2000-06-08,20.06761360168457,20.433429474631946,19.905028769263517,20.323104052631944,554200
2000-06-09,20.114070892333984,20.323108580591494,19.99793884330203,20.323108580591494,261800
2000-06-12,19.695985794067383,20.125674163395505,19.6263065990412,20.079221366711383,738600
2000-06-13,20.114070892333984,20.114070892333984,19.463731417755056,19.76567474523813,724400
2000-06-14,19.7424373626709,20.276644491307877,19.73082416422227,20.160512506821576,445200
2000-06-15,20.13729476928711,20.299879617482045,19.788898666012244,19.881804293552207,254600
2000-06-16,20.20696449279785,20.35793606659462,20.00954012706362,20.20696449279785,941000
2000-06-19,20.845699310302734,20.926991731011434,20.160520335757965,20.230199553508278,1025000
2000-06-20,20.90376853942871,21.1766788509157,20.75279687775506,20.938608153661093,404200
2000-06-21,21.089582443237305,21.147648474193353,20.694733432736165,20.717959845118585,682000
2000-06-22,20.439237594604492,21.008284550363367,20.369558375531977,20.926992128112097,1244400
2000-06-23,20.00373649597168,20.49729748353557,19.9050242984589,20.43923148499864,227800
2000-06-26,20.13729476928711,20.346332431252026,19.974709921092174,20.18374758305709,384000
2000-06-27,19.93986701965332,20.357942274579074,19.905027415076177,20.160517848641913,295800
2000-06-28,20.13729476928711,20.404398448464505,19.881804293552207,19.881804293552207,319000
2000-06-29,19.7424373626709,20.021154125438017,19.6263053781846,19.881795744054457,925800
2000-06-30,20.13729476928711,20.13729476928711,19.742445852242263,19.742445852242263,527200
2000-07-03,20.276641845703125,20.276641845703125,20.021151513168494,20.090830694768847,78800
2000-07-05,19.626306533813477,19.997928906051364,19.4985613433567,19.95147610952163,297800
2000-07-06,19.928260803222656,19.951487214415224,19.312760906619623,19.55663822414158,254800
2000-07-07,20.253427505493164,20.427625563166558,19.99793702090552,19.99793702090552,383000
2000-07-10,20.03277015686035,20.276647358769956,19.951477756223817,20.16051535786062,206800
2000-07-11,19.870187759399414,20.218583804274918,19.695989736961664,19.939866968374517,190400
2000-07-12,20.38116455078125,20.497296542523596,20.021155376379987,20.114060969773863,694200
2000-07-13,20.776012420654297,20.9502104007045,20.474069255233942,20.520522049913996,396200
2000-07-14,21.159250259399414,21.24634925882065,20.863113661367205,21.043118260171095,271200
2000-07-17,21.33344841003418,21.461193610094266,21.089571209919473,21.136024009941323,225600
2000-07-18,20.90376853942871,21.194098658031887,20.822476106219824,21.136032634311253,368000
2000-07-19,20.439237594604492,20.822473299503326,20.392784781889482,20.81086009632457,267800
2000-07-20,20.868932723999023,20.9386119651476,20.56698934568852,20.578602552546617,541800
2000-07-21,20.416004180908203,20.648268164763813,20.3579381849443,20.613428567185473,457400
2000-07-24,19.916645050048828,20.566984480254504,19.84115922332853,20.39278641859227,409000
2000-07-25,20.253427505493164,20.27665391318295,19.893418186301485,20.172135078578915,445400
2000-07-26,19.98632049560547,20.090839312839897,19.649537640072314,20.07922611092496,548200
2000-07-27,19.405656814575195,19.788892406963573,19.2779116171124,19.695986808808815,959400
2000-07-28,18.68564224243164,19.579858807172,18.52305741247885,19.440500381498175,748600
2000-07-31,19.068876266479492,19.196621478983314,18.557895416464206,18.790159439198426,1128000
2000-08-01,18.848222732543945,19.080486721854406,18.76693033628528,19.045647123457837,335000
2000-08-02,18.766942977905273,19.219858062149275,18.67403731959881,18.67403731959881,287000
2000-08-03,19.12694549560547,19.12694549560547,18.15143643572031,18.18627604500192,1807600
2000-08-04,19.12694549560547,19.417275572952242,18.92952104300966,19.231464323450307,467600
2000-08-07,19.521787643432617,19.585660238339745,19.13855207398986,19.208231268433998,478800
2000-08-08,19.556640625,19.672772695219713,19.399862330203383,19.481154779357183,342600
2000-08-09,19.626306533813477,19.94566950995541,19.52178774162157,19.858570516462155,318400
2000-08-10,19.20823860168457,19.533408299899303,19.161785787653894,19.43469607008412,173800
2000-08-11,19.277917861938477,19.301144269001053,18.825002924218236,19.04565379131271,536600
2000-08-14,19.67276954650879,19.67276954650879,19.126948903837057,19.208241339979654,215200
2000-08-15,19.719221115112305,19.858579568222638,19.57986266200197,19.719221115112305,208800
2000-08-16,19.7424373626709,20.044380522335278,19.614692179735968,19.812116553362678,142600
2000-08-17,20.114070892333984,20.160523711946762,19.672769106012566,19.76567474523813,372200
2000-08-18,20.13729476928711,20.369558838137017,20.067615548632137,20.230200396827072,504200
2000-08-21,20.230199813842773,20.40439786046025,20.021162157901806,20.20697340762711,146800
2000-08-22,20.230199813842773,20.41601106356808,20.148907392087953,20.2766526262741,295200
2000-08-23,20.427623748779297,20.433430350185997,19.905029622176073,20.067614461563743,322200
2000-08-24,20.619239807128906,20.619239807128906,20.369555968292932,20.41600877551823,210400
2000-08-25,20.54956817626953,20.694733252394634,20.485695542774486,20.578601191494553,219600
2000-08-28,20.71795082092285,20.8456960333837,20.49729999939957,20.508913200532373,204800
2000-08-29,20.74117660522461,20.80504920955201,20.60181819578301,20.71795020365101,226600
2000-08-30,20.601823806762695,20.70634264230997,20.49730497121542,20.671503030460876,210600
2000-08-31,21.008281707763672,21.05473451419322,20.694725264364216,20.694725264364216,369000
2000-09-01,21.01990509033203,21.252169234976584,20.92699943247421,21.194103198815448,676800
2000-09-05,20.543750762939453,20.857307162373804,20.47987816305468,20.857307162373804,254200
2000-09-06,20.021163940429688,20.46246569781735,19.974711123862566,20.41601288125023,615200
2000-09-07,20.346328735351562,20.40439474201638,20.090838306026374,20.102451507359337,263400
2000-09-08,19.695985794067383,20.160513760908596,19.672759395725322,20.160513760908596,502800
2000-09-11,19.185014724731445,19.812127796847363,19.13856190457471,19.556637285985325,563200
2000-09-12,18.90628433227539,19.486944170490236,18.859831545218203,19.32435941579008,412600
2000-09-13,19.092098236083984,19.18500382360751,18.65079669534725,18.65079669534725,343000
2000-09-14,19.196624755859375,19.527601044753503,19.05726631843027,19.347596396407575,405600
2000-09-15,18.865650177001953,19.1153340666945,18.685645512339885,19.04565484166402,543000
2000-09-18,18.441761016845703,19.115326595546616,18.314015820885185,18.952741800687775,1348000
2000-09-19,19.161775588989258,19.18500198364258,18.499823341369627,18.54627613067627,536600
2000-09-20,19.231456756591797,19.277909550689845,18.70886282298876,19.06887197724863,373400
2000-09-21,18.83661651611328,19.103720202839916,18.66241845955243,18.929522146279066,819600
2000-09-22,18.302398681640625,18.325625075906665,17.837870796319798,18.02368195044813,872400
2000-09-25,17.919166564941406,18.627571724022044,17.814647770978688,18.53466612938852,642200
2000-09-26,17.541736602783203,18.186269129399864,17.535930003444314,17.95400515584431,1557400
2000-09-27,17.41980743408203,17.8378828125,17.210769744873048,17.81465640258789,1100400
2000-09-28,18.02368927001953,18.070142077416488,17.32689715906517,17.559161196049956,1274000
2000-09-29,17.233991622924805,17.744972506623384,17.233991622924805,17.698519699014422,521400
2000-10-02,17.106246948242188,17.628841050530646,17.048180936876804,17.489482623253725,790000
2000-10-03,16.653335571289062,17.524325925435978,16.630109161845144,17.443033492382266,1655800
2000-10-04,17.100440979003906,17.239799411430422,16.374615810115795,16.65333267496883,1031800
2000-10-05,16.8565616607666,17.22237750114838,16.769462651151894,17.001726676791115,493200
2000-10-06,16.50817108154297,17.094637940225994,16.258487171410593,17.094637940225994,956600
2000-10-09,16.41525650024414,16.769459063567414,15.979761545338476,16.374610304452943,680400
2000-10-10,15.933309555053711,16.513969524261206,15.840403959980511,16.29331873596236,527600
2000-10-11,15.422333717346191,15.817182622760177,15.004258405731386,15.49201293594866,1050200
2000-10-12,14.888113021850586,15.793942051261153,14.888113021850586,15.422319885349125,1155600
2000-10-13,16.142349243164062,16.16557564495279,15.190066769826327,15.190066769826327,920600
2000-10-16,15.886862754821777,16.27009847917055,15.724277902067755,16.049447607575804,593400
2000-10-17,15.468785285949707,15.97976618128138,15.23652124261713,15.933313372614863,776200
2000-10-18,15.224913597106934,15.625569218083433,14.679092896066487,14.679092896066487,820400
2000-10-19,16.577857971191406,16.630117418386057,15.97977763107487,16.119136156927265,1544000
2000-10-20,16.827537536621094,17.14109413668236,16.479141314330803,16.606886595837242,933600
2000-10-23,16.72301483154297,17.094637383355035,16.537203555636935,16.88559969796075,574400
2000-10-24,16.397846221923828,17.02495932106256,16.235261344369345,16.897214060126892,461400
2000-10-25,15.242328643798828,16.037833033970426,15.236522042410714,15.631370936802456,1083200
2000-10-26,15.608150482177734,15.689442932605743,14.725546734673635,15.410725959709712,2114800
2000-10-27,15.741693496704102,16.07266971555771,15.492009682481202,16.07266971555771,855800
2000-10-30,15.52685546875,15.840412011499627,15.178459310139305,15.654600726907255,515600
2000-10-31,16.246875762939453,16.351394620599535,15.75912109385907,15.910092777145856,788600
2000-11-01,15.933309555053711,16.30493193534651,15.724271966139012,16.07266794766351,777400
2000-11-02,16.345584869384766,16.421070696490272,16.07267457138793,16.281712246449338,527600
2000-11-03,16.46752166748047,16.525587681822785,16.212031204374284,16.339776435927376,630000
2000-11-06,16.21202850341797,16.595264134229424,16.165575699683245,16.467518923958938,323600
2000-11-07,16.328161239624023,16.432680052679938,16.032024602632266,16.119123613512194,575400
2000-11-08,15.468785285949707,16.374615054946762,15.422332477283192,16.328162246280247,558200
2000-11-09,15.242328643798828,15.433946489606585,14.725541120256697,14.934578770228795,1523800
2000-11-10,14.400375366210938,14.911356427592617,14.353922542448968,14.888130015711631,1003800
2000-11-13,14.35391616821289,14.771991396413265,13.773256129045702,13.935840940012515,2663200
2000-11-14,15.131999969482422,15.236518772034488,14.748764360124847,14.888122763527601,800800
2000-11-15,15.23652172088623,15.445559366447169,14.934578455075984,15.259748125948557,800600
2000-11-16,14.748764991760254,15.341038231586847,14.68489238746523,15.15522701909223,304400
2000-11-17,14.864899635314941,15.033291076496242,14.40037152171135,14.621022375673055,536400
2000-11-20,14.26101303100586,14.667475128795113,14.168107408654029,14.42359787012156,1021400
2000-11-21,14.330694198608398,14.516505468606562,14.13326972423535,14.516505468606562,674800
2000-11-22,13.808100700378418,14.411987358426927,13.796487495415947,14.330694923689627,546400
2000-11-24,14.35391616821289,14.435208573696297,14.086812550195983,14.214557758812765,265200
2000-11-27,14.272624969482422,14.934577470101216,14.272624969482422,14.864898259509765,589400
2000-11-28,13.697772026062012,14.446823569666082,13.657125818269543,14.307465142949045,1175200
2000-11-29,13.63390064239502,13.866164707853196,13.285504544207754,13.703579862032473,890200
2000-11-30,12.91387939453125,13.198402816443135,12.548063566358827,12.91387939453125,3366600
2000-12-01,13.08227252960205,13.633899644698452,12.86742828477503,13.285503572005988,1781200
2000-12-04,13.00678825378418,13.308731552532741,12.739684566429682,13.169373106956481,1419000
2000-12-05,14.237781524658203,14.295847517825651,13.401631223046955,13.610668798449767,1993200
2000-12-06,13.842936515808105,14.353917393908405,13.657125287407997,14.121653358408269,3677200
2000-12-07,13.384217262268066,13.657127549177654,13.244858817888703,13.378410660418925,3142400
2000-12-08,14.005523681640625,14.307466978259743,13.779066209176287,13.935844459343905,2772400
2000-12-11,14.533921241760254,14.632633451552474,13.959067784734978,13.959067784734978,2618200
2000-12-12,14.237781524658203,14.522304891178699,14.168102332857266,14.446819100061017,2124200
2000-12-13,13.63390064239502,14.44682487149864,13.63390064239502,14.44682487149864,2092400
2000-12-14,13.424869537353516,13.912624312932104,13.424869537353516,13.75003938773924,1257400
2000-12-15,12.89065933227539,13.169376290811076,12.635168786951015,13.006791398331927,1503800
2000-12-18,12.635163307189941,13.215823385645363,12.495804888360642,13.146144176230711,1456000
2000-12-19,12.26353931427002,13.186788722872734,12.205473313728968,12.658388117949167,1598400
2000-12-20,11.346099853515625,11.822241198443097,11.19512820756301,11.589977127746769,4089800
2000-12-21,11.380937576293945,11.752560027764767,11.009315124823122,11.311258366643166,12317400
2000-12-22,12.164833068847656,12.164833068847656,11.729337851585807,11.729337851585807,4057000
2000-12-26,11.961596488952637,12.344832104618108,11.706106078508988,12.333218904143397,2246000
2000-12-27,12.077730178833008,12.234508407115937,11.775786924362183,12.008050966262818,2589600
2000-12-28,12.019664764404297,12.20547600713905,11.80482122380588,12.193862804468127,2969600
2000-12-29,11.636428833007812,12.077730525277572,11.543523213582601,12.054504120421267,6775400
2001-01-02,10.96286392211914,11.746755854177566,10.829312792898529,11.682882527173575,3811600
2001-01-03,12.728065490722656,12.867423872007942,10.893180137133077,10.9860857246566,5149800
2001-01-04,12.855813980102539,13.262276030060614,12.72806876440143,12.879040382957285,1854800
2001-01-05,12.077730178833008,12.704843091964722,11.944178354740144,12.681616687774659,2125800
2001-01-08,12.042888641357422,12.066115041822913,11.572554740744707,11.845464237400742,1221800
2001-01-09,12.309992790222168,12.54225680513202,12.170634381276257,12.263539987240197,1261400
2001-01-10,12.681614875793457,12.751294078407708,12.008049250522376,12.286766060979376,2290600
2001-01-11,13.215826988220215,13.378411854507634,12.565487523070539,12.739685594092773,2164400
2001-01-12,13.018400192260742,13.419055684350836,12.91388136823724,13.146145421622801,1431000
2001-01-16,12.867430686950684,13.006789142044012,12.65839300431069,12.937109914497347,1326200
2001-01-17,13.262277603149414,13.593253883087906,13.157758777905679,13.378409631198007,1230800
2001-01-18,13.959068298339844,14.005521104657115,13.215823397263513,13.239049800422148,2244800
2001-01-19,14.150690078735352,14.40037398246355,13.935845789480856,14.307468343867011,2071800
2001-01-22,13.889382362365723,14.144872673379139,13.715184423038393,14.005514321917275,1125000
2001-01-23,14.121660232543945,14.255212117966853,13.77326400970158,13.982301743406998,936200
2001-01-24,14.295849800109863,14.516500609372324,14.168104594747387,14.295849800109863,1141600
2001-01-25,13.796481132507324,14.272622316373317,13.755834933884616,14.214556318340879,914600
2001-01-26,13.889382362365723,13.935835146186344,13.210010398989137,13.517760091800753,1462800
2001-01-29,14.181112289428711,14.214558365818073,13.657124704413443,13.750030314647548,690000
2001-01-30,14.214561462402344,14.296318870859547,14.028750201455907,14.177399777264023,1412200
2001-01-31,13.861513137817383,14.493271405693472,13.83178408748443,14.233135481553113,1903400
2001-02-01,13.854085922241211,13.991587263723535,13.65712645691152,13.906112843828126,2874200
2001-02-02,13.244627952575684,13.97300783769906,13.233479729297825,13.935846148354479,2428600
2001-02-05,13.162864685058594,13.255770284758759,12.92502657664648,13.155433484594294,1565400
2001-02-06,13.24090576171875,13.527055163685871,13.155432784657433,13.155432784657433,645000
2001-02-07,12.89901351928711,13.125703416355359,12.609148492938587,12.951040429900742,1409800
2001-02-08,12.709489822387695,13.15543710727675,12.67232672169766,13.06253148199267,1552600
2001-02-09,12.122326850891113,12.571991201429341,12.021988595033534,12.523679874321434,1674600
2001-02-12,12.22637939453125,12.352731086535526,11.91793207495748,12.114891523400818,2485800
2001-02-13,12.018267631530762,12.579416792499337,12.014552031546682,12.430768693479584,1288200
2001-02-14,12.300704002380371,12.35273234242358,11.761851810578674,11.984825449068257,1426600
2001-02-15,12.672324180603027,12.95104100056609,12.560837736143215,12.635162504992108,1379200
2001-02-16,11.888200759887695,12.06658005462139,11.709822173967492,11.984822671131178,1218600
2001-02-20,11.249017715454102,11.895640328549424,11.23415246931612,11.891924725828877,1274400
2001-02-21,10.96286392211914,11.479418978408784,10.88853913742676,11.196985788916887,1849000
2001-02-22,10.981443405151367,11.211849642138642,10.502050800523163,10.925700177936031,1870400
2001-02-23,10.899685859680176,11.007456704770185,10.405428055401163,10.832793708771003,2161800
2001-02-26,11.074349403381348,11.167255021560097,10.739889319700577,11.055768563271045,1713000
2001-02-27,10.650700569152832,11.137525835439856,10.620970798131037,11.037188301249827,933400
2001-02-28,10.40914535522461,10.862524508463126,10.253063891189447,10.646983506587294,3324600
2001-03-01,10.702726364135742,10.702726364135742,9.978063005988496,10.275360684898098,1990400
2001-03-02,10.331106185913086,10.791918752910316,10.108133232040938,10.331106185913086,1631000
2001-03-05,10.554080963134766,10.620973139885875,10.39056683205581,10.479756873599829,1089400
2001-03-06,11.000022888183594,11.226712064140331,10.925698126641853,10.962860507412723,1796200
2001-03-07,11.014887809753418,11.18211817480574,10.88853613589466,11.18211817480574,1930600
2001-03-08,10.795632362365723,11.018605983905886,10.721308294394737,11.018605983905886,928800
2001-03-09,10.089548110961914,10.464886823468955,10.015224055566948,10.409143604719361,1460200
2001-03-12,9.550695419311523,9.859141965383207,9.420627444960308,9.699344229078582,2050200
2001-03-13,10.026371955871582,10.030088264845427,9.480087295358713,9.606438965215586,2338000
2001-03-14,9.781100273132324,10.08954679952258,9.513532432624652,9.513532432624652,1594400
2001-03-15,9.665897369384766,10.126708996459636,9.665897369384766,10.000357341266628,750200
2001-03-16,9.45407485961914,9.69934560780242,9.327723176153388,9.587858453019587,938600
2001-03-19,9.747659683227539,9.818268168852669,9.35002365317313,9.476375381633344,4159000
2001-03-20,9.279414176940918,9.940902525392294,9.279414176940918,9.866577737004064,3183000
2001-03-21,9.32400894165039,9.625022979802951,9.21623807225943,9.290562858654141,2128000
2001-03-22,9.751373291015625,9.807116518399667,9.160493521354878,9.394616068706883,3179200
2001-03-23,9.95948314666748,10.070970326771292,9.651036486696889,9.996645540035418,1468600
2001-03-26,9.829421043395996,10.067259352920182,9.736515365136352,10.033813252041584,3437400
2001-03-27,10.145289421081543,10.201033338157535,9.755086254429695,9.885154212918094,1629800
2001-03-28,9.39461612701416,9.862860515810715,9.338872190470553,9.75508966122758,916600
2001-03-29,9.271985054016113,9.565566567945398,9.078741113133031,9.309146750574152,939200
2001-03-30,9.216235160827637,9.364884686658302,9.030423962352778,9.253397542285303,1598400
2001-04-02,8.993266105651855,9.346307107265247,8.84461651674751,9.271983021626845,2215400
2001-04-03,8.391236305236816,8.822318363100528,8.328060449749184,8.751709887246424,2167800
2001-04-04,8.231436729431152,8.621640708432754,8.119950283324146,8.51015355351221,2446400
2001-04-05,9.101037979125977,9.138200383298654,8.640226010300928,8.677388414473606,3381800
2001-04-06,8.677391052246094,8.878066961678211,8.55103926493864,8.844620858637171,971000
2001-04-09,8.699681282043457,8.915222269345513,8.510153752186097,8.78887058277394,2918000
2001-04-10,9.283129692077637,9.454076407202319,8.956102210571746,8.956102210571746,1697600
2001-04-11,9.621309280395508,9.903742552996015,9.480092998502197,9.773674495917454,3049400
2001-04-12,9.862862586975098,9.911173205469197,9.350023083011992,9.587861282639087,932400
2001-04-16,9.625025749206543,9.829418616195003,9.472660531189746,9.736512960876766,843000
2001-04-17,9.725358009338379,9.847993370123225,9.476370978797819,9.476370978797819,834000
2001-04-18,10.609821319580078,11.89191913482931,10.082117379619483,10.126712388253084,8998400
2001-04-19,11.278741836547852,11.278741836547852,10.650699678798766,10.777051372282335,2278400
2001-04-20,11.148674011230469,11.382795853588323,10.985159927264613,11.107795313035604,2133800
2001-04-23,10.531781196594238,10.817930677849759,10.45374010679108,10.68414635750928,2965200
2001-04-24,10.368268013000488,10.817931624137858,10.319957397992521,10.777052920721633,1645600
2001-04-25,10.550360679626465,10.60238830240525,10.256779325205175,10.368265771934569,944400
2001-04-26,10.401714324951172,10.7287425418514,10.34225477802635,10.665566684642062,1251400
2001-04-27,10.54293155670166,10.650701722521019,10.4091472182092,10.628404569043518,843400
2001-04-30,10.706445693969727,11.000027854923202,10.635837918319007,10.739891780883761,1380200
2001-05-01,10.96286392211914,10.988877384117371,10.554079023938403,10.702727884509486,1673800
2001-05-02,11.182113647460938,11.282451825868032,10.996302520994407,11.148667587991907,2541000
2001-05-03,10.825360298156738,10.947995662914787,10.65813064193039,10.832792916339283,761000
2001-05-04,10.981443405151367,11.037187341180296,10.461172103118908,10.461172103118908,992800
2001-05-07,10.970296859741211,11.14867549758732,10.88853945245147,11.037189026136927,1708800
2001-05-08,11.018600463867188,11.14495209581387,10.899681447638132,11.074343664122901,665400
2001-05-09,10.866241455078125,11.026039238196187,10.702727362025499,10.869957765012689,2013600
2001-05-10,10.706445693969727,11.111514338760804,10.687864849601384,11.111514338760804,648000
2001-05-11,10.591240882873535,10.814214516907285,10.509484190880405,10.814214516907285,3981600
2001-05-14,10.442591667175293,10.572659674912906,10.334820809422705,10.572659674912906,1507000
2001-05-15,10.4240083694458,10.702725178348775,10.349684312359775,10.498333135345327,1250400
2001-05-16,10.847660064697266,10.88110614360039,10.275361122411462,10.349685899710318,628800
2001-05-17,10.91083812713623,11.055770692588418,10.84022964525353,10.888540264133008,1706400
2001-05-18,10.959147453308105,10.99259353505399,10.79934966470303,10.907120530065027,503600
2001-05-21,11.44597053527832,11.464552082025536,10.91083474760207,11.000024045548113,3830200
2001-05-22,11.423676490783691,11.590906912862486,11.341919789330571,11.538879276652569,1941200
2001-05-23,11.144957542419434,11.33448508296267,11.115227773833059,11.33448508296267,1991800
2001-05-24,11.230430603027344,11.230430603027344,10.966578993909025,11.092930688330462,1445200
2001-05-25,11.018600463867188,11.22299314322247,11.000019633386366,11.22299314322247,757800
2001-05-29,10.606103897094727,10.959144760489918,10.576373423902549,10.888536304285482,723200
2001-05-30,10.17502212524414,10.401712041131114,10.09698175284515,10.368265964727673,1683800
2001-05-31,10.26793098449707,10.468607506415799,10.208471431813102,10.208471431813102,1802800
2001-06-01,10.442591667175293,10.524348356329464,10.145293262515946,10.368266888807051,1201400
2001-06-04,10.420294761657715,10.568943613067987,10.368267132053894,10.53549753289897,336800
2001-06-05,10.83279800415039,10.951717115669586,10.51691867116889,10.51691867116889,444600
2001-06-06,10.728738784790039,10.962860580218477,10.695292712755482,10.83279260106336,507600
2001-06-07,11.033476829528809,11.033476829528809,10.739894591738722,10.739894591738722,348400
2001-06-08,10.788200378417969,11.000025069356731,10.687862143084786,11.000025069356731,613800
2001-06-11,10.609821319580078,10.739889326879997,10.487185931854697,10.739889326879997,1309600
2001-06-12,10.528061866760254,10.65812983991332,10.230764249964757,10.349683296682956,1363400
2001-06-13,10.290224075317383,10.632116699072652,10.279075148555322,10.554075629365121,395200
2001-06-14,9.922323226928711,10.18245860914537,9.847998426973195,10.089552963607886,545200
2001-06-15,9.829421043395996,9.914894097279491,9.587865712869663,9.680771391129307,971400
2001-06-18,9.584144592285156,9.8702933779017,9.561846731992699,9.792252993319098,706400
2001-06-19,9.621309280395508,9.98549998197825,9.532119937808067,9.95577020111577,997600
2001-06-20,9.721646308898926,9.747659775213194,9.468942849593812,9.532118714420092,795200
2001-06-21,9.90373706817627,9.992926361369507,9.669615262145706,9.75508824618754,571200
2001-06-22,9.810832977294922,10.052387438842333,9.777386898593047,9.885157754146558,474800
2001-06-25,9.952048301696777,10.004075211788834,9.825696626775935,9.885156155113568,275000
2001-06-26,10.007795333862305,10.015227954939695,9.751375577202401,9.829416680887483,895200
2001-06-27,10.030089378356934,10.09326522029897,9.896305075700022,9.95948091764206,603800
2001-06-28,10.227054595947266,10.587528279475464,10.126716319183146,10.126716319183146,2177800
2001-06-29,10.468603134155273,10.591238498948453,10.219616095476576,10.293940859696345,802000
2001-07-02,10.461175918579102,10.594960279741384,10.357122045509637,10.368270269730596,427600
2001-07-03,10.4240083694458,10.479752298277196,10.34596800318345,10.442589915327433,281600
2001-07-05,10.089548110961914,10.38684645898222,10.089548110961914,10.319954312957314,570200
2001-07-06,9.625025749206543,9.978067522941402,9.59901227912766,9.940905119051328,2081600
2001-07-09,9.747659683227539,9.82570079024769,9.643605818952391,9.68076750829992,1552000
2001-07-10,9.450358390808105,9.859143200488141,9.416912315818879,9.844277963242474,1212600
2001-07-11,9.498672485351562,9.561848349238124,9.331442757755688,9.450361864174209,443200
2001-07-12,10.13043212890625,10.189891688012432,9.836849935607354,9.84428255769909,475000
2001-07-13,10.16015625,10.293940537887835,10.00407481706868,10.108129341960714,679800
2001-07-16,9.914889335632324,10.201038857363475,9.870294319606355,10.126714066924773,447000
2001-07-17,10.033806800842285,10.044955730238346,9.725360175687456,9.84799556378965,763000
2001-07-18,9.651033401489258,9.914885672121938,9.569276729266432,9.85170983623638,767200
2001-07-19,9.829421043395996,10.015232399915284,9.706785576445828,9.848001895522296,5580200
2001-07-20,9.77367115020752,9.795969009831822,9.628738606717777,9.695630767963396,386200
2001-07-23,9.535839080810547,9.877732016665622,9.532122768497393,9.810839812657049,410600
2001-07-24,9.409479141235352,9.610155579313714,9.309140922196171,9.49495212390718,430800
2001-07-25,9.610159873962402,9.610159873962402,9.376037258244793,9.446645744916717,439000
2001-07-26,9.79224967956543,9.807114205916493,9.435491832565345,9.517249208343191,1293400
2001-07-27,9.777384757995605,9.874006663223515,9.710492615236786,9.755087613347149,735200
2001-07-30,9.747659683227539,9.866578790292731,9.703065372484987,9.79225470278388,443200
2001-07-31,9.743941307067871,9.94090147940278,9.364886910850693,9.79225262708098,532000
2001-08-01,10.00407600402832,10.07468446532592,9.84799455257831,9.922319323293,697000
2001-08-02,10.141579627990723,10.21962002247722,10.000362663471698,10.201039178689127,581200
2001-08-03,9.9966459274292,10.163876349658644,9.91488922590243,10.163876349658644,397200
2001-08-06,9.874009132385254,9.970631061775098,9.818265902417858,9.903738902288772,1389000
2001-08-07,9.818263053894043,9.914884955251456,9.717924843775181,9.82941198017839,778200
2001-08-08,9.502388954162598,9.870295211572563,9.450362021442137,9.762525035392494,953800
2001-08-09,9.50610637664795,9.517255310169265,9.372322009647672,9.457795749016672,1115000
2001-08-10,9.491236686706543,9.52096645113858,9.205087261039756,9.491236686706543,812200
2001-08-13,9.528398513793945,9.587858043613759,9.420628381800597,9.476371602404985,358400
2001-08-14,9.40576171875,9.63245158482366,9.383464575651846,9.591572898465879,733800
2001-08-15,9.193940162658691,9.465224405673286,9.167926702207104,9.40576486498005,524800
2001-08-16,9.242249488830566,9.271979252764163,8.978397213708096,9.104748887629254,606200
2001-08-17,8.96725082397461,9.141913856722319,8.889210437370156,9.089886223505665,406200
2001-08-20,9.026708602905273,9.041573130596735,8.889208000488447,8.922654073811094,427200
2001-08-21,8.762862205505371,9.101038765967798,8.762862205505371,9.056444444156252,517200
2001-08-22,8.852048873901367,8.926373666136453,8.699683687751818,8.88177864903265,768800
2001-08-23,8.844612121582031,9.015558780347757,8.826031286609274,8.881774500340965,691400
2001-08-24,9.27569580078125,9.27569580078125,8.900357758574765,8.907789668707402,587400
2001-08-27,9.253397941589355,9.372317000334723,9.164208647530328,9.201371030591632,738800
2001-08-28,8.996980667114258,9.283130171209532,8.996980667114258,9.253400398629093,3132000
2001-08-29,8.826033592224121,9.093601513320756,8.7888712037573,9.071304363766103,405800
2001-08-30,8.484139442443848,8.725693862924588,8.387517532488856,8.662518025985303,844400
2001-08-31,8.554747581481934,8.632787943092787,8.406098767356411,8.435828530181515,496600
2001-09-04,8.368941307067871,8.733131293001097,8.361508684788285,8.365224995928077,906400
2001-09-05,8.298331260681152,8.432115601431336,8.030763287994526,8.339209966757874,1002800
2001-09-06,7.904409408569336,8.250018388540965,7.904409408569336,8.101368846624982,878400
2001-09-07,7.811507225036621,8.105088710563207,7.774344823259951,7.878399406471853,1802400
2001-09-10,7.978738307952881,7.989887242999866,7.729751095748698,7.7706298154403335,1157200
2001-09-17,7.469611644744873,7.766909331487381,7.410152107396371,7.5253548724073935,5433800
2001-09-18,7.402721405029297,7.647992237310472,7.361842696711174,7.543937665597879,3598600
2001-09-19,7.335826873779297,7.5253544030621935,6.893595972119206,7.5253544030621935,3126400
2001-09-20,7.016233444213867,7.40643754767461,6.98650366851518,7.172314943835412,1758800
2001-09-21,6.815556526184082,7.001367771262571,6.547988588443971,6.726367213604044,2934200
2001-09-24,7.198328971862793,7.306099140780706,6.986503526888191,7.15373395481189,3486400
2001-09-25,7.2652201652526855,7.425017966283066,7.097990452333749,7.320964111706054,2197600
2001-09-26,7.019949436187744,7.410153521939644,6.897314028394571,7.3209641988913114,1706600
2001-09-27,6.964203834533691,7.0608257455835055,6.718933102181659,7.057109436449264,2049400
2001-09-28,7.1537322998046875,7.28751661119281,6.945623922278173,7.07940752485271,1725200
2001-10-01,7.060830116271973,7.116573370163965,6.938194674184016,7.116573370163965,1218200
2001-10-02,7.053393363952637,7.153731587502987,6.941906921439036,7.060825982470481,932200
2001-10-03,7.525354862213135,7.640557627068096,6.949340329124728,6.949340329124728,3066000
2001-10-04,7.685153961181641,7.889546067224543,7.514207230414036,7.692586581826693,3396000
2001-10-05,7.681437969207764,7.733464898251889,7.369274977315514,7.599681265165031,2093400
2001-10-08,7.733462333679199,7.807787100934993,7.488191594073996,7.488191594073996,1083800
2001-10-09,7.55508279800415,7.744610292871988,7.510487801465014,7.677718152469995,1476200
2001-10-10,7.789208889007568,7.792925199842534,7.439884176286535,7.488194799513464,1117200
2001-10-11,8.164544105529785,8.164544105529785,7.9527194449025975,8.027044210546364,2884400
2001-10-12,8.145964622497559,8.20170785158893,7.885828608319671,8.012180305627375,2411200
2001-10-15,8.090226173400879,8.116239648425635,7.930428302461337,8.027050287420456,1237600
2001-10-16,8.175697326660156,8.19799448453771,8.01218318165907,8.06421082845852,1842800
2001-10-17,7.804075241088867,8.342928338880093,7.804075241088867,8.342928338880093,4309200
2001-10-18,7.785492420196533,7.889546276735593,7.659140701130186,7.659140701130186,1528400
2001-10-19,7.88954496383667,7.952720812856753,7.644274187361907,7.766909575599288,3806000
2001-10-22,8.075356483459473,8.075356483459473,7.766909847179389,7.766909847179389,3221600
2001-10-23,8.082789421081543,8.261168051983233,8.001032725788352,8.064208579501077,1549600
2001-10-24,8.18312931060791,8.24258886618613,7.989885400571788,7.989885400571788,1263600
2001-10-25,8.380086898803711,8.420965599684221,7.896977943436581,7.993599876272737,1588000
2001-10-26,8.391236305236816,8.49900717410959,8.328060449749184,8.34292569048213,1880800
2001-10-29,7.989884853363037,8.443264110799518,7.989884853363037,8.2871826108929,1849800
2001-10-30,7.826369285583496,7.963869916032197,7.763193435184952,7.859815365724703,2046400
2001-10-31,7.934139728546143,8.119950960086738,7.878396500846684,7.915558180103925,2691000
2001-11-01,8.20914077758789,8.250019477893865,7.848667221114974,7.98988345400544,1143800
2001-11-02,8.220291137695312,8.279750689133554,8.116236568271505,8.205425895428869,1162600
2001-11-05,8.472992897033691,8.543601372006183,8.428398593019041,8.439546814615863,1302400
2001-11-06,8.770289421081543,8.770289421081543,8.41724783182084,8.41724783182084,7600800
2001-11-07,8.733125686645508,8.915220562713698,8.658800929191242,8.658800929191242,2154200
2001-11-08,8.777722358703613,9.049006570221836,8.681100439091598,8.844613802607112,4176800
2001-11-09,8.744277000427246,8.83346630843638,8.651371382649364,8.751708911151132,1806200
2001-11-12,8.81116771697998,8.881776179086325,8.510153738883435,8.603059348934158,1307800
2001-11-13,9.123332977294922,9.141914529387279,8.673670048865935,9.067589738645324,3150200
2001-11-14,9.17164134979248,9.290560409625526,8.989546450821441,9.268263263110207,5559400
2001-11-15,9.115894317626953,9.268259387933972,9.041569581900657,9.12704253181665,3026600
2001-11-16,9.086169242858887,9.190223075869051,9.008128159287686,9.179074855940005,1145800
2001-11-19,9.27569580078125,9.286844729200538,9.119615055792547,9.141912203817569,5668000
2001-11-20,9.0155611038208,9.234818415310318,8.970966096054457,9.197656026973966,8892800
2001-11-21,8.926370620727539,8.989546459929542,8.796302633098298,8.922654311502303,8005600
2001-11-23,9.063871383666992,9.078736621987689,8.885492776700088,8.933804092428778,469200
2001-11-26,9.219953536987305,9.234818776428577,9.075020996503051,9.101034456711648,4416000
2001-11-27,9.190224647521973,9.346306132542844,8.989548857531537,9.164211184820777,4313800
2001-11-28,8.900357246398926,9.16420882448327,8.900357246398926,9.086168456479792,1280200
2001-11-29,9.138195991516113,9.138195991516113,8.907789763429001,8.974681917028922,7643000
2001-11-30,9.119617462158203,9.19022523433742,9.019279206349324,9.06758982462004,6510600
2001-12-03,8.989543914794922,9.082449492681727,8.95238154187754,9.01184105502003,1077800
2001-12-04,9.271985054016113,9.275700656620776,9.011848925226278,9.037862396342476,3529800
2001-12-05,9.717928886413574,9.77367212339754,9.364887912972645,9.364887912972645,7263600
2001-12-06,9.691915512084961,9.773672213158042,9.62873965390594,9.717928975662135,8649800
2001-12-07,9.513537406921387,9.662186284926737,9.402050216807051,9.658469974374883,6939000
2001-12-10,9.305431365966797,9.569283103542519,9.290566119944193,9.387188092649286,1514600
2001-12-11,9.372320175170898,9.546983222081384,9.32029324654926,9.439212345578,3096800
2001-12-12,9.409479141235352,9.48008759635331,9.260830321629241,9.376033068222291,3987600
2001-12-13,9.075020790100098,9.301710724728235,9.049007330483153,9.268264645559704,9124600
2001-12-14,9.112183570861816,9.208805502746293,9.01556163897734,9.06758856044835,3240400
2001-12-17,9.286843299865723,9.357451751360117,9.112181034393748,9.112181034393748,2873200
2001-12-18,9.32400894165039,9.428063500840247,9.253400465456785,9.346306094043326,6122000
2001-12-19,9.190224647521973,9.320292669841649,9.1159005696348,9.123332481253929,4430200
2001-12-20,8.874345779418945,9.216238538256972,8.863197557065641,9.216238538256972,3203800
2001-12-21,8.993266105651855,9.05644196829207,8.933806553615625,9.011846949858013,2617000
2001-12-24,8.959815979003906,9.049005266842354,8.941234434362489,9.011842886372971,1998200
2001-12-26,9.030426979064941,9.182792156008489,8.99698089546136,9.008129826267124,3550000
2001-12-27,9.108465194702148,9.15677579527847,9.030424121385341,9.101032576517028,2696600
2001-12-28,9.127052307128906,9.253404067901732,9.108471457703361,9.197660810811126,6261200
2001-12-31,8.918940544128418,9.193941125848065,8.918940544128418,9.071305721718847,4026000
2002-01-02,9.141916275024414,9.175362366363407,8.956104971502835,9.067591470090234,6364000
2002-01-03,9.543266296386719,9.569279759020468,9.257116789788101,9.257116789788101,5502200
2002-01-04,9.602724075317383,9.717926835277208,9.242250557345765,9.684480758383458,9138000
2002-01-07,9.498672485351562,9.717929853615876,9.480091640778838,9.66218661108392,3103000
2002-01-08,9.569278717041016,9.63617087585187,9.431778089617191,9.457792258232004,1233000
2002-01-09,9.494955062866211,9.781104572187825,9.439211826861486,9.717928715698815,4484000
2002-01-10,9.416909217834473,9.520963717881616,9.376030537670722,9.457787897998225,1723200
2002-01-11,9.327726364135742,9.509821332821625,9.29799658779547,9.461510003260072,3463600
2002-01-14,9.182791709899902,9.3202923479029,9.115900254756099,9.271981734385651,2588800
2002-01-15,9.242249488830566,9.327722471537973,9.134478651562851,9.2050871067102,2440800
2002-01-16,9.0155611038208,9.182790788113984,9.011844794105805,9.141912798876238,4076000
2002-01-17,9.23853588104248,9.24968410276884,9.078738087370201,9.17907633578959,1590000
2002-01-18,8.930088996887207,9.063872615893374,8.86691314306269,9.01184569232507,3200200
2002-01-22,8.610491752624512,9.0155602590256,8.595626515157464,8.993263111638564,3783600
2002-01-23,8.740559577941895,8.800019109045158,8.551032056745173,8.640221353400067,2936400
2002-01-24,8.87062931060791,8.974683156072503,8.770291066355343,8.770291066355343,8242000
2002-01-25,8.837183952331543,8.926373273805355,8.777724404682335,8.788872626857987,2238600
2002-01-28,8.900357246398926,8.974681305143163,8.547315663719873,8.547315663719873,2186000
2002-01-29,8.584481239318848,8.967252020763864,8.551035152363527,8.941238555090566,2326200
2002-01-30,8.695966720581055,8.695966720581055,8.339209445946244,8.551034166362374,5865600
2002-01-31,8.822318077087402,8.918940012278055,8.640223136894367,8.826034387150159,2754800
2002-02-01,8.658807754516602,8.848335397488507,8.617929743626645,8.751713420160831,4099800
2002-02-04,8.413530349731445,8.666233678338378,8.361503444011229,8.658801060717366,2595000
2002-02-05,8.283465385437012,8.48785746507278,8.250019305669177,8.305762535677692,6906000
2002-02-06,8.235153198242188,8.383802032200547,8.17197735520819,8.383802032200547,2411400
2002-02-07,8.11251449584961,8.350352532679818,8.101365572068222,8.235149822191843,3421400
2002-02-08,8.268599510192871,8.276032129306055,8.049342208048964,8.157113058749408,2287800
2002-02-11,8.454410552978516,8.454410552978516,8.253734094127859,8.305761717985561,1265000
2002-02-12,8.316908836364746,8.435828597426573,8.27231454617834,8.30947692720932,2014800
2002-02-13,8.450693130493164,8.480422893576161,8.361503841244176,8.398666222301287,1112600
2002-02-14,8.361507415771484,8.52873784761242,8.339210261130615,8.525021537036649,1585600
2002-02-15,8.119949340820312,8.376368987679374,8.082786960160332,8.316908753335332,2396800
2002-02-19,7.833799362182617,8.038191377746172,7.822650436150396,7.989880782566689,3603600
2002-02-20,7.930422782897949,7.937855401678797,7.662854886109303,7.844949793358825,3243400
2002-02-21,7.5625200271606445,7.863534133713516,7.551371094023925,7.80779088565763,2031800
2002-02-22,7.61082649230957,7.744610781555316,7.458461366807901,7.525353511430774,2428800
2002-02-25,7.867245197296143,7.9452855507585936,7.659136879249557,7.722312707258229,2616800
2002-02-26,7.818936824798584,7.975017576063712,7.744612049974975,7.934139587842952,894000
2002-02-27,7.763192176818848,7.967584934419145,7.67400288050388,7.91184171282398,3199200
2002-02-28,7.674000263214111,7.878392951104365,7.659135739971395,7.748325005867526,829200
2002-03-01,8.060495376586914,8.07164360230715,7.766913146512328,7.774345769535115,3147000
2002-03-04,8.35407543182373,8.35407543182373,7.971304627902422,8.101371963906466,3348400
2002-03-05,8.380086898803711,8.491574071528653,8.324343666848065,8.342925216709048,1839000
2002-03-06,8.461847305297852,8.517590557047471,8.25002252336095,8.324346622755812,1016600
2002-03-07,8.432112693786621,8.588194134569038,8.331774472823604,8.558464370077791,959800
2002-03-08,8.655086517333984,8.725694266913099,8.547315675112943,8.666234736313047,3953400
2002-03-11,8.68110179901123,8.755425873484938,8.521304011112942,8.584479864263109,1919200
2002-03-12,8.49528980255127,8.49528980255127,8.38380263742412,8.491573492832337,1831800
2002-03-13,8.272315979003906,8.398667671106196,8.242586210792403,8.398667671106196,1163600
2002-03-14,8.175697326660156,8.316913604969821,8.164548393314446,8.305765380437979,718200
2002-03-15,8.235153198242188,8.276031893385818,8.153396516768478,8.179409974109497,813600
2002-03-18,8.261167526245117,8.398668155156551,8.216573225764497,8.398668155156551,1285000
2002-03-19,8.294614791870117,8.346641719473526,8.23143893314581,8.290898481496484,1154800
2002-03-20,8.041910171508789,8.18684341946085,8.027045641019177,8.160829250680187,2164800
2002-03-21,8.201705932617188,8.212854859352369,7.9898812863429,8.064206046950538,3094200
2002-03-22,8.082789421081543,8.209141128506992,8.075356800923888,8.194275888191681,1764600
2002-03-25,7.900698184967041,8.171982568611503,7.900698184967041,8.119955620738319,2307200
2002-03-26,7.960152626037598,8.07907169242478,7.870963326247212,7.885827855138836,4002800
2002-03-27,7.956435680389404,7.978732826350663,7.870962696860002,7.93785484355727,1625400
2002-03-28,8.053054809570312,8.116230625315875,8.019608747774823,8.027041363465653,2679800
2002-04-01,8.14224910736084,8.19427603174855,7.934140700996315,7.997316555815828,712600
2002-04-02,7.904409408569336,8.056774551101025,7.885827861423064,8.01961216562203,908000
2002-04-03,7.781771659851074,7.967582821775223,7.70373060326,7.878393549109232,1483800
2002-04-04,7.815218448638916,7.8895424949958235,7.714880241803023,7.804069522719351,2802400
2002-04-05,7.69258451461792,7.896976565735064,7.677719277322514,7.896976565735064,1622600
2002-04-08,7.655421733856201,7.681435188962865,7.425015529400694,7.4881913670083735,1657600
2002-04-09,7.462177276611328,7.7371777496051735,7.439880132534375,7.692583461451269,1835200
2002-04-10,7.484477519989014,7.558802309441111,7.3209641172963575,7.488193830342991,2450600
2002-04-11,7.2354888916015625,7.432449046506883,7.205759123768078,7.413868207416046,1409200
2002-04-12,7.358121871948242,7.395284246819363,7.261500689622009,7.320960205890466,1827400
2002-04-15,7.376707553863525,7.469613188776633,7.33582884768136,7.469613188776633,1300800
2002-04-16,7.711166858673096,7.7260320988721825,7.562518000750565,7.618261233869806,3304600
2002-04-17,7.740895748138428,7.82636874310204,7.67771990211889,7.804071594157964,2170400
2002-04-18,7.659139156341553,7.755761081364032,7.529071153087692,7.692585234572933,2312200
2002-04-19,7.636838436126709,7.748325558051962,7.621973911824672,7.748325558051962,452000
2002-04-22,7.447317123413086,7.521641216919014,7.372992321093312,7.46961428058348,996000
2002-04-23,7.294947624206543,7.488191448257796,7.2689341688176246,7.443597155823506,697000
2002-04-24,7.183462619781494,7.3841391022775555,7.176029999952683,7.31353063153113,1498400
2002-04-25,7.231771945953369,7.272650638934034,7.1128528850789055,7.172312415516138,1422800
2002-04-26,6.986502647399902,7.317247151123168,6.986502647399902,7.283801069748752,3914200
2002-04-29,6.941906929016113,7.083123136941714,6.89359561741091,6.971636694306425,1921600
2002-04-30,7.079411029815674,7.168601087440804,6.93076211513035,6.986505369535605,3062400
2002-05-01,7.019949436187744,7.097990536863616,6.83042185890489,7.042247298560126,908600
2002-05-02,6.841569423675537,7.127718887647023,6.81927227457013,7.016231724492807,927800
2002-05-03,6.678055763244629,7.090556946127511,6.6223125325664745,6.815556393810135,1660000
2002-05-06,6.488529205322266,6.718935491899212,6.481097293223972,6.596300082105573,1345400
2002-05-07,6.488529205322266,6.596300082105573,6.417921433099144,6.555421375903113,1497400
2002-05-08,7.161165237426758,7.172313457995661,6.834137063675662,6.875015762597953,6047800
2002-05-09,6.9270429611206055,7.150016596057401,6.915894740102636,7.135152065095558,3875800
2002-05-10,6.68920373916626,6.953055324202877,6.648325045051024,6.930758176873446,1695400
2002-05-13,6.953054428100586,6.967919663613413,6.689202877068876,6.707783712646469,2033600
2002-05-14,7.287515640258789,7.3098127862482425,7.153731346695083,7.261502185135511,4165600
2002-05-15,7.2652201652526855,7.469612981683016,7.135152847031421,7.153733689973395,5863600
2002-05-16,7.372989654541016,7.37670596419433,7.2280571221297105,7.265218801035672,1471800
2002-05-17,7.410153388977051,7.480761158781462,7.317247757200356,7.451031384965468,1858600
2002-05-20,7.216906547546387,7.346974520499487,7.187176785912544,7.302379523642008,2145000
2002-05-21,7.038527965545654,7.320961054984427,7.027379039147249,7.320961054984427,5041000
2002-05-22,7.124001502990723,7.124001502990722,6.960487446993432,7.02366328393692,1862800
2002-05-23,7.179747104644775,7.224342119740545,7.008801082540718,7.150017330852169,779000
2002-05-24,7.023667335510254,7.11285667873542,6.986504931962963,7.064546050293664,906200
2002-05-28,6.960488796234131,7.064543344550538,6.8824484166070405,7.038529884674841,1906200
2002-05-29,6.830419063568115,6.923324658990395,6.8267034635070525,6.886162987872236,2000200
2002-05-30,6.86386775970459,6.904746464144714,6.737516044902126,6.77839474934225,997000
2002-05-31,6.785827159881592,6.975354726218545,6.785827159881592,6.919611491134427,1626800
2002-06-03,6.5851521492004395,6.845288250054501,6.555422369858305,6.789545002389731,1408400
2002-06-04,6.678055763244629,6.744947923583867,6.5219742920576165,6.5219742920576165,3079000
2002-06-05,6.759815692901611,6.759815692901611,6.596301540747582,6.652044792286895,1374600
2002-06-06,6.596299648284912,6.700354207768816,6.536840102526594,6.670624434889657,1629000
2002-06-07,6.45136833190918,6.5294087348852585,6.276705262519956,6.3733272201192674,3143600
2002-06-10,6.39190673828125,6.510825814726996,6.369608879837468,6.414203887911426,1383000
2002-06-11,6.25068998336792,6.51825862188856,6.25068998336792,6.466230992835309,1897600
2002-06-12,6.377042293548584,6.3919075343625,6.154068643035717,6.1986636566637685,2063200
2002-06-13,6.2692694664001465,6.458796244470463,6.246971614663197,6.458796244470463,1352800
2002-06-14,6.258124351501465,6.2841378188891,5.98684003615352,6.131772616635387,1765600
2002-06-17,6.469946384429932,6.492243531537566,6.299000408582187,6.299000408582187,807800
2002-06-18,6.399339199066162,6.540556146095362,6.391907287759627,6.391907287759627,696600
2002-06-19,6.146636009216309,6.347311774929017,6.116905531081791,6.317582005608112,1163000
2002-06-20,6.005419731140137,6.198663607299946,5.953392806333145,6.1689338347225675,953000
2002-06-21,5.834471702575684,6.035147787613859,5.789877056390171,5.871634084933649,1403600
2002-06-24,5.934811115264893,6.016568160242497,5.674675449689043,5.760148450123999,1805200
2002-06-25,5.730419158935547,6.020284973243023,5.719270582818134,6.0128523528935185,1276600
2002-06-26,5.734133720397949,5.8084581291924,5.388524776495334,5.425687158095928,2459600
2002-06-27,5.886500358581543,5.886500358581543,5.626364683799176,5.8047433107104585,1129200
2002-06-28,5.879066467285156,6.0091344537535045,5.841904438584735,5.927377423561778,908000
2002-07-01,5.630080223083496,5.901364807793366,5.622647958048503,5.864202419397996,1169000
2002-07-02,5.462851047515869,5.630081112911964,5.429404963555278,5.537175481646705,2827400
2002-07-03,5.6635260581970215,5.6635260581970215,5.395958149121656,5.395958149121656,1037400
2002-07-05,5.968255043029785,5.983120278008663,5.741565525702533,5.741565525702533,4479400
2002-07-08,5.789875507354736,6.020281649279989,5.748997181223043,6.009132724911359,2180200
2002-07-09,5.704407215118408,5.856772428776543,5.689542324869003,5.782447977529519,795200
2002-07-10,5.552039623260498,5.782445869750518,5.552039623260498,5.741567170660283,1815800
2002-07-11,5.756433963775635,5.756433963775635,5.455419857559526,5.51859572763588,2555800
2002-07-12,5.730419158935547,5.89021695238145,5.682108189884301,5.89021695238145,2222200
2002-07-15,5.8419060707092285,5.8419060707092285,5.48514843995431,5.6115001525310095,1097400
2002-07-16,5.775013446807861,5.960825045133092,5.726702480860257,5.760148561470662,2009800
2002-07-17,5.815891265869141,6.057445719311581,5.741566845918142,6.057445719311581,3634000
2002-07-18,5.693256855010986,5.879068113771469,5.685824588952129,5.763865331807806,738600
2002-07-19,5.514878749847412,5.708122293347881,5.4405543100395395,5.600351767024744,2839200
2002-07-22,5.225013256072998,5.529743636411717,5.184134548383834,5.392243334200176,2315200
2002-07-23,4.964876174926758,5.280755422762554,4.961160219498605,5.269606847664471,2018600
2002-07-24,5.2212958335876465,5.2212958335876465,4.793929775597495,4.793929775597495,1788600
2002-07-25,4.9091315269470215,5.165550806572931,4.812509625589608,5.1469699715791055,2473800
2002-07-26,4.976024150848389,5.016902487978825,4.849672475927546,4.96115926876398,2312000
2002-07-29,5.269606113433838,5.295619569840434,5.07636228182266,5.128389549042614,2021800
2002-07-30,5.351363182067871,5.399674143492378,5.18784945866759,5.213862916970482,1533600
2002-07-31,5.321632385253906,5.3439298840643605,5.213861908884604,5.284470359778775,718400
2002-08-01,5.08751106262207,5.332782171445041,5.06893022409285,5.26589001863816,2134600
2002-08-02,4.97974157333374,5.091228399030703,4.9054171410047145,5.035485163385646,1884600
2002-08-05,4.764199256896973,4.96487534724222,4.741902110417919,4.93142962752364,886400
2002-08-06,4.964876174926758,5.120957643927173,4.88683544042655,4.88683544042655,869400
2002-08-07,5.054067134857178,5.2027160223030755,4.871971804727323,5.172986244813896,1362200
2002-08-08,5.239877223968506,5.269606994663937,4.968592623364177,5.050349669980021,794200
2002-08-09,5.2212958335876465,5.280755372756793,5.1246739052343795,5.158119984618727,393200
2002-08-12,5.172986030578613,5.2361618937284655,5.102377546160831,5.128391366191698,377800
2002-08-13,5.054067134857178,5.314202865090951,5.054067134857178,5.184134822770613,1398400
2002-08-14,5.369943141937256,5.395956948670654,5.061496605124433,5.106091246715921,1792800
2002-08-15,5.44426965713501,5.50001324655964,5.314201990624563,5.470283473962575,715800
2002-08-16,5.574337005615234,5.626364278587426,5.3327825438012955,5.3327825438012955,3721000
2002-08-19,5.778729438781738,5.804742898088798,5.574337010836377,5.589201895355669,2438600
2002-08-20,5.615215301513672,5.730418421252865,5.592918152149182,5.722985801860169,1334400
2002-08-21,5.789875507354736,5.812173001685346,5.615212924052684,5.7081185006847,1280200
2002-08-22,5.856770992279053,5.886500765486004,5.734135589198666,5.834473485170413,1566000
2002-08-23,5.6449480056762695,5.782448700687903,5.592921060500284,5.763867496950629,1902000
2002-08-26,5.6821088790893555,5.708122344654207,5.529743687511991,5.630081593552766,1284800
2002-08-27,5.492579460144043,5.711836752304674,5.470282312633304,5.693255559774544,2273600
2002-08-28,5.340213775634766,5.444267947040115,5.310484012376095,5.425687110808496,2237800
2002-08-29,5.414538860321045,5.459133510781095,5.225011684467525,5.239876567954208,1332600
2002-08-30,5.277040481567383,5.384811013884779,5.273324170768564,5.332784080328942,3210400
2002-09-03,5.016903400421143,5.187849752685839,5.016903400421143,5.14697140812071,2919800
2002-09-04,5.172986030578613,5.180418297439655,5.016904528020966,5.024337149288896,1838400
2002-09-05,4.9983229637146,5.065215132606378,4.964876879268711,5.035485358522668,785800
2002-09-06,5.165553092956543,5.2101481090192125,5.061498882426336,5.080080080051304,5887800
2002-09-09,5.2212958335876465,5.243592983572672,5.0429168616734,5.083795560657294,1398400
2002-09-10,5.310487747192383,5.3253526392760575,5.2175820830676685,5.265893070941358,580000
2002-09-11,5.340213775634766,5.462849137678467,5.317916630394128,5.462849137678467,1437000
2002-09-12,5.143255710601807,5.2956208864182175,5.143255710601807,5.258458492820963,680800
2002-09-13,5.165553092956543,5.217580375425079,5.098661277676272,5.109809854488506,493600
2002-09-16,5.080078125,5.154402532489502,5.039199789482456,5.128389078469859,401600
2002-09-17,5.016903400421143,5.210147257071151,5.002038515633204,5.1544036733112755,757200
2002-09-18,4.964876174926758,5.035484644163847,4.883119484998397,4.931430449632508,1211000
2002-09-19,4.741901397705078,4.875685319691792,4.741901397705078,4.849671867907162,2299400
2002-09-20,4.767919540405273,4.8310954321006925,4.730757126087833,4.8310954321006925,2982600
2002-09-23,4.61926794052124,4.693592372087354,4.570956971401555,4.660146289280892,1797000
2002-09-24,4.544942378997803,4.667578113163844,4.518928920990319,4.556091307635397,2655600
2002-09-25,4.719606399536133,4.786498573156979,4.574673829233483,4.648998269697263,2690200
2002-09-26,4.663863182067871,4.812512063769226,4.634133405727599,4.7939308649548344,3233800
2002-09-27,4.548659324645996,4.727038309318085,4.544943014580428,4.626700063988753,2185600
2002-09-30,4.39629602432251,4.511499204465241,4.355417659449662,4.511499204465241,3170600
2002-10-01,4.63413143157959,4.645280004356158,4.381428085932459,4.437171304222037,2156800
2002-10-02,4.53007698059082,4.70102330180595,4.496631261697926,4.600685436313778,5077800
2002-10-03,4.518930912017822,4.634134077850306,4.500349710508462,4.533795802343922,1044400
2002-10-04,4.422306060791016,4.5858201020422715,4.385144036438792,4.5858201020422715,2278200
2002-10-07,4.344265937805176,4.474333926685967,4.3182524817917205,4.407441777615073,1374800
2002-10-08,4.344265937805176,4.426022969513295,4.243928068605593,4.388860940123609,2372200
2002-10-09,4.3033881187438965,4.392577425335932,4.236495961596471,4.273658349879885,1965000
2002-10-10,4.53007698059082,4.559807099173523,4.258792793883519,4.314536013111754,2984600
2002-10-11,4.816227436065674,4.849673516533886,4.637848458370816,4.6452810782112275,4996600
2002-10-14,4.823659896850586,4.831092516992008,4.704740809842509,4.704740809842509,1476000
2002-10-15,5.128390312194824,5.1432551972687355,4.994605992122807,5.035484691881175,5464000
2002-10-16,4.849672317504883,4.968591370295458,4.823658508901894,4.905415534898782,2210600
2002-10-17,5.054067134857178,5.146972778112589,4.998323536259789,5.128391578580127,3150200
2002-10-18,5.120957851409912,5.132106781366522,4.942579224986072,5.054066043704386,1247200
2002-10-21,5.225013256072998,5.265891609355277,5.024337091439007,5.039201979396825,2944600
2002-10-22,5.202715873718262,5.2956215143203735,5.065215568155963,5.124675121436212,5402600
2002-10-23,5.343931674957275,5.343931674957275,5.120958029755244,5.187850194197222,1502800
2002-10-24,5.258457183837891,5.436836132531407,5.2324437274394295,5.38852517464372,3005000
2002-10-25,5.399674415588379,5.403390725363716,5.236160683948447,5.236160683948447,1373400
2002-10-28,5.388526916503906,5.518594949354683,5.358797141179194,5.481432552995353,1220200
2002-10-29,5.299336910247803,5.425688616361357,5.169268894094007,5.36622871893799,2317600
2002-10-30,5.48143196105957,5.5074454230578,5.2770395119692015,5.299337018258283,1708600
2002-10-31,5.4851484298706055,5.592918945504342,5.440553770409078,5.507445582397945,4234400
2002-11-01,5.64866304397583,5.659811621942273,5.366229803175313,5.425689712612451,1282200
2002-11-04,5.867919445037842,6.00170342165132,5.8121762100506045,5.890216951676844,6071800
2002-11-05,5.830755233764648,5.879066187744155,5.726701062181643,5.778728325176513,2855800
2002-11-06,5.9236626625061035,5.9385275487525275,5.760148913795438,5.890216934256782,1619200
2002-11-07,5.689538955688477,5.8307551522302035,5.67095776527823,5.8307551522302035,1449200
2002-11-08,5.64866304397583,5.79731228595832,5.615216955669597,5.719271531379411,2894000
2002-11-11,5.451700687408447,5.633795580056174,5.425687232574984,5.633795580056174,1722200
2002-11-12,5.604068279266357,5.693257610245077,5.492581438339508,5.492581438339508,661600
2002-11-13,5.630080223083496,5.6858238056765495,5.500012572513308,5.574336994897244,3293200
2002-11-14,5.856770992279053,5.856770992279053,5.704405815991715,5.760149052153035,3078600
2002-11-15,5.867919445037842,5.886500641502536,5.722986537901441,5.7750138171212155,1837600
2002-11-18,5.801026821136475,5.953392336581724,5.797310865662642,5.942243406939777,2332200
2002-11-19,5.708120822906494,5.808459056604639,5.667242480144358,5.778729288340032,1701800
2002-11-20,5.945959568023682,5.983121957086553,5.693256172972497,5.693256172972497,2580400
2002-11-21,6.254406452178955,6.2618390720631325,6.0611625880722135,6.11319021844781,7346800
2002-11-22,6.232108116149902,6.272986100111624,6.131769893236249,6.150350730599439,2595200
2002-11-25,6.325013160705566,6.36217554095586,6.2283912555801795,6.243255782392229,3775200
2002-11-26,6.142919063568115,6.313865042264526,6.142919063568115,6.261838128541886,3468400
2002-11-27,6.39190673828125,6.414203887911426,6.239541582983439,6.299001121206311,2463600
2002-11-29,6.354744911193848,6.4290689861329104,6.33616336084883,6.4290689861329104,869600
2002-12-02,6.373328685760498,6.614883280900915,6.299004576617137,6.540559171757553,3563200
2002-12-03,6.1503520011901855,6.28042001604358,6.14292008999767,6.261839174841805,6049400
2002-12-04,6.057447910308838,6.128056400606684,5.95339403914763,5.994272041897889,3542200
2002-12-05,5.9236626625061035,6.146636665016153,5.919946706749631,6.146636665016153,1951800
2002-12-06,5.979404449462891,6.035147667483519,5.797309559228318,5.8716339680580685,1987600
2002-12-09,5.696972370147705,5.893932177711265,5.682107485697753,5.871635028239738,2260200
2002-12-10,5.789875507354736,5.841902757855059,5.704402546968472,5.704402546968472,6605800
2002-12-11,5.834471702575684,5.901363849057323,5.704404073136293,5.756430983149351,1468200
2002-12-12,5.808460712432861,5.905082664040423,5.775014624998944,5.89021777567056,1327000
2002-12-13,5.678391933441162,5.7750138724579365,5.667243357218257,5.763865296235031,1067600
2002-12-16,5.871635437011719,5.893932588035531,5.6895405012210105,5.6895405012210105,3185200
2002-12-17,5.8419060707092285,5.949676586541087,5.8233248739643875,5.882784420022399,5131800
2002-12-18,5.6821088790893555,5.786163095755648,5.648662792273468,5.752717008939761,1610600
2002-12-19,5.659810543060303,5.801027136541633,5.600350999364339,5.7118378209976886,4875000
2002-12-20,5.719803333282471,5.768244350520122,5.6825406296313,5.738434329744577,3538600
2002-12-23,5.790599346160889,5.824135692750923,5.686264322052248,5.70116932549634,2141800
2002-12-24,5.730983257293701,5.798055996409065,5.71980458589566,5.730983257293701,1050600
2002-12-26,5.701173782348633,5.83904526082736,5.663911066926883,5.771972515213648,1577800
2002-12-27,5.60056209564209,5.716076176186602,5.589383428287276,5.697444827019625,2507600
2002-12-30,5.544668197631836,5.656455933119604,5.496226833741689,5.656455933119604,7433600
2002-12-31,5.514858722686768,5.581931086261955,5.485048704350362,5.578205100492491,4342200
2003-01-02,5.812957763671875,5.812957763671875,5.5446673124073715,5.552119637389613,4144400
2003-01-03,5.8353166580200195,5.850221667342845,5.738433919739922,5.79432797122311,3162400
2003-01-06,6.0924272537231445,6.133415576684212,5.872578145132228,5.872578145132228,2575600
2003-01-07,6.155774116516113,6.211667805599034,6.073796042516134,6.118511420218561,3594400
2003-01-08,5.954559326171875,6.092431166663825,5.954559326171875,6.055168449444875,3033600
2003-01-09,6.1296916007995605,6.181858959039351,6.047713511306231,6.070071559746385,1743600
2003-01-10,6.163227081298828,6.222847113825444,6.01790263012921,6.01790263012921,1583600
2003-01-13,6.1296916007995605,6.29737269973901,6.1110598937660985,6.278741703432499,2677400
2003-01-14,6.215394973754883,6.234025969020588,6.129691258369577,6.144595912436759,1894800
2003-01-15,6.0924272537231445,6.252656337346365,6.073795551716515,6.2414773161423875,1816000
2003-01-16,5.962009906768799,6.129691719687457,5.94337855473745,6.08124999118786,2588400
2003-01-17,5.671361446380615,5.827864218941696,5.663908764180827,5.794327859769544,5678600
2003-01-21,5.634097576141357,5.738432617728224,5.634097576141357,5.723527611787243,2873800
2003-01-22,5.596837043762207,5.730982140488315,5.596837043762207,5.626647065256898,2727800
2003-01-23,5.69372034072876,5.738435380076474,5.57075389368166,5.738435380076474,1054800
2003-01-24,5.470145225524902,5.6750890700824765,5.444061185660618,5.663910398919811,2671800
2003-01-27,5.4105224609375,5.52603616758226,5.37698610889116,5.3844384341440295,3370400
2003-01-28,5.485050678253174,5.526039379375455,5.391894248586881,5.496229350311327,1193200
2003-01-29,5.563302993774414,5.5893866845861195,5.391895121232561,5.47759887982167,1993400
2003-01-30,5.391891956329346,5.6229197610411665,5.380712933660158,5.6229197610411665,1759800
2003-01-31,5.384439945220947,5.417976306678855,5.265199864804804,5.324819905012875,1676200
2003-02-03,5.43287992477417,5.477594943473801,5.373259899841329,5.376986240240477,2158200
2003-02-04,5.339725494384766,5.365809175964811,5.283831789466521,5.33227316623197,1377200
2003-02-05,5.3210930824279785,5.492500860206079,5.309914414740813,5.4403335074236825,1449400
2003-02-06,5.291284561157227,5.373262309890749,5.257748193249715,5.276379548238726,844200
2003-02-07,5.231665134429932,5.373262951751973,5.194402420000706,5.3471792648696646,1116400
2003-02-10,5.287559509277344,5.3099172117922535,5.172045719813915,5.227939443055751,1139000
2003-02-11,5.268926620483398,5.365809015758177,5.224211586811156,5.306188970861852,639000
2003-02-12,5.1981282234191895,5.309915999749788,5.1981282234191895,5.257748276031896,574800
2003-02-13,5.2130327224731445,5.2391167594415045,5.123602652373504,5.231664075918113,1257000
2003-02-14,5.376988410949707,5.380714397489669,5.220485604638573,5.261474299486337,2567600
2003-02-18,5.552122116088867,5.570753469907324,5.421703350086709,5.421703350086709,2075400
2003-02-19,5.514858722686768,5.559573750191376,5.429154653447014,5.533490072987883,1064400
2003-02-20,5.429154872894287,5.5483953064230755,5.421702545690686,5.514858945598212,960800
2003-02-21,5.496227264404297,5.53721594997071,5.347177175650574,5.458964564534145,916600
2003-02-24,5.403071403503418,5.48504913809283,5.376987724237301,5.477596455237666,1383600
2003-02-25,5.4179768562316895,5.4366082095273836,5.246569045565618,5.309915433552873,882800
2003-02-26,5.276378631591797,5.4291550763059915,5.2614736212626925,5.3844400453186765,1415000
2003-02-27,5.328546047210693,5.399344753470787,5.2726519950820805,5.295009687006217,1917200
2003-02-28,5.4105224609375,5.429153451751359,5.347176097152939,5.347176097152939,1851200
2003-03-03,5.31736946105957,5.477598287030305,5.291285417707073,5.4217045683787735,1388800
2003-03-04,5.257747650146484,5.3248203790331745,5.242842638767608,5.30246268428311,712200
2003-03-05,5.309914588928223,5.317367271206438,5.235389542963324,5.235389542963324,776000
2003-03-06,5.242842197418213,5.298736251906387,5.2204848599137215,5.23911621140978,1019600
2003-03-07,5.216759204864502,5.272652911342642,5.1086977784068495,5.1086977784068495,1616800
2003-03-10,5.108696460723877,5.2093051775072885,5.093791452483244,5.183221501927038,767800
2003-03-11,5.082613468170166,5.172043529632011,5.071434443964829,5.108697147255668,697200
2003-03-12,5.149685859680176,5.160864883935649,5.000635756575306,5.075160808127741,884000
2003-03-13,5.4254279136657715,5.43660658014748,5.198126111236177,5.272651146719896,2896200
2003-03-14,5.444059371948242,5.514858428239719,5.376987011954155,5.4775957296270015,2836600
2003-03-17,5.69372034072876,5.697446682848622,5.365809696815313,5.403072407286846,5973400
2003-03-18,5.719803333282471,5.734708343670243,5.630372915592357,5.73098200223243,2887400
2003-03-19,5.708624362945557,5.734708397893399,5.600562947771588,5.675088000415104,2966600
2003-03-20,5.701173782348633,5.764520185347452,5.589385991446975,5.652732394445795,1280400
2003-03-21,5.7868757247924805,5.816685745683656,5.7123506725645425,5.812959759594869,3290600
2003-03-24,5.552122116088867,5.663909883636086,5.537217104106806,5.6191948476899025,1847400
2003-03-25,5.630373477935791,5.663909843498652,5.518586066544273,5.53349107842071,1304000
2003-03-26,5.6117401123046875,5.6452761083569,5.563298755300338,5.6452761083569,2671200
2003-03-27,5.548395156860352,5.619193862521694,5.503680128753695,5.552121142679982,1021400
2003-03-28,5.477597236633301,5.585658665904116,5.473870894674145,5.570753653431022,845400
2003-03-31,5.328546047210693,5.421702445394924,5.328546047210693,5.36953473448091,2439200
2003-04-01,5.391891956329346,5.440333321805547,5.343450590853144,5.347176931742873,1305200
2003-04-02,5.622920513153076,5.652730533531393,5.4962277488634905,5.4962277488634905,3119000
2003-04-03,5.608016490936279,5.704899251915523,5.6042901488916455,5.701172909870889,2762600
2003-04-04,5.544668197631836,5.645276910816437,5.499953174509412,5.634098243876685,798200
2003-04-07,5.55957555770874,5.775698438594816,5.55957555770874,5.775698438594816,1554400
2003-04-08,5.503678798675537,5.58938249299369,5.4813211123436805,5.58938249299369,2225200
2003-04-09,5.384439945220947,5.563300421208633,5.369534935168929,5.477596346886927,2548200
2003-04-10,5.4179768562316895,5.432881867795543,5.339725456680581,5.384440491372142,1067400
2003-04-11,5.369536399841309,5.533491910499853,5.350905043353261,5.511134211641481,1287600
2003-04-14,5.499955177307129,5.511133848317572,5.365809703727634,5.365809703727634,1345600
2003-04-15,5.511133670806885,5.54467003812157,5.458965948832538,5.492502316147223,706400
2003-04-16,5.552122116088867,5.663909883636086,5.533491117633928,5.6191948476899025,1124600
2003-04-17,5.667634963989258,5.682539972653813,5.514858536336716,5.552120880316383,2423600
2003-04-21,5.6452765464782715,5.708622913987608,5.604287866768921,5.682539241023784,3037600
2003-04-22,5.768246650695801,5.768246650695801,5.585660111795572,5.58938645471932,1659800
2003-04-23,5.8651251792907715,5.868851519511001,5.749611475370545,5.7719688059652,1962600
2003-04-24,5.812957763671875,5.86139876446484,5.7421587218421095,5.805505083326275,782400
2003-04-25,5.704898357391357,5.786875737338071,5.686267005453111,5.786875737338071,1581400
2003-04-28,5.824136257171631,5.857672607011693,5.697443537937326,5.701169878000298,997800
2003-04-29,5.883759498596191,5.939653208694068,5.8166867621879055,5.868854485545855,1180600
2003-04-30,5.816684722900391,5.88375743579347,5.816684722900391,5.865126087171679,1018000
2003-05-01,5.872580528259277,5.902390552840206,5.760792758399034,5.80178145335693,969800
2003-05-02,5.995548248291016,5.995548248291016,5.865129096387869,5.865129096387869,1167600
2003-05-05,5.980640411376953,6.070071178060261,5.97691478093148,6.014176771201467,1858600
2003-05-06,6.088702201843262,6.1483222394280475,5.99554580427617,5.99554580427617,2328200
2003-05-07,6.0141777992248535,6.099882239385526,5.97691580258555,6.055166848400521,2072200
2003-05-08,5.917294979095459,5.999272716255889,5.917294979095459,5.976915377716174,1228600
2003-05-09,6.081249713897705,6.081249713897705,5.988093313352148,5.991819654661202,739800
2003-05-12,6.174407482147217,6.1967648242270235,6.051441034617642,6.088703745235381,1005000
2003-05-13,6.163227081298828,6.196762727709056,6.1110590197929024,6.1110590197929024,1424400
2003-05-14,6.140871047973633,6.219122810506516,6.088703680103099,6.185586442382006,1082800
2003-05-15,6.204216957092285,6.241479664398278,6.129692253207328,6.181859616999501,1354400
2003-05-16,6.148321628570557,6.204215319412193,6.111058931100518,6.174405303581531,2263800
2003-05-19,5.924746990203857,6.111059793107922,5.924746990203857,6.084976114417663,1921200
2003-05-20,5.935927391052246,6.006726471580872,5.887486008417806,5.94337972010794,3637600
2003-05-21,5.943377494812012,5.962008843520698,5.88003112242053,5.962008843520698,1881000
2003-05-22,6.006727695465088,6.02908504255108,5.917297241030246,5.950833617022859,5500200
2003-05-23,6.0141777992248535,6.0365358500808695,5.965736777157542,5.965736777157542,595800
2003-05-27,6.170679092407227,6.1967627679662165,5.96200897720845,5.96200897720845,1399200
2003-05-28,6.211668491363525,6.252657532888681,6.148322113882328,6.196763126908234,1882600
2003-05-29,6.2265729904174805,6.3420874298958045,6.204215655016819,6.207941996038075,1460000
2003-05-30,6.316005706787109,6.345815733449453,6.271290311430044,6.271290311430044,2174800
2003-06-02,6.282470226287842,6.4315203806751455,6.278743883587259,6.334637602641598,1386200
2003-06-03,6.338362216949463,6.3458149003183735,6.23402678196573,6.23402678196573,1720800
2003-06-04,6.472506523132324,6.4985901995558555,6.338361089266304,6.364444765689835,5049000
2003-06-05,6.472506523132324,6.479958494448421,6.371897447732809,6.427791141601358,1011200
2003-06-06,6.409159183502197,6.651365627664254,6.394253821657506,6.625281955162817,1690200
2003-06-09,6.316005706787109,6.4315194712628045,6.275016653603725,6.401709444600461,2334000
2003-06-10,6.405436038970947,6.424067039845796,6.319731587056116,6.323457929376511,1137600
2003-06-11,6.446423053741455,6.494864783190424,6.3234566254335025,6.353266647122492,918400
2003-06-12,6.476233959197998,6.528402037317986,6.420340249744582,6.517223011136472,1967800
2003-06-13,6.334636211395264,6.5060436736134495,6.323457185748713,6.479959991165207,2936800
2003-06-16,6.4911370277404785,6.502316049961454,6.353265263255738,6.405433322893468,4128200
2003-06-17,6.520946979522705,6.565662357244946,6.461326949710929,6.565662357244946,2267200
2003-06-18,6.584295272827148,6.640188978257278,6.461328836590051,6.46505517838233,874400
2003-06-19,6.535850524902344,6.669995199313561,6.532124185234447,6.614101525748335,797200
2003-06-20,6.528400421142578,6.595473140172938,6.498590402765408,6.558210439519749,778600
2003-06-23,6.397981643676758,6.513495381815137,6.338361603945534,6.49486438592173,3413600
2003-06-24,6.3718976974487305,6.427791393507764,6.330908655332883,6.3793503797837765,1206400
2003-06-25,6.308552265167236,6.45387603886075,6.275015900356885,6.353266944429697,1194000
2003-06-26,6.42779016494751,6.446421156497229,6.297371091919162,6.308550113285056,3227400
2003-06-27,6.37935209274292,6.491139514877718,6.342089381788955,6.442698488146531,1001600
2003-06-30,6.360717296600342,6.461326354156923,6.342086305523976,6.416610980556192,1116400
2003-07-01,6.450149059295654,6.450149059295654,6.2489316010584375,6.301098958614949,1207800
2003-07-02,6.584295272827148,6.588021614619427,6.461328836590051,6.461328836590051,1607200
2003-07-03,6.506041049957275,6.610376448402511,6.502315420304549,6.51349373071624,1528600
2003-07-07,6.729620933532715,6.744526304875661,6.584297116575107,6.584297116575107,1470400
2003-07-08,6.7817864418029785,6.81159646241791,6.673724672869506,6.7296183726816325,1561800
2003-07-09,6.774332523345947,6.860036228140862,6.733343485954109,6.781785204822068,2366600
2003-07-10,6.617832183837891,6.733345946013964,6.591748499868495,6.699809577845574,2022400
2003-07-11,6.710988521575928,6.744524889331705,6.6439157860643725,6.6439157860643725,690800
2003-07-14,6.74079704284668,6.8749424839308055,6.722166047463625,6.841406123659774,989600
2003-07-15,6.7519731521606445,6.837676831093511,6.688626800182742,6.837676831093511,1414800
2003-07-16,6.729620933532715,6.837682743587405,6.666274526779641,6.837682743587405,978400
2003-07-17,6.524672985076904,6.632734017037471,6.465052958327602,6.599197663150141,1333000
2003-07-18,6.539578914642334,6.576841616325798,6.45387519827921,6.565663303329603,423200
2003-07-21,6.394255638122559,6.539579403757671,6.371898299731074,6.491138385454957,936400
2003-07-22,6.53212833404541,6.5582120175608445,6.446423888702748,6.509770281837548,839600
2003-07-23,6.569388389587402,6.576841071452044,6.453874663592895,6.576841071452044,494400
2003-07-24,6.476233959197998,6.6513684824063315,6.446423933441038,6.595474772952915,1099600
2003-07-25,6.614104270935059,6.617830612149576,6.405434138010502,6.483685171334618,693400
2003-07-28,6.6252827644348145,6.651366440122348,6.57684104324923,6.5954727478309385,1909200
2003-07-29,6.561938285827637,6.636462993501507,6.506043866663405,6.625284678250311,1697200
2003-07-30,6.51349401473999,6.602924055566932,6.506041333656048,6.602924055566932,400800
2003-07-31,6.558210372924805,6.6886294685231835,6.554484031824635,6.632735062747526,2461800
2003-08-01,6.524672985076904,6.5842930118262055,6.506041282513509,6.547030317426197,2422400
2003-08-04,6.580568313598633,6.614104675855493,6.45760188889913,6.558210975669711,677800
2003-08-05,6.41661262512207,6.595473454639941,6.390528946639258,6.595473454639941,666600
2003-08-06,6.356991767883301,6.465053519958163,6.312277099300273,6.345813456100965,1286400
2003-08-07,6.338362216949463,6.379351264751467,6.3048258525163705,6.330909533580552,902800
2003-08-08,6.330909729003906,6.405435143539463,6.297373363535609,6.364446094472204,650000
2003-08-11,6.360717296600342,6.412884640195569,6.3197282633602345,6.327180944081482,875400
2003-08-12,6.457602024078369,6.472507390160974,6.356992935201702,6.37935098432561,448200
2003-08-13,6.446423053741455,6.520948463327417,6.420339373604462,6.517222121775421,529200
2003-08-14,6.502316951751709,6.528400629824643,6.420338865548861,6.438970571834473,458800
2003-08-15,6.472506523132324,6.539578529338457,6.472506523132324,6.472506523132324,549200
2003-08-18,6.6625447273254395,6.6737237500328215,6.528400008471139,6.561936365866428,654200
2003-08-19,6.7519731521606445,6.7519731521606445,6.655090454386992,6.703531447910514,1002000
2003-08-20,6.7147135734558105,6.759428248053928,6.658819874844694,6.7072608907804785,1089800
2003-08-21,6.7780609130859375,6.830228277735283,6.7147145228430025,6.781787254950468,614200
2003-08-22,6.766881942749023,6.945742089344766,6.751977285896234,6.874943725521688,668400
2003-08-25,6.725895881652832,6.766884949986076,6.692359500421516,6.725895881652832,733200
2003-08-26,6.763155937194824,6.7855132789493915,6.625284833860067,6.688631227770574,757600
2003-08-27,6.8078694343566895,6.8302267698811825,6.733344034972535,6.770606734664613,409000
2003-08-28,6.848858833312988,6.874943224677432,6.751976794010166,6.8376805191695045,1086400
2003-08-29,6.871213912963867,6.908476602364955,6.811593894212801,6.826498543537225,582000
2003-09-02,7.020265579223633,7.031444601840658,6.867489157091875,6.949466524102841,881200
2003-09-03,7.094793319702148,7.154413371907454,7.04635158308091,7.091066977598431,1388400
2003-09-04,7.161866664886475,7.191676696481312,7.072436570101962,7.113425630067569,777400
2003-09-05,7.124602794647217,7.228937522571648,7.09851840193908,7.1208764528317685,1063200
2003-09-08,7.255021572113037,7.258747914117272,7.154413180906943,7.154413180906943,937400
2003-09-09,7.1767706871032715,7.236390739086774,7.150687003201374,7.228938054907066,970800
2003-09-10,6.964370250701904,7.146956646170842,6.960643910705394,7.146956646170842,1121200
2003-09-11,7.046352386474609,7.09106778609038,6.945743270384497,7.031447727087462,629000
2003-09-12,7.053802967071533,7.076160304845658,6.942014856747006,6.96809924666493,585600
2003-09-15,7.012814998626709,7.105971416165803,7.001636683387337,7.105971416165803,542000
2003-09-16,7.191675186157227,7.210306896195664,7.0128150341506315,7.0128150341506315,424400
2003-09-17,7.180491924285889,7.240111933883074,7.150681919487297,7.187944603167181,624200
2003-09-18,7.281101703643799,7.30345903185373,7.132050953639859,7.15440899257644,888400
2003-09-19,7.288558483123779,7.31091653681702,7.143234687753304,7.296011167688192,515000
2003-09-22,7.150684833526611,7.202852185501687,7.09851677082467,7.18049485047335,823200
2003-09-23,7.191675186157227,7.202854212180289,7.098518768146242,7.154413187534486,577200
2003-09-24,6.945740699768066,7.232662571734396,6.942014358618606,7.232662571734396,1216600
2003-09-25,6.8935723304748535,7.038896060279315,6.8935723304748535,6.990455053920094,1365400
2003-09-26,6.8563079833984375,6.949464343799847,6.848855303991934,6.904749688814081,787200
2003-09-29,6.968099117279053,6.968099117279053,6.8414063543665655,6.912204707791178,604600
2003-09-30,6.811593055725098,6.990453089961135,6.785508678846569,6.923380399440972,873800
2003-10-01,6.960643768310547,6.968096448151108,6.819045694246555,6.863761062563255,1245400
2003-10-02,6.945740699768066,6.983003400535768,6.897299686278886,6.945740699768066,593400
2003-10-03,7.158137798309326,7.2214841819548505,7.0314457417452445,7.0314457417452445,1815600
2003-10-06,7.195402145385742,7.210307514695073,7.135782089602675,7.199128487713075,1340400
2003-10-07,7.243840217590332,7.247566558031138,7.128325796105644,7.169314830227743,546400
2003-10-08,7.191675186157227,7.273653288872216,7.158138818815107,7.255021578833779,423400
2003-10-09,7.221487045288086,7.351906205767015,7.206582384199571,7.28483345405058,1000200
2003-10-10,7.281101703643799,7.288553672562676,7.214029008287356,7.266196344352745,650400
2003-10-13,7.303462982177734,7.359356688297881,7.258747590845396,7.307189324016015,519600
2003-10-14,7.284831523895264,7.299736891761768,7.236390499783241,7.284831523895264,440600
2003-10-15,7.329544544219971,7.433879953331322,7.299734528863417,7.433879953331322,2073400
2003-10-16,7.355630397796631,7.359356739660919,7.2662003252348315,7.322094031745077,486400
2003-10-17,7.23638916015625,7.3779865750397144,7.217758164499216,7.333271901172063,689000
2003-10-20,7.3220930099487305,7.329545692637287,7.221483925834041,7.236389291211153,891000
2003-10-21,7.363082408905029,7.381713405797482,7.307188707500694,7.355629725857257,450400
2003-10-22,7.255021572113037,7.318367964730908,7.23266423081469,7.266200598125743,949200
2003-10-23,7.199127197265625,7.23266356147308,7.1357808105100995,7.173043516376938,1104400
2003-10-24,7.091067790985107,7.109698792913693,6.986732332294398,7.083615105922807,737600
2003-10-27,7.128327369689941,7.184221777914004,7.102243691573072,7.154411758533735,488600
2003-10-28,7.299736022949219,7.303462364472337,7.158137887978632,7.1618642295017505,702800
2003-10-29,7.310914993286133,7.33327233153202,7.2289369018395995,7.30346231029518,411200
2003-10-30,7.303462982177734,7.4003457377919375,7.292283956662891,7.377987686762252,982200
2003-10-31,7.310914993286133,7.366808694264334,7.296009627304229,7.351903328282431,1413200
2003-11-03,7.482322692871094,7.486049034493641,7.3705352871026255,7.3705352871026255,1227200
2003-11-04,7.418975830078125,7.471143187988097,7.389165809740005,7.452512191799378,886400
2003-11-05,7.4413299560546875,7.452508975379347,7.340721625039313,7.415246288357123,380600
2003-11-06,7.500953674316406,7.5121326991602935,7.404071635244016,7.48977536019951,836200
2003-11-07,7.4711432456970215,7.560574018129112,7.448785907952475,7.53076328683378,388600
2003-11-10,7.374258995056152,7.482320020608775,7.359353633889314,7.482320020608775,667000
2003-11-11,7.355630397796631,7.404072131305338,7.336999399202229,7.396619447576763,332000
2003-11-12,7.512133598327637,7.527038966570256,7.3854408111736785,7.396619837355643,607000
2003-11-13,7.448786735534668,7.489775784892801,7.400345713251718,7.433882078958003,892000
2003-11-14,7.348178863525391,7.489777033610035,7.329547862016588,7.452514319865279,704200
2003-11-17,7.247568607330322,7.318366963544052,7.176769540389624,7.251294238097808,1317800
2003-11-18,7.158137798309326,7.325819611114231,7.154412167559853,7.318366928161354,793600
2003-11-19,7.23638916015625,7.243841842709834,7.135780077863644,7.135780077863644,1254000
2003-11-20,7.124602794647217,7.281105597260894,7.124602794647217,7.154412818443773,704600
2003-11-21,7.1842193603515625,7.206576689681565,7.120873001644315,7.161861320294874,362600
2003-11-24,7.3668084144592285,7.374261097167114,7.2587466473757205,7.2811046954993754,1031800
2003-11-25,7.359357833862305,7.422704233519572,7.351905149025651,7.392894204900102,557200
2003-11-26,7.389161586761475,7.430150607823366,7.318362562398175,7.389161586761475,354400
2003-11-28,7.415250301361084,7.441333983174682,7.37426196310844,7.38171393596445,194200
2003-12-01,7.489771842956543,7.523308191012338,7.415246467115519,7.452509155036031,1013800
2003-12-02,7.456238746643066,7.527037813495573,7.4562387466430655,7.478596084854975,730800
2003-12-03,7.430155277252197,7.553121706988716,7.4189762524663365,7.523311684953408,531000
2003-12-04,7.523310661315918,7.523310661315918,7.396617907222194,7.415248901936669,486800
2003-12-05,7.389161586761475,7.482317935919197,7.381708908254487,7.448781593364294,746400
2003-12-08,7.40779447555542,7.426426176609852,7.329543463306974,7.359353474267342,644400
2003-12-09,7.247568607330322,7.471143411181844,7.236389582846958,7.445059731447631,725200
2003-12-10,7.288558483123779,7.322094852936522,7.221485743498293,7.288558483123778,1032400
2003-12-11,7.426425457000732,7.452509125222747,7.2773754166416085,7.299732745013813,732600
2003-12-12,7.43388032913208,7.44878498220041,7.370533954456238,7.445058641251611,405800
2003-12-15,7.340726375579834,7.564301220946041,7.333273691207067,7.564301220946041,1785200
2003-12-16,7.377985954284668,7.400344000064301,7.310913949126369,7.351902278268629,1575000
2003-12-17,7.3668084144592285,7.385439410502,7.314640346230975,7.385439410502,553200
2003-12-18,7.489771842956543,7.515855511282903,7.351900110868647,7.351900110868647,1358400
2003-12-19,7.463882923126221,7.542687491491881,7.418852354701255,7.516419540619321,2056600
2003-12-22,7.475142478942871,7.501410435282703,7.430111185397351,7.445121855161901,760600
2003-12-23,7.535179615020752,7.54268494580783,7.4863963964002265,7.493901011439565,1053000
2003-12-24,7.520173072814941,7.553945645146736,7.505162404446978,7.5351830254348435,1895200
2003-12-26,7.535179615020752,7.565200222421324,7.523921618840136,7.553942226240707,611200
2003-12-29,7.6702752113342285,7.6740278779534,7.542687409274272,7.550192742512616,1233800
2003-12-30,7.659014701843262,7.689035309211797,7.636499425253795,7.674025363401398,760000
2003-12-31,7.647758483886719,7.704047762070045,7.62524320206213,7.704047762070045,704000
2004-01-02,7.685283660888672,7.749077549457724,7.647757717774905,7.677778329116352,543600
2004-01-05,7.8729119300842285,7.891675257773745,7.7303142183827305,7.7303142183827305,1341200
2004-01-06,7.944209098815918,7.955467092531603,7.846641967189393,7.891673226304552,925800
2004-01-07,7.98173713684082,8.0004997489081,7.884169979445871,7.9742318057148,1021600
2004-01-08,8.139345169067383,8.146849784129675,8.011757408287798,8.086808569144898,3746400
2004-01-09,8.03052043914795,8.146850209790545,7.996747164485941,7.996747164485941,1046400
2004-01-12,8.154356956481934,8.158109622734434,7.974233270849305,8.06804777991812,877600
2004-01-13,8.0380277633667,8.17687356204242,7.989244529952392,8.1618628959162,2270400
2004-01-14,8.135595321655273,8.14310065506499,8.049286134687504,8.075554085873522,2025000
2004-01-15,8.169363975524902,8.221899848117479,8.083054837480645,8.116827387184742,694000
2004-01-16,8.274436950683594,8.278189615819114,8.180622469538665,8.195633130080745,1032600
2004-01-20,8.293203353881836,8.345739253779255,8.240666738236461,8.334481254194971,1430200
2004-01-21,8.229412078857422,8.274442660059439,8.161865491306212,8.225659411132556,1271400
2004-01-22,8.150601387023926,8.281941796087018,8.135591443108297,8.218147924013381,959400
2004-01-23,8.124332427978516,8.218146891848354,8.075549221695125,8.146847698897961,1321000
2004-01-26,8.274436950683594,8.285694946090153,8.124333924001247,8.161859859608755,7664200
2004-01-27,8.146851539611816,8.296955325165836,8.131841590505152,8.244418713922771,957000
2004-01-28,8.011758804321289,8.218150427326332,7.985490857656778,8.161861867938399,7795000
2004-01-29,7.970477104187012,8.068044236659581,7.87290997171444,8.019261028297091,1299000
2004-01-30,7.97422981262207,8.026765685877763,7.944209211369162,7.966724483371945,721800
2004-02-02,7.97422981262207,8.068044281005859,7.925446603991441,8.011755743125105,4168200
2004-02-03,7.985493183135986,8.015513804601802,7.947967227366697,7.947967227366697,1066200
2004-02-04,7.790356159210205,7.895428656789334,7.76408821375238,7.842892050125853,1374800
2004-02-05,7.801612377166748,7.846642926036988,7.760333777579304,7.790354382075353,597600
2004-02-06,7.966731071472168,7.966731071472168,7.797865318186115,7.797865318186115,1297800
2004-02-09,7.906686782836914,7.977986010797243,7.902934116549749,7.93670739738633,835400
2004-02-10,7.970477104187012,7.992992376066039,7.899177908197904,7.899177908197904,451000
2004-02-11,8.034271240234375,8.060539177598203,7.955467428142889,7.955467428142889,1346400
2004-02-12,7.959222316741943,8.06054215463559,7.959222316741943,7.985490979555311,675200
2004-02-13,7.910439491271973,8.0530372322045,7.884171542869764,8.000501335400083,2313200
2004-02-17,8.026769638061523,8.04553297042544,7.966728405992881,8.004254354972769,714400
2004-02-18,7.989243030548096,8.041778920634133,7.977985033066307,8.004252978109326,1474800
2004-02-19,7.869159698486328,8.090561967197358,7.865407032741487,8.086809301452517,1709600
2004-02-20,7.831638336181641,7.917947543649235,7.775349037987145,7.917947543649235,1117200
2004-02-23,7.726563453674316,7.880419199839928,7.674027554714725,7.846645917437921,2281400
2004-02-24,7.734067916870117,7.782851143882737,7.662768693622877,7.674026691740187,2182600
2004-02-25,7.794111728668213,7.812874349342706,7.741575102433053,7.74908043700209,1108400
2004-02-26,7.812873840332031,7.8579051290643545,7.737822646775563,7.782853219759834,870000
2004-02-27,7.771594524383545,7.861657093802674,7.737821955536358,7.84664642698349,713600
2004-03-01,7.8654069900512695,7.891675650122587,7.7753451599073005,7.782850491356249,1144600
2004-03-02,7.835388660430908,7.962976469205231,7.790358090127034,7.880419946482791,1041400
2004-03-03,7.797861099243164,7.842891656123574,7.764087823708959,7.805365714891368,826600
2004-03-04,7.8654069900512695,7.876664987224691,7.7941084885296705,7.801613819978618,799000
2004-03-05,7.805364608764648,7.9066844210088645,7.767839388598075,7.797859994179951,772800
2004-03-08,7.636500358581543,7.854149967541337,7.636500358581543,7.8091186931109755,1185200
2004-03-09,7.636500358581543,7.666520969619175,7.56520113896173,7.659015637922812,941200
2004-03-10,7.501404762268066,7.662765761465412,7.478889490396778,7.617734501975246,5181400
2004-03-11,7.418851375579834,7.5764597757624115,7.403840710920595,7.422604041744643,2429600
2004-03-12,7.565204620361328,7.568957287936435,7.475142745803235,7.516421373381252,568600
2004-03-15,7.422606945037842,7.542689446289517,7.4038436068746645,7.53143144339161,1413600
2004-03-16,7.467632293701172,7.501405562986943,7.381323145858719,7.4601269636937415,1763800
2004-03-17,7.561446189880371,7.58396146242299,7.486395042822436,7.542683582052789,2245200
2004-03-18,7.512665748596191,7.5351810294359876,7.433861192035095,7.497655084204411,771000
2004-03-19,7.411344528198242,7.5239216271376,7.4000865320052105,7.478891073860953,920200
2004-03-22,7.291263103485107,7.325036380971743,7.227469214426778,7.306273051397036,1256800
2004-03-23,7.280007362365723,7.377574559154149,7.234976788923717,7.3062753161649026,813800
2004-03-24,7.317529678344727,7.388828885876418,7.2537358012369415,7.280003741972905,1252200
2004-03-25,7.55018949508667,7.553941444344112,7.3963330928679705,7.418849082898609,1464800
2004-03-26,7.505162239074707,7.576461480755371,7.505162239074707,7.512667573093314,1742200
2004-03-29,7.602727890014648,7.640253836738389,7.553943944549415,7.610233222508977,806600
2004-03-30,7.61398458480835,7.625241865874053,7.527674707400543,7.5727059789066935,1252800
2004-03-31,7.565204620361328,7.6365038727920425,7.565204620361328,7.583967242488706,896600
2004-04-01,7.644007205963135,7.689037773574517,7.595223256011508,7.610233922380614,904800
2004-04-02,7.835388660430908,7.846646660880881,7.745326804075151,7.846646660880881,2958000
2004-04-05,7.902932167053223,7.917942828499053,7.820375676344355,7.820375676344355,885800
2004-04-06,7.820375442504883,7.8616540444988985,7.7866021710093625,7.7866021710093625,518000
2004-04-07,7.771594524383545,7.8241311425027025,7.707801337645978,7.8241311425027025,1432400
2004-04-08,7.7866010665893555,7.880415537271155,7.7415698057331435,7.880415537271155,685400
2004-04-12,7.805364608764648,7.82412793459563,7.786601998681362,7.816622604263237,538800
2004-04-13,7.707799434661865,7.83538649238493,7.696541437326972,7.824129210797849,1002800
2004-04-14,7.700292110443115,7.7453226566341735,7.651508183697238,7.681528786407152,529000
2004-04-15,7.610232830047607,7.734067946826216,7.538933606524206,7.692789335984059,1404800
2004-04-16,7.538929462432861,7.587712662818682,7.4976508742812245,7.55769206663953,616800
2004-04-19,7.625242233276367,7.628994899061674,7.520170454279038,7.527675070101838,522800
2004-04-20,7.460129737854004,7.6852847115704845,7.460129737854004,7.662769428923215,519000
2004-04-21,7.57271146774292,7.57271146774292,7.478896906875438,7.512670206047595,1048400
2004-04-22,7.6890363693237305,7.722809646738228,7.4976547025575195,7.4976547025575195,1570400
2004-04-23,7.790356159210205,7.805366107008462,7.7153042729754215,7.767840879638903,1009800
2004-04-26,7.696541786193848,7.809118901654399,7.681531122400257,7.779098289815062,426400
2004-04-27,7.674027919769287,7.767842438515865,7.655264586571186,7.704048537138274,536000
2004-04-28,7.5426836013793945,7.64775535067925,7.523920277756127,7.64775535067925,1476800
2004-04-29,7.430108547210693,7.56520166413201,7.35881003838922,7.520171102323488,944000
2004-04-30,7.276252746582031,7.452624473280679,7.276252746582031,7.41509852829706,1048800
2004-05-03,7.317529678344727,7.400086165764571,7.261241131660847,7.325035008768632,774000
2004-05-04,7.388828754425049,7.471385240376167,7.3212822133070015,7.351302818720835,1198000
2004-05-05,7.426355838775635,7.460128398810623,7.362561952935675,7.4000871786962845,1468200
2004-05-06,7.392583847045898,7.407593796807731,7.302521285483194,7.358810565396865,950800
2004-05-07,7.3550543785095215,7.475136782118235,7.3550543785095215,7.370064321086819,835000
2004-05-10,7.325033187866211,7.35505378635142,7.264991990895794,7.283754596543727,850600
2004-05-11,7.422606945037842,7.441369567452854,7.377575649194381,7.377575649194381,762800
2004-05-12,7.400091648101807,7.418854988062337,7.227473214954329,7.418854988062337,814800
2004-05-13,7.400091648101807,7.456380952235164,7.343803059716683,7.347555727708789,745000
2004-05-14,7.298769950866699,7.422605088782141,7.287511950784209,7.422605088782141,1345600
2004-05-17,7.219964027404785,7.272499919771982,7.159922803057174,7.216211361414578,1350200
2004-05-18,7.291263103485107,7.332541712801627,7.280005105740283,7.310025717311977,663200
2004-05-19,7.325033187866211,7.460125523175888,7.321280523587119,7.35505378635142,876400
2004-05-20,7.321280002593994,7.362558590979034,7.276248750196909,7.313774674569901,302600
2004-05-21,7.3437981605529785,7.377571434203015,7.298767606184767,7.370066103225728,359400
2004-05-24,7.3550543785095215,7.430105522891176,7.328786442188564,7.430105522891176,438800
2004-05-25,7.493900775909424,7.497653441185017,7.302519141340424,7.317529802442801,555800
2004-05-26,7.478893280029297,7.505161229813973,7.422604713955282,7.482645946533958,672400
2004-05-27,7.523924827575684,7.55769811477312,7.463883587168695,7.486399589132349,1904000
2004-05-28,7.561446189880371,7.56144618988037,7.497652321219941,7.505157650650017,564600
2004-06-01,7.508915424346924,7.542688714013625,7.441368845013521,7.471389467411911,499200
2004-06-02,7.508915424346924,7.542688714013625,7.460131465606978,7.508915424346924,1880400
2004-06-03,7.411344528198242,7.478891073860953,7.407591862800564,7.478891073860953,953800
2004-06-04,7.482645511627197,7.557696690114438,7.478892845340649,7.486398177913745,1043200
2004-06-07,7.655261993408203,7.666519989513502,7.523921568503989,7.523921568503989,2318200
2004-06-08,7.696541786193848,7.700294452142245,7.610232616624234,7.610232616624234,1117200
2004-06-09,7.610232830047607,7.692789335984059,7.6027274979403305,7.692789335984059,709200
2004-06-10,7.651512622833252,7.662770623786322,7.617739335722082,7.659017956801965,1713600
2004-06-14,7.546440124511719,7.62524397677811,7.520172173756255,7.5877180260926,828800
2004-06-15,7.659014701843262,7.704045970769934,7.606478817885261,7.613984148664329,1184000
2004-06-16,7.625242233276367,7.651510178025699,7.595221622741728,7.617736901705754,1427800
2004-06-17,7.538929462432861,7.617733258997835,7.523918806469549,7.617733258997835,451200
2004-06-18,7.553945541381836,7.613987498280862,7.50516230135219,7.50516230135219,670000
2004-06-21,7.520173072814941,7.613987602870529,7.5089150715389685,7.561450979330718,805800
2004-06-22,7.598972797393799,7.610230792540581,7.501405653364701,7.508910983462556,670600
2004-06-23,7.7040486335754395,7.71530591788724,7.591470780221542,7.6214913979663175,859200
2004-06-24,7.666520118713379,7.734066664988029,7.647756791555007,7.704046057282379,997800
2004-06-25,7.696541786193848,7.734067729929979,7.655263176509317,7.681531122400257,439000
2004-06-28,7.636500358581543,7.745324805187527,7.617737029340631,7.745324805187527,850400
2004-06-29,7.715301990509033,7.722807320061729,7.617734853566849,7.644003507001285,1281600
2004-06-30,7.767841815948486,7.794109764572561,7.696542587006056,7.707800586022625,684200
2004-07-01,7.625242233276367,7.749077341200229,7.557695680636477,7.749077341200229,973400
2004-07-02,7.5426836013793945,7.632745407528247,7.523920277756127,7.632745407528247,705200
2004-07-06,7.381324768066406,7.493901879928485,7.343798825529773,7.456376653139674,1693600
2004-07-07,7.430108547210693,7.463881826441022,7.362562704497909,7.362562704497909,414400
2004-07-08,7.30626916885376,7.41509427531401,7.30251650493298,7.351300420155663,551800
2004-07-09,7.366315841674805,7.40008912634648,7.3475532238563135,7.362563890709499,437400
2004-07-12,7.3550543785095215,7.370064321086819,7.280002518380284,7.317528448444903,2477200
2004-07-13,7.321280002593994,7.392579187327932,7.313774674569901,7.388826523315886,629800
2004-07-14,7.204954147338867,7.298768650737823,7.178685485158958,7.242479376100162,1674200
2004-07-15,7.167428016662598,7.2574898516965805,7.167428016662598,7.2049539601970505,502000
2004-07-16,7.092379570007324,7.234978081461211,7.077369614761128,7.227472745964019,915200
2004-07-19,7.1148881912231445,7.1636721104764405,7.062352323486534,7.081115644640692,1379600
2004-07-20,7.231221675872803,7.231221675872803,7.114891183042473,7.133654512086632,1004000
2004-07-21,7.122398853302002,7.347553865526899,7.111141567926992,7.3438011984858775,1276400
2004-07-22,7.197449684143066,7.234975633182246,7.084871837025529,7.103635169419092,1563200
2004-07-23,7.07361364364624,7.1674281463053475,7.066108311654027,7.1674281463053475,536400
2004-07-26,7.1148881912231445,7.144909505069799,7.051095046541556,7.103630914278167,915800
2004-07-27,7.182438373565674,7.216211653094807,7.107387197971509,7.133655145216861,1165200
2004-07-28,7.178683280944824,7.227467208551981,7.077364192352344,7.156168007451789,1913600
2004-07-29,7.280007362365723,7.31002798324308,7.223718787689185,7.223718787689185,1026600
2004-07-30,7.295014381408691,7.328787652469431,7.246230449544201,7.272498390203064,338600
2004-08-02,7.313778400421143,7.336293680215885,7.219963899570566,7.246231845289073,846000
2004-08-03,7.193696975708008,7.310026772877833,7.178686309880705,7.287511489884821,859200
2004-08-04,7.204954147338867,7.246232042125864,7.148664872701207,7.148664872701207,1572400
2004-08-05,7.096129417419434,7.238727872197971,7.088624084905216,7.238727872197971,702200
2004-08-06,6.882229328155518,7.047342989807703,6.882229328155518,7.017322389120722,963800
2004-08-09,6.9272637367248535,6.976047687404875,6.904748452582985,6.976047687404875,618800
2004-08-10,7.04734468460083,7.04734468460083,6.946024864510851,6.946024864510851,1663400
2004-08-11,6.870971202850342,6.953528389968495,6.818435331591564,6.953528389968495,813200
2004-08-12,6.735879421234131,6.810930569890682,6.702106153827014,6.777157302483565,5286000
2004-08-13,6.773407936096191,6.795923935830506,6.735882701368279,6.780913269340963,855800
2004-08-16,6.833446025848389,6.874724623950501,6.773404819016758,6.803425422432573,851200
2004-08-17,6.878479480743408,6.91975809199937,6.855964199943734,6.889737479017181,709200
2004-08-18,6.991057872772217,7.00982120664319,6.8221921624214685,6.8221921624214685,1697000
2004-08-19,6.968540668487549,7.013571941626646,6.927262061089027,6.987303997190424,860200
2004-08-20,7.002315044403076,7.036088325625914,6.961036430520071,6.961036430520071,473200
2004-08-23,7.0360894203186035,7.069862706795975,7.009821467669099,7.03233675340467,303000
2004-08-24,6.998560905456543,7.073612784770192,6.972292962421095,7.073612784770192,567000
2004-08-25,7.077365875244141,7.092375822559426,6.9610353837485865,6.9610353837485865,780600
2004-08-26,7.039841175079346,7.084871740715872,7.0360885086516465,7.043593841507046,575000
2004-08-27,7.069862365722656,7.0998829838378015,7.0435944143404035,7.0548516987910865,641000
2004-08-30,6.998560905456543,7.066107453689273,6.994808239916083,7.066107453689273,445200
2004-08-31,6.972293376922607,7.006066653046788,6.9047468246742465,7.006066653046788,1829200
2004-09-01,7.0248260498046875,7.054846646420403,6.946022252093741,6.968537520618657,1044600
2004-09-02,7.107385158538818,7.107385158538818,6.994807353829451,6.994807353829451,324200
2004-09-03,6.953533172607422,7.039842367823883,6.94602783848041,7.02483169956986,338600
2004-09-07,6.9835524559021,7.036088353233576,6.953531840891554,6.9610364578332495,572600
2004-09-08,6.991057872772217,7.039841825088746,6.972295254649246,6.979800588197635,447800
2004-09-09,7.096129417419434,7.122397365471295,6.998562241978305,7.024830190030166,536800
2004-09-10,7.216211318969727,7.22746931687413,7.073613590919856,7.103634202917084,585400
2004-09-13,7.249981880187988,7.313775746245443,7.2274666085640575,7.249981880187988,1092800
2004-09-14,7.280007362365723,7.2837600294439,7.223718787689185,7.234976788923717,360600
2004-09-15,7.163674831390381,7.223716050393569,7.1486641687656896,7.216210719081223,315600
2004-09-16,7.178683280944824,7.223714543678535,7.171178666945572,7.186188610691716,277400
2004-09-17,7.227468967437744,7.234974299011143,7.163675080559485,7.186190359531867,512800
2004-09-20,7.253736972808838,7.302520196947932,7.167427806237,7.167427806237,1062200
2004-09-21,7.280007362365723,7.317533317399435,7.253739408566543,7.253739408566543,479200
2004-09-22,7.159922122955322,7.242478619654503,7.152416791687819,7.208705344698523,388400
2004-09-23,7.178683280944824,7.208703884184752,7.144910728579091,7.1749313318190175,472000
2004-09-24,7.118645191192627,7.212459706860285,7.118645191192627,7.167429140158663,668000
2004-09-27,7.0548505783081055,7.1148918050023795,7.047345961782232,7.0848711916552425,2521600
2004-09-28,7.07361364364624,7.088623591882814,7.006067087212027,7.088623591882814,2060200
2004-09-29,7.148667335510254,7.156172670147343,7.062358134428058,7.062358134428058,2367200
2004-09-30,7.174933433532715,7.197448713621028,7.133654823580935,7.133654823580935,286200
2004-10-01,7.3550543785095215,7.377569650249259,7.216208651994707,7.216208651994707,1866000
2004-10-04,7.415099620819092,7.482646188592172,7.415099620819092,7.460130188835829,3342400
2004-10-05,7.467632293701172,7.482642953716032,7.40008575512963,7.430106359411686,695000
2004-10-06,7.516420364379883,7.516420364379883,7.415100500697609,7.433863120306301,1468800
2004-10-07,7.437615871429443,7.520173116435997,7.437615871429443,7.471389159705203,1162800
2004-10-08,7.332541465759277,7.448871242211818,7.3100254710282195,7.403839968497517,745800
2004-10-11,7.3550543785095215,7.370064321086819,7.317528448444903,7.3212811130261235,407000
2004-10-12,7.3362932205200195,7.34379855189726,7.249984056925148,7.264994719679628,573800
2004-10-13,7.310025691986084,7.43761346966071,7.295015744126159,7.43761346966071,392200
2004-10-14,7.253736972808838,7.343798805198732,7.249984306990782,7.343798805198732,379000
2004-10-15,7.298769950866699,7.355058519783174,7.261243999673052,7.291264617478372,497600
2004-10-18,7.373818874359131,7.381324205443947,7.253736439993136,7.253736439993136,480600
2004-10-19,7.373818874359131,7.478891362303259,7.366313543274314,7.411344814035446,5270200
2004-10-20,7.385080814361572,7.400090768798229,7.306276227387636,7.321286897572443,425600
2004-10-21,7.448868751525879,7.478889352048123,7.3700642278127555,7.4376107579246975,759200
2004-10-22,7.287509441375732,7.456375805725067,7.283756775973776,7.456375805725067,1303200
2004-10-25,7.276252746582031,7.321284023711947,7.261242798037304,7.276252746582031,878800
2004-10-26,7.291263103485107,7.31753104914186,7.2424791623387055,7.2724997739104,633800
2004-10-27,7.467632293701172,7.490147567975798,7.283756003005121,7.317529272290892,1832600
2004-10-28,7.486395359039307,7.527673241153039,7.411343493063657,7.411343493063657,1958400
2004-10-29,7.490148067474365,7.538932000028271,7.4488701811761135,7.5239213390123885,1629000
2004-11-01,7.55018949508667,7.56519943935943,7.486395621495192,7.523920840050926,780400
2004-11-02,7.561446189880371,7.640250717400953,7.531425587907675,7.568951519310446,1782400
2004-11-03,7.602727890014648,7.715305014437969,7.568954609538072,7.692789732702885,1917400
2004-11-04,7.6890363693237305,7.6965417011375825,7.568953923293442,7.598974534801014,1142800
2004-11-05,7.7565836906433105,7.786604305117462,7.70780046052828,7.767841689476582,9837800
2004-11-08,7.767841815948486,7.779099099217136,7.7303158683078435,7.760336483270774,928800
2004-11-09,7.7640886306762695,7.801614575808767,7.734068017719846,7.7378206838078825,1267200
2004-11-10,7.696541786193848,7.752830343924123,7.681531122400257,7.752830343924123,1371600
2004-11-11,7.794111728668213,7.80161706323725,7.681533857376956,7.681533857376956,1063000
2004-11-12,7.902932167053223,7.9029321670532235,7.775344407754598,7.88041689063221,788600
2004-11-15,7.9479660987854,8.015512666429148,7.89918214848804,7.985492049226146,5157600
2004-11-16,7.8879241943359375,7.906686810088524,7.846645580782751,7.854150913382951,1206000
2004-11-17,7.977986812591553,8.038028047724579,7.944213528360728,7.974234145927241,1380800
2004-11-18,8.008002281188965,8.019260273943258,7.944208420409675,7.947961084661107,1548200
2004-11-19,7.884175777435303,8.015516305736838,7.869165104144477,7.95547504407013,672200
2004-11-22,7.895431041717529,7.917946328089896,7.816626465792171,7.842894419184608,723800
2004-11-23,7.861656665802002,7.925450564814521,7.827883383045496,7.880419282556528,981000
2004-11-24,7.925449848175049,7.925449848175049,7.869160571505392,7.869160571505392,519000
2004-11-26,7.914191246032715,7.955469854909149,7.902933248407916,7.955469854909149,431000
2004-11-29,7.917943954467773,7.981737843188876,7.869160013579253,7.9367065681954605,1522000
2004-11-30,7.8729119300842285,7.92544853186711,7.8729119300842285,7.92544853186711,589800
2004-12-01,8.034271240234375,8.041776569694786,7.899178172937414,7.917941496588443,2342600
2004-12-02,8.056788444519043,8.13184032562196,8.004252557195672,8.12433499436211,1645800
2004-12-03,8.113077163696289,8.188128323967975,8.101819167569056,8.14684972058252,1582200
2004-12-06,8.146851539611816,8.176872869320936,8.068047696369062,8.068047696369062,702600
2004-12-07,8.0380277633667,8.210646129330506,8.026769763772034,8.17687356204242,1859800
2004-12-08,8.03052043914795,8.064293713809958,7.996747164485941,8.023015107945774,854400
2004-12-09,8.026769638061523,8.049285636898222,7.895429890253833,7.9817390718840135,1493000
2004-12-10,7.985493183135986,8.034276424612411,7.966729847377305,7.966729847377305,1041400
2004-12-13,8.079304695129395,8.086809310880021,8.01926347463754,8.068046697881744,1180600
2004-12-14,8.094318389892578,8.128091681524108,7.955473271627969,7.955473271627969,3396800
2004-12-15,8.094318389892578,8.14685430320912,8.056792430774419,8.105576392352468,997400
2004-12-16,8.060544967651367,8.131844217245753,8.015514390037742,8.068050302503012,1315800
2004-12-17,8.02150821685791,8.078914635032339,7.998546087559896,7.998546087559896,964400
2004-12-20,7.975581645965576,8.113355841715752,7.964100219668823,8.113355841715752,665200
2004-12-21,8.063600540161133,8.075081961924008,7.9985406100763665,8.029157004824937,3929800
2004-12-22,8.078912734985352,8.12100984047224,8.044469184162507,8.082739877293752,1267000
2004-12-23,8.098048210144043,8.113356780310689,8.063604657221891,8.094221067602382,2971800
2004-12-27,8.048297882080078,8.12101141013579,8.03298930988757,8.12101141013579,476200
2004-12-28,8.09039306640625,8.098047350677204,8.040641678550498,8.075085227817066,976400
2004-12-29,8.09039306640625,8.113355919219112,8.067430943546112,8.07125808568159,769800
2004-12-30,8.094220161437988,8.1171822841645,8.086565877211578,8.098047303551192,1085600
2004-12-31,8.078912734985352,8.12100984047224,8.071258450368552,8.094220574266195,978600
2005-01-03,8.010027885437012,8.151628540896438,7.998546455283695,8.140147840696084,2647800
2005-01-04,7.860766887664795,8.063600221116603,7.830149764175192,8.029156687143203,1529400
2005-01-05,7.833981037139893,7.937311693568384,7.833981037139893,7.864597446827655,1627000
2005-01-06,7.811018943786621,7.891387475760817,7.807191801316156,7.849289638538487,963400
2005-01-07,7.826328277587891,7.891388246030658,7.784230436256436,7.807192563367748,791200
2005-01-10,7.826328277587891,7.902868944609884,7.803365420523719,7.902868944609884,987600
2005-01-11,7.749785423278809,7.81484537948716,7.700034035567822,7.700034035567822,1467800
2005-01-12,7.791882038116455,7.803362732741282,7.707686384453811,7.749784211285133,5578800
2005-01-13,7.715342998504639,7.795711534922827,7.69238087236494,7.788057249558651,2369200
2005-01-14,7.738304615020752,7.768921024508313,7.707688205533191,7.707688205533191,8207000
2005-01-18,7.8224992752075195,7.8224992752075195,7.707687207037951,7.726822916709223,1050600
2005-01-19,7.657934188842773,7.8224976071612575,7.657934188842773,7.8224976071612575,2025000
2005-01-20,7.604356288909912,7.66941623328236,7.577566298913242,7.646453384713785,2012600
2005-01-21,7.550778865814209,7.654109519516343,7.5469517234601184,7.654109519516343,3038400
2005-01-24,7.48954439163208,7.577566456450488,7.474236555554038,7.558431478864784,1966200
2005-01-25,7.501028060913086,7.577568724114071,7.497200918260114,7.497200918260114,2121400
2005-01-26,7.577569484710693,7.5967051998962996,7.5201637990596675,7.5584344994779835,727200
2005-01-27,7.569916248321533,7.592878377561221,7.527818403088001,7.54312624593015,1442000
2005-01-28,7.569916248321533,7.6234947931984465,7.508683417047083,7.59670552075999,686400
2005-01-31,7.623491287231445,7.654107688788495,7.5775663199195735,7.5775663199195735,2628400
2005-02-01,7.6694183349609375,7.684726174915594,7.627320497668251,7.654109765053492,1404400
2005-02-02,7.673243522644043,7.707687069484958,7.638799975803129,7.654108543266945,928800
2005-02-03,7.623491287231445,7.669416254543316,7.585220602796984,7.665589113104611,1973400
2005-02-04,7.753612518310547,7.768920356762214,7.60818403827976,7.634974032987435,1695000
2005-02-07,7.730651378631592,7.784229914954171,7.722997093456135,7.753613504205153,1863400
2005-02-08,7.768919467926025,7.803363012942514,7.707686661219521,7.711513802882756,971600
2005-02-09,7.634974479675293,7.772747953611672,7.634974479675294,7.761267256589417,2332400
2005-02-10,7.650282859802246,7.677072128018189,7.600531465965898,7.634975019372913,824800
2005-02-11,7.723001956939697,7.742136951975602,7.589054801828552,7.589054801828552,1134600
2005-02-14,7.738304615020752,7.757440327170966,7.6847260809057145,7.6847260809057145,1926800
2005-02-15,7.776575088500977,7.82632720872571,7.707687986622274,7.707687986622274,2085200
2005-02-16,7.749785423278809,7.776574688196473,7.719169016236804,7.719169016236804,1080200
2005-02-17,7.623491287231445,7.757438317775762,7.623491287231444,7.726821916218712,919000
2005-02-18,7.608182430267334,7.661761678405827,7.608182430267334,7.61583671285177,695600
2005-02-22,7.566087245941162,7.669417897058156,7.520162268793804,7.520162268793804,1974800
2005-02-23,7.543123722076416,7.5928758370609275,7.501026620881079,7.546950863994662,2073200
2005-02-24,7.608182430267334,7.623490995436207,7.520160370404003,7.550776770789186,1755200
2005-02-25,7.657934188842773,7.677069164481073,7.596701390857179,7.615836366495478,1155000
2005-02-28,7.634974479675293,7.711515136317113,7.608184483400258,7.642628034372542,1688600
2005-03-01,7.726822376251221,7.742130212964834,7.669416711158059,7.692378831204796,1192800
2005-03-02,7.707690715789795,7.765097140983898,7.654112164225184,7.684728583683964,902800
2005-03-03,7.650282859802246,7.730651394402885,7.619666448990768,7.6962078409958705,804600
2005-03-04,7.7000322341918945,7.738302186576835,7.615836587058901,7.615836587058901,1489600
2005-03-07,7.7574381828308105,7.822498126251863,7.654107555641038,7.654107555641038,1081600
2005-03-08,7.692376136779785,7.803360286424891,7.692376136779785,7.730646810087621,1477200
2005-03-09,7.677070617675781,7.745957710937364,7.615837808099412,7.615837808099412,1192800
2005-03-10,7.711514949798584,7.719169234263459,7.627320010543179,7.654109276217501,1145000
2005-03-11,7.612014293670654,7.749788545848482,7.592879305291741,7.657939287714269,1131400
2005-03-14,7.642627239227295,7.650281523080947,7.577567286376621,7.612010833765371,1297400
2005-03-15,7.566087245941162,7.684725736138777,7.566087245941162,7.642627901249761,657600
2005-03-16,7.48954439163208,7.577566456450488,7.466582272538714,7.558431478864784,1133600
2005-03-17,7.485719680786133,7.52399037833689,7.462757554236815,7.478066125238255,673600
2005-03-18,7.443620681762695,7.508680632105422,7.416830689307619,7.46275566070652,2694600
2005-03-21,7.443620681762695,7.485717781429643,7.405349993922386,7.447447093589335,1698200
2005-03-22,7.378561973571777,7.4818918991973415,7.359426261453873,7.4436219348670924,3089200
2005-03-23,7.409180164337158,7.4474501378683495,7.309676627259561,7.309676627259561,1324600
2005-03-24,7.413005352020264,7.485718866508988,7.386215355681891,7.386215355681891,901000
2005-03-28,7.420658588409424,7.504854256241304,7.420658588409423,7.420658588409423,1290000
2005-03-29,7.363251686096191,7.455100892976189,7.34794384992583,7.367078827626934,1471600
2005-03-30,7.474236011505127,7.493370987697998,7.3747325294065815,7.3747325294065815,1858800
2005-03-31,7.485719680786133,7.52016323558653,7.455103268736096,7.474238982487895,1091200
2005-04-01,7.420658588409424,7.539297805817485,7.405350749682638,7.462756422325364,847800
2005-04-04,7.447445869445801,7.470408716347155,7.382386659749572,7.40534877669839,1927200
2005-04-05,7.462754249572754,7.493370648065207,7.455099967461511,7.474235672739618,1091000
2005-04-06,7.451275825500488,7.523990074919318,7.447448682904465,7.497200806699963,906400
2005-04-07,7.550778865814209,7.554606008168299,7.458929639174345,7.458929639174345,1317200
2005-04-08,7.497199058532715,7.569913290996328,7.485717633421837,7.562259007589075,852600
2005-04-11,7.455101490020752,7.531642866860232,7.447447206346271,7.531642866860232,1434000
2005-04-12,7.501028060913086,7.5086823462190315,7.370908130523307,7.447448793724291,1070200
2005-04-13,7.393869876861572,7.485719105958593,7.36708060961904,7.470411266085482,1576000
2005-04-14,7.290541648864746,7.3823916385096595,7.282888091355193,7.3632559198532075,1327200
2005-04-15,7.068567752838135,7.21016905754621,7.064740611634939,7.198687633936621,2733000
2005-04-18,7.076223373413086,7.13745618433873,7.068569089559209,7.099185495022032,4085000
2005-04-19,7.164243221282959,7.179551784232929,7.118318992337965,7.164243221282959,1412600
2005-04-20,7.099188804626465,7.25227163325967,7.0723995286015615,7.25227163325967,1590400
2005-04-21,7.290541648864746,7.294368792596036,7.137459549378271,7.137459549378271,2932600
2005-04-22,7.202515125274658,7.267575068986651,7.152763747119643,7.233131526436032,1300800
2005-04-25,7.252267837524414,7.290537794699731,7.225477845567991,7.240786412400233,1544200
2005-04-26,7.202515125274658,7.309672894315758,7.194860842496168,7.225477243657543,1077000
2005-04-27,7.229307174682617,7.263750730524272,7.156593650086116,7.156593650086116,853400
2005-04-28,7.156591892242432,7.240786824756658,7.156591892242432,7.198688993523203,721000
2005-04-29,7.221653461456299,7.244615588199158,7.129803494579166,7.229307017068686,847400
2005-05-02,7.213996887207031,7.282883975533612,7.19486117936486,7.256093984554574,512400
2005-05-03,7.263749122619629,7.290538386799092,7.210170594260703,7.210170594260703,570000
2005-05-04,7.313502788543701,7.344119201229245,7.252269963172614,7.2828863758581575,831000
2005-05-05,7.302021026611328,7.355599563876179,7.275231757978902,7.313502454576435,1447200
2005-05-06,7.321156978607178,7.347946980737053,7.309676279075865,7.328811264929999,701600
2005-05-09,7.351768970489502,7.363250393065524,7.2905361766556815,7.3402882778659615,543200
2005-05-10,7.275234222412109,7.336467065729217,7.252272088656462,7.332639921777764,691400
2005-05-11,7.309674263000488,7.332636385682868,7.2139979002124,7.275230714000559,3711000
2005-05-12,7.317330837249756,7.386217226855633,7.290540834124586,7.324984393903999,602400
2005-05-13,7.409180164337158,7.4474501378683495,7.3326387573688665,7.363255174165593,3716000
2005-05-16,7.478063106536865,7.48188951778976,7.390040318716803,7.4206567184077885,1432400
2005-05-17,7.504855632781982,7.523990617188387,7.4130063937160875,7.458930648272602,841400
2005-05-18,7.612014293670654,7.63497715566897,7.508684334490301,7.508684334490301,2766600
2005-05-19,7.654109477996826,7.669418047330146,7.61201164228296,7.638800908663507,1719800
2005-05-20,7.665589332580566,7.688551451917642,7.619664363953802,7.619664363953802,940800
2005-05-23,7.692376136779785,7.722992529435578,7.669414024776036,7.684721856127743,2038200
2005-05-24,7.730651378631592,7.734477791266509,7.65793712937037,7.6770721123562025,1684600
2005-05-25,7.696208953857422,7.7115167965002485,7.6541111091720415,7.7115167965002485,1371200
2005-05-26,7.7842278480529785,7.795709272767568,7.734475737575709,7.734475737575709,1561400
2005-05-27,7.772747039794922,7.807190586717791,7.745957776622174,7.807190586717791,895000
2005-05-31,7.723001956939697,7.780407672000682,7.723001956939697,7.780407672000682,943000
2005-06-01,7.799536228179932,7.826326221048472,7.715341297593952,7.730649864947403,1676800
2005-06-02,7.833981037139893,7.833981037139893,7.719169683298981,7.7918839300397105,918800
2005-06-03,7.749785423278809,7.822499663735842,7.7344768547814455,7.818672521611501,1169800
2005-06-06,7.738304615020752,7.768921024508313,7.700034650625886,7.768921024508313,3478000
2005-06-07,7.707690715789795,7.818675692548508,7.7038635721133195,7.753615709954474,2060400
2005-06-08,7.723001956939697,7.765099821962613,7.700039816905957,7.7612726769647775,1197400
2005-06-09,7.761267185211182,7.780402166707468,7.68855294161034,7.749785758341758,3505400
2005-06-10,7.7191691398620605,7.765094116136934,7.673244163587187,7.765094116136934,905000
2005-06-13,7.749785423278809,7.791883256693837,7.69237975131914,7.69237975131914,1469400
2005-06-14,7.703857421875,7.7689173525295905,7.696203870585147,7.745955238755157,1080400
2005-06-15,7.749785423278809,7.7650939917761725,7.646454775779771,7.761266849651832,998000
2005-06-16,7.765090465545654,7.784225437525192,7.726819791634188,7.749781904000112,1186200
2005-06-17,7.768919467926025,7.818671579595458,7.74978448956248,7.818671579595458,1151200
2005-06-20,7.7574381828308105,7.807189560763343,7.70385893357357,7.745956758714421,1397200
2005-06-21,7.791882038116455,7.803362732741282,7.749784211285133,7.776573472013207,1425800
2005-06-22,7.807192325592041,7.837808737458957,7.772748770997655,7.79571162736247,1486600
2005-06-23,7.7459611892700195,7.883735437660866,7.7459611892700195,7.807194026343064,1734600
2005-06-24,7.650282859802246,7.761267805214364,7.634975019372913,7.761267805214364,1546400
2005-06-27,7.589051246643066,7.657938364426529,7.57756981702818,7.619667662329835,2275400
2005-06-28,7.6847243309021,7.696205755577621,7.615837242754202,7.6234915258712155,1116400
2005-06-29,7.696208953857422,7.726825369095993,7.673246094963805,7.692381810708485,1177400
2005-06-30,7.623491287231445,7.719167633341301,7.6081827214766236,7.715340491902595,1650800
2005-07-01,7.642627239227295,7.684725070469696,7.623492259545849,7.669417232715077,1481800
2005-07-05,7.692376136779785,7.715338248783535,7.592872678160364,7.592872678160364,1272600
2005-07-06,7.673243522644043,7.745957758191828,7.673243522644043,7.680897806375952,1080600
2005-07-07,7.688551425933838,7.703859262122617,7.585220794337289,7.5967022189433315,2298600
2005-07-08,7.826328277587891,7.83015469047906,7.680899769326243,7.700035483546386,2544400
2005-07-11,7.90669584274292,7.90669584274292,7.8301544481370104,7.845463019039327,1587200
2005-07-12,7.948793888092041,7.9794103007346715,7.883733919982345,7.9794103007346715,1242200
2005-07-13,7.9832377433776855,8.006199871233811,7.948794186617057,7.971756314473182,1377200
2005-07-14,8.052124977111816,8.078914248336055,8.021507832909379,8.055951390184227,2943800
2005-07-15,8.048297882080078,8.071260010415939,8.017681467647963,8.063605724319686,2910600
2005-07-18,8.002374649047852,8.075088922990632,7.987066803453774,8.06360749133028,2811800
2005-07-19,8.12100887298584,8.136317440395674,8.04829536764714,8.0942196099713,3799800
2005-07-20,8.094220161437988,8.12483656839091,7.990889514239609,8.02150592119253,2700400
2005-07-21,8.040643692016602,8.105703664705999,8.025335119641259,8.09422223542449,3232000
2005-07-22,8.02150821685791,8.067433205406866,7.998546087559896,8.059778918989887,2046600
2005-07-25,7.979410171508789,8.067432265186735,7.979410171508789,8.021507281990113,1493800
2005-07-26,8.040643692016602,8.059778677532874,8.010027277218821,8.055951534439039,1601400
2005-07-27,8.094220161437988,8.14014513684373,8.01385236691884,8.071258038711477,1823600
2005-07-28,8.098048210144043,8.109529637769027,8.05977751468023,8.094221067602382,3899200
2005-07-29,8.055948257446289,8.13248962828175,8.044467562787798,8.124835345207682,3616400
2005-08-01,8.05978012084961,8.090396541130069,8.036817988127526,8.086569397350882,1932800
2005-08-02,8.140143394470215,8.163105512281751,8.059774887200986,8.063602028495003,2161600
2005-08-03,8.1937255859375,8.20137987195696,8.105703486572398,8.14014704370707,2441400
2005-08-04,8.117181777954102,8.178415317993966,8.098046798534106,8.159279608621299,2102400
2005-08-05,8.098048210144043,8.132491763066195,8.067431799763552,8.113356780310689,2127800
2005-08-08,8.032986640930176,8.117181570156529,8.029159499153616,8.07508447051968,2301800
2005-08-09,8.094220161437988,8.13249085261732,8.067430896598273,8.067430896598273,1284400
2005-08-10,8.002374649047852,8.147803196933413,7.987066803453774,8.109532488018631,2003400
2005-08-11,8.063600540161133,8.071254821336382,7.994713469488742,8.010022031839242,1652200
2005-08-12,7.956445217132568,7.990888029847858,7.7459568197230455,7.791881786597741,3060200
2005-08-15,7.998546123504639,8.03298968258291,7.941140435025163,7.948794721476542,1876000
2005-08-16,7.921999454498291,7.998540071237175,7.906690893179086,7.998540071237175,1094400
2005-08-17,7.990890026092529,8.029160719723274,7.9411386353395,7.9411386353395,2953600
2005-08-18,7.937307357788086,7.998540143714998,7.937307357788086,7.971750891116023,3174600
2005-08-19,7.944967746734619,7.9908920065109115,7.944967746734619,7.971757019929615,994000
2005-08-22,7.960270404815674,8.029157479561118,7.929654008256862,7.941135430698594,1858400
2005-08-23,7.956445217132568,7.998542312652405,7.933482368718929,7.960271628582257,2616000
2005-08-24,7.90669584274292,8.025334347424526,7.902868700017341,7.948793682771453,2100000
2005-08-25,7.910521984100342,7.941138392076502,7.910521984100342,7.92582982311205,1545600
2005-08-26,7.883729457855225,8.036811434425216,7.868420895222004,8.036811434425216,3208000
2005-08-29,7.937307357788086,7.960269470022581,7.845458178897716,7.876074571861173,922800
2005-08-30,7.937307357788086,7.937307357788086,7.868420291132211,7.8952095437311876,1775600
2005-08-31,7.979410171508789,7.998545155368223,7.902868776165366,7.910523061690278,1711400
2005-09-01,7.960270404815674,7.998541083002306,7.941135430698594,7.983233249699137,933000
2005-09-02,7.937307357788086,7.994713003350518,7.925825936694644,7.971750891116023,988000
2005-09-06,8.029156684875488,8.044465246615966,7.956443206465422,7.964096757383261,1359400
2005-09-07,8.029156684875488,8.040638106180847,7.9411346447249445,7.9411346447249445,4556000
2005-09-08,8.048297882080078,8.075087153464066,8.013854324599835,8.036816452935698,980200
2005-09-09,8.055948257446289,8.086564659789952,8.032986138176694,8.059775398983323,2782000
2005-09-12,8.075081825256348,8.105698219486747,8.055946122642087,8.059773263164939,1168400
2005-09-13,8.082738876342773,8.124835976616437,8.052122471619805,8.098046713727923,2110400
2005-09-14,7.998546123504639,8.098049657513764,7.998546123504639,8.082741814563938,3189400
2005-09-15,7.979410171508789,8.032988710277479,7.960274457696512,8.013853726418045,2218800
2005-09-16,8.029156684875488,8.040638106180847,7.979405319123738,8.01767599352253,2218000
2005-09-19,7.964099884033203,8.025332695129887,7.9449649042977475,8.025332695129887,2378400
2005-09-20,7.933485984802246,8.052125232490738,7.922005285315107,7.9832381157562375,1874000
2005-09-21,7.837808132171631,7.918176663336221,7.830153847307807,7.9143495209043095,1541400
2005-09-22,7.868419647216797,7.883728207421935,7.791879036048082,7.814841146403463,2168600
2005-09-23,7.872251510620117,7.895213634752777,7.814845835312086,7.841635101792316,1335600
2005-09-26,7.860766887664795,7.941134646967798,7.833976904611393,7.910518253430596,1636400
2005-09-27,7.833981037139893,7.87607887419286,7.811018912362267,7.872251731737792,1860200
2005-09-28,7.883729457855225,7.902864431194307,7.8339773592497,7.856940203199531,1955800
2005-09-29,7.944967746734619,7.967929876622765,7.83398278069484,7.872253483810383,1854600
2005-09-30,7.998546123504639,8.002373266730327,7.941140435025163,7.952621864702231,1342000
2005-10-03,7.987064361572266,8.052124327850725,7.979410076138839,7.979410076138839,2112600
2005-10-04,7.914346218109131,8.025330382507821,7.9066919364395725,8.006195408286402,1570200
2005-10-05,7.803361415863037,7.9181734524041385,7.795707864055619,7.9181734524041385,3649200
2005-10-06,7.715342998504639,7.83015435915596,7.665591603543153,7.791884392240739,2504400
2005-10-07,7.7344770431518555,7.776574877592161,7.719169204234397,7.730650630887046,1952800
2005-10-10,7.680898189544678,7.761266712833629,7.673243905430928,7.722996022217591,1885000
2005-10-11,7.623491287231445,7.707686209025185,7.6081827214766236,7.67324266602943,1714800
2005-10-12,7.573740005493164,7.646453503902634,7.462755092206183,7.462755092206183,4102000
2005-10-13,7.627319812774658,7.650281935621159,7.55460557214923,7.558432714282434,5529600
2005-10-14,7.657934188842773,7.669415612197271,7.596701390857179,7.6464527654882755,1950200
2005-10-17,7.650282859802246,7.673244985422652,7.612012163799695,7.665591430184392,2850600
2005-10-18,7.634974479675293,7.669418030647578,7.627320195025283,7.661763745997568,2856600
2005-10-19,7.730651378631592,7.730651378631592,7.546952184184672,7.546952184184672,4312400
2005-10-20,7.673243522644043,7.780401305032743,7.646454259535036,7.734476332593965,3020000
2005-10-21,7.7191691398620605,7.765094116136934,7.669417751354287,7.669417751354287,903600
2005-10-24,7.818676471710205,7.818676471710205,7.711518627949268,7.795714337316109,1982800
2005-10-25,7.765090465545654,7.8454582238025825,7.692376258109108,7.8454582238025825,1999400
2005-10-26,7.7459611892700195,7.837810444879585,7.7459611892700195,7.761269763514779,1975800
2005-10-27,7.661764621734619,7.761268143699686,7.661764621734618,7.7574410009372405,1965000
2005-10-28,7.7344770431518555,7.7421313275869545,7.638800677571337,7.692379938664291,2169000
2005-10-31,7.814844131469727,7.860769099674955,7.745957044138186,7.753611327164492,1963000
2005-11-01,7.799536228179932,7.818671937371747,7.776574107102422,7.799536228179932,3015400
2005-11-02,7.887560844421387,7.906695828060913,7.7612680545231365,7.768921610007246,1356400
2005-11-03,7.960270404815674,7.979406108885226,7.9181733157676035,7.941135430698594,2678400
2005-11-04,7.994716167449951,7.998543309329114,7.922002661603881,7.9602726204901595,1935000
2005-11-07,8.010027885437012,8.036817159175122,7.967930038161146,8.01768217220589,2171400
2005-11-08,8.013849258422852,8.04063851287127,7.960270019573578,7.960270019573578,1776600
2005-11-09,8.006193161010742,8.04063668890325,7.979403912639297,7.990884601968618,1887600
2005-11-10,8.075081825256348,8.075081825256348,7.964096939950888,8.021502587888836,2278600
2005-11-11,8.094220161437988,8.113355872004014,8.075085180824683,8.094220161437988,1777600
2005-11-14,8.101872444152832,8.132488843542184,8.07125604476348,8.113353867656041,7584200
2005-11-15,8.075081825256348,8.197547402177946,8.0482925715488,8.197547402177946,5602400
2005-11-16,8.105698585510254,8.105698585510254,8.036811512893065,8.036811512893065,2356600
2005-11-17,8.20138168334961,8.209035971059627,8.113359564543561,8.113359564543561,9564000
2005-11-18,8.247305870056152,8.285576578283594,8.209035891781756,8.266441589146396,2480000
2005-11-21,8.243476867675781,8.254957565571853,8.05595052924134,8.247303280339262,2490600
2005-11-22,8.297053337097168,8.320015457120867,8.224339105410712,8.228166247073434,2615600
2005-11-23,8.342975616455078,8.38890057566225,8.300878527963672,8.320013501827724,4545400
2005-11-25,8.365942001342773,8.419520534797506,8.342979147045511,8.381249840921509,1202000
2005-11-28,8.335322380065918,8.396555174689246,8.335322380065918,8.388900892873206,2189800
2005-11-29,8.335322380065918,8.404208726552794,8.32766809824988,8.342975931929466,3807800
2005-11-30,8.308531761169434,8.373591691747675,8.304705350505214,8.320013183019395,2791400
2005-12-01,8.434829711914062,8.453964695254024,8.362115461307129,8.381250444647089,4256600
2005-12-02,8.427178382873535,8.473102650980927,8.415696950870148,8.427178382873535,5787600
2005-12-05,8.385076522827148,8.434828641119575,8.354460115398243,8.434828641119575,4013200
2005-12-06,8.396560668945312,8.473101347332316,8.396560668945312,8.427177086290706,2684200
2005-12-07,8.38124942779541,8.431001546367671,8.350633020194302,8.423347261979211,3021400
2005-12-08,8.320015907287598,8.392730142908364,8.270264522885602,8.38890300103857,2264400
2005-12-09,8.350628852844238,8.36976455426579,8.297050348768634,8.320012460522126,2272200
2005-12-12,8.373594284057617,8.400384276667879,8.34297787959855,8.392729993064947,1893600
2005-12-13,8.346802711486816,8.388900529700035,8.323840596985269,8.35828413371382,2075800
2005-12-14,8.358284950256348,8.377419925884906,8.30853284569805,8.362112091372566,2581200
2005-12-15,8.323843002319336,8.36976797454579,8.304708023030704,8.36976797454579,1973400
2005-12-16,8.311515808105469,8.361608805230992,8.299956451041144,8.361608805230992,2159000
2005-12-19,8.21133041381836,8.307662307525604,8.195917693001292,8.303808943582832,3899000
2005-12-20,8.180500030517578,8.21903291517626,8.16123395566506,8.199766840323742,2371400
2005-12-21,8.188206672668457,8.242152269679696,8.168940598008339,8.207472747328575,1966200
2005-12-22,8.226737976074219,8.253710769396687,8.188205099204907,8.253710769396687,2098000
2005-12-23,8.242154121398926,8.27298028875284,8.222888042410403,8.242154121398926,1482200
2005-12-27,8.172796249389648,8.28454158164082,8.165090257646117,8.265275499851127,2966400
2005-12-28,8.153529167175293,8.195915423856587,8.141969078547534,8.192062060980668,1814400
2005-12-29,8.107290267944336,8.18435532046222,8.10343690507537,8.16894260394017,3287400
2005-12-30,8.053342819213867,8.08802234532875,8.041783467144718,8.08802234532875,2059800
2006-01-03,8.21133041381836,8.22674386958945,8.03022671823219,8.091879071408503,5416600
2006-01-04,8.307662010192871,8.307662010192871,8.211330119933363,8.226743575152803,5459200
2006-01-05,8.34619426727295,8.357754357792752,8.272981830555414,8.272981830555414,2564400
2006-01-06,8.477208137512207,8.484914866753487,8.377022862238018,8.400142315007708,9017400
2006-01-09,8.504176139831543,8.51188286470927,8.446377173156064,8.484910062590963,4916600
2006-01-10,8.496472358703613,8.504179086251469,8.446380099550531,8.461792819692253,4844800
2006-01-11,8.577386856079102,8.59665292950082,8.504174454160108,8.515734539185292,4685000
2006-01-12,8.531146049499512,8.596651718843288,8.519586701055808,8.585092370399584,3250800
2006-01-13,8.527297019958496,8.554270561586964,8.488764858968407,8.53885710922784,2902200
2006-01-17,8.442521095275879,8.716103860810495,8.411694940633591,8.716103860810495,4761200
2006-01-18,8.34233570098877,8.369308493759194,8.27297667103426,8.276830032137674,8722200
2006-01-19,8.415545463562012,8.45407832760745,8.350039815170742,8.39242603911605,7723400
2006-01-20,8.195913314819336,8.40013635001404,8.180499867281968,8.373163551777278,6537200
2006-01-23,8.165090560913086,8.230596270366524,8.157383833929401,8.222889543382841,3652400
2006-01-24,8.192062377929688,8.25756807944708,8.184355651879677,8.203622467004703,4566800
2006-01-25,8.219034194946289,8.230594282629987,8.15738186387409,8.226740920068755,3708800
2006-01-26,8.272979736328125,8.299953274046231,8.226740855861735,8.261420383688403,4260400
2006-01-27,8.365453720092773,8.41169331057241,8.319214864566495,8.361601094593382,4760200
2006-01-30,8.39242935180664,8.411695423957509,8.353896472551362,8.365455821860467,7540800
2006-01-31,8.323075294494629,8.396287735375527,8.323075294494629,8.392434371649797,2206800
2006-02-01,8.373167037963867,8.39243385540736,8.276835155608222,8.276835155608222,6163800
2006-02-02,8.257569313049316,8.373167281253314,8.253715949448654,8.353901198203967,4836400
2006-02-03,8.199769973754883,8.246008865051952,8.188209883453652,8.219036055969674,3067800
2006-02-06,8.17664909362793,8.21518198971489,8.13811693249483,8.195915909148342,2963200
2006-02-07,8.153529167175293,8.203622149608426,8.138116450625436,8.149675804299374,7051000
2006-02-08,8.311515808105469,8.323075900123829,8.184357735719653,8.188211099725773,3871400
2006-02-09,8.272979736328125,8.377018319808133,8.269126373796967,8.330779439341743,2608400
2006-02-10,8.338484764099121,8.34233812632281,8.222886837203276,8.272979076203823,4046000
2006-02-13,8.261421203613281,8.31536681449595,8.230595035258352,8.284540646141021,3745600
2006-02-14,8.373167037963867,8.400139847430818,8.265275800096063,8.28068851909692,3486600
2006-02-15,8.41940689086914,8.430966246691577,8.365460535533266,8.373167262717528,4090800
2006-02-16,8.496472358703613,8.511885813799326,8.442526735776603,8.46564618346618,3170400
2006-02-17,8.450233459472656,8.477206270923865,8.430966640611798,8.477206270923865,2311000
2006-02-21,8.357755661010742,8.442527466512537,8.330782847212628,8.427114745036782,4018200
2006-02-22,8.400135040283203,8.427108569267942,8.319216658189534,8.346189452220758,3358800
2006-02-23,8.357755661010742,8.419408016821876,8.350048932795836,8.369315018379046,3354400
2006-02-24,8.361607551574707,8.373166906905936,8.323074652244783,8.361607551574707,2996000
2006-02-27,8.438671112060547,8.461790553558556,8.353899336598648,8.353899336598648,5171400
2006-02-28,8.34233570098877,8.438667523713706,8.33462897878194,8.43481416261029,3014800
2006-03-01,8.508030891418457,8.538857061008768,8.38472621305721,8.38472621305721,3393400
2006-03-02,8.527297019958496,8.546563835407401,8.469498043519502,8.473351406609284,2490800
2006-03-03,8.477208137512207,8.561979954303833,8.430968497018677,8.430968497018677,3699600
2006-03-06,8.442521095275879,8.54270628160169,8.419401663032538,8.527292836803795,5595600
2006-03-07,8.388577461242676,8.41555026096473,8.334631126844894,8.392430823339208,2635000
2006-03-08,8.38087272644043,8.427112347621172,8.326927114191102,8.384726089451647,2818600
2006-03-09,8.330777168273926,8.454081795841681,8.330777168273926,8.427109000430429,2857200
2006-03-10,8.369311332702637,8.415550946675019,8.311512366452458,8.34619189319331,5768000
2006-03-13,8.400135040283203,8.442521279448563,8.373162246251981,8.411695124133805,3341800
2006-03-14,8.496472358703613,8.504179086251469,8.37702102152781,8.388581112849593,3509600
2006-03-15,8.546561241149902,8.565827315796845,8.48490892033532,8.48490892033532,1738000
2006-03-16,8.492619514465332,8.59280403023028,8.481059423436774,8.565831219450951,3904200
2006-03-17,8.519588470458984,8.54656126903416,8.481055586085741,8.500321660795544,1845400
2006-03-20,8.535003662109375,8.546563751264907,8.508030855700321,8.531150299057531,888600
2006-03-21,8.500323295593262,8.63133468668645,8.484910579851947,8.531149462029672,3823000
2006-03-22,8.504176139831543,8.515736227148134,8.415551008598893,8.438670448278337,2426400
2006-03-23,8.48491096496582,8.515737132801371,8.446378071432928,8.492617690663161,1829800
2006-03-24,8.511885643005371,8.535005090231047,8.461792649903431,8.488766195779693,3206000
2006-03-27,8.523443222045898,8.554269387579634,8.477203606268416,8.477203606268416,1480400
2006-03-28,8.427114486694336,8.550419194536564,8.419407758715689,8.477206748647479,1454000
2006-03-29,8.554269790649414,8.592801948166864,8.442524475978184,8.4579379269482,2189800
2006-03-30,8.5812406539917,8.642892974019677,8.546561132106758,8.588947377733604,4259600
2006-03-31,8.531146049499512,8.60821180224048,8.531146049499512,8.604358441108083,3247000
2006-04-03,8.5812406539917,8.650599697761582,8.558120482765986,8.588947377733604,6607600
2006-04-04,8.612065315246582,8.627478025094486,8.558118993395167,8.57353243819657,3987200
2006-04-05,8.685280799865723,8.689133427484002,8.6159217434765,8.631334458810905,5473600
2006-04-06,8.677578926086426,8.716111838395632,8.631339284324543,8.658312102454735,3302800
2006-04-07,8.577386856079102,8.716104936566968,8.577386856079102,8.673718693094878,3346400
2006-04-10,8.56583023071289,8.608216491304395,8.54656414950978,8.577390320407089,2341200
2006-04-11,8.488765716552734,8.604363681109099,8.469498899157385,8.588950962146754,4942400
2006-04-12,8.504176139831543,8.527295579510987,8.481056700152099,8.500322777392679,5234000
2006-04-13,8.515734672546387,8.604359787599957,8.484908513616729,8.604359787599957,1794600
2006-04-17,8.423258781433105,8.542710092084132,8.39628597595905,8.511883923691808,5201800
2006-04-18,8.592795372009277,8.600502091596251,8.442518014829453,8.477197518017602,1703000
2006-04-19,8.585092544555664,8.608211976865558,8.523440235093615,8.573532460923968,2348400
2006-04-20,8.592795372009277,8.658301018592088,8.561969228614615,8.58123602758205,4032000
2006-04-21,8.500323295593262,8.619775333618911,8.477203854504399,8.604361882923815,2783200
2006-04-24,8.488765716552734,8.508031798994152,8.442526089757829,8.481058989594594,1183400
2006-04-25,8.48491096496582,8.515737132801371,8.430964620038244,8.48876432781449,4229000
2006-04-26,8.515734672546387,8.535000746269823,8.477201790145912,8.515734672546387,4900600
2006-04-27,8.600512504577637,8.62748532083587,8.461794323873443,8.461794323873443,5294800
2006-04-28,8.41940689086914,8.51573877581054,8.403993436500619,8.51573877581054,5820000
2006-05-01,8.350045204162598,8.461789773564034,8.350045204162598,8.461789773564034,7702800
2006-05-02,8.388577461242676,8.427110347254327,8.373164012856545,8.392430823339208,1752400
2006-05-03,8.369311332702637,8.403990859443491,8.330779178505004,8.377018057523655,1630800
2006-05-04,8.400135040283203,8.43096119559796,8.315363296906,8.384722330102583,3366400
2006-05-05,8.446375846862793,8.45793593236416,8.411696325312315,8.434815761361428,2252400
2006-05-08,8.45793628692627,8.477202361949239,8.438669476949649,8.454082924930946,1530400
2006-05-09,8.423258781433105,8.488764481136021,8.39628597595905,8.488764481136021,3140400
2006-05-10,8.334635734558105,8.45794118495421,8.311516284151244,8.438674363820095,5227800
2006-05-11,8.161235809326172,8.311513285178538,8.13040964158841,8.292247205950117,5251000
2006-05-12,8.084166526794434,8.157378919121204,8.076459804454037,8.130406125883313,9414200
2006-05-15,8.091875076293945,8.11884787562234,8.00710331626847,8.061048914925259,5769200
2006-05-16,8.014808654785156,8.095727781155306,7.995542581101292,8.091874419427814,3114000
2006-05-17,7.906919002532959,8.003250859576625,7.899212277580567,7.976278057196997,3303000
2006-05-18,7.879948616027832,7.995546585939343,7.876095252370252,7.995546585939343,8081800
2006-05-19,7.937741756439209,7.95315446476721,7.8375565799702045,7.89150216154835,4114800
2006-05-22,7.868388652801514,7.922334274975519,7.82600238683395,7.860681925361233,3216800
2006-05-23,7.810585975646973,7.9685701387399686,7.8105859756469735,7.9570100530428105,2050400
2006-05-24,7.887650966644287,7.910771137915134,7.783613135739996,7.849118817766802,4181200
2006-05-25,7.960865497589111,7.96086549758911,7.887653072261225,7.957012134681977,2522400
2006-05-26,7.999396324157715,8.01095640989126,7.957010078088353,7.987836238424171,4045600
2006-05-30,7.841413497924805,7.972424885434499,7.841413497924805,7.945452082409638,1965200
2006-05-31,7.872243404388428,7.9184823072740125,7.8337104953477,7.903069584630187,2706000
2006-06-01,8.007104873657227,8.014810864282975,7.868386753040508,7.868386753040508,1342800
2006-06-02,7.980129241943359,8.064901731185648,7.945450455834872,8.041782295462118,3067400
2006-06-05,7.860679626464844,7.972424936806481,7.852972901278434,7.972424936806481,1464600
2006-06-06,7.860679626464844,7.8837990670703055,7.791320569694691,7.868386351651253,7301800
2006-06-07,7.752788066864014,7.883798714403631,7.752788066864013,7.8221463855777875,3079600
2006-06-08,7.714259624481201,7.9454563583279425,7.579394801824422,7.9454563583279425,11834000
2006-06-09,7.683429718017578,7.783614945288259,7.671869629694645,7.752788778047573,1643800
2006-06-12,7.540857315063477,7.702694857068449,7.540857315063477,7.687282142805634,1602600
2006-06-13,7.548563003540039,7.633334757733852,7.529296929617594,7.540856279989618,3274800
2006-06-14,7.598659038543701,7.629485213215023,7.521593969342384,7.521593969342384,2461600
2006-06-15,7.791317939758301,7.81058474622087,7.633333801532819,7.633333801532819,3628800
2006-06-16,7.779763698577881,7.8144432380255715,7.7373774314853705,7.799029782735931,4521200
2006-06-19,7.745079517364502,7.814438554691763,7.714253360213894,7.795171747126657,2331800
2006-06-20,7.733524799346924,7.795177156430535,7.702698620805118,7.748938256094862,2047200
2006-06-21,7.833703994750977,7.883796220468308,7.706546014903214,7.706546014903214,3030400
2006-06-22,7.741227149963379,7.860678432392473,7.725813701931933,7.860678432392473,1339000
2006-06-23,7.7181077003479,7.783613384467963,7.698840890339851,7.721961062349511,967800
2006-06-26,7.733524799346924,7.783617798823651,7.710405349179087,7.725818070972955,1923400
2006-06-27,7.629484176635742,7.764348948107127,7.629484176635743,7.764348948107127,2653200
2006-06-28,7.679573059082031,7.679573059082031,7.59865394546052,7.610214028821732,1740000
2006-06-29,7.87609338760376,7.87609338760376,7.706549101581896,7.706549101581896,2171800
2006-06-30,7.833703994750977,7.86453014941245,7.810584562493247,7.86453014941245,3577600
2006-07-03,7.891505241394043,7.899211966042488,7.818293562094958,7.818293562094958,822000
2006-07-05,7.768202304840088,7.864534179389151,7.768202304840088,7.864534179389151,1862600
2006-07-06,7.775911331176758,7.8221502330628265,7.756644509595818,7.783618059809134,1589000
2006-07-07,7.698838710784912,7.775904459092354,7.668012558452625,7.775904459092354,1667600
2006-07-10,7.610217571258545,7.737375607608003,7.579391402899701,7.725815518865752,3933400
2006-07-11,7.641043663024902,7.652603751651277,7.533151707373527,7.610217494975055,4488200
2006-07-12,7.502324104309082,7.617922763600124,7.483058028570747,7.598655952908111,2064600
2006-07-13,7.379021644592285,7.510033056346208,7.263423685964188,7.263423685964188,3806600
2006-07-14,7.359755039215088,7.3867278453112535,7.278835885972748,7.278835885972748,1841200
2006-07-17,7.382874488830566,7.409847294950576,7.348194956689456,7.348194956689456,1976000
2006-07-18,7.398288249969482,7.421407694044859,7.294249649199472,7.379021434111772,4505000
2006-07-19,7.506178379058838,7.525445192093337,7.390580440666921,7.4059931561407515,4155200
2006-07-20,7.398288249969482,7.537005649375621,7.398288249969482,7.494620124396409,1419800
2006-07-21,7.321223258972168,7.398289060942931,7.2942504487685875,7.371315515785395,2674400
2006-07-24,7.4329657554626465,7.456085193229847,7.344339896606639,7.375166058614131,3587000
2006-07-25,7.513883113861084,7.533149186838273,7.436817352045182,7.448377436803639,3102800
2006-07-26,7.533149242401123,7.5793888468224315,7.456084214970379,7.456084214970379,1477400
2006-07-27,7.51003360748291,7.61792558241983,7.51003360748291,7.571685954602878,1823400
2006-07-28,7.641043663024902,7.6641631053238335,7.556271884626277,7.567831238298832,1601400
2006-07-31,7.629484176635742,7.671870436657747,7.590952014747242,7.590952014747242,7260600
2006-08-01,7.5215911865234375,7.5986562272124285,7.479204936424583,7.5986562272124285,2605000
2006-08-02,7.614072799682617,7.641045611735936,7.5524204478596,7.563979804480161,2071800
2006-08-03,7.637191295623779,7.664164104313956,7.517739970729893,7.571685588110245,1288800
2006-08-04,7.614072799682617,7.73737750332865,7.560127175575979,7.683431879222012,1985000
2006-08-07,7.587098121643066,7.610217564152154,7.552418590402523,7.571684670001124,3739600
2006-08-08,7.560126304626465,7.621778649346944,7.525446768851955,7.583245750158164,2160200
2006-08-09,7.606364727020264,7.745082861571122,7.590952009266766,7.706549964756563,3368400
2006-08-10,7.637191295623779,7.648751385756961,7.567832224732518,7.567832224732518,1538600
2006-08-11,7.5948028564453125,7.617923030084501,7.563976693213434,7.590950229125819,2045400
2006-08-14,7.660308837890625,7.7296678915510615,7.641042760742162,7.656456210423919,1683000
2006-08-15,7.837560176849365,7.845266902026915,7.733521591813739,7.745081679580064,2995400
2006-08-16,7.960865497589111,7.972425586310512,7.856826903957982,7.9184792405644675,8387800
2006-08-17,7.995544910430908,8.04178452967814,7.949305291183678,7.957012016883852,3681200
2006-08-18,8.02637004852295,8.045636125347801,7.930038194491251,7.93774491920268,1528400
2006-08-21,7.972426414489746,8.003252585995225,7.949306234645211,8.003252585995225,3181600
2006-08-22,7.976277828216553,8.041783518523879,7.941598301880102,7.953157654023104,2045600
2006-08-23,7.937741756439209,8.034073572087856,7.883795439907636,7.883795439907636,4995400
2006-08-24,7.968571186065674,8.045636229314646,7.922331572153308,8.045636229314646,2274400
2006-08-25,7.99169397354126,8.030226878785374,7.953161068297146,7.968574524376407,1923800
2006-08-28,8.06490707397461,8.072613802639161,7.980134528572739,8.014814072609123,2762000
2006-08-29,8.13811206817627,8.13811206817627,8.01866008821023,8.080312391116962,3534000
2006-08-30,8.195913314819336,8.207472665518731,8.126554270808443,8.145820345276523,4024200
2006-08-31,8.165090560913086,8.226742906874684,8.157383833929401,8.226742906874684,2216800
2006-09-01,8.199769973754883,8.22674278283716,8.161237074371375,8.21518269253593,8053200
2006-09-05,8.242154121398926,8.249860846975855,8.149675619337179,8.199768600633417,4921000
2006-09-06,8.107290267944336,8.195915409069121,8.099583542206402,8.141969063857402,2667000
2006-09-07,8.061050415039062,8.122702749249573,8.026370885176425,8.064903777796443,3678200
2006-09-08,8.12655258178711,8.13425930395403,8.057193552191787,8.057193552191787,3789600
2006-09-11,8.195913314819336,8.219032751171756,8.07260867433492,8.07260867433492,6407800
2006-09-12,8.338484764099121,8.350044850770184,8.168941235979041,8.168941235979041,2847200
2006-09-13,8.338484764099121,8.353898212993872,8.288392525098574,8.334631401875434,3399600
2006-09-14,8.357755661010742,8.384728474808856,8.28454321287725,8.28454321287725,2958600
2006-09-15,8.3786039352417,8.455825646743156,8.367020347114952,8.44424279506425,13820000
2006-09-18,8.374741554260254,8.436519209299657,8.32068555376497,8.339991531244621,2346200
2006-09-19,8.336128234863281,8.390183485287727,8.255044622779058,8.386322290764902,7064800
2006-09-20,8.471269607543945,8.475130803210904,8.339991900658429,8.405630754101187,5118600
2006-09-21,8.390188217163086,8.494438318731394,8.374744166809245,8.471271874976647,3908800
2006-09-22,8.33998966217041,8.378600872028818,8.324544883648018,8.359294898875827,6683000
2006-09-25,8.490571975708008,8.509877947508494,8.37473909069518,8.390183131688046,3340600
2006-09-26,8.544631004333496,8.548492200401938,8.46354809623977,8.53304815257602,5045000
2006-09-27,8.47899055480957,8.594824205808038,8.45196292384424,8.571657770187429,10624200
2006-09-28,8.521466255187988,8.525327452022562,8.451966185061632,8.49443861379396,4533400
2006-09-29,8.494437217712402,8.552353687816321,8.478992432912491,8.52532605086435,2373400
2006-10-02,8.432658195495605,8.521463484472198,8.432658195495605,8.475130610418217,3948400
2006-10-03,8.47899055480957,8.50215772687789,8.374741226292972,8.397907661913582,4122800
2006-10-04,8.610271453857422,8.629577437763066,8.45968846163332,8.463549658414449,12510400
2006-10-05,8.606406211853027,8.629572643220676,8.575516654766062,8.621850253948935,3415600
2006-10-06,8.610271453857422,8.61799384741968,8.18941057853818,8.571660958942102,3297600
2006-10-09,8.633437156677246,8.652742400830245,8.571659491650221,8.583242343562876,1050200
2006-10-10,8.641156196594238,8.652739781448137,8.590962135122616,8.641156196594238,3180400
2006-10-11,8.637296676635742,8.687490743561547,8.590963068633085,8.62571309052315,2959000
2006-10-12,8.764714241027832,8.776297092097424,8.64501937935814,8.64501937935814,4867200
2006-10-13,8.807186126708984,8.834213761762207,8.756992052531256,8.78015849165576,5863400
2006-10-16,8.803321838378906,8.865099478641755,8.803321838378906,8.838071853082704,3802600
2006-10-17,8.729963302612305,8.764713325085195,8.672046107525668,8.764713325085195,14908200
2006-10-18,8.706792831420898,8.826487635235566,8.675904016085893,8.76857046209091,7511400
2006-10-19,8.7338228225708,8.74926686490282,8.652739206873047,8.687489222679572,3963400
2006-10-20,8.787880897521973,8.787880897521973,8.7106584517201,8.741547282751284,3479000
2006-10-23,8.841937065124512,8.868964702963982,8.67590930531302,8.784020593118802,2603000
2006-10-24,8.780157089233398,8.857379522577714,8.745407067873227,8.830351891841515,4397000
2006-10-25,8.857378959655762,8.865100613341289,8.787878921352425,8.803322965171136,2569000
2006-10-26,8.903709411621094,8.911431799658878,8.818765352547823,8.849654168251508,4339800
2006-10-27,8.787880897521973,8.880547390615526,8.749269674621036,8.880547390615526,4705000
2006-10-30,8.818768501281738,8.849657328014253,8.702935585146738,8.733824411879253,4953000
2006-10-31,8.830354690551758,8.876687576085022,8.795604658177842,8.861243526389913,5646200
2006-11-01,8.791743278503418,8.880548587632239,8.74540965748738,8.880548587632239,6624000
2006-11-02,8.737686157226562,8.780158576404627,8.726103305776421,8.7338256977084,5608200
2006-11-03,8.737686157226562,8.80332501575274,8.691353278530338,8.764714528988495,3833800
2006-11-06,8.841937065124512,8.865103506637215,8.753131758952565,8.780159396792035,3029000
2006-11-07,8.88826847076416,8.93460134224927,8.75699077414349,8.89985132041158,6573000
2006-11-08,8.895989418029785,8.930738697781338,8.811044606677383,8.88826702855273,5974800
2006-11-09,8.892126083374023,8.99251491307406,8.888264889564706,8.99251491307406,6209200
2006-11-10,8.915291786193848,8.923014173185717,8.79559773360932,8.79559773360932,3217800
2006-11-13,8.992517471313477,9.000239124681395,8.915295046053288,8.938461479052293,4094800
2006-11-14,9.058159828186035,9.081327008509602,8.946188069080689,9.007965743714253,4866800
2006-11-15,9.077462196350098,9.10835102136425,8.98865691649037,8.98865691649037,3437400
2006-11-16,9.112211227416992,9.135377659550972,9.054294778858244,9.100627643126202,3245800
2006-11-17,9.127655982971191,9.127655982971191,9.065878334823488,9.073600724953865,3094400
2006-11-20,9.127655982971191,9.158544807045043,9.081323115084242,9.112211939158094,2804000
2006-11-21,9.123797416687012,9.150825789930844,9.104492172246431,9.150825789930844,2863200
2006-11-22,9.193288803100586,9.193288803100586,9.12765000289167,9.177844769405816,2136200
2006-11-24,9.173991203308105,9.201018837077697,9.092907565551544,9.139241178047834,847000
2006-11-27,8.95776653289795,9.146960645247358,8.938460560343387,9.112210631096696,6463400
2006-11-28,9.00409984588623,9.007961040590866,8.899849798203824,8.930738619393324,5880200
2006-11-29,9.062017440795898,9.092906265895868,9.019545766563242,9.062017440795898,6330800
2006-11-30,9.08132266998291,9.119933882294694,9.023406219739044,9.058155500727267,3430400
2006-12-01,9.00409984588623,9.081322267083772,8.923016966431641,9.034988667075728,5798800
2006-12-04,9.119935035705566,9.150823862172023,9.019546165577657,9.019546165577657,2834000
2006-12-05,9.123797416687012,9.158547445838353,9.09290858371336,9.09290858371336,2318200
2006-12-06,9.065878868103027,9.154684150483162,9.058156477518398,9.12765651988466,1949000
2006-12-07,9.031131744384766,9.13152064484969,9.015687694708282,9.089048955903406,3126200
2006-12-08,9.031131744384766,9.085187759372301,8.977076465845167,9.019548891239387,1630400
2006-12-11,9.085186958312988,9.127658643514458,8.977075674318245,9.027269751901025,1924200
2006-12-12,9.054301261901855,9.100634159345008,8.996384035425725,9.069745315566864,5957600
2006-12-13,9.069742202758789,9.127658672909396,9.00796453640509,9.127658672909396,2795400
2006-12-14,9.146963119506836,9.166268360835929,9.034990657744402,9.069740681294967,2649000
2006-12-15,9.148904800415039,9.203270613963227,9.145021475113843,9.195503963360833,3691600
2006-12-18,9.113961219787598,9.214925517720774,9.07124609653554,9.168327066778707,4150200
2006-12-19,9.055703163146973,9.102302305241617,9.001338114593418,9.036287285997341,2978400
2006-12-20,9.059595108032227,9.133376844616068,9.051828453514151,9.094544312694628,2549800
2006-12-21,9.016876220703125,9.075125369357872,8.989693679687546,9.063475391493183,3646600
2006-12-22,8.946975708007812,9.024639980208189,8.939209058587238,9.020756655497902,2810800
2006-12-26,8.997454643249512,8.997454643249512,8.92367297808993,8.92367297808993,1788200
2006-12-27,9.063469886779785,9.075119857568843,9.001338190574623,9.005221514170977,1813800
2006-12-28,9.059595108032227,9.07512841706838,9.028529230628864,9.063478435291264,2011600
2006-12-29,9.032407760620117,9.121722018134824,9.028524435423579,9.05570697113079,2130200
2007-01-03,9.059595108032227,9.187741944904717,8.974164130340213,9.071245089809342,9484400
2007-01-04,9.199383735656738,9.222682937796684,9.036287839340549,9.055703717679124,5766000
2007-01-05,9.125603675842285,9.14113697379009,9.067355289874847,9.133370324816187,3298200
2007-01-08,9.152789115905762,9.183854981007613,9.094540711423374,9.125606576525223,3558600
2007-01-09,9.164440155029297,9.191622697559701,9.09065843911196,9.137257612498892,6938000
2007-01-10,9.211037635803223,9.226570938883105,9.113956713559928,9.133373342409781,5318000
2007-01-11,9.304230690002441,9.319763985499055,9.234333082272567,9.265398932597499,7137200
2007-01-12,9.327535629272461,9.343068192420347,9.257637243435239,9.312002325455882,6081200
2007-01-16,9.308115005493164,9.339180859127618,9.27704915185871,9.280932476146564,3113600
2007-01-17,9.187740325927734,9.288704594864928,9.172207760297525,9.269288702659964,3026000
2007-01-18,9.082890510559082,9.172205518612252,9.055707971848015,9.137256328649844,9660800
2007-01-19,9.07900333404541,9.086769982002503,9.020754955703842,9.028521603660934,4741400
2007-01-22,9.012991905212402,9.082890283389006,8.966393480207076,9.067357721943434,6799800
2007-01-23,9.012991905212402,9.071241047471979,8.978043456792713,8.989692692709738,2941600
2007-01-24,9.176082611083984,9.176082611083984,9.040169998881238,9.047935904815548,8763000
2007-01-25,9.063469886779785,9.249864975395269,9.063469886779785,9.211032480099982,2902800
2007-01-26,9.067358016967773,9.129489746108863,9.032408826742332,9.098423881538318,8337200
2007-01-29,9.106186866760254,9.141136042915399,9.06735436651361,9.082886922211264,4681000
2007-01-30,9.160552978515625,9.160552978515625,9.098421267227263,9.098421267227263,4996200
2007-01-31,9.214920997619629,9.238220952330597,9.090657535169107,9.145022614824047,3446800
2007-02-01,9.176082611083984,9.245980949170075,9.148900088643435,9.226565073332022,3014400
2007-02-02,9.222686767578125,9.222686767578125,9.17608760327934,9.207153465922334,3043200
2007-02-05,9.199383735656738,9.222682937796684,9.164434562112678,9.164434562112678,2069000
2007-02-06,9.187740325927734,9.218806197856962,9.117841928919768,9.195506979077244,3391400
2007-02-07,9.230453491210938,9.26540267954354,9.195504302878335,9.242102726876075,3141200
2007-02-08,9.242103576660156,9.253753554065069,9.183855170972917,9.183855170972917,2740200
2007-02-09,9.141139030456543,9.265402479323376,9.09453986679719,9.253752503241394,3774800
2007-02-12,9.102302551269531,9.133368399949566,9.079002609258312,9.106185874938067,5192000
2007-02-13,9.137258529663086,9.152791095238676,9.1061926578431,9.133375203101986,3063400
2007-02-14,9.265401840209961,9.273167749727023,9.168320934895668,9.17608684441273,2036400
2007-02-15,9.3003511428833,9.304233727356623,9.249868656707664,9.280934517174003,6126600
2007-02-16,9.280932426452637,9.280932426452637,9.218800719516407,9.23045069231759,4092600
2007-02-20,9.28481674194336,9.304232624683083,9.207151729647567,9.238218327100643,2642400
2007-02-21,9.269280433654785,9.288696308539098,9.23044794321801,9.253747141212814,2329400
2007-02-22,9.319767951965332,9.350833815511805,9.26151955039927,9.327534603019103,7157200
2007-02-23,9.312002182006836,9.315885507901159,9.269287078506643,9.296469619098223,2015800
2007-02-26,9.288701057434082,9.335300217915897,9.234335987429072,9.280934407242357,1975200
2007-02-27,8.931446075439453,9.222688882247262,8.846015118749916,9.133374599253369,9442800
2007-02-28,8.966389656066895,9.036288004432047,8.88095875288076,8.931440481884318,7235400
2007-03-01,8.958622932434082,9.0091054016783,8.694562836699593,8.826592884566837,7367200
2007-03-02,8.791642189025879,8.94308882987791,8.791642189025879,8.89260636937118,5225800
2007-03-05,8.811063766479492,8.90037802761684,8.721748764673567,8.721748764673567,2813600
2007-03-06,8.946975708007812,8.946975708007812,8.834361513414853,8.880960669269843,4354000
2007-03-07,8.83436107635498,8.915908669231262,8.83436107635498,8.896492787308839,3083800
2007-03-08,8.908143043518066,8.958624782519202,8.873193862414034,8.908143043518066,5550000
2007-03-09,8.931446075439453,8.9741619241186,8.857664356994222,8.96639527150989,2264600
2007-03-12,8.985808372497559,8.997458347793604,8.896494117233475,8.896494117233475,3186800
2007-03-13,8.842127799987793,8.970274547494785,8.814945268799708,8.94697534085763,3314200
2007-03-14,8.923675537109375,8.927558861722778,8.77222958052888,8.842127942233242,5799400
2007-03-15,8.92756175994873,8.939211737570963,8.873196679049004,8.923678434074652,4487400
2007-03-16,8.912027359008789,8.950859128403126,8.873194848945928,8.88484408349682,5810600
2007-03-19,8.970274925231934,9.06347249637352,8.943092392899194,8.958624951088565,1741000
2007-03-20,9.028523445129395,9.044056744211773,8.96639173013682,8.989690938091918,2582600
2007-03-21,9.211037635803223,9.211037635803223,9.005226554675376,9.044059071706426,1716800
2007-03-22,9.176082611083984,9.18384925768648,9.094535043762336,9.168316705149675,3440400
2007-03-23,9.152789115905762,9.195504958171549,9.129489902246537,9.145022464463137,2740200
2007-03-26,9.164440155029297,9.179972719045784,8.966394964305119,9.15279017651538,1917200
2007-03-27,9.16832160949707,9.16832160949707,9.125605771001839,9.141139072515953,3529800
2007-03-28,9.063469886779785,9.11783493579224,9.036287362273557,9.090652411286014,3973600
2007-03-29,9.075121879577637,9.110070318395115,8.978040990043153,9.086771112293993,5708000
2007-03-30,9.055703163146973,9.102302305241617,8.989688143902697,9.079002363860177,7548000
2007-04-02,9.102302551269531,9.121718428943957,9.02852088290385,9.082885932926848,3146600
2007-04-03,9.176082611083984,9.214915103428277,9.08676839715984,9.121717566202886,3981800
2007-04-04,9.230453491210938,9.230453491210938,9.164438439990311,9.16832176543489,4582000
2007-04-05,9.265401840209961,9.269285165302756,9.133371749729042,9.24210188965319,1319400
2007-04-09,9.265401840209961,9.296467700283793,9.24210188965319,9.265401840209961,1535600
2007-04-10,9.257636070251465,9.280935282355024,9.226570207223853,9.257636070251465,3884400
2007-04-11,9.172201156616211,9.280931259752027,9.16055118527954,9.280931259752027,4192200
2007-04-12,9.269280433654785,9.269280433654785,9.141133733681132,9.183848806560249,1541600
2007-04-13,9.277047157287598,9.277047157287598,9.160550416372363,9.211032139924107,2226400
2007-04-16,9.354716300964355,9.354716300964355,9.280934603916513,9.284817929094666,2643400
2007-04-17,9.374133110046387,9.374133110046387,9.308118056848794,9.3353013357749,2745800
2007-04-18,9.350831031799316,9.378013561726751,9.280932674461116,9.280932674461116,2132800
2007-04-19,9.354716300964355,9.378015511364737,9.26540204387244,9.277051278738359,3559200
2007-04-20,9.409082412719727,9.44791492812741,9.374133222919674,9.42073238954262,1973200
2007-04-23,9.389665603637695,9.42461479000705,9.362483067721207,9.397432254090564,3213600
2007-04-24,9.44015121459961,9.475100415275529,9.378019466879941,9.463451175496127,5673200
2007-04-25,9.510046005249023,9.521695981274107,9.428498395079162,9.44791428111906,3426800
2007-04-26,9.564411163330078,9.579944464834309,9.478980227062552,9.502279438650318,1438400
2007-04-27,9.556641578674316,9.591590752952138,9.517809080513594,9.517809080513594,1809800
2007-04-30,9.482864379882812,9.59547786294045,9.482864379882812,9.548879435698892,1851600
2007-05-01,9.529462814331055,9.529462814331055,9.45179778734797,9.510046187250989,6200200
2007-05-02,9.57994270324707,9.622658533860415,9.537226872633726,9.544993521957688,2660000
2007-05-03,9.673140525817871,9.680907175344718,9.591592927791364,9.630424694088672,2133400
2007-05-04,9.711971282958984,9.7197379310865,9.657606227403038,9.708087958895227,5899400
2007-05-07,9.700324058532715,9.72362400951533,9.680908173382411,9.688674823709949,1270600
2007-05-08,9.739154815673828,9.743038140138289,9.661489807721452,9.669256456650372,3855200
2007-05-09,9.727508544921875,9.777991041506905,9.669260137120347,9.688676766833316,11249600
2007-05-10,9.677020072937012,9.770217608872018,9.642070904377864,9.723619211238603,4766400
2007-05-11,9.781869888305664,9.781869888305664,9.657606477717962,9.657606477717962,5076400
2007-05-14,9.735270500183105,9.80905217616023,9.700321324229117,9.80905217616023,1408000
2007-05-15,9.719738006591797,9.809052238747048,9.69643806202825,9.746920534580932,6864200
2007-05-16,9.805170059204102,9.805170059204102,9.692555869339923,9.735271698690946,1182600
2007-05-17,9.777990341186523,9.820706182826967,9.75469112786839,9.80517288016912,1020800
2007-05-18,9.828471183776855,9.832354509081881,9.75469022498706,9.812938623225318,2826400
2007-05-21,9.871182441711426,9.921664165918548,9.820700717504304,9.851766564862892,5695400
2007-05-22,9.859539031982422,9.921670768043592,9.766341427890666,9.766341427890666,3869600
2007-05-23,9.824586868286133,9.910018535049216,9.816820959127346,9.886718585567378,7728400
2007-05-24,9.700324058532715,9.85953668690454,9.665374872727336,9.801288290785086,9670400
2007-05-25,9.781869888305664,9.78963579596613,9.700321562189766,9.719738183011813,3945600
2007-05-29,9.840121269226074,9.859537155298764,9.76633956894642,9.774106219642924,4741600
2007-05-30,9.913900375366211,9.925549607694176,9.735271159430804,9.766337013419346,4505600
2007-05-31,9.960506439208984,9.979923075788411,9.925557234034967,9.952739784577213,4341600
2007-06-01,9.960506439208984,10.03040484955702,9.937207215982623,10.007105626330658,4135800
2007-06-04,9.995445251464844,9.999328574742984,9.925546913794683,9.929430237072824,2835200
2007-06-05,9.960506439208984,9.976039748472527,9.89837468349272,9.944973870614394,2752200
2007-06-06,9.844000816345215,9.929431719211792,9.844000816345215,9.917782488306704,4098000
2007-06-07,9.704208374023438,9.886720231334905,9.68090916133165,9.828471829271129,4947600
2007-06-08,9.840121269226074,9.875070456691775,9.688675283987086,9.688675283987086,3353400
2007-06-11,9.859539031982422,9.890604900013008,9.812940600270903,9.832356490039249,2245200
2007-06-12,9.743041038513184,9.859537844428989,9.73527438727383,9.789639464612055,2585200
2007-06-13,9.867301940917969,9.867301940917969,9.746921840550186,9.785754346024177,2259200
2007-06-14,9.960506439208984,9.968273093840756,9.859542151002818,9.859542151002818,1699400
2007-06-15,10.018014907836914,10.056873952748616,9.998584644192292,10.018014907836914,1735600
2007-06-18,10.04521656036377,10.080190293821012,9.994698615952743,10.080190293821012,1316400
2007-06-19,10.041330337524414,10.060759859698734,9.983041029812693,9.986927082485309,2616800
2007-06-20,9.983038902282715,10.084074026672408,9.928634917649125,10.084074026672408,2223800
2007-06-21,10.033555030822754,10.037441082255468,9.901432246864605,9.920862504028172,3145800
2007-06-22,9.92086410522461,10.021899235216331,9.882004325814155,9.928635468155784,3794000
2007-06-25,9.885889053344727,9.990809480150286,9.835371124523027,9.924748827548678,2923400
2007-06-26,9.850919723510742,9.944182778475986,9.823718091794488,9.944182778475986,4166000
2007-06-27,9.948066711425781,9.975268337344305,9.800399683312778,9.823715997976127,8159400
2007-06-28,9.983038902282715,10.037442145727702,9.951951228715778,9.951951228715778,3403600
2007-06-29,9.948066711425781,10.045215798956916,9.882005302257063,10.018014173038393,2804800
2007-07-02,10.033555030822754,10.049099236553607,9.979151793141819,9.979151793141819,3356000
2007-07-03,10.103503227233887,10.126818796379316,10.060757399476783,10.064643451199117,3113000
2007-07-05,10.142361640930176,10.42603670785971,10.09184371651405,10.11904607491653,6720400
2007-07-06,10.161794662475586,10.200654446700765,10.13070698333319,10.157908609934195,5459600
2007-07-09,10.220084190368652,10.223970242994513,10.150137466669412,10.181225146487547,2021000
2007-07-10,10.103503227233887,10.19288019328185,10.084073709810792,10.122932744656982,4268400
2007-07-11,10.161794662475586,10.181224925182542,10.056873467424225,10.08796114656662,2182800
2007-07-12,10.33277702331543,10.359978649271358,10.17733863128961,10.185109994999362,2575800
2007-07-13,10.356090545654297,10.488213338004666,10.313345459556405,10.3483184422952,3357000
2007-07-16,10.387177467346191,10.410493775738695,10.317230024545717,10.34443238433697,2787200
2007-07-17,10.422147750854492,10.464893560951925,10.37551663182845,10.383287990873942,2627200
2007-07-18,10.367752075195312,10.37552418108408,10.251172710430243,10.344436498717824,3069800
2007-07-19,10.453241348266602,10.49987323496883,10.418267618537104,10.461013452915088,6020800
2007-07-20,10.414381980895996,10.437698295769874,10.32111894496666,10.422154085853956,3146600
2007-07-23,10.429925918579102,10.468785701165888,10.394952188369864,10.426039866201553,2205400
2007-07-24,10.32500171661377,10.433808927884874,10.255054276595809,10.317229614125443,3476000
2007-07-25,10.336661338806152,10.41438015116494,10.122932937145153,10.325003183417468,8055400
2007-07-26,10.181221961975098,10.336660312447313,10.006353354451031,10.336660312447313,5945600
2007-07-27,9.963607788085938,10.185107535892095,9.963607788085938,10.1384764001374,4116800
2007-07-30,9.998581886291504,10.068529333741054,9.93640654215603,10.00635398960558,3211000
2007-07-31,9.928633689880371,10.142362067763562,9.882002555890645,10.142362067763562,5476800
2007-08-01,10.025785446166992,10.20842620343637,9.815943804413534,9.93640846433105,19142200
2007-08-02,10.04521656036377,10.122935391566374,9.994698615952743,10.01801493238342,10085800
2007-08-03,9.850919723510742,10.087963043601578,9.850919723510742,10.068533518429646,5316000
2007-08-06,10.006354331970215,10.010240383760213,9.827600396761854,9.916977364366035,4985000
2007-08-07,10.025785446166992,10.084075491110069,9.862574950941543,9.979154299638983,5314000
2007-08-08,10.181221961975098,10.181221961975098,10.049099178776585,10.095730313323989,10562600
2007-08-09,9.948066711425781,10.258943495049921,9.87423319736928,10.041329746513023,7373200
2007-08-10,9.8081693649292,9.92474868587693,9.687704733686225,9.80428331344542,9740800
2007-08-13,9.944181442260742,9.979155175821843,9.882006080638513,9.948067495010728,5321800
2007-08-14,9.742105484008789,9.967491224186041,9.695474360489824,9.951947763409168,3041400
2007-08-15,9.617756843566895,9.81205496161875,9.571124969111509,9.734335417922608,6147200
2007-08-16,9.555583000183105,9.58667067428794,9.287451347786009,9.547810896359742,8078800
2007-08-17,9.648845672607422,9.804284037495036,9.547810550133326,9.800397985724272,8014800
2007-08-20,9.683816909790039,9.745992239773571,9.633299732124069,9.726562727099367,4386400
2007-08-21,9.714906692504883,9.796511552951415,9.652731348967936,9.652731348967936,5712800
2007-08-22,9.843140602111816,9.866456163939741,9.788737377450543,9.843140602111816,3990400
2007-08-23,9.87034797668457,9.909207763209421,9.815944720263046,9.889778240541386,3812600
2007-08-24,10.010238647460938,10.029668161852241,9.84702820653321,9.870343772040467,5134800
2007-08-27,9.955840110778809,10.01801547558772,9.955840110778809,9.959725422539154,2937600
2007-08-28,9.777085304260254,9.92475235041307,9.738225516262734,9.916980244575806,5599200
2007-08-29,10.010238647460938,10.021896800808799,9.812054487678092,9.812054487678092,6544400
2007-08-30,10.052986145019531,10.122932853205864,9.878117521582231,9.948064970957152,8625200
2007-08-31,10.119044303894043,10.16178937723979,10.056868236758834,10.16178937723979,9307200
2007-09-04,10.274482727050781,10.340544104214127,10.119044410545365,10.134587871601727,8888800
2007-09-05,10.165679931640625,10.247285546343772,10.126820150410015,10.235627389617985,4926000
2007-09-06,10.21619701385498,10.223968376499204,10.130705354070964,10.20453885810572,4577600
2007-09-07,10.006354331970215,10.084073885392993,9.948065037497427,10.056871522863005,9476000
2007-09-10,9.986924171447754,10.103502752890302,9.932520191077826,10.072415081759718,7000200
2007-09-11,10.130705833435059,10.16567956114911,10.045214910794405,10.049100962894705,4962400
2007-09-12,10.103503227233887,10.188994141559515,10.080187658088457,10.103503227233887,5573400
2007-09-13,10.103503227233887,10.161792520691751,10.091845072066882,10.157906468969415,3670800
2007-09-14,10.052986145019531,10.099617283810419,10.018012420332072,10.018012420332072,5792600
2007-09-17,10.049099922180176,10.095731060177217,10.010240146390256,10.049099922180176,1858600
2007-09-18,10.247284889221191,10.251170200025289,9.96749507525369,10.134591604997919,6788000
2007-09-19,10.286142349243164,10.344432379005864,10.24728331765272,10.305572606226903,4144600
2007-09-20,10.32500171661377,10.35997543662275,10.270598481572462,10.270598481572462,3706800
2007-09-21,10.404045104980469,10.423514198360039,10.35732076620945,10.365108403561278,7054000
2007-09-24,10.376789093017578,10.501388319679931,10.376789093017578,10.423514174350947,12531000
2007-09-25,10.481922149658203,10.513071962804151,10.357322897074411,10.38068507126634,5934000
2007-09-26,10.548118591308594,10.6532495190368,10.493606588488193,10.6532495190368,7763600
2007-09-27,10.540326118469238,10.583157382577372,10.520857767149177,10.583157382577372,5407600
2007-09-28,10.50139045715332,10.657140264852854,10.47802828306644,10.657140264852854,5307200
2007-10-01,10.614306449890137,10.657137711010575,10.52085703326641,10.579262825822495,20283200
2007-10-02,10.653244018554688,10.696074537512036,10.602625119782427,10.696074537512036,7112400
2007-10-03,10.528644561767578,10.629880871730398,10.513069287822567,10.598731066510314,4107400
2007-10-04,10.555904388427734,10.579266565173784,10.50139165246001,10.579266565173784,10153000
2007-10-05,10.668815612792969,10.696071592626133,10.59483456562456,10.602622200625392,3861400
2007-10-08,10.6882905960083,10.731121126798909,10.653246961844063,10.661033858470436,1730200
2007-10-09,10.76616382598877,10.789525999179347,10.703864202367164,10.762270006678657,5415000
2007-10-10,10.801206588745117,10.894656016664646,10.758375322447403,10.894656016664646,3587400
2007-10-11,10.6843900680542,10.906332449965415,10.614302843730721,10.847926677252415,9814000
2007-10-12,10.78952407836914,10.801205534219882,10.69607465957311,10.711649934040764,4375000
2007-10-15,10.711649894714355,10.816780768975152,10.65324410101501,10.676606269960756,10147000
2007-10-16,10.711649894714355,10.746693519467954,10.657137919617629,10.684393907165992,11204400
2007-10-17,10.801206588745117,10.863506207358135,10.672713532522012,10.863506207358135,13161600
2007-10-18,10.828463554382324,10.840145012425687,10.74280175674131,10.781739207549082,4794200
2007-10-19,10.571478843688965,10.832358833793172,10.548116667123422,10.82846501392055,6091800
2007-10-22,10.63767147064209,10.649352929353418,10.481922401175103,10.493603859886433,6714200
2007-10-23,10.754483222961426,10.793419931128698,10.661033043883684,10.74669558425993,12859800
2007-10-24,10.64546012878418,10.805103033102894,10.458561227533522,10.805103033102894,11222600
2007-10-25,10.735013008117676,10.742800646008062,10.563688687879328,10.715544656061738,6276400
2007-10-26,10.879081726074219,10.984211870660518,10.777844657901811,10.805100648819373,5234200
2007-10-29,10.910232543945312,10.945276176268036,10.867401272735288,10.910232543945312,5021400
2007-10-30,10.929699897766113,10.972531165054491,10.844038105859411,10.844038105859411,5465200
2007-10-31,11.058195114135742,11.104920209626135,10.945277309261773,11.07766421336932,7755000
2007-11-01,10.937487602233887,11.136067920860821,10.882975620023768,11.136067920860821,14404600
2007-11-02,10.960850715637207,11.054300154310791,10.836251464072426,11.054300154310791,10665200
2007-11-05,10.945273399353027,10.991997735482192,10.415725972089607,10.914123594376939,9410200
2007-11-06,11.003680229187012,11.046511493572034,10.859611903409215,11.046511493572034,6754000
2007-11-07,10.707757949829102,10.964744081211393,10.707757949829102,10.960850261927408,11670800
2007-11-08,10.326172828674316,10.66882076480978,10.228829572165706,10.400153168898383,28626600
2007-11-09,10.112014770507812,10.28333906843084,9.960159564774862,10.010777719129203,12801200
2007-11-12,9.948477745056152,10.174314007499335,9.929009396249114,9.929009396249114,14523800
2007-11-13,10.28723430633545,10.337852467674251,10.076972537689585,10.123697622723121,8956000
2007-11-14,10.228829383850098,10.51307150938144,10.154848302317935,10.51307150938144,12157600
2007-11-15,10.104228019714355,10.248295590616074,10.06529057745148,10.119802551017543,7741400
2007-11-16,10.248298645019531,10.267767743288509,10.084761932910913,10.084761932910913,6969600
2007-11-19,10.045822143554688,10.2482962624592,10.034141429979035,10.244402443710651,9532400
2007-11-20,10.131486892700195,10.236617793958096,9.944588007799583,10.236617793958096,10510400
2007-11-21,9.940691947937012,10.131484609442628,9.90175450335689,9.964054117617092,12597600
2007-11-23,10.038034439086914,10.084758774960841,9.948478100433682,9.948478100433682,1764200
2007-11-26,9.827775955200195,10.154849385343972,9.808307599248613,10.154849385343972,5631200
2007-11-27,9.936798095703125,9.99520389104136,9.816091943644793,9.967947902728183,6741000
2007-11-28,10.228829383850098,10.283341368836904,10.053611228292368,10.154848302317935,8484600
2007-11-29,10.27944564819336,10.33006454717848,10.213252217522786,10.275551829604506,9349400
2007-11-30,10.224932670593262,10.567580503441366,10.135377079841698,10.567580503441366,7207600
2007-12-03,10.16263484954834,10.26776573159274,10.143165755093813,10.256084274920024,5349400
2007-12-04,10.123698234558105,10.209360029181601,10.045823335685782,10.158741864783643,3942800
2007-12-05,10.357321739196777,10.37679009173527,10.224934862458912,10.295022119869552,7732400
2007-12-06,10.46245288848877,10.497495775405525,10.337852904030045,10.431303078041605,4544000
2007-12-07,10.474136352539062,10.563691988247896,10.442986533915544,10.563691988247896,5594600
2007-12-10,10.524751663208008,10.587051279093538,10.470238942305667,10.587051279093538,5049200
2007-12-11,10.361211776733398,10.758371519326568,10.361211776733398,10.65324141424972,7334000
2007-12-12,10.540326118469238,10.649350816803581,10.380683261100735,10.629881722813522,7625600
2007-12-13,10.485812187194824,10.552005609089607,10.44298093106589,10.532536518726518,5037600
2007-12-14,10.419622421264648,10.536434033749787,10.404047143509233,10.524753318103345,4215800
2007-12-17,10.221040725708008,10.396258863788153,10.18989091701265,10.330065427476768,3916800
2007-12-18,10.221040725708008,10.31838397071475,10.13148511854261,10.31838397071475,6774800
2007-12-19,10.28723430633545,10.306702658541903,10.189891059963111,10.302808839566607,3816600
2007-12-20,10.435198783874512,10.435198783874512,10.306705690569714,10.431305706423979,3856200
2007-12-21,10.569368362426758,10.581102934722841,10.502869717069588,10.52242783495931,6097600
2007-12-24,10.647599220275879,10.667158079925184,10.588924133516379,10.667158079925184,1674200
2007-12-26,10.706274032592773,10.729743915840551,10.592834895722602,10.639775408312293,4802600
2007-12-27,10.557628631591797,10.706272951369154,10.51851166606649,10.643685358872224,3367400
2007-12-28,10.506781578063965,10.721923861034352,10.479399914350758,10.721923861034352,2125400
2007-12-31,10.428547859191895,10.557633381232222,10.385519103146986,10.557633381232222,3573400
2008-01-02,10.217313766479492,10.452014090849163,10.15863793929294,10.424632436078976,14921200
2008-01-03,10.232969284057617,10.283821613747117,10.146912471014746,10.283821613747117,4022000
2008-01-04,9.833967208862305,10.072580022912463,9.779203905740255,10.056932938538136,7784000
2008-01-07,9.747913360595703,9.84961720076889,9.64229774817421,9.763559703494664,11198400
2008-01-08,9.489738464355469,9.876994804794348,9.46626858659692,9.790938088950362,10589800
2008-01-09,9.622742652893066,9.638389000702258,9.4075995882843,9.434982002615763,10450000
2008-01-10,9.638384819030762,9.747912190553995,9.454536021993293,9.528858193601708,13048600
2008-01-11,9.497566223144531,9.630563499658566,9.419332267750054,9.626651727279413,6568600
2008-01-14,9.689238548278809,9.720531981072796,9.603181048524625,9.622739910329798,8271000
2008-01-15,9.485833168029785,9.63447682341219,9.454539727628516,9.614918702946824,7326200
2008-01-16,9.278512001037598,9.454538038148781,9.219836904031983,9.384127623304307,13374600
2008-01-17,9.19636058807373,9.399768145240971,9.118126682672848,9.317622469960662,11247000
2008-01-18,9.03598690032959,9.30198143488888,9.03598690032959,9.200277598375372,9112200
2008-01-22,8.867785453796387,8.949930439254262,7.729485752403117,8.018950206926712,17957600
2008-01-23,8.94601821899414,8.94601821899414,8.335795210905038,8.605701512710056,16725200
2008-01-24,9.075101852416992,9.075101852416992,8.867782453495147,9.004691462364514,8270400
2008-01-25,8.934281349182129,9.294156106974011,8.902987924421708,9.294156106974011,7827200
2008-01-28,8.973401069641113,8.992959186331401,8.828668469412275,8.899078883248233,5782200
2008-01-29,9.0516357421875,9.106399820721496,8.926461984557424,9.106399820721496,8515200
2008-01-30,8.981223106384277,9.192454329964017,8.977312080253627,8.977312080253627,10001400
2008-01-31,9.0946626663208,9.212012853900125,8.8404034291694,8.8404034291694,12088600
2008-02-01,9.251130104064941,9.255041876578622,9.086839388962007,9.223748442563506,6269800
2008-02-04,9.05945873260498,9.266778222266108,9.05945873260498,9.266778222266108,3920000
2008-02-05,8.83258056640625,8.992959516659468,8.805198903596338,8.965577853849556,8288800
2008-02-06,8.73479175567627,8.914729636764118,8.687851211798463,8.844319193994727,12319000
2008-02-07,8.78954792022705,8.809106775068202,8.550935859917193,8.60569916128437,9516800
2008-02-08,8.723050117492676,8.813019365944095,8.67611035369498,8.734785431489145,9563600
2008-02-11,8.875606536865234,8.899076419615009,8.754343859454142,8.769990945350072,6383200
2008-02-12,8.895163536071777,8.989043801428124,8.82475315053101,8.989043801428124,9568200
2008-02-13,9.09857177734375,9.133776972538719,8.844312614564366,8.985132649250165,11514400
2008-02-14,8.918635368347168,9.1611599998482,8.918635368347168,9.1611599998482,7289600
2008-02-15,8.887341499328613,8.926458469709075,8.824754645157537,8.824754645157537,4624800
2008-02-19,8.805193901062012,8.992954407451922,8.699578336432463,8.902985924735164,4624400
2008-02-20,8.820842742919922,8.844313372457215,8.65264104113418,8.754344118085879,11570200
2008-02-21,8.805193901062012,8.926455801510421,8.699578336432463,8.906897695213363,6893600
2008-02-22,8.797372817993164,8.801284589564267,8.61743580228726,8.801284589564267,6007200
2008-02-25,8.848225593566895,8.875607249990676,8.72696290641275,8.766079878201372,4957200
2008-02-26,8.949929237365723,8.981222667541699,8.754345112242314,8.813020946654719,6198800
2008-02-27,8.957751274108887,9.016426352553784,8.820842260341388,8.926457849198666,5043000
2008-02-28,8.844311714172363,9.008602359658642,8.844311714172363,8.949926542911111,5410000
2008-02-29,8.664376258850098,8.856048604531154,8.664376258850098,8.797373518480903,8987000
2008-03-03,8.660465240478516,8.70349398883641,8.582232034302836,8.67611232937021,5840000
2008-03-04,8.672199249267578,8.691757361338317,8.50008502788731,8.566583653459631,8617800
2008-03-05,8.73479175567627,8.809113972610032,8.656557764578137,8.742615304005009,10598800
2008-03-06,8.613527297973633,8.773906262752632,8.578322086573909,8.773906262752632,6034600
2008-03-07,8.613527297973633,8.703495839953185,8.484441771539451,8.50008811766465,9228800
2008-03-10,8.519645690917969,8.636995880391044,8.49226328368623,8.590055356945228,18617800
2008-03-11,8.820842742919922,8.820842742919922,8.550937218088338,8.660463838219133,10623800
2008-03-12,8.730873107910156,8.867782111499476,8.70740322749583,8.840400460000422,8805400
2008-03-13,8.695672035217285,8.809111212152366,8.543116621085389,8.597879950036448,7827200
2008-03-14,8.586143493652344,8.80519750749403,8.49226245591167,8.754345216543312,16473800
2008-03-17,8.547026634216309,8.648730471395185,8.257562211212235,8.284943870049963,11432000
2008-03-18,8.93037223815918,8.93037223815918,8.617437897332678,8.750435178707521,12224200
2008-03-19,8.664376258850098,8.914724436675602,8.644818145531413,8.899077349145296,14822600
2008-03-20,8.760625839233398,8.81931754443044,8.619767687130185,8.619767687130185,13974200
2008-03-24,9.069741249084473,9.116693761941788,8.870191203699044,8.909318795277963,8102000
2008-03-25,9.077560424804688,9.104949495433504,8.98756680464346,9.101036664444216,6624800
2008-03-26,8.9014892578125,9.061911641875957,8.881925843676532,9.061911641875957,12907800
2008-03-27,8.831062316894531,8.952357161332168,8.780196977709918,8.893666155720192,14213400
2008-03-28,8.776286125183105,8.921057255279058,8.741071364609107,8.889755328801813,8918600
2008-03-31,8.764538764953613,8.878008600190075,8.748888190680747,8.811491980364297,11624400
2008-04-01,9.018866539001465,9.151899775484182,8.901484622714843,8.968001240956202,15338200
2008-04-02,9.128429412841797,9.21059740412925,9.034523670153636,9.144080743104741,7379000
2008-04-03,9.124515533447266,9.155817444085477,9.007133555128078,9.073650208521329,13018400
2008-04-04,9.093215942382812,9.17538394520348,9.026699272021933,9.140169193465567,8162600
2008-04-07,9.101037979125977,9.202769360654376,9.081473821353413,9.128427053711256,3970600
2008-04-08,9.04626178741455,9.069738035525182,8.991482880094447,9.034523290210998,4401000
2008-04-09,9.007136344909668,9.054088852261382,8.90931775058084,9.054088852261382,3832200
2008-04-10,9.081473350524902,9.140165074503413,8.987567636974065,8.987567636974065,4426400
2008-04-11,8.838887214660645,9.007135296734385,8.823235883167012,8.99539679811416,14447600
2008-04-14,8.803670883178711,8.897576616377046,8.791932386667758,8.83888562641514,4385800
2008-04-15,8.803670883178711,8.850624122926092,8.729328564535535,8.831059962074505,9011200
2008-04-16,9.163644790649414,9.163644790649414,8.913229459570612,8.932792877449936,9298200
2008-04-17,9.1597318649292,9.163644697724697,8.99930945179655,9.073651782317903,5849400
2008-04-18,9.320154190063477,9.37102026962813,9.245811860244045,9.316241357304923,5527400
2008-04-21,9.3788423538208,9.394493680123945,9.273198886459832,9.296675129618235,10590200
2008-04-22,9.331891059875488,9.36710580226077,9.234072496871125,9.363192970185027,10162000
2008-04-23,9.390584945678711,9.453188785612838,9.327981105744584,9.339719605593473,7439800
2008-04-24,9.50405502319336,9.613611371672679,9.371021674642773,9.472752356431666,6630000
2008-04-25,9.390584945678711,9.543181712231066,9.32015543917866,9.511879792264002,11315600
2008-04-28,9.390584945678711,9.566658711928843,9.378846445829822,9.566658711928843,20443800
2008-04-29,9.480573654174805,9.511875560214941,9.394493599138508,9.414057010552478,5817800
2008-04-30,9.312326431274414,9.578393028675919,9.312326431274414,9.507963547446534,6563600
2008-05-01,9.70359992980957,9.723164087725118,9.445359015694866,9.457097510444195,15184600
2008-05-02,9.699691772460938,9.785771863258958,9.617523768533928,9.785771863258958,12979000
2008-05-05,9.65665340423584,9.73882067931217,9.617525810548493,9.719257255616885,3073000
2008-05-06,9.774030685424805,9.789682013806468,9.57056789424166,9.625346797281068,6996800
2008-05-07,9.6018705368042,9.797507663507172,9.558830130114693,9.727078178486675,9409600
2008-05-08,9.617524147033691,9.687953654229577,9.574483726792508,9.64100040066677,14934200
2008-05-09,9.586219787597656,9.637085115243039,9.504052547640546,9.57839412294561,5849800
2008-05-12,9.742731094360352,9.742731094360352,9.59404717082019,9.625349088738991,3302200
2008-05-13,9.742731094360352,9.750556760414199,9.656651006657793,9.695778590630443,10994000
2008-05-14,9.76229190826416,9.903150117396216,9.758379076580445,9.789680983753827,8452000
2008-05-15,9.95010757446289,9.9696709948885,9.758383218364648,9.770120972101353,5586000
2008-05-16,9.926629066467285,9.977494395800916,9.840548245030627,9.977494395800916,7263400
2008-05-19,9.977492332458496,10.051834641153512,9.88358661182621,9.969666669165058,8424400
2008-05-20,9.8209867477417,9.879677753453384,9.71925532290302,9.879677753453384,6230400
2008-05-21,9.562744140625,9.820985119992347,9.558831308053191,9.762294124008225,8440600
2008-05-22,9.597959518432617,9.691865267439763,9.586221019945516,9.594046685603583,5496800
2008-05-23,9.578394889831543,9.625348135206632,9.511878227556469,9.586220555110144,6048600
2008-05-27,9.734904289245605,9.750555619521974,9.562744133984593,9.562744133984593,5138400
2008-05-28,9.789682388305664,9.80142013874452,9.68795098882241,9.789682388305664,10008200
2008-05-29,9.860112190246582,9.914890350830202,9.750555122782876,9.7935955325537,5021800
2008-05-30,9.918801307678223,9.957928877680759,9.879673737675688,9.907062812788565,5478800
2008-06-02,9.777942657470703,9.895325371119176,9.695775429583486,9.891412539367925,7097600
2008-06-03,9.723169326782227,9.875766109264417,9.648826979238487,9.793598840634536,10135000
2008-06-04,9.742731094360352,9.8288119283595,9.676214425495823,9.687952924576596,9887600
2008-06-05,9.942277908325195,9.98140547973334,9.78185553721852,9.801418949774417,7901400
2008-06-06,9.672303199768066,9.89533024158481,9.672303199768066,9.89533024158481,12721000
2008-06-09,9.65273380279541,9.742726682775393,9.551002429049941,9.742726682775393,8162600
2008-06-10,9.609698295593262,9.687953467927521,9.50796687007738,9.519705369816508,8567800
2008-06-11,9.36319637298584,9.574484157787968,9.36319637298584,9.562746403591378,11444600
2008-06-12,9.468835830688477,9.527526810760849,9.343627461225434,9.429708261874795,10051000
2008-06-13,9.570568084716797,9.625346988846426,9.449273272530528,9.492313680140287,6462800
2008-06-16,9.594046592712402,9.656650424777691,9.500140844614469,9.547093345515162,4927200
2008-06-17,9.554919242858887,9.65273782612063,9.531442991839107,9.648824993234571,8100000
2008-06-18,9.453184127807617,9.504050189126595,9.39840598142989,9.492311695061536,8858000
2008-06-19,9.4884033203125,9.58230907805072,9.32406805769646,9.398410395767117,12652600
2008-06-20,9.319278717041016,9.472310843845634,9.248648274384783,9.472310843845634,12916200
2008-06-23,9.232956886291504,9.342825844303457,9.197641650237333,9.31928260307606,8358400
2008-06-24,9.221181869506836,9.319279548969675,9.103464953521788,9.197638635995006,10971200
2008-06-25,9.299662590026855,9.444846772070397,9.244727367143875,9.244727367143875,10264200
2008-06-26,9.123085021972656,9.232954702423308,8.950432880814763,9.213334715686067,10697400
2008-06-27,9.001444816589355,9.04853129166623,8.883727132045115,9.021064056467047,18810000
2008-06-30,8.989673614501953,9.048532087739318,8.922967145252647,8.946510384862375,9530800
2008-07-01,8.926887512207031,8.985745961503458,8.797398624384577,8.883724300124284,18498400
2008-07-02,8.809174537658691,9.017141201039816,8.789554546869637,8.98182596604564,13003000
2008-07-03,8.76993465423584,8.875880351362735,8.722847428259643,8.848412366294747,8578400
2008-07-07,8.868029594421387,8.98182250342462,8.722844712257718,8.868029594421387,13705600
2008-07-08,8.95827865600586,8.966126648756337,8.805246539500457,8.848409002776519,13348200
2008-07-09,8.69145679473877,8.950434684450226,8.67183755247395,8.950434684450226,11885800
2008-07-10,8.801326751708984,8.813097998037646,8.63259856902085,8.726772281780848,13040600
2008-07-11,8.718925476074219,8.844491191996296,8.601208506153432,8.715001477286693,26645200
2008-07-14,8.652215003967285,8.848410362319612,8.605128537081228,8.797399898455401,23662400
2008-07-15,8.632597923278809,8.777782854023247,8.467793751170078,8.550196211437486,22237800
2008-07-16,8.758159637451172,8.820942084797174,8.58158428495022,8.675757955969223,13718800
2008-07-17,8.848410606384277,8.954356282439036,8.766008912847854,8.868030591816224,26019400
2008-07-18,8.94650650024414,8.94650650024414,8.703224716916914,8.899420041469863,19338400
2008-07-21,8.76993465423584,8.844489116853959,8.703228187351433,8.840565118987103,9950200
2008-07-22,8.722846031188965,8.722846031188965,8.534498654302448,8.59335711602624,15545600
2008-07-23,8.879801750183105,8.938660957493148,8.7463895926445,8.789552063332376,16389400
2008-07-24,8.652215003967285,8.919040811074593,8.652215003967285,8.91511681409644,12680000
2008-07-25,8.77385425567627,8.801321478554842,8.687527842714257,8.77385425567627,20218800
2008-07-28,8.589432716369629,8.77778083285791,8.581585470686464,8.77778083285791,10263200
2008-07-29,8.762086868286133,8.781706109664071,8.632597929283918,8.636521927244722,8644400
2008-07-30,8.820944786071777,8.836640776927831,8.695379852927502,8.797401548213735,15122400
2008-07-31,8.76993465423584,8.88372759867038,8.711076183085144,8.750314664901563,11852000
2008-08-01,8.67183780670166,8.820945998193535,8.61690257958264,8.820945998193535,17579200
2008-08-04,8.714998245239258,8.738542229232877,8.63259654653948,8.703227001668411,9051200
2008-08-05,8.879801750183105,8.911192978149703,8.699302376481647,8.738541598546371,9737800
2008-08-06,9.005366325378418,9.005366325378418,8.828790221576558,8.860181445760686,12255600
2008-08-07,8.989673614501953,9.05245608574529,8.875880666033192,8.938663137276528,17818000
2008-08-08,9.16232681274414,9.18587005499567,8.954359385648138,8.96613138098699,11782000
2008-08-11,9.221181869506836,9.33497553692816,9.13093218402324,9.185866645026142,11214400
2008-08-12,9.240804672241211,9.29181590436665,9.193718187045931,9.244728670745182,9625400
2008-08-13,9.205491065979004,9.272197555519126,9.123089328066904,9.232959060376023,9585800
2008-08-14,9.276117324829102,9.319280547915762,9.13485716019036,9.18979162708176,12528000
2008-08-15,9.311429977416992,9.35066919223927,9.229028299873406,9.29181074421874,9372600
2008-08-18,9.19371509552002,9.323204008903712,9.119160645867003,9.323204008903712,9678600
2008-08-19,9.032838821411133,9.150555793653863,9.013218827086506,9.12701254889057,10864800
2008-08-20,9.052452087402344,9.150549748944936,9.01713686937295,9.083843309158942,11079400
2008-08-21,9.017138481140137,9.072073690352893,8.954356026404897,9.013214484165948,8122400
2008-08-22,9.142704010009766,9.213334463478452,9.091693542741242,9.115236777755488,5864200
2008-08-25,9.02499008178711,9.15447903998005,9.005370837501529,9.115239802982693,13372600
2008-08-26,8.989673614501953,9.036760842147501,8.934739139270558,9.02498884812959,12225400
2008-08-27,9.075997352600098,9.127008567163841,8.981823666204647,9.024986886462287,7579600
2008-08-28,9.130934715270996,9.193717187657493,9.111314724883899,9.111314724883899,10645400
2008-08-29,8.926887512207031,9.095615615702368,8.926887512207031,9.064224392849221,17844800
2008-09-02,8.875880241394043,9.154477350654464,8.852336254484612,9.130934112171088,11437600
2008-09-03,8.758159637451172,8.879800535630824,8.707149179642224,8.848409311957823,13292800
2008-09-04,8.44425106048584,8.699304956923351,8.428555067633743,8.691456960497304,17805000
2008-09-05,8.44425106048584,8.507033535041963,8.338305354012585,8.381468585929719,14406200
2008-09-08,8.546271324157715,8.667912254495794,8.369695176549206,8.667912254495794,25333600
2008-09-09,8.397162437438965,8.612977812799164,8.361847207805951,8.514880119024347,16326400
2008-09-10,8.357922554016113,8.46779223185078,8.357922554016113,8.46779223185078,14894600
2008-09-11,8.49526309967041,8.49526309967041,8.224513160685863,8.302991642498455,19512600
2008-09-12,8.534500122070312,8.534500122070312,8.30691348208548,8.389315192985093,14368200
2008-09-15,8.122488975524902,8.412858046117377,8.122488975524902,8.208814672698024,40395400
2008-09-16,8.275522232055664,8.275522232055664,7.957685885926626,8.024392353477271,54852600
2008-09-17,7.8164238929748535,8.106792962734419,7.44757637260958,8.04401050162024,44263200
2008-09-18,8.149958610534668,8.149958610534668,7.655546020822245,7.89882794292484,45571800
2008-09-19,8.209410667419434,8.752767004309275,8.209410667419434,8.752767004309275,22431200
2008-09-22,7.996793270111084,8.327532203825548,7.973169275129553,8.288158378194158,17704400
2008-09-23,7.992855548858643,8.193661377062586,7.898358821055592,8.03616683072417,33454400
2008-09-24,8.012545585632324,8.067668508015178,7.92592299218099,8.008608126748763,14168600
2008-09-25,8.150348663330078,8.276344266656144,8.020415603525942,8.059788666320562,29713800
2008-09-26,8.18972110748291,8.23696983065759,7.929855007504614,7.941667376046528,33362600
2008-09-29,7.48099946975708,8.047980692479971,7.46524963671235,8.000731944339158,41041600
2008-09-30,7.815671920776367,7.847170819786835,7.551868359941327,7.551868359941327,20694600
2008-10-01,7.744800567626953,7.7841743860390356,7.591243501912265,7.748738024567474,26947400
2008-10-02,7.441625595092773,7.630619084576052,7.35106630858954,7.583371087701917,21715800
2008-10-03,7.335315704345703,7.689679398608101,7.303816792743855,7.504622635828118,26107600
2008-10-06,6.9297661781311035,7.193569801279623,6.717147996342819,7.146321066106726,40746800
2008-10-07,6.575403690338135,7.114822589795047,6.575403690338135,7.1069476749579445,29725000
2008-10-08,6.5163421630859375,6.831331977475586,6.413971280726955,6.41790798690039,47608200
2008-10-09,6.2997870445251465,6.744709174107754,6.024171436426485,6.646275001537049,46289400
2008-10-10,6.260413646697998,6.5281547342713555,5.882426383563621,6.00842238827281,63059800
2008-10-13,6.992764472961426,6.992764472961426,6.476969562658259,6.606902654597017,32866200
2008-10-14,6.756519317626953,7.264439841112937,6.665960088956595,7.240815106769712,48832800
2008-10-15,6.248600006103516,6.713208954318038,6.236788012847141,6.701397336558159,35791800
2008-10-16,6.575403690338135,6.575403690338135,5.965111308340512,6.264351313211496,39838600
2008-10-17,6.512406826019287,6.80770941665755,6.3509740522231795,6.465158081080103,31264800
2008-10-20,6.772271156311035,6.772271156311035,6.449406449787907,6.614775884448782,37735000
2008-10-21,6.417909145355225,6.709275020330979,6.378536068568561,6.665963734673688,20008200
2008-10-22,6.083230972290039,6.354909086857892,5.925736467540055,6.354909086857892,22789600
2008-10-23,6.22104024887085,6.2525391564198385,5.827303529011892,6.114731154270564,37059600
2008-10-24,5.9296746253967285,6.114730596492309,5.626497198522439,5.646184107818891,28272200
2008-10-27,5.807615756988525,6.118667704546354,5.74855540796353,5.866676106013521,17504600
2008-10-28,6.614775657653809,6.614775657653809,5.890300510998649,5.9966092150662655,24178000
2008-10-29,6.358847141265869,6.6423380274651995,6.3470355216696355,6.516341660824882,33117600
2008-10-30,6.595087051391602,6.658084837773228,6.410031147769682,6.5557132471548725,38308400
2008-10-31,6.555716037750244,6.701398950141659,6.437595325752037,6.449406946355955,46909600
2008-11-03,6.555716037750244,6.630526222545466,6.5045305961492,6.5714658665463626,13548200
2008-11-04,6.831331729888916,6.87070554913475,6.630525927628987,6.677773909929478,24448000
2008-11-05,6.417909145355225,6.748648097117642,6.4060975227165455,6.697462646698999,18078800
2008-11-06,6.063545227050781,6.3864092113947635,6.016296866573364,6.343098683661202,23825000
2008-11-07,6.236789703369141,6.272226068240014,6.118668612298425,6.146230062532839,18432400
2008-11-10,6.169854640960693,6.386409543882265,6.0950444513542585,6.386409543882265,12580400
2008-11-11,6.035983562469482,6.154104647206943,5.957236297810034,6.1344177371679365,30540800
2008-11-12,5.752492904663086,5.961173620682229,5.736743452085846,5.9336117970496325,14837000
2008-11-13,6.110793113708496,6.126542565012011,5.461127402571284,5.736742988131069,29438000
2008-11-14,5.831241130828857,6.130480759959462,5.787929850253288,5.9729862183117755,22160000
2008-11-17,5.66586971282959,5.858800553429609,5.642245352012874,5.732804963731062,19138800
2008-11-18,5.744616985321045,5.77611588290431,5.512312334022106,5.689493726802092,16192000
2008-11-19,5.425692081451416,5.807616818012292,5.4138800845877295,5.736744085836955,16502200
2008-11-20,5.193386554718018,5.606810136711439,5.150075655841203,5.343006535605949,38023400
2008-11-21,5.469003200531006,5.469003200531006,5.094953014454489,5.256385385796356,40298400
2008-11-24,5.73674201965332,5.870612520881428,5.531999187272342,5.579247533206414,23877000
2008-11-25,5.815489768981934,5.929673368094481,5.626496005504606,5.862738115977145,25723400
2008-11-26,5.996608734130859,6.016295640859739,5.654057908835799,5.6658702781710355,17516400
2008-11-28,6.004484176635742,6.035983079981649,5.89423801492507,5.89423801492507,3718000
2008-12-01,5.57137393951416,5.898175357846281,5.5674368580436955,5.894238276375815,12596000
2008-12-02,5.768241882324219,5.791866246993301,5.571373553569174,5.673745174640966,16009200
2008-12-03,5.933611869812012,5.945424241012221,5.630434810108213,5.6461842628785845,19319800
2008-12-04,5.693431377410889,5.929673492853927,5.610746674555474,5.811552435132407,20125000
2008-12-05,5.917860984802246,5.93361043376094,5.520187304721111,5.6343709035457605,20803400
2008-12-08,6.193478584289551,6.276163312631148,6.012360048918687,6.059608411471513,18814000
2008-12-09,6.154104709625244,6.331286150780217,6.083231982964622,6.098981436056252,16336600
2008-12-10,6.10291862487793,6.252538610418395,6.0674822631056395,6.181665886873816,13966400
2008-12-11,5.972985744476318,6.1737915507697,5.933611924439608,6.055670466156148,35361800
2008-12-12,6.043859958648682,6.1226072426171,5.791868274453072,5.799742815101579,15700200
2008-12-15,5.976922988891602,6.098981150768147,5.8863633562283475,6.098981150768147,11140400
2008-12-16,6.287975311279297,6.287975311279297,6.0084222344961535,6.287975311279297,19651200
2008-12-17,6.165915489196777,6.256475108231048,6.0792933265328015,6.181664939181454,16309200
2008-12-18,5.992672443389893,6.197415324077175,5.96511062013649,6.185603328680896,17684200
2008-12-19,6.044527530670166,6.179113939093881,6.044527530670166,6.103903876224582,34642200
2008-12-22,5.961402416229248,6.076196999571034,5.858483030472963,6.052446226894305,15816000
2008-12-23,5.878274440765381,6.044528693302569,5.874315916298859,6.012860875076069,11170600
2008-12-24,5.917858123779297,5.945567415529933,5.9059829287465355,5.933691842991528,3326600
2008-12-26,5.909941673278809,5.965359503835052,5.909941673278809,5.941609112883993,4247400
2008-12-29,5.913899898529053,5.965359582946339,5.826814627212719,5.965359582946339,6016400
2008-12-30,6.0247344970703125,6.044526735486563,5.929731828173421,5.929731828173421,8545800
2008-12-31,6.099944114685059,6.171196016896006,6.0207755441759625,6.048484449477765,8277400
2009-01-02,6.329532623291016,6.361200048819868,6.088068409257136,6.135569547550417,8959600
2009-01-05,6.309743404388428,6.349328271481629,6.222658131304931,6.2899515371003325,12531400
2009-01-06,6.456204414367676,6.511622993232569,6.349327290508633,6.380994726283761,16853800
2009-01-07,6.250367164611816,6.357244684491401,6.20286600272026,6.357244684491401,12422000
2009-01-08,6.293909072875977,6.305784645102445,6.171197846580877,6.2068238082490135,11421600
2009-01-09,6.155364513397217,6.309743186956263,6.13161374496201,6.293909467168011,7885600
2009-01-12,6.044527530670166,6.175155792894359,5.997026001219916,6.175155792894359,10259200
2009-01-13,6.016820430755615,6.099947571271234,5.969319261533224,6.0643215999780065,17308400
2009-01-14,5.834731101989746,5.9811931015505815,5.803063663030953,5.949525662591788,17025800
2009-01-15,5.87431526184082,5.925774941655457,5.688268785204153,5.830772252571558,15304600
2009-01-16,5.913899898529053,6.000985547351049,5.7911886628080085,5.985151827338473,14892800
2009-01-20,5.672433853149414,5.929731819675276,5.660558661118903,5.902022912435566,33716200
2009-01-21,5.945565223693848,5.9495233689085,5.719934336216471,5.810978471252554,11724800
2009-01-22,5.810981273651123,5.909942124346785,5.715978570078965,5.818897945403819,14986000
2009-01-23,5.894107341766357,6.000984844965341,5.696185676022089,5.704102346348938,14874600
2009-01-26,5.965360164642334,6.0761965930439406,5.913900475207095,5.929734196763653,14685600
2009-01-27,6.000985145568848,6.068278545493234,5.941608793873513,5.985151426616383,12281000
2009-01-28,6.171196937561035,6.246406996388691,6.0603609223129595,6.0920283552409815,14272800
2009-01-29,5.989109039306641,6.115778771649727,5.9614001297329855,6.115778771649727,10149800
2009-01-30,5.810981273651123,6.020778171424335,5.810981273651123,6.020778171424335,10148800
2009-02-02,5.902021884918213,5.981190447181289,5.7634769953342,5.779310707786815,9860600
2009-02-03,6.020777702331543,6.048486617565643,5.85452345591563,5.929733530482039,12651800
2009-02-04,6.016820430755615,6.190991762076786,6.004945232826452,6.036612678974713,11547800
2009-02-05,6.111821174621582,6.18703162273054,5.933691742135285,5.9495254610783865,17939000
2009-02-06,6.321618556976318,6.377036763208874,6.139530596504372,6.159322839980688,15331400
2009-02-09,6.337450981140137,6.388910275154477,6.289949833007659,6.337450981140137,9208800
2009-02-10,6.080153942108154,6.365161270216464,6.0445283564120595,6.3137015875367934,17649000
2009-02-11,6.092031955718994,6.147449807342985,6.01682147493529,6.076198229897026,11357000
2009-02-12,6.1197381019592285,6.135571820589558,5.937650148957636,6.0366109847735965,11572200
2009-02-13,6.092031955718994,6.214743236462805,6.092031955718994,6.111823829867105,7834200
2009-02-17,5.838689804077148,5.953484368175727,5.838689804077148,5.937650648214049,12472000
2009-02-18,5.842647075653076,5.937649375052578,5.7951459259533245,5.921815658485994,13326400
2009-02-19,5.700142860412598,5.9020230160015394,5.696184714670004,5.9020230160015394,13666400
2009-02-20,5.755562782287598,5.795147271648791,5.624934495903596,5.64076821614694,24569200
2009-02-23,5.490346431732178,5.787228901651041,5.474512715103395,5.779312232089441,28396800
2009-02-24,5.636807441711426,5.715976011327075,5.502220684612065,5.537846635315486,16381400
2009-02-25,5.688268661499023,5.791188018890067,5.5457651972307,5.660559748934365,36860200
2009-02-26,5.62889289855957,5.8149390130173275,5.62097584985635,5.715978169261033,14137000
2009-02-27,5.589306354522705,5.704100875962766,5.55368040347139,5.561597449263025,13934400
2009-03-02,5.454721927642822,5.613059513604705,5.411179289693788,5.5180568110253025,14689400
2009-03-03,5.403260231018066,5.522013281948192,5.375551324219736,5.490345852034231,14889600
2009-03-04,5.545764923095703,5.648684275399298,5.478471529474553,5.510138964413259,12826000
2009-03-05,5.37555456161499,5.557642582034449,5.363679362621874,5.478473959570721,13908600
2009-03-06,5.403260231018066,5.4863873289186005,5.213255651534299,5.466595468351531,46663200
2009-03-09,5.233049392700195,5.411178831506884,5.177631185680172,5.292425746467208,18855000
2009-03-10,5.533891201019287,5.557641973912459,5.26867643916227,5.284510161922476,49537600
2009-03-11,5.656601428985596,5.71597778019558,5.5576405919652,5.617016943175184,28460000
2009-03-12,5.818897247314453,5.8386894905802595,5.617017045513375,5.688268970268024,16177800
2009-03-13,5.818897247314453,5.858481733846067,5.739728651756866,5.83473096642597,13471400
2009-03-16,5.7674360275268555,5.898064269731933,5.747644167045602,5.86639683995528,9802400
2009-03-17,5.977234363555908,5.981192509904989,5.751603411411325,5.78327084723765,11355200
2009-03-18,6.060363292694092,6.159324153676972,5.917859411275081,5.9416101840134905,21289600
2009-03-19,6.076196670532227,6.190991247657646,6.032653652567124,6.171199001083117,12457200
2009-03-20,5.983498573303223,6.154569465528294,5.9476930024273855,6.102850349753067,10532000
2009-03-23,6.337576866149902,6.337576866149902,6.071024643771127,6.130700355893988,10848600
2009-03-24,6.234138011932373,6.341554359312789,6.230159530330794,6.281878652924656,11955200
2009-03-25,6.2699432373046875,6.365424513955898,6.102850813460636,6.297791848142407,18962800
2009-03-26,6.433056831359863,6.448969997197686,6.293813025894871,6.357467206881549,16755400
2009-03-27,6.293812274932861,6.38133733245954,6.281877212274132,6.377358851770364,12588600
2009-03-30,6.09887170791626,6.194352974795815,6.039196010968744,6.194352974795815,12785400
2009-03-31,6.214244365692139,6.333596126808619,6.174460698259172,6.1943523422712605,10078200
2009-04-01,6.389293670654297,6.397250632201563,6.126720010135464,6.142633553821187,12126400
2009-04-02,6.556387901306152,6.695631732025899,6.468863576279544,6.504669154430846,14645800
2009-04-03,6.647890090942383,6.675739461554701,6.540474125280192,6.576279700106842,30178400
2009-04-06,6.580258846282959,6.616063665908428,6.468863629035133,6.584236569383027,30654000
2009-04-07,6.397251129150391,6.524559488525694,6.393272648067703,6.500689360847244,12568400
2009-04-08,6.492733001708984,6.572301113117454,6.448970464552551,6.500689964613381,10671000
2009-04-09,6.655844688415527,6.735412772821564,6.6120829249279485,6.647887728211426,30211600
2009-04-13,6.655844688415527,6.719498852413361,6.600147484621797,6.675737088925782,11552800
2009-04-14,6.584235191345215,6.651867852158846,6.548429620395782,6.643911648806055,10869200
2009-04-15,6.564342498779297,6.580256420584523,6.47283972485192,6.532515413986403,11345800
2009-04-16,6.759286403656006,6.791113502177754,6.600150911047266,6.6518696615884,29548600
2009-04-17,6.7473530769348145,6.783158668872875,6.679721135294169,6.763267010604229,17962800
2009-04-20,6.532515525817871,6.643910703908777,6.516601603740212,6.639932223389362,10750600
2009-04-21,6.643910884857178,6.655845567922896,6.488753175644524,6.508645578783373,4293800
2009-04-22,6.675738334655762,6.807025167252334,6.60412719709079,6.620040361650989,18245600
2009-04-23,6.707568168640137,6.73143830466157,6.568324317348883,6.723481339715111,13641800
2009-04-24,6.803047180175781,6.8627228795386666,6.707565909431626,6.763263127661294,10391000
2009-04-27,6.771220684051514,6.870680444655733,6.739393591010873,6.751328276640018,8749200
2009-04-28,6.767240524291992,6.818959253100118,6.683693951518785,6.735413439144477,14151400
2009-04-29,6.842830181121826,6.942289917714773,6.787132212633828,6.818959297990868,11049400
2009-04-30,6.862720966339111,7.0298133332635455,6.838850845012042,6.954223730440772,25428400
2009-05-01,6.954225540161133,6.954225540161133,6.807025535050824,6.886592879786277,7022400
2009-05-04,7.081532001495361,7.093467441475869,6.962180636960175,7.001964678077727,9104200
2009-05-05,7.037773609161377,7.061643741734867,6.982075621399455,7.041752091059931,9088200
2009-05-06,7.077557563781738,7.117340864538325,6.970140830576182,7.117340864538325,14494800
2009-05-07,6.807028293609619,7.113363871151476,6.775201191053921,7.093472216610907,36639400
2009-05-08,6.79906702041626,6.910462188190855,6.7393913357867445,6.894548267586984,13724600
2009-05-11,6.8189616203308105,6.890572776477221,6.72348033174154,6.735415777371885,11392000
2009-05-12,6.7831549644470215,6.878636996682486,6.747349392063149,6.866701552948626,11605600
2009-05-13,6.6120829582214355,6.759282928651054,6.6120829582214355,6.743369766980214,26418800
2009-05-14,6.683694362640381,6.7632624598122755,6.639932592131689,6.659824237015857,13505000
2009-05-15,6.683694362640381,6.787132585436799,6.683694362640381,6.743370814928108,14036600
2009-05-18,6.866700172424316,6.866700172424316,6.7234779116831245,6.763261957313184,8677400
2009-05-19,6.906484603881836,6.962181815584883,6.822938027509666,6.834873469510718,14238000
2009-05-20,6.83487606048584,6.986054589053496,6.826919096135467,6.95422749046989,17401600
2009-05-21,6.715523719787598,6.8070272901114235,6.65186952406016,6.783156397600234,12901600
2009-05-22,6.739392280578613,6.779176328848095,6.643911020022421,6.743370761287323,10869400
2009-05-26,6.9144415855407715,6.930355510002076,6.643911699057754,6.667781826932027,11486800
2009-05-27,6.8468122482299805,7.001970051783515,6.842834524001218,6.918423425436527,15429800
2009-05-28,6.946269512176514,6.978097364932111,6.807026450459647,6.930356344616489,12355800
2009-05-29,7.021860122680664,7.033795569126111,6.898530211349233,6.966162890237672,10793600
2009-06-01,7.220775127410889,7.240667525619166,7.093466814147525,7.117336933180055,15874200
2009-06-02,7.204865455627441,7.28045432896021,7.149167472497576,7.173038361903705,13743800
2009-06-03,7.125296115875244,7.180993330603643,7.073577382029964,7.180993330603643,11487800
2009-06-04,7.224757671356201,7.244649321937168,7.16508196079547,7.177017406434747,18743600
2009-06-05,7.296367168426514,7.324215776434472,7.220777547535159,7.292388687451426,19307800
2009-06-08,7.2526044845581055,7.292388534657752,7.129274612185078,7.224755877133645,13437600
2009-06-09,7.284430503845215,7.340128469337802,7.236690257785888,7.300344425076677,12225400
2009-06-10,7.304323673248291,7.3520639243262895,7.20088545082248,7.32819379878729,10700000
2009-06-11,7.3321757316589355,7.411743107190164,7.284434699285825,7.3083055948813636,12335600
2009-06-12,7.31227970123291,7.336150585019375,7.23669084569521,7.31227970123291,11411200
2009-06-15,7.236692905426025,7.292390132478653,7.165081751319615,7.256584555425448,13549400
2009-06-16,7.14518928527832,7.272498424235578,7.1292761171697885,7.2565844973092455,13599400
2009-06-17,7.184970855712891,7.240668821849761,7.113359726978014,7.165079212760998,15441800
2009-06-18,7.153149604797363,7.212825341133679,7.137236429222819,7.184976714764608,13541800
2009-06-19,7.241463661193848,7.261445319112838,7.1775206789000245,7.217484756989393,22896600
2009-06-22,7.061628818511963,7.193509801040978,7.037650665938977,7.173528134272111,15364400
2009-06-23,7.065624237060547,7.089602386011658,7.005678483556965,7.073617207461455,11561400
2009-06-24,7.165534973144531,7.221484248418955,7.109585697870108,7.129567364110486,13363400
2009-06-25,7.269441604614258,7.293419757509832,7.0936000381260005,7.129567648595229,17386600
2009-06-26,7.257452964782715,7.2934205793046365,7.225481836568987,7.245463505858133,17909400
2009-06-29,7.333383083343506,7.357361233719777,7.261447869963035,7.273437326276999,10663000
2009-06-30,7.2774338722229,7.365355037295363,7.225481080158781,7.3493690937361,15497600
2009-07-01,7.3094048500061035,7.3813393003184675,7.293418908435591,7.325390029324969,22071400
2009-07-02,7.125568866729736,7.241464632509148,7.125568866729736,7.237468147939014,18547800
2009-07-06,7.105588912963867,7.145552243761815,7.045642392263597,7.093599456373478,11724600
2009-07-07,6.929746627807617,7.133562794772734,6.929746627807617,7.117576854343348,8982600
2009-07-08,6.933743953704834,6.973708047372777,6.85381576636895,6.957722105004925,17221800
2009-07-09,6.977703094482422,7.01367069907267,6.9417362521437855,6.969710886324732,28062400
2009-07-10,7.005675315856934,7.0216604871792505,6.92574717249155,6.953721793994054,20055400
2009-07-13,7.137558460235596,7.137558460235596,6.917756378082155,6.997684546547316,16473800
2009-07-14,7.145546913146973,7.149543395695706,7.073612514023095,7.125565262654413,13903600
2009-07-15,7.41331148147583,7.417307967440045,7.253455854166041,7.269441798022898,16611200
2009-07-16,7.521214962005615,7.529207934620831,7.3693522935756395,7.393330449169462,17033000
2009-07-17,7.593147277832031,7.593147277832031,7.489240960454673,7.521212076397588,36892200
2009-07-20,7.661088466644287,7.669081438772146,7.5931497280610385,7.6331138264485565,41402200
2009-07-21,7.705049991607666,7.705049991607666,7.605140114569323,7.689064045400634,31625400
2009-07-22,7.749009132385254,7.772988049570571,7.685066877728011,7.701052822518222,14524600
2009-07-23,7.900871276855469,7.940835370094448,7.729026209504028,7.745011389448613,26817200
2009-07-24,7.8529133796691895,7.864902835044832,7.737018360044363,7.7929676272941695,21417000
2009-07-27,7.8529133796691895,7.864902835044832,7.764992993669266,7.864902835044832,11474600
2009-07-28,7.868898868560791,7.8808875609967854,7.74900660843997,7.796963664938609,11774400
2009-07-29,7.860906600952148,7.860906600952148,7.772986212144549,7.828935481181055,11856800
2009-07-30,7.900871276855469,8.016766308771665,7.884885334659205,7.940835370094448,22961200
2009-07-31,7.872894763946533,7.948825684527421,7.8609053101567365,7.904865878467827,13465600
2009-08-03,7.98079776763916,7.98079776763916,7.9048668378429054,7.972805559727483,15641400
2009-08-04,7.956820011138916,7.968809466974091,7.9168559206066265,7.932841861720193,11643000
2009-08-05,7.884882926940918,7.992785717061597,7.85291181456273,7.992785717061597,10024200
2009-08-06,7.82893705368042,7.924850432258602,7.800962413543255,7.908865250288126,20416400
2009-08-07,7.908865451812744,7.956821761197915,7.872897838647968,7.940836578820123,23483000
2009-08-10,7.872894763946533,7.896872909274629,7.808952534903945,7.868898279349934,24926200
2009-08-11,7.760995864868164,7.844919758782454,7.756999380074407,7.8369275514464745,9643600
2009-08-12,7.9168572425842285,7.972807283572769,7.760998101959321,7.772987559796527,10676800
2009-08-13,7.952821731567383,7.968807669074247,7.872894330787425,7.94482876281395,12151400
2009-08-14,7.876893997192383,7.956822200247083,7.820944712405195,7.944832741113327,6912000
2009-08-17,7.689062118530273,7.776982513880589,7.673076938580979,7.753004362830809,10120200
2009-08-18,7.80495548248291,7.808951966788758,7.7130378679513,7.7250273208688425,7432200
2009-08-19,7.824939727783203,7.856910850544507,7.689062265484737,7.701051722364611,11440600
2009-08-20,7.912853717803955,7.924843164976015,7.8089482246504,7.832926356743445,7821000
2009-08-21,8.028753280639648,8.04074273357629,7.912857522339778,7.9608145718349,13267200
2009-08-24,8.004776000976562,8.10068934806733,8.004776000976562,8.052732293396184,8479800
2009-08-25,8.024755477905273,8.100687142859304,8.02075899424966,8.04873361758764,9226800
2009-08-26,8.060728073120117,8.084706227689507,8.008775277844475,8.020763974003275,11368600
2009-08-27,8.07671070098877,8.080707185861662,7.940834026568179,8.040743861635839,18829400
2009-08-28,8.104689598083496,8.220584660482988,8.048739547931993,8.17662407013221,22097000
2009-08-31,8.000783920288086,8.024762079696746,7.960819813105691,8.012772618866444,19650400
2009-09-01,7.836925983428955,8.088698377048564,7.82893301544068,7.968806906229966,27297000
2009-09-02,7.8529133796691895,7.888880983544521,7.804957082669812,7.824938746044286,9894400
2009-09-03,7.888878345489502,7.896871313067068,7.79696150510152,7.896871313067068,10676800
2009-09-04,8.028753280639648,8.028753280639648,7.876889925781298,7.888879378717939,20509600
2009-09-08,8.088702201843262,8.088702201843262,8.024759952204322,8.068720534675496,6249200
2009-09-09,8.14864730834961,8.168629736157385,8.056730427188878,8.0727163694351,14115000
2009-09-10,8.26054573059082,8.26054573059082,8.128664770222963,8.152642918766682,31455000
2009-09-11,8.268537521362305,8.284522697360659,8.196602323740986,8.256548067674922,23523400
2009-09-14,8.240562438964844,8.260544098427927,8.192605389101418,8.196601873444324,9048600
2009-09-15,8.296514511108398,8.320492663052597,8.23257226442273,8.264543387765565,9138000
2009-09-16,8.360453605651855,8.388428232748097,8.276528962111712,8.332478978555613,21677200
2009-09-17,8.328484535217285,8.388430288291703,8.304506386437838,8.33647750556097,11453000
2009-09-18,8.379423141479492,8.395468359624223,8.315243799056793,8.363378688412872,13098600
2009-09-21,8.343326568603516,8.379427563401967,8.291181112271595,8.323270800417049,12015800
2009-09-22,8.387451171875,8.41151824957001,8.33931701648498,8.407506942441074,11379800
2009-09-23,8.387451171875,8.519821246815463,8.359372787051054,8.423552170956818,13050800
2009-09-24,8.307225227355957,8.435584739663117,8.275135540548789,8.423550820205998,11164000
2009-09-25,8.255082130432129,8.335306752897383,8.243048207538731,8.279149211140226,18445000
2009-09-28,8.391460418701172,8.455639786849376,8.303213978766994,8.303213978766994,10126000
2009-09-29,8.347338676452637,8.43157459409368,8.331294213379184,8.391462288792164,22216400
2009-09-30,8.371404647827148,8.41953879136901,8.243045146532546,8.36739334168559,29816200
2009-10-01,8.122710227966309,8.331293587809476,8.122710227966309,8.331293587809476,32404800
2009-10-02,8.122710227966309,8.166833836992737,8.05853085033434,8.05853085033434,14310000
2009-10-05,8.190899848937988,8.206944308723717,8.086608182556242,8.14276493942394,12440600
2009-10-06,8.339317321777344,8.347339171250281,8.22299170601548,8.231014320567049,16493000
2009-10-07,8.323270797729492,8.347337872561184,8.283158496290996,8.31925949107779,10382400
2009-10-08,8.37541389465332,8.415526184792006,8.327279758549537,8.391459116740114,9998600
2009-10-09,8.431571006774902,8.431571006774902,8.331290668725947,8.343323819641734,18425600
2009-10-12,8.435582160949707,8.483716293906866,8.39145856817377,8.463660532687758,7997600
2009-10-13,8.467674255371094,8.487730022315894,8.403494883053574,8.439595875616988,9602200
2009-10-14,8.567957878112793,8.588013652683555,8.519822948032703,8.588013652683555,18362400
2009-10-15,8.551908493041992,8.55591979902375,8.491740433472389,8.527841422229828,11443000
2009-10-16,8.471686363220215,8.519820514472743,8.423551446889148,8.515809207688608,14431200
2009-10-19,8.563942909240723,8.56795421545586,8.463662549097572,8.495752233740243,18320800
2009-10-20,8.535862922668457,8.62410934754069,8.49575063315261,8.620098042081276,14169200
2009-10-21,8.539877891540527,8.676258510273318,8.51581004845949,8.539877891540527,18116800
2009-10-22,8.579987525939941,8.604055363670938,8.479707163962791,8.543886534421892,20659400
2009-10-23,8.555923461914062,8.704338786463904,8.519822457701363,8.692304863366767,32998000
2009-10-26,8.499761581420898,8.660209967663368,8.47970505496668,8.575974086712161,21219000
2009-10-27,8.455642700195312,8.551911785586611,8.423553005064878,8.503777625430303,18711800
2009-10-28,8.331290245056152,8.471682864200979,8.327278939928789,8.399480902064884,26111200
2009-10-29,8.491743087768555,8.503777009475318,8.367395623779833,8.411518473214048,21452200
2009-10-30,8.267111778259277,8.48371692277928,8.259089167145643,8.48371692277928,22670000
2009-11-02,8.315247535705566,8.375415600629994,8.206944559794524,8.275135237396464,33501600
2009-11-03,8.283159255981445,8.283159255981445,8.206945952766247,8.247058257883646,30066000
2009-11-04,8.331290245056152,8.431570578005568,8.319256329674062,8.319256329674062,15870800
2009-11-05,8.511797904968262,8.531854438898506,8.427562757696853,8.447618526548558,13478400
2009-11-06,8.523833274841309,8.543889047103585,8.451631270571243,8.467676500444,9924200
2009-11-09,8.720380783081055,8.748459163945512,8.567954959068935,8.592022033370112,14874800
2009-11-10,8.716367721557617,8.744446096768753,8.672244888402266,8.700323263613402,10734600
2009-11-11,8.768515586853027,8.792582660852537,8.712358060749523,8.768515586853027,10423200
2009-11-12,8.704339027404785,8.808629970151951,8.696316411784622,8.768518422208611,12722800
2009-11-13,8.78455924987793,8.808626321691298,8.68427889139741,8.744446953470039,10872400
2009-11-16,8.880830764770508,8.896875993814204,8.800606914787915,8.82467399327483,16005200
2009-11-17,8.920939445495605,8.920939445495605,8.836704322497855,8.844726168679793,9999800
2009-11-18,8.872803688049316,8.908903901972478,8.820657489457075,8.908903901972478,8421400
2009-11-19,8.744449615478516,8.816651617976962,8.692304149828889,8.812640310607199,21146800
2009-11-20,8.700325012207031,8.7203807799377,8.668235324790864,8.688291092521531,11102600
2009-11-23,8.852749824523926,8.868795048937704,8.78054784481874,8.78857045702563,14472200
2009-11-24,8.83670711517334,8.852751577686087,8.784560890580146,8.84874027078826,14025200
2009-11-25,8.852749824523926,8.868795048937704,8.828682752981667,8.852749824523926,7015200
2009-11-27,8.708345413208008,8.768514236558905,8.608065061061007,8.640155508223282,10515000
2009-11-30,8.72439193725586,8.744447704643445,8.648178644041764,8.704336169868274,13966400
2009-12-01,8.864784240722656,8.884840007287897,8.788570950633526,8.792582256962264,17054200
2009-12-02,8.852749824523926,8.932974416436,8.836705365188557,8.864783742834259,10424400
2009-12-03,8.856760025024414,8.932973301319224,8.836704262089192,8.892861010370465,12896600
2009-12-04,8.912918090820312,9.005176603163678,8.824671649751036,8.94901908150284,22041600
2009-12-07,8.896875381469727,8.94902084211547,8.876818846545534,8.920942458300178,13269000
2009-12-08,8.816651344299316,8.89286465180179,8.784561651415954,8.856763651673178,17652600
2009-12-09,8.900884628295898,8.900884628295898,8.776536435782715,8.832693955493907,14958600
2009-12-10,8.940995216369629,8.98110673911695,8.924949995208097,8.932972605788864,21856800
2009-12-11,8.920939445495605,8.985118805421031,8.892861071163022,8.973085653608964,8196000
2009-12-14,8.993142127990723,9.005176045832929,8.945007221700282,8.989130822043322,23433000
2009-12-15,8.936988830566406,9.00919007030269,8.904899135657388,8.973089832973887,10167600
2009-12-16,8.965065002441406,9.009187843863062,8.949019776412815,8.981109463391512,8966000
2009-12-17,8.856760025024414,8.932973301319224,8.848737413818998,8.932973301319224,10250200
2009-12-18,8.989206314086914,9.001283446318986,8.904668691939857,8.944924263728467,14629200
2009-12-21,9.069720268249512,9.105950902212864,9.0214125003564,9.045566000389995,12415400
2009-12-22,9.142175674438477,9.142175674438477,9.089842992220518,9.097894410354202,7604000
2009-12-23,9.178407669067383,9.18645908841237,9.126074978976192,9.16230559820302,10980400
2009-12-24,9.262944221496582,9.266969930380252,9.186457288357781,9.20658583277613,3333200
2009-12-28,9.29112720489502,9.303204336471234,9.238794503716305,9.279050073318805,18266600
2009-12-29,9.279048919677734,9.307228889852022,9.26294684740382,9.307228889852022,7698800
2009-12-30,9.31125259399414,9.315278303483767,9.250868487300908,9.262945615769784,11367000
2009-12-31,9.230738639831543,9.331379051050247,9.206585156130167,9.319301925286856,11526200
2010-01-04,9.367616653442383,9.375668076628365,9.299181092013491,9.315283170559479,16898800
2010-01-05,9.355539321899414,9.37969282312339,9.299180896434814,9.37969282312339,39976400
2010-01-06,9.250869750976562,9.359561618567117,9.242818330897482,9.355535908527576,20048200
2010-01-07,9.214639663696289,9.258921708877763,9.182434749334961,9.258921708877763,14584800
2010-01-08,9.275022506713867,9.283073157661374,9.17035636614073,9.202561273407422,23772400
2010-01-11,9.238792419433594,9.31930430830079,9.194510381469996,9.31527859868359,30477800
2010-01-12,9.138150215148926,9.198534312077353,9.101919603426781,9.186457185561487,19485600
2010-01-13,9.226716995239258,9.238794126322135,9.097897334991533,9.17840923873349,20107400
2010-01-14,9.250869750976562,9.283074663467207,9.206588476192977,9.218664838485918,15013200
2010-01-15,9.122048377990723,9.275022259295987,9.093869180862262,9.266970840737702,27066600
2010-01-19,9.279048919677734,9.279048919677734,9.142177850133905,9.142177850133905,14965600
2010-01-20,9.13010311126709,9.206590079688603,9.045564721364196,9.206590079688603,29398000
2010-01-21,9.033488273620605,9.202564284040605,9.005309066521573,9.158282234127379,25606800
2010-01-22,8.719489097595215,9.0173847569647,8.707411966387058,9.0173847569647,67402400
2010-01-25,8.791950225830078,8.848308635025868,8.743642469501017,8.800001646522544,66680200
2010-01-26,8.76779556274414,8.876486656299884,8.727539232474115,8.775846214537637,32250600
2010-01-27,8.84025764465332,8.86038619736429,8.70741226806402,8.771822868913349,35370000
2010-01-28,8.586644172668457,8.808052881565326,8.550413544983401,8.795976517554166,46278600
2010-01-29,8.437695503234863,8.679232752366556,8.397439934901039,8.667156388996707,53794800
2010-02-01,8.534308433532715,8.554436211606287,8.473923563660962,8.477949272840782,38415000
2010-02-02,8.618846893310547,8.643000383003368,8.514180747540857,8.562488494752095,27391200
2010-02-03,8.6389741897583,8.659102736563405,8.578590084994092,8.586641503716134,29566400
2010-02-04,8.397439956665039,8.602746580567793,8.389388535847107,8.58664373893193,32978200
2010-02-05,8.481979370117188,8.49808221516716,8.337056835971085,8.409518103044135,46507400
2010-02-08,8.445743560791016,8.542358268404898,8.43366720223018,8.494051298510678,45887600
2010-02-09,8.518208503723145,8.598721179144091,8.46185009162395,8.538336288665493,31774800
2010-02-10,8.494051933288574,8.550410324985423,8.4417184828625,8.538333197696598,20846800
2010-02-11,8.582616806030273,8.61482171688904,8.433669381243098,8.494053493125078,30349600
2010-02-12,8.59872055053711,8.614822623748694,8.46990089354154,8.522233591261346,30286000
2010-02-16,8.72754192352295,8.72754192352295,8.626901450729237,8.651054949208483,20466600
2010-02-17,8.751691818237305,8.767794655809904,8.707409782738214,8.767794655809904,17806600
2010-02-18,8.808052062988281,8.824154903941027,8.727540161701704,8.747667945066919,11527600
2010-02-19,8.783897399902344,8.828179438800994,8.747666780408105,8.759743909514723,13535600
2010-02-22,8.76779556274414,8.832205384045928,8.751692723505876,8.828179674236361,14074600
2010-02-23,8.659101486206055,8.763767611002356,8.622870875014048,8.75974190222264,20971400
2010-02-24,8.743645668029785,8.771825650761988,8.691312950036304,8.699364373674076,15078000
2010-02-25,8.719489097595215,8.735591939206092,8.574566594400316,8.630925772212638,23315000
2010-02-26,8.7315673828125,8.755720880595318,8.679233908486236,8.719490250008166,19404000
2010-03-01,8.844281196594238,8.852332615713538,8.759743599318368,8.775845669731376,12843600
2010-03-02,8.832206726074219,8.900642267584153,8.804027520951141,8.88453942589911,14023800
2010-03-03,8.836231231689453,8.88051250463414,8.81207697245528,8.856359013225616,16663600
2010-03-04,8.87246322631836,8.880513879483809,8.783899131066509,8.84830896334471,7247600
2010-03-05,8.981152534484863,8.993229663545934,8.904666353908258,8.936871263578832,14095800
2010-03-08,9.029461860656738,9.045563934392797,8.98517981418752,8.997256945358874,11718800
2010-03-09,9.069720268249512,9.12607869093654,9.001284711632724,9.01738678904648,24003800
2010-03-10,9.13010311126709,9.146205186404043,9.065693275067654,9.073744696549037,33817000
2010-03-11,9.166330337524414,9.166330337524414,9.0898433974952,9.10594623448052,10907400
2010-03-12,9.158280372619629,9.242817976733651,9.134126881133572,9.190485283876255,14918400
2010-03-15,9.150225639343262,9.162302764625712,9.081790131726788,9.126072156603733,17564000
2010-03-16,9.218664169311523,9.22268987905884,9.14217721976373,9.150228639258366,13229600
2010-03-17,9.246843338012695,9.29917679672277,9.21061271823668,9.230741266904255,19621000
2010-03-18,9.258919715881348,9.279047495089996,9.230740517859015,9.242816878253981,9003200
2010-03-19,9.203594207763672,9.300516560312715,9.163209701633974,9.203594207763672,18086000
2010-03-22,9.272245407104492,9.312629906876463,9.151092678058841,9.159169732067289,16861600
2010-03-23,9.361095428466797,9.3691724858988,9.264173050094538,9.304557566983961,11956800
2010-03-24,9.316670417785645,9.34493934256457,9.288401493006718,9.316670417785645,11754200
2010-03-25,9.332822799682617,9.441859950727348,9.31263016410375,9.37724505741555,16660400
2010-03-26,9.288400650024414,9.369169659437118,9.268208782806418,9.357054076944104,17161200
2010-03-29,9.316670417785645,9.369170509749733,9.304555604463493,9.328786001378226,15494400
2010-03-30,9.3570556640625,9.389363119253412,9.300517810046026,9.340901551331799,10629000
2010-03-31,9.328789710998535,9.361097176488812,9.288405186568006,9.328789710998535,9356400
2010-04-01,9.312629699707031,9.40551427819733,9.248014809617409,9.353014198580608,18213400
2010-04-05,9.421666145324707,9.425704671608875,9.260128945308686,9.3449356864658,9699200
2010-04-06,9.429749488830566,9.453979892430443,9.353018978781874,9.38936496931701,10143800
2010-04-07,9.393397331237793,9.44185810662154,9.344935785583909,9.401474383891797,11420600
2010-04-08,9.409554481506348,9.421670065399779,9.316670649134718,9.361093686473518,16910400
2010-04-09,9.482242584228516,9.486281110548962,9.39743584230956,9.429743282602992,10978600
2010-04-12,9.50243854522705,9.534745996840135,9.482245906549869,9.490322962020741,8320800
2010-04-13,9.530710220336914,9.546863565671243,9.458018240655864,9.49032570159515,11877200
2010-04-14,9.66801643371582,9.672054962329593,9.591285930595298,9.607440045050385,29962600
2010-04-15,9.712435722351074,9.716474249723413,9.647820824934303,9.676089746270348,18980400
2010-04-16,9.58320426940918,9.700319232132534,9.534743489866568,9.655896208993303,30402400
2010-04-19,9.603399276733398,9.619552617150633,9.498399868074989,9.567053297956626,17533600
2010-04-20,9.655900001525879,9.67609187255433,9.579169505130857,9.635708130497429,13887000
2010-04-21,9.676093101501465,9.724554676503491,9.62763229677004,9.712439090185335,18800600
2010-04-22,9.700321197509766,9.708398252493422,9.514552784237429,9.583206211057803,8321000
2010-04-23,9.724552154541016,9.736667737717122,9.639745383119486,9.696283230733838,25740400
2010-04-26,9.712435722351074,9.75685875317648,9.70032091050439,9.74474317105946,19625800
2010-04-27,9.522631645202637,9.71647637995122,9.506478302442174,9.672054109657068,56498000
2010-04-28,9.5509033203125,9.58321078539805,9.466096513314458,9.58321078539805,25521400
2010-04-29,9.647823333740234,9.663977447430288,9.575131362676068,9.595324004788635,18107200
2010-04-30,9.445902824401855,9.655901709431923,9.441864295427742,9.63974836380611,21095200
2010-05-03,9.575130462646484,9.611476444762168,9.474169572385241,9.474169572385241,13769000
2010-05-04,9.300516128540039,9.474168187376355,9.24397751447509,9.462053375289143,29680600
2010-05-05,9.260132789611816,9.324747696442817,9.19955641074156,9.207632696392597,26930000
2010-05-06,8.981480598449707,9.284363265633234,8.335330754404094,9.195517960556764,51044800
2010-05-07,8.783597946166992,9.009750137381067,8.581676154301084,8.941096697335837,50444200
2010-05-10,9.187439918518066,9.22782442386233,9.098594622976984,9.163209523419656,46776400
2010-05-11,9.126864433288574,9.288401700105892,9.082441396062395,9.090518451970873,25730000
2010-05-12,9.365131378173828,9.365131378173828,9.191478542559967,9.191478542559967,23624200
2010-05-13,9.227825164794922,9.397439484643426,9.20763252536627,9.332824579012609,22879600
2010-05-14,9.050134658813477,9.167249667942079,8.95321229105386,9.14705702657309,32993200
2010-05-17,9.094555854797363,9.106670666890857,8.91282597069146,9.07436321752429,29975200
2010-05-18,8.95725154876709,9.1672504144829,8.916867033010885,9.155134828674868,45030400
2010-05-19,8.888591766357422,9.00570593126173,8.81589984387267,8.933014779046998,53445200
2010-05-20,8.605907440185547,8.767444736264913,8.57763850965548,8.747252863106462,39636800
2010-05-21,8.670520782470703,8.72302087557203,8.42417673958211,8.456484192925062,42044000
2010-05-24,8.630138397216797,8.747252645104101,8.618022811461325,8.674560671112397,25923400
2010-05-25,8.605907440185547,8.622061554928777,8.347447766458561,8.408024156204501,36575800
2010-05-26,8.521099090576172,8.771481661150963,8.496868693162261,8.68667488506705,48645200
2010-05-27,8.81186580657959,8.819942862140936,8.68667452646039,8.714943450654685,38243400
2010-05-28,8.739174842834473,8.819943867110151,8.678598459762966,8.815905338869317,24232600
2010-06-01,8.654364585876465,8.836093662127086,8.642249006018346,8.698787608419373,26467000
2010-06-02,8.848215103149414,8.848215103149414,8.642254730751926,8.702831129628668,20760000
2010-06-03,8.937055587768555,8.953209696181865,8.823979909956517,8.876479221759208,25170000
2010-06-04,8.6503267288208,8.864364034593596,8.618019283635308,8.747249064377279,36989000
2010-06-07,8.525135040283203,8.723018228237343,8.508980933379087,8.694749311425355,21086400
2010-06-08,8.541292190551758,8.565522591456444,8.412062358699355,8.53725366202255,26650400
2010-06-09,8.496869087219238,8.682636759791933,8.456484576142854,8.60590626577385,26627000
2010-06-10,8.702828407287598,8.710905463350093,8.573598591369542,8.589752703494531,28425600
2010-06-11,8.779559135437012,8.79571324799641,8.613983333055593,8.613983333055593,21450600
2010-06-14,8.763409614562988,8.90071655011067,8.751294024860256,8.872446840804297,26047600
2010-06-15,8.993595123291016,9.001672178329613,8.803788181235797,8.815903763793694,23053600
2010-06-16,9.017829895019531,9.046098831104835,8.937060845972317,8.957253493369489,15507600
2010-06-17,9.050134658813477,9.066288771908665,8.957250819327658,9.058211715361072,19837200
2010-06-18,9.049729347229004,9.098362357538587,9.021360413296529,9.057834977779848,14238600
2010-06-21,8.984885215759277,9.16725802532631,8.94030502386613,9.151046765366832,17484400
2010-06-22,8.90788745880127,9.07810190330684,8.89572978111959,9.013258379018602,20366800
2010-06-23,8.891671180725098,8.96056747709289,8.822774884357306,8.936250591554648,18819600
2010-06-24,8.71335220336914,8.875460926972284,8.697140944511142,8.851144811680655,30528200
2010-06-25,8.70524787902832,8.774144193512992,8.636351564543649,8.766038562868799,31331000
2010-06-28,8.721454620361328,8.761981979583219,8.64850552836094,8.693085700804529,20527200
2010-06-29,8.397239685058594,8.587718113306925,8.336449009807257,8.575559669058508,39667200
2010-06-30,8.267550468444824,8.429659149591748,8.243234359521576,8.36076286347991,25000000
2010-07-01,8.235129356384277,8.324289717519232,8.109495215597562,8.271603909031263,45810800
2010-07-02,8.222970008850098,8.299971139389973,8.166231397984584,8.27160222045475,17022000
2010-07-06,8.304027557373047,8.413451240477878,8.218920763621782,8.352660563084772,30672400
2010-07-07,8.57150936126709,8.583667809071558,8.304029693533607,8.316188141338076,25780600
2010-07-08,8.624191284179688,8.656613023958755,8.526926064842485,8.656613023958755,17332800
2010-07-09,8.668771743774414,8.668771743774414,8.603928256358255,8.620139514709967,15716400
2010-07-12,8.709298133850098,8.745772688030103,8.648507467881842,8.648507467881842,17427200
2010-07-13,8.83493423461914,8.863303939809944,8.737668992951246,8.798459672369251,20582000
2010-07-14,8.887619018554688,8.944356876316224,8.838986016905272,8.86735494578604,24766800
2010-07-15,8.91599178314209,8.924097415736634,8.77414630472024,8.867358760570493,24839000
2010-07-16,8.660665512084961,8.859248757381868,8.652559884196462,8.83898468766062,30216200
2010-07-19,8.745776176452637,8.766039482192715,8.65256373325537,8.697143160482655,14704600
2010-07-20,8.802515983581543,8.81467443349241,8.555300352693108,8.591774929429976,31219600
2010-07-21,8.697141647338867,8.8795144592523,8.668772715040207,8.871408829168274,33310200
2010-07-22,8.932204246520996,8.960573191411717,8.802516426598622,8.806569243439549,23437600
2010-07-23,8.992986679077148,8.992986679077148,8.87951023092336,8.907879149713041,20772800
2010-07-26,9.049729347229004,9.053782162504426,8.956516914880734,8.992991479364052,13152600
2010-07-27,9.074045181274414,9.098362072164232,9.025412945485678,9.078097996422716,15588400
2010-07-28,9.001092910766602,9.090253266897157,8.968671173899631,9.057831530030187,26353400
2010-07-29,8.920037269592285,9.045671379587942,8.847088182177055,9.033513713682094,21295400
2010-07-30,8.883567810058594,8.932200820500357,8.79440819274342,8.822777126753,17912400
2010-08-02,9.069991111755371,9.094307999282188,8.960568209866068,8.988937138985344,31420600
2010-08-03,9.02135944366455,9.061886819067336,9.001095369465462,9.057834004227518,10787400
2010-08-04,9.094306945800781,9.098359759919108,8.984883283591735,9.04567394937612,29363200
2010-08-05,9.053781509399414,9.069991996336263,8.997043645627315,9.033518207479498,10129600
2010-08-06,9.029462814331055,9.04162048281348,8.907880718540406,8.968671379938131,31234200
2010-08-09,9.090255737304688,9.106466223646015,9.017306616280235,9.05378117679246,27105600
2010-08-10,8.99704647064209,9.04567871971827,8.932202956543408,9.005151330157679,22578600
2010-08-11,8.78225040435791,8.863305170163766,8.749828652634674,8.85925235457392,36123000
2010-08-12,8.660665512084961,8.697139291592766,8.567452337357661,8.607979703804936,30331600
2010-08-13,8.620138168334961,8.672823203758487,8.607979726470198,8.624190982289882,12157600
2010-08-16,8.636350631713867,8.680930822446248,8.543138208360164,8.567454324670827,20537200
2010-08-17,8.729562759399414,8.806563913789345,8.684982574124492,8.717404316234807,34201200
2010-08-18,8.778194427490234,8.826827424058727,8.70119250500481,8.729562203916997,25232200
2010-08-19,8.672825813293457,8.774143873666034,8.620140762017718,8.745774940440985,27622200
2010-08-20,8.65256118774414,8.680930116632576,8.603928186081584,8.644455558634492,18632800
2010-08-23,8.575559616088867,8.71740503946275,8.575559616088867,8.697140965840557,16367400
2010-08-24,8.458030700683594,8.543137487083245,8.417503328257187,8.482346814941303,21180600
2010-08-25,8.51071548461914,8.547190041392849,8.385081329618213,8.4053446287168,22105800
2010-08-26,8.425610542297363,8.563402397674865,8.413452096383695,8.551244724756678,20309400
2010-08-27,8.526928901672363,8.53098094412198,8.34050325617421,8.474243073881263,29983400
2010-08-30,8.413450241088867,8.547190024665621,8.413450241088867,8.482346540082668,15187000
2010-08-31,8.385078430175781,8.445869079446302,8.340498259979713,8.393183283215485,31040000
2010-09-01,8.59987735748291,8.632299108413273,8.48234880023366,8.498559289201085,29596200
2010-09-02,8.676878929138184,8.676878929138184,8.58771931119913,8.60392979946283,18613000
2010-09-03,8.806564331054688,8.806564331054688,8.717404729275662,8.753879287502388,20718000
2010-09-07,8.733614921569824,8.810616850019924,8.725510065676643,8.766036664128501,15678800
2010-09-08,8.78225040435791,8.802513709311606,8.737670205865136,8.761987099404214,18581600
2010-09-09,8.806564331054688,8.871407818347677,8.790353845729111,8.855197333022101,13895200
2010-09-10,8.81061840057373,8.822776846046205,8.753880534359752,8.814671215731222,16300600
2010-09-13,8.968671798706055,8.984883054766495,8.883565023374448,8.89572346541978,23197400
2010-09-14,9.005148887634277,9.078098014457757,8.936252575967153,8.968674324222539,18854400
2010-09-15,9.061884880065918,9.08214817693381,8.980830146603896,8.997041402494391,14763400
2010-09-16,9.114569664001465,9.122675291722858,9.033515705773146,9.049726188220728,15599600
2010-09-17,9.163786888122559,9.184123432242734,9.119045560110854,9.175988504278893,28835400
2010-09-20,9.29801082611084,9.314279907525952,9.17598922444478,9.196326545950535,19105200
2010-09-21,9.281739234924316,9.35901949062998,9.249200302383409,9.310210703923943,37269200
2010-09-22,9.237000465393066,9.289876730258397,9.188192440983057,9.245135394724588,16811600
2010-09-23,9.224798202514648,9.322415020302323,9.163787788371039,9.175989405726057,19862600
2010-09-24,9.403761863708496,9.411896015909878,9.314279207388404,9.314279207388404,16332600
2010-09-27,9.407830238342285,9.481043051804724,9.387493690509196,9.424100097240414,30638200
2010-09-28,9.42003345489502,9.440370004503512,9.285810210425906,9.432235850133898,29432000
2010-09-29,9.399693489074707,9.440366573509522,9.37528870746659,9.399693489074707,12267000
2010-09-30,9.36308765411377,9.505445785543307,9.31021139991366,9.448502067497849,26278600
2010-10-01,9.367156028747559,9.444435521954993,9.334617090610354,9.42816644078113,24335400
2010-10-04,9.289877891540527,9.367158178271294,9.224800000332406,9.318349371970374,16976000
2010-10-05,9.472907066345215,9.497311074183772,9.350885475573586,9.354952939511582,15425800
2010-10-06,9.428173065185547,9.501385921382298,9.350892741890084,9.472914427481344,14340000
2010-10-07,9.428173065185547,9.468846960382633,9.363095143186218,9.464779493283922,9899400
2010-10-08,9.481043815612793,9.501381140873862,9.367157897309344,9.432235786565496,13341200
2010-10-11,9.497314453125,9.537988331186439,9.460708040448674,9.501381918510113,12082000
2010-10-12,9.5542573928833,9.574594719757666,9.415966673296388,9.468842947380047,22014600
2010-10-13,9.631534576416016,9.676275905316944,9.582725783452327,9.61119725610221,30959000
2010-10-14,9.635603904724121,9.668142847732225,9.582727637467451,9.651872988333375,11029200
2010-10-15,9.798298835754395,9.802366300693768,9.684412144820755,9.765759892029013,42694000
2010-10-18,9.863378524780273,9.863378524780273,9.765761675774126,9.802368091125151,21501200
2010-10-19,9.68847942352295,9.761692239445123,9.615266607600775,9.676277804728985,50409400
2010-10-20,9.76982593536377,9.82676888465003,9.700680593034953,9.721017138983045,47254600
2010-10-21,9.777960777282715,9.843038654686469,9.676276496865663,9.822701333129363,55292800
2010-10-22,9.80643367767334,9.814567831689516,9.757624874628258,9.77796219914271,11525200
2010-10-25,9.8349027633667,9.908115562226804,9.8349027633667,9.843037691193247,19000000
2010-10-26,9.859307289123535,9.871509681504545,9.75762301331683,9.798296878797403,20635800
2010-10-27,9.88778018951416,9.895915118942435,9.78609589902943,9.81863484095296,23674600
2010-10-28,9.88778018951416,9.936588990294242,9.822702305667098,9.928454060865967,17096200
2010-10-29,9.904048919677734,9.944722786394234,9.887779062675342,9.904048919677734,16677200
2010-11-01,9.912182807922363,10.013867076147385,9.871508945474476,9.952855894580852,16937800
2010-11-02,10.009801864624023,10.034205877268132,9.98133038724097,10.00166693514613,14973800
2010-11-03,10.066742897033691,10.07081036099591,9.94472208132481,10.026069033200923,30232800
2010-11-04,10.217238426208496,10.225372580306528,10.15215976289695,10.172497087616062,27347000
2010-11-05,10.209101676940918,10.221303293808303,10.164360346321907,10.221303293808303,17475400
2010-11-08,10.217238426208496,10.229440045250351,10.16842962267224,10.188766171601738,15004200
2010-11-09,10.188764572143555,10.28231469958651,10.13995655205892,10.249775760933588,18159600
2010-11-10,10.196898460388184,10.213168315949414,10.103349118279345,10.20096592427849,14106000
2010-11-11,10.042336463928223,10.05453807707889,9.94065221679672,10.001662609917773,24255400
2010-11-12,9.899979591369629,10.038270246693425,9.851170805342093,9.989461460665888,21570800
2010-11-15,9.871512413024902,9.956926855958402,9.8633774825199,9.948791925453401,17599200
2010-11-16,9.692545890808105,9.834904043139483,9.655939486614622,9.802365103388556,35830800
2010-11-17,9.696612358093262,9.761690230902792,9.655938493639946,9.704747286141814,20825800
2010-11-18,9.859307289123535,9.89998115460411,9.798296878797403,9.802364342924406,21610400
2010-11-19,9.88778018951416,9.899982583656573,9.826769770381235,9.859308712304767,10239800
2010-11-22,9.944723129272461,9.944723129272461,9.818634060525014,9.84303884687004,18828400
2010-11-23,9.798298835754395,9.86744418814453,9.749490032271517,9.851174328387033,22018800
2010-11-24,9.960992813110352,9.965060277747035,9.86744345383528,9.879645847745333,14432400
2010-11-26,9.863378524780273,9.940658821164632,9.859311059097966,9.879648387509508,4980000
2010-11-29,9.838971138000488,9.883711693608975,9.749488475204538,9.855240219370078,14342000
2010-11-30,9.741353988647461,9.794229471023819,9.708815051233673,9.74948814115881,21385600
2010-12-01,9.948790550231934,9.97726280306372,9.859308654415015,9.88371266676698,21454600
2010-12-02,10.066742897033691,10.074877824958131,9.952856233459825,9.960991161384262,19251200
2010-12-03,10.091144561767578,10.095212024785297,10.00979762878092,10.013865091798639,18354800
2010-12-06,10.091144561767578,10.115549339873898,10.066740559450505,10.078942948503665,12875600
2010-12-07,10.103350639343262,10.209102389043997,10.095215710337929,10.209102389043997,19821200
2010-12-08,10.188764572143555,10.188764572143555,10.09114775618479,10.13995655205892,18021800
2010-12-09,10.196898460388184,10.23350485961154,10.15622459727452,10.229437395721233,12462600
2010-12-10,10.245707511901855,10.253841664099966,10.184697103574148,10.217236039734887,11634000
2010-12-13,10.225369453430176,10.298582248451579,10.217235301819535,10.28638063314093,13802200
2010-12-14,10.241641998291016,10.278248405416724,10.217237985470403,10.225372139217553,12583400
2010-12-15,10.200969696044922,10.282317452350247,10.172498214074968,10.229441178014877,9197000
2010-12-16,10.217238426208496,10.261978989011316,10.16842962267224,10.213170961264675,11870400
2010-12-17,10.237648010253906,10.25805768295583,10.213156247295776,10.241730100510113,11957600
2010-12-20,10.245809555053711,10.274383400917486,10.184579774120063,10.262137133299195,9538400
2010-12-21,10.307040214538574,10.31112230409262,10.262138008023035,10.278466366239222,11115400
2010-12-22,10.294791221618652,10.307037487040125,10.278463646302122,10.294791221618652,10815600
2010-12-23,10.29071044921875,10.302956716206392,10.25805451583057,10.282547049805855,6456400
2010-12-27,10.311119079589844,10.327446654121083,10.22539678291997,10.24580722430743,5982800
2010-12-28,10.298873901367188,10.339694009870211,10.29070972395082,10.331529832453844,5815000
2010-12-29,10.31928539276123,10.343777148918491,10.307039125393155,10.327448792427724,7469800
2010-12-30,10.294791221618652,10.323365840935423,10.282545734775946,10.311119575513949,10092000
2010-12-31,10.282547950744629,10.302957618933426,10.241727835788103,10.290711350872787,12704200
2011-01-03,10.396841049194336,10.453989508982334,10.36010303168018,10.36010303168018,14855000
2011-01-04,10.437661170959473,10.458071613264204,10.368267224280912,10.445825347881366,18383400
2011-01-05,10.49889087677002,10.51113714207827,10.396841001604212,10.417251443784629,23670800
2011-01-06,10.560124397277832,10.560124397277832,10.478484162732958,10.523386369590536,22089000
2011-01-07,10.511138916015625,10.560123206936819,10.421335291002146,10.551959028686804,17831200
2011-01-10,10.519306182861328,10.539715855899999,10.44991220451908,10.498895731243538,20666600
2011-01-11,10.50298023223877,10.56421004398753,10.470324280734143,10.556046640045846,16782800
2011-01-12,10.596864700317383,10.605028881840518,10.527471493108347,10.564208752804047,27155000
2011-01-13,10.588695526123047,10.617269367300961,10.556039596408462,10.60502310169095,26086800
2011-01-14,10.68258285522461,10.68258285522461,10.57645087282834,10.596860540044243,15706800
2011-01-18,10.694826126098633,10.707071611565532,10.60502174692176,10.617268010967337,17266000
2011-01-19,10.617270469665527,10.719320357941537,10.584614536560359,10.719320357941537,22431200
2011-01-20,10.560124397277832,10.584616156209702,10.470319983562675,10.58053406662456,30717200
2011-01-21,10.49889087677002,10.62543328255233,10.494808788333936,10.621351194116246,23263400
2011-01-24,10.645846366882324,10.65401054637781,10.502976340027377,10.502976340027377,36983400
2011-01-25,10.694826126098633,10.698907435535146,10.596857570891375,10.62135009898253,22027000
2011-01-26,10.756059646606445,10.788715583557074,10.694829862146388,10.723403709655818,16571000
2011-01-27,10.792797088623047,10.82545302380552,10.73156730747827,10.760141153440571,18093000
2011-01-28,10.543792724609375,10.805040147306286,10.50705470847028,10.805040147306286,32363400
2011-01-31,10.609106063842773,10.609106063842773,10.490728600846559,10.551958376781073,27973000
2011-02-01,10.788716316223145,10.813208075954622,10.674420139844573,10.686666408999814,24745400
2011-02-02,10.809123039245605,10.829533482272987,10.76422162174295,10.76422162174295,17495000
2011-02-03,10.825455665588379,10.849947428307338,10.715241565484412,10.805045214506663,22929000
2011-02-04,10.894845962524414,10.903009361620926,10.805041565253259,10.845861675051163,15135200
2011-02-07,10.947914123535156,11.000980512270727,10.915258183766735,10.919340273560165,19596400
2011-02-08,10.992813110351562,11.00097728754525,10.92750124995964,10.972402667367342,10376000
2011-02-09,10.97240924835205,11.005065198134258,10.939753298569844,10.976491339397233,10374400
2011-02-10,10.923421859741211,10.951995708398837,10.845863714399812,10.886683831873126,15676800
2011-02-11,10.980570793151855,10.996899153410878,10.898931327593962,10.927505179468179,25499200
2011-02-14,10.996896743774414,11.017306411046961,10.96832289816129,10.97240420875268,11883600
2011-02-15,10.95607852935791,10.976488200167488,10.915258409159721,10.976488200167488,12084800
2011-02-16,11.017306327819824,11.029552595238181,10.95607654788583,10.988732482422554,13573000
2011-02-17,11.037718772888184,11.049964263945792,10.956078532468624,10.964242712226387,13297800
2011-02-18,11.02138900756836,11.058127033213236,10.992815160639886,11.049962854496833,12668200
2011-02-22,10.75197696685791,10.93566708873204,10.73156729935141,10.882600707488889,44693600
2011-02-23,10.625436782836914,10.73565009260315,10.56012490350173,10.715240422278036,24511800
2011-02-24,10.662172317504883,10.6948282495315,10.543794077296623,10.633597695725113,22663400
2011-02-25,10.796884536743164,10.809130031902674,10.71116217773012,10.731572633961461,15605800
2011-02-28,10.841784477233887,10.870358333409204,10.768308402166394,10.833621074454644,18504600
2011-03-01,10.633598327636719,10.882600310748627,10.625434928079072,10.862190643986189,29088000
2011-03-02,10.69891357421875,10.78055382420772,10.637683776016585,10.64993004708867,19854600
2011-03-03,10.870354652404785,10.874436741701691,10.79687938079725,10.800960691515233,19117000
2011-03-04,10.784635543823242,10.87035710264361,10.719323657508934,10.87035710264361,27781400
2011-03-07,10.645846366882324,10.829536512635688,10.580534488076465,10.829536512635688,29609400
2011-03-08,10.735648155212402,10.78055035611927,10.613188598203147,10.654008710065858,21926400
2011-03-09,10.69074535369873,10.731565460295343,10.62543349457566,10.702990840672571,23727000
2011-03-10,10.490730285644531,10.576451830003853,10.474401927530964,10.56828765094707,29591200
2011-03-11,10.531548500061035,10.572368612410504,10.43358069756964,10.43358069756964,22764400
2011-03-14,10.482566833496094,10.551960803132907,10.421337043482206,10.478484743684632,19229600
2011-03-15,10.327446937561035,10.380513308046124,10.151921808283912,10.176413560042318,29789400
2011-03-16,10.074369430541992,10.307043151366507,10.00905753622561,10.270305113491142,42762200
2011-03-17,10.180496215820312,10.278464006892717,10.164167861352182,10.213152146177782,21866200
2011-03-18,10.19852066040039,10.321394873905353,10.186233785897056,10.317298988667499,36830200
2011-03-21,10.37054443359375,10.431981152698778,10.345969902193792,10.362352662723675,17801200
2011-03-22,10.35416316986084,10.395120467711463,10.341875511779424,10.386929476867566,18278600
2011-03-23,10.411500930786133,10.440171343281401,10.28453162635988,10.329584796905237,11671200
2011-03-24,10.575331687927246,10.587619341524912,10.444266507725871,10.493416340906434,20801200
2011-03-25,10.599906921386719,10.657248527459569,10.587620048179081,10.608098690998576,12480200
2011-03-28,10.575331687927246,10.665439585223265,10.567139918862136,10.640864278027934,16532200
2011-03-29,10.649055480957031,10.653151365271837,10.513894423408672,10.563044253976281,10271600
2011-03-30,10.694107055664062,10.718681574893148,10.669531755225096,10.710489808080158,12454600
2011-03-31,10.673630714416504,10.710492894487526,10.657247957279443,10.677726599003297,12432000
2011-04-01,10.65315055847168,10.747353546947721,10.620384267644797,10.722779024130057,21874800
2011-04-04,10.616292953491211,10.681825563353907,10.575334877024442,10.677729677586198,11739600
2011-04-05,10.599906921386719,10.677727170279063,10.587620048179081,10.612194575804505,19828400
2011-04-06,10.677725791931152,10.694109329039975,10.616289090193156,10.673629907653947,21893200
2011-04-07,10.6818208694458,10.718683043946529,10.595809649750759,10.665438114784358,18300600
2011-04-08,10.620386123657227,10.722780898036937,10.58352394238372,10.722780898036937,12734000
2011-04-11,10.604002952575684,10.661344559440106,10.571236654886082,10.636769250265285,11592800
2011-04-12,10.517992973327637,10.571237920494013,10.481130786362357,10.542567504234405,16106800
2011-04-13,10.583525657653809,10.624483730285787,10.526184824695195,10.571238001501138,14444400
2011-04-14,10.563045501708984,10.575332374894701,10.472937598559609,10.530278423320015,11015000
2011-04-15,10.54256534576416,10.567139871639576,10.481128640470576,10.534373576735657,20343600
2011-04-18,10.44836139678955,10.45245728093187,10.321392113217744,10.431977860220275,17627000
2011-04-19,10.477036476135254,10.477036476135254,10.411503863058144,10.460653713471162,19927800
2011-04-20,10.698203086853027,10.714585839495431,10.624478746937479,10.632669732653735,18449000
2011-04-21,10.792407989501953,10.80059975789047,10.73916227618662,10.796503873696212,20296000
2011-04-25,10.800602912902832,10.812889787864751,10.767836610987283,10.792411142121379,12519400
2011-04-26,10.89070987701416,10.927572063742142,10.80879373290526,10.82517727421114,14400000
2011-04-27,10.956239700317383,10.972623237466905,10.870228473912537,10.915281638653626,16033800
2011-04-28,10.960332870483398,10.972620520302733,10.911183052415913,10.931662468781472,16963600
2011-04-29,10.952147483825684,10.972626912121,10.919381179763487,10.952147483825684,15000000
2011-05-02,10.911184310913086,11.013579060921534,10.898897440886438,11.001292190894887,13415000
2011-05-03,10.915282249450684,10.935761672033575,10.845653775089044,10.911186364934107,16303600
2011-05-04,10.882515907287598,10.93985672785059,10.808791548729413,10.91937808656669,21753800
2011-05-05,10.825174331665039,10.935760861788866,10.788312154957096,10.853844739946764,26800000
2011-05-06,10.845653533935547,10.976718710711433,10.837461765084536,10.919377891174502,21269000
2011-05-09,10.89070987701416,10.927572063742142,10.829273159537609,10.87023123159206,7888200
2011-05-10,10.989011764526367,11.001299423841642,10.898904606512396,10.915287371055635,27132000
2011-05-11,10.89070987701416,11.009487426640794,10.829273159537609,10.984912895892222,23684800
2011-05-12,10.972626686096191,10.984913561609973,10.800603398010587,10.862040119210382,21935400
2011-05-13,10.837461471557617,10.9439521201063,10.825174599823958,10.93166524837264,20408200
2011-05-16,10.6818208694458,10.841556438142298,10.661342230816501,10.788311508980128,33938800
2011-05-17,10.6818208694458,10.685916753413657,10.563043359217888,10.620384172347915,110101200
2011-05-18,10.7596435546875,10.776026313082799,10.669535649277769,10.6900150737846,23915400
2011-05-19,10.780122756958008,10.804697286430287,10.714590157558462,10.800602182526745,16237000
2011-05-20,10.718682289123535,10.796502516612652,10.694107768256949,10.767832112066644,26858600
2011-05-23,10.567139625549316,10.608097688527893,10.526182343780812,10.571235509968181,25196800
2011-05-24,10.534375190734863,10.59581268665154,10.530279305593071,10.591716801509747,17531400
2011-05-25,10.567139625549316,10.62038534178449,10.50160703726762,10.51799057494308,24816200
2011-05-26,10.63676643371582,10.657245852605348,10.546659334231753,10.550755218009659,22264200
2011-05-27,10.690013885498047,10.690013885498047,10.63267228446309,10.644959937801312,25109200
2011-05-31,10.837461471557617,10.837461471557617,10.726875719904417,10.78012065357373,21345200
2011-06-01,10.61219596862793,10.845655964735837,10.604004197940924,10.808793777854563,33255000
2011-06-02,10.620386123657227,10.661344189651137,10.571236288222508,10.624482008377631,20809800
2011-06-03,10.460650444030762,10.563045217611908,10.448362789965378,10.497511843806658,21554600
2011-06-06,10.382828712463379,10.485223471400474,10.37463694425801,10.452457179789004,16872000
2011-06-07,10.35006332397461,10.440170438466188,10.345967439514526,10.415595912915771,17582000
2011-06-08,10.280435562133789,10.33777638612363,10.251765150138867,10.30910597412871,19987200
2011-06-09,10.288626670837402,10.329583953222457,10.255860376203305,10.284530786356878,10667000
2011-06-10,10.145277976989746,10.264055550532431,10.137086204687382,10.251768673289288,21798400
2011-06-13,10.153468132019043,10.202617195583827,10.116605943740316,10.153468132019043,23329800
2011-06-14,10.280435562133789,10.30910597412871,10.231285726420971,10.243573380651709,18234400
2011-06-15,10.087931632995605,10.231284456385595,10.067452993029908,10.182135407983909,33123400
2011-06-16,10.063362121582031,10.13708651211838,9.989637731045685,10.079745666683632,18411800
2011-06-17,10.05431079864502,10.177676257730612,10.029637079357132,10.16945168463465,39895800
2011-06-20,10.091323852539062,10.120109083333537,10.009079663693091,10.013191951569262,17454200
2011-06-21,10.272255897521973,10.2928173290653,10.099543794250096,10.144778159307002,28681800
2011-06-22,10.198237419128418,10.276369298793364,10.19001362995724,10.214686566147776,22092400
2011-06-23,10.268142700195312,10.276367272082936,10.050197035541686,10.074869966866213,25150400
2011-06-24,10.091323852539062,10.23936229438761,10.078986988910552,10.23525000651144,23521200
2011-06-27,10.227022171020508,10.2804803235943,10.083095289622506,10.111880509034426,23962000
2011-06-28,10.354503631591797,10.358615919320897,10.247586503651242,10.255811079109444,16118800
2011-06-29,10.436744689941406,10.436744689941406,10.329828370343964,10.391511103754338,16565600
2011-06-30,10.56833553314209,10.580671609242572,10.469642218307172,10.481979078746164,18197000
2011-07-01,10.741045951843262,10.757494312144628,10.547772424018106,10.580669928959223,22902600
2011-07-05,10.757499694824219,10.773948847694555,10.708153804890763,10.732826749857491,16311800
2011-07-06,10.806841850280762,10.827402498432594,10.71226082950236,10.753382910144477,13517200
2011-07-07,10.938435554504395,10.963108497440615,10.868528229236176,10.876752804994487,26018200
2011-07-08,10.884976387023926,10.884976387023926,10.773947753777394,10.835630502100734,23908400
2011-07-11,10.704034805297852,10.819175665842367,10.667025018883319,10.76571752120931,23381400
2011-07-12,10.609453201293945,10.70814648234908,10.597117129415736,10.671136698037966,18861800
2011-07-13,10.63413143157959,10.745160047344594,10.60123391869763,10.662916657308983,11160200
2011-07-14,10.54366397857666,10.724600713831451,10.50254267067488,10.654693392324281,21495400
2011-07-15,10.658803939819336,10.67114080077895,10.580672055752203,10.646467078859722,28470800
2011-07-18,10.62179183959961,10.662913916215535,10.527211612419842,10.605343479556264,16761200
2011-07-19,10.876752853393555,10.880864356952292,10.716376762747702,10.72460133854261,24640800
2011-07-20,10.843853950500488,10.958994859578366,10.823292513637568,10.958994859578366,11853600
2011-07-21,10.893200874328613,10.94665983095724,10.773947666448596,10.82740583873853,22424400
2011-07-22,10.987778663635254,11.008340097834914,10.876750056311147,10.889086132492428,12630000
2011-07-25,10.958993911743164,11.016565145641428,10.872638237403594,10.897311175166536,11805600
2011-07-26,11.008342742919922,11.053576340350874,10.950771497666166,10.967220648978298,16658800
2011-07-27,10.716377258300781,10.905538588637409,10.695816602201448,10.897314012462175,26931400
2011-07-28,10.699930191040039,10.819183422723102,10.66292037809109,10.699930191040039,21409200
2011-07-29,10.613568305969238,10.728709974893015,10.53132492902807,10.601232230814212,22955000
2011-08-01,10.6053466796875,10.778058041780444,10.481980412614327,10.749272814764954,23996200
2011-08-02,10.383285522460938,10.6012319959873,10.366836376833996,10.543660770631442,42248200
2011-08-03,10.490202903747559,10.518988125045796,10.247583489464617,10.391510380294262,43071200
2011-08-04,10.066649436950684,10.387400810311364,10.050201070909415,10.366839372336452,67391800
2011-08-05,10.004965782165527,10.181790210981601,9.708888161290751,10.13655583588765,65683400
2011-08-08,9.441591262817383,9.861034982072757,9.441591262817383,9.700659765320289,89921600
2011-08-09,9.873373031616211,9.877485317714115,9.301778597759888,9.548509488927147,83606000
2011-08-10,9.486827850341797,9.782906208521357,9.462154915272988,9.688325186137073,69241200
2011-08-11,9.848701477050781,9.976179226564513,9.577296831330713,9.630754989404704,63193000
2011-08-12,9.918609619140625,9.988516929808751,9.824028586350654,9.97618006874783,29171800
2011-08-15,10.095436096191406,10.107772960724354,9.94739764348989,9.996743532944137,69936400
2011-08-16,10.021411895751953,10.095430690297798,9.885709595910377,10.013187323800741,40466400
2011-08-17,9.976176261901855,10.103653973532495,9.873371478639477,10.013186046623373,43154600
2011-08-18,9.49094295501709,9.696552638431099,9.396362688887933,9.692440350642174,61895000
2011-08-19,9.260663032531738,9.540292409096903,9.240101587584931,9.367580193238355,75489400
2011-08-22,9.310002326965332,9.470378346419748,9.272992536655726,9.449816916059762,40644800
2011-08-23,9.65131664276123,9.659541216963392,9.342902169227258,9.37579968169734,37140400
2011-08-24,9.737679481506348,9.762352435935355,9.5731918114145,9.64309916924592,44978600
2011-08-25,9.597857475280762,9.782906453782228,9.564959966251443,9.737672084739984,40875600
2011-08-26,9.787016868591309,9.815802872089463,9.458041814853502,9.560846617188867,46332800
2011-08-29,10.033751487731934,10.037863775149535,9.881600774973782,9.885713062391385,39852000
2011-08-30,10.074872970581055,10.128331135111898,9.939170631330445,10.013190231710519,24940400
2011-08-31,10.05019760131836,10.198235981937701,9.967953446488865,10.128328685634148,24520600
2011-09-01,9.939168930053711,10.148890833786526,9.93505664358776,10.070758959610352,22643200
2011-09-02,9.71300220489502,9.824030842588535,9.675992397550939,9.770572667724155,28679000
2011-09-06,9.667764663696289,9.688325312465315,9.458042752030645,9.503277120528669,22863200
2011-09-07,9.918609619140625,9.918609619140625,9.787018787506437,9.807580222607973,21515400
2011-09-08,9.869266510009766,10.013193470148508,9.844593563349614,9.881603375509258,18912000
2011-09-09,9.65954303741455,9.84870435802105,9.610197151578916,9.795245399970614,33013800
2011-09-12,9.774680137634277,9.77879242357204,9.548509117087384,9.560845974900673,22505200
2011-09-13,9.889824867248535,9.918610880050128,9.754122515681345,9.819917547693398,32684400
2011-09-14,10.037867546081543,10.148896995051429,9.844594670879054,9.963847913434954,33621600
2011-09-15,10.198237419128418,10.218798852902614,10.058422806817882,10.13655468648283,25153800
2011-09-16,10.311339378356934,10.311339378356934,10.208143425921842,10.23291102137856,30007200
2011-09-19,10.28657054901123,10.327849079338963,10.096689624432656,10.17924668508812,23528800
2011-09-20,10.26180362701416,10.439300754244023,10.253547763579638,10.344359899391964,49468200
2011-09-21,10.109076499938965,10.381513780861503,10.104948566916171,10.303084628073888,44161600
2011-09-22,9.795361518859863,9.939836037796653,9.667398733434839,9.844895932072369,82462000
2011-09-23,9.906816482543945,9.939839172659504,9.725191293246857,9.766469852722064,52197800
2011-09-26,10.030647277832031,10.051286942803358,9.78710474242938,9.952218912909133,41016200
2011-09-27,10.158612251281738,10.311341856693645,10.10082196864877,10.20401794588707,43886800
2011-09-28,10.014134407043457,10.253548963402473,10.005878542642872,10.191631555043214,24657600
2011-09-29,9.993496894836426,10.19988882529391,9.83663937411074,10.162739002148475,39385800
2011-09-30,9.74169921875,9.943963214950506,9.729315419557947,9.861406128315604,32973200
2011-10-03,9.522923469543457,9.807744551758251,9.510540457701115,9.663270044123344,47078800
2011-10-04,9.716933250427246,9.721060396526479,9.328916169307298,9.419728342623543,33952200
2011-10-05,9.919198036193848,9.935708983844235,9.61786517151499,9.696294337992189,26480200
2011-10-06,10.06779670715332,10.071924639663646,9.840765930343824,9.898555410843125,21334800
2011-10-07,10.030647277832031,10.13384324072052,9.96872985756348,10.0801816864405,19545200
2011-10-10,10.340239524841309,10.348495394309634,10.142103381539764,10.142103381539764,16416600
2011-10-11,10.385643005371094,10.410409819264958,10.27831909540059,10.303085909294456,21544600
2011-10-12,10.431048393249512,10.542500225070398,10.431048393249512,10.468199003856475,19226600
2011-10-13,10.546626091003418,10.554881956208158,10.398024453931319,10.422791262222896,19951400
2011-10-14,10.732381820678711,10.74889355524087,10.641569642555343,10.691103271596148,23006000
2011-10-17,10.563141822814941,10.715871450344606,10.51773533431118,10.711744303501481,17802600
2011-10-18,10.658082962036133,10.720000405779942,10.43518000709382,10.534248074548517,17419600
2011-10-19,10.451689720153809,10.616803146356293,10.431050837124593,10.596164263327077,24489600
2011-10-20,10.406280517578125,10.459942859169606,10.278317744073592,10.447559060189407,17875400
2011-10-21,10.538369178771973,10.592030718616959,10.459940047623911,10.52185745123659,19584600
2011-10-24,10.703486442565918,10.736509122423856,10.5548839895438,10.575523656531756,25305200
2011-10-25,10.534247398376465,10.678721949387164,10.505352645638917,10.674594015092804,24070000
2011-10-26,10.579647064208984,10.637437324031849,10.385638987013154,10.633309392092894,14990200
2011-10-27,10.893364906311035,10.96353818816026,10.753018342612586,10.827319557196786,27882200
2011-10-28,10.930514335632324,10.955281929372989,10.835574254927522,10.847958051797853,18011600
2011-10-31,10.7365083694458,10.864471146505615,10.728252503229623,10.823192602747461,12862400
2011-11-01,10.439306259155273,10.554885258896434,10.418666589685147,10.484711957343778,33196600
2011-11-02,10.567266464233398,10.61680008414567,10.488837314162495,10.571394397113204,17999400
2011-11-03,10.819064140319824,10.831447939038217,10.559010665815148,10.68284550370829,23279200
2011-11-04,10.753020286560059,10.786042967087075,10.649824311497783,10.736509339957955,11387800
2011-11-07,10.819064140319824,10.831447939038217,10.637439816386243,10.744763709977558,12765000
2011-11-08,10.94289779663086,10.955281593121093,10.79016745587486,10.9016192623193,14476200
2011-11-09,10.563141822814941,10.753022070516241,10.534247070975434,10.732383187008862,20789600
2011-11-10,10.596160888671875,10.699356845598043,10.505348730013008,10.695228912842277,11454200
2011-11-11,10.798428535461426,10.831451221394952,10.691104609346729,10.695232543503787,9877200
2011-11-14,10.715871810913086,10.823195740873171,10.686977058101325,10.773662103859571,6522000
2011-11-15,10.860342979431152,10.897493589280876,10.695229595278342,10.699357528297503,15485600
2011-11-16,10.699357986450195,10.872727244065098,10.678719107793345,10.773659209331262,17483000
2011-11-17,10.492965698242188,10.67871874920736,10.4062806786842,10.670462883092746,24996600
2011-11-18,10.406280517578125,10.505349334774289,10.39389750592064,10.48470966980729,14593800
2011-11-21,10.22465705871582,10.298958284265847,10.129716953767579,10.290702417577448,18826000
2011-11-22,10.208147048950195,10.261809404162713,10.125590730095196,10.20401911490901,14135600
2011-11-23,9.964600563049316,10.146225653366951,9.964600563049316,10.125586778538345,25073600
2011-11-25,9.91093921661377,10.055413705304753,9.91093921661377,9.935706024373685,14131800
2011-11-28,10.237038612365723,10.253550343389145,10.15861025197248,10.162738184728335,19591800
2011-11-29,10.18337631225586,10.311339068985768,10.158609504864854,10.24529372439468,9531000
2011-11-30,10.57552719116211,10.583782273393574,10.422796753695712,10.451691509813475,27460600
2011-12-01,10.63331127166748,10.653950147687931,10.546626260271749,10.546626260271749,15959400
2011-12-02,10.625056266784668,10.740636028898148,10.608545322095724,10.711741285200457,11084800
2011-12-05,10.74476146697998,10.827317745900665,10.691099137725127,10.773656203968347,12168000
2011-12-06,10.740639686584473,10.798429193659864,10.695233195412102,10.74476762099314,11733200
2011-12-07,10.753020286560059,10.794298834049531,10.608546551331118,10.699358725949711,11650600
2011-12-08,10.583779335021973,10.761276544550377,10.567268387819917,10.695231181096483,13632200
2011-12-09,10.748894691467285,10.769533574528808,10.604420148067858,10.612675228898715,16561200
2011-12-12,10.61267375946045,10.658080240696293,10.534245384827573,10.653952307190961,116342000
2011-12-13,10.513603210449219,10.71999511256711,10.480580537603261,10.686972439721153,23459600
2011-12-14,10.35262393951416,10.50122644941459,10.315473312039053,10.492970579459435,27793400
2011-12-15,10.327853202819824,10.464071856162027,10.31959733599356,10.455815989335763,18948000
2011-12-16,10.35645580291748,10.484979244877668,10.327434635625664,10.381331766968325,39399000
2011-12-19,10.256957054138184,10.414501705401065,10.22378988399353,10.389625734716793,20306400
2011-12-20,10.54716968536377,10.55960687911203,10.393771039404731,10.393771039404731,17925600
2011-12-21,10.37304401397705,10.480837529903967,10.25281251094663,10.480837529903967,18212600
2011-12-22,10.49327564239502,10.49327564239502,10.406212097372533,10.406212097372533,9373800
2011-12-23,10.596921920776367,10.596921920776367,10.493274403736155,10.493274403736155,9490600
2011-12-27,10.613506317138672,10.646673492254788,10.567901154816077,10.576193146287064,5578000
2011-12-28,10.50571060180664,10.617650090936074,10.480835423367099,10.613504096068207,9702600
2011-12-29,10.584481239318848,10.601064425385129,10.51400091931019,10.530584105376471,11777800
2011-12-30,10.551319122314453,10.61765347983735,10.551319122314453,10.572048312502389,7502600
2012-01-03,10.700566291809082,10.787630591724879,10.692275093867037,10.72544225793792,53679800
2012-01-04,10.729593276977539,10.750323259987246,10.638383724038816,10.696426094930004,9488600
2012-01-05,10.7627592086792,10.783489189280635,10.66740367021631,10.71715483289185,13513800
2012-01-06,10.766904830932617,10.791780806790554,10.717154460752498,10.77105082690894,9978400
2012-01-09,10.750321388244629,10.812509744910118,10.721300207851924,10.804217753149958,8173200
2012-01-10,10.787637710571289,10.874701277173447,10.787637710571289,10.853972082487624,11466200
2012-01-11,10.820801734924316,10.849822915312338,10.75861337826886,10.766904579259824,8307600
2012-01-12,10.874693870544434,10.88298585907842,10.783484368973237,10.845672701443032,9731000
2012-01-13,10.812508583068848,10.824946569372585,10.733736251347395,10.808362587634269,11943000
2012-01-17,10.862261772155762,10.93688733165318,10.837385794888702,10.887136958654901,11066200
2012-01-18,11.019801139831543,11.032239123346999,10.887132478737055,10.891278473242208,14418800
2012-01-19,11.098575592041016,11.12345077309655,11.06540842037772,11.077845615521612,14850400
2012-01-20,11.11101245880127,11.127596439526656,11.073699292936876,11.077845288118223,26720600
2012-01-23,11.14832592010498,11.206369063414295,11.077845581689756,11.127596734416633,58044400
2012-01-24,11.140034675598145,11.16076386120333,11.086137527796275,11.098575513620032,11501800
2012-01-25,11.22709846496582,11.260265637165528,11.127596948366698,11.243682446449554,35868400
2012-01-26,11.15246868133545,11.27684613170104,11.106864327892165,11.264408149434226,17425800
2012-01-27,11.15246868133545,11.1814898491905,11.111009531213586,11.111009531213586,16520400
2012-01-30,11.185641288757324,11.202225273186617,11.04882658028727,11.057118572501917,15382400
2012-01-31,11.206368446350098,11.264410795695639,11.140034106878705,11.260264800632715,16178600
2012-02-01,11.318305969238281,11.368057114035574,11.272701609839018,11.314160765375492,17944800
2012-02-02,11.347331047058105,11.39293541897804,11.318309076677266,11.359768243596344,12041000
2012-02-03,11.492435455322266,11.51316543147843,11.421955117926775,11.442685094082938,14786400
2012-02-06,11.496580123901367,11.504872113406975,11.430245789391783,11.45926696189377,13401200
2012-02-07,11.525603294372559,11.554625262673163,11.438539761774088,11.49243612136822,14776000
2012-02-08,11.596081733703613,11.608519718077908,11.513164210177933,11.550477372533168,22989800
2012-02-09,11.70802116394043,11.72460514302566,11.612665656503294,11.649978818677416,18972800
2012-02-10,11.620960235595703,11.64583541899895,11.579501069411746,11.629251436218237,12739000
2012-02-13,11.695584297180176,11.720460268185008,11.629249956036071,11.70387628751512,16844000
2012-02-14,11.71631908416748,11.72461107790742,11.62096352846231,11.683151899975767,13086000
2012-02-15,11.654125213623047,11.848982229959539,11.63339523905469,11.774355903048809,24426200
2012-02-16,11.824108123779297,11.836545318880782,11.63754228957957,11.654126270738544,20095600
2012-02-17,11.824108123779297,11.861421290619242,11.782648961649608,11.861421290619242,18570000
2012-02-21,11.873860359191895,11.927757515694767,11.803380009681277,11.840693182408538,19440800
2012-02-22,11.83240032196045,11.886296680137244,11.807524349785535,11.857275503367605,16206000
2012-02-23,11.878005981445312,11.89873596051265,11.753629270112672,11.81996362159246,11013400
2012-02-24,11.948482513427734,11.969212485875714,11.915315348278561,11.919461342768157,10992000
2012-02-27,11.96921443939209,12.002381609954535,11.82825376680977,11.890442112768387,17053000
2012-02-28,12.056279182434082,12.056279182434082,11.95677766070395,11.981652843444532,20220200
2012-02-29,12.00238037109375,12.110173071219766,11.956775219739761,12.064568710633417,20911600
2012-03-01,12.072863578796387,12.09359276666312,12.010674433660531,12.064571587342563,27944800
2012-03-02,12.056279182434082,12.101884343098318,12.023112008524038,12.064571173603543,17570800
2012-03-05,11.952632904052734,12.064572424139993,11.907027738661359,12.043842444067602,14492400
2012-03-06,11.836541175842285,11.861417138873636,11.77020685596029,11.836541175842285,28072800
2012-03-07,11.923608779907227,11.940191969104434,11.869711635789006,11.886295615753902,21582000
2012-03-08,12.043841361999512,12.06871733585142,11.960923821463252,11.98579900454735,14517800
2012-03-09,12.097737312316895,12.11017450723904,12.056278150785026,12.060424146014986,12731600
2012-03-12,12.1143217086792,12.126759695607518,12.05627935121601,12.089446525590377,11853600
2012-03-13,12.354782104492188,12.354782104492188,12.172363067631785,12.184800261964083,38024200
2012-03-14,12.400388717651367,12.454285868656477,12.321616384288093,12.363075548730228,25483600
2012-03-15,12.43355941772461,12.462580603835377,12.379663042200042,12.450143404512485,24901000
2012-03-16,12.427734375,12.465167374380414,12.406938616814136,12.465167374380414,18957600
2012-03-19,12.519235610961914,12.548349985084624,12.423573869328097,12.452688243450806,17861600
2012-03-20,12.506753921508789,12.523391155037649,12.411092208638717,12.44436588238948,11426200
2012-03-21,12.502599716186523,12.581625021089653,12.498440406106644,12.527555576665796,17650000
2012-03-22,12.473484992980957,12.506758679389856,12.427733376678502,12.4485299265011,15001800
2012-03-23,12.473484992980957,12.494281542803556,12.406937620163163,12.494281542803556,19023200
2012-03-26,12.656484603881836,12.660643911854525,12.527549229955993,12.556663592457937,24374400
2012-03-27,12.65233325958252,12.702244193363015,12.644014638401208,12.668969708637764,12876000
2012-03-28,12.606581687927246,12.69808493468098,12.544193615427126,12.652333311304112,12979000
2012-03-29,12.581624984741211,12.59826222501266,12.490122543170077,12.540032677369867,11474400
2012-03-30,12.544190406799316,12.63569283684063,12.5067574142126,12.62321570151651,16014600
2012-04-02,12.677286148071289,12.693923387570662,12.515077029488618,12.540032095430433,32815600
2012-04-03,12.668965339660645,12.735513492854189,12.602417979774206,12.69808050375468,13552400
2012-04-04,12.519235610961914,12.57330504957449,12.440210314552274,12.564986430308803,18419600
2012-04-05,12.548351287841797,12.560829218035774,12.46516667316317,12.477644603357149,10119800
2012-04-09,12.461005210876465,12.523394057763486,12.386140022564893,12.394457847950306,13779800
2012-04-10,12.2863187789917,12.515075236178406,12.257203614039767,12.465164318139365,28745800
2012-04-11,12.357027053833008,12.419415911810813,12.327912676540583,12.386142224432716,18613200
2012-04-12,12.51091480255127,12.52339272926643,12.373660781912756,12.386138708627914,18139000
2012-04-13,12.31543254852295,12.477641635931795,12.302954621296466,12.477641635931795,21060800
2012-04-16,12.186497688293457,12.390299888886776,12.16570193393439,12.386140579353528,40978000
2012-04-17,12.452686309814453,12.47348206144234,12.223929075372338,12.22808838435933,20538200
2012-04-18,12.361183166503906,12.415253390324251,12.319591663020045,12.381979711552916,14212800
2012-04-19,12.223928451538086,12.431889130432205,12.153221788981805,12.319590966742727,38465200
2012-04-20,12.178183555603027,12.323755466875955,12.165705623219312,12.273845323955928,23242600
2012-04-23,12.082517623901367,12.11579130766987,11.9785372629614,12.082517623901367,31060600
2012-04-24,12.057555198669434,12.144899061058256,12.01180361392735,12.070033119955468,19248800
2012-04-25,12.398616790771484,12.411094718441447,12.319592295449741,12.319592295449741,28710400
2012-04-26,12.494277000427246,12.519232057834529,12.394455184184169,12.394455184184169,18953600
2012-04-27,12.490119934082031,12.531711439457958,12.440209017000962,12.510915686769994,11353200
2012-04-30,12.402774810791016,12.481800091205612,12.386138368934121,12.473481473623647,20123600
2012-05-01,12.444371223449707,12.569147355241602,12.377823847386392,12.394460294748571,23355800
2012-05-02,12.452686309814453,12.456845618801445,12.348705965060875,12.377820334662745,12842600
2012-05-03,12.348709106445312,12.477644544613616,12.315435419391967,12.473485234568539,18397800
2012-05-04,12.090836524963379,12.261364257414726,12.086677215231978,12.240568502064939,24187200
2012-05-07,12.057555198669434,12.119943218486185,11.995167178852682,12.015962921022695,16165400
2012-05-08,12.015970230102539,12.049243913798318,11.862079740499755,11.995174475282875,20341600
2012-05-09,12.015970230102539,12.07419977155055,11.845442501998269,11.891194114570164,20923600
2012-05-10,11.924464225769043,12.040922480467685,11.89950916880039,12.032603863709149,17288600
2012-05-11,11.932787895202637,12.061723336326986,11.882876966824695,11.89951420738644,14323000
2012-05-14,11.828805923461914,11.920308354267034,11.812168685147972,11.849601678047154,28108600
2012-05-15,11.795534133911133,11.93694750905477,11.770578272433562,11.857922200990428,16883200
2012-05-16,11.699869155883789,11.857919739200023,11.687392021042662,11.849601120434505,25618800
2012-05-17,11.533503532409668,11.737304981539282,11.52934422202245,11.716509222910535,22552600
2012-05-18,11.425362586975098,11.616686877229862,11.400407520700911,11.579253881164956,25196200
2012-05-21,11.708187103271484,11.712346412415737,11.425360427919102,11.45031628278462,17104400
2012-05-22,11.670757293701172,11.778896980990533,11.604209915878075,11.745623292078985,15628600
2012-05-23,11.683232307434082,11.716505988037774,11.475271605334234,11.58341126562301,17437400
2012-05-24,11.616684913635254,11.720665264393455,11.529341006478663,11.716505955166271,16600800
2012-05-25,11.591731071472168,11.637481891171669,11.566775213482764,11.608367516824567,10010400
2012-05-29,11.745620727539062,11.79553164666249,11.662436920076212,11.712347045892493,14668400
2012-05-30,11.670757293701172,11.708190292890079,11.604209915878075,11.641642915066981,11103000
2012-05-31,11.616684913635254,11.691550893110298,11.533500315705846,11.649958594145593,23844200
2012-06-01,11.313060760498047,11.483588446360761,11.313060760498047,11.417041095453701,24028600
2012-06-04,11.379611015319824,11.4045660799514,11.246516279541824,11.350496641031787,15706600
2012-06-05,11.45032024383545,11.462797382277367,11.338021238013924,11.35049916976322,14268000
2012-06-06,11.7123441696167,11.724822094660057,11.525179260501071,11.529338568848857,17740600
2012-06-07,11.654117584228516,11.828804600450828,11.645798966001953,11.824645291337548,13362200
2012-06-08,11.78305721282959,11.791375834034913,11.612529444657387,11.645803136171295,15210200
2012-06-11,11.616684913635254,11.88703366694515,11.595888367499343,11.878715048490786,27117400
2012-06-12,11.73314380645752,11.745621735636112,11.575094003398085,11.641641372402818,16018800
2012-06-13,11.662437438964844,11.774735623701453,11.629162962530671,11.716506876556013,22709000
2012-06-14,11.720666885375977,11.762259190092946,11.595889971225064,11.670755961054166,21162400
2012-06-15,11.845505714416504,11.874733129309668,11.749471755840972,11.766173590858395,29203400
2012-06-18,11.933192253112793,11.97912151955048,11.791229789930503,11.807931630957885,17272400
2012-06-19,12.025049209594727,12.07515393303921,11.98329620250981,11.995821786080262,13112000
2012-06-20,12.045926094055176,12.083504436245553,11.949892906852002,12.041750634213185,18961600
2012-06-21,11.761999130249023,12.05427489675838,11.74529729381425,12.03757306032361,12344600
2012-06-22,11.891437530517578,11.90396391032277,11.778702501433525,11.803755261043905,28528600
2012-06-25,11.649266242980957,11.782877773219264,11.62838974002655,11.782877773219264,10928800
2012-06-26,11.695195198059082,11.72442261998283,11.611687595659072,11.682668818782826,11241000
2012-06-27,11.766175270080566,11.799578148495215,11.716070554264876,11.745297973329262,14875400
2012-06-28,11.670144081115723,11.703546965217459,11.536531748321199,11.686845124972804,21093800
2012-06-29,11.995819091796875,12.012520927989627,11.841331088950835,11.870558505900767,17999400
2012-07-02,12.062627792358398,12.066803252427228,11.970770060006886,12.029224908195342,16942800
2012-07-03,12.158660888671875,12.158660888671875,12.045925864251421,12.054276783776087,6851000
2012-07-05,12.158660888671875,12.221291192331845,12.079328745962572,12.12943267033554,14129200
2012-07-06,11.97912311553955,12.07933178589189,11.895615492052075,12.07933178589189,13804400
2012-07-09,11.95406723022461,11.979119988563824,11.883086007705192,11.949892566888918,14639400
2012-07-10,11.820456504821777,12.041751106807046,11.778702701150728,11.999997303135997,14580200
2012-07-11,11.766175270080566,11.841331945610383,11.670142094186886,11.812104526545998,15684200
2012-07-12,11.649266242980957,11.699370965014092,11.553233055170617,11.682669125540535,19515800
2012-07-13,11.803753852844238,11.83298127251527,11.670142336412408,11.674316999461878,13778800
2012-07-16,11.791230201721191,11.849685054583247,11.76617823569283,11.803756582929193,9420600
2012-07-17,11.837159156799316,11.874737503042143,11.69102123212029,11.866386582457599,16763800
2012-07-18,12.041751861572266,12.070979287057677,11.828808166251617,11.837159086786768,16260400
2012-07-19,12.146138191223145,12.187892005115726,12.10020891630253,12.116910760414665,19684800
2012-07-20,12.008354187011719,12.137790325926705,12.000003262852568,12.125264736075941,31410600
2012-07-23,11.891437530517578,11.93319133348066,11.711896735247615,11.803755261043905,13050200
2012-07-24,11.77035140991211,11.924839432866005,11.695194730037247,11.895612012111888,15751800
2012-07-25,11.724422454833984,11.79957913665784,11.657616692410002,11.686844113922056,16461200
2012-07-26,11.903964042663574,11.954067969666253,11.83715827573496,11.895613122700606,14088000
2012-07-27,12.162837982177734,12.183715285160682,11.93736868467565,11.970771573060688,18278200
2012-07-30,12.167010307312012,12.258868823989506,12.141958346576093,12.179536685873709,17853000
2012-07-31,12.217114448547363,12.283920204948362,12.192062488993848,12.200412611253396,17480600
2012-08-01,12.175362586975098,12.29644853744068,12.133608783490843,12.29644853744068,18240600
2012-08-02,12.096030235290527,12.233817226985481,12.033399929317829,12.075153732095478,13260800
2012-08-03,12.334027290344238,12.371604838701069,12.250519680603839,12.304799069463787,16377200
2012-08-06,12.421710968017578,12.475990363013462,12.371606237231802,12.379957158427377,22640400
2012-08-07,12.505219459533691,12.555323397426925,12.446763803474607,12.46346564703084,15374800
2012-08-08,12.509392738342285,12.542796421754554,12.459288805999172,12.480165311744194,17118400
2012-08-09,12.551145553588867,12.572022854070415,12.50104162520832,12.530269049494903,8787600
2012-08-10,12.58037281036377,12.58454827040448,12.484339618590113,12.509391582446812,22866200
2012-08-13,12.61795425415039,12.622129715216873,12.530271960917561,12.580375900939815,10418400
2012-08-14,12.592899322509766,12.659705091086401,12.55532097813696,12.655529631001915,12665400
2012-08-15,12.597073554992676,12.626300976348256,12.576197052992262,12.597073554992676,11301600
2012-08-16,12.768265724182129,12.789142229950219,12.647180557229445,12.663881602566388,14334000
2012-08-17,12.83924388885498,12.84341934828777,12.776613590138057,12.789139172048968,16269800
2012-08-20,12.851776123046875,12.868477172000384,12.7849703344572,12.826723355034883,16192600
2012-08-21,12.768265724182129,12.926929238627494,12.73068737668945,12.901877272428257,20252400
2012-08-22,12.789142608642578,12.822545496693186,12.693109405045544,12.739038674760504,37100000
2012-08-23,12.6847562789917,12.764088422967253,12.655528856576373,12.734861000551925,14113800
2012-08-24,12.76408576965332,12.784963064458385,12.613772432606316,12.643000645333407,12511800
2012-08-27,12.776615142822266,12.826719069329725,12.751563179568537,12.81836894583685,9647400
2012-08-28,12.747384071350098,12.793312524772704,12.709805739030577,12.764085109943593,15733800
2012-08-29,12.772439956665039,12.810018300544918,12.72233523269601,12.764089036605606,9583000
2012-08-30,12.630477905273438,12.730686560029756,12.622126984946846,12.713985515764168,12042200
2012-08-31,12.730687141418457,12.772440948570647,12.597075595641554,12.726511681064475,13221200
2012-09-04,12.730687141418457,12.768265488216665,12.60542651634952,12.718160760356511,13611800
2012-09-05,12.71816349029541,12.780794612661207,12.688936057931532,12.72233895154565,17578600
2012-09-06,13.002083778381348,13.006259238120368,12.793315569755379,12.810017408711463,15790800
2012-09-07,12.981208801269531,13.006260766259564,12.935279535131466,12.964506960351105,16006200
2012-09-10,12.843421936035156,12.993735320351519,12.843421936035156,12.956156974272428,12528400
2012-09-11,12.876825332641602,12.943631106901694,12.85594882683069,12.864298951322466,10634400
2012-09-12,12.947808265686035,12.960334648648237,12.868476099700924,12.931106421736432,10383200
2012-09-13,13.12317180633545,13.173275738387947,12.951981911778738,12.960332832583369,17639000
2012-09-14,13.185800552368164,13.244255398277517,13.144046749695393,13.15657312941349,20608200
2012-09-17,13.19832992553711,13.20668005085548,13.152400652541306,13.194154464684061,7630800
2012-09-18,13.206677436828613,13.206677436828613,13.164924429337848,13.169099889364439,10617800
2012-09-19,13.219202995300293,13.252605877049369,13.173273734249992,13.19832649285244,34489800
2012-09-20,13.1941499710083,13.21085101234471,13.127344212887747,13.173272673853468,14270400
2012-09-21,13.210923194885254,13.290583062996637,13.185767741678612,13.252849483347953,17937800
2012-09-24,13.127068519592285,13.148032060311323,13.076757621221217,13.110298486694367,9361400
2012-09-25,12.942593574523926,13.168994206318551,12.938400866569564,13.156416082455465,10879600
2012-09-26,12.85035514831543,12.92582228949332,12.779080714944891,12.91743687387861,14782000
2012-09-27,13.018062591552734,13.047411553259229,12.85455094614661,12.867129072592249,9697200
2012-09-28,12.925827026367188,13.030642360930553,12.90486427932553,12.984523357825859,16246800
2012-10-01,12.896476745605469,13.047411058520181,12.862935876033022,12.976136610719056,29855000
2012-10-02,12.913248062133789,12.976137898541388,12.816818152502455,12.955174353179693,15035400
2012-10-03,12.980328559875488,13.009677520559954,12.896476785523534,12.955173107537643,10537400
2012-10-04,13.018062591552734,13.043218844444015,12.934210814280785,12.992907138338893,7925600
2012-10-05,12.95097827911377,13.089334443842557,12.917437414927313,13.076757119570935,9157800
2012-10-08,12.816812515258789,12.896472353241313,12.795849778794663,12.858738787864178,35163800
2012-10-09,12.653307914733887,12.800049549996604,12.615574328532686,12.79166413091243,30969400
2012-10-10,12.60299301147461,12.678460164784571,12.577837560263747,12.657497422055082,26970200
2012-10-11,12.552682876586914,12.699424483697985,12.552682876586914,12.695231774960249,13798800
2012-10-12,12.544296264648438,12.619763415386888,12.519140814294737,12.556874389663962,14276400
2012-10-15,12.607184410095215,12.623955242278251,12.498176399937353,12.573643545406433,10338200
2012-10-16,12.779083251953125,12.791661377872302,12.623957030670306,12.623957030670306,22450400
2012-10-17,12.712002754211426,12.753929045024758,12.649113717830168,12.674269172447174,21197000
2012-10-18,12.565260887145996,12.724580629143267,12.51914268787518,12.678461630194983,24502400
2012-10-19,12.280163764953613,12.556876156818664,12.280163764953613,12.556876156818664,25686400
2012-10-22,12.364014625549316,12.393362786190478,12.255006600541138,12.280162852242764,12177800
2012-10-23,12.229854583740234,12.347248058956742,12.21308374456175,12.28016630159806,21124000
2012-10-24,12.158576011657715,12.301124897837546,12.137613269439592,12.267584030482137,12784600
2012-10-25,12.1334228515625,12.250815509628701,12.087303850363632,12.23404547262389,10469800
2012-10-26,12.154382705688477,12.208887112259566,12.041181984050658,12.116649131809204,19385400
2012-10-31,12.104073524475098,12.166962556638419,12.06633994524162,12.150191721566904,38869000
2012-11-01,12.301127433776855,12.313705561507186,12.141807681236072,12.166963936696735,12538200
2012-11-02,12.141802787780762,12.35562607495505,12.129225464796933,12.338856044417543,18269000
2012-11-05,12.20888614654541,12.238234301757355,12.120840881232319,12.150189036444264,12036400
2012-11-06,12.26339340209961,12.351437893961796,12.234045238145548,12.26339340209961,12140800
2012-11-07,11.957335472106934,12.137618004349864,11.923794591667155,12.133425294335183,20196800
2012-11-08,11.78543758392334,12.03280186075901,11.781244874184713,11.995068272788984,18926800
2012-11-09,11.839940071105957,11.957333533450878,11.76866561176753,11.777051030437354,28790800
2012-11-12,11.823168754577637,11.902827824291936,11.781242465441059,11.886057788443777,10224000
2012-11-13,11.764471054077148,11.873479080625629,11.701582023289252,11.735122893021291,20176000
2012-11-14,11.647078514099121,11.844131025578864,11.621922261816875,11.818975572974038,30501800
2012-11-15,11.579996109008789,11.701581456014127,11.542262532429836,11.655462462489321,17899000
2012-11-16,11.596766471862793,11.638692758102817,11.408098583621385,11.592573763271051,17345200
2012-11-19,11.91540813446045,11.9237935537599,11.730932908260494,11.739318327559946,21953600
2012-11-20,11.865091323852539,11.902824894820894,11.756084118474245,11.898632186971382,29239400
2012-11-21,11.902824401855469,11.927980647910674,11.8525135090995,11.86928354012575,20198200
2012-11-23,12.095686912536621,12.104072329244351,11.961523443922351,11.97829347766046,16571000
2012-11-26,12.150187492370605,12.150187492370605,12.02860217913285,12.074720360171995,16138400
2012-11-27,12.095686912536621,12.175346771905351,12.066338753736918,12.137613196397918,21487800
2012-11-28,12.166959762573242,12.175345178183342,11.948943754774122,12.01602548030043,22532200
2012-11-29,12.225658416748047,12.267584703160626,12.171154804185873,12.225658416748047,27040800
2012-11-30,12.213080406188965,12.24662127570011,12.17115491905809,12.221465823486103,12603600
2012-12-03,12.196311950683594,12.322090027719183,12.18373382310903,12.30531999063061,15813000
2012-12-04,12.175348281860352,12.204696444299737,12.112458448430296,12.19631102655207,21323600
2012-12-05,12.053764343261719,12.150194266085188,11.978297168990272,12.150194266085188,25176600
2012-12-06,12.12503433227539,12.154382489286226,11.969907331347299,12.020219028849661,19477800
2012-12-07,12.062149047851562,12.19631254986135,12.011837334759118,12.18373442166885,47442800
2012-12-10,12.091496467590332,12.150192796177105,12.024414720726163,12.032800139003559,27452400
2012-12-11,12.2550048828125,12.326279319955423,12.166960413229807,12.187923153698842,19842000
2012-12-12,12.234044075012207,12.322088558503696,12.204695913848377,12.313703940797899,13110000
2012-12-13,12.145998001098633,12.27177685462596,12.104072516266887,12.217272444860908,17561400
2012-12-14,12.028608322143555,12.104075492883254,11.995067446223418,12.066341907513404,18332200
2012-12-17,12.175348281860352,12.179540191056734,12.02441396111214,12.028606669985974,17626200
2012-12-18,12.35562801361084,12.368206138245435,12.187923683536196,12.22984996597419,22085000
2012-12-19,12.292739868164062,12.393362473398785,12.288547159652943,12.384977856053927,18421600
2012-12-20,12.313703536987305,12.334666280080476,12.229850965259834,12.301125411324966,14209600
2012-12-21,12.207440376281738,12.224306887320905,12.110454921764545,12.152622405779256,27099200
2012-12-24,12.173709869384766,12.194793215002079,12.148408889510293,12.173709869384766,5188600
2012-12-26,12.106241226196289,12.211659561377845,12.055640875704862,12.173709700648308,8450000
2012-12-27,12.093589782714844,12.127323612898065,11.937570315443729,12.097806612022492,21490400
2012-12-28,11.958659172058105,12.080944053031565,11.946008679152602,11.996609846496348,16506800
2012-12-31,12.165274620056152,12.215874964638097,11.912270484312504,11.929137802025137,30372600
2013-01-02,12.570082664489746,12.578516324735338,12.430930487549938,12.489965304990962,30083000
2013-01-03,12.489962577819824,12.595380895037394,12.452011919279265,12.561647065698889,19579400
2013-01-04,12.439362525939941,12.48996367653795,12.397195034487934,12.477313187818948,13665800
2013-01-07,12.422494888305664,12.452012694557864,12.350811200241411,12.401411545260647,15376000
2013-01-08,12.376112937927246,12.44779743933524,12.308645266517143,12.422496459347888,11130400
2013-01-09,12.397197723388672,12.422497902036179,12.371897544741165,12.388764062413443,23198600
2013-01-10,12.460447311401367,12.48996512182806,12.35502897271175,12.485748291767104,19470600
2013-01-11,12.477313995361328,12.494180510466943,12.430929671334287,12.456230650409793,10115800
2013-01-14,12.397197723388672,12.426714732523793,12.350814196581272,12.392980892901058,19463000
2013-01-15,12.317076683044434,12.342377660075488,12.270693167043477,12.342377660075488,16168400
2013-01-16,12.359247207641602,12.409848369846786,12.308646849714606,12.325513367597543,17444800
2013-01-17,12.409843444824219,12.45622775808085,12.3971929582239,12.422493127146668,12706200
2013-01-18,12.392979621887207,12.397196451942348,12.329728779616307,12.363462615779326,15481000
2013-01-22,12.426711082458496,12.426711082458496,12.333943251813972,12.401410911242342,12799000
2013-01-23,12.557428359985352,12.603811865720797,12.52369453568784,12.54056104569769,18974600
2013-01-24,12.342379570007324,12.456231571431228,12.325512249376473,12.359246086360061,26757000
2013-01-25,12.355023384094238,12.43514151045593,12.338156875757834,12.388757205044783,32417000
2013-01-28,12.397197723388672,12.439365223986634,12.346597366093658,12.371897544741165,14428400
2013-01-29,12.414061546325684,12.443578547141176,12.31707608100313,12.376110886912064,13582800
2013-01-30,12.376112937927246,12.464663955048724,12.359245617935677,12.405629943634406,11926600
2013-01-31,12.397197723388672,12.489966385559827,12.384548036204007,12.418281875826743,10834600
2013-02-01,12.536345481872559,12.565862480576019,12.456228143756851,12.502611654171762,14645000
2013-02-04,12.371898651123047,12.511050852545566,12.363464989393622,12.494183529086715,21763600
2013-02-05,12.515260696411133,12.561645005749368,12.405625567970272,12.418276053501918,19259200
2013-02-06,12.5110445022583,12.561645642672755,12.460443361843849,12.460443361843849,14869600
2013-02-07,12.5110445022583,12.536344670326606,12.392975710809806,12.523694988431375,19868600
2013-02-08,12.620682716369629,12.650199720365997,12.557431878623406,12.561648708376893,18265200
2013-02-11,12.64598560333252,12.658636095306665,12.595385243992355,12.63755194201642,12871200
2013-02-12,12.603814125061035,12.658632102044711,12.582730782699903,12.633331126077804,10737800
2013-02-13,12.59959888458252,12.650200038619342,12.561649024402476,12.620683033880388,17994600
2013-02-14,12.565864562988281,12.582731881772874,12.50683055579826,12.527913900000973,12739000
2013-02-15,12.557428359985352,12.620679180008459,12.519477707115923,12.5742948699952,10023400
2013-02-19,12.641766548156738,12.641766548156738,12.578515707972409,12.578515707972409,9237200
2013-02-20,12.468879699707031,12.645982522812355,12.464662870076188,12.63754886355067,13324400
2013-02-21,12.367680549621582,12.43514822796896,12.32551304958493,12.426714567105995,33263200
2013-02-22,12.519481658935547,12.523698488838521,12.405629664389473,12.45201398904411,17345400
2013-02-25,12.342379570007324,12.629117586506883,12.333945909691899,12.586950089207868,16158600
2013-02-26,12.414061546325684,12.439361717842113,12.31707608100313,12.376110886912064,15219000
2013-02-27,12.519481658935547,12.582732498924011,12.384546319152674,12.397196004583526,16499400
2013-02-28,12.494180679321289,12.603815843962668,12.494180679321289,12.523698488641637,13330400
2013-03-01,12.515260696411133,12.544777691707173,12.376108572674234,12.43514256326631,11010400
2013-03-04,12.553216934204102,12.561650594977705,12.460448274250796,12.477315595798,9996800
2013-03-05,12.72610092163086,12.75561792533558,12.62489942138123,12.62489942138123,24873600
2013-03-06,12.717666625976562,12.772484605209817,12.696583282750227,12.768267775708953,14349800
2013-03-07,12.747182846069336,12.76826699227999,12.705015357925967,12.721882674894491,10654000
2013-03-08,12.772486686706543,12.806220523932984,12.734536019292033,12.806220523932984,11980400
2013-03-11,12.802003860473633,12.810436716681478,12.709235203684146,12.747185871592912,10737000
2013-03-12,12.755617141723633,12.789350973067815,12.700799967393579,12.768267630081944,9704200
2013-03-13,12.747182846069336,12.797783992696965,12.705015357925967,12.751399675311466,10970800
2013-03-14,12.839950561523438,12.848383415125982,12.789349418518755,12.789349418518755,11512200
2013-03-15,12.786603927612305,12.850113386651566,12.752732162286927,12.841645243428575,19710200
2013-03-18,12.790836334228516,12.845878453921644,12.668051495992323,12.684986973736455,12344800
2013-03-19,12.77390193939209,12.850113614617863,12.668052569926648,12.824709992064806,14551600
2013-03-20,12.837409973144531,12.867047664091041,12.799304139765729,12.845878115576822,14613800
2013-03-21,12.693458557128906,12.744266619266595,12.663820857368068,12.710394847030386,11593600
2013-03-22,12.77390193939209,12.790837418571927,12.714626550912755,12.727327958405983,6818400
2013-03-25,12.7442626953125,12.850112051905517,12.697688719990293,12.828941696047012,9150200
2013-03-26,12.82470989227295,12.828943156360019,12.778135911649246,12.807773605658296,8449600
2013-03-27,12.790836334228516,12.799304476883847,12.71462547303012,12.735795022101918,14460800
2013-03-28,12.816240310668945,12.828941716637932,12.74002864458901,12.761198192914991,14831800
2013-04-01,12.731561660766602,12.828942884033921,12.697689895822899,12.828942884033921,9260000
2013-04-02,12.782370567321777,12.83741188620102,12.752732871958598,12.778136495474662,8435600
2013-04-03,12.680757522583008,12.816244615537867,12.659587159579576,12.795074252534436,16947400
2013-04-04,12.68498706817627,12.710391496331402,12.6257116842807,12.680753804383619,11271400
2013-04-05,12.587605476379395,12.608775832547618,12.477522047004182,12.511393809306824,14025000
2013-04-08,12.642646789550781,12.642646789550781,12.549498843476883,12.596072816513832,12646000
2013-04-09,12.731561660766602,12.765433425710302,12.617244151244142,12.672286274006767,11940200
2013-04-10,12.955965995788574,12.968667406234335,12.756968618092584,12.765436763434282,21103800
2013-04-11,12.91362476348877,12.934794317123544,12.858583439498332,12.888221137613698,12486400
2013-04-12,12.858582496643066,12.892454264515083,12.773902673179702,12.854348424713233,11499000
2013-04-15,12.646883964538574,12.83741235928027,12.646883964538574,12.812008734828042,32840200
2013-04-16,12.803537368774414,12.82047365252494,12.706156159908256,12.740027919842852,16621000
2013-04-17,12.541032791137695,12.697689394985815,12.485990670546105,12.689221252192256,24093000
2013-04-18,12.409781455993652,12.600310668714997,12.375909685683936,12.596076596480444,31544800
2013-04-19,12.426716804504395,12.473289980426504,12.320867429351148,12.384376892929767,17220000
2013-04-22,12.524096488952637,12.557968252515439,12.409778984090725,12.469055176000536,14642600
2013-04-23,12.659582138061523,12.706156110628383,12.54526464588821,12.583370476612648,24907600
2013-04-24,12.680757522583008,12.714629295821723,12.566439985064806,12.57914139530009,11095800
2013-04-25,12.723093032836914,12.79083656014301,12.693455340586315,12.710391626196113,12937600
2013-04-26,12.718857765197754,12.756962786683417,12.668049723939506,12.701921482256198,10734200
2013-04-29,12.900920867919922,12.934792633867719,12.748498324938142,12.748498324938142,16512000
2013-04-30,13.040644645690918,13.044878718238124,12.888222071825332,12.917859772089008,26792000
2013-05-01,12.926323890686035,13.040640583584349,12.913621677001107,13.023705106237621,17378400
2013-05-02,13.091448783874512,13.108384261419314,12.939025448138674,12.943259519416506,12827000
2013-05-03,13.2142333984375,13.243871896883878,13.18459570755763,13.201531992384131,20859400
2013-05-06,13.277742385864258,13.294677861500432,13.231168414623525,13.248104697826129,14483000
2013-05-07,13.26927375793457,13.307379586177394,13.20153024273986,13.286209232950046,12561000
2013-05-08,13.375125885009766,13.379359956536431,13.231170683369381,13.256574304962811,16986800
2013-05-09,13.337019920349121,13.417465663447643,13.2989140845428,13.34972213480675,20527800
2013-05-10,13.375125885009766,13.396295435076528,13.315850498769572,13.362423670429765,9388600
2013-05-13,13.341254234313965,13.379360070812865,13.32008387649981,13.36242378456154,9465800
2013-05-14,13.383598327636719,13.430171514258872,13.328556187673955,13.328556187673955,14746800
2013-05-15,13.425931930541992,13.43016600169096,13.345487001411092,13.37512469188737,12837600
2013-05-16,13.49791145324707,13.578357201436912,13.455572350841841,13.459806422595687,18301800
2013-05-17,13.63339614868164,13.637629411882086,13.514844589908554,13.54871634847709,34379200
2013-05-20,13.63339614868164,13.679970119550788,13.586822177812495,13.59952358254668,16182200
2013-05-21,13.591058731079102,13.633399448997464,13.540251484710305,13.60376175402123,16769000
2013-05-22,13.44287109375,13.671506139354442,13.387829772160044,13.612230745708848,28816800
2013-05-23,13.438633918762207,13.485207893053795,13.298912803453929,13.328550493433491,34028800
2013-05-24,13.417468070983887,13.425935407908396,13.324320096713919,13.349724530187569,10553400
2013-05-28,13.480976104736328,13.607995028318953,13.451338409738156,13.565655925502492,12611800
2013-05-29,13.447100639343262,13.489440538080833,13.349719437543325,13.413228881866482,16462000
2013-05-30,13.531782150268555,13.586824271151851,13.442869073164607,13.459805358841482,17675000
2013-05-31,13.404762268066406,13.599524693859285,13.396294125840674,13.480973932965007,13932600
2013-06-03,13.472506523132324,13.476740594475363,13.328551327735154,13.421699282148932,20009200
2013-06-04,13.41323471069336,13.561423209321743,13.375128866026989,13.485212327555754,18547200
2013-06-05,13.281976699829102,13.413229666786522,13.26504041631643,13.379357907327625,15854600
2013-06-06,13.311614036560059,13.332783582824902,13.171892931539379,13.286209611962533,29453600
2013-06-07,13.434401512145996,13.447103726953763,13.311616665937255,13.379360196445509,13022800
2013-06-10,13.464037895202637,13.519080013111886,13.442868346816928,13.48520825115485,12782000
2013-06-11,13.32431697845459,13.459804835906022,13.307381501002235,13.341253263473464,14615200
2013-06-12,13.23540210723877,13.421697179312115,13.205764420047501,13.396292755234107,17901400
2013-06-13,13.387826919555664,13.413230538909959,13.188829613175267,13.209999968942597,15217200
2013-06-14,13.286209106445312,13.413228801900775,13.273507702196241,13.37088890341562,11558600
2013-06-17,13.408995628356934,13.489441360103903,13.353954321940448,13.370889797927655,13176800
2013-06-18,13.514845848083496,13.54871760980535,13.425931968834568,13.434400111156657,12637600
2013-06-19,13.358183860778809,13.53177668097098,13.34971652892926,13.527543418829318,22447400
2013-06-20,13.061810493469238,13.281977344420271,13.032172803450154,13.218467085731964,31563000
2013-06-21,12.983086585998535,13.09798135148879,12.893723720069076,13.080959544018626,24222200
2013-06-24,12.825637817382812,12.915000681249229,12.74053121693013,12.86819152343137,22370400
2013-06-25,12.932022094726562,12.98308670596445,12.85117094342956,12.957554806167737,16527600
2013-06-26,13.008618354797363,13.063938416874871,12.970320100018917,13.059682965050106,40940600
2013-06-27,13.07244873046875,13.140534337530218,13.06393863831941,13.085215086159447,13088600
2013-06-28,13.017131805419922,13.085217424649128,12.919258829233511,12.966067185175714,18291200
2013-07-01,13.085214614868164,13.187343021781999,13.072448259637273,13.115001965429146,19152800
2013-07-02,13.106493949890137,13.195856832908161,13.029898236560614,13.076706592765666,28990400
2013-07-03,13.183088302612305,13.242663818689262,13.072448986063069,13.072448986063069,23194200
2013-07-05,13.268198013305664,13.276708918737603,13.127771320257143,13.259687107873726,28408200
2013-07-08,13.259684562683105,13.349047429276064,13.225641759134469,13.336281073578652,15658000
2013-07-09,13.310750961303711,13.33202741201211,13.246919985889376,13.315006413774304,24937800
2013-07-10,13.353302955627441,13.395856665798124,13.302239152738231,13.30649460491975,17662800
2013-07-11,13.578838348388672,13.591604706152633,13.476709921210754,13.489476278974713,20648400
2013-07-12,13.587347984313965,13.604368981431321,13.53628336967287,13.591603436504434,14418000
2013-07-15,13.62564468383789,13.638410227304615,13.544792724756148,13.595857333556307,9100000
2013-07-16,13.634153366088867,13.646918907475941,13.591599667628612,13.61713156204705,9948400
2013-07-17,13.646925926208496,13.697989741307934,13.621393207014071,13.676713286957286,10961000
2013-07-18,13.612879753112793,13.680966175852049,13.583092399714404,13.655433462958138,8532400
2013-07-19,13.383090019226074,13.48521842824198,13.349047216220772,13.472452072748325,27199000
2013-07-22,13.42138957977295,13.438410577109279,13.37883586896534,13.40862322303731,10077200
2013-07-23,13.366072654724121,13.459690191195643,13.36181720147841,13.438413736611796,9169000
2013-07-24,13.45543098449707,13.523516590039259,13.429898273685419,13.515005686435375,11583000
2013-07-25,13.463943481445312,13.480965291693591,13.400113316303441,13.442667030279551,9657600
2013-07-26,13.502240180969238,13.502240180969238,13.370324413382964,13.404367218296985,12054000
2013-07-29,13.480966567993164,13.523520285998012,13.451179208883168,13.472455662063261,7955400
2013-07-30,13.549049377441406,13.604368631204332,13.519262024519485,13.53202756911774,11122600
2013-07-31,13.502240180969238,13.625645856060375,13.480963732264659,13.574581242867096,13681800
2013-08-01,13.646925926208496,13.659691474161002,13.587351204710917,13.591606657909987,15494600
2013-08-02,13.706501960754395,13.715012867967861,13.62139451190931,13.646927233549706,8849800
2013-08-05,13.736289024353027,13.753310838408199,13.67245965658044,13.676714298449465,8738200
2013-08-06,13.663945198059082,13.736285454056782,13.625646938034091,13.736285454056782,9372400
2013-08-07,13.629901885986328,13.668200146874481,13.574582626728203,13.634158150134539,10500000
2013-08-08,13.672459602355957,13.702246965189604,13.591607609204088,13.693736058195771,10117000
2013-08-09,13.604371070861816,13.680968410409939,13.561818165710672,13.651181052146283,7339200
2013-08-12,13.693731307983398,13.706496852401148,13.527772737396802,13.527772737396802,9966200
2013-08-13,13.787348747253418,13.812879834455838,13.64266663438054,13.710752239068432,9431000
2013-08-14,13.774581909179688,13.817136427680987,13.727772750472708,13.783092812879946,10591400
2013-08-15,13.553304672241211,13.638411277938427,13.532027412083544,13.638411277938427,14072200
2013-08-16,13.54053783416748,13.608623440959523,13.510750482651519,13.553304189807658,14471200
2013-08-19,13.497987747192383,13.634159808942478,13.497987747192383,13.549052371804251,9623600
2013-08-20,13.519264221191406,13.583094389487583,13.485221410657136,13.536285220636229,6635800
2013-08-21,13.489476203918457,13.591604630528128,13.455433395048567,13.519263560224038,12131600
2013-08-22,13.549049377441406,13.566070374120578,13.463941959112065,13.527772928681317,12098200
2013-08-23,13.646925926208496,13.676713286957286,13.608627659061565,13.663947739004781,10137000
2013-08-26,13.583094596862793,13.702244841374133,13.578839144025462,13.638413860458813,13585400
2013-08-27,13.344791412353516,13.502239067732896,13.315004061965224,13.45543072211319,13703000
2013-08-28,13.353302955627441,13.421389378887243,13.319260149819797,13.327771054182836,9001200
2013-08-29,13.425646781921387,13.493732407546156,13.361816609353749,13.378838421582282,9575400
2013-08-30,13.36181640625,13.455434748794541,13.327773593955076,13.455434748794541,14343200
2013-09-03,13.374580383300781,13.47245334976256,13.32351576813034,13.417134094002062,14790000
2013-09-04,13.502240180969238,13.523517441318308,13.387345410017728,13.404367218296985,14321200
2013-09-05,13.510751724243164,13.557560887580964,13.489475274532088,13.519262628785405,7428000
2013-09-06,13.519264221191406,13.578838936715222,13.408624884043874,13.553307031725675,10285800
2013-09-09,13.680964469909668,13.710751819593735,13.587346157594707,13.60011170080536,11429200
2013-09-10,13.766069412231445,13.795856760090398,13.715005619228773,13.761814772518186,13548800
2013-09-11,13.702242851257324,13.736284845722427,13.642668143476616,13.651179047915152,18665400
2013-09-12,13.715007781982422,13.761816942653288,13.676709525368892,13.710753141598238,12104600
2013-09-13,13.727774620056152,13.757563598708467,13.68096707826336,13.74054178898975,7982400
2013-09-16,13.706501960754395,13.834162322377237,13.668203689938585,13.834162322377237,16322400
2013-09-17,13.774581909179688,13.804369260486148,13.723518110267028,13.727772750472708,12802800
2013-09-18,13.949051856994629,13.966073664981108,13.783093287348857,13.817136903321813,17652600
2013-09-19,13.957566261291504,14.00437543334873,13.949055355163885,13.970333432127616,13298400
2013-09-20,13.858362197875977,14.016571986059477,13.845534862147883,14.008019885191928,15559200
2013-09-23,13.901124000549316,13.982368160338952,13.828433574576275,13.94815974965978,16087000
2013-09-24,13.841256141662598,13.905396074002388,13.785669940190767,13.875464540549483,9495000
2013-09-25,13.819879531860352,13.87546737583714,13.777120655660712,13.858363172898654,9182600
2013-09-26,13.871190071105957,13.935330014524732,13.828431196257787,13.875466937278686,10130600
2013-09-27,13.785672187805176,13.811326860006837,13.738636447240125,13.78994742278995,12399000
2013-09-30,13.700150489807129,13.751461456675443,13.601802974758817,13.64028660769661,15044200
2013-10-01,13.819879531860352,13.849811071429412,13.700153373584104,13.712980710214682,16354000
2013-10-02,13.824151992797852,13.841254559139655,13.721528439016772,13.742907870303567,16256000
2013-10-03,13.704428672790527,13.836983799463395,13.636013491863437,13.832706933135501,12985200
2013-10-04,13.760014533996582,13.781393969115207,13.683047262652455,13.691599362929173,10681600
2013-10-07,13.700150489807129,13.781392989944147,13.65739080703479,13.661666856869335,9135400
2013-10-08,13.482085227966309,13.708711116726974,13.469257070483154,13.691606906749435,16185400
2013-10-09,13.533392906188965,13.584704707958062,13.417941963888564,13.520565567426758,20539800
2013-10-10,13.760014533996582,13.77711873455002,13.64028757684203,13.648839677118751,16409600
2013-10-11,13.87546443939209,13.87546443939209,13.721529907815825,13.734357241731772,17817200
2013-10-14,13.922500610351562,13.93532794467143,13.772841308319244,13.794220742567783,14279600
2013-10-15,13.836981773376465,13.956707914681271,13.832704907674815,13.888292743771904,14500600
2013-10-16,13.969536781311035,13.990917849871135,13.888294266680816,13.896846367875552,16384400
2013-10-17,13.973814010620117,13.986641347172307,13.849810986793743,13.879742526179895,14842200
2013-10-18,14.21327018737793,14.221820658990195,14.072162938573301,14.119198688174844,15869400
2013-10-21,14.290234565734863,14.32871820911902,14.260303024341258,14.273131992900424,10803000
2013-10-22,14.285953521728516,14.354368678689077,14.208986266254632,14.3415413464921,32716200
2013-10-23,14.217540740966797,14.247472275192921,14.15340080697009,14.217540740966797,10266600
2013-10-24,14.251749992370605,14.294508863492673,14.196162154994816,14.234645791463228,7067200
2013-10-25,14.324443817138672,14.388583770271135,14.281684935814875,14.354375360294684,6762600
2013-10-28,14.371478080749512,14.38430541759227,14.303062899010474,14.362925979138806,10021000
2013-10-29,14.46555233001709,14.499759111846275,14.3971355040649,14.4527233595776,9950000
2013-10-30,14.435614585876465,14.504029759036206,14.375751513254992,14.495479289644333,11149000
2013-10-31,14.38858413696289,14.46982666600727,14.371479931538765,14.405686711240207,57424000
2013-11-01,14.39285659790039,14.474099111281763,14.337268756562349,14.448444439238433,9270400
2013-11-04,14.448446273803711,14.461273611454105,14.392858425407503,14.435617305006618,11953400
2013-11-05,14.409961700439453,14.452720577281143,14.358650722000109,14.39285749724414,9023800
2013-11-06,14.555343627929688,14.559618862997379,14.465549011189362,14.48265158260666,10501600
2013-11-07,14.367197036743164,14.580994621403901,14.350094469641357,14.555339955178132,21070600
2013-11-08,14.495476722717285,14.504027190595004,14.328713238471934,14.397128399516397,17894400
2013-11-11,14.512587547302246,14.525416518710731,14.452724451219414,14.49120810315081,15659800
2013-11-12,14.551063537597656,14.580995069879089,14.448441607245934,14.448441607245934,9419400
2013-11-13,14.675067901611328,14.679344767277076,14.482649725310782,14.491201825495953,13496800
2013-11-14,14.636582374572754,14.649409707619416,14.559615114000556,14.58099454612703,16957000
2013-11-15,14.666519165039062,14.679348133832173,14.619483418806624,14.628035520953132,15412600
2013-11-18,14.61092758178711,14.696446950244855,14.580996047498841,14.692171715837796,10479800
2013-11-19,14.559611320495605,14.666510084421631,14.5339566610866,14.593819707901865,8898200
2013-11-20,14.512587547302246,14.645142710876394,14.478380762889355,14.572452274532107,8652200
2013-11-21,14.636582374572754,14.64085923968572,14.551063014920743,14.551063014920743,10782000
2013-11-22,14.60665225982666,14.636583793935518,14.585272825626944,14.636583793935518,6221800
2013-11-25,14.60665225982666,14.645135893844659,14.57244549133637,14.632308559554083,18360800
2013-11-26,14.657966613769531,14.696450256676314,14.598103531724899,14.610930868978278,10631800
2013-11-27,14.773414611816406,14.781966712004353,14.68789524108326,14.68789524108326,13210800
2013-11-29,14.833279609680176,14.876040116176956,14.79479596940634,14.799072835629289,8466000
2013-12-02,14.78624439239502,14.876039002596668,14.752035989758344,14.846107465862787,9883200
2013-12-03,14.820446014404297,14.837550209779646,14.734926668673394,14.734926668673394,11455800
2013-12-04,14.833279609680176,14.888867452552722,14.734932891457385,14.777693397954167,13147800
2013-12-05,14.78624439239502,14.871762136693876,14.764863325173888,14.871762136693876,8537400
2013-12-06,14.888871192932129,14.923079606723386,14.841835439542626,14.888871192932129,8796600
2013-12-09,14.935904502868652,14.978663381965598,14.901696094673753,14.93162763627095,7997200
2013-12-10,14.905973434448242,14.940180212582325,14.888869229807835,14.931628110262121,16249800
2013-12-11,14.76913833618164,14.957279633614947,14.747758902792025,14.927348100640245,15075400
2013-12-12,14.670792579650879,14.773414518968638,14.666515714010622,14.773414518968638,11008200
2013-12-13,14.623756408691406,14.743482544709671,14.623756408691406,14.743482544709671,9705400
2013-12-16,14.76913833618164,14.807621968741431,14.68361897147697,14.700723170647146,12029000
2013-12-17,14.764863014221191,14.811898751282826,14.743483578596734,14.756310913742132,11153800
2013-12-18,14.880316734313965,14.888868836408202,14.551068143845951,14.752038465193792,34219600
2013-12-19,14.905973434448242,14.931628110262121,14.850385584940284,14.876041891900895,17322600
2013-12-20,15.022417068481445,15.056794096622717,14.927883519466798,14.94507039435051,17653800
2013-12-23,15.220081329345703,15.224379277814498,15.125547772463987,15.15992316427905,14570800
2013-12-24,15.263059616088867,15.263059616088867,15.220088307634215,15.224386258073586,5228200
2013-12-26,15.301725387573242,15.31891390243311,15.267348357853507,15.293131130143308,7160400
2013-12-27,15.288832664489746,15.340396562609122,15.271644152054366,15.340396562609122,7649000
2013-12-30,15.258756637573242,15.284539414150075,15.237271810019518,15.275945155291131,9277600
2013-12-31,15.357585906982422,15.366178524478817,15.275941288084967,15.293129801451467,13689400
2014-01-02,15.207192420959473,15.30602393708952,15.181411284082996,15.30602393708952,17105000
2014-01-03,15.134143829345703,15.245865915009883,15.125549570573495,15.245865915009883,10409600
2014-01-06,15.108357429504395,15.164219278532443,15.052495580476347,15.11695168621539,9049400
2014-01-07,15.245862007141113,15.267346828970945,15.147030515374423,15.177109593773555,14323600
2014-01-08,15.245862007141113,15.297425907370075,15.194298106912152,15.254456263710413,9392800
2014-01-09,15.147035598754883,15.310323249997616,15.108362250807588,15.310323249997616,12683800
2014-01-10,15.177107810974121,15.220077449586297,15.099761150122893,15.189998374720446,25920200
2014-01-13,15.013825416564941,15.237271220693554,14.966559453449742,15.164222481998712,12890600
2014-01-14,15.267346382141113,15.275940638458884,15.056792839509479,15.07398135214502,12838800
2014-01-15,15.452122688293457,15.490796031874094,15.331806347903562,15.35329117451787,19348000
2014-01-16,15.44782543182373,15.473606566505858,15.4134483999981,15.460715999164794,13862600
2014-01-17,15.361879348754883,15.452116568307831,15.327502328437635,15.422037495123515,12677400
2014-01-21,15.439233779907227,15.48220343775516,15.31032316717605,15.48220343775516,12588400
2014-01-22,15.42204761505127,15.447830397207834,15.383374261410237,15.42204761505127,8431800
2014-01-23,15.391963005065918,15.391963005065918,15.288835191779832,15.353289665286876,12836000
2014-01-24,15.09546947479248,15.353290663965106,15.091171526100222,15.327507889372985,30993400
2014-01-27,14.953668594360352,15.12555050201458,14.880619849079086,15.116956242713133,16028000
2014-01-28,14.863430976867676,14.889213754158632,14.777490025085141,14.820461320570066,26291000
2014-01-29,14.747408866882324,14.8333498065963,14.691547010190178,14.738814608992218,22438800
2014-01-30,14.927886962890625,14.979450877809883,14.846242321815554,14.923589013788094,16659800
2014-01-31,14.962264060974121,15.035314451337213,14.803274349036784,14.8075706594405,21887000
2014-02-03,14.648577690124512,14.983745559458335,14.592715832173168,14.927885340694113,31951600
2014-02-04,14.704442977905273,14.743116328709561,14.631392586747172,14.67436388718944,11451400
2014-02-05,14.717327117919922,14.760296760399717,14.575524347200378,14.674357475440127,18406200
2014-02-06,14.880617141723633,14.884913450999015,14.730220090092342,14.730220090092342,18279400
2014-02-07,15.082579612731934,15.08687756209238,14.910699339624353,14.975153827344421,20929600
2014-02-10,15.112653732299805,15.138436502422616,15.043901317825837,15.082574653416623,13517400
2014-02-11,15.297428131103516,15.340399420196597,15.1599232843798,15.177111800017032,14082800
2014-02-12,15.357585906982422,15.38336703784532,15.32320888024942,15.336099445680867,16095600
2014-02-13,15.469314575195312,15.482205146134623,15.250166673289236,15.271651504583941,13828600
2014-02-14,15.499391555786133,15.529470643339378,15.417748552311233,15.456421899049309,24752600
2014-02-18,15.50798511505127,15.546658460043908,15.465015460253788,15.516579373848218,11893000
2014-02-19,15.456418991088867,15.546656236771422,15.422041960817213,15.47790381541514,17223400
2014-02-20,15.50798511505127,15.542360511051804,15.387668770268515,15.456421201456841,13394000
2014-02-21,15.44782543182373,15.58103233218031,15.443527483251978,15.555251197498183,12745200
2014-02-24,15.50798511505127,15.585331805036544,15.430638425065997,15.430638425065997,15690400
2014-02-25,15.46501350402832,15.538062235781291,15.426340163927613,15.533765926519903,11223200
2014-02-26,15.47791576385498,15.538073974083503,15.417757553626457,15.473617812159635,11641400
2014-02-27,15.602518081665039,15.611112339227606,15.460715290663197,15.473605857413538,10898800
2014-02-28,15.619704246520996,15.662675532377582,15.443526072476361,15.593923114193991,19402000
2014-03-03,15.452122688293457,15.490796031874094,15.32750839906838,15.426341552031165,18054600
2014-03-04,15.654085159301758,15.697054816633038,15.59822329342121,15.61970812208685,23209800
2014-03-05,15.67557144165039,15.705650532409159,15.64549235089162,15.688462012207717,17861600
2014-03-06,15.697052001953125,15.727131084528933,15.662676610089514,15.697052001953125,17330800
2014-03-07,15.649787902832031,15.748621069606305,15.585333413981877,15.740026809922131,14394800
2014-03-10,15.624006271362305,15.67557018865747,15.563848094653382,15.64119479018982,15115400
2014-03-11,15.589627265930176,15.70564729459038,15.546657613472545,15.649785435045725,18913200
2014-03-12,15.615408897399902,15.632597412799106,15.473606104137044,15.525171650334656,12712200
2014-03-13,15.404858589172363,15.66268148473256,15.348998355110423,15.65838353492006,18794800
2014-03-14,15.310315132141113,15.426335114466722,15.297422930202814,15.374769585086552,17879600
2014-03-17,15.490791320800781,15.533762600148135,15.383365581212445,15.413444657162243,32889800
2014-03-18,15.692752838134766,15.709941350533489,15.499386171616017,15.499386171616017,13728000
2014-03-19,15.628300666809082,15.735726437538952,15.529469154440063,15.662677700252486,15578800
2014-03-20,15.748613357543945,15.791582995735242,15.585325781881094,15.611108548307847,11791000
2014-03-21,15.669641494750977,15.855208841760067,15.639433010004284,15.820683918484445,18219400
2014-03-24,15.656693458557129,15.777529040951602,15.5272282917849,15.71711042663491,20708200
2014-03-25,15.7516450881958,15.78617003200893,15.6264946362331,15.686911641666146,15252600
2014-03-26,15.56176471710205,15.855220190027822,15.56176471710205,15.825010037419464,15026800
2014-03-27,15.505655288696289,15.579018299689526,15.423661044720433,15.553126246981025,25854800
2014-03-28,15.566076278686523,15.665333014167654,15.501342837779799,15.553130249001093,12711600
2014-03-31,15.686905860900879,15.74732449030905,15.643751343277222,15.665328602089051,14567000
2014-04-01,15.872469902038574,15.872469902038574,15.712796245022764,15.71711103737931,14048400
2014-04-02,15.881104469299316,15.928575426388917,15.820687486181397,15.915629400360599,21009400
2014-04-03,15.803425788879395,15.937207433886206,15.755954829482157,15.902682501146616,15525200
2014-04-04,15.501340866088867,15.911315431791953,15.458186341799944,15.88542337571443,20191600
2014-04-07,15.380505561828613,15.522918442997867,15.320088574510544,15.436607755583722,22362600
2014-04-08,15.518606185913086,15.540183452022466,15.363247235941738,15.410718209126303,14659400
2014-04-09,15.725748062133789,15.730064502319607,15.522919821869058,15.570390786475565,13313800
2014-04-10,15.36324405670166,15.75164135125584,15.337352001224408,15.725747649539048,16173600
2014-04-11,15.19062328338623,15.380505477666766,15.177675610289324,15.259671503691827,28508800
2014-04-14,15.34166145324707,15.397763630979476,15.233773536351888,15.289875714084294,9984600
2014-04-15,15.419342994689941,15.458182715935576,15.160412617211836,15.367557248442159,17178600
2014-04-16,15.570387840270996,15.574702633400793,15.397766482772226,15.50565441964914,27999400
2014-04-17,15.548812866210938,15.609229862735459,15.415032844260836,15.497027104367016,15763400
2014-04-21,15.609227180480957,15.626489646875816,15.518601701267052,15.561757867254201,7052000
2014-04-22,15.67396068572998,15.708485618694567,15.587649999557929,15.617858492782235,10957000
2014-04-23,15.505655288696289,15.648066517311133,15.501338849085297,15.648066517311133,22848200
2014-04-24,15.62648868560791,15.764585115792935,15.522917186088796,15.760270322579348,10021400
2014-04-25,15.42797565460205,15.570388527762493,15.39345072308218,15.531548802922313,12804000
2014-04-28,15.574698448181152,15.626484183019256,15.371868654560236,15.479756562445605,24138200
2014-04-29,15.682589530944824,15.717112812413053,15.58333283314482,15.613541321769205,10952200
2014-04-30,15.730064392089844,15.768904122292122,15.617859995399005,15.661016165756855,18331200
2014-05-01,15.747325897216797,15.825003706631454,15.708486169389733,15.72574699023773,9955400
2014-05-02,15.7041654586792,15.790476124404483,15.691219435004065,15.78616133192578,13440200
2014-05-05,15.786164283752441,15.786164283752441,15.609226480498863,15.665328670646598,8164400
2014-05-06,15.609227180480957,15.755954852358451,15.604912387001944,15.755954852358451,9399800
2014-05-07,15.6178560256958,15.656695746025907,15.44091988780068,15.635118489451216,13653800
2014-05-08,15.661012649536133,15.79910907119661,15.557439510171173,15.579016767385772,7574800
2014-05-09,15.67827320098877,15.686902785830403,15.566068843179531,15.648063069087051,14877000
2014-05-12,15.889738082885742,15.898369316944313,15.743010396369161,15.751641630427732,11186800
2014-05-13,15.89836597442627,15.94152048940663,15.855211459445908,15.911311999672533,11488200
2014-05-14,15.825006484985352,15.902685954277455,15.790483190988727,15.872477454690499,10223200
2014-05-15,15.730064392089844,15.863844404600249,15.665330959672854,15.85089837661268,14576600
2014-05-16,15.829322814941406,15.837954049940144,15.678280318062857,15.725749641196295,11607400
2014-05-19,15.932882308959961,15.954461203278981,15.773208697677948,15.773208697677948,6597000
2014-05-20,15.84226131439209,15.963096900700753,15.790475575253499,15.950149231236882,8474200
2014-05-21,15.950152397155762,15.954468836580137,15.855212130930308,15.855212130930308,8322800
2014-05-22,15.980363845825195,16.03215125106679,15.928578086823196,15.95015534922073,6350000
2014-05-23,16.114137649536133,16.12276887953454,15.993303722036023,16.01919576579245,6624200
2014-05-27,16.252241134643555,16.2565559284077,16.14866797566943,16.152984415673085,11349000
2014-05-28,16.20909309387207,16.273824903656823,16.196145414922984,16.26087887094791,13553800
2014-05-29,16.30402183532715,16.30833827399233,16.226342401743903,16.265182118535527,9328000
2014-05-30,16.321285247802734,16.342862503667952,16.252237041290577,16.308339223531423,12438400
2014-06-02,16.295392990112305,16.3601264096559,16.226344777510782,16.34718038424288,10923000
2014-06-03,16.269498825073242,16.308338542504348,16.21771308391144,16.269498825073242,11338600
2014-06-04,16.299707412719727,16.321284667818187,16.200450722275576,16.243605232472497,6998400
2014-06-05,16.40760040283203,16.424862870738867,16.256556278006524,16.355814645351067,11335200
2014-06-06,16.4809627532959,16.493910426820396,16.43780823151952,16.493910426820396,9597800
2014-06-09,16.532751083374023,16.558643139398125,16.47233244475878,16.50254258718619,12784000
2014-06-10,16.541379928588867,16.562957187572664,16.50685499722332,16.532748695747483,7189400
2014-06-11,16.50253677368164,16.545691282679076,16.45938061844521,16.47232664189664,8509400
2014-06-12,16.360124588012695,16.562954410174935,16.308338845887526,16.511167021810707,9636000
2014-06-13,16.45506477355957,16.48527325717341,16.386016575836663,16.459379565687737,14663400
2014-06-16,16.45506477355957,16.502535718163863,16.398962598460056,16.42485628994573,14128800
2014-06-17,16.493906021118164,16.52411450754051,16.4248578169758,16.442118633332107,14075200
2014-06-18,16.580219268798828,16.588850502297067,16.40759953755246,16.528433514048864,26070600
2014-06-19,16.550003051757812,16.60610522019703,16.48527130008674,16.60610522019703,11837400
2014-06-20,16.513587951660156,16.569948782942138,16.47890385430854,16.561277758604234,10854400
2014-06-23,16.561279296875,16.561279296875,16.483241724414242,16.496247435214723,7534200
2014-06-24,16.474571228027344,16.639317403379735,16.435552440544644,16.55260880299274,16942600
2014-06-25,16.539608001708984,16.56561943186652,16.422551604511625,16.439892006673485,10223800
2014-06-26,16.52225685119629,16.561275628784557,16.42687724957418,16.552604605561765,22704600
2014-06-27,16.62198257446289,16.62198257446289,16.500591473476433,16.509262502665425,21766600
2014-06-30,16.62630844116211,16.682669274073824,16.5959606820163,16.608968045813675,8980800
2014-07-01,16.795398712158203,16.847423229936116,16.67400596557027,16.68701333538695,14977800
2014-07-02,16.812732696533203,16.83441108667446,16.78672127449005,16.82574006138375,9940000
2014-07-03,16.886438369750977,16.895109396471838,16.817071809813324,16.873431002755062,4386000
2014-07-07,16.903783798217773,16.91678951398118,16.843086599052878,16.88644174131352,20964400
2014-07-08,16.752046585083008,16.895116102016587,16.661003249123404,16.895116102016587,13847800
2014-07-09,16.834413528442383,16.84308290116158,16.743368576598705,16.778052682792335,14236200
2014-07-10,16.786725997924805,16.860427252890368,16.569955266149243,16.569955266149243,8843800
2014-07-11,16.873432159423828,16.873432159423828,16.78238885335765,16.82574398993394,6522600
2014-07-14,16.994827270507812,17.016504014920137,16.93413172462147,16.951472127853577,8418200
2014-07-15,16.9644775390625,17.055520847381317,16.869097890064083,17.033844105471513,14829000
2014-07-16,17.12055206298828,17.1639055451266,17.08586795421416,17.124886749670377,16129600
2014-07-17,16.899450302124023,17.124892118344086,16.847425776482424,17.10321537047924,11341400
2014-07-18,17.103206634521484,17.11621234583138,16.95580250896967,16.977479245762492,9541000
2014-07-21,17.08153533935547,17.129223513959996,17.012168767223073,17.094541054808563,12363200
2014-07-22,17.224597930908203,17.237603642404814,17.150896693988713,17.181244456700153,9579600
2014-07-23,17.254953384399414,17.30264321958173,17.18992314410243,17.263624413871632,10946800
2014-07-24,17.241943359375,17.306973583424817,17.207259250151612,17.306973583424817,23319200
2014-07-25,17.220264434814453,17.241941173416183,17.137890512767076,17.189916670006202,9499000
2014-07-28,17.250614166259766,17.28529662121064,17.116215725480462,17.233272111869663,15524400
2014-07-29,17.215925216674805,17.376336693934476,17.207254191917887,17.376336693934476,14624800
2014-07-30,17.233274459838867,17.29397000464444,17.15090217100696,17.29397000464444,15524600
2014-07-31,16.908109664916992,17.142222349503964,16.88209659313109,17.124880301646698,34833000
2014-08-01,16.817075729370117,16.934132136640237,16.734701783237647,16.86476556053531,31014800
2014-08-04,16.938461303710938,16.981814779461146,16.78238614488364,16.869094750213147,12667400
2014-08-05,16.778053283691406,16.89077332519931,16.70868672264902,16.834414131359992,24586800
2014-08-06,16.726024627685547,16.808396881670326,16.643650719871907,16.665327454728022,18281800
2014-08-07,16.656658172607422,16.825740691363468,16.600298986851108,16.79539292862421,13730000
2014-08-08,16.765045166015625,16.77805253263643,16.595964284407895,16.64799044323273,12045600
2014-08-11,16.847414016723633,16.895103821035974,16.80839523627069,16.843077677879585,13015400
2014-08-12,16.838756561279297,16.882110061681182,16.7563842489837,16.830085530432914,13409800
2014-08-13,17.003496170043945,17.003496170043945,16.877768752833273,16.877768752833273,10985400
2014-08-14,17.033843994140625,17.033843994140625,16.960141087533724,17.016501939194367,9229200
2014-08-15,17.033843994140625,17.116216274391267,16.912451263346213,17.072862790855012,17821800
2014-08-18,17.194252014160156,17.202923040698487,17.103208716251487,17.150898535297706,8496000
2014-08-19,17.30263328552246,17.306967970854988,17.22026103357389,17.241937767894164,10095600
2014-08-20,17.30263328552246,17.33298104433661,17.26361450221444,17.27662021204084,14010600
2014-08-21,17.385013580322266,17.411026665838353,17.302641290265697,17.302641290265697,6909000
2014-08-22,17.389341354370117,17.424023797475158,17.350322572233964,17.398012378603568,8815400
2014-08-25,17.406686782836914,17.47605333634524,17.372002679168205,17.471716996472107,6861400
2014-08-26,17.41535186767578,17.43703025404656,17.393675135133684,17.432693915240932,6704600
2014-08-27,17.41101837158203,17.43269510560429,17.363328564435786,17.419689395956695,8661400
2014-08-28,17.385013580322266,17.411026665838353,17.319983347276423,17.3503311201304,7056600
2014-08-29,17.463045120239258,17.467381459901244,17.36766714745266,17.415355306931456,15368000
2014-09-02,17.46738052368164,17.502062969973576,17.415354373500357,17.502062969973576,11377600
2014-09-03,17.372013092041016,17.532423033086598,17.350336341169463,17.532423033086598,13783200
2014-09-04,17.363332748413086,17.489060151398558,17.31130824345776,17.40668788073352,10426400
2014-09-05,17.46738052368164,17.471715209282287,17.35465885211778,17.39801397726885,14050400
2014-09-08,17.493391036987305,17.53674615988812,17.419689808799166,17.458708592495487,12772200
2014-09-09,17.36766815185547,17.57576781428237,17.319978335789678,17.502064920227305,17125400
2014-09-10,17.47171974182129,17.493396483105776,17.324315585725692,17.372005408849173,14459600
2014-09-11,17.510738372802734,17.51940940000076,17.376341585806646,17.437037122363503,20644400
2014-09-12,17.43703269958496,17.506399245745516,17.380671864007972,17.497728220746833,11111400
2014-09-15,17.33298683166504,17.46738527545128,17.302639062718043,17.46738527545128,13764400
2014-09-16,17.463045120239258,17.484723510891175,17.25061078401415,17.28095854633202,23821200
2014-09-17,17.49773597717285,17.56276621274632,17.39368528489379,17.45871717429691,15309000
2014-09-18,17.60178565979004,17.610456688949764,17.53241908034196,17.53241908034196,14790600
2014-09-19,17.564334869384766,17.66447837370711,17.499023093938806,17.66447837370711,31452600
2014-09-22,17.4467830657959,17.56869666695101,17.398887962214037,17.56869666695101,12760800
2014-09-23,17.407588958740234,17.485962429496222,17.3771105713293,17.420650650217052,11937000
2014-09-24,17.52079963684082,17.525152981298596,17.333574267146144,17.4119477549694,14289000
2014-09-25,17.137638092041016,17.459838686083447,17.137638092041016,17.451131998415416,18703000
2014-09-26,17.324859619140625,17.35969134498412,17.168112700476648,17.168112700476648,9763000
2014-09-29,17.320512771606445,17.346637824001917,17.128934036883894,17.185537486600044,9652800
2014-09-30,17.372756958007812,17.4511304275466,17.303091836300837,17.350985257954527,13519800
2014-10-01,17.102806091308594,17.337926540249672,17.054911000493064,17.316156497410194,26118400
2014-10-02,17.094097137451172,17.15505558057284,16.919935139946787,17.111513835485933,26753600
2014-10-03,17.23341941833496,17.285667822257466,17.137629293688025,17.198586041755416,13410200
2014-10-06,17.237777709960938,17.35098289445901,17.19423763768029,17.320504511673093,13895600
2014-10-07,16.967830657958984,17.202949443580316,16.967830657958984,17.18988775019796,18013400
2014-10-08,17.290035247802734,17.320513646663223,16.87204435404618,16.989604604342993,17341200
2014-10-09,17.00266456604004,17.303096839796524,16.985247865340067,17.27261678309758,30600200
2014-10-10,16.56724739074707,16.97653131471402,16.56724739074707,16.889449522745707,60365200
2014-10-13,16.384384155273438,16.70658476462593,16.362614113173578,16.545484459949684,57207800
2014-10-14,16.410511016845703,16.597736408261177,16.36697092342503,16.519362911345485,43084200
2014-10-15,16.297304153442383,16.362615948013513,15.92720841340046,16.175390575254067,58134400
2014-10-16,16.201513290405273,16.31036516953073,15.979456187806404,16.022996275077443,54246200
2014-10-17,16.393091201782227,16.51064975197034,16.284239338984065,16.36261281307455,25571800
2014-10-20,16.51064682006836,16.51935516685953,16.218924676827122,16.301651479922253,18442800
2014-10-21,16.832855224609375,16.84156357461689,16.628213151802566,16.628213151802566,23145600
2014-10-22,16.754478454589844,16.928642098739193,16.741416762610303,16.88945536185297,24158400
2014-10-23,16.941707611083984,17.03314279745466,16.83720906884037,16.872042469904237,64432000
2014-10-24,17.089750289916992,17.10281198793447,16.91994157189631,17.015731786553463,13806400
2014-10-27,17.10715675354004,17.1506968281657,17.020074943341335,17.037491637570554,11887000
2014-10-28,17.342281341552734,17.35098802982795,17.15505598562775,17.15505598562775,15490800
2014-10-29,17.324859619140625,17.381461381254717,17.216007776840343,17.320504615318125,26352200
2014-10-30,17.3814640045166,17.411944053032336,17.23778041468767,17.311798881368244,18376400
2014-10-31,17.651418685913086,17.655772029661318,17.5599835186715,17.59481525150026,19925800
2014-11-03,17.725435256958008,17.75591364277273,17.647061790306594,17.67318683283955,19059600
2014-11-04,17.721092224121094,17.768987332824008,17.61224030832299,17.699322173151156,12866400
2014-11-05,17.76897621154785,17.838641327618586,17.690602748349857,17.82993298049132,14556200
2014-11-06,17.760272979736328,17.773334673715564,17.65142110071507,17.760272979736328,17179200
2014-11-07,17.782047271728516,17.799463975160496,17.694965415516872,17.77769392634465,14951400
2014-11-10,17.82993507385254,17.84735177015191,17.742853253303252,17.773331641353366,9641800
2014-11-11,17.838640213012695,17.84734855959584,17.764620097529615,17.842993555830628,6108600
2014-11-12,17.895246505737305,17.908309859393505,17.77333294459744,17.78204129338567,9033200
2014-11-13,17.99103546142578,18.051992237862024,17.908308644969107,17.93878703318723,10792200
2014-11-14,18.11730194091797,18.11730194091797,17.995388402028283,17.995388402028283,8686600
2014-11-17,18.082469940185547,18.108594983787658,17.9953897834069,18.065054905398334,8265400
2014-11-18,18.1434326171875,18.18261936486612,18.06506078277833,18.06941412765459,9659800
2014-11-19,18.025869369506836,18.14778292586436,17.943140889737688,18.14778292586436,14334000
2014-11-20,18.11730194091797,18.11730194091797,17.930076628510296,17.964908356358464,9794800
2014-11-21,18.1434326171875,18.269701210923948,18.06941412765459,18.260992860223357,12925600
2014-11-24,18.23921775817871,18.243572762795864,18.126012552346772,18.17826098111939,6226400
2014-11-25,18.247926712036133,18.321946844455727,18.234865019646417,18.265343409187526,9489200
2014-11-26,18.413375854492188,18.42208420015527,18.25227395114586,18.25227395114586,20482000
2014-11-28,18.500457763671875,18.539644488922587,18.413375967453952,18.448207689372854,10865000
2014-12-01,18.291467666625977,18.478693017566556,18.21309584760102,18.456922975562527,23329400
2014-12-02,18.295827865600586,18.32630626524829,18.221807708636007,18.28276616887963,11261200
2014-12-03,18.361129760742188,18.39160980764382,18.256632912027158,18.33500637903716,8543400
2014-12-04,18.361129760742188,18.417733189348848,18.291464641283014,18.348068069889674,7533600
2014-12-05,18.339357376098633,18.40902248664522,18.295817304862233,18.37419076184555,14359000
2014-12-08,18.152137756347656,18.335009766809538,18.07376427485653,18.304531375223853,13379800
2014-12-09,18.14777946472168,18.173904505079,17.851702317794665,17.91265908434776,16443400
2014-12-10,17.873476028442383,18.152136539080633,17.83864429508643,18.152136539080633,16541200
2014-12-11,17.951847076416016,18.15648908789962,17.90395199620092,17.90395199620092,18076400
2014-12-12,17.68625259399414,17.94749809660508,17.66448255068019,17.812521170542038,17966000
2014-12-15,17.5773983001709,17.877830503826686,17.499024826256136,17.80381037359714,20502200
2014-12-16,17.342281341552734,17.768980487792902,17.342281341552734,17.451133215418526,31303000
2014-12-17,17.668825149536133,17.725426890219254,17.364039774305958,17.39451814573431,30566000
2014-12-18,18.173912048339844,18.182618737792094,17.9300832199766,17.98233166143015,21318600
2014-12-19,18.194040298461914,18.29032875418884,18.172157013866048,18.250938174081245,23388800
2014-12-22,18.412879943847656,18.412879943847656,18.233434305098964,18.264071243208164,12214000
2014-12-23,18.461017608642578,18.522291463047505,18.452263962357975,18.49165453584504,13398800
2014-12-24,18.44351577758789,18.5047896501373,18.43913978794342,18.5047896501373,5311200
2014-12-26,18.522293090820312,18.55730767903588,18.46977287808442,18.478526525138314,4557000
2014-12-29,18.43037986755371,18.504783353306227,18.412872575757625,18.452263147505203,9276600
2014-12-30,18.29908561706543,18.42163336800381,18.281578318477695,18.395372420122204,11006800
2014-12-31,18.097745895385742,18.382233510405406,18.08024027521437,18.360350233000904,11910600
2015-01-02,18.0627384185791,18.25531365508563,17.970827624081956,18.211547087112002,16990400
2015-01-05,17.787002563476562,17.997085073723838,17.734482353311588,17.997085073723838,14389400
2015-01-06,17.572546005249023,17.839524743662782,17.489387187918247,17.839524743662782,17491200
2015-01-07,17.721351623535156,17.765118184371318,17.594426259688102,17.708220319614487,13069200
2015-01-08,18.110881805419922,18.150272382604925,17.839523753884368,17.865784695203526,28423400
2015-01-09,18.05398941040039,18.207174107259508,17.92268800315144,18.163407528039183,18339800
2015-01-12,17.843904495239258,18.08900164780269,17.78263062449534,18.045233404708636,11257400
2015-01-13,17.830766677856445,18.215917022883158,17.70384133548794,17.99270492905147,23358400
2015-01-14,17.730112075805664,17.808893258641444,17.568173719793485,17.686345494047153,17661400
2015-01-15,17.502517700195312,17.848277581666554,17.48938639460907,17.80451101527905,18655400
2015-01-16,17.6732120513916,17.69071767857617,17.436868553728942,17.445622202115082,37643000
2015-01-20,17.822025299072266,17.86141589210413,17.598811382028984,17.77825704593234,24031600
2015-01-21,17.852659225463867,17.92706273884987,17.655706293577595,17.743241115481254,27838200
2015-01-22,18.145896911621094,18.159028218657298,17.75199276187611,17.900801441447594,17624400
2015-01-23,18.141515731811523,18.224672861172674,18.080241881799388,18.141515731811523,12957600
2015-01-26,18.067113876342773,18.16777831539248,18.010217673567396,18.11963575987197,19467000
2015-01-27,17.546281814575195,17.76949394329863,17.46750067041698,17.76949394329863,21584000
2015-01-28,17.515649795532227,17.918307605513608,17.515649795532227,17.861411395138667,26094400
2015-01-29,17.681964874267578,17.716977796589795,17.35808657745199,17.524402549848514,33635200
2015-01-30,17.463123321533203,17.721350014023006,17.428108740374597,17.63381523071361,26012600
2015-02-02,17.642568588256836,17.66445186633049,17.23990925943575,17.524396883154573,31247200
2015-02-03,17.843904495239258,17.86141179247688,17.646951575285406,17.695095807894987,19767400
2015-02-04,17.878910064697266,18.01021307037328,17.813260231446332,17.813260231446332,11778800
2015-02-05,18.045236587524414,18.05399023768719,17.896427873933288,17.95332576519732,10183600
2015-02-06,17.988332748413086,18.15464870733735,17.935812534390294,18.071491562668967,9580600
2015-02-09,17.962068557739258,18.049603336866404,17.922677990611394,17.940185280354232,14331400
2015-02-10,18.22905731201172,18.250940599515737,18.018973077127267,18.084624609227134,22491400
2015-02-11,18.29908561706543,18.329722554800025,18.202797144420767,18.25531737059609,12500000
2015-02-12,18.54855728149414,18.561686919581422,18.412878232770463,18.43913917853278,13538400
2015-02-13,18.666730880737305,18.6798605201242,18.55731276694538,18.592325695173077,8631600
2015-02-17,18.675477981567383,18.70611658144556,18.627335426530202,18.684231628734363,10680600
2015-02-18,18.692989349365234,18.710496647514283,18.62296182635688,18.675482051216186,7499600
2015-02-19,18.758630752563477,18.77613804125821,18.644835045634647,18.679849623024115,6250800
2015-02-20,18.854928970336914,18.8811882474399,18.662352033780024,18.75864050205847,13867000
2015-02-23,18.8680477142334,18.881177345203675,18.771759301553132,18.876801358075863,8094000
2015-02-24,18.924951553344727,18.951210823595197,18.758635606879782,18.85492405003118,9311000
2015-02-25,18.806779861450195,18.894312988555168,18.767389286418005,18.872429706778927,11734800
2015-02-26,18.924951553344727,18.951210823595197,18.8111558169681,18.863676027056417,15118800
2015-02-27,18.859298706054688,18.959963130606337,18.84179141406642,18.920572558426365,12112000
2015-03-02,19.008115768432617,19.021245408445967,18.863683049933773,18.924958599034735,13689000
2015-03-03,18.881183624267578,18.990601704305835,18.798026484489966,18.990601704305835,17224200
2015-03-04,18.806779861450195,18.84179277837471,18.706115429609575,18.833039131746737,11765400
2015-03-05,18.784900665283203,18.850552200313206,18.71925079984109,18.850552200313206,15408600
2015-03-06,18.55293083190918,18.802403940296756,18.522293900674743,18.7761446675744,16153400
2015-03-09,18.640466690063477,18.719247851857546,18.561685528269408,18.587946472063308,12498600
2015-03-10,18.259689331054688,18.53979934268254,18.259689331054688,18.53542168460796,17595800
2015-03-11,18.141515731811523,18.303454002498903,18.128384428532357,18.303454002498903,23040400
2015-03-12,18.259689331054688,18.272818966103692,18.071490103944594,18.088997397068177,24669800
2015-03-13,18.159029006958008,18.27719908830001,18.058362883523685,18.233432515179842,30375400
2015-03-16,18.37348747253418,18.38661711049542,18.19841951122932,18.25531572211984,17278800
2015-03-17,18.37785530090332,18.43037549424192,18.299074176102,18.329711094681752,19067400
2015-03-18,18.62733268737793,18.692982527095253,18.281571188270085,18.355974673867166,31710800
2015-03-19,18.574819564819336,18.666732055073645,18.561689924606444,18.601080514833143,17984800
2015-03-20,18.694791793823242,18.78707879609448,18.6552399819325,18.686002316022915,38592200
2015-03-23,18.694791793823242,18.78707879609448,18.69039621671234,18.699185694512668,7506200
2015-03-24,18.633262634277344,18.76070584060949,18.633262634277344,18.707970662940287,14234800
2015-03-25,18.154239654541016,18.646438355735253,18.154239654541016,18.61128046743976,16348600
2015-03-26,18.16743278503418,18.25971977676117,17.991646601954997,18.05317293952761,18004800
2015-03-27,18.180612564086914,18.22895383868805,18.0839316913056,18.17182308903026,15818600
2015-03-30,18.400341033935547,18.41352608231095,18.281685657080807,18.31684355085435,13210800
2015-03-31,18.21138572692871,18.378382499550007,18.21138572692871,18.343226254821392,15927200
2015-04-01,18.18501091003418,18.24653556838216,18.05756601692981,18.228956615590963,20855600
2015-04-02,18.180612564086914,18.255322263858016,18.145456340281243,18.21577046431354,10938600
2015-04-06,18.35640525817871,18.391561494520918,18.035596848106398,18.053175804488276,14689400
2015-04-07,18.316848754882812,18.466266493030385,18.312453178701965,18.35640055840485,9368600
2015-04-08,18.37397575378418,18.431104821086393,18.281687113486804,18.31684501006119,14407000
2015-04-09,18.422319412231445,18.453083416733175,18.277297247911726,18.37397980840564,14580200
2015-04-10,18.492633819580078,18.51021109399335,18.38276789149727,18.439896967077196,8632600
2015-04-13,18.439899444580078,18.606896147100766,18.435505544491672,18.52779253413945,7774400
2015-04-14,18.382776260375977,18.470667701718558,18.294883142611614,18.448694841382913,11702600
2015-04-15,18.545373916625977,18.584925728287594,18.413535103227748,18.431112382305102,25166200
2015-04-16,18.47945785522461,18.53658863531871,18.426722653211048,18.470668375485374,18228600
2015-04-17,18.224567413330078,18.365195719066843,18.167436640242755,18.325643903302026,20318800
2015-04-20,18.53658103942871,18.558553891561875,18.29927021297976,18.308059689117258,9691600
2015-04-21,18.527790069580078,18.65083937274248,18.505817219218365,18.64644547323855,10002800
2015-04-22,18.716760635375977,18.734339587205955,18.497028766764576,18.55855342174839,12190200
2015-04-23,18.791473388671875,18.86618311451469,18.628872234432627,18.672819625052384,11799600
2015-04-24,18.954072952270508,18.976045805582213,18.848600909384565,18.940887899146485,12457600
2015-04-27,19.00680923461914,19.08591285225265,18.967257425802384,19.024388188853553,18501400
2015-04-28,19.068334579467773,19.13864872249691,18.874971105243,19.02438886873259,18299600
2015-04-29,18.976041793823242,19.090301612740998,18.857386399319676,18.976041793823242,17142200
2015-04-30,18.712366104125977,18.93649186492054,18.637656399580415,18.879361111611704,17305200
2015-05-01,18.94089126586914,18.949680744040393,18.77389620987998,18.826631402485948,21096800
2015-05-04,18.95846176147461,19.05514430178959,18.9496722872259,18.984830184220733,15397600
2015-05-05,18.664026260375977,18.940887219730644,18.650841207724906,18.91012489091346,16209800
2015-05-06,18.505821228027344,18.76949884232889,18.395955275998134,18.734342609418665,19747800
2015-05-07,18.642053604125977,18.70797384473981,18.497031421765442,18.536583230849473,11280600
2015-05-08,18.910123825073242,18.923308876981157,18.80025789222681,18.831020219310123,19638400
2015-05-11,18.81344223022461,18.91891258295911,18.795863279295183,18.89693973250784,12093000
2015-05-12,18.712366104125977,18.795863607868842,18.54976331981784,18.712366104125977,15301000
2015-05-13,18.791473388671875,18.901339350588955,18.751921575324864,18.791473388671875,18613000
2015-05-14,19.09469985961914,19.103489335599498,18.92330926905502,18.940886544594605,13952400
2015-05-15,19.033180236816406,19.151835679293676,18.989232845294325,19.134256722684842,16936400
2015-05-18,19.125463485717773,19.160619715604735,18.980439636828304,19.006808066559454,6786600
2015-05-19,19.077123641967773,19.169410638357242,19.055150787078095,19.147437783467563,9130800
2015-05-20,19.090307235717773,19.19138371049156,19.019993093422034,19.090307235717773,22021800
2015-05-21,19.17380142211914,19.195774271516044,19.041962649316776,19.06393549871368,7426200
2015-05-22,19.160612106323242,19.20895337008856,19.112272518978497,19.112272518978497,7937000
2015-05-26,18.883752822875977,19.1166680116204,18.82662208125954,19.1034846391015,15848800
2015-05-27,19.23971939086914,19.25290444124695,18.940883954092605,18.954069004470412,25174200
2015-05-28,19.20017433166504,19.235332243118105,19.14304524018604,19.178201475217616,9329600
2015-05-29,19.059547424316406,19.208965206011566,19.011206130764794,19.200175727509308,15476800
2015-06-01,19.112279891967773,19.178198450915026,18.993624474157254,19.169408974437815,13872600
2015-06-02,19.07272720336914,19.160618611231303,18.949676214804047,19.041964875333154,11275600
2015-06-03,19.112279891967773,19.217750256851865,19.077121986058927,19.103490415490562,11314600
2015-06-04,18.936494827270508,19.11667491458097,18.892549118725057,19.006808966796022,16694600
2015-06-05,18.874975204467773,18.95407884210778,18.791475988946786,18.914527023287775,15455000
2015-06-08,18.664026260375977,18.874968662160043,18.628868355201373,18.870573085802622,16759000
2015-06-09,18.620073318481445,18.69038743141189,18.49702403995834,18.633258367195126,15413400
2015-06-10,18.910123825073242,18.9496756279548,18.664025208406734,18.664025208406734,17929600
2015-06-11,18.918912887573242,19.02438491842698,18.8925461371756,18.976043640803226,11289400
2015-06-12,18.751916885375977,18.857388920062764,18.734339609945778,18.826626592533515,12317600
2015-06-15,18.637649536132812,18.664017953277547,18.497021330868456,18.628860063751237,18358200
2015-06-16,18.760709762573242,18.782684294581877,18.598108619522154,18.62887095262854,18346600
2015-06-17,18.769498825073242,18.844208544123543,18.65963287314504,18.773894401946347,22047800
2015-06-18,18.936494827270508,18.967257158536587,18.756314739960047,18.76070864024606,17926400
2015-06-19,18.778902053833008,18.942234765453865,18.778902053833008,18.898091335490577,26869600
2015-06-22,18.933406829833984,18.990794639252623,18.88926339733596,18.937822183462192,10876000
2015-06-23,18.94664764404297,18.977550064484117,18.902504215922203,18.973134711293735,7986600
2015-06-24,18.858356475830078,19.01286012288928,18.858356475830078,18.90249989385743,9693600
2015-06-25,18.814210891723633,18.973129886891332,18.80979722361938,18.95988719861516,9827600
2015-06-26,18.655290603637695,18.823038607351418,18.602318170240892,18.80096690043302,20348600
2015-06-29,18.25800132751465,18.567010386276873,18.253585974181018,18.456650128430642,26214800
2015-06-30,18.27565574645996,18.403672340346535,18.227096973208976,18.39484331939512,22765800
2015-07-01,18.399253845214844,18.47871332896955,18.319794361460136,18.4389835870922,16299000
2015-07-02,18.425743103027344,18.487544556896797,18.35511262946749,18.45222847813521,10321400
2015-07-06,18.350696563720703,18.434569721571467,18.24916536717612,18.297724131602497,15018000
2015-07-07,18.377187728881836,18.403673108878532,18.03286263325209,18.386016750201946,39319800
2015-07-08,18.077011108398438,18.266830892243522,18.06818208543309,18.227101130881437,32320000
2015-07-09,18.006378173828125,18.333043559554724,18.006378173828125,18.28448478179338,17987600
2015-07-10,18.293317794799805,18.355120960684456,18.191786548221145,18.235931666710183,13496600
2015-07-13,18.57142448425293,18.584667176631655,18.40367641694534,18.408091770380874,14143000
2015-07-14,18.642053604125977,18.69061238454011,18.567009440914177,18.575838463168,12252800
2015-07-15,18.646467208862305,18.703853322185687,18.593493080306434,18.633222834741513,13077000
2015-07-16,18.884838104248047,18.893667122893568,18.75682154379579,18.792135934414755,10413200
2015-07-17,19.176191329956055,19.176191329956055,19.0216876946633,19.048174753840627,15550000
2015-07-20,19.277732849121094,19.339536020281212,19.176201593875813,19.24241843527954,18619000
2015-07-21,19.149709701538086,19.25124092230492,19.132051658631596,19.180610434642613,11950400
2015-07-22,18.840702056884766,18.93340426294094,18.761242541989827,18.774485233151054,17182600
2015-07-23,18.800966262817383,18.968714260842102,18.756822850477676,18.893668439108712,12645200
2015-07-24,18.69944190979004,18.9201624201814,18.686199218034993,18.893675352707447,19492200
2015-07-27,18.531688690185547,18.66853597474969,18.505201630086987,18.549346730251255,17307200
2015-07-28,18.69944190979004,18.73475631579145,18.483135068662413,18.611153368840725,15775000
2015-07-29,18.823043823242188,18.862773580289783,18.63322406001076,18.699440883078008,16752600
2015-07-30,18.858356475830078,18.88925720524192,18.655292374599256,18.743580894617423,13616400
2015-07-31,18.79655647277832,18.911330378916627,18.76124038845048,18.880429647111562,21824000
2015-08-03,18.695022583007812,18.818627187650716,18.58024868294315,18.78772645748086,18396600
2015-08-04,18.584667205810547,18.69502746637703,18.518452059849018,18.677371104498985,14765400
2015-08-05,18.765653610229492,18.89808723934227,18.664122396149626,18.703852148090753,20785600
2015-08-06,18.58024787902832,18.840698082022048,18.51403106926451,18.765652252025504,13019800
2015-08-07,18.59349250793457,18.619979571397142,18.465475911107806,18.536106396377733,15825000
2015-08-10,18.884838104248047,18.90691149284341,18.67736205994922,18.67736205994922,11144000
2015-08-11,18.602325439453125,18.85836205485489,18.54935298535633,18.831874985824513,54689000
2015-08-12,18.686193466186523,18.721507861317715,18.29330966409491,18.46547302373573,20071400
2015-08-13,18.633228302001953,18.756832954269402,18.597913889899928,18.69944514014395,13287800
2015-08-14,18.725927352905273,18.743585397944113,18.571423668725075,18.584666360522277,11906000
2015-08-17,18.83186912536621,18.836282793515768,18.59349063016784,18.655292088042213,11183400
2015-08-18,18.73475456237793,18.814214073399192,18.71268285019729,18.787728692367903,9383800
2015-08-19,18.61115074157715,18.770069756059165,18.505204170601264,18.677367558932527,18455200
2015-08-20,18.156461715698242,18.49195600382287,18.156461715698242,18.412496520115937,27453800
2015-08-21,17.463409423828125,18.0990839616189,17.463409423828125,17.962236622999114,47332800
2015-08-24,16.774757385253906,17.48547763864228,13.825931478602701,16.337730070325627,72207800
2015-08-25,16.642322540283203,17.454573876989816,16.624664499841806,17.423673148199082,37210800
2015-08-26,17.48106575012207,17.50755282062747,16.827733166665247,16.973409528498888,68776800
2015-08-27,17.887182235717773,17.8915959029758,17.494300175192794,17.71943425254019,40211000
2015-08-28,17.92249870300293,17.953399429279983,17.767995071617655,17.807724817397194,27672200
2015-08-31,17.75916290283203,17.95339624555289,17.715019497110966,17.77682093870565,22100600
2015-09-01,17.189708709716797,17.534033770231467,17.105835541674786,17.383943791023395,42578000
2015-09-02,17.604665756225586,17.62232211461256,17.277998708594296,17.445746742997585,25370200
2015-09-03,17.617904663085938,17.843038760842354,17.564932231372058,17.701777820296517,22062200
2015-09-04,17.348636627197266,17.472241292647137,17.264763416041266,17.383952727029893,27561000
2015-09-08,17.83421516418457,17.847457853898348,17.63556639865993,17.67970982034825,18909200
2015-09-09,17.600252151489258,18.037279481266253,17.560522394236802,17.94899094470927,19304600
2015-09-10,17.776823043823242,17.878354236175323,17.564931640136745,17.57376065911908,28048800
2015-09-11,17.860702514648438,17.860702514648438,17.64881103602652,17.653226389060766,13719400
2015-09-14,17.816556930541992,17.953402546683982,17.772411825364273,17.93574618857647,14890800
2015-09-15,18.046112060546875,18.094670849423256,17.825391517628127,17.873950306504508,17612000
2015-09-16,18.121150970458984,18.13880901291208,18.001961709846007,18.024035104894185,15436200
2015-09-17,17.997549057006836,18.275657347467046,17.9357475888965,18.04610783451173,33565200
2015-09-18,17.763858795166016,17.950099132450354,17.723949909811346,17.78603002223946,36230200
2015-09-21,17.94122886657715,17.994441837159552,17.777159769504895,17.794897426365694,13921200
2015-09-22,17.639699935913086,17.723952981572843,17.528842089776766,17.65300402770786,24576400
2015-09-23,17.684043884277344,17.7505575762541,17.586488439510337,17.701779853870594,11356400
2015-09-24,17.684043884277344,17.732821606660846,17.391379241532796,17.484499425234137,22056400
2015-09-25,17.653003692626953,17.87028411965819,17.573185909599346,17.84811288916307,21657800
2015-09-28,17.24948501586914,17.60422985677107,17.24061618340199,17.577623359369614,25166600
2015-09-29,17.17409324645996,17.40911128322054,17.049933029538312,17.293819894872733,26206800
2015-09-30,17.51553726196289,17.542143750308405,17.333730487159198,17.382508203347843,24933600
2015-10-01,17.524410247802734,17.577621545558014,17.28939213212332,17.515541416250745,27036000
2015-10-02,17.772722244262695,17.772722244262695,17.258340459154503,17.320422244345817,29834000
2015-10-05,18.1230411529541,18.1673853086431,17.848114153908618,17.883589478459818,17137800
2015-10-06,18.14521026611328,18.18511915579473,18.05652534820462,18.0609589174775,19715800
2015-10-07,18.229467391967773,18.304849927396454,18.01218523465808,18.242769794324186,30437800
2015-10-08,18.3137149810791,18.34919030211943,18.06982806937429,18.158514680418698,30749600
2015-10-09,18.393531799316406,18.4068341982322,18.29154279399724,18.366925309928497,22753000
2015-10-12,18.41570281982422,18.44674287798102,18.33588504411922,18.43344047921562,12687400
2015-10-13,18.375795364379883,18.48665320688314,18.313715243227087,18.31815050419882,17903600
2015-10-14,18.34031867980957,18.451176503849467,18.29154096658303,18.32258102198971,25512200
2015-10-15,18.575340270996094,18.584209101598837,18.406835872656888,18.41570470325963,16843800
2015-10-16,18.61081314086914,18.624115539242027,18.499955310278413,18.624115539242027,14972600
2015-10-19,18.681760787963867,18.681760787963867,18.5176899921583,18.570902965068495,14184200
2015-10-20,18.632991790771484,18.68620309701499,18.557607556332673,18.60638529187127,11857800
2015-10-21,18.4910888671875,18.72167338756074,18.468917636519325,18.67289566515688,18834400
2015-10-22,18.90791893005371,18.9478278328019,18.624123040091895,18.624123040091895,28472000
2015-10-23,19.435596466064453,19.510978982002428,19.31586980114268,19.377949918163676,33383400
2015-10-26,19.36020851135254,19.41785504809568,19.28925957826713,19.41785504809568,16576200
2015-10-27,19.249357223510742,19.369083905848296,19.227185991571915,19.315872610883794,15358000
2015-10-28,19.537586212158203,19.537586212158203,19.28039521296977,19.338041763056207,29559200
2015-10-29,19.484376907348633,19.510983402767366,19.364650215299392,19.42229677626163,15218000
2015-10-30,19.355777740478516,19.519846854783815,19.351342480019426,19.515411594324725,18679000
2015-11-02,19.52872085571289,19.537589687423463,19.342478772904265,19.391256501534066,27486600
2015-11-03,19.630706787109375,19.701655738047968,19.431162333983202,19.46663765523071,13758000
2015-11-04,19.652873992919922,19.706085272339035,19.604096281970705,19.675045218381545,14597200
2015-11-05,19.595230102539062,19.76816974425389,19.55532121469046,19.670614309167007,13457600
2015-11-06,19.661746978759766,19.670615809130883,19.502111415192488,19.57306036660501,13737800
2015-11-09,19.471065521240234,19.60409455383934,19.377945367576455,19.60409455383934,20292400
2015-11-10,19.34247589111328,19.364647121308124,19.262658109166694,19.36021355189173,34546600
2015-11-11,19.333599090576172,19.484365761927563,19.302559042788154,19.38681205097483,16402200
2015-11-12,19.165098190307617,19.333600838806248,19.160662930762136,19.240480687021865,16068000
2015-11-13,18.788183212280273,19.12519193867127,18.783749643681816,19.098585452412156,30089800
2015-11-16,19.076416015625,19.080849584639314,18.74827608720838,18.757144916793294,18158400
2015-11-17,19.08084487915039,19.227177993880098,19.040936001638276,19.116320188741543,18788800
2015-11-18,19.369083404541016,19.38682106625562,19.147367707778006,19.169538939143003,20333600
2015-11-19,19.457767486572266,19.550887661107335,19.38238327988461,19.38681854051369,18735000
2015-11-20,19.599672317504883,19.60854115034655,19.515419251287497,19.537592179170115,14576400
2015-11-23,19.484376907348633,19.621841263010364,19.413427944455385,19.61297243120412,14454200
2015-11-24,19.48880958557129,19.550889708428883,19.293698694811447,19.338042847964356,22606800
2015-11-25,19.426727294921875,19.497676240492993,19.422292034323267,19.49324097989438,13153200
2015-11-27,19.471065521240234,19.50654083209649,19.41785424651178,19.448894297733037,7601400
2015-11-30,19.493244171142578,19.555324297235934,19.426730475281083,19.497679432467287,34051200
2015-12-01,19.666181564331055,19.670616825524004,19.533152485003438,19.573061377957377,15558000
2015-12-02,19.542015075683594,19.76373070095031,19.519843851468117,19.688348200306496,19394200
2015-12-03,19.28926658630371,19.652880211916404,19.196146394964106,19.595233654229528,23708600
2015-12-04,19.763736724853516,19.799212047655786,19.30700293889148,19.346911831265786,25680400
2015-12-07,19.666181564331055,19.759303442261253,19.573061377957377,19.7415657806025,25629800
2015-12-08,19.617399215698242,19.67061049198503,19.44002603933432,19.49767257538599,22756600
2015-12-09,19.329174041748047,19.679485240094344,19.23605385734404,19.53315207183963,32507800
2015-12-10,19.382383346557617,19.528716499807217,19.324738490631695,19.382383346557617,18146800
2015-12-11,18.978862762451172,19.21831611408855,18.965560362323476,19.169538391545032,33920600
2015-12-14,19.125192642211914,19.129626210973466,18.7793150743444,18.97442593097638,42068400
2015-12-15,19.209444046020508,19.34247309954684,19.182837558692764,19.27152415822905,34043800
2015-12-16,19.471065521240234,19.50654083209649,19.134058525885447,19.32916766092707,36347600
2015-12-17,19.165098190307617,19.550882884525702,19.160662930762136,19.550882884525702,24217200
2015-12-18,18.793424606323242,19.149952889246215,18.76222863657541,19.109843542420023,45627800
2015-12-21,18.98505210876465,18.998423020285287,18.824616470987877,18.949400311498362,22326600
2015-12-22,19.123210906982422,19.154406873710645,18.967231073341306,19.05636143539184,18965200
2015-12-23,19.283649444580078,19.301476198089002,19.163321408474022,19.22571334570247,16090600
2015-12-24,19.274734497070312,19.32375721519845,19.252451907026426,19.2970170871142,4865600
2015-12-28,19.261362075805664,19.274731287595333,19.096467196822058,19.203425991296495,14354400
2015-12-29,19.524307250976562,19.57332827740106,19.33712972261299,19.37723907154426,13618400
2015-12-30,19.359413146972656,19.51539471064275,19.359413146972656,19.51539471064275,14393000
2015-12-31,19.087560653686523,19.305932438534224,19.087560653686523,19.292563223150477,17669000
2016-01-04,18.837993621826172,18.842449460842772,18.543858945192355,18.744405702000194,43277200
2016-01-05,18.788969039916992,18.940493052337807,18.704294506525574,18.895927866353457,32134400
2016-01-06,18.55722427368164,18.682008140634842,18.445809621029802,18.51265909264198,27716800
2016-01-07,18.00905990600586,18.414609072756235,18.00014653200503,18.178410611917126,33681400
2016-01-08,17.866455078125,18.227439191221574,17.84417248597028,18.165045553114428,38466200
2016-01-11,17.982324600219727,18.062543287659963,17.75949529067523,17.99123797660783,38270200
2016-01-12,18.196239471435547,18.23634710901504,17.964496820678985,18.173955183821437,31683200
2016-01-13,17.706016540527344,18.329939280511855,17.67482057353339,18.329939280511855,43924600
2016-01-14,18.040266036987305,18.178420861820396,17.567867148894695,17.78178484542762,39591200
2016-01-15,17.532217025756836,17.701567843509117,17.318301008621344,17.451998306824354,40355600
2016-01-19,17.55003547668457,17.768407230351627,17.394053952584095,17.737211265542047,39317600
2016-01-20,17.411874771118164,17.585681287279225,16.948389594654003,17.25143746387657,59263600
2016-01-21,17.50992202758789,17.763947224318713,17.291548625108533,17.50992202758789,44271400
2016-01-22,17.995697021484375,18.00015286002513,17.81743287890286,17.844173010305944,22496400
2016-01-25,17.78622817993164,18.053622562520708,17.755032225297985,17.89764278935242,20961200
2016-01-26,17.96004295349121,18.000152299320003,17.746127009088593,17.857541669718255,22947400
2016-01-27,17.590147018432617,17.91993345913342,17.509928327439926,17.81297633784503,36044800
2016-01-28,17.817428588867188,17.884278051252625,17.603512689307216,17.84862455129974,35133600
2016-01-29,18.37895965576172,18.392328868467335,17.92884356074455,17.96449706136283,32226600
2016-02-01,18.445804595947266,18.530480796928536,18.289824804748427,18.303194015407694,29594600
2016-02-02,18.11602783203125,18.39679160444482,18.058091721827907,18.392335765222928,27902400
2016-02-03,18.09373664855957,18.240804787698835,17.812972983015925,18.231891412594713,43012400
2016-02-04,18.111570358276367,18.231898418340243,17.919936970032392,18.058091787154574,36405800
2016-02-05,17.603511810302734,18.071452923477523,17.532206514009932,18.040256962602694,47554800
2016-02-08,17.349485397338867,17.39850810394129,17.050893320784233,17.309376064668907,49642800
2016-02-09,17.269275665283203,17.514387625037887,17.113295790908346,17.140034226485106,49510600
2016-02-10,17.29601287841797,17.61688595149328,17.287099501380762,17.416340918341024,33950000
2016-02-11,17.26035499572754,17.37176963037596,17.046439101208854,17.082092600321506,49254600
2016-02-12,17.501018524169922,17.514387742047617,17.30047175573878,17.398517220316922,21786800
2016-02-16,17.81297492980957,17.817430767822376,17.59905900408908,17.697102740844727,20586600
2016-02-17,18.17841148376465,18.21406328142559,17.89319030226772,17.91547288831235,22257400
2016-02-18,18.10710906982422,18.263088897010494,18.071455566437294,18.24080630741997,23156800
2016-02-19,18.1204776763916,18.173956229627432,17.99569381882381,18.040258996511575,17158600
2016-02-22,18.361135482788086,18.387873911952564,18.258634204201236,18.285372633365714,13181400
2016-02-23,18.071456909179688,18.30319959825578,18.035805103196378,18.285372845237756,16379000
2016-02-24,18.209606170654297,18.245257965821747,17.781774428331534,17.87536230320485,20288800
2016-02-25,18.4368953704834,18.445808746279173,18.129391555765963,18.27200216839312,18806800
2016-02-26,18.387874603271484,18.557225361241958,18.347765257964078,18.53939860776027,19545200
2016-02-29,18.258634567260742,18.54385581770473,18.258634567260742,18.370049224468723,27203800
2016-03-01,18.802337646484375,18.802337646484375,18.387874970058057,18.41461510081398,24608400
2016-03-02,18.85581398010254,18.85581398010254,18.704290004155546,18.735485966845886,17496200
2016-03-03,18.85581398010254,18.869183192669123,18.708745841660253,18.864727355164415,15767800
2016-03-04,18.904836654663086,18.99842625101341,18.784510330881808,18.860271475488734,15771800
2016-03-07,18.788969039916992,18.87364357330841,18.650814243280905,18.797882417124438,31627000
2016-03-08,18.673091888427734,18.82907168389471,18.606242433197732,18.677547725418677,23401000
2016-03-09,18.833532333374023,18.837989871556257,18.699835088802946,18.699835088802946,24321200
2016-03-10,18.815717697143555,18.99843776255642,18.583974884903444,18.913761490744402,25856800
2016-03-11,19.105390548706055,19.109848088332033,18.958324042060596,19.002889238000858,17640200
2016-03-14,19.127670288085938,19.163323799552405,19.038539909525767,19.047453287392383,20121800
2016-03-15,19.198976516723633,19.216801571666416,19.04299496059057,19.051908338088424,12642200
2016-03-16,19.42180824279785,19.45300421785083,19.105389252891282,19.109846792214928,29513800
2016-03-17,19.49310302734375,19.555494943700847,19.363861657717063,19.386144242122853,18734200
2016-03-18,19.524463653564453,19.58269263086327,19.439361078009945,19.569254123088538,18828800
2016-03-21,19.591651916503906,19.60060864387981,19.47071559316566,19.479674029188526,16007000
2016-03-22,19.596126556396484,19.672270685150952,19.502065559000975,19.502065559000975,26225800
2016-03-23,19.484148025512695,19.59164752504416,19.44383592676922,19.569250585683776,21350200
2016-03-24,19.537904739379883,19.537904739379883,19.372177915403448,19.39905322820257,13486400
2016-03-28,19.488628387451172,19.582691099933157,19.45279635636255,19.555815795131625,12816000
2016-03-29,19.793209075927734,19.806647583151115,19.430401845186005,19.452797079029217,20163000
2016-03-30,19.909664154052734,20.008203510479277,19.864871984180148,19.896225648767672,21976600
2016-03-31,19.869359970092773,19.967901074417966,19.833526219920977,19.882796772083573,29189800
2016-04-01,20.021644592285156,20.030603027412507,19.712584560655383,19.73050143091008,19309800
2016-04-04,19.94549560546875,20.035078233981057,19.905183508070536,19.990287774048163,15292400
2016-04-05,19.75289535522461,19.864873223924626,19.712583254146736,19.815604396959827,21452200
2016-04-06,19.94549560546875,19.94549560546875,19.685707862294233,19.757373623374775,22277000
2016-04-07,19.658832550048828,19.842476169504454,19.58268842647659,19.802164072129,21261800
2016-04-08,19.658832550048828,19.8379978069723,19.591646860187417,19.761851974753544,17525600
2016-04-11,19.605087280273438,19.860396707961044,19.605087280273438,19.743940465487352,16277200
2016-04-12,19.73946189880371,19.757378770903486,19.506547687447544,19.640920810901918,19184000
2016-04-13,19.941017150878906,19.972370814416497,19.83351765543109,19.855914593940668,15753200
2016-04-14,19.936542510986328,19.999251563791706,19.86935680309389,19.91414727502218,13005400
2016-04-15,19.860395431518555,19.963414868644453,19.82008332928262,19.909665968545447,12921800
2016-04-18,19.94549560546875,19.94549560546875,19.770810419625338,19.802164083307666,14225800
2016-04-19,19.833518981933594,20.003725815840337,19.721541116482484,19.98133058447944,12942000
2016-04-20,19.87383270263672,19.963415344032775,19.793208496244947,19.851437469449397,13755600
2016-04-21,19.802165985107422,19.887270259258464,19.752895449261384,19.84247808637721,22555800
2016-04-22,19.457275390625,19.587170138675926,19.354255948302587,19.488629059651526,29848800
2016-04-25,19.461748123168945,19.470706555033384,19.354248649441836,19.40351917037317,18715000
2016-04-26,19.367694854736328,19.528941566490907,19.30498580674378,19.484151098000222,14734800
2016-04-27,19.278112411499023,19.300507645979483,19.049676577316486,19.121342352842074,25559200
2016-04-28,19.036239624023438,19.376651627848418,18.9735322845278,19.30946592495174,45339200
2016-04-29,18.870506286621094,18.960088901353906,18.73165314835292,18.9287335338481,23792400
2016-05-02,19.00936508178711,19.03176202563313,18.830201491547363,18.910825705181672,25105400
2016-05-03,18.834678649902344,18.919782930318824,18.771971311898714,18.87947082608123,25062400
2016-05-04,18.776451110839844,18.83020172636428,18.72270220396235,18.749577511724567,22491400
2016-05-05,18.7854061126709,18.874988746855085,18.74061564990212,18.830198284086308,27119800
2016-05-06,18.92425537109375,18.92425537109375,18.704778048121675,18.704778048121675,18459800
2016-05-09,18.92425537109375,19.013837986769012,18.91081857676866,18.933213803525906,15082400
2016-05-10,19.170612335205078,19.170612335205078,18.96009508684755,18.982490320675353,27840400
2016-05-11,19.03176498413086,19.228845476624922,19.03176498413086,19.121345938852677,14304200
2016-05-12,18.978008270263672,19.103424642188976,18.85707196982497,19.103424642188976,18673000
2016-05-13,18.90634536743164,19.089989027320257,18.88395013254706,18.973532780732288,21842600
2016-05-16,19.170612335205078,19.2154045115075,18.92426134580561,18.92426134580561,12788400
2016-05-17,18.978008270263672,19.206444073974545,18.919781010110942,19.112381367868906,19880200
2016-05-18,19.013839721679688,19.16164959868139,18.901861869029805,18.92873546013206,21807000
2016-05-19,18.910823822021484,18.991448027627147,18.798845948529927,18.969051086011437,17269600
2016-05-20,19.139259338378906,19.184051516254645,19.000406149934435,19.013844657620595,11746000
2016-05-23,19.103422164916992,19.210919945602548,19.08550529858726,19.13029575576517,16855400
2016-05-24,19.461748123168945,19.4931017803714,19.179563499700677,19.179563499700677,18923000
2016-05-25,19.596126556396484,19.65883388799349,19.515502356158436,19.54237765912,19629400
2016-05-26,19.658832550048828,19.690186213713456,19.555813125344113,19.596125222719568,13034200
2016-05-27,19.75289535522461,19.779770658825417,19.631960760637664,19.654355992648334,15576000
2016-05-31,19.793209075927734,19.82008438172768,19.676752834754954,19.770813842084525,24742800
2016-06-01,19.743938446044922,19.797687344100883,19.69466791089085,19.72602157714405,13771000
2016-06-02,19.726024627685547,19.726024627685547,19.564776199934652,19.66331728548174,15529000
2016-06-03,19.681236267089844,19.72602845495959,19.57373843349697,19.69915314223774,16609400
2016-06-06,19.71706199645996,19.788727759250573,19.676749898099832,19.694666765959123,17271200
2016-06-07,19.797685623168945,19.842476082881017,19.775290393312908,19.77976875582551,8818800
2016-06-08,19.83799934387207,19.86935300996575,19.761853505754104,19.79320717184778,16317000
2016-06-09,19.842477798461914,19.864873030254245,19.74393843684634,19.757375234192402,25839000
2016-06-10,19.690187454223633,19.757374856964468,19.623001760129426,19.690187454223633,16565200
2016-06-13,19.470712661743164,19.631961068583998,19.46623259008275,19.515503126467085,23566200
2016-06-14,19.515506744384766,19.546860417233408,19.376653544164338,19.42592408968278,16841200
2016-06-15,19.466228485107422,19.587164764735395,19.443833257468096,19.54685267152607,14156200
2016-06-16,19.506546020507812,19.537899689679595,19.260195030452323,19.367694545217585,19192600
2016-06-17,19.37647247314453,19.511499814884036,19.290955557334865,19.466491273292803,22930400
2016-06-20,19.457489013671875,19.62852456042944,19.452988846347157,19.547507812858267,13712000
2016-06-21,19.592514038085938,19.637524290841707,19.4979950827472,19.515999183849505,11487800
2016-06-22,19.52499771118164,19.66902706007933,19.502493447347366,19.597012385630485,12990400
2016-06-23,19.79055404663086,19.808556429248796,19.57901016893981,19.651024850307866,19526800
2016-06-24,19.02989387512207,19.416973364716196,18.989385516514194,19.092906495853182,47246000
2016-06-27,18.647319793701172,18.8903699913009,18.570803227657347,18.8903699913009,36818000
2016-06-28,19.01639175415039,19.01639175415039,18.822852008407743,18.85435831892723,26489400
2016-06-29,19.30895233154297,19.340458642090955,19.142417013543444,19.14691889617324,21008400
2016-06-30,19.520505905151367,19.52950795872519,19.308963655548077,19.353972206451036,26710600
2016-07-01,19.56551170349121,19.624022462905675,19.50699922711098,19.53400538166319,14949400
2016-07-05,19.421480178833008,19.488992982345597,19.36296770888297,19.461988547726794,17361400
2016-07-06,19.55650520324707,19.561005369499185,19.290950753272394,19.358463548846405,15701600
2016-07-07,19.55650520324707,19.646523980977793,19.484490524455566,19.53850110430785,12332200
2016-07-08,19.862565994262695,19.876068208609162,19.628517882787794,19.651022145686973,25496000
2016-07-11,19.979591369628906,20.02460161729934,19.907576690321605,19.925580789389777,11663600
2016-07-12,20.14162826538086,20.168634418592926,20.05160947163965,20.114622112168792,32085600
2016-07-13,20.146127700805664,20.21364222290113,20.13262548317282,20.200140005268285,21218800
2016-07-14,20.27665138244629,20.321661628443106,20.213638755016067,20.258647284047562,30976600
2016-07-15,20.258651733398438,20.344170361091944,20.200140976200007,20.344170361091944,9729600
2016-07-18,20.393678665161133,20.41618293228122,20.254149461871762,20.290157662836318,8214400
2016-07-19,20.348665237426758,20.39817564754144,20.317158924983826,20.357667286262632,8915800
2016-07-20,20.614221572875977,20.65022977154561,20.479194261795683,20.506200410797906,10769800
2016-07-21,20.506206512451172,20.64573403139909,20.45669608303123,20.618729591327067,10946800
2016-07-22,20.627723693847656,20.627723693847656,20.447686150245453,20.492694677663373,9414600
2016-07-25,20.60072135925293,20.641229728210984,20.53770872242164,20.59171930871052,8489600
2016-07-26,20.645727157592773,20.70873978606925,20.54670804868632,20.623222892703367,18115400
2016-07-27,20.816757202148438,20.870767767111946,20.717736402244583,20.870767767111946,21820200
2016-07-28,20.83026695251465,20.893279587270175,20.74925021726739,20.843770886366208,12658600
2016-07-29,20.906782150268555,20.95629256489166,20.843769519644752,20.92028436626925,21179400
2016-08-01,20.947288513183594,20.987796874279482,20.870771956906808,20.90678015208771,15683400
2016-08-02,20.78976058959961,20.951794075718638,20.690741461277963,20.906785537114768,22224400
2016-08-03,20.86177635192871,20.86177635192871,20.767257385831563,20.771759270102347,15961800
2016-08-04,20.97429656982422,20.983298620176225,20.848271298827207,20.866275399531222,16752400
2016-08-05,21.176830291748047,21.185832338648932,21.019298763394804,21.04180302216457,12126200
2016-08-08,21.172340393066406,21.253357137493797,21.1273301367369,21.19934482989839,10439200
2016-08-09,21.21734619140625,21.271356775058422,21.17233765785702,21.17233765785702,29836800
2016-08-10,21.149829864501953,21.23534675077237,21.122823718696196,21.226344702170447,7112400
2016-08-11,21.22634506225586,21.284857520678337,21.194838750097272,21.217343013501228,10518600
2016-08-12,21.203840255737305,21.22184435278541,21.158830013117043,21.22184435278541,6937400
2016-08-15,21.307363510131836,21.347871874326522,21.217344732258603,21.230846948001705,16561400
2016-08-16,21.149829864501953,21.27135322821483,21.149829864501953,21.27135322821483,9078000
2016-08-17,21.14082908630371,21.16783351676702,21.019303998322883,21.158831467624147,10575000
2016-08-18,21.149829864501953,21.172334127524145,21.073313309868247,21.136325933116467,7086400
2016-08-19,21.16333770751953,21.18134180951174,21.041812594520646,21.091323016516377,9576200
2016-08-22,21.16333770751953,21.185841976526955,21.068818747508953,21.1048252345277,9257400
2016-08-23,21.239850997924805,21.28936141626641,21.22184861422694,21.22634878091002,16630600
2016-08-24,21.12282371520996,21.23984691308517,21.073313306390183,21.230844864484737,13648800
2016-08-25,21.167829513549805,21.19483565587108,21.05080633075426,21.08681280355097,11825400
2016-08-26,21.176830291748047,21.329861655133296,21.064307280934333,21.154326032978283,24227200
2016-08-29,21.25785255432129,21.289358868228618,21.167833778743773,21.167833778743773,13964800
2016-08-30,21.185836791992188,21.262353348251327,21.113822118612248,21.217343104285582,11436400
2016-08-31,21.149829864501953,21.181336176126063,21.082315358470165,21.15883019613866,22322400
2016-09-01,21.21734619140625,21.23535029161214,21.050812556915506,21.145331507548185,18479200
2016-09-02,21.311866760253906,21.370379231883167,21.21734780244438,21.320868811040377,13814400
2016-09-06,21.419891357421875,21.419891357421875,21.298366237581387,21.325372392090085,30214800
2016-09-07,21.473905563354492,21.478407448346456,21.3613824760802,21.419894962213327,23170000
2016-09-08,21.298364639282227,21.401885648348358,21.24435405128373,21.397385481417498,16605200
2016-09-09,20.776254653930664,21.181338296746894,20.776254653930664,21.104821734452546,33618400
2016-09-12,21.12282371520996,21.167832241246916,20.641225275360647,20.67273158697956,38020600
2016-09-13,20.969797134399414,21.11832667797326,20.884280228521476,21.041811822761254,34717600
2016-09-14,21.06881332397461,21.199338737404076,20.969792505473087,20.974292671329874,34217400
2016-09-15,21.41539192199707,21.45589857969573,21.068820653637776,21.113829195724612,32572600
2016-09-16,21.33674430847168,21.42261665731491,21.241834398340377,21.42261665731491,31766200
2016-09-19,21.29607391357422,21.494934794871906,21.237321129616124,21.390985572406226,14242600
2016-09-20,21.282512664794922,21.409059225576478,21.25539480574134,21.368383299029894,10002200
2016-09-21,21.522052764892578,21.535612559632373,21.282517654661437,21.363869526828235,24095200
2016-09-22,21.653118133544922,21.680235996792327,21.598884131117963,21.64859935170428,20997000
2016-09-23,21.463293075561523,21.64859411946382,21.42713593330379,21.64859411946382,23973000
2016-09-26,21.33674430847168,21.409056867248015,21.29606838640578,21.372901449893547,19240800
2016-09-27,21.57176399230957,21.580803279105172,21.30963157150788,21.363865568213804,17569000
2016-09-28,21.61243438720703,21.62147367168821,21.47684856812379,21.589837038037697,18096800
2016-09-29,21.481367111206055,21.63955200177972,21.418093844603472,21.585316295491328,22813800
2016-09-30,21.594358444213867,21.662152224033125,21.513006598057732,21.531085169218525,18510600
2016-10-03,21.53108787536621,21.585321871597586,21.481372660459257,21.53560838075829,12462800
2016-10-04,21.454259872436523,21.639560968873035,21.37742678538982,21.603403816364484,17804400
2016-10-05,21.53108787536621,21.58080309027316,21.490411947175765,21.5130093019332,18015200
2016-10-06,21.580801010131836,21.603398362711147,21.454254456433706,21.549164371707302,10011800
2016-10-07,21.522052764892578,21.62600199620172,21.41810353358344,21.59888585485811,12147800
2016-10-10,21.67119598388672,21.720911202809475,21.621480764963962,21.63503883410006,13315600
2016-10-11,21.427133560180664,21.6983052008108,21.33222365836684,21.671189071188135,17454600
2016-10-12,21.463293075561523,21.522045845629187,21.336744801726894,21.44521450443266,11040800
2016-10-13,21.32771110534668,21.395504902812394,21.146930518884584,21.32319232341398,19338400
2016-10-14,21.4090518951416,21.553676979106083,21.39097505269629,21.41357239880318,18896600
2016-10-17,21.363862991333008,21.454254124318467,21.3503049248088,21.409057695792008,10150200
2016-10-18,21.481367111206055,21.576278735177137,21.454250982129068,21.522043028888746,10117800
2016-10-19,21.522052764892578,21.544650124034916,21.427142822053973,21.467818758137376,10070000
2016-10-20,21.422616958618164,21.47685094744635,21.318666037601957,21.46781166196375,12296000
2016-10-21,21.481367111206055,21.49492689981176,21.39549649568358,21.454250982129068,16153800
2016-10-24,21.689273834228516,21.702831902911694,21.576285331021396,21.594362181243053,10786200
2016-10-25,21.61243438720703,21.720904076913964,21.571758469075334,21.720904076913964,8724800
2016-10-26,21.49041175842285,21.60792076063767,21.42261969474597,21.431657257315443,12559400
2016-10-27,21.463293075561523,21.589839625328718,21.436175218868225,21.585319120512786,17642200
2016-10-28,21.440692901611328,21.6621510764302,21.386458915069557,21.52204474345766,20837800
2016-10-31,21.431652069091797,21.52656369377123,21.431652069091797,21.494927060233827,11760000
2016-11-01,21.24635124206543,21.49944603674297,21.101726137697476,21.476848687448083,18130600
2016-11-02,21.11077308654785,21.30963397030116,21.061057865609524,21.246358955609193,16334600
2016-11-03,20.907386779785156,21.097208315429373,20.898349218910624,21.05201361478744,20251400
2016-11-04,20.871232986450195,21.038455460704686,20.81699899665069,20.88931155773918,16308000
2016-11-07,21.32318878173828,21.33222806817019,21.128848433621275,21.178563646962967,26452000
2016-11-08,21.427133560180664,21.51752468174646,21.259911105927653,21.282508455302292,19560000
2016-11-09,21.400022506713867,21.436179656456638,20.98874441076274,21.1017329176072,54258800
2016-11-10,21.05653953552246,21.5220516614459,20.762768709529904,21.5220516614459,79031000
2016-11-11,21.119810104370117,21.165006538578023,20.939029539741533,20.939029539741533,28183200
2016-11-14,20.798917770385742,21.151441245184188,20.699487365056033,21.137883180481857,37942000
2016-11-15,21.092689514160156,21.165003799534336,20.929987544270617,20.93902682994239,34741600
2016-11-16,21.28703498840332,21.300594782220447,21.015863249010973,21.042981112577355,20248400
2016-11-17,21.422616958618164,21.440693805515945,21.264432048773767,21.305107971411765,17048200
2016-11-18,21.404537200927734,21.517525677094735,21.36386128054492,21.47232925218754,17646000
2016-11-21,21.62148094177246,21.639559516813627,21.44973792701701,21.481374571305146,17951000
2016-11-22,21.689273834228516,21.72542925873957,21.639558616966546,21.693792615766995,16977600
2016-11-23,21.603395462036133,21.675708015021055,21.526564128769078,21.675708015021055,16233600
2016-11-25,21.69378662109375,21.69830540138355,21.594356214045547,21.616955287696328,6219000
2016-11-28,21.71186637878418,21.81129506720734,21.662151172538923,21.67570923821768,14975600
2016-11-29,21.72542381286621,21.829373002871872,21.648592477497058,21.6983059582297,11856800
2016-11-30,21.467809677124023,21.75705988955451,21.463290896834224,21.75705988955451,23633200
2016-12-01,21.02489471435547,21.494927163552198,20.96614022718907,21.440691456598337,43731200
2016-12-02,21.10173797607422,21.151453206854267,20.957112790569468,21.006828021349516,20105400
2016-12-05,21.305110931396484,21.35934492775957,21.133367931501112,21.219240293482628,18010000
2016-12-06,21.36838150024414,21.40453864260522,21.26895280688606,21.354823433892456,18509600
2016-12-07,21.7751407623291,21.793219333535262,21.34126539778591,21.354823464156812,19945800
2016-12-08,21.829370498657227,21.92428039289621,21.725421320576373,21.78417580351498,19354200
2016-12-09,21.987558364868164,21.987558364868164,21.874569887605876,21.910725303814793,24615000
2016-12-12,21.919763565063477,21.969478768587578,21.851969792245654,21.919763565063477,19170200
2016-12-13,22.19545555114746,22.303923517986462,22.0011152428214,22.01467330765946,27934000
2016-12-14,22.118623733520508,22.294887206627394,22.073429032149928,22.20901486032901,35830000
2016-12-15,22.21805763244629,22.331046127673144,22.109587918438756,22.145745064463807,23140000
2016-12-16,22.057361602783203,22.284335893105453,22.0255853406722,22.279797169236627,21131400
2016-12-19,22.21624183654785,22.288873536663555,22.057360533693597,22.075518891641604,13254000
2016-12-20,22.297958374023438,22.33427509913528,22.243485018032445,22.27526128666692,11413000
2016-12-21,22.252559661865234,22.297953827322097,22.207163764731963,22.28887464789544,9247400
2016-12-22,22.207164764404297,22.266178567495896,22.139073513153825,22.2525606635811,22210400
2016-12-23,22.229862213134766,22.23440093693516,22.143610875839833,22.18446631674891,12717400
2016-12-27,22.32064437866211,22.42505404567844,22.243473973631495,22.252553150401432,13681400
2016-12-28,22.120912551879883,22.379663085888737,22.111833373112308,22.34788682604037,15555200
2016-12-29,22.125455856323242,22.184467928397364,22.070980776702733,22.120915400516612,9593000
2016-12-30,21.952945709228516,22.17537946367863,21.8848527540515,22.17537946367863,17003200
2017-01-03,22.148147583007812,22.22531799628902,22.01650210328283,22.09367251656404,27881200
2017-01-04,22.22532081604004,22.257097076325685,22.152689116576234,22.16630875075316,14446200
2017-01-05,22.261642456054688,22.316115809783383,22.1753911033345,22.202628646037198,11005800
2017-01-06,22.4250545501709,22.45683080374259,22.19808032084397,22.26163282798736,17501200
2017-01-09,22.420515060424805,22.493146747667154,22.406897160215618,22.438673415154398,16627000
2017-01-10,22.4250545501709,22.5022249569376,22.34788241172825,22.4250545501709,15471600
2017-01-11,22.529462814331055,22.529462814331055,22.35696191267364,22.384199443990905,15173000
2017-01-12,22.47498893737793,22.50222647013213,22.261634325002923,22.443212681669397,13725400
2017-01-13,22.54308319091797,22.583938626544594,22.474990220981542,22.474990220981542,9665800
2017-01-17,22.456832885742188,22.520385398777606,22.406898273592613,22.484068687513876,9651600
2017-01-18,22.515844345092773,22.54762060076521,22.46137101132232,22.520384799718013,12315400
2017-01-19,22.484071731567383,22.59755887211707,22.44321629170244,22.515847992387187,14500000
2017-01-20,22.60663414001465,22.665647927759952,22.547620352269345,22.583937062166775,17510800
2017-01-23,22.64748764038086,22.656566817080524,22.48860637732648,22.58393513515911,23955200
2017-01-24,22.788217544555664,22.82453252806522,22.620257066011845,22.629334513132015,13021800
2017-01-25,23.006107330322266,23.006107330322266,22.89262021907627,22.910778572477845,18395600
2017-01-26,22.94255828857422,23.01972870466696,22.879005773750514,23.001570348524144,14253000
2017-01-27,23.03334617614746,23.074201607796823,22.98341156727869,23.02426699892805,12046000
2017-01-30,22.84722900390625,22.956175674967316,22.7428193242649,22.956175674967316,16893200
2017-01-31,22.73374366760254,22.797296186003503,22.63387443487174,22.77459737370923,19115600
2017-02-01,22.906246185302734,22.97887789281223,22.77914113008025,22.942562904895734,23362200
2017-02-02,22.8608455657959,22.90170099796972,22.742817992104406,22.838148488294,17197800
2017-02-03,23.010650634765625,23.04242689370779,22.942559393465086,22.947098116881293,13667200
2017-02-06,23.024272918701172,23.028811642639834,22.919864951347577,22.97887702093237,13453000
2017-02-07,23.115060806274414,23.142298344411792,23.05150828229694,23.06966664105519,20106200
2017-02-08,23.155914306640625,23.192231021112946,23.051506350047088,23.115058868697393,12706200
2017-02-09,23.22854232788086,23.28755611372104,23.155910642106786,23.155910642106786,9739200
2017-02-10,23.296640396118164,23.332957112801623,23.224008694427614,23.28302249320005,8355800
2017-02-13,23.401050567626953,23.428288107710188,23.305721774850422,23.337498039109267,13159400
2017-02-14,23.47821807861328,23.47821807861328,23.30571715562908,23.37381012650279,12467600
2017-02-15,23.555391311645508,23.57354967027248,23.43736544392296,23.460062526368482,11895000
2017-02-16,23.60986328125,23.67341753274419,23.555389940216987,23.587166200125935,14123000
2017-02-17,23.691574096679688,23.691574096679688,23.546310699854015,23.582627414898575,14175400
2017-02-21,23.81414222717285,23.823221406625862,23.705195537089573,23.74151052322519,15237400
2017-02-22,23.841379165649414,23.859537524098545,23.741509925855578,23.791444545752494,13769600
2017-02-23,23.836830139160156,23.89130519491988,23.73242221313431,23.873146842999972,13405400
2017-02-24,23.89130973815918,23.900388915845657,23.682492114722386,23.69611174709014,15544200
2017-02-27,23.877696990966797,23.88677617127127,23.823223640816533,23.88677617127127,15951200
2017-02-28,23.76420783996582,23.85953835932269,23.727892853472696,23.8368395446285,15243000
2017-03-01,24.100126266479492,24.131902523383427,23.854993657498152,23.90946699337974,18190600
2017-03-02,23.94124984741211,24.081972804677598,23.92763021191677,24.077434080630137,14340200
2017-03-03,23.995725631713867,23.995725631713867,23.873159289865104,23.923093917841637,15714000
2017-03-06,23.959407806396484,24.000263251799353,23.854999830739494,23.895855276142367,13430400
2017-03-07,23.959407806396484,24.059277057753853,23.923092816969806,23.94125117752143,13960800
2017-03-08,23.986637115478516,24.05926880108267,23.954860861256446,23.986637115478516,11361800
2017-03-09,23.982105255126953,24.018420242482442,23.864077649949557,23.99118270320847,15300400
2017-03-10,24.109207153320312,24.159141769616298,24.00933792072834,24.09558925130368,14709000
2017-03-13,24.13190460205078,24.159142138175817,24.08651044018533,24.109207521118055,14922400
2017-03-14,24.07743263244629,24.113747617671173,23.98664257186952,24.113747617671173,14479800
2017-03-15,24.24085807800293,24.281713524885724,24.041119568052988,24.113751281213883,17867200
2017-03-16,24.254470825195312,24.34072042508337,24.227233289173483,24.331641246409426,21956000
2017-03-17,24.306875228881836,24.3843428754861,24.297761081337942,24.347888023656417,13790800
2017-03-20,24.32965850830078,24.38434165247559,24.26130501266872,24.31143021412724,9083600
2017-03-21,23.974218368530273,24.45269984931411,23.965104220339168,24.393458755244946,29811000
2017-03-22,24.124603271484375,24.161059873019173,23.946881684868337,23.978780342038064,22766600
2017-03-23,24.060800552368164,24.16105444572239,24.02434569736866,24.08814299737733,22718800
2017-03-24,24.079025268554688,24.224848143561335,23.99699968407022,24.142822559076873,26281800
2017-03-27,24.079025268554688,24.12915220777806,23.8466206047459,23.878519250006992,13690000
2017-03-28,24.252195358276367,24.30687851258118,24.015232705160685,24.056245505475825,16907800
2017-03-29,24.2932071685791,24.306877522011668,24.188397069455284,24.24308022153161,11410200
2017-03-30,24.338781356811523,24.37068001384649,24.2567557420512,24.27498404274159,17508400
2017-03-31,24.2932071685791,24.37523276586662,24.26586472336791,24.315991670415396,12207000
2017-04-03,24.270418167114258,24.3524437550696,24.124595285937172,24.315988903948263,26035800
2017-04-04,24.288646697998047,24.288646697998047,24.161052110314003,24.17016625776942,15041600
2017-04-05,24.188400268554688,24.475488158684495,24.165614025358675,24.31143694241244,20955800
2017-04-06,24.192949295043945,24.26586073193471,24.133708209337147,24.215733793132475,13870200
2017-04-07,24.179285049438477,24.243082355534305,24.092701501154522,24.15649880725035,12938800
2017-04-10,24.13371467590332,24.252196879063916,24.0835877236697,24.19295577748362,9687200
2017-04-11,24.042570114135742,24.129153646446095,23.846622026568372,24.092697056347866,16914200
2017-04-12,23.960548400878906,24.04713020256824,23.91497765919027,24.019787757555058,17368400
2017-04-13,23.86485481262207,24.092703345172758,23.86485481262207,23.933210067725817,19533200
2017-04-17,24.083580017089844,24.09269416352006,23.937757150897767,23.937757150897767,14132000
2017-04-18,24.079025268554688,24.124594265114595,23.983329332771408,24.019784182350175,12487200
2017-04-19,24.060800552368164,24.202067244063112,24.015231549032272,24.115483704040447,14521000
2017-04-20,24.279531478881836,24.320544271448018,24.088139605803512,24.124594455670227,15163800
2017-04-21,24.229406356811523,24.29320539096927,24.183837356473354,24.28864744792789,15233000
2017-04-24,24.516496658325195,24.534724954343098,24.439029007768088,24.49371215747581,16210000
2017-04-25,24.644094467163086,24.694219676693553,24.575739222177578,24.616752021499664,20089600
2017-04-26,24.616750717163086,24.703332516323847,24.5939662161572,24.644093161377747,16294400
2017-04-27,24.71700668334961,24.735233242677392,24.657765585082416,24.680550088001752,17183400
2017-04-28,24.780803680419922,24.830930629230277,24.72156258288531,24.794474034333245,22836800
2017-05-01,24.967636108398438,24.999534755576136,24.826369429221575,24.87194016686535,15126000
2017-05-02,25.022315979003906,25.058772564345595,24.931176253995353,25.01775977500903,15070200
2017-05-03,24.976749420166016,24.994975976267742,24.8628251873875,24.940292831270888,14309000
2017-05-04,24.958518981933594,24.999531771744945,24.876493402310896,24.985861421256388,15159800
2017-05-05,25.049665451049805,25.058779599944152,24.940297402663816,24.999538501303984,13651600
2017-05-08,25.159032821655273,25.17270491474621,25.02232405916952,25.067893067216026,12140200
2017-05-09,25.19092559814453,25.25928083261387,25.14079865797979,25.18636939374129,15388600
2017-05-10,25.286624908447266,25.304851465584097,25.16358652145748,25.21826966955985,10604000
2017-05-11,25.254722595214844,25.268394684956693,25.10889971917102,25.209153598330825,18196000
2017-05-12,25.318523406982422,25.33219375934087,25.250168168498323,25.277510611561148,9307600
2017-05-15,25.459787368774414,25.459787368774414,25.33674898725385,25.35042107743115,19898600
2017-05-16,25.578266143798828,25.578266143798828,25.432443282505535,25.51902506316542,18122200
2017-05-17,24.881053924560547,25.400549931780056,24.86738357169945,25.377763692550243,37090000
2017-05-18,25.02687644958496,25.12257413324862,24.776243466842736,24.81725626317117,33644400
2017-05-19,25.172700881958008,25.25016853089563,25.136244290684342,25.163586734139592,20438200
2017-05-22,25.37320899963379,25.405107650441092,25.227386099272934,25.231942304382795,21020600
2017-05-23,25.418773651123047,25.505357178497714,25.350420156104185,25.478014737482695,13221000
2017-05-24,25.52358627319336,25.528144216322175,25.42789032763985,25.487131419892677,18643800
2017-05-25,25.70586395263672,25.76054709792719,25.55548486850146,25.60561007098265,12227000
2017-05-26,25.692195892333984,25.724094541460552,25.628398594080846,25.68308174424839,72564400
2017-05-30,25.801557540893555,25.828899980220747,25.669406763343012,25.701305406718557,11850600
2017-05-31,25.760547637939453,25.906370520668123,25.67396584455239,25.89725811155023,28492200
2017-06-01,25.824350357055664,25.824350357055664,25.6648570887977,25.815237946023423,16872400
2017-06-02,26.061309814453125,26.065867757753843,25.83801926640695,25.920044862359514,16982000
2017-06-05,26.084089279174805,26.152442765817096,26.02940440384627,26.06130304528179,13531600
2017-06-06,26.033973693847656,26.166124520963884,26.00207503850791,26.05220025522298,15370400
2017-06-07,26.115997314453125,26.161566321939016,25.979286815303038,26.09321107236397,17407400
2017-06-08,26.17523193359375,26.193460228623643,26.02940905004639,26.16156158149428,14204800
2017-06-09,25.52814483642578,26.257259303610024,25.16358760283366,26.211690301290762,70285000
2017-06-12,25.377758026123047,25.41877081389486,24.95851774076285,25.263833808795308,71412800
2017-06-13,25.560039520263672,25.642065102389477,25.37320385838728,25.50079843576265,36586800
2017-06-14,25.43700408935547,25.664852568649835,25.227383905607677,25.660296363936162,32361200
2017-06-15,25.323083877563477,25.359540474455365,25.040552205036224,25.14991851901945,29501000
2017-06-16,25.278703689575195,25.333607172691586,25.17347128637284,25.324456301280478,43222600
2017-06-19,25.65387535095215,25.672177089964947,25.45713601993929,25.47086145152394,19858400
2017-06-20,25.447982788085938,25.658449276495652,25.447982788085938,25.644722100835402,21915400
2017-06-21,25.589820861816406,25.60354629332171,25.457135872765537,25.534917390445315,24586400
2017-06-22,25.59897232055664,25.685902964341167,25.516616238929224,25.667601225012866,17585600
2017-06-23,25.759103775024414,25.823158106379008,25.534913615283326,25.57609164906123,32847200
2017-06-26,25.621849060058594,25.951273392199905,25.594396450596832,25.896368173276382,19455800
2017-06-27,25.20091438293457,25.53033690256961,25.20091438293457,25.484584308143788,25791000
2017-06-28,25.516616821289062,25.539493123296573,25.127712705761528,25.297001180387028,25952000
2017-06-29,25.059078216552734,25.39765159966933,24.85776436024961,25.39765159966933,41946800
2017-06-30,25.036205291748047,25.205492006107434,25.013327246406394,25.1643139679822,30743800
2017-07-03,24.862346649169922,25.18719470417884,24.834894037134614,25.14144209613678,33105200
2017-07-05,25.10941505432129,25.159743970643973,24.87149765147322,24.953853742664865,29618800
2017-07-06,24.880647659301758,25.017907224744086,24.82116787431506,24.889798529711257,25514800
2017-07-07,25.16889762878418,25.25125373480765,24.953858236701066,24.972159981450826,17636400
2017-07-10,25.351905822753906,25.41138560699485,25.13686473420206,25.173468215381117,11188400
2017-07-11,25.40681266784668,25.447990716957868,25.228375036814953,25.3244565696243,13713000
2017-07-12,25.73622703552246,25.759103332706342,25.566940341942246,25.580665771182655,33103800
2017-07-13,25.786563873291016,25.878070835540726,25.72708408602618,25.772838439826106,16250200
2017-07-14,26.01532554626465,26.042776408066317,25.859764263105898,25.89636599395806,13379200
2017-07-17,26.019901275634766,26.09310648597363,25.96957236627369,26.038203014556952,19674200
2017-07-18,26.13886260986328,26.13886260986328,25.905519786120447,25.969574131351813,19840400
2017-07-19,26.27153968811035,26.294417730615976,26.157156456980612,26.180034499486236,13347200
2017-07-20,26.326448440551758,26.353899302695403,26.175461717362385,26.34475017888074,20745800
2017-07-21,26.294418334960938,26.298992896357447,26.18460966259875,26.212062267026706,11610000
2017-07-24,26.358474731445312,26.381351030919177,26.225789751007213,26.28069321881444,10756200
2017-07-25,26.308143615722656,26.363047078918445,26.19376038261082,26.27611645007931,13760600
2017-07-26,26.408803939819336,26.45455653929083,26.321871557333782,26.4499819774836,21205200
2017-07-27,26.308143615722656,26.628417017505726,25.98329565256895,26.596389851862384,46094400
2017-07-28,26.28069305419922,26.33102195993634,26.152584381668195,26.175460680998768,20586200
2017-07-31,26.1525821685791,26.38134863322565,26.125129564495655,26.321868863719654,21965600
2017-08-01,26.285268783569336,26.30814508239713,26.189187281282774,26.285268783569336,16614400
2017-08-02,26.358474731445312,26.55978861030501,26.193762582673845,26.555214048550145,25147800
2017-08-03,26.298995971679688,26.39507748038855,26.221216201396278,26.39507748038855,21375600
2017-08-04,26.358474731445312,26.440830805831048,26.298994956533445,26.353898424340677,9513800
2017-08-07,26.518606185913086,26.518606185913086,26.385921227426188,26.395072094771784,15366000
2017-08-08,26.482013702392578,26.68790392613714,26.40880848343341,26.482013702392578,20921400
2017-08-09,26.468278884887695,26.486580620682936,26.298992192155673,26.31271762132731,13945600
2017-08-10,25.94669532775879,26.35389940777829,25.93296989663224,26.326448545525185,29823800
2017-08-11,26.125139236450195,26.212071642223435,25.95585247863691,25.987879655916444,29936200
2017-08-14,26.541492462158203,26.578095945304806,26.308151365824084,26.36305484519385,19517000
2017-08-15,26.582670211791992,26.642149998567326,26.50031412098003,26.596397390494065,14105200
2017-08-16,26.660449981689453,26.75653149951683,26.573519333943256,26.623846501364735,18111800
2017-08-17,26.13886260986328,26.600970204282408,26.13886260986328,26.559792161583673,25937800
2017-08-18,26.111404418945312,26.294418290791654,26.01074661489486,26.138857023327155,33393000
2017-08-21,26.102262496948242,26.157165979179574,25.928399433640415,26.129715110739024,15957200
2017-08-22,26.491161346435547,26.509461339933917,26.221216807148416,26.23951680064679,16922400
2017-08-23,26.427106857299805,26.500312071766288,26.335601648229193,26.344752518206253,17847400
2017-08-24,26.40422821044922,26.518611456980725,26.27154322558871,26.491160594837055,16187800
2017-08-25,26.399656295776367,26.56894302892033,26.344752820633733,26.491163251247432,16666200
2017-08-28,26.449989318847656,26.500316494095017,26.376784092164808,26.46371475342873,11986600
2017-08-29,26.564369201660156,26.600970937651443,26.202917677489648,26.234944850988292,17379600
2017-08-30,26.756534576416016,26.774836318683004,26.53234434237112,26.591822386713524,15308000
2017-08-31,26.916664123535156,26.962416720118668,26.788553711471895,26.820580878150288,18851600
2017-09-01,26.893789291381836,27.00817254184923,26.861762120878957,26.985296240825733,12026200
2017-09-05,26.655874252319336,26.86634077805289,26.477436645239838,26.81601186418943,23803400
2017-09-06,26.67875099182129,26.774832507019514,26.564367736961508,26.738229027696406,18227400
2017-09-07,26.77025604248047,26.825161261143233,26.66959996563196,26.765681480266878,15387600
2017-09-08,26.550642013549805,26.76568310297461,26.532342018236033,26.72907962164696,12518400
2017-09-11,26.92581558227539,26.953268189816708,26.76110517307699,26.76110517307699,14074600
2017-09-12,26.989879608154297,27.040206785430442,26.866345455893914,27.00360504328867,15723400
2017-09-13,26.953271865844727,26.96242273627321,26.848039473942286,26.957846428383935,16256600
2017-09-14,26.861757278442383,26.985291376119353,26.802279255573513,26.852606410612655,15253400
2017-09-15,26.971508026123047,26.994466057875588,26.792431174647913,26.83834898973854,26247600
2017-09-18,26.994462966918945,27.095478645380602,26.893445536871944,27.0128300908521,20824000
2017-09-19,27.113845825195312,27.16894544552299,26.966912336597943,27.03578817569655,11232200
2017-09-20,27.003650665283203,27.118442580071132,26.815391995094423,27.109259016697823,17901600
2017-09-21,26.856719970703125,26.994469932576113,26.76947698530112,26.994469932576113,16209200
2017-09-22,26.870494842529297,26.90722734883705,26.755702913990596,26.769477384907777,9649600
2017-09-25,26.55366325378418,26.783247054692215,26.434278696424183,26.783247054692215,27146200
2017-09-26,26.65008544921875,26.760284682096035,26.567435148768176,26.696001504320083,18106600
2017-09-27,26.920997619628906,27.003647930031253,26.72814631149495,26.769471466696125,15271000
2017-09-28,26.953140258789062,26.966914727195743,26.79702319436652,26.852122819578742,11178400
2017-09-29,27.13680076599121,27.15976054413465,26.966909267557703,26.999050855056336,24857400
2017-10-02,27.178131103515625,27.265374073313513,27.04497382341995,27.205681791596877,15143800
2017-10-03,27.242412567138672,27.256187033629388,27.168944074960823,27.20108741608126,12932000
2017-10-04,27.22404670715332,27.26537186012801,27.104662153410732,27.196496021308413,13299200
2017-10-05,27.485767364501953,27.490358268893786,27.292916099929247,27.306692316274827,12845400
2017-10-06,27.527097702026367,27.54087216938479,27.384755116842957,27.393938678943698,11852800
2017-10-09,27.595966339111328,27.655658605181873,27.550050289263233,27.56841740983648,13898400
2017-10-10,27.623523712158203,27.706174023175993,27.48118112060857,27.68321599269004,10945800
2017-10-11,27.715362548828125,27.724546112984147,27.586796153815342,27.586796153815342,9961800
2017-10-12,27.646482467651367,27.779641500181516,27.614340873811056,27.651075124820267,12212800
2017-10-13,27.77964210510254,27.83015082554732,27.747500510562322,27.747500510562322,11900000
2017-10-16,27.880659103393555,27.88525000900405,27.784232569718114,27.848517509363578,16612800
2017-10-17,27.880659103393555,27.880659103393555,27.788825226914113,27.87147554058706,10263400
2017-10-18,27.94953155517578,27.986265804243814,27.862290341017303,27.963307774368996,12182600
2017-10-19,27.866878509521484,27.899020098506654,27.68321253697556,27.830146015646392,13745200
2017-10-20,28.055139541625977,28.087281133364254,27.990856358149415,28.036774168907943,14814800
2017-10-23,27.921981811523438,28.12401492079187,27.88984022031222,28.101056891581763,14109800
2017-10-24,28.000041961669922,28.04595977577613,27.885250053782663,27.97708393040957,16071600
2017-10-25,27.848508834838867,28.0184003148758,27.664841139090587,27.93575002694757,18451800
2017-10-26,27.963306427001953,28.082689227549988,27.944939303352925,28.0092224845392,18872800
2017-10-27,28.716346740722656,28.794404404509955,28.41329614606869,28.41329614606869,29078400
2017-10-30,28.78062629699707,28.890825543895577,28.41329255469297,28.41329255469297,17149400
2017-10-31,28.904600143432617,28.964292420581916,28.776032027142946,28.890823924653333,20222600
2017-11-01,28.909189224243164,29.079082482978418,28.757664839916192,29.04234823733234,19101400
2017-11-02,28.922971725463867,28.950520664097997,28.702569706877096,28.90919550456118,20449200
2017-11-03,29.152551651000977,29.180100585945034,28.904600726992133,29.074492248293577,15319400
2017-11-06,29.216835021972656,29.226018584208017,29.11581758896908,29.1341847134398,12000400
2017-11-07,29.230609893798828,29.258160580885942,29.111227086258836,29.248977018523572,11551200
2017-11-08,29.391321182250977,29.395910336299874,29.152553802794838,29.230611459678403,18201000
2017-11-09,29.157146453857422,29.207655176787092,28.863279431269092,29.166330017261508,20490800
2017-11-10,29.157146453857422,29.18010448657483,29.05153810208884,29.12041220024107,11966400
2017-11-13,29.147960662841797,29.184694913650763,29.04235231914426,29.046943224702638,8600600
2017-11-14,29.0882625579834,29.120404145214174,28.92755462182951,29.060713626977094,14741600
2017-11-15,28.872459411621094,28.987251312548167,28.794400008166278,28.945926158151003,16985000
2017-11-16,29.276521682739258,29.336213953593184,29.08367215602141,29.08367215602141,15282200
2017-11-17,29.0882625579834,29.258155806586235,29.06989718784091,29.23519602863413,16604200
2017-11-20,29.198471069335938,29.221429101625578,29.115820751824767,29.157145910580354,13159800
2017-11-21,29.506114959716797,29.524482086588993,29.290305597932562,29.313263630729992,16348000
2017-11-22,29.451007843017578,29.515291022964398,29.400499129749278,29.50610921290224,24231600
2017-11-24,29.616313934326172,29.630088403555675,29.48774755062254,29.496929362385135,8678200
2017-11-27,29.616313934326172,29.653048187718987,29.51529648908154,29.565805211703857,13778200
2017-11-28,29.712739944458008,29.740288884050347,29.542846642905403,29.66223121975781,22623200
2017-11-29,29.056123733520508,29.666817452142656,28.854090630061947,29.662224795481496,67280400
2017-11-30,29.313261032104492,29.39132043859853,29.07908631579331,29.1846946585678,42095000
2017-12-01,29.16172981262207,29.30866503747457,28.739296514874777,29.13418088112517,38423600
2017-12-04,28.693378448486328,29.359169936205234,28.665827767336943,29.345395471423064,33611000
2017-12-05,28.70256805419922,29.033169311457918,28.51890205139979,28.642877522871803,27854200
2017-12-06,28.886232376098633,28.950515557019084,28.51889866256369,28.587772748584754,26524200
2017-12-07,29.065305709838867,29.120405325670188,28.886230644698177,29.010206094007547,23371000
2017-12-08,29.203054428100586,29.34539699404714,29.134180349031066,29.25815579325836,20118000
2017-12-11,29.45560646057129,29.45560646057129,29.17092124664458,29.189288373656428,22843200
2017-12-12,29.4464168548584,29.552026943995312,29.327034049847875,29.437235044275994,16794000
2017-12-13,29.45560646057129,29.597947315949007,29.418872206547597,29.547438592459248,20712200
2017-12-14,29.418872833251953,29.584173476708663,29.405098363492453,29.492341342864428,21892000
2017-12-15,29.7543888092041,29.795869805769243,29.43638248650741,29.510123159514595,42610400
2017-12-18,30.017086029052734,30.049347459271598,29.915695474245,29.966388993532778,21521600
2017-12-19,29.83274269104004,29.975614264047415,29.759000255789232,29.957178655234717,23953600
2017-12-20,29.82352066040039,29.96178595693675,29.68064909921669,29.96178595693675,17930400
2017-12-21,29.763608932495117,29.924916108328933,29.73595376218595,29.874219065033632,31883800
2017-12-22,29.745166778564453,29.772818426555805,29.666818098434323,29.712905350497227,10971000
2017-12-26,29.546993255615234,29.579254688951305,29.440991152065823,29.560819081868907,12438200
2017-12-27,29.579256057739258,29.634562881545794,29.528559014974768,29.55160440395233,10693200
2017-12-28,29.629953384399414,29.68526020873587,29.57925634114918,29.666824600623716,19316000
2017-12-29,29.473249435424805,29.657600212197394,29.45020580809274,29.648384167757424,13386400
2018-01-02,29.83734893798828,29.83734893798828,29.519344355802208,29.593083274775484,27445600
2018-01-03,30.08622169494629,30.10465730210102,29.860391660707755,29.892653094170402,22663600
2018-01-04,30.238309860229492,30.316658545802117,30.1369157889086,30.206048429921225,21493200
2018-01-05,30.556325912475586,30.583977569639348,30.33510210646618,30.395015202398696,19356000
2018-01-08,30.671550750732422,30.726854073916257,30.524069361852746,30.542501458758245,13467800
2018-01-09,30.59319496154785,30.7406763332933,30.542497910363487,30.73146028591126,21212800
2018-01-10,30.487184524536133,30.496400568874368,30.339703201499663,30.42726792952525,20815600
2018-01-11,30.611621856689453,30.6254476819426,30.482576132683725,30.556318555676864,15775600
2018-01-12,30.791362762451172,30.832843751943898,30.533271329988168,30.574748803248845,16308600
2018-01-16,30.671550750732422,31.090949521889073,30.59319851583254,30.980339359287733,36443600
2018-01-17,31.132423400878906,31.16007505613832,30.74528264608276,30.846676737011105,29376200
2018-01-18,31.18772315979004,31.270681632353973,31.104764687226105,31.13241985556906,29845800
2018-01-19,31.24764633178711,31.2983433821386,31.08633561726879,31.24764633178711,23894400
2018-01-22,31.55181884765625,31.556428628472112,31.160071867888387,31.224594734380386,18004200
2018-01-23,31.690088272094727,31.754611146995288,31.58869417832728,31.65321705322784,20460200
2018-01-24,31.445817947387695,31.828345358770864,31.339814087889323,31.773042054886883,37019000
2018-01-25,31.390512466430664,31.671649327276043,31.312163771764272,31.6439976741544,25951800
2018-01-26,31.888256072998047,31.888256072998047,31.537986642719208,31.60711927604463,20097200
2018-01-29,31.59790802001953,31.79608641230889,31.556430538863317,31.79608641230889,55179800
2018-01-30,31.312164306640625,31.49651335224412,31.229205829625993,31.339815960234617,29662400
2018-01-31,31.54720115661621,31.597898184181243,31.339806782927724,31.496504129051182,30135800
2018-02-01,31.574859619140625,31.796079838703548,31.427378300688012,31.43198456459791,32650000
2018-02-02,30.639278411865234,31.247639364197802,30.634668631161205,31.219984196206035,43929400
2018-02-05,29.358028411865234,30.888146656899064,29.344200829504793,30.31204720516747,98559600
2018-02-06,30.201440811157227,30.252137850446253,28.795758327591226,28.961675271403962,90269400
2018-02-07,29.81430435180664,30.43649114826529,29.81430435180664,30.127702640455574,47425200
2018-02-08,28.579143524169922,29.952564535696677,28.56992747921483,29.897261233501453,55628600
2018-02-09,29.279682159423828,29.491688124147664,28.099831438744253,29.040024542256727,72700400
2018-02-12,29.805084228515625,29.989436780052895,29.376467798706496,29.593080024929126,35629600
2018-02-13,29.878826141357422,29.95256505096368,29.54699225754826,29.634560509173568,19084000
2018-02-14,30.427270889282227,30.477967928654234,29.694473983103563,29.712909589805424,32117600
2018-02-15,31.007980346679688,31.007980346679688,30.35814190933459,30.717627451214746,24305000
2018-02-16,30.96189308166504,31.293726971406194,30.883544389985172,30.915805822808203,20334200
2018-02-20,30.989545822143555,31.233811467273064,30.77293183005283,30.805193264008942,33835200
2018-02-21,30.791362762451172,31.372072001724977,30.786756498465795,31.109370789044547,29102400
2018-02-22,30.82823371887207,31.109370533884253,30.740665476619483,30.89736635663822,21958800
2018-02-23,31.473472595214844,31.473472595214844,31.00798315123198,31.081725585073247,20772400
2018-02-26,31.966615676879883,31.966615676879883,31.607130080184294,31.607130080184294,21594400
2018-02-27,31.644004821777344,32.127926441875424,31.644004821777344,31.980445064859808,25581200
2018-02-28,31.41817283630371,31.95740131917652,31.413566570327188,31.823749281186018,30464000
2018-03-01,30.897367477416992,31.611728716961373,30.662317906978657,31.491902557800938,42973600
2018-03-02,31.192325592041016,31.256848442586378,30.464135117335744,30.547093570355734,38392200
2018-03-05,31.510334014892578,31.61633433529064,30.97571208446722,31.044844715640384,21777800
2018-03-06,31.57947540283203,31.731566547275126,31.44121360298353,31.69008906219049,20303800
2018-03-07,31.754606246948242,31.78686767942027,31.34442366999002,31.34442366999002,22219600
2018-03-08,31.89286231994629,31.920517483001053,31.69468397984082,31.851384849711835,15248000
2018-03-09,32.49662780761719,32.49662780761719,32.07722560345895,32.11870660384842,24685000
2018-03-12,32.5980224609375,32.72706821328242,32.50584441195324,32.59341267943003,27012400
2018-03-13,32.224693298339844,32.87914133433522,32.11408320459323,32.76392146111499,27618800
2018-03-14,32.19704818725586,32.41366215546137,32.03574103526203,32.386006989239426,27762800
2018-03-15,32.215492248535156,32.40445110011637,32.05879131958753,32.20627268529717,23002800
2018-03-16,32.18219757080078,32.385620144810424,32.140586804647505,32.27003977816547,24404600
2018-03-19,31.544198989868164,31.932547375175545,31.285296539096617,31.88169172559006,39736800
2018-03-20,31.53032684326172,31.650531428336915,31.35464593217747,31.465602111428925,18765600
2018-03-21,31.340778350830078,31.756868451981248,31.257560330599844,31.460982941658976,21867000
2018-03-22,30.531702041625977,31.141966075827927,30.50858456348732,30.96166103348862,42390200
2018-03-23,29.718019485473633,30.59180666275646,29.704150407617146,30.513212870081425,41901600
2018-03-26,30.846092224121094,30.887699467640537,29.902955904781187,30.323666651710795,50251600
2018-03-27,29.85672950744629,31.05414074766232,29.625568709514187,31.03564746055969,59497200
2018-03-28,29.657928466796875,30.147988186515985,29.4822457820362,29.787377937874865,53622000
2018-03-29,30.24506378173828,30.545573383674757,29.662541383534016,29.870584593288083,35368200
2018-04-02,29.523849487304688,30.258938934792713,29.19560166541699,30.124868811863116,52034200
2018-04-03,29.815107345581055,29.884456263928485,29.315801129774815,29.74575842723362,36101400
2018-04-04,30.231199264526367,30.314417266426304,29.20484508350473,29.26957156779519,36298400
2018-04-05,30.35603141784668,30.554826276930612,30.152608828899044,30.508594832324274,32738200
2018-04-06,29.611690521240234,30.319041781064588,29.482239314941324,30.041649614283063,40477800
2018-04-09,29.842853546142578,30.425376083071026,29.805866980461488,29.828980938587385,21859400
2018-04-10,30.57794189453125,30.702770667297735,30.147982784219977,30.314418796420014,31297800
2018-04-11,30.39763832092285,30.67040631012237,30.34678267425293,30.388393442997906,17315600
2018-04-12,30.76287078857422,30.896944437059158,30.545579135072177,30.587189901197164,21256000
2018-04-13,30.661161422729492,30.989409261076588,30.513218685344416,30.975540180576907,22421600
2018-04-16,30.89694595336914,31.01252632560778,30.693523369514562,30.873828468028197,19477400
2018-04-17,31.47022819519043,31.571939501930366,31.114242148834197,31.169718478158853,30445600
2018-04-18,31.38700294494629,31.507207509520235,31.197452984688088,31.437858586603237,19764400
2018-04-19,31.040264129638672,31.220569226080954,30.929307961189497,31.188206863315237,25811600
2018-04-20,30.610315322875977,30.970925637267825,30.48086582819523,30.94781167163723,32477000
2018-04-23,30.499345779418945,30.813724497834944,30.3560272625874,30.725882296043924,37920600
2018-04-24,29.96767807006836,30.72588501199183,29.7503864109989,30.67502936722098,34847600
2018-04-25,29.972305297851562,30.07401659765991,29.588577585750368,30.013912542009535,30581600
2018-04-26,30.517845153808594,30.638046211885896,30.22195965706956,30.346784918067794,33086800
2018-04-27,30.46236801147461,30.846095761694592,30.30055616717512,30.82297827226595,26313000
2018-04-30,30.263566970825195,30.730512704372227,30.226580401839946,30.540959183747844,17372200
2018-05-01,30.64266586303711,30.66115914474041,30.147982040980494,30.2219551677937,18547800
2018-05-02,30.610315322875977,30.952432348422835,30.554835456341003,30.836851938567285,26587400
2018-05-03,30.67965316772461,30.79523353573827,30.203462615865593,30.471609916193184,31090800
2018-05-04,31.262174606323242,31.317650917371033,30.527081739848494,30.56406829870195,21682600
2018-05-07,31.479461669921875,31.62740790047899,31.359260648442635,31.410116283388575,26914800
2018-05-08,31.54882049560547,31.57656218616687,31.285297362289157,31.428619436361807,30294800
2018-05-09,31.937171936035156,31.937171936035156,31.525706059127916,31.627417359439068,28826600
2018-05-10,32.35325622558594,32.376370181462384,32.05274658133056,32.08510894134374,23132600
2018-05-11,32.3070182800293,32.431847033734705,32.2006863328916,32.32089088495508,17521200
2018-05-14,32.30240249633789,32.556677189424136,32.270040134409356,32.413358661916746,20261800
2018-05-15,31.99726676940918,32.103602253689154,31.83083076711261,32.075860568484586,28525200
2018-05-16,32.14057540893555,32.214548510432316,31.97414298503107,32.048112559296214,13361000
2018-05-17,31.97416114807129,32.2423049752381,31.844708146915696,32.02501327519753,21600200
2018-05-18,31.840089797973633,32.011146532201025,31.812348103510203,31.86782796520318,15765800
2018-05-21,32.11748123168945,32.27466887828749,31.9556693815933,32.13135031495001,22578400
2018-05-22,32.07124710083008,32.32090116037825,32.00189816308334,32.274666183724754,14782000
2018-05-23,32.3070182800293,32.3070182800293,31.803089645262858,31.807713846904786,29387600
2018-05-24,32.270050048828125,32.33477479257076,31.94642280288094,32.29778821693669,22401400
2018-05-25,32.246925354003906,32.36250573161682,32.168331543763095,32.293156799602436,18782800
2018-05-29,32.07124710083008,32.2515522226315,31.858579611711303,32.08511618293273,58660800
2018-05-30,32.3070182800293,32.34862904034189,32.14058229324367,32.23304868992034,19930400
2018-05-31,32.316280364990234,32.528947876534616,32.24230721633104,32.3070319577909,30568000
2018-06-01,32.86643981933594,32.871064022816284,32.47809138059745,32.53357124066028,25445800
2018-06-04,33.12995529174805,33.16231765068536,32.91728433046561,32.949646689402925,19866000
2018-06-05,33.24553298950195,33.30563350065419,33.120704238420466,33.21316710592117,34549600
2018-06-06,33.462825775146484,33.462825775146484,33.12995728910846,33.3010139707045,35379000
2018-06-07,33.19468688964844,33.44433740906095,32.95427772151543,33.44433740906095,39047200
2018-06-08,33.139198303222656,33.1992988158001,32.875675244640966,32.945024160527176,19809600
2018-06-11,33.17619323730469,33.282525211572256,33.08372681703585,33.15769995325092,14647000
2018-06-12,33.33799743652344,33.3657355926414,33.18080632164591,33.23628616111429,15626800
2018-06-13,33.16693878173828,33.48594170081878,33.15306970303611,33.337998982607886,29278000
2018-06-14,33.40272521972656,33.48594322295499,33.24553761764665,33.296389732788604,22654800
2018-06-15,33.27512741088867,33.32616316468712,33.0756249750561,33.28440502988616,33641200
2018-06-18,33.31224822998047,33.335444049609166,32.941079718668746,33.04315123626573,16580400
2018-06-19,33.14060592651367,33.15452413621137,32.718401353801866,32.90398574246939,25913400
2018-06-20,33.21018600463867,33.36793036526182,33.1730684351769,33.21946362714099,22931200
2018-06-21,32.95500564575195,33.35865123097175,32.8761334690148,33.34009244708193,29634200
2018-06-22,32.84830856323242,33.04781113523616,32.71375998772038,33.03852997017887,31385800
2018-06-25,32.166282653808594,32.61632351080595,31.883267342495344,32.58384651801886,36055400
2018-06-26,32.29617691040039,32.50959756376182,32.18946481385706,32.268340511182664,27719000
2018-06-27,31.85541343688965,32.54671106926444,31.846132278489435,32.39824439238412,44109200
2018-06-28,32.24515151977539,32.35186365062979,31.81366949454042,31.81366949454042,35598000
2018-06-29,32.23122787475586,32.50960252862213,32.21266909253467,32.37041343182611,20019200
2018-07-02,32.518882751464844,32.52816391318084,31.90645704807309,31.952855777200966,25091200
2018-07-03,32.13379669189453,32.63951022981492,32.11059732935337,32.61631440699951,12722800
2018-07-05,32.58848190307617,32.60704068940042,32.24051262388127,32.33330655550251,27320000
2018-07-06,32.96891784667969,33.019953608154,32.528158313647516,32.60703047602583,25603800
2018-07-09,33.219459533691406,33.22874069477631,32.97356186082872,33.14522794364127,17455200
2018-07-10,33.298343658447266,33.391137603980404,33.224112041747844,33.224112041747844,22986200
2018-07-11,33.168426513671875,33.298334461812026,33.01068215942343,33.061717930439364,25949800
2018-07-12,33.69270706176758,33.71126584830148,33.275143214071235,33.312260787139046,23706600
2018-07-13,33.655582427978516,33.739095179997356,33.54423327186201,33.697337034125006,18516800
2018-07-16,33.57671356201172,33.73445792039542,33.511759586238874,33.66486336357418,13332000
2018-07-17,33.82725524902344,33.88292806830554,33.316897474093786,33.33545626043001,14903200
2018-07-18,33.771583557128906,33.82261934167484,33.65095319913607,33.817978759517835,14164000
2018-07-19,33.65095901489258,33.81798460414068,33.59064559533596,33.688076599109415,14910000
2018-07-20,33.66022491455078,33.84580567201135,33.618466766313915,33.78085169895494,14439600
2018-07-23,33.831886291503906,33.85044507454915,33.45608066908399,33.59062919136757,25151000
2018-07-24,34.0174560546875,34.30511175945326,33.8782670111534,34.170563294630135,21557200
2018-07-25,34.444313049316406,34.444313049316406,33.975717036754766,34.0267492670663,30466200
2018-07-26,33.9154052734375,34.02675445243077,33.79477493135428,33.85509187225918,25094400
2018-07-27,33.335453033447266,33.980355752364304,33.12667290189688,33.95715992648438,63550200
2018-07-30,32.81583023071289,33.367939178443876,32.62560529177355,33.316903391885866,35695400
2018-07-31,32.90397262573242,33.117393348717975,32.723028892337574,32.91789082988181,29954000
2018-08-01,33.20091247558594,33.30762462739101,33.01996870751709,33.14059906613868,29322800
2018-08-02,33.61846160888672,33.66021975071744,32.89468685459226,32.89468685459226,26209800
2018-08-03,33.739105224609375,33.739105224609375,33.474648687771555,33.627756035342635,14491400
2018-08-06,33.92003631591797,33.93859509715214,33.646298717370954,33.72517442254757,15000400
2018-08-07,34.04995346069336,34.170583801502126,33.98964006015225,34.04067583742801,20545400
2018-08-08,34.14274215698242,34.20769967552072,33.94324317900747,34.03139298469431,14197200
2018-08-09,34.15665817260742,34.28656610844534,34.128818229409454,34.1752169548308,23446200
2018-08-10,33.88291549682617,34.0453003923607,33.785484559505456,33.90147427627658,23138400
2018-08-13,33.836524963378906,34.19377178260023,33.82724734224263,33.93395591407563,24128800
2018-08-14,34.0452995300293,34.08705766766634,33.762284345098195,33.95250917485277,18359000
2018-08-15,33.739105224609375,33.95716656089664,33.474648687771555,33.83189562571051,35584400
2018-08-16,33.88756561279297,34.091708704469376,33.8133304741011,33.99891478110454,18208800
2018-08-17,33.9385871887207,34.03137753354379,33.674130812277674,33.78547993401033,18048200
2018-08-20,33.88756561279297,34.02675118825087,33.75301707870863,34.01747356577751,21239600
2018-08-21,33.94324493408203,34.15666566688874,33.90148677998586,33.980358966946184,16004600
2018-08-22,34.0452995300293,34.09633528729393,33.790124283431275,33.84116004069591,12742400
2018-08-23,34.119537353515625,34.30512161832092,33.984988850024926,33.984988850024926,18735000
2018-08-24,34.46287536621094,34.472156528838056,34.20770002958754,34.2123370711747,13115200
2018-08-27,34.77836608886719,34.79692487356691,34.55566775192306,34.64845813569541,16415000
2018-08-28,34.83868408203125,34.9175598123459,34.74125310429438,34.84796524546907,14770400
2018-08-29,35.154170989990234,35.17737035529833,34.87579630492396,34.88043688593081,22364600
2018-08-30,35.04746627807617,35.27480521636922,34.94075414148262,35.05674390138899,21040600
2018-08-31,35.0753059387207,35.16809987908241,34.954675586113936,35.014992532280765,20537800
2018-09-04,34.940757751464844,34.99179353427465,34.7041411654124,34.91292133892384,22147600
2018-09-05,34.50463104248047,34.92219129784976,34.3283243624812,34.89435489141878,32853200
2018-09-06,34.25410079956055,34.5278349662713,33.985003675191784,34.45360335180263,27957600
2018-09-07,34.13810348510742,34.41183759135263,33.99427379055586,34.03139135945472,28462000
2018-09-10,34.244815826416016,34.30976980924897,34.05923504102276,34.263374612900655,33309000
2018-09-11,34.537105560302734,34.61133715205277,34.06386544645841,34.14737819950588,27189800
2018-09-12,34.39329528808594,34.46753046145699,34.11492046740029,34.46288987818932,32536400
2018-09-13,34.79692077636719,34.885074108379584,34.59741828899365,34.606695910387984,25454800
2018-09-14,34.76908874511719,34.92219252559634,34.61134084376807,34.82940214108011,18878400
2018-09-17,34.33296203613281,34.77836219994257,34.29584447088387,34.718048811207424,29584200
2018-09-18,34.551029205322266,34.71805473772863,34.291213283679674,34.291213283679674,19302000
2018-09-19,34.46287536621094,34.662377885977214,34.26801342775822,34.54638813122301,20870600
2018-09-20,34.87117004394531,34.9082840842953,34.560314735457396,34.66702689324769,27401800
2018-09-21,34.733367919921875,35.05923913486923,34.71940251809983,35.00337752758104,46041000
2018-09-24,34.90560531616211,34.91025808083704,34.43076049139153,34.56576525326831,34513600
2018-09-25,34.863712310791016,34.93354286342879,34.71939843994121,34.863712310791016,21101000
2018-09-26,34.733367919921875,35.05458636874846,34.67284999478304,34.90095984524619,26641200
2018-09-27,34.93818664550781,35.03594796343383,34.85904348665784,34.85904348665784,28466400
2018-09-28,35.068546295166016,35.10113341157278,34.82181476355344,34.84043292858933,23421200
2018-10-01,35.23613739013672,35.38045125211172,35.12906340911289,35.29199898742809,20668200
2018-10-02,35.24078369140625,35.44096266568414,35.08250445914068,35.194231184959236,28014000
2018-10-03,35.347877502441406,35.50615682358896,35.28270324647117,35.361842907044945,26584800
2018-10-04,34.71009063720703,35.203557339939536,34.481980781783385,35.175622983958114,46584800
2018-10-05,34.272499084472656,34.803205775322915,33.93731516357131,34.6961317526953,44577000
2018-10-08,33.88608932495117,34.21661676133621,33.499696745843615,34.10954279238359,39946000
2018-10-09,34.00712203979492,34.207300989067534,33.80228677494068,33.87211730175264,30277800
2018-10-10,32.35913848876953,33.806943658639746,32.33586046219832,33.80228734297986,88286000
2018-10-11,31.94947624206543,32.81536648960868,31.68877932512049,32.266038306239615,136539000
2018-10-12,32.9736442565918,33.08071466608435,32.331207592722215,32.85260489863065,71818800
2018-10-15,32.433631896972656,32.88054244305468,32.41501018025308,32.85261164383996,38305000
2018-10-16,33.4112548828125,33.51832888506763,32.76416520653084,32.843308404602,41998600
2018-10-17,33.257625579833984,33.476426308921724,32.95968521946365,33.45314827537778,48329800
2018-10-18,32.60588455200195,33.131934801965,32.410361827420616,33.10866031669377,45920600
2018-10-19,32.591915130615234,33.15055243243967,32.47087574625252,32.79674691369521,44283400
2018-10-22,32.8619270324707,33.076075039975784,32.550021208954576,32.745543944436626,31962000
2018-10-23,32.73622131347656,32.90846949111123,31.851709500094213,32.177584142776404,48132200
2018-10-24,31.269794464111328,32.73156516841866,31.23255103874245,32.6524255533062,68330800
2018-10-25,32.345191955566406,32.51278034804091,31.66551154199692,31.716720388933393,46754400
2018-10-26,31.698087692260742,32.275350212090345,31.241868097895928,31.539808439607775,85487200
2018-10-29,31.16272735595703,32.36379776160365,30.53425602942011,32.135687972587476,68110600
2018-10-30,31.51189422607422,31.623621025081732,30.869457140386473,31.134810507861136,61121600
2018-10-31,32.261390686035156,32.51743132694452,31.968103055970495,31.982068457072685,42288200
2018-11-01,32.63846969604492,32.661747731636126,32.033276287969294,32.30794219068132,31106200
2018-11-02,32.00068283081055,32.577945323222124,31.730676850772273,32.387075414022604,40426200
2018-11-05,31.968097686767578,32.03327191545124,31.507221769153414,31.982063085524207,28416400
2018-11-06,32.16827392578125,32.3219004023629,31.912233349873947,31.940164144987417,18267600
2018-11-07,33.113304138183594,33.113304138183594,32.49880177568106,32.54070152061903,32629600
2018-11-08,33.08537673950195,33.12727648874166,32.875888648490985,32.98761539358156,20819400
2018-11-09,32.51276397705078,32.82932598429287,32.238101710627454,32.801395191566016,25883600
2018-11-12,31.367563247680664,32.270696993035315,31.33032336518875,32.214831841703386,32862200
2018-11-13,31.404808044433594,31.94482720888345,31.311703006570287,31.442051480270727,31407000
2018-11-14,31.02772331237793,31.81912666923254,30.869440509969614,31.75395244227882,38993400
2018-11-15,31.805158615112305,31.87964546925632,30.897372278536455,31.078929545851626,52602200
2018-11-16,31.75395393371582,31.94482385856588,31.36756131882118,31.43273554883604,35945800
2018-11-19,30.543567657470703,31.637567607501886,30.459771720138637,31.60498049585768,38397200
2018-11-20,29.887168884277344,30.292183218434477,29.505434359063525,29.691646192641148,56129600
2018-11-21,30.105966567993164,30.413219525296626,29.98027443656009,30.292180158625975,33006600
2018-11-23,29.83130645751953,30.161833918010295,29.770786769755244,29.78475216852218,10676200
2018-11-26,30.506332397460938,30.506332397460938,30.06407811362894,30.222357397786162,25069200
2018-11-27,30.566852569580078,30.61340508930536,30.119938435374518,30.296842982752015,23076400
2018-11-28,31.63756561279297,31.63756561279297,30.757710102144458,30.874093143782922,33219200
2018-11-29,31.330318450927734,31.586359029647205,31.162726574948643,31.539806520037192,28230800
2018-11-30,31.628280639648438,31.651555134679068,31.19533525268843,31.348958285430673,33019600
2018-12-03,32.326560974121094,32.45225312040607,31.977411782327085,32.41966600457446,32463400
2018-12-04,31.102205276489258,32.168274445188366,31.027721971074424,32.09844390454839,41982200
2018-12-06,31.17204475402832,31.17204475402832,30.217705597439537,30.371328568815976,43155800
2018-12-07,30.073379516601562,31.162726715374497,29.933721987142203,31.023065634186306,39875000
2018-12-10,30.487701416015625,30.604084460795363,29.73353978308495,29.905786192116945,40895600
2018-12-11,30.52495002746582,31.023069401660223,30.27821849890167,30.962551486718024,31626200
2018-12-12,30.762365341186523,31.2465192036579,30.748399944955462,31.018405892789055,33857600
2018-12-13,30.813579559326172,31.139450700893814,30.636675038135966,30.911340901796464,25638600
2018-12-14,30.059417724609375,30.61340224758596,30.031486925712827,30.445810350748157,31032400
2018-12-17,29.42164421081543,30.152528065877473,29.184221723192174,29.94769625167907,46527000
2018-12-18,29.65440559387207,29.91044798408822,29.41698314457253,29.649749276744423,39253200
2018-12-19,29.067832946777344,30.138556762776812,28.75127087583982,29.61250660077984,67212200
2018-12-20,28.546436309814453,29.235423799724206,28.132112907681147,28.942137996469636,79003600
2018-12-21,27.67913055419922,28.90411858718755,27.55756580790957,28.553453930969418,83227400
2018-12-24,26.940391540527344,27.753934188358436,26.917014257498735,27.417295605314898,42234000
2018-12-26,28.567472457885742,28.567472457885742,26.97311764356279,27.12741090796769,58120200
2018-12-27,28.773202896118164,28.782554167172567,27.62302331001521,28.170059289903474,46877600
2018-12-28,28.707744598388672,29.184646917487516,28.459940384597985,28.983600840613107,39685800
2018-12-31,28.978923797607422,29.08646073302494,28.735796115265547,28.955546513137957,33720200
2019-01-02,28.99762725830078,29.17062130914847,28.347729098146136,28.385132397769066,30885800
2019-01-03,27.5341854095459,28.277594468066905,27.496782111233614,28.258891927124527,49893400
2019-01-04,28.754493713378906,28.876056641866967,27.950302424147818,28.039138586862332,41535600
2019-01-07,29.01165199279785,29.208025103765525,28.68904119054609,28.754498299677827,23817200
2019-01-08,29.25478172302246,29.39504722150552,28.908793612335746,29.292186807189985,26005200
2019-01-09,29.633499145507812,29.78779065341166,29.38102018685877,29.413748742582996,28044800
2019-01-10,29.76441192626953,29.77843793987961,29.26413056035581,29.399721303828013,21868200
2019-01-11,29.70830726623535,29.72700980750533,29.52596194778433,29.591419058656747,15451200
2019-01-14,29.432449340820312,29.535309744774295,29.329587153293932,29.44647535418395,14483800
2019-01-15,29.876625061035156,29.93740564173295,29.47452936190862,29.525960456016303,28654000
2019-01-16,29.904678344726562,30.087023661628038,29.848572504965915,29.90935487179057,18937000
2019-01-17,30.09637451171875,30.269366761823534,29.717656108030827,29.79713922657328,20256800
2019-01-18,30.554574966430664,30.615359113800913,30.199233837305815,30.39560872562035,27303200
2019-01-22,30.040266036987305,30.35820206924743,29.80181490457836,30.30677097820942,29985000
2019-01-23,30.143129348754883,30.39093176005525,29.806490764669572,30.16650484828346,19152200
2019-01-24,30.395610809326172,30.503145963800335,30.236640990473223,30.250667004783327,28341800
2019-01-25,30.82575798034668,30.919267118747783,30.5124984428435,30.624710122353825,20061600
2019-01-28,30.4143123626709,30.423661849525534,30.161833411856566,30.36755422696293,19324800
2019-01-29,30.087020874023438,30.47976706667696,30.040266309150187,30.475090540046242,17147800
2019-01-30,31.022119522094727,31.110955672544577,30.451704683268233,30.58729538816501,33990600
2019-01-31,30.989398956298828,31.157718249361043,30.76497561031239,30.863161270074553,36501800
2019-02-01,31.17173957824707,31.340058846015044,30.956665751020047,31.0034203104791,19475600
2019-02-04,31.672021865844727,31.67669839208309,31.1904431104794,31.213822174526868,15208600
2019-02-05,31.938528060913086,32.018014741558005,31.74215675680221,31.77956183391223,24121400
2019-02-06,32.04607009887695,32.134906274466836,31.85437173410823,31.975936463787303,20379200
2019-02-07,31.6065616607666,31.88709256604368,31.391487847816045,31.75150542275589,29264000
2019-02-08,31.78891372680664,31.78891372680664,31.302658388988547,31.32136092895979,16977600
2019-02-11,31.774890899658203,31.985291820072877,31.70008429941718,31.88710258359229,14869400
2019-02-12,32.1956901550293,32.23776820010817,31.947887710510862,31.994642282980244,19418200
2019-02-13,32.23775863647461,32.4715349966148,32.21905966675026,32.3546468165447,18241800
2019-02-14,32.29387283325195,32.41076103716081,32.09282497984293,32.11620404748266,19484000
2019-02-15,32.551029205322266,32.58375776063245,32.368683887573376,32.53699962406505,14712000
2019-02-19,32.560367584228516,32.65855321666259,32.38737181252442,32.42010035666911,16638200
2019-02-20,32.5977897644043,32.73338053764482,32.42479390189488,32.58843670851425,19704200
2019-02-21,32.61180877685547,32.74272299403371,32.41076092414748,32.5182996409124,19508200
2019-02-22,33.02792739868164,33.04662993754536,32.752072976517034,32.76142246237662,24493200
2019-02-25,33.1868896484375,33.41598945491562,33.163510588388334,33.2757222289081,40341000
2019-02-26,33.25703048706055,33.35054319046075,33.041956619957425,33.070012214549934,28268000
2019-02-27,33.22429275512695,33.26637435181909,32.882981291644974,33.13078364470162,19555000
2019-02-28,33.130794525146484,33.257032222392645,33.04663487126735,33.10274249623513,18876600
2019-03-01,33.35520935058594,33.44404550892005,33.08870444272776,33.39261442432074,24668000
2019-03-04,33.228981018066406,33.579645656740446,32.85961383727233,33.49548600077287,31653000
2019-03-05,33.130794525146484,33.25235926233747,33.02793232961142,33.210277651825365,17907600
2019-03-06,32.957801818847656,33.144823686015705,32.91572377148619,33.10741859915301,26244200
2019-03-07,32.644527435302734,32.89232978086356,32.536988751137045,32.864277762013295,36996600
2019-03-08,32.639869689941406,32.66792529207797,32.18634276614714,32.251803459701875,25781400
2019-03-11,33.341190338134766,33.3739188927365,32.75674931514323,32.75674931514323,29153800
2019-03-12,33.53755187988281,33.64976351281945,33.33182758021274,33.43468973004778,36101200
2019-03-13,33.7573127746582,33.95836063350262,33.66380363586103,33.68250617704946,35667200
2019-03-14,33.82744216918945,33.93030434925084,33.73393304212158,33.81341615684373,21313200
2019-03-15,34.236942291259766,34.39173409803467,33.92267061956793,33.9461252249594,42049000
2019-03-18,34.38235092163086,34.47147054001974,34.171270230492,34.260393427550845,29675200
2019-03-19,34.452701568603516,34.61687660376534,34.31667634655929,34.523061786720106,32306200
2019-03-20,34.358882904052734,34.640320137021156,34.152493929830555,34.41517178211385,27408600
2019-03-21,35.22196960449219,35.29702146756679,34.35889465115306,34.36358628726267,54548200
2019-03-22,34.391727447509766,35.1844457180006,34.377656118464074,35.03903363429925,53494800
2019-03-25,34.241634368896484,34.47147447427644,34.02117395859167,34.27916030653781,43893800
2019-03-26,34.429256439208984,34.762291044695935,34.227559021387876,34.54183066025543,27930200
2019-03-27,34.23225402832031,34.612194298430836,33.93205011152088,34.48085709783314,31662400
2019-03-28,34.37297439575195,34.51369488413209,34.16189724185242,34.33544845502782,21079400
2019-03-29,34.710697174072266,34.72476850574478,34.49023676808213,34.65909990549286,28694400
2019-04-01,35.184444427490234,35.22665841307898,34.85140986383528,35.048415620588436,25181000
2019-04-02,35.306400299072266,35.353309501683455,35.10470289532118,35.21258905118931,23574200
2019-04-03,35.5925178527832,35.77076417678448,35.451801026047455,35.517469594257854,27738000
2019-04-04,35.44240951538086,35.67225302933862,35.231332535026226,35.578438254661656,23006200
2019-04-05,35.61128234863281,35.64880826884894,35.49870816665316,35.55968510300282,13419600
2019-04-08,35.747310638427734,35.76607359828019,35.37675023334629,35.52685033349725,14619800
2019-04-09,35.57845687866211,35.72386896086229,35.49871696244661,35.59252820756254,26880200
2019-04-10,35.82707214355469,35.83645541847494,35.59254037193989,35.611303343109576,17234800
2019-04-11,35.780155181884766,35.91149235983841,35.70510689962684,35.90211266655731,15394600
2019-04-12,36.028751373291016,36.028751373291016,35.78014839380428,35.98184575844486,17110000
2019-04-15,36.014686584472656,36.11788110306857,35.82237245509182,36.02875791361398,19821400
2019-04-16,36.19762420654297,36.2351501400024,36.02407302696553,36.12726397597402,19218600
2019-04-17,36.399322509765625,36.44622813839437,36.22107968950837,36.427468749878926,24495800
2019-04-18,36.50251388549805,36.5118935789452,36.23045625282376,36.47905928387553,22983800
2019-04-22,36.586944580078125,36.601015909252546,36.300815624632655,36.33364991892953,16168800
2019-04-23,36.98565673828125,37.03256237315464,36.60571644353506,36.64324238290199,33385600
2019-04-24,36.999717712402344,37.16858081360793,36.94343239778018,37.01379261972743,21876600
2019-04-25,36.990333557128906,37.271770832296696,36.793327822378366,37.16857632971238,22775200
2019-04-26,36.849613189697266,36.858996460130506,36.45560171956012,36.76518164914371,22100400
2019-04-29,36.8589973449707,36.97626317751744,36.81677978434589,36.85430570964146,21226400
2019-04-30,36.91996765136719,36.97156489470411,36.63383878510556,36.840227758453246,37685800
2019-05-01,36.826175689697266,37.38435881063172,36.821484052758365,37.29054754387631,30893600
2019-05-02,36.633846282958984,37.084146661697226,36.4368405382615,36.81678069998798,49977600
2019-05-03,36.98096466064453,37.01380254120232,36.71359860851368,36.765195879860904,26576600
2019-05-06,36.69483947753906,36.75581644471275,35.95840991970684,36.09912682364701,26045000
2019-05-07,35.906803131103516,36.42277213280395,35.578456618261725,36.28205168749038,41251200
2019-05-08,35.864593505859375,36.174177122617984,35.728564666253654,35.7895452094354,27334600
2019-05-09,35.62067794799805,35.73794380526307,35.020277331388314,35.418980530355405,38601800
2019-05-10,35.73325729370117,35.89273716469215,34.87956187352417,35.39083936676397,39192400
2019-05-13,34.38703918457031,34.931154485506156,34.28853629291882,34.72476542947256,50922400
2019-05-14,34.94053649902344,35.15630526344103,34.532453574901794,34.560596237621844,36808600
2019-05-15,35.320472717285156,35.42835528687883,34.64032869273374,34.696617584697485,30097200
2019-05-16,35.64411544799805,35.90210166756279,35.29700964422161,35.34391525359649,30889400
2019-05-17,35.35799789428711,35.83644456756823,35.273566338923956,35.2782579749635,27087800
2019-05-20,34.743526458740234,35.03434705978135,34.57466334570601,34.762289424485125,29349200
2019-05-21,35.17036819458008,35.282942385788175,35.02964777156819,35.10938767456272,29682200
2019-05-22,34.98744201660156,35.19852272232982,34.921773418020386,34.94053638599647,23042200
2019-05-23,34.37297439575195,34.532457854494155,34.11967966387011,34.51369488413209,32171400
2019-05-24,34.38235092163086,34.73883655252632,34.3448249882724,34.56059373707859,23500000
2019-05-28,34.283843994140625,34.7106934283864,34.26508460638184,34.49023304618649,51545600
2019-05-29,34.0821533203125,34.24632481846357,33.85230964423074,34.030556052512125,29509600
2019-05-30,34.29322052001953,34.363580735617404,34.05868885380611,34.161883359527096,22841000
2019-05-31,33.72096633911133,34.039929582901806,33.70689501019948,33.88044975034138,24079600
2019-06-03,33.129947662353516,33.960191909686195,32.904799227553696,33.77256582823978,39407400
2019-06-04,34.236942291259766,34.236942291259766,33.38324690359711,33.552110042138764,30192400
2019-06-05,34.68254852294922,34.762288441106925,34.28853341079225,34.69192821622143,28791600
2019-06-06,35.085941314697266,35.1562979568751,34.61687794727441,34.776357774436825,23845000
2019-06-07,35.73794937133789,35.94902651582156,35.19852562817121,35.26888586922261,23984200
2019-06-10,36.103797912597656,36.44152401571349,35.995911793509016,35.995911793509016,26927600
2019-06-11,36.103797912597656,36.507192582578405,35.897408943211644,36.469666664750314,23100200
2019-06-12,35.90211868286133,36.028764246062224,35.81768711450396,35.93026134609035,15193800
2019-06-13,36.00999450683594,36.136643624893686,35.87865733156837,36.02875747168411,19734800
2019-06-14,35.69572067260742,35.81298651159672,35.540928906260895,35.68164934451581,16883400
2019-06-17,35.723873138427734,35.90211595645964,35.644129634217386,35.719181502022415,18702200
2019-06-18,36.371185302734375,36.54942814972185,35.991245001592645,36.10381924291786,32362400
2019-06-19,36.50251388549805,36.59632513464861,36.216384923318145,36.46498795436992,24742400
2019-06-20,37.0372428894043,37.15920036639248,36.72766292925825,37.0372428894043,27783800
2019-06-21,36.86214065551758,37.18223090806074,36.84801960767681,36.89979917730249,41430400
2019-06-24,36.93275833129883,37.05514676075424,36.876270535092836,36.92805011711954,16431800
2019-06-25,36.254905700683594,36.94686568457538,36.21254256272148,36.913915380166905,26245400
2019-06-26,36.64561462402344,36.90451250805427,36.598543260921865,36.60795609701626,18138400
2019-06-27,36.73976135253906,36.86685439346653,36.65973608392489,36.76800345245298,13675000
2019-06-28,36.73503875732422,36.89508204926728,36.62206681058127,36.852718915981214,35566800
2019-07-01,37.31874084472656,37.624710053435564,37.163402133815396,37.57763869624518,28553200
2019-07-02,37.4175910949707,37.44112856879704,37.215181030532726,37.29991090846756,15568400
2019-07-03,37.704734802246094,37.704734802246094,37.43642409388008,37.51174114459352,10683600
2019-07-05,37.634117126464844,37.70001773470469,37.262250947674495,37.398756785232884,11847800
2019-07-08,37.34697723388672,37.394052175198055,37.172812879764464,37.342272612806624,14919800
2019-07-09,37.478782653808594,37.50702474600559,37.097496452579804,37.15398422828766,18499600
2019-07-10,37.775333404541016,38.00128090414806,37.65765323817173,37.68589532887999,20217200
2019-07-11,37.91655349731445,38.062475763846265,37.789456898265406,37.869478554665825,22704400
2019-07-12,38.194278717041016,38.21781618943326,37.968334783857365,38.03423539697877,15506800
2019-07-15,38.32137680053711,38.36844815582384,38.213109451194846,38.297839327236645,12572000
2019-07-16,37.96363067626953,38.2790127290703,37.89773005602204,38.27430451581992,16011400
2019-07-17,37.864776611328125,38.118966236089136,37.86006839846751,38.034236361168794,13416000
2019-07-18,38.14720916748047,38.20369694910462,37.75180187873992,37.78004756520911,16044000
2019-07-19,37.982452392578125,38.542607553404544,37.93537745205489,38.52848650777307,23359400
2019-07-22,38.42022705078125,38.51436975970501,38.12367069417453,38.128378907014955,13849400
2019-07-23,38.63205337524414,38.6697118986865,38.34491341879646,38.6414662104475,11010800
2019-07-24,38.9521369934082,38.96625803946025,38.58026721834429,38.58026721834429,18514200
2019-07-25,38.792091369628906,38.867404807852985,38.58497312971383,38.867404807852985,19846800
2019-07-26,38.876827239990234,38.95214428812453,38.77327168577737,38.81092661852999,22240400
2019-07-29,38.8532829284668,38.9191835322406,38.55202199941126,38.895646063187,16946400
2019-07-30,38.60380554199219,38.7685570684282,38.50024641357129,38.58497628306894,14728000
2019-07-31,38.02010726928711,38.853284873632575,37.61999541453952,38.81091814547775,33738600
2019-08-01,37.82710647583008,38.89093600287691,37.638817523677346,38.08600423395421,57666000
2019-08-02,37.21046829223633,37.535263094044986,36.87154885442425,37.52114204935507,44743800
2019-08-05,35.657100677490234,36.26903915534598,35.36996070156104,36.217259579928275,55653200
2019-08-06,36.25019836425781,36.3819995720192,35.8359618926494,36.13722282219357,38301600
2019-08-07,36.476139068603516,36.57498996576021,35.63825695729255,35.83595875160594,41164800
2019-08-08,37.37051010131836,37.37992652494625,36.67384558801546,36.76798827641422,31983200
2019-08-09,36.946868896484375,37.252838087626984,36.66443717824279,37.149278952965105,31145200
2019-08-12,36.462032318115234,36.829193963286414,36.29257254475705,36.69268450189706,21786800
2019-08-13,37.37523651123047,37.51645061258612,36.34906490625961,36.42908658949266,52085600
2019-08-14,36.22665786743164,36.85271714328728,36.13251518155988,36.68796564735508,47138600
2019-08-15,36.16077423095703,36.34906328233436,35.85480497138324,36.25962517488427,31324600
2019-08-16,36.84800338745117,36.923320397866995,36.480841939955845,36.53262148678854,21694000
2019-08-19,37.40816116333008,37.52113308517279,37.21516402184083,37.42699041552264,15756200
2019-08-20,37.21988296508789,37.54938599518842,37.2010537074659,37.361100601595936,16675400
2019-08-21,37.657657623291016,37.751800330823606,37.48819787668108,37.57763596275691,16802600
2019-08-22,37.568214416503906,37.84123325897449,37.23400318160934,37.75650339721857,15188200
2019-08-23,36.32551574707031,37.70472754893627,36.17488526593506,37.36110344727489,40797800
2019-08-26,36.829193115234375,36.84331416413662,36.52322388753228,36.772708919625394,20717000
2019-08-27,36.772708892822266,37.13516231586916,36.560882385499255,37.069261693497,20066000
2019-08-28,36.80565643310547,36.8668488374686,36.31139821120976,36.57500068085318,14279000
2019-08-29,37.445831298828125,37.55880325576125,37.17281244420213,37.304613659176404,16241200
2019-08-30,37.43641662597656,37.737677586104816,37.168105971133784,37.69060623445614,20150800
2019-09-03,36.97980499267578,37.455233750322215,36.84800381423426,37.125730804218406,23675000
2019-09-04,37.6105842590332,37.62941351779601,37.34227360646249,37.37993212398811,15458800
2019-09-05,38.39668655395508,38.552025243628286,38.08601276592252,38.10483843317334,20086600
2019-09-06,38.36374282836914,38.50025228288794,38.26018368416077,38.4814230210942,18300200
2019-09-09,38.076602935791016,38.56144475603531,37.87419286030593,38.54261549420943,25221400
2019-09-10,37.883609771728516,37.90243544248085,37.45525214016506,37.90243544248085,19717000
2019-09-11,38.27900314331055,38.2884159761397,37.921254443472066,38.001279683430916,18818600
2019-09-12,38.486114501953125,38.796788208193675,38.3260676419463,38.514356586707834,25542000
2019-09-13,38.20368957519531,38.42492526339757,38.16132284932608,38.42492526339757,33067200
2019-09-16,38.109554290771484,38.19428417565321,37.850660014026744,37.888314947396175,15451800
2019-09-17,38.2648811340332,38.2648811340332,38.048350071284155,38.13778455050462,15402600
2019-09-18,38.260169982910156,38.28841206982984,37.74237803860793,38.2036858090708,17261400
2019-09-19,38.34490966796875,38.68382916316859,38.2931301011291,38.37785997492906,16387000
2019-09-20,37.89775466918945,38.48798880917962,37.7985957659715,38.46910088439954,30027200
2019-09-23,38.01579284667969,38.12911676706998,37.82219436361474,37.90246532378693,15648400
2019-09-24,37.64748764038086,38.41242861095577,37.486942116524,38.2660517294265,35448200
2019-09-25,38.09606170654297,38.19994346221623,37.25084622470411,37.59554445011973,23913200
2019-09-26,38.13856887817383,38.270784356049845,37.841092158585475,38.081908704444665,18178600
2019-09-27,37.62858963012695,38.21882348125831,37.34527449958267,38.13854893960328,25564200
2019-09-30,38.02523422241211,38.11495094222858,37.73719974537204,37.78914062500237,22002800
2019-10-01,37.67109680175781,38.45020645524858,37.656931761194784,38.195224917606005,22044600
2019-10-02,36.96280288696289,37.43026707280426,36.68421424769928,37.420824916601006,39509600
2019-10-03,37.41612243652344,37.430287479801805,36.49063571646847,36.94865799582039,34944400
2019-10-04,38.03468704223633,38.08190504998058,37.64277073320325,37.68054658039988,21876800
2019-10-07,37.8741455078125,38.19051015598908,37.84581542066339,37.90719847698762,21238800
2019-10-08,37.180023193359375,37.741927175731675,37.17530391464401,37.62860324401471,28733600
2019-10-09,37.732479095458984,37.87413308725355,37.51055054556167,37.56721070127859,20503000
2019-10-10,37.992183685302734,38.14328345317918,37.66637334730246,37.694707030499856,18796200
2019-10-11,38.51631546020508,38.85629087092086,38.398268642734486,38.45965169091812,31941200
2019-10-14,38.49270248413086,38.65324802013518,38.47381816460355,38.47853744323399,11325600
2019-10-15,38.91767501831055,39.0121146364562,38.61075256371757,38.64852841097583,16205800
2019-10-16,38.648521423339844,38.724073104196655,38.506867425486966,38.70518518398245,20066000
2019-10-17,38.5729866027832,38.88935126947732,38.36994589382209,38.78074659154309,13731800
2019-10-18,38.20466995239258,38.57297541003108,37.963853459897166,38.51631164635492,17452600
2019-10-21,38.615478515625,38.63436644075594,38.2943909934058,38.431325748727566,12678600
2019-10-22,38.09606170654297,38.8279532742393,38.067731628632906,38.69101856017021,18916000
2019-10-23,38.129119873046875,38.13384275417775,37.897749132672814,37.978020099383826,17617000
2019-10-24,38.686309814453125,38.71936278492548,38.39355235990971,38.53521000622185,14508200
2019-10-25,39.15375900268555,39.20097699886056,38.66268391696057,38.68629471629917,16305400
2019-10-28,39.64956283569336,39.668450757458636,39.479575142308605,39.49846306407388,14459800
2019-10-29,39.29069900512695,39.68733815192238,39.27653396461688,39.616509346869336,15520800
2019-10-30,39.531524658203125,39.57874267167495,39.14433118372852,39.40875494117356,25558600
2019-10-31,39.507904052734375,39.63539662024556,39.25292252021462,39.59289789690763,22461800
2019-11-01,39.9800910949707,39.9800910949707,39.578732678047864,39.64011571981168,19841200
2019-11-04,40.18785858154297,40.310628279660655,40.102864729385026,40.28701747531008,20363200
2019-11-05,40.1406364440918,40.3153434092947,40.003701718458196,40.301178369143386,15799600
2019-11-06,40.12175750732422,40.159533357855054,39.91871681385022,40.135922550647436,17077200
2019-11-07,40.4381103515625,40.664761786115726,40.32478643553706,40.39089235342709,28085000
2019-11-08,40.66476821899414,40.66476821899414,40.17369303519615,40.3342349747536,12573000
2019-11-11,40.683650970458984,40.74031112898173,40.38144784749372,40.43338872780787,8488000
2019-11-12,40.82057571411133,40.97167545074735,40.64114590263789,40.740304767070725,16562400
2019-11-13,40.91029739379883,40.94807323317501,40.6505930012155,40.660038762310705,15372200
2019-11-14,40.86307907104492,40.89613202961079,40.63642763909162,40.749755156319424,12182600
2019-11-15,41.1936149597168,41.1936149597168,41.02362726036767,41.15111983613094,14124800
2019-11-18,41.316368103027344,41.377751124451336,41.02361082642538,41.17943342215714,13022200
2019-11-19,41.39665985107422,41.519429558144864,41.24556005871928,41.481653709430326,14087400
2019-11-20,41.14639663696289,41.424988987494636,40.83475492556608,41.30221929391271,24759800
2019-11-21,40.938621520996094,41.113332050837215,40.853627696006065,41.066114059732044,18755400
2019-11-22,40.886695861816406,41.12278950768208,40.72615391182925,41.05668357503994,11780000
2019-11-25,41.48164367675781,41.48164367675781,41.05667448775954,41.0708431294781,14739800
2019-11-26,41.51941680908203,41.6232985598972,41.43914585708926,41.505251770789435,19454400
2019-11-27,41.75079345703125,41.75079345703125,41.52414560704543,41.64691169141166,18697000
2019-11-29,41.628013610839844,41.7082845477354,41.557184830196114,41.6421786464683,11360200
2019-12-02,41.0330696105957,41.64691082719686,40.85363616370252,41.64691082719686,23167600
2019-12-03,40.669490814208984,40.69782450188477,40.21147215973839,40.386179154973576,22494400
2019-12-04,40.834747314453125,40.966959143281954,40.773360677852494,40.93390618607474,13829000
2019-12-05,40.98584747314453,41.01890043068327,40.79224900577322,40.98112459278123,15620600
2019-12-06,41.43915557861328,41.47692782208744,41.264444992846364,41.297497957450595,18407000
2019-12-09,41.22195053100586,41.50053929393617,41.22195053100586,41.36832743339277,11370200
2019-12-10,41.2550048828125,41.47221060422071,41.15112310246441,41.288057849059335,12350800
2019-12-11,41.533592224121094,41.571368070674,41.27861066364352,41.36360451713605,9879000
2019-12-12,41.97744369506836,42.038826735475595,41.316380880480175,41.41553976229302,24189400
2019-12-13,42.25603485107422,42.35047446002199,41.85467641992867,41.93494738565723,26256200
2019-12-16,42.633792877197266,42.780169791268705,42.56768694164866,42.577129102797045,19744600
2019-12-17,42.53461837768555,42.72821323152001,42.47795462406226,42.70932531364558,14919400
2019-12-18,42.529903411865234,42.69516822089271,42.51573837144897,42.586567176032936,12970200
2019-12-19,42.836830139160156,42.84155302060822,42.54407273193157,42.558237773772746,13724000
2019-12-20,43.08553695678711,43.13764729787121,42.97658159943369,43.090275246228174,23400800
2019-12-23,43.208702087402344,43.31766104616346,43.15659175246296,43.21817866516702,15530400
2019-12-24,43.22291564941406,43.28450256540903,43.123433263101774,43.28450256540903,4890800
2019-12-26,43.5450553894043,43.554531968709,43.28450728662138,43.31292979602343,8269200
2019-12-27,43.54031753540039,43.72033277223167,43.43135856688688,43.72033277223167,19332200
2019-12-30,43.289241790771484,43.535582252134915,42.957633801539195,43.53084396250131,16491200
2019-12-31,43.42662048339844,43.473992533920054,43.08553593683356,43.142384566012964,11601800
2020-01-02,44.24142837524414,44.24142837524414,43.73453989500558,43.81981102318849,26567000
2020-01-03,43.74401092529297,44.04719995652094,43.592418216806614,43.597156505456105,30023600
2020-01-06,43.848236083984375,43.895611746824216,43.22765393474329,43.30818677876201,15630000
2020-01-07,43.829280853271484,44.04719875413628,43.76295927101008,43.92402855239861,15363600
2020-01-08,44.29828643798828,44.492512951524034,43.79613252535282,43.8766689960932,23254400
2020-01-09,44.80042266845703,44.82884517023084,44.47828772941862,44.70567858637429,15554800
2020-01-10,44.69620132446289,45.056235336517446,44.62040678280956,44.99465204553318,15330600
2020-01-13,45.25520706176758,45.3073173984366,44.87622706647669,44.89991128316362,15524400
2020-01-14,45.04202651977539,45.35468489415479,44.970966648335235,45.312051139843824,16134600
2020-01-15,45.094139099121094,45.31205339861328,44.94254638581108,45.070451269375155,14417000
2020-01-16,45.70051574707031,45.7099887116166,45.321532108613425,45.383119028059774,11543200
2020-01-17,46.00843048095703,46.05106423444019,45.66734599607125,45.91368278279147,21661000
2020-01-21,45.9894905090332,46.254776890577034,45.85684731826129,45.86632028292105,17975000
2020-01-22,46.15529251098633,46.47742750939175,46.117393425466695,46.27846273179727,15491600
2020-01-23,46.373199462890625,46.4110985423883,46.003692473426185,46.20265721940624,14956400
2020-01-24,46.15529251098633,46.81851205055699,45.99422320465575,46.71429137250586,23617400
2020-01-27,45.05624771118164,45.4115435325099,44.86675588362204,45.07993554497259,35574600
2020-01-28,45.918434143066406,46.04160437861749,45.35469692482889,45.449444649966715,31184400
2020-01-29,46.03685760498047,46.363730871520445,45.852104092828874,46.297409283274,21126600
2020-01-30,46.43479537963867,46.47743275922828,45.738418579399074,46.01791623460151,19933600
2020-01-31,45.16045379638672,46.18844183965322,44.999384530046186,46.1647540135207,26964600
2020-02-03,45.757354736328125,45.87105198144405,45.16046046361864,45.2125707973996,25075600
2020-02-04,46.955894470214844,47.05537686101491,46.43952935881737,46.55322300340948,19097800
2020-02-05,47.23064041137695,47.75174366429318,46.88955957436102,47.72805583852252,32697000
2020-02-06,47.6617317199707,47.6759429689728,47.211691968383114,47.424867931923636,13505600
2020-02-07,47.22591018676758,47.623839674569055,47.131162489013576,47.439086181767635,16598000
2020-02-10,47.86545181274414,47.87492477737636,46.94168054097293,46.951157119861016,16347600
2020-02-11,47.704368591308594,48.272843888405795,47.5622524777254,48.23020652435247,15105800
2020-02-12,48.22074508666992,48.23969462919403,47.76122861966349,48.03125327568455,12152800
2020-02-13,48.09284210205078,48.34392085864185,47.77070707065252,47.841766959715805,14802800
2020-02-14,48.30128479003906,48.38181764650967,48.035998385544744,48.18759113300667,12392400
2020-02-18,48.121253967285156,48.22547462512858,47.86070232267662,47.91281265159833,20633200
2020-02-19,48.69447708129883,48.76553696843778,48.40076456777729,48.43392536654133,16615600
2020-02-20,48.187583923339844,48.70868368888396,47.52910268623538,48.59025175970322,26324600
2020-02-21,47.10748291015625,47.98387841864214,46.81377043960324,47.941241046893985,29899000
2020-02-24,45.16045379638672,45.8141965951393,44.43565113349139,44.84779183986059,42365200
2020-02-25,43.71559143066406,45.73367243786698,43.55452574804852,45.56786846627583,62934400
2020-02-26,43.91455841064453,44.866752144440404,43.582950450743326,43.88139761465441,55759600
2020-02-27,41.54591751098633,43.374506707456504,41.51749500577612,42.474426976082015,67825800
2020-02-28,41.863311767578125,42.26124124006645,39.82154323417598,39.89260310119317,111854400
2020-03-02,44.28406524658203,44.29353820993746,41.86805118009023,42.616541784107255,70008600
2020-03-03,42.60232162475586,44.84305467951447,42.15228186723102,44.53513102814002,94989200
2020-03-04,44.43092346191406,44.44513471528734,42.91973087279047,43.521367103467526,44727600
2020-03-05,43.028690338134766,44.07088989249379,42.74918909961443,43.246604658982356,49019000
2020-03-06,42.119140625,42.37021578186445,40.97271659693498,41.588564185447126,57631800
2020-03-09,38.921470642089844,40.74058332550212,38.60880861660957,38.6467077010779,59119800
2020-03-10,41.51749038696289,41.52222867538929,39.139379206878694,40.5889846394188,71164600
2020-03-11,39.5562629699707,40.655311089955354,38.99252585012432,40.40423598710948,63304200
2020-03-12,35.695396423339844,38.79831560371489,35.529592381743115,36.68548961045808,65490600
2020-03-13,39.883140563964844,39.973146379075274,36.14542889296268,37.940853890990425,65849600
2020-03-16,34.37369155883789,37.523982476802374,33.72468671898395,33.97576190061416,81244800
2020-03-17,36.71390151977539,37.15920677219007,34.07997632214439,35.183759259710826,100814600
2020-03-18,35.33060836791992,35.91802963134575,33.28883977551007,34.27419413717957,107412400
2020-03-19,35.45851516723633,36.661783875640644,34.165240659757174,35.00373704043282,123454200
2020-03-20,33.83363723754883,36.495988666795476,33.719943582147756,36.1264815760499,90444000
2020-03-23,33.524566650390625,34.39125272639016,32.42930238997136,33.66266544031319,84958400
2020-03-24,36.95798873901367,36.9865596587075,35.41033428137701,35.55319614610242,75329000
2020-03-25,36.910369873046875,38.615168047279845,36.20082720307125,37.23894635375802,57480800
2020-03-26,39.19613265991211,39.291375111499576,37.28656782796601,37.37704361556405,56425800
2020-03-27,37.424659729003906,38.69612000554752,37.262753025255535,37.98181803062249,58485400
2020-03-30,39.00089645385742,39.09137225180594,37.80562988987386,37.92468024313159,47480200
2020-03-31,38.27230453491211,39.610429191246446,38.07229720293308,38.91041261213994,39988800
2020-04-01,36.448448181152344,37.738953276787036,36.177013583666486,36.94845736961175,54984800
2020-04-02,37.30085372924805,37.34847313904181,36.172255188182724,36.3198764484818,44223600
2020-04-03,36.72465133666992,37.53895525169496,36.26273542176099,37.13894420759092,31572000
2020-04-06,39.85805892944336,40.119971173740005,38.096115061118105,38.33897881190875,35987200
2020-04-07,39.50090408325195,41.27713687714073,39.458047701797476,41.262851416655906,44298800
2020-04-08,40.562835693359375,40.72950545795008,39.64376683932672,40.01996638404769,27428600
2020-04-09,40.572357177734375,41.25332531416643,40.28663706893056,41.04379917204539,39259800
2020-04-13,40.662841796875,40.71998727918364,39.83425228560797,40.410455607987195,25301600
2020-04-14,42.36764907836914,42.44383943101597,41.40096059089327,41.567630393366834,31779000
2020-04-15,41.44381332397461,41.781915931463985,41.13428164206411,41.52476670186737,25858200
2020-04-16,41.94857406616211,42.05333894168682,41.26284661085763,41.986671045103435,23667600
2020-04-17,42.50572967529297,42.70097032191453,41.891429553357064,42.691447894351775,28284800
2020-04-20,41.82476806640625,42.486687693782784,41.76762259289505,41.92953295127935,20407000
2020-04-21,40.072357177734375,41.33429188648068,39.82949339408786,41.234286373762764,32765000
2020-04-22,41.615238189697266,41.84381645002635,40.896173090657726,41.04379798856684,24032000
2020-04-23,41.32951736450195,42.181918253318244,41.29618341390593,41.71047628086682,21169600
2020-04-24,42.20572280883789,42.21524887004338,41.23427165416461,41.500946871000785,16885000
2020-04-27,42.56764602661133,42.71050791050579,42.31049681547848,42.586694520005835,15598600
2020-04-28,42.0009651184082,43.12480079578317,41.943823271404185,43.096229872281164,25267600
2020-04-29,43.72480773925781,43.877192025680316,42.743834122483456,42.89621840890595,22925800
2020-04-30,43.52956008911133,43.81528012615641,43.205743078292926,43.81528012615641,30861200
2020-05-01,42.33430862426758,43.16766114193769,42.17239824589335,42.5724093436019,23990200
2020-05-04,42.8962287902832,42.93908517818253,41.94382586136819,42.139066572568765,21458000
2020-05-05,43.48670959472656,44.0391049358517,43.310513777341164,43.386707741549394,17374600
2020-05-06,43.82481002807617,44.24862894249325,43.629569362159366,43.90576338630685,16941000
2020-05-07,44.48196792602539,44.73435404932322,44.35339153252752,44.42005942799759,21088800
2020-05-08,45.13435363769531,45.19626212504558,44.64386693427773,44.90577907354304,15221600
2020-05-11,45.434383392333984,45.701055049386056,44.73436665944344,44.82484246701248,20768800
2020-05-12,44.49625778198242,45.748666094229364,44.46292383095313,45.620093321153014,27042000
2020-05-13,43.72956466674805,44.86292241176366,43.15336155059762,44.52005690688433,33942200
2020-05-14,44.2867317199707,44.31530264235022,42.94860690264582,43.42480831898959,30475200
2020-05-15,44.51055145263672,44.52007388334671,43.46290605122373,43.586719449226756,28032800
2020-05-18,45.60104751586914,45.85819671029526,45.22961100162976,45.38675470394984,20033400
2020-05-19,45.434383392333984,46.13915952400843,45.41533489781185,45.620101672513655,20092800
2020-05-20,46.42964553833008,46.51536195234139,46.03916045964056,46.062971987527234,18192000
2020-05-21,45.7819938659668,46.520107353155424,45.758182347104835,46.382008536636945,20581600
2020-05-22,45.948665618896484,46.00581108680117,45.52960975364569,45.7153279829261,18489600
2020-05-26,45.90104293823242,46.901064939905005,45.862945962346636,46.86773099428684,26001400
2020-05-27,46.162960052490234,46.18200854247421,44.92007423777758,45.896284825842535,38856800
2020-05-28,46.07247543334961,46.915350129523134,45.95818813947283,45.991522084900545,21147400
2020-05-29,46.653446197509766,46.7629704719479,45.82485687721078,46.21057880279122,35555000
2020-06-01,46.63916778564453,46.73916964690047,46.22963427776108,46.434401031702805,26719400
2020-06-02,47.077266693115234,47.077266693115234,46.29153372327632,46.734401132958034,22415200
2020-06-03,47.443939208984375,47.596323495711964,47.062980308729394,47.26774703462534,22035800
2020-06-04,47.0534553527832,47.58680218542573,46.791546783915365,47.25822208349052,15138800
2020-06-05,48.29158020019531,48.42967539326386,47.30583992702094,47.3867969169485,20756400
2020-06-08,48.53444290161133,48.55349139244289,47.7629990051378,48.20586642586925,16130200
2020-06-09,48.76301574707031,49.00111640634983,48.248717451075905,48.29157745897264,14707800
2020-06-10,49.57733154296875,49.94876807987784,49.024936136088535,49.1154155710741,24389600
2020-06-11,46.73440933227539,48.78683638930749,46.72012387028387,48.71540907934988,39742000
2020-06-12,47.339176177978516,48.22490731339431,46.51534627469496,47.98680664729393,43287000
2020-06-15,47.79633331298828,48.01062247847048,46.32486917512517,46.47725346978829,29924000
2020-06-16,48.815406799316406,49.23446272569119,48.05824467993216,48.93921654814382,27935800
2020-06-17,48.805885314941406,49.26780130010824,48.724931940853885,49.09160545668653,17324200
2020-06-18,49.024932861328125,49.07731530617561,48.61063996697045,48.71540485666543,13717200
2020-06-19,48.686824798583984,49.67256144354476,48.45348715535736,49.61541960699095,31280000
2020-06-22,49.60413360595703,49.64711174358046,48.67298312743089,48.749383443112926,14738000
2020-06-23,49.96226501464844,50.53528373108273,49.89064086284252,50.04821763995653,19028000
2020-06-24,48.835330963134766,50.03389152893587,48.56792442152785,49.75693267190533,25425600
2020-06-25,49.46086883544922,49.5133956327483,48.37691072006678,48.90695120689178,20534400
2020-06-26,48.48675537109375,49.43700688517304,48.33872724765818,49.36537908110564,44275600
2020-06-29,49.016788482666016,49.02156464037372,47.899404383221075,48.48197175677073,18547200
2020-06-30,49.89542007446289,50.095978655861266,48.95471722764745,49.02157251687456,16500000
2020-07-01,49.976593017578125,50.2678730661752,49.6996341560664,49.92883872596917,21709200
2020-07-02,50.267887115478516,50.72152751056421,50.16283711674502,50.44934473076958,19144600
2020-07-06,51.146507263183594,51.38526418117319,50.88864935457785,50.91729901893134,16046200
2020-07-07,50.61168670654297,51.604916286165036,50.55915989702461,51.08920050715267,15863600
2020-07-08,51.437782287597656,51.442558445228585,50.74061264225641,51.012795336965944,13327000
2020-07-09,51.624019622802734,51.8675526922671,50.88387174094538,51.85800037566148,17767800
2020-07-10,51.60969161987305,51.63356512363749,50.99847454775838,51.504638002514376,14724600
2020-07-13,50.5400505065918,52.39280607658575,50.411123404840744,52.04899561439551,28910400
2020-07-14,51.12262725830078,51.19425505832466,49.604133198987824,50.13894997693936,30053200
2020-07-15,51.39958572387695,51.843673708642505,50.79791730896916,51.5905919746729,23779200
2020-07-16,50.764488220214844,50.993696435042324,50.372927070704506,50.85044084538252,17180600
2020-07-17,51.01279067993164,51.15604260751428,50.54482563962448,51.06531747965409,12710400
2020-07-20,52.316410064697266,52.44056467112153,50.86954385288989,51.156051400441854,17018400
2020-07-21,51.791141510009766,52.70796704667015,51.60013527908698,52.68886605926379,18794800
2020-07-22,52.20658493041992,52.36893787465153,51.79592276859255,51.838897262133436,15028000
2020-07-23,50.850433349609375,52.27342579137108,50.621228811709514,51.929615341380845,23349600
2020-07-24,50.23444747924805,50.56393314853403,49.408350691839,50.00046675047878,22911600
2020-07-27,51.027130126953125,51.07965694172379,50.439786490490896,50.54006396146902,16908000
2020-07-28,50.43022155761719,51.02711367562408,50.39201958771106,50.86953328211657,17825400
2020-07-29,51.16082763671875,51.29930707426127,50.62123836061812,50.62123836061812,13187000
2020-07-30,51.44733810424805,51.48076392602474,50.42545881777044,50.697641550278185,21556800
2020-07-31,52.73184585571289,52.750946843722,51.40913431356528,52.25910824269548,25185800
2020-08-03,54.03068923950195,54.20259450544654,53.42424465043597,53.44812179859434,24327000
2020-08-04,54.169158935546875,54.17393144980663,53.682092888643254,53.916077240434895,17971600
2020-08-05,54.36971664428711,54.493871241142735,54.09753394861878,54.341066984682286,12960200
2020-08-06,55.13373947143555,55.18626627761008,54.20736159142026,54.32674003397312,16399400
2020-08-07,54.312408447265625,54.918852900150945,53.882645378909984,54.91407674296352,27476200
2020-08-10,54.15960693359375,54.50819356302426,53.42901150215875,54.41746478759563,16481200
2020-08-11,53.18547439575195,54.21212957554413,53.07564828532093,53.982925040559145,18844400
2020-08-12,54.39359664916992,54.536848597866445,53.548395214982165,53.615246853002084,14196800
2020-08-13,54.417476654052734,54.871116986977526,54.221697874500656,54.470003467792885,11453600
2020-08-14,54.37926483154297,54.53684524424603,54.07843247895234,54.44134395098765,8334200
2020-08-17,54.74217987060547,54.86633447444399,54.6419024132078,54.708754051472916,8174600
2020-08-18,54.947513580322266,55.09554169456465,54.48432460501273,54.84723611811214,8930000
2020-08-19,54.88066864013672,55.32953283895995,54.78993983999798,55.08599974777483,14239400
2020-08-20,55.61125946044922,55.72108924286172,54.618029832986394,54.675332803350486,12803000
2020-08-21,56.31797790527344,56.38005338682497,55.63513303564208,55.66378269741338,15288600
2020-08-24,56.80503845214844,57.14884895435424,56.33230083318595,57.129747966104915,16440600
2020-08-25,57.09154510498047,57.1154222507074,56.59015783298343,56.67611045720305,18628200
2020-08-26,58.25190353393555,58.404707793958615,57.55951002764309,57.68843714201155,16463000
2020-08-27,58.299652099609375,58.76284102089234,57.7743877022391,58.4954344861891,18174200
2020-08-28,58.810611724853516,59.001614364013804,58.45247631171525,58.528876638751,13092600
2020-08-31,58.996829986572266,59.37883883122952,58.676892979706196,59.044580636761786,19040000
2020-09-01,60.12377166748047,60.20017199040052,59.15441547456652,59.52687934440473,25612600
2020-09-02,60.65857696533203,60.98806265060726,59.59849575456926,60.98328649256441,40395000
2020-09-03,57.20137405395508,59.736970967331,56.728636449102474,59.68922031970341,54162000
2020-09-04,56.403926849365234,57.69321254883215,53.982932223021606,56.88144061111459,62544200
2020-09-08,53.85400390625,55.549179294491445,53.7585026068312,54.25988989349144,47860400
2020-09-09,55.61125946044922,56.155624927913365,54.56550302093798,55.16717145876622,36783800
2020-09-10,54.35539245605469,56.46122625410408,54.02590679414688,56.375273631134256,32109800
2020-09-11,53.939964294433594,55.076445950866805,53.25234318162475,54.866342333285324,37166400
2020-09-14,55.07167434692383,55.36773060850657,54.579835654037474,54.83768993246708,24730200
2020-09-15,55.616024017333984,56.01236128260881,55.243563895515464,55.91208019460481,18260400
2020-09-16,54.75651168823242,55.940747625872525,54.703984873872884,55.864343662025384,19637000
2020-09-17,54.3028564453125,54.68009269088982,53.39080356490271,53.47675617330185,30403600
2020-09-18,53.3669319152832,54.48908837709651,52.707960680350325,54.39358709474064,41837600
2020-09-21,53.810585021972656,53.83451140819975,52.21694092056248,52.403583528704814,38381800
2020-09-22,54.66242980957031,54.801215963661605,53.49471434149891,54.41835735574008,25537400
2020-09-23,52.95871353149414,54.74378283089157,52.7959973548527,54.69113968414376,23707800
2020-09-24,53.255428314208984,53.91585922646698,52.39878501366134,52.46578472197588,31838600
2020-09-25,54.5284309387207,54.691143475431595,52.949143729227444,53.28414227610889,19326600
2020-09-28,55.57172393798828,55.57650702412026,54.973509562519446,55.43293776473421,17473200
2020-09-29,55.38507843017578,55.734433562385945,55.26543556137849,55.49993456188221,20851000
2020-09-30,55.84928512573242,56.41878630301087,55.33243074972582,55.35635713080179,22318400
2020-10-01,56.43793487548828,56.701150650406454,56.07900626489657,56.62457746089912,27076400
2020-10-02,55.00700378417969,55.96414668683833,54.786861354713444,55.05007346221833,37251600
2020-10-05,56.213008880615234,56.24650874012029,55.36593891815255,55.39943877765761,12270600
2020-10-06,55.342002868652344,56.61021795704028,55.1457904703611,56.0790033488899,26862200
2020-10-07,56.3565788269043,56.46664822325087,55.8780073441889,55.92107702505217,12992400
2020-10-08,56.64850616455078,56.84950530546941,56.45707684649042,56.84950530546941,10109600
2020-10-09,57.51472091674805,57.529077477030306,56.902150003300754,56.916506563583006,14425400
2020-10-12,59.084434509277344,59.472076239864606,58.06986165678436,58.36179055181275,19163800
2020-10-13,58.70635223388672,59.381139654400585,58.48142309371543,59.275853363153594,17613800
2020-10-14,58.39528274536133,59.16099993417923,57.95978465415105,58.849927782623226,14534000
2020-10-15,58.132080078125,58.24693621457864,57.27543666398451,57.42857939632628,13185000
2020-10-16,57.96457290649414,58.687213136803805,57.91192975710599,58.45271415848128,11544200
2020-10-19,56.90214920043945,58.47664979389969,56.72507643996518,58.256507353186336,16616400
2020-10-20,57.098358154296875,57.70135919965633,56.74900304278024,57.117501450315785,14566600
2020-10-21,57.0122184753418,57.55778966448684,56.88300578368558,56.959575321019855,12171800
2020-10-22,56.74421691894531,57.222788370956735,56.093359452112956,57.03614579676911,13486400
2020-10-23,56.6820068359375,56.83514956234447,56.20821844540701,56.825576088138064,10312800
2020-10-26,55.45207595825195,56.504931701672106,54.76293189276358,56.05507336434382,18189200
2020-10-27,55.72964859008789,55.964151249228216,55.413793305090344,55.72007876681372,19064800
2020-10-28,53.36549758911133,54.705495312177476,53.27456785514537,54.671995460381076,32756600
2020-10-29,54.25564956665039,54.88257703203208,53.53779235241098,53.57129220969373,19409000
2020-10-30,53.05442428588867,53.82971124771684,52.43706675815309,53.49470908589532,25848600
2020-11-02,53.18843078613281,53.89671814033302,52.681146216325764,53.461216367226655,24039800
2020-11-03,54.12643051147461,54.605001963656015,53.38464695131969,53.60478938117788,20970200
2020-11-04,56.232154846191406,56.65329647868862,55.212798800436836,55.77272661495508,30763800
2020-11-05,57.978939056396484,58.14643835433552,57.47165077393857,57.71093652848316,22189800
2020-11-06,58.184722900390625,58.37136549025954,57.05050714939351,57.840150841798554,19455200
2020-11-09,57.76357650756836,59.993721369769396,57.71093335236889,59.41943705095239,39768200
2020-11-10,56.68678283691406,57.66306896494271,56.22735471511413,57.26107072757158,23538400
2020-11-11,58.03157424926758,58.189500050670375,57.14621780921591,57.2610739332935,14488600
2020-11-12,57.51472091674805,58.31872115345029,57.24672205491752,58.0315789941732,14352800
2020-11-13,58.00286865234375,58.12251153623985,57.40465423286326,57.95022549133258,11851600
2020-11-16,58.56278610229492,58.66806874789853,57.88799864610301,58.00764150135319,14864200
2020-11-17,58.237361907958984,58.55321717169389,57.98850270505467,58.27086176397951,9939400
2020-11-18,57.61521911621094,58.414432596693175,57.59128908217064,58.13686391836278,9542800
2020-11-19,58.07944107055664,58.18472739116488,57.24672763216302,57.500369958422326,12155200
2020-11-20,57.48120880126953,58.146422728036704,57.462065507905244,58.13206617081595,9915800
2020-11-23,57.466854095458984,58.0363515737522,56.96913940558214,57.6582833840593,9807000
2020-11-24,58.26606750488281,58.380923617666575,57.270638124196886,57.68699655345176,13634000
2020-11-25,58.390506744384766,58.63457556800263,58.170364303814026,58.467076281830394,12186400
2020-11-27,58.701576232910156,58.95043178217221,58.59150319208378,58.701576232910156,7025800
2020-11-30,59.09401321411133,59.1801562342233,58.01722728831726,58.68244141259983,32229200
2020-12-01,59.85014724731445,60.180362732084646,59.33329283137444,59.58214839081144,22681200
2020-12-02,59.759220123291016,59.826219836265366,59.14664558133757,59.59650392663151,16038800
2020-12-03,59.720924377441406,60.122922593680315,59.56299494197185,59.82621066775444,13775400
2020-12-04,60.319149017333984,60.32871884028073,59.677861343584574,59.80707768623442,10358800
2020-12-07,60.49143600463867,60.668505116056316,60.24736352668306,60.35264983682904,8905400
2020-12-08,60.687644958496094,60.87907427048058,60.1755736483836,60.43400267188109,7886800
2020-12-09,59.524715423583984,60.83121708394188,59.31892955477188,60.649361248028306,17271800
2020-12-10,59.610870361328125,59.8932294709609,59.02222940679673,59.161015592723196,9997400
2020-12-11,59.48643493652344,59.48643493652344,58.81643415104034,59.251932288317505,13023200
2020-12-14,59.70179748535156,60.23779890546762,59.63001102667007,59.668297624794995,11055800
2020-12-15,60.69721984863281,60.69721984863281,59.9602193535814,60.347861072268046,9099200
2020-12-16,61.10878372192383,61.324139393157964,60.577569171588905,60.7785682849021,10309200
2020-12-17,61.5921516418457,61.72615107994142,61.3002227297611,61.55386504490097,11505000
2020-12-18,61.376792907714844,61.692651840171926,60.98436443634163,61.68307836580074,17693400
2020-12-21,61.43818664550781,61.46696663575188,60.05668855837001,60.59873610605935,15232200
2020-12-22,61.97064971923828,62.24886854135734,61.495757835365005,61.77877088358935,14334200
2020-12-23,61.50055694580078,62.08576724292853,61.409415417404915,62.04259725140277,11300800
2020-12-24,61.90827941894531,62.06178246573445,61.56290488309787,61.60607487022177,4384600
2020-12-28,62.608638763427734,62.73335452826166,62.229682603529184,62.52229144975054,8171000
2020-12-29,62.31121826171875,63.03074737476136,62.20089251382557,62.94920162028131,8841400
2020-12-30,62.27763748168945,62.65658622075494,62.18649596586376,62.52707626403957,8141400
2020-12-31,62.36878967285156,62.546271190199406,61.86511779668623,62.306428136732976,11058400
2021-01-04,61.35184097290039,62.69976113998185,60.55556044532307,62.68536382591122,21017200
2021-01-05,61.7499885559082,61.850725855747854,61.17436670956002,61.21274247524042,12361400
2021-01-06,60.685089111328125,61.86991069588207,60.49801182641358,60.867368510556155,27258000
2021-01-07,62.320804595947266,62.44072609662899,61.24630897455887,61.27029473858072,19652000
2021-01-08,62.72373962402344,62.89163265420084,62.01380638328769,62.62780388653389,12387600
2021-01-11,62.205684661865234,62.64700227755488,61.946657410370214,62.11455045891052,17853200
2021-01-12,61.90827941894531,62.21048396766885,61.318267636634324,62.12893821884767,17089200
2021-01-13,62.3016242980957,62.49349578349321,61.869902476809315,61.989823985039756,13605200
2021-01-14,61.75478744506836,62.584642298855236,61.6636459204262,62.45512501018329,15624800
2021-01-15,61.12159729003906,61.93706213353236,60.99688154861064,61.66364488363161,12641200
2021-01-19,61.91788101196289,62.02341253669754,61.32786551445298,61.54372644951415,11569600
2021-01-20,63.1458740234375,63.36653283640068,62.30642340012107,62.392770698907896,11770000
2021-01-21,63.96134948730469,64.17241256442325,63.14588449615281,63.486464883217714,8945200
2021-01-22,63.716697692871094,64.03808646195176,63.56319464645328,63.6927119269398,11243600
2021-01-25,64.2491683959961,64.65689725908747,62.69498253113234,64.43624571422161,18205200
2021-01-26,64.29232025146484,64.57533326234548,64.0476830026503,64.47460329142169,8593400
2021-01-27,63.07871627807617,64.19159143980586,62.5078887011052,63.98532262990409,24484600
2021-01-28,63.33775329589844,64.39306863596325,63.18425754061685,63.40011483492848,16181600
2021-01-29,61.84592056274414,63.27058875479751,61.51014178267382,63.02115727213295,19023200
2021-02-01,63.39531326293945,63.70231205735978,62.11934655011212,62.579848401456914,11232600
2021-02-02,64.25395202636719,64.44102931374081,63.91817321818747,64.00931474885677,8595000
2021-02-03,64.03329467773438,64.51777496253315,63.84141586239694,64.38346345151115,11574800
2021-02-04,65.05501556396484,65.05501556396484,64.19158658518229,64.37866383984222,8134200
2021-02-05,64.9111099243164,65.26127863810488,64.72402536662669,65.25168286912479,9413800
2021-02-08,65.59226989746094,65.62104988794198,65.08379656106037,65.17493807720224,11713200
2021-02-09,65.5155258178711,65.82731884273323,65.40039852344279,65.41959006556188,10552200
2021-02-10,65.41958618164062,65.86089647160568,64.86314860408231,65.77935072101273,9464400
2021-02-11,66.13911437988281,66.18228436736996,65.60666257592342,65.86089559480754,7565800
2021-02-12,66.47969818115234,66.5228681756575,65.78415476510581,65.96643783447792,6755600
2021-02-16,66.26382446289062,66.79148199636047,66.09113720824845,66.74351046807136,9722200
2021-02-17,65.67862701416016,65.8225343235599,65.0166577825792,65.65464124268857,15274800
2021-02-18,65.35720825195312,65.46753396690234,64.532147863145,64.9974438028598,10954800
2021-02-19,65.26129913330078,65.75058103296375,64.9686903026453,65.69301372043142,11685600
2021-02-22,63.82223892211914,64.67128539321338,63.78386315467333,64.46022233197601,14262600
2021-02-23,63.64472579956055,64.03807177622987,61.692407866866375,62.76210544335201,24198400
2021-02-24,64.6185073852539,64.67606736580268,62.68536597849956,63.16985354621118,16472200
2021-02-25,62.35917282104492,64.46978805029424,62.08095409474291,64.04286785221954,34313800
2021-02-26,62.690155029296875,63.654321108474,62.133717596794774,62.977962194109885,35511600
2021-03-01,64.70964813232422,64.7480238963844,63.352142990767035,63.75507753425599,24773800
2021-03-02,63.68313980102539,64.84397957270251,63.59200556773503,64.80080956965483,24802800
2021-03-03,62.08096694946289,63.558400843631134,62.01381119606562,63.376117804655024,29889600
2021-03-04,60.70905685424805,62.33999358855776,59.94156001317741,61.88908759330406,76955600
2021-03-05,61.85550308227539,62.02819032066408,59.82163563645834,61.466958625757556,46085800
2021-03-08,60.3588981628418,62.09535936802935,60.29653663245823,61.797956351298694,35242400
2021-03-09,62.411949157714844,62.79569944253617,61.68762589319266,61.76917163931016,22987200
2021-03-10,62.16250991821289,63.09310197325728,62.11454570760485,63.08350620336454,18459000
2021-03-11,63.49125289916992,63.88459169760928,62.963595257987656,63.097906781301496,13362800
2021-03-12,63.03555679321289,63.05474101807491,62.330417588803584,62.733352185771885,12442200
2021-03-15,63.707096099853516,63.74547185795046,62.83407139128708,63.083502839776095,16585000
2021-03-16,64.186767578125,64.80076492993749,63.91335042774287,64.19636334533558,13106800
2021-03-17,64.13402557373047,64.51777589049644,63.18424921229177,63.66872950405885,19366400
2021-03-18,62.354393005371094,63.366530875511835,62.277641479808686,63.25619781273024,17584800
2021-03-19,62.16731643676758,62.64220095274933,61.869906101720005,62.36878370406717,27224800
2021-03-22,63.38971710205078,63.697363888715536,62.399479236688535,62.500429162179486,15984200
2021-03-23,62.995574951171875,63.841602141459276,62.82732744858557,63.56279597610885,12929200
2021-03-24,62.23125457763672,63.38492848008752,62.221638550233685,63.37531245268448,14209400
2021-03-25,62.192787170410156,62.471593238394966,61.394825734613484,61.86110396306825,22573000
2021-03-26,63.77428436279297,63.841581875488245,62.13510032550523,62.15913672322756,14883200
2021-03-29,63.44260025024414,63.75986309199588,62.96190164209131,63.58200695414051,17317800
2021-03-30,62.84174728393555,63.062871942441646,62.46199848820675,62.995574408962575,13235400
2021-03-31,63.841575622558594,64.23094028893648,63.269543153236775,63.32242028909538,15430400
2021-04-01,65.12504577636719,65.12985745680044,64.4761070523263,64.53859288405016,14351600
2021-04-05,66.47100830078125,66.58637861658379,65.4182770905808,65.50480666115251,12866800
2021-04-06,66.1874008178711,66.58156991177582,65.96627620308581,66.36525697799692,11315600
2021-04-07,66.53832244873047,66.65849714048187,65.8941878613144,66.13453724481721,10085200
2021-04-08,67.49967956542969,67.51409993301476,67.04782182142584,67.16319209698321,14144600
2021-04-09,68.14865112304688,68.1678758421115,67.13437665644028,67.25455132151272,9401000
2021-04-12,67.82176208496094,68.0380749827907,67.4900788853454,67.86983487775794,15907000
2021-04-13,68.46109008789062,68.51396722447132,67.95635511778003,68.08134144144977,11315800
2021-04-14,67.73524475097656,68.48513342953805,67.6054540689551,68.45148100517441,11216200
2021-04-15,68.89852905273438,68.95140619046761,68.34572127918176,68.35533730464552,11028800
2021-04-16,68.88410186767578,69.01389252652308,68.59567981132126,68.95139936950815,11695600
2021-04-19,68.31207275390625,68.89372123969473,67.90347604336347,68.57645842926465,10254000
2021-04-20,67.70641326904297,68.46591074285021,67.32665719725945,68.16787990287825,9873400
2021-04-21,68.38899993896484,68.41303633877449,67.39876187979438,67.58623406250258,9254200
2021-04-22,67.58621978759766,68.56203726775553,67.28818169568967,68.26881085572084,11652200
2021-04-23,68.59568786621094,68.81200076643871,67.69678384299321,67.7112042140165,8886000
2021-04-26,68.94660949707031,69.01871870140529,68.5716651061441,68.61973790903409,7735000
2021-04-27,68.7783432006836,69.11002634379946,68.533189602887,69.05714921468133,10822000
2021-04-28,68.13902282714844,68.47070601660712,67.97558707244879,68.37937211401669,10691200
2021-04-29,68.08135223388672,68.78316815625347,67.38914500341919,68.69664591988469,13416600
2021-04-30,67.15360260009766,67.75447593641721,66.99497115912375,67.38914758849158,10583400
2021-05-03,66.96612548828125,67.64871666796112,66.79788536741088,67.51412163731321,10805800
2021-05-04,65.7643814086914,66.485429386715,65.03371740386129,66.46620466798129,19919600
2021-05-05,65.60575103759766,66.33161070823908,65.48077202660271,66.30276262735153,11245800
2021-05-06,66.26431274414062,66.30276218197352,65.10582722140065,65.57690985108734,14338600
2021-05-07,66.83152770996094,67.22570409413751,66.54310560764253,66.92766596577415,19196600
2021-05-10,65.144287109375,66.54311469242114,65.12025070842044,66.50946959898857,20281000
2021-05-11,64.94719696044922,65.08179199993948,63.74545029722936,63.89927005598414,27046800
2021-05-12,63.12054443359375,64.34152322578288,62.952304291360434,63.99060789750428,29414600
2021-05-13,63.95696258544922,64.53379955020692,63.52914104197526,63.812751510539805,22610400
2021-05-14,65.36540985107422,65.59133883612377,64.54822349455986,64.67320252112499,16823000
2021-05-17,64.88469696044922,65.00006726853715,64.29343971811596,64.98083521641645,16267200
2021-05-18,64.36553955078125,65.20676210005894,64.32227843718924,65.07216707896478,11737200
2021-05-19,64.59148406982422,64.63955687533769,63.21188110317517,63.365708212914036,30581200
2021-05-20,65.8268814086914,66.04799870402222,64.84144760286642,64.85106363067041,16828200
2021-05-21,65.46635437011719,66.22585916432381,65.4086728757075,66.16336598879347,14148400
2021-05-24,66.62963104248047,66.86036430910673,65.9758806746408,66.00953309627292,13229000
2021-05-25,66.64885711669922,67.05264951012171,66.49984172615643,66.89882243931724,11245800
2021-05-26,66.6440658569336,66.93729235021122,66.42775291416024,66.74501580883043,13311400
2021-05-27,66.29315185546875,66.8603727355114,66.27873148291711,66.58637832215092,11354600
2021-05-28,66.52870178222656,66.9132622360014,66.49505668501958,66.62965174360868,9222600
2021-06-01,66.2018051147461,66.89881654760742,66.08163047684319,66.8267146988168,12907400
2021-06-02,66.65847778320312,66.92766784097388,66.21143158045075,66.33641058302176,10098200
2021-06-03,66.03837585449219,66.38447943244041,65.63458345696691,66.12009373610795,12721200
2021-06-04,67.30742645263672,67.38433266147244,66.44216742304148,66.44216742304148,11182600
2021-06-07,67.29300689697266,67.369913106742,66.96612799965544,67.24973844380818,11784000
2021-06-08,67.29781341552734,67.89868674959456,67.11034122869356,67.61507629628592,8902600
2021-06-09,67.34588623046875,67.74005532356296,67.30742945689475,67.62468500284098,9763400
2021-06-10,67.84101867675781,68.00925884264957,67.24494957089419,67.48529895206616,11275400
2021-06-11,68.24478149414062,68.24478149414062,67.86502548890623,67.92751865467663,12100600
2021-06-14,68.93699645996094,68.9418008059952,68.03328063371696,68.31208673617265,11426600
2021-06-15,68.51399993896484,68.88414007176652,68.3890208904975,68.88414007176652,15079600
2021-06-16,68.14383697509766,68.77355835857809,67.47566615487996,68.64376767123244,19202800
2021-06-17,68.93217468261719,69.21579242444535,67.94674844372794,67.94674844372794,15864200
2021-06-18,68.30247497558594,68.86970324287591,68.22075707862244,68.60051315055385,20816600
2021-06-21,69.03448486328125,69.07300479057271,67.88832229570934,68.33137494282565,12276000
2021-06-22,69.66053771972656,69.69906499801888,68.91409466633463,68.99114187459232,9253200
2021-06-23,69.58348083496094,69.82908393305226,69.42937174322257,69.6701616878193,8271000
2021-06-24,70.02169799804688,70.2335942797791,69.88204309326395,70.031331651305,12279000
2021-06-25,69.93982696533203,70.13727643187941,69.82425252506938,70.08430236398436,14385800
2021-06-28,70.67183685302734,70.753704538622,70.21433750490438,70.22878431128433,12557400
2021-06-29,71.1871566772461,71.22086345495568,70.54665441749006,70.71038984825637,9829200
2021-06-30,71.11007690429688,71.28344593079557,70.88854695720002,71.0763627902132,11013600
2021-07-01,71.23043823242188,71.23043823242188,70.74885864707386,71.01372888867954,11636600
2021-07-02,72.1695556640625,72.24178970128064,71.5531340520502,71.57239401253328,12780000
2021-07-06,72.44405364990234,72.78597857827779,71.7505848352257,72.32365868683463,11870600
2021-07-07,72.83895874023438,72.98824733117641,72.25624383704906,72.90637963125097,14883800
2021-07-08,72.15030670166016,72.35256938502769,71.37014223915524,71.69279990178867,17086200
2021-07-09,72.81487274169922,72.88229362759154,71.95766118607168,72.06360934223467,9775800
2021-07-12,72.87266540527344,73.1375284403916,72.63668863669199,73.1038216724944,9619600
2021-07-13,73.1712417602539,73.70097517305014,72.68484142095376,72.74744915135679,15202800
2021-07-14,73.71061706542969,74.0862487931791,73.38795941971294,73.75877799394155,12886800
2021-07-15,73.10382843017578,73.68172282581108,72.71374989683011,73.62393559074532,12506200
2021-07-16,72.38146209716797,73.59504553048978,72.309220701518,73.24830740668355,15080400
2021-07-19,71.38458251953125,71.71687380764395,70.97042353480504,71.51942429610949,24254000
2021-07-20,72.44405364990234,72.84376580908616,71.32679221376326,71.74095118064916,14715600
2021-07-21,73.14234161376953,73.15678841975311,72.28030966568484,72.41515142041465,12234000
2021-07-22,73.68170928955078,73.7394965140003,73.29644398046338,73.29644398046338,9577800
2021-07-23,74.4137191772461,74.45224644637088,73.74432349139394,74.0091865255984,12576200
2021-07-26,74.37519073486328,74.51003250051033,73.94658497655836,74.22590216206298,8993400
2021-07-27,73.67210388183594,74.30779298780132,72.74265804007649,74.28371251894008,18089800
2021-07-28,73.58058166503906,73.97066751410084,72.87747920276291,73.69616347383425,13941200
2021-07-29,73.92251586914062,74.17293947880196,73.49391004500505,73.50354370069523,12030600
2021-07-30,73.87432861328125,73.9513831346913,73.43127613765895,73.45054344217327,10148800
2021-08-02,73.60948181152344,74.30777111297178,73.50834681140944,74.20663611285777,12205200
2021-08-03,74.08142852783203,74.11995579727771,73.14716245166896,73.74432410558899,10824800
2021-08-04,74.23070526123047,74.41370792481928,73.78765275577913,74.02362948786343,11322800
2021-08-05,74.64005279541016,74.66412590576616,74.14402620955835,74.36554879343865,6674600
2021-08-06,74.57745361328125,74.664134456468,74.36074415698924,74.38000411714458,7602800
2021-08-09,74.33666229248047,74.79898215905912,74.26442825785489,74.6641330472164,7198200
2021-08-10,73.80209350585938,74.53890990372899,73.5901972492625,74.4714890355685,10421400
2021-08-11,73.81172943115234,74.19217419570528,73.43609781864357,74.05733245523155,10831600
2021-08-12,74.23551940917969,74.27886717367493,73.43128206637911,73.7346796762247,6947800
2021-08-13,74.64005279541016,74.65931275335981,74.2018134317316,74.28368111258513,5630800
2021-08-16,74.97716522216797,74.9867988763393,73.83100287050793,74.46187127471575,9493800
2021-08-17,74.35592651367188,74.64006421224161,73.8936139689227,74.51966924874907,19052600
2021-08-18,73.33015441894531,74.51483655074185,73.24828673896947,74.18254533015953,13481200
2021-08-19,74.04771423339844,74.32221827191684,72.81969150877477,72.92563231408904,19291000
2021-08-20,75.00122833251953,75.06864919947138,74.148830169517,74.3270123146776,14769400
2021-08-23,75.96922302246094,76.07517117967684,75.19387915283117,75.1986923060408,10802400
2021-08-24,75.8825454711914,76.15222902915629,75.81511723337437,76.06554082933853,9537000
2021-08-25,75.83918762207031,76.26298021304436,75.71397951488473,76.06071757144079,9430400
2021-08-26,75.36241912841797,75.90178610701362,75.2998114082867,75.74767705694403,12056600
2021-08-27,76.08961486816406,76.14258894460022,75.29982422295917,75.42985283754342,14088800
2021-08-30,76.9083023071289,76.99980365642136,76.31596113582188,76.31596113582188,10026800
2021-08-31,76.50375366210938,76.98052022437908,76.3592782782407,76.95643976901374,21971000
2021-09-01,76.52305603027344,77.1154046976117,76.46045562961527,76.76866652347668,20289800
2021-09-02,76.441162109375,76.90829511859737,76.13295132117594,76.8071674723347,21769600
2021-09-03,76.74456024169922,76.94682288385896,76.32558815067726,76.34966126296483,21204800
2021-09-07,76.76382446289062,76.92756719515081,76.40263957862673,76.83606584873857,19721800
2021-09-08,76.47004699707031,76.77825775010135,75.92586686413482,76.75418464071647,11466400
2021-09-09,76.18112182617188,76.7879098250603,76.11851409077339,76.52303942336567,11161000
2021-09-10,75.42986297607422,76.79273499091074,75.35280842756923,76.6049191216337,17080200
2021-09-13,75.45391845703125,76.2003686060142,74.95789185799553,76.00292647556634,22637800
2021-09-14,75.35760498046875,75.93068611769876,75.15534234644484,75.77658440296251,18431600
2021-09-15,76.01737213134766,76.07997250664395,75.18905431186771,75.61283952653058,16339200
2021-09-16,76.06073760986328,76.13779216458151,75.28058045123989,75.74770623694302,16148600
2021-09-17,74.87602233886719,75.86807551261163,74.76526104669918,75.86326236019539,22663000
2021-09-20,73.51222229003906,74.15385102817858,72.53289615320803,73.77755122820665,35669400
2021-09-21,73.54115295410156,74.14418653925229,73.25652286861038,73.96086197376653,18455000
2021-09-22,74.5494384765625,74.83889760069984,73.61352898460324,73.94158314937565,27990600
2021-09-23,75.54804229736328,75.72653786360624,74.70379536972911,74.93535818015904,19534000
2021-09-24,75.60114288330078,75.72657126067342,75.05599798543653,75.08976404958399,11652400
2021-09-27,74.86782836914062,75.13798624300087,74.39022310990559,74.96431227248357,15015000
2021-09-28,72.64866638183594,74.0766532698974,72.59077750841806,73.90780090742798,38190600
2021-09-29,72.5570068359375,73.32889286320841,72.43157848503753,72.94777883004073,25012000
2021-09-30,72.0359878540039,73.29511498943226,71.99739281886143,72.98154045061872,33415600
2021-10-01,73.12144470214844,73.2806390923998,71.56320060165888,72.29649151005103,45483800
2021-10-04,71.42813110351562,72.78857859904835,70.85887085134294,72.70173792255116,50773000
2021-10-05,72.446044921875,72.86093234020123,71.50531396208008,71.57285343198203,32967000
2021-10-06,72.9188232421875,72.97189049582069,71.37505862910908,71.61145046097512,40004800
2021-10-07,73.5845718383789,74.15383938788493,73.4494929001063,73.55080578443578,19895600
2021-10-08,73.30957794189453,73.92225466254271,73.18897124489706,73.86918742141388,18426400
2021-10-11,72.90434265136719,73.88366856037712,72.8512754038285,72.98153271346882,14970600
2021-10-12,72.5280532836914,73.28063801701695,72.40744656716488,73.18898309590662,17853400
2021-10-13,72.97189331054688,73.13109507758726,72.36885966020478,72.84164334217343,19521600
2021-10-14,74.61697387695312,74.65074729613116,73.60870333972217,73.71483785535185,15197200
2021-10-15,75.21520233154297,75.2296745539887,74.65076357240167,74.87750487238824,12779200
2021-10-18,75.85198211669922,75.89057715341842,74.58802594946047,74.79546599041926,11630200
2021-10-19,76.60456085205078,76.60456085205078,75.9002217312444,76.0545945046232,13201400
2021-10-20,76.3923110961914,76.78789737054724,76.05943532019315,76.67694123229819,12025400
2021-10-21,76.68658447265625,76.72517214736469,76.0015317859495,76.1607335488109,10023200
2021-10-22,76.4212417602539,76.97602971274652,76.10283826136694,76.65762621385954,12490000
2021-10-25,76.6720962524414,76.94708309218947,76.37299395903088,76.71069128405077,10336800
2021-10-26,76.88921356201172,77.51154112025189,76.85061852069623,77.1883159306425,13189600
2021-10-27,76.82164001464844,77.41020125153128,76.7444499662462,77.01942939196296,17448000
2021-10-28,77.5935287475586,77.65142497219404,77.14487533381656,77.28960485353143,12756800
2021-10-29,77.92642211914062,77.9746677570775,76.73965598290224,76.83131091698097,20131800
2021-11-01,77.81062316894531,77.96500329389153,77.4150369809573,77.92640826265497,24421200
2021-11-02,78.49567413330078,78.68864192420598,77.91675603808642,77.91675603808642,26814600
2021-11-03,78.95398712158203,79.1180104985986,78.1724505488116,78.63076198643168,25978600
2021-11-04,80.18899536132812,80.38196316588949,79.11318549646128,79.25308605058078,28691400
2021-11-05,80.60389709472656,81.05737961343347,80.10216893567804,80.77757109420472,24223600
2021-11-08,81.0380630493164,81.17797096303215,80.67624289910299,80.86438908276396,12781000
2021-11-09,80.70519256591797,81.24551569758556,80.29513411917279,81.15867502805405,16823000
2021-11-10,79.37371063232422,80.48329416139588,79.13249714171089,80.08287888362754,25788800
2021-11-11,79.74516296386719,79.97672579997057,79.61490564801223,79.94295974697104,10103800
2021-11-12,80.71484375,80.8499226935833,79.87542565219674,80.01050459578003,12244200
2021-11-15,80.63282775878906,81.15384966821,80.17452369884701,81.03806456792204,12490200
2021-11-16,81.48189544677734,81.59285892704298,80.4880972717885,80.53634290331702,13538800
2021-11-17,81.2358627319336,81.74723405136007,80.98017707222036,81.32270339893529,15417800
2021-11-18,82.04634857177734,82.16212631961866,81.11526080246729,81.70382222482897,19964000
2021-11-19,82.64456939697266,82.95815136829508,82.0656584607838,82.34063802694143,17714600
2021-11-22,81.72312927246094,84.0629031216385,81.67489099014645,82.96779179170112,28451600
2021-11-23,81.53497314453125,81.79548781016685,80.50257980428272,81.40954479223498,29239800
2021-11-24,82.12837219238281,82.14766603274188,80.65213944173497,81.04773310098578,18241000
2021-11-26,80.07804107666016,81.58321059822758,79.75963756671318,80.9560541771578,24767800
2021-11-29,82.08012390136719,82.30204354522006,81.01395706495124,81.26965012990728,24979800
2021-11-30,81.39508819580078,82.51914404669537,80.70039210243655,81.77138068616438,54066800
2021-12-01,80.28064727783203,82.87609851189126,80.20827883952946,82.25377116548317,39084200
2021-12-02,81.0187759399414,81.3902467194841,79.36404782106973,79.53772180204095,46872400
2021-12-03,79.66314697265625,81.50119206743543,78.65969825545737,81.25032804782334,48470000
2021-12-06,80.42056274414062,80.66177619409982,79.06494433317009,79.89471918992969,37800400
2021-12-07,83.22828674316406,83.32959226486608,82.01256895399023,82.02221955266421,28691000
2021-12-08,83.6093978881836,83.66728675575557,82.68313920078353,83.25722834170459,23261600
2021-12-09,82.70726013183594,83.94709330533868,82.63972066745738,83.40195597187228,17201000
2021-12-10,84.3668212890625,84.47295579931067,83.32959900459177,83.5756414425537,24776600
2021-12-13,83.11249542236328,84.70450546692085,82.99188871233997,84.540482107989,20974000
2021-12-14,81.74723052978516,82.63489419172933,80.76308296741222,82.1090506773303,27094800
2021-12-15,83.913330078125,83.9953417618272,81.03806272369886,81.81477027081945,28270800
2021-12-16,81.53497314453125,84.36199526109978,81.05254621242912,84.22691630901124,31275600
2021-12-17,80.98983001708984,81.7810098356065,80.21794403554908,80.63765308133985,44821600
2021-12-20,80.02654266357422,80.27787395031937,79.44169849115785,79.75103554614795,32649600
2021-12-21,82.05172729492188,82.1193945434645,80.13286850567678,80.88204635572677,16810800
2021-12-22,83.12472534179688,83.18273109705356,81.72304373854777,81.94054503902774,13376200
2021-12-23,83.5887451171875,83.92225059533438,83.2262404453194,83.23590930161862,9792600
2021-12-27,85.38191986083984,85.4012575709689,83.90290216851363,83.92223987864269,13266600
2021-12-28,84.937255859375,85.57042948092308,84.72458528034412,85.54143028835998,11422200
2021-12-29,85.009765625,85.35293258836323,84.56992484784426,84.96625945872276,9687800
2021-12-30,84.4490966796875,85.32877092886284,84.3475921171941,85.04360233092854,10526400
2021-12-31,84.03826904296875,84.56994564889403,83.99960098297615,84.36694386531666,10243000
2022-01-03,84.83576202392578,84.91309074874509,83.78207794321901,84.14942073061056,20302800
2022-01-04,83.93672943115234,85.06774195759206,83.30355594092775,84.98074439794652,16648000
2022-01-05,81.355712890625,83.51140305534238,81.3267063237981,83.44856655664798,23628400
2022-01-06,80.94485473632812,81.78102988315679,80.46151530749721,80.7080157611382,23767200
2022-01-07,80.20051574707031,81.2783680891397,79.67367748804588,80.89169503313848,30488600
2022-01-10,80.21504211425781,80.3165392987076,77.95783972437286,79.00669313153335,32501400
2022-01-11,81.17687225341797,81.29287639520251,79.41268592626979,80.00719148066679,19207600
2022-01-12,81.55872344970703,82.34173120987877,81.15271259704696,81.78105552658648,18144000
2022-01-13,79.44651794433594,82.21605882265746,79.24351622226426,81.97921979265246,20942600
2022-01-14,80.11837768554688,80.1667146005918,78.90519781976788,78.90519781976788,22351400
2022-01-18,78.1946792602539,79.42236596434039,77.97717791706317,78.95352596614994,24694200
2022-01-19,77.10234069824219,79.40786544879846,77.02500458654141,78.44118617807138,24961400
2022-01-20,76.10665893554688,78.66352225088158,76.00515437143551,77.78867872876495,37609000
2022-01-21,74.59380340576172,76.79783086238584,74.57446569113044,75.92298734233941,48016600
2022-01-24,74.98046112060547,75.03362876211969,70.68357313880412,73.35160194431117,67413400
2022-01-25,73.2452621459961,74.63728221970065,72.40425616411228,73.51110033717929,48886200
2022-01-26,73.6754379272461,76.11630392639077,72.80059459467256,75.23662985378321,53596200
2022-01-27,73.1679458618164,75.26563780823355,72.90210762547864,74.86929582402514,39446800
2022-01-28,76.36766052246094,76.38699086232529,72.97461430002093,74.07662805172326,44236000
2022-01-31,78.28651428222656,78.38801146641636,76.01481967555917,76.38698585115759,29121000
2022-02-01,78.48951721191406,78.6200209687357,77.35366620382698,78.39285076711829,23389800
2022-02-02,79.12751770019531,79.25801406316668,78.1270013330258,78.65867776608823,25504800
2022-02-03,76.83164978027344,78.53783761671413,76.54647387156835,78.00616121930679,27865400
2022-02-04,77.14099884033203,77.81767129280755,76.09698359207559,76.42082022113006,29721400
2022-02-07,76.62864685058594,77.6581624231045,76.33380943839487,77.19899133859082,14622600
2022-02-08,77.57599639892578,77.78382886165457,76.20814461166813,76.38697788193953,21139800
2022-02-09,79.29669189453125,79.32086034904808,78.25267661088984,78.576520626097,17795600
2022-02-10,77.22317504882812,79.04052940959328,76.81716415292291,77.72101427963943,31692200
2022-02-11,74.86446380615234,77.6388355227476,74.57929523711736,77.30049193217582,34878800
2022-02-14,74.84029388427734,75.4444683196164,73.97028122235386,74.66629135189264,41030400
2022-02-15,76.80750274658203,76.86067040114749,75.700650858404,75.96648913123131,24437400
2022-02-16,76.73015594482422,76.99599418061324,75.45413978821341,76.28548443003916,20318200
2022-02-17,74.43428802490234,76.09213908173616,74.29412280551729,76.01481036164923,24906400
2022-02-18,73.6802749633789,74.796788034463,73.1147686303042,74.69045275386685,25310800
2022-02-22,72.99877166748047,74.16845249379573,72.2012643598216,72.90693597292587,26893600
2022-02-23,71.17176055908203,73.9557941744447,71.09442444819426,73.7576305311638,37879400
2022-02-24,73.60294342041016,73.65611106399315,68.49887913714649,68.72604930743965,50967800
2022-02-25,74.60346984863281,74.62763092837416,72.81027669624258,73.714119383807,28301600
2022-02-28,74.46812438964844,74.7822921318103,73.1921009594903,73.81078233858632,34822200
2022-03-01,72.97943115234375,74.5696148054457,72.40908672763219,74.18777985916672,29925000
2022-03-02,74.55996704101562,74.86930410245539,72.94561448210119,73.51595906814227,25592400
2022-03-03,73.67062377929688,75.19314800293758,73.29361946681685,75.1883098866383,23450600
2022-03-04,72.38008117675781,73.39992769068272,71.80490606283777,73.09542148327222,26731200
2022-03-07,69.73139190673828,72.65075924905832,69.69272386161924,72.31725381318519,32864200
2022-03-08,69.39308166503906,71.54877251604458,68.36839652437003,69.54291578638782,36898400
2022-03-09,72.138427734375,72.46709508782055,70.70773942334269,71.27808392661899,35327400
2022-03-10,70.87691497802734,71.07508597380586,69.8039005315884,70.8624153807925,27448400
2022-03-11,69.62989807128906,71.6840912673053,69.52356277465762,71.50525798441453,21457800
2022-03-14,68.3393783569336,70.09873401562244,68.14120737232665,69.31088819278466,27852400
2022-03-15,70.63526153564453,70.77542679974144,68.65356586964552,68.88073611246125,22993800
2022-03-16,72.93111419677734,72.9601133936428,70.39358121856893,71.5294322636474,27176000
2022-03-17,73.44827270507812,73.49660222934115,72.14808828704399,72.5395920968988,18518800
2022-03-18,74.95147705078125,75.08681155190654,72.82960907738904,73.18728304474993,27897800
2022-03-21,74.80908203125,75.20614884144192,73.82609064148998,74.54759234196118,22341400
2022-03-22,75.88411712646484,76.27634446980679,74.76069360542115,74.86238573349016,17485800
2022-03-23,74.71710968017578,75.86957852177515,74.64447033937269,75.17712928337588,12360600
2022-03-24,76.65888214111328,76.67825558800294,74.8817489124481,75.13355200037819,14263400
2022-03-25,76.61529541015625,76.8864645294181,75.65651677025062,76.77993274845032,14874600
2022-03-28,77.525634765625,77.55952720219047,76.0680900508551,76.26178750552343,18593000
2022-03-29,79.17205047607422,79.24468242924587,77.86946326462603,78.43117499850344,18829800
2022-03-30,78.1164321899414,78.98804524466668,77.7048313894724,78.76530231336774,18680200
2022-03-31,76.9591064453125,78.25201437373988,76.84289531560597,78.10674307280144,19424000
2022-04-01,76.73151397705078,77.21574665864851,75.87442006175758,77.0365755420704,28209600
2022-04-04,78.18904113769531,78.22778063365206,76.90098060514592,76.93003337991264,23048200
2022-04-05,76.54264831542969,78.02923851032583,76.27631891571781,77.85007481815732,23588200
2022-04-06,74.73162078857422,75.44344332781442,74.06822446663331,75.26911928986165,34225400
2022-04-07,74.84783172607422,75.35143034668785,73.82610071008065,74.33453899641464,23200200
2022-04-08,73.80191040039062,74.68805716190813,73.64211271662798,74.51373308769477,26354600
2022-04-11,71.94245147705078,72.96902237515279,71.8455990318075,72.87701698545419,21595400
2022-04-12,71.62284088134766,73.38544713270413,71.35167182557014,72.83342230092772,22172200
2022-04-13,72.77530670166016,72.99805692577368,71.40008803272265,71.66641741303155,14446800
2022-04-14,71.00788879394531,72.98355926247012,70.97399634427826,72.85281435362808,17407000
2022-04-18,71.24031829833984,71.70034531208672,70.63987442996327,70.65924048847644,14060600
2022-04-19,72.57679748535156,72.70269532399047,70.79966441088034,71.06114681076251,13562200
2022-04-20,72.5090103149414,73.47262870106145,72.29594673545608,73.27893856815022,15652600
2022-04-21,71.27903747558594,73.90357728952154,71.0611342826332,73.21596788192687,18509200
2022-04-22,69.28401184082031,71.61800948591547,69.18716678383953,71.20156909097427,22094800
2022-04-25,70.32511901855469,70.3735452482539,68.54798574291131,68.97895258753539,28707600
2022-04-26,67.70540618896484,69.79244752848773,67.67150636008382,69.68591576458047,25953200
2022-04-27,68.707763671875,70.02971660781014,68.31069678001013,68.4608077045738,40048600
2022-04-28,71.45821380615234,71.86496744801872,69.41475148640943,69.78760529705177,27762400
2022-04-29,68.48018646240234,71.50180112250015,68.34944156660846,70.67860702330306,29589800
2022-05-02,69.52128601074219,69.61328400884271,67.62793455132007,68.40270236810794,37004400
2022-05-03,69.64234924316406,70.06846898732765,68.9983188767662,69.5116043475844,27469800
2022-05-04,72.08770751953125,72.2184523953329,68.75619213012321,69.91350779226998,28650400
2022-05-05,68.6206283569336,71.11442414035125,67.80227380214053,71.02725840050064,36442200
2022-05-06,68.06858825683594,69.15811173693818,67.04685705327678,67.99594892488007,34862200
2022-05-09,65.43436431884766,67.26960292233818,65.13413503329187,66.83863613330927,41124600
2022-05-10,66.43187713623047,67.37128964106319,65.44403841182348,66.99358877255573,36370400
2022-05-11,64.33515167236328,67.08074997512814,64.13661450792813,65.83142882238575,34781800
2022-05-12,63.67174530029297,64.59662392271456,62.18998738269855,63.38120279359535,36506600
2022-05-13,65.78785705566406,66.11229208855168,64.12209533131791,64.53853576240444,24495400
2022-05-16,65.2067642211914,66.08322405213202,64.64989229336726,65.24065666129025,17423400
2022-05-17,67.09529113769531,67.19698327002831,65.85565643408613,66.61105836979762,18602200
2022-05-18,64.02525329589844,66.40283781600142,63.78313692657158,66.2091402872568,23670200
2022-05-19,63.3231201171875,64.41264382758533,63.022890781490105,63.54586304913773,20874800
2022-05-20,63.46353530883789,64.37873479939954,61.516921516291504,64.20441073506377,20252600
2022-05-23,64.92108917236328,65.00340785426316,63.46354384732081,63.66208105068225,17219600
2022-05-24,63.957454681396484,64.33999525601787,62.838878347964304,64.01556023986949,17122000
2022-05-25,64.70316314697266,65.18255612168737,63.48774187763809,63.53616809727528,13656600
2022-05-26,66.25753784179688,66.54323326064645,64.18986287372563,64.32544739076617,15556600
2022-05-27,68.49954986572266,68.51407625325857,66.87252796247067,66.99842578404963,16281800
2022-05-31,68.01049041748047,68.67873399809929,67.34709389335087,68.23324074062195,19420800
2022-06-01,67.80709838867188,69.20653047226385,67.30349967631659,68.74167125913651,13304800
2022-06-02,69.44865417480469,69.45349384192056,67.01296424185978,67.3277125469009,13868400
2022-06-03,67.78772735595703,68.60123461359782,67.47297171864331,68.131528379554,11263800
2022-06-06,67.7925796508789,69.06611404730938,67.45845789753366,68.63998689651488,12589600
2022-06-07,68.60123443603516,68.73197931239024,66.93547303987829,67.07105758246749,11016600
2022-06-08,67.82646942138672,68.72713503840185,67.63761159856311,68.39786038987637,8814200
2022-06-09,66.01545715332031,67.99112782335551,66.00093076072348,67.33257093334377,9765200
2022-06-10,63.478057861328125,65.08086678965928,63.45869180593012,64.87748995836208,20886400
2022-06-13,60.6646614074707,62.06409336906961,60.441914847930576,61.478172348331114,36332600
2022-06-14,61.04721450805664,61.453971884931455,60.48066315272599,61.119850149755955,18250400
2022-06-15,62.335269927978516,63.25531643998397,60.96973763226267,61.80745808770837,25069600
2022-06-16,59.79789352416992,60.805098400476574,59.303977808628474,60.7518325093179,32690800
2022-06-17,60.3450813293457,60.91647607188384,59.36692919148095,59.78821297692595,27684200
2022-06-21,61.88069152832031,62.317634233466734,61.22527932260214,61.22527932260214,17245000
2022-06-22,61.61851119995117,62.472972614983384,61.03592353479266,61.20584462846372,15163400
2022-06-23,62.54095458984375,62.662327340647195,61.579677069716965,62.147700654516534,16042200
2022-06-24,64.78878021240234,64.80334435150277,63.259486342812465,63.259486342812465,25492200
2022-06-27,64.35183715820312,65.19173456129492,64.0605395785849,64.99754111355288,13917200
2022-06-28,62.424434661865234,65.05094279156285,62.39530638668269,64.41009110552736,15260800
2022-06-29,62.55066680908203,62.924497002013425,61.84185030124147,62.346761451484646,13607200
2022-06-30,61.715614318847656,62.49239914111086,60.73977641812833,61.720466561735215,15720400
2022-07-01,61.85641860961914,62.011775602861924,60.79804793565178,61.327231420634014,13930600
2022-07-05,62.6331901550293,62.6477542921359,60.66695386158897,61.01650796815676,14341000
2022-07-06,63.172088623046875,63.67700342810324,62.45841623698037,62.769130190859286,16167000
2022-07-07,64.4780502319336,64.62369899480207,63.44881181486968,63.44881181486968,13082200
2022-07-08,64.5071792602539,64.71594421801727,63.58960167381466,63.78865473847176,12627000
2022-07-11,63.61874008178711,64.22075161423078,63.18180112643619,63.944025584643214,11416600
2022-07-12,62.74971389770508,64.21103919083946,62.38074339195821,63.85178057966633,16553400
2022-07-13,62.58465576171875,62.987614239745874,61.29810368233262,61.569977496903725,15162600
2022-07-14,63.15752029418945,63.38084940622255,61.28352850471305,62.084585664648934,13728800
2022-07-15,64.26930236816406,64.29843064352579,63.497366031053666,63.76438756854438,13529200
2022-07-18,63.64786148071289,65.13346248508593,63.40511602488714,64.90042151373075,9897600
2022-07-19,65.58982849121094,65.65779692600789,63.96828313304847,64.35667736388984,12330600
2022-07-20,66.61421966552734,66.89094566797789,65.42476085526181,65.59953790186375,12537200
2022-07-21,67.55123138427734,67.56579552464258,66.00251358938655,66.69676971482318,12957600
2022-07-22,66.61907196044922,67.79881146993125,66.2355299429931,67.52208546726439,10583600
2022-07-25,66.19670104980469,66.66276826298785,65.69664591065775,66.58994757592949,13951200
2022-07-26,65.12377166748047,66.16272225831197,64.88102613309923,66.14330587508402,10167800
2022-07-27,67.92504119873047,68.27944752115283,66.09959046931365,66.19669458658362,17076200
2022-07-28,68.9591293334961,69.1144899889561,67.39585533395169,68.00271900433519,12408000
2022-07-29,70.01750183105469,70.2359712658129,68.88145484390907,69.17274495425215,10177400
2022-08-01,69.86701965332031,70.56612795930565,69.2164634161417,69.386380840954,12515800
2022-08-02,69.37181091308594,70.17286812551218,68.77465903822264,69.26500229702843,15921800
2022-08-03,71.2166748046875,71.4157278893368,69.69708562910357,69.7116497662238,14243200
2022-08-04,71.54194641113281,71.57592692533908,70.73602965933435,71.19239233584683,11679800
2022-08-05,71.37689971923828,71.57594542934187,70.33794911799157,70.39620567626521,7921000
2022-08-08,70.77003479003906,71.86724193270423,70.38649269928047,71.31378241358912,11102200
2022-08-09,70.06120300292969,70.33793642078614,69.68252062649789,70.19713988636651,8565600
2022-08-10,71.97404479980469,72.03230135252112,71.15356377835745,71.72644704275467,19273200
2022-08-11,71.69245910644531,72.8479301218845,71.5613744548438,72.42554789072524,11025800
2022-08-12,73.11980438232422,73.12465662574617,71.94005732633048,72.16338645982903,8093600
2022-08-15,73.58100891113281,73.68781751526173,72.74596386503622,72.82849643949872,7162600
2022-08-16,73.3819808959961,73.72668285575081,72.69744403688853,73.24604397305227,10990600
2022-08-17,72.8576431274414,73.41595485409961,72.33331192104673,72.711994335442,12632800
2022-08-18,73.23632049560547,73.52761065152811,72.64887312462027,72.93045879428216,9976800
2022-08-19,71.90608215332031,72.72170358917128,71.74586921241978,72.63431875304687,10146200
2022-08-22,69.9010009765625,70.94966344756442,69.72622389806217,70.9253874128827,10744200
2022-08-23,69.71650695800781,70.45444790608383,69.62426248749722,69.7650516106946,14777200
2022-08-24,69.76020812988281,70.0563579580856,69.37666606306011,69.66796364778608,8983200
2022-08-25,70.9399642944336,70.94482394704626,69.84760920959756,69.93985371315374,7126600
2022-08-26,67.91049194335938,71.0807479771871,67.8619398740856,70.91082314273461,14321800
2022-08-29,67.01232147216797,67.66773727886394,66.7550118373625,67.17738663260832,13231600
2022-08-30,66.31321716308594,67.50752834115917,65.71121303469572,67.39100782856504,13268800
2022-08-31,65.66751098632812,66.92493832543012,65.63353046797666,66.71132109691843,14171400
2022-09-01,65.34710693359375,65.42963953404579,63.978018435726085,65.02668102030474,15988600
2022-09-02,64.49747467041016,66.39573862538694,64.15762508427768,66.02191593344743,16606600
2022-09-06,64.07023620605469,64.86158876264189,63.64786148346074,64.58485538714694,14990000
2022-09-07,65.09461975097656,65.35678157338754,63.97798921670113,64.1964586367108,11657000
2022-09-08,65.31796264648438,65.65781230809175,64.32271191979444,64.61400210516508,11210600
2022-09-09,66.6093521118164,66.78898878795822,65.73546698248866,65.8616993616159,11418600
2022-09-12,67.67744445800781,67.70658014160196,67.0123241387053,67.02203603323667,10181000
2022-09-13,64.0848159790039,66.1141649291632,63.91003891183187,65.74519441313565,20148800
2022-09-14,64.3178482055664,64.78877508724224,63.701279944407375,64.38581665199358,13229200
2022-09-15,62.837100982666016,64.19162511617903,62.4584185687389,63.80323080732921,14885200
2022-09-16,62.487552642822266,62.61862988487626,61.5990994804283,62.28849954606682,20762200
2022-09-19,62.99711227416992,63.055512658342,61.824188383413734,61.86312444829346,15683000
2022-09-20,62.627220153808594,63.02144500560397,62.08213012608361,62.40821129811871,12109400
2022-09-21,61.648983001708984,63.87802270417981,61.6392508415581,62.953315250789856,16808800
2022-09-22,61.021148681640625,61.69278279378124,60.67559946608381,61.30342957766646,16033800
2022-09-23,60.22298049926758,60.55879756966226,59.42967765054342,60.466325341432395,19396200
2022-09-26,59.80442810058594,61.04548830219562,59.63408745077519,60.03804078686044,17193600
2022-09-27,59.882301330566406,61.16716184574126,59.32747536779307,60.59773578602354,18714800
2022-09-28,60.51499938964844,60.807016198860524,59.025730000517875,59.48321953601204,18933400
2022-09-29,58.9381217956543,59.784960832080394,58.242155377683744,59.64868831048858,31096600
2022-09-30,57.80899429321289,59.570812109926415,57.701921979331516,58.699637217065565,19513000
2022-10-03,59.60002136230469,59.955306483920474,58.042615777620775,58.26649259834735,17332200
2022-10-04,61.600311279296875,61.66844753592996,60.76320445420762,60.80700845527031,17779000
2022-10-05,61.80472183227539,62.25247916282888,60.412789041217785,60.768074143752465,14600400
2022-10-06,61.29856491088867,62.320616229417205,61.22556442797748,61.64411785802403,14348200
2022-10-07,58.77751159667969,60.05263990752741,58.461166272093024,60.04777197099831,15749000
2022-10-10,57.78953170776367,58.86025123432478,57.210373512058425,58.77751116652609,16706200
2022-10-11,56.90375900268555,57.85767037195497,56.480341338836325,57.458584965289724,21044800
2022-10-12,56.72856140136719,57.33692364602203,56.631224927481796,56.94757403733201,14111600
2022-10-13,58.49036407470703,58.79697722685308,54.98133203644577,55.195476677203466,38114600
2022-10-14,56.84535217285156,59.09385596233349,56.752879951847824,58.96731932776212,22484000
2022-10-17,58.577972412109375,58.86998548859776,58.08154684024616,58.23729110839754,14599600
2022-10-18,59.07439422607422,60.310586504981416,58.329759581991205,60.096445562730935,13998000
2022-10-19,58.904052734375,59.48808259172881,58.31029071698175,58.558503499185804,10984000
2022-10-20,58.9381217956543,60.218118080208285,58.64610871893644,58.92352169879056,12429600
2022-10-21,60.51499938964844,60.64153975943048,58.592576436840716,58.792121008925776,17126000
2022-10-24,61.35209655761719,61.57597335274297,60.03316804165922,60.77293839465061,13385200
2022-10-25,62.525028228759766,62.56882852076279,61.50298057072943,61.50298057072943,10265000
2022-10-26,61.133094787597656,62.422819548947466,60.85081386456163,60.948154034478094,15169400
2022-10-27,60.43711853027344,61.73657895397771,60.29597809169604,61.36182957186664,11694800
2022-10-28,63.06525802612305,63.19666633658986,60.77294977355529,60.77294977355529,14935400
2022-10-31,62.233009338378906,62.607758749884276,61.86312415009942,62.43741439514343,13292200
2022-11-01,61.712257385253906,63.11879036541805,61.44457655657996,63.00685381026193,9413200
2022-11-02,59.58055114746094,62.461753230236305,59.561083114221525,61.668450369755405,18092400
2022-11-03,57.82846450805664,58.85537997448555,57.78466422153139,58.748307656560655,16010600
2022-11-04,58.88458251953125,59.19119939005513,57.536453758580905,59.03059090674715,17896200
2022-11-07,59.86769485473633,59.965031299426265,58.56823066792687,58.98678406375882,10427600
2022-11-08,60.44199752807617,61.17203210823402,59.551354449128105,60.36412539054835,12722000
2022-11-09,58.8699836730957,59.90663136226182,58.78237938153606,59.88229910597435,11962600
2022-11-10,63.70768356323242,63.77581982931829,61.46404729315143,61.775528427586224,27932200
2022-11-11,64.79788208007812,65.01202678823414,63.33781262588412,63.649293812393616,15977800
2022-11-14,64.2430419921875,65.04607704657158,63.93642509717381,64.28684228396212,14526600
2022-11-15,65.02173614501953,65.97077941792145,64.36956641081261,65.7030986418993,12716200
2022-11-16,64.13111114501953,64.71027314212222,63.863430294304464,64.52046443457814,10095800
2022-11-17,64.21385192871094,64.51073299695962,63.08472805396289,63.10906402866462,8149600
2022-11-18,64.28683471679688,64.95846881679944,63.746608902945866,64.93899707188339,11912400
2022-11-21,63.595741271972656,64.18463906787647,63.46920462530113,63.92182247501861,8363800
2022-11-22,64.82707214355469,64.86114399011389,63.415674862394745,63.873164408042705,9019200
2022-11-23,65.40135192871094,65.5960248014804,64.64211732809835,64.68591761052737,9480600
2022-11-25,65.02173614501953,65.22127324505945,64.83192749043914,64.95846411806131,3263000
2022-11-28,63.62981414794922,64.70053000431366,63.371869200661735,64.28684078816819,13030200
2022-11-29,63.00685119628906,63.7368857389515,62.748898825689906,63.54707705491108,11570200
2022-11-30,66.17032623291016,66.18005467870617,62.91437137716752,62.97763598001964,23334400
2022-12-01,66.2627944946289,66.57914723062872,65.44515942728977,66.2335943031232,15165800
2022-12-02,65.87830352783203,66.09731235916496,64.9000601205216,65.15313336165156,8934400
2022-12-05,64.78327178955078,65.73718695048218,64.35498244060655,65.3721696443491,11526200
2022-12-06,63.39618682861328,64.81245539620755,62.987369332697675,64.7151189580792,11799200
2022-12-07,63.074989318847656,63.56167902832551,62.62236402735954,63.167454125560134,10413800
2022-12-08,64.10676574707031,64.29171020333695,63.04577837466595,63.42540316023832,8965800
2022-12-09,63.712562561035156,64.60806999752195,63.47408188908402,63.81963490956041,10402800
2022-12-12,65.1044921875,65.1044921875,63.79529552653418,63.814759849636715,14806200
2022-12-13,65.87345123291016,67.81047408213503,65.20668132067645,67.47465701434855,18607600
2022-12-14,65.31863403320312,66.5791586921631,64.55452756788769,65.81018800285764,19541000
2022-12-15,62.875450134277344,64.48639202224837,62.63696948276615,64.24791137073719,19223800
2022-12-16,62.04320526123047,63.03118105567119,61.726856210177324,62.66129955313462,23999200
2022-12-19,61.21589279174805,62.14814108642618,60.81077954148029,62.050521416826314,14276600
2022-12-20,61.308624267578125,61.620999730684375,60.600899423561295,60.89375095474725,12622000
2022-12-21,62.323856353759766,62.61670420797974,61.44041598114715,61.591725546780275,14670600
2022-12-22,60.7522087097168,61.6112431442086,59.72234451593075,61.54290751668144,15323600
2022-12-23,60.81566619873047,60.87423800505822,59.873657725532965,60.31781887827937,8231600
2022-12-27,60.239723205566406,60.71316840011447,59.883421623808125,60.60578861696214,9530200
2022-12-28,59.2684326171875,60.65459856598356,59.20010070274319,60.09330122930674,10362600
2022-12-29,60.82054138183594,61.025537095578926,59.844367060610814,59.8492489748836,10954200
2022-12-30,60.73756790161133,60.77173385415123,59.8150834592245,60.19090893716339,8905800
2023-01-03,60.161624908447266,61.79183424962251,59.73210582066684,61.38672100957853,15196200
2023-01-04,60.317813873291016,60.70340318771465,59.65401501856294,60.47400162006176,11813000
2023-01-05,59.14639663696289,60.17137883183484,59.04389878985661,60.01519110427159,11341000
2023-01-06,60.879119873046875,61.152447521412945,58.96581516305463,59.66866194320728,13825400
2023-01-09,61.58684158325195,62.70943988232235,61.406247982966626,61.42577191736042,21427200
2023-01-10,61.96754837036133,62.065168041347235,61.1085138847338,61.43553512777448,17209000
2023-01-11,63.04134750366211,63.04134750366211,61.97243529378222,62.16278901282796,13758000
2023-01-12,63.50989532470703,63.7978723931948,62.36777322159914,63.13895178499177,15358600
2023-01-13,63.69049835205078,63.78322865959932,62.763128247992015,62.90955589048753,10153200
2023-01-17,63.97846603393555,64.35429523368732,63.52454110090201,63.60263683418376,10425800
2023-01-18,63.153587341308594,64.68130229360679,63.1145394809731,64.33964282519351,13936000
2023-01-19,62.41658401489258,63.01205466336413,62.18718618013786,62.66063131610064,14645000
2023-01-20,64.10537719726562,64.15418890098614,62.504451623821424,62.728975034267286,14127800
2023-01-23,65.56474304199219,65.94057220581988,64.21762528593351,64.36404546231725,23472600
2023-01-24,65.53546905517578,65.78439084081329,65.09618611581496,65.19380951186368,12575600
2023-01-25,65.39881134033203,65.5647592129086,63.82716984682418,64.42751506092185,14342200
2023-01-26,66.44331359863281,66.47259763931311,65.35487376921719,66.0382003247761,11161800
2023-01-27,66.72151184082031,67.19007878124832,65.99426675461011,66.02355079195833,13549400
2023-01-30,65.44760131835938,66.24318572160203,65.39391143628254,65.95521610301651,9705600
2023-01-31,66.36032104492188,66.38960507738425,65.40366711465134,65.44759316334489,8871600
2023-02-01,67.92221069335938,68.46398773663337,65.99426790882147,66.31152158246758,18852800
2023-02-02,69.7769546508789,70.16741848222834,68.76661049583076,69.08386422070723,18824000
2023-02-03,69.19612121582031,70.32847959447064,68.47374683108171,68.57624841527411,16145400
2023-02-06,68.35173034667969,68.9667250043716,68.09304471840669,68.42982608854848,12977400
2023-02-07,70.0600357055664,70.32360697286556,68.42494800058783,68.45423204192777,15708200
2023-02-08,69.21562957763672,70.57251110254182,69.0740875973918,70.1966894026145,12577000
2023-02-09,68.83495330810547,70.40171686323775,68.56162560384321,70.2845732267162,12624000
2023-02-10,68.51766967773438,68.75194940107318,67.86851293915853,68.3224303686036,9861600
2023-02-13,69.7037353515625,69.85504119956508,68.74220292331772,68.7861289861017,8411800
2023-02-14,70.00146484375,70.39681428138304,68.94231652082583,69.37671382790182,12622000
2023-02-15,70.3284683227539,70.33335396022053,69.41086964081494,69.57681746708263,10491000
2023-02-16,69.10826110839844,70.09419928420128,69.0545712214087,69.30837863696193,13001200
2023-02-17,68.24433898925781,68.693378208412,67.64887215681865,68.61528248831098,10606600
2023-02-21,66.62389373779297,67.73673180661474,66.5653256649977,67.33161859200405,12277800
2023-02-22,66.52628326416016,67.06317468665318,66.20902213268684,66.7605630222004,14338400
2023-02-23,67.62935638427734,67.88316379538628,66.67758790214269,67.76602019465467,13120000
2023-02-24,66.42376708984375,66.71173667163876,66.03818158427624,66.42865272698381,14347400
2023-02-27,66.78009033203125,67.43412535394786,66.65806853924296,67.0924658236645,9389000
2023-02-28,66.63365173339844,67.2779228206096,66.44817625562315,66.5653198385788,10485800
2023-03-01,66.14556884765625,66.77031976790178,65.94057315016492,66.66294000527034,15069400
2023-03-02,66.960693359375,67.17056730935224,65.85273317781842,65.9649911639081,10969400
2023-03-03,68.4005355834961,68.40541377404446,67.32674530094143,67.39019901616601,14439600
2023-03-06,68.72754669189453,69.65979488552644,68.67385681038645,68.83980464500472,15999200
2023-03-07,67.87339782714844,68.93743168596599,67.70257179337135,68.67386045453333,14120000
2023-03-08,68.43470764160156,68.51768156952613,67.71233324387103,68.11256831133952,13247000
2023-03-09,67.45364379882812,69.3132546806434,67.32185818073175,68.54207607668602,15624600
2023-03-10,66.26759338378906,67.52685910441659,66.00402215632677,67.35602562559404,30556800
2023-03-13,66.62876892089844,67.55125326388344,65.44272081461126,65.85271220091165,34439400
2023-03-14,68.16624450683594,68.4054024135132,67.20959053727314,67.48780375232782,21202200
2023-03-15,68.20530700683594,68.28828093590224,67.09246880299915,67.41948632847914,23060000
2023-03-16,70.11859893798828,70.21621487454081,67.74160954865133,67.96613290557883,26086800
2023-03-17,70.02098846435547,70.86049154229863,69.61098958265775,70.25526821988335,23078600
2023-03-20,70.20979309082031,70.29784659843806,69.37332582077792,69.89672805140258,11981600
2023-03-21,70.77722930908203,70.90440942186751,69.85759744476647,70.59134436696046,13066400
2023-03-22,70.07283020019531,72.18602489264615,70.03369613580998,70.77722843101226,14224400
2023-03-23,71.21259307861328,72.17624806920126,70.54243987368902,70.968010745247,17595800
2023-03-24,71.39847564697266,71.43271329118474,70.51797778355898,70.98757166800613,11872600
2023-03-27,70.84571075439453,71.75066079669767,70.6793965797952,71.50607849379527,10810600
2023-03-28,70.51306915283203,70.74787351846648,69.87716118873409,70.72341379737219,9968000
2023-03-29,71.99036407470703,72.15178931258517,71.29575113430026,71.39847899988109,14256600
2023-03-30,72.82683563232422,72.92955602916464,72.33767098130444,72.65562501884321,11202400
2023-03-31,73.8687515258789,73.93723427870258,72.64583989398464,72.73878237225826,15069800
2023-04-03,73.75135803222656,73.85407843116737,73.06652302835951,73.4187221814202,21142200
2023-04-04,73.34535217285156,74.11333682719703,73.07142115056119,73.8589765716763,15824800
2023-04-05,72.50887298583984,73.06652038063496,71.9854706988243,72.99803762913591,15737600
2023-04-06,72.91976928710938,73.01270428974757,71.66750166221023,71.98056670242019,15696000
2023-04-10,72.88065338134766,72.89532772563379,71.79959607988192,72.1958183037298,9517200
2023-04-11,72.19580841064453,72.76324119215612,72.07351724897704,72.75345580928588,12791600
2023-04-12,71.78491973876953,72.88065135404166,71.66751752368506,72.68498099556754,13235800
2023-04-13,73.12032318115234,73.23283641460321,71.9463311129187,72.06373330536587,13641800
2023-04-14,72.71432495117188,73.31110644357348,72.07841685368273,72.70943599155106,13003600
2023-04-17,72.97846221923828,73.13988742043004,72.41102953578702,72.80725163686732,8306000
2023-04-18,73.20347595214844,73.73177459092136,72.88552196276672,73.53611174577247,9212800
2023-04-19,72.99314880371094,73.13011430696037,72.44528679071323,72.54311822673994,8623200
2023-04-20,72.5137710571289,73.23284369623968,72.19092059384238,72.32299714047055,11416200
2023-04-21,72.27896881103516,72.41104536161426,71.80937490862578,72.19581171298475,12237600
2023-04-24,71.96102142333984,72.34256930339072,71.42293725195468,71.99037011194973,9079800
2023-04-25,70.42503356933594,71.74577659986193,70.40057384461026,71.6088110982702,11022600
2023-04-26,71.47184753417969,72.21048347093418,71.30063692051873,71.66262144971549,13603400
2023-04-27,72.98826599121094,73.04207440516626,71.63327772274395,71.80937730804675,12084800
2023-04-28,73.78070831298828,73.79538265601141,72.90999579466663,72.98826393349702,11792000
2023-05-01,73.8247299194336,74.18181803288283,73.60460731426791,73.72200952025112,8194400
2023-05-02,73.13499450683594,73.99592895449975,72.75344672718829,73.91277187063389,12058800
2023-05-03,72.51866149902344,73.69755013162995,72.48441638976561,73.22305981002584,11630200
2023-05-04,72.17135620117188,72.66052089878173,71.87296543706742,72.23006104044649,10861000
2023-05-05,73.98126983642578,74.23074113935449,72.76813604038705,72.87086390868755,12230000
2023-05-08,73.94213104248047,74.0057173720706,73.48720403201109,73.83940318074212,6795600
2023-05-09,73.37469482421875,73.67308554839964,73.29642669169853,73.53612004851922,12473200
2023-05-10,74.26986694335938,74.44107008605683,73.55079433747427,74.01549924488154,10551800
2023-05-11,73.9372329711914,74.1475776494688,73.42361606612685,74.1475776494688,8956800
2023-05-12,73.83940124511719,74.1720370831147,73.26707950944714,74.06442026470904,7908000
2023-05-15,74.45086669921875,74.46554104326181,73.64863688060031,73.91279000149747,6796600
2023-05-16,74.52912139892578,74.93512892701845,74.32367315532342,74.34813287900316,9398200
2023-05-17,75.52213287353516,75.64931300028739,74.49488408402854,74.84219428286112,11916600
2023-05-18,77.06788635253906,77.18039212371146,75.61506685326647,75.61506685326647,15491200
2023-05-19,77.03364562988281,77.21953058209509,76.76950000774018,77.08745403899373,9805000
2023-05-22,77.1803970336914,77.38095632936698,76.67655804684017,76.80373816738413,10794200
2023-05-23,76.04064178466797,77.11191354036937,76.01129310052164,76.79395951003738,11691000
2023-05-24,75.48299407958984,75.78627376658659,75.07209757513102,75.43897105355354,10925600
2023-05-25,78.37884521484375,78.68702131489509,77.0825619534623,77.48856948500399,18078000
2023-05-26,80.60456085205078,80.74642279876726,78.56963385356012,78.57941923776222,15160000
2023-05-30,81.03502655029297,82.19923346873259,80.86381591849192,81.78833690928332,18123600
2023-05-31,80.35997772216797,81.32852175514418,80.31595468977385,80.57032242815283,19301000
2023-06-01,81.1768569946289,81.51927069278555,79.84632879831264,80.10558541720688,17419400
2023-06-02,81.64159393310547,82.01825288120587,81.06438310983893,81.65626827850637,14270600
2023-06-05,81.1719741821289,82.13562903251461,81.03011226954212,81.59265603287626,10909000
2023-06-06,81.15241241455078,81.32851198703761,80.57031275111116,80.97631284206395,9975600
2023-06-07,79.93929290771484,81.62690959885653,79.77297870414907,80.99589043165186,13703800
2023-06-08,80.80510711669922,80.93228723452798,79.9979809918437,80.05668582350773,10665200
2023-06-09,81.20623016357422,82.03781613510066,80.93229912243842,81.19645224357727,14413600
2023-06-12,82.97210693359375,83.00635204241597,81.59755543833107,81.763869630741,13787200
2023-06-13,83.47594451904297,83.8721741552689,82.80090237774812,83.71074892511615,16595800
2023-06-14,84.3368911743164,84.3662398632693,83.08951964538966,83.37812503884143,16769000
2023-06-15,85.4228286743164,85.8043765196295,83.97489796754478,83.99446873421036,17732600
2023-06-16,84.71842193603516,86.23972420646055,84.6352648461221,86.23482778325051,17366600
2023-06-20,84.14588165283203,84.75371148672721,83.69490847682492,84.23411212045148,14137800
2023-06-21,82.90081024169922,83.98413186249417,82.65571559696411,83.8223684994056,12058000
2023-06-22,83.57726287841797,83.61157971442762,82.51355315752866,82.52825823590594,15224200
2023-06-23,82.67041778564453,83.160607057969,82.32238759092319,82.54787046756341,14729000
2023-06-26,82.07728576660156,83.46942138295597,82.0184654525763,82.74394341776613,10890200
2023-06-27,83.69491577148438,83.88608928101588,82.32728356663297,82.40571564225985,13833000
2023-06-28,83.74392700195312,84.19490019999574,83.16550729566829,83.22922680994235,11371600
2023-06-29,83.8909912109375,84.04294868760074,83.38609686216203,83.83217089215034,9128200
2023-06-30,85.22431945800781,85.44000396564077,84.6606047055364,84.72432423392193,11398400
2023-07-03,85.0429458618164,85.24882447391367,84.61157687664391,85.20960843165295,6182200
2023-07-05,84.51842498779297,85.1507732745083,84.37627340409463,84.44979879571551,9395600
2023-07-06,84.29293823242188,84.37136281995647,83.4302004522987,83.6851009309436,12116400
2023-07-07,83.92530822753906,84.9399961272369,83.87628630864964,84.15569030317424,11622200
2023-07-10,84.14588165283203,84.1507808522463,83.30275561256411,83.62137560744827,16877200
2023-07-11,84.32725524902344,84.42039240235772,83.50374090738325,84.32235604926164,9996000
2023-07-12,85.28312683105469,85.68508562143919,84.70470708453414,85.17038539362511,16104400
2023-07-13,86.39585876464844,86.58213308059366,85.69489169939295,85.86645345593149,9349200
2023-07-14,86.26841735839844,87.28801199711006,86.0184160290928,86.61154837149968,11543800
2023-07-17,87.37133026123047,87.62622327315579,86.33212401679513,86.43016784566764,11858800
2023-07-18,88.36152648925781,88.78799629523502,86.71449003090353,87.17037000011454,16406000
2023-07-19,88.14093780517578,88.94975464688412,87.8027059877064,88.58211266784267,20990000
2023-07-20,86.38114929199219,87.94975337895863,86.11154371149148,87.57721224570857,24356000
2023-07-21,86.33702850341797,87.36642136319054,86.23408547759381,86.93015326268588,14871400
2023-07-24,86.4889907836914,86.93015810822862,86.15565821073692,86.71938032508362,11308200
2023-07-25,87.47917175292969,87.76838159846491,86.75368631978832,86.76839139805662,10802200
2023-07-26,86.30272674560547,86.77331176349549,85.69489680212914,86.56252647558071,15501600
2023-07-27,86.05272674560547,87.73407232998241,85.66057383867405,87.46937341862808,13857000
2023-07-28,87.22428131103516,87.48408102996075,86.6703650334756,86.85173267280616,11287400
2023-07-31,87.42525482177734,87.53309705403333,86.92525969765359,87.30270751054955,10138400
2023-08-01,87.57231140136719,87.75858572025118,86.91056036480185,87.14094992351791,8845800
2023-08-02,85.40569305419922,86.85665690108033,85.0968788329051,86.8027357704264,15818600
2023-08-03,85.05762481689453,85.5576123728309,84.65566611695705,84.70958722354152,11321000
2023-08-04,83.90079498291016,85.27822559766682,83.76844178926933,84.76842458200301,14431800
2023-08-07,84.1360855102539,84.54294349953153,83.52824812632807,84.25373362705412,9536000
2023-08-08,83.48905181884766,83.59688659212065,82.65082475799,83.54787214603215,11461800
2023-08-09,82.4106216430664,83.60178551590576,82.12631095522694,83.60178551590576,14301800
2023-08-10,82.42041778564453,83.75863230469756,82.0135598224787,83.03805352989343,12731400
2023-08-11,81.8125991821289,82.2929901285077,81.52829594244626,81.76358473515073,10772000
2023-08-14,83.11649322509766,83.1262991050246,81.53318394301111,81.72925666338098,10328000
2023-08-15,82.29788208007812,83.16551924385077,82.1067085504023,82.87140266910556,9366400
2023-08-16,81.5135726928711,82.59199510073344,81.5086734927244,82.12141009733034,9779400
2023-08-17,80.73907470703125,82.02826734911295,80.61652739445769,81.87630987827283,12614800
2023-08-18,80.86161804199219,81.19004392597061,79.87143371079091,79.92044814559267,13658600
2023-08-21,82.40571594238281,82.57237849392611,81.19984708423463,81.27827916014716,13132800
2023-08-22,82.31256866455078,83.19491071082182,82.13120105603996,83.1458887994815,11361800
2023-08-23,83.79784393310547,84.04293853804565,82.50865139731194,82.51355059672099,10113200
2023-08-24,81.86650085449219,84.85665815831408,81.80278134059354,84.85175895868929,13929000
2023-08-25,82.69983673095703,83.15570917116466,81.46455765087681,82.19493489117008,15686600
2023-08-28,83.37630462646484,83.55277309139889,82.7341577756397,83.32729017935287,8963800
2023-08-29,85.04784393310547,85.13117521691743,83.047870682533,83.13610864637194,13713800
2023-08-30,85.68997955322266,85.77821750556046,84.76842139168693,85.06253792655404,12266600
2023-08-31,86.10663604736328,86.43506191143616,85.79291526080907,85.88605240488968,11963400
2023-09-01,86.37135314941406,86.75860688497767,85.93018577136692,86.6458579606163,9244600
2023-09-05,86.68016815185547,86.94977374206492,85.87625806085471,86.15566205093029,10060400
2023-09-06,85.76351165771484,86.55761582316318,85.23410638751791,86.3419313634873,18143200
2023-09-07,84.52332305908203,84.70959735496038,83.86157210424567,84.17039370431895,12513600
2023-09-08,84.69979858398438,85.24390895945727,84.47921491386174,84.51843095205824,8584800
2023-09-11,85.1409683227539,85.5233153227334,84.39587860087596,85.44488325102118,8272800
2023-09-12,83.59687042236328,84.72921385951089,83.44491295339861,84.43019812133407,12243000
2023-09-13,83.80765533447266,84.25862853971809,83.32727197144732,83.56256071338096,10008800
2023-09-14,84.41548156738281,84.6262593235026,83.79293921750326,84.32234442688588,9473200
2023-09-15,82.79295349121094,84.13607460168433,82.57236984554287,84.11156364556706,13116800
2023-09-18,83.19087219238281,83.46596332699158,82.52770017485211,82.55226348951459,9943800
2023-09-19,83.14666748046875,83.35790302288889,82.38525708342686,82.83719365626449,8236600
2023-09-20,81.83997344970703,83.48070095031257,81.8055833095783,83.37262836086704,10760400
2023-09-21,80.59222412109375,81.55505054260712,80.55292431861659,80.98030498576146,14741200
2023-09-22,80.76416015625,81.50592425495893,80.58239763207744,80.94591518475164,12537800
2023-09-25,81.02452087402344,81.14732995562086,80.35152950548444,80.55784786308753,10577400
2023-09-26,79.56554412841797,80.53818990384723,79.29045299966393,80.49398043579842,14926000
2023-09-27,79.68834686279297,80.10590068293065,78.89745618271924,79.94870148148148,11665200
2023-09-28,80.2532730102539,80.76416296669139,78.9367633064942,79.31010020106683,12829400
2023-09-29,80.52836608886719,81.79575669000039,80.25327494983141,81.04416572239498,15883800
2023-10-02,81.3929443359375,81.62873566285772,80.44485437232034,80.56766344821,13656200
2023-10-03,80.01256561279297,81.48627441462583,79.59992145157013,80.93117503398753,14838800
2023-10-04,81.0097885131836,81.22593370712003,80.07643494806462,80.07643494806462,15194200
2023-10-05,81.11785888671875,81.25048730108561,80.14520554066513,81.00486913210328,12023000
2023-10-06,82.63577270507812,82.98946344809114,80.32696354617234,80.5627548762906,16625600
2023-10-09,83.06314086914062,83.1908670992974,81.75154089971207,82.1297949344774,13139200
2023-10-10,83.19087219238281,83.85895387457751,82.89121774311155,83.12209940873062,20402800
2023-10-11,83.96209716796875,84.00139696661483,83.18103334601194,83.44629761728532,10389200
2023-10-12,84.04070281982422,84.90036630100613,83.40209416324066,84.03579315551606,15405800
2023-10-13,82.83717346191406,84.3501820520484,82.54733836991687,84.20771933814511,15183200
2023-10-16,83.63298797607422,84.01124206159699,82.95999658010933,82.97473307084785,14544200
2023-10-17,83.24491119384766,83.67719406414773,81.98733990153693,82.58173915474781,15317800
2023-10-18,82.39015197753906,83.33332476423514,82.05119773476198,82.66033343885927,12862800
2023-10-19,81.91857147216797,83.2743886027566,81.77611622799041,82.71928912562883,19991800
2023-10-20,80.53327178955078,81.93820776028217,80.44976252677465,81.8792543133982,15350400
2023-10-23,80.62661743164062,81.44698116449514,79.5851913641948,80.03221820233247,15159000
2023-10-24,81.18170928955078,81.30451836613918,80.3073092638951,80.94591796128898,11180400
2023-10-25,80.22379302978516,81.66802884444687,79.98309205778855,81.56978309083577,15529600
2023-10-26,78.6911392211914,80.71994741311633,78.3521849958831,80.36625669937469,20646400
2023-10-27,79.14798736572266,79.94870490408329,78.79921380304087,79.17255067895945,16231600
2023-10-30,79.99784088134766,80.28275136205056,79.32484199921373,79.56555050399702,14180800
2023-10-31,80.56765747070312,80.63643024827208,79.41325674039076,80.03712140274101,10893600
2023-11-01,82.12488555908203,82.23295815068778,80.71013003422111,80.71013003422111,20945800
2023-11-02,83.51508331298828,83.58877325772778,82.75367302037931,82.86665527417429,16192600
2023-11-03,84.37474822998047,84.71370249251922,83.24982034720675,83.43157538829563,15661800
2023-11-06,84.92984008789062,84.95931306536195,84.22245864589539,84.48773043447899,11099200
2023-11-07,85.8582763671875,86.10880417139558,85.02808585517872,85.15581208513132,13029800
2023-11-08,86.34459686279297,86.48705207571565,85.76002453206873,86.15301502711337,10722400
2023-11-09,85.94178771972656,87.10602282792142,85.82880547144191,86.47232381415633,14374600
2023-11-10,88.18672943115234,88.24567537968527,86.36423973375346,86.46248547986497,13346400
2023-11-13,87.67093658447266,87.8919914040093,87.30250938668807,87.8183089627206,11725000
2023-11-14,89.4246597290039,89.65063174272494,88.73693185362976,89.01202300377942,16508400
2023-11-15,89.53763580322266,89.96009928945324,89.19377191807463,89.82255373539402,13147800
2023-11-16,89.98465728759766,90.0829105391681,89.19868374472914,89.3607926150155,11553600
2023-11-17,89.79800415039062,90.14186808810466,89.40992324551421,89.78326765989372,13277800
2023-11-20,91.09976959228516,91.33556091557266,89.90115183076122,89.91097865546891,11116200
2023-11-21,90.36289978027344,90.829572682963,90.03377241741511,90.6871174794484,13350800
2023-11-22,90.76573181152344,91.5418860527051,90.52011366541548,90.93275035191581,11213400
2023-11-24,90.58889770507812,90.6920531416881,90.24503375692504,90.61346102187589,4193800
2023-11-27,90.58397674560547,91.10960321948198,90.29906626884934,90.46116766243861,8420000
2023-11-28,90.75590515136719,90.99661363343077,90.27940534740051,90.27940534740051,11012400
2023-11-29,90.82467651367188,91.81205874894843,90.77064022244754,91.41907571713962,10765400
2023-11-30,90.95730590820312,91.3257330959431,90.19588822107313,91.2029240333631,13744000
2023-12-01,91.16362762451172,91.32573649262707,90.28431050615913,90.72151048537788,13992200
2023-12-04,90.0534439086914,90.25484509899532,89.07097128911069,90.25484509899532,18221800
2023-12-05,90.59379577636719,90.69695869544671,89.57202339285152,89.57202339285152,10841400
2023-12-06,89.82746887207031,91.29135092698081,89.75869609085092,91.15872252470334,14731400
2023-12-07,90.91802215576172,91.07030422093149,90.0632682308993,90.25485010251154,13928800
2023-12-08,91.69416809082031,91.76785053637374,90.60853258708377,90.72151483548934,12808800
2023-12-11,92.494873046875,92.51452669505223,91.21274609528562,91.42398158700284,37795400
2023-12-12,93.10893249511719,93.13841297185279,92.07734067952164,92.15594029280653,15055400
2023-12-13,93.92930603027344,94.15527055429544,93.10893472741027,93.32999708203302,29395000
2023-12-14,93.69841766357422,94.35667252841344,93.00577265867393,94.00298178104612,15427400
2023-12-15,94.16999816894531,94.71036110271136,93.60016225618678,93.60016225618678,18131200
2023-12-18,94.45160675048828,94.66330077095428,93.75250565280881,94.15129121265402,10138000
2023-12-19,94.81100463867188,94.82085314397385,94.37776055188667,94.43191606273481,9003600
2023-12-20,93.37834930419922,95.03746558112289,93.36358030267591,94.70269153031681,13734800
2023-12-21,94.42698669433594,94.63868070908369,93.63435111668939,94.32852418719261,11336000
2023-12-22,94.5500717163086,94.8257697558016,94.0823691484395,94.6977692409536,10215000
2023-12-26,94.94392395019531,95.14084896386615,94.60914241230562,94.60914241230562,6207600
2023-12-27,94.93899536132812,95.13592788600236,94.53529683210938,94.99315086658758,11764600
2023-12-28,95.05224609375,95.37225115649554,95.00793157510743,95.27378863812835,9615400
2023-12-29,94.76177978515625,95.29348644534778,94.2891566509033,95.10148188851828,12190600
2024-01-02,92.28047943115234,93.61959068504953,91.69461731854626,93.47189315471219,23545400
2024-01-03,91.34014892578125,91.94078005779144,91.17768238887273,91.43861144482042,18190000
2024-01-04,90.67058563232422,91.40906573114968,90.58197162632503,90.77889664779526,12127200
2024-01-05,90.6459732055664,91.4287678634602,90.30135064257995,90.7739812376817,16350600
2024-01-08,92.92049407958984,92.98449058132734,91.01028977605539,91.1038317926812,16434600
2024-01-09,93.06819152832031,93.33404859809733,92.00970628260905,92.20663132434781,10633800
2024-01-10,93.86082458496094,94.06267763001969,92.91557088914035,93.11250343756669,9785400
2024-01-11,94.33837890625,94.79624052378975,93.01403658267921,94.3236099036399,13296600
2024-01-12,94.64360809326172,94.86022260266549,94.1709775449996,94.49098256915711,8834600
2024-01-16,94.87992095947266,95.27869899937485,93.97897436344542,94.52544992129118,11775600
2024-01-17,94.41223907470703,94.52547060795416,93.38821224165572,94.17591998939633,14109000
2024-01-18,96.32735443115234,96.41596844500535,95.3131762074994,95.67256778402883,18918800
2024-01-19,98.54771423339844,98.56741124437872,96.74582085134263,96.95752240223321,18333200
2024-01-22,98.98096466064453,99.58651632337664,98.60679655016851,99.03019216682726,14969000
2024-01-23,99.37973022460938,99.44373423799847,98.49848059941435,99.07449418329179,13263800
2024-01-24,100.06405639648438,101.06838605568262,99.7785098482299,100.06405639648438,17651200
2024-01-25,100.48252868652344,101.4917788141767,100.01974662155818,100.98468974610832,17071400
2024-01-26,99.32556915283203,100.22159524126005,99.09909862659173,99.77850269310493,10553000
2024-01-29,100.23638153076172,100.25607103060112,99.25174127019316,99.44866631742327,7639600
2024-01-30,99.40926361083984,100.35451720552994,99.10402758369626,100.20189919195816,12251600
2024-01-31,97.32182312011719,98.86771527679599,97.27259562282529,98.46400923308065,16295200
2024-02-01,98.54771423339844,98.68556326142591,97.64676754237054,97.7107715597435,14303400
2024-02-02,99.56680297851562,99.88188748902138,97.84860341416905,97.87814141324658,12872200
2024-02-05,99.79327392578125,100.07882045994658,98.85786882354243,99.97050944656635,10086200
2024-02-06,99.3354263305664,100.07390646309712,98.69540871326478,99.90159142728993,12677200
2024-02-07,100.6499252319336,100.67454274005671,99.6357469998146,100.03452508989938,11365800
2024-02-08,100.96501159667969,101.23578916642383,100.69915452376402,100.822234554356,9948200
2024-02-09,102.32379913330078,102.45672765248489,101.27023450882983,101.3883940272388,11612200
2024-02-12,101.54594421386719,102.63397497337151,101.3982541891366,102.31889040026493,10753200
2024-02-13,99.82281494140625,100.49237053878888,99.0449483273729,99.34526387132115,19459400
2024-02-14,100.86654663085938,100.94531213925116,99.85728890201557,100.5662310630026,11791600
2024-02-15,100.65483093261719,101.09792347707337,100.09358638607215,100.99945345905577,10796400
2024-02-16,99.72928619384766,101.12747347395006,99.59635766352125,100.92562043015968,11090400
2024-02-20,98.71508026123047,99.49787476864925,97.72551976797448,99.1434037685143,17447600
2024-02-21,98.09477996826172,98.09477996826172,97.0215257556485,97.76000590597418,15954400
2024-02-22,101.30469512939453,101.58039314547382,100.39882056086718,100.6302115769782,18551600
2024-02-23,101.06838989257812,102.235193636367,100.74838483287648,102.10718560271951,12324000
2024-02-26,101.16685485839844,101.76255794197182,101.06346433733586,101.51147740826009,18248800
2024-02-27,101.25548553466797,101.44256959776558,100.50223629732469,101.44256959776558,9984400
2024-02-28,100.77791595458984,101.05361398945111,100.4136039137552,100.92069298049101,8329000
2024-02-29,101.90042114257812,102.14166071715674,100.7483938103473,101.3145589701795,11986800
2024-03-01,103.7613754272461,103.9090729509417,102.11210769723466,102.16133519699446,13136800
2024-03-04,103.7613754272461,104.35708601834212,103.382294381484,103.61368541575858,20443800
2024-03-05,101.21116638183594,102.78658918884645,100.55637975175483,102.73735417429266,18042800
2024-03-06,102.0136489868164,102.78166712400235,101.32932436332806,102.26965002440613,14303200
2024-03-07,103.62352752685547,103.93861207510989,102.37303783877925,102.88504741261463,12120800
2024-03-08,102.08256530761719,104.54416555605543,102.0185612972513,103.81060597762604,14912200
2024-03-11,101.80194854736328,102.02841909622198,101.06838890210825,101.61486450753254,15648400
2024-03-12,103.8893814086914,103.8992224011248,101.80686214120911,102.78166127108898,17382800
2024-03-13,102.76689147949219,103.63337207606587,102.33856792128023,103.57429607308818,12815400
2024-03-14,102.78658294677734,103.56444955379577,102.16133435851549,103.20012999996445,16023200
2024-03-15,101.23577117919922,101.77239821430408,100.82221664061035,101.30961617955032,19633400
2024-03-18,101.73334503173828,102.77878464168501,101.65444194146721,102.12291681245581,14176600
2024-03-19,102.2610092163086,102.27580260743744,100.72736496416806,101.2352914585625,13390200
2024-03-20,103.40507507324219,103.4395904754837,101.97992079612435,102.3399058317982,13357400
2024-03-21,103.47904205322266,104.50968836810068,103.39028171205086,104.50968836810068,12312000
2024-03-22,103.51355743408203,103.89326445423261,103.11412087870029,103.48397065584827,11507000
2024-03-25,102.82810974121094,103.26699787200533,102.23635156283619,102.53222688971682,8777800
2024-03-26,102.40401458740234,103.36562256395858,102.3201828688937,103.19795912694129,8538400
2024-03-27,102.9267349243164,103.10426313041806,102.13771900283936,103.05001819175885,12495000
2024-03-28,102.70482635498047,103.00070168151863,102.49771136901971,102.68509681844317,8854400
2024-04-01,102.99085235595703,103.59247534816919,102.61606637906904,102.92181402199567,11654800
2024-04-02,101.99964904785156,102.1475904834267,101.17118904801323,101.84677899011572,11418200
2024-04-03,102.2708511352539,102.79850704967052,101.4621133275763,101.4867714821531,10670000
2024-04-04,100.65339660644531,103.6072665627205,100.59915166485716,103.24727398462916,16464800
2024-04-05,101.80731201171875,102.32510319546174,100.81118118938218,101.09227062684171,12808800
2024-04-08,101.68897247314453,102.20675617083138,101.31418652862342,101.87142929901083,8125800
2024-04-09,102.20182800292969,102.42373637786861,100.92461516696676,102.21169277114863,9400800
2024-04-10,100.94927215576172,101.32405057299219,100.51531265451658,101.03803249486366,13836800
2024-04-11,102.96617889404297,103.13384231951662,100.90981504741495,101.39801193480073,10563600
2024-04-12,101.29939270019531,102.2166204965642,100.92461428190983,101.73828082442157,16186800
2024-04-15,99.37618255615234,101.98485329542443,99.22331250195603,101.92074358574966,17189000
2024-04-16,99.4945297241211,100.11094608782663,99.10002927104061,99.59316236200503,14914000
2024-04-17,98.05952453613281,100.02712088150555,97.98555005290085,99.85945742556267,13090400
2024-04-18,96.94010162353516,98.28142420108661,96.83654036606093,98.02992151491219,15280600
2024-04-19,94.94291687011719,96.88586252344005,94.70127893785549,96.57025763467686,21880000
2024-04-22,95.79108428955078,96.36804899081235,94.7209865932336,95.67272966187699,13293400
2024-04-23,97.2113265991211,97.35433188168356,96.04753222777009,96.19053751033258,12151600
2024-04-24,97.65514373779297,98.33566979960497,97.11763048370761,97.93129706008952,9160200
2024-04-25,97.4430923461914,97.62554916429927,96.00807338457189,96.43709672427981,11568000
2024-04-26,98.54277801513672,99.26274805238566,97.82773659951357,98.21237977549329,10104200
2024-04-29,98.96688079833984,99.19865395205227,98.38991598737925,99.05071252048484,7494800
2024-04-30,96.78722381591797,99.02604450549065,96.75763703747188,98.62660794724239,14929000
2024-05-01,95.79602813720703,97.88691507744507,95.77630612509947,96.26943919853748,20453600
2024-05-02,97.17679595947266,97.30994398757674,95.79602193827301,97.01899729898264,13340000
2024-05-03,99.88410186767578,100.21942873350483,99.45014237108454,99.80519877291133,13316400
2024-05-06,101.0577621459961,101.0577621459961,100.11094750093339,100.26382508196589,8021000
2024-05-07,100.72736358642578,101.40296104539638,100.71750634221738,101.35364472589876,10020800
2024-05-08,101.01338195800781,101.12187184150427,100.34272064394513,100.36737880376049,7176000
2024-05-09,100.98379516601562,101.06269826757135,100.48079729936524,100.85064712271706,9589600
2024-05-10,101.35856628417969,101.96512536834999,101.03803280362533,101.51144385412248,8753800
2024-05-13,101.83690643310547,102.18703421970311,101.51637295105078,102.10320250169825,6582000
2024-05-14,102.73934173583984,102.88235453955862,101.74321835470232,101.80239191507508,9825200
2024-05-15,105.05213928222656,105.08666220959242,103.31138011425146,103.38534706630166,14308600
2024-05-16,104.68722534179688,105.44172592800834,104.64284516749449,105.11625626722915,12066600
2024-05-17,104.4554443359375,104.9929575446149,103.88340820258261,104.9288478414213,7616000
2024-05-20,105.683349609375,105.88060735696166,104.46531029475187,104.55900678427884,6276800
2024-05-21,105.85594177246094,106.02853382430207,105.09158404398404,105.27897700989291,6140400
2024-05-22,106.0926513671875,106.48222319263085,105.46637024375491,106.15676107596963,11783000
2024-05-23,105.22965240478516,107.31560292428384,104.89432557074922,107.30574568183282,9400400
2024-05-24,106.11730194091797,106.34413892950928,105.14582923312685,105.49594948387833,5906400
2024-05-28,106.56607055664062,106.80277234804785,105.90033783282836,106.71894062035392,8786400
2024-05-29,105.89046478271484,106.3983912561255,105.44171939598866,105.44171939598866,8569000
2024-05-30,103.47411346435547,104.86968096192744,103.15357245259021,104.71187476697588,10450600
2024-05-31,103.63684844970703,103.79958326678539,101.35363991335339,103.7798537300776,12081000
2024-06-03,103.89820861816406,104.52448972935633,102.65551116415637,104.43079324131023,9628000
2024-06-04,104.11519622802734,104.28285968001248,103.31138684848953,103.84397151180777,6405400
2024-06-05,106.42798614501953,106.42798614501953,104.77105867643435,104.9387221196295,8788800
2024-06-06,106.07293701171875,106.56113398425876,105.79184752179573,106.48716702618127,7057600
2024-06-07,106.31949615478516,106.77317769011232,105.7967687639165,106.1863481149196,6398600
2024-06-10,106.5906982421875,106.87671629400143,105.89045026344827,105.95948858460248,6734800
2024-06-11,108.57310485839844,108.60269163804426,106.27017437240026,106.31949068821886,12719200
2024-06-12,110.97465515136719,112.09406925038995,109.45087587547468,109.65306222621605,17821200
2024-06-13,111.8524398803711,112.31597861785875,111.17191387646896,112.00530991901854,12693600
2024-06-14,112.27159881591797,112.33570851928084,111.62066711300582,111.69463405949139,7864600
2024-06-17,113.97291564941406,114.37235224240563,112.16311813911807,112.54776134159984,11602600
2024-06-18,114.11592864990234,114.4907070844727,113.66224711607073,114.0863418688328,8677800
2024-06-20,112.83377838134766,114.69782081435248,112.45406380436856,114.62878248441206,13243000
2024-06-21,112.63652801513672,113.3022531548603,112.12366540085576,112.85843639504458,13560200
2024-06-24,109.87506866455078,111.96962355410531,109.84542998131877,111.46574332572021,13748600
2024-06-25,111.89058685302734,111.94986422204106,110.05785030360893,110.68029282950883,9126200
2024-06-26,111.76214599609375,112.29072010556895,110.89270441368416,111.72262523891025,9459600
2024-06-27,111.81649017333984,112.36976571846138,111.41140805079446,111.54478966892697,7923600
2024-06-28,111.75720977783203,113.81224408240243,111.60407154311225,112.20674994529699,12488200
2024-07-01,112.60194396972656,112.78966568625007,110.29991069062082,111.92516888956483,9281600
2024-07-02,113.16510009765625,113.17498217150525,111.62382824101853,111.62382824101853,7076600
2024-07-03,114.69156646728516,114.74590657329833,112.90823258170795,113.0020934500775,6249200
2024-07-05,115.04229736328125,115.55111488031675,114.34575812771516,114.81999215436284,6671800
2024-07-08,115.82774353027344,116.16365864454308,115.21518312812995,115.4127869051827,7671000
2024-07-09,115.73389434814453,116.69718930274144,115.07193858835119,116.42055152478684,8678600
2024-07-10,117.41348266601562,117.49746898907779,115.8771555774106,116.52922924902596,8749400
2024-07-11,114.47420501708984,117.64073540549653,114.14322711536364,117.59133256854025,14106000
2024-07-12,115.49677276611328,116.72188610771191,114.39021416020282,114.79035146877804,9767600
2024-07-15,115.70426177978516,116.84539644308124,115.04724325350251,116.08464251348869,8628000
2024-07-16,115.31893920898438,116.03523508020946,114.49396313243528,115.9759577092379,7652200
2024-07-17,110.83342742919922,112.79460072654112,110.77908733011115,112.68098326038013,12440400
2024-07-18,110.84330749511719,112.06842079858536,109.44529182373341,112.04866418919018,10837200
2024-07-19,109.109375,110.93222948015107,108.86732071734203,110.2554543894011,8472800
2024-07-22,111.69298553466797,111.82142234098023,110.08254672986703,110.55184346818474,10601600
2024-07-23,111.2483901977539,112.25120591427492,111.10018923410051,111.22863358691338,5530800
2024-07-24,106.64432525634766,110.14183313576612,106.38744410240697,109.7960283933094,14300800
2024-07-25,105.5031967163086,108.12138108461622,103.96686204884917,106.53070631491943,21158000
2024-07-26,106.84191131591797,107.69158867361557,105.93789386425786,106.92589009062131,11697800
2024-07-29,106.36769104003906,108.15596202784216,106.05646977657416,107.69160253562912,7343800
2024-07-30,103.69515228271484,106.86661946469414,102.89981496885149,106.76287653774958,10694600
2024-07-31,108.08679962158203,108.47705485389312,106.14538292043763,106.89626223913018,14614000
2024-08-01,104.05577850341797,109.0402184344762,102.94921984353138,107.79040361604066,16991400
2024-08-02,101.13131713867188,102.12425085646075,99.41714269636039,101.28939265087325,18621600
2024-08-05,97.76223754882812,99.64931422890058,94.23015355014743,94.80319325237181,31430000
2024-08-06,99.09109497070312,101.09672641296983,97.95984243398031,99.01205345134923,24575800
2024-08-07,97.48560333251953,101.98592725235547,97.35222924526208,101.49192905056366,17653600
2024-08-08,101.1263656616211,101.37830200714521,97.81163472378805,99.2491711644099,14477200
2024-08-09,101.58084869384766,102.1637629311288,100.45453344061454,101.0670863627996,9535600
2024-08-12,102.41077423095703,103.20117443241851,101.42277774803766,101.89701937647754,8580200
2024-08-13,105.55752563476562,105.59210912491042,103.55189426515673,103.68033861390722,9999600
2024-08-14,106.13551330566406,106.67396951947296,104.7078588492541,106.20961001845828,8922400
2024-08-15,109.18840789794922,109.29708809139285,107.27663751495938,107.50881724296956,9518800
2024-08-16,109.37118530273438,109.58360842283403,108.31402958346905,108.61043148292465,6706400
2024-08-19,111.17427825927734,111.17921552685777,108.66970417620284,109.11430700627369,13004200
2024-08-20,110.7840347290039,111.54973345424295,110.13196101813028,110.88284040024591,7221600
2024-08-21,111.43611145019531,111.82142943137806,110.5024551822811,110.85318967237136,7538800
2024-08-22,108.87226867675781,112.32037418207027,108.64502617626343,112.05855572543537,9083600
2024-08-23,110.63583374023438,111.11994983742969,109.22299866906883,109.9541138518678,10681000
2024-08-26,109.24769592285156,110.9519956964265,108.68948309785337,110.53703149105243,6268800
2024-08-27,109.90966796875,110.14184773789462,108.03741047184465,108.57092946023134,7656000
2024-08-28,108.39308166503906,109.97881916747777,107.48412680686434,109.76639602666357,9002200
2024-08-29,107.41496276855469,109.94917578043275,107.13832500075004,108.42271571381649,13314800
2024-08-30,108.84262084960938,109.26251478356917,107.41496639851786,108.58573968318956,10048400
2024-09-03,103.84335327148438,107.77063701267782,103.25054946783644,107.69159550048298,14765800
2024-09-04,103.57660675048828,104.75726220466565,102.46511074617766,102.7911513831843,12330000
2024-09-05,103.41851806640625,104.70290876288843,102.73679819182308,102.83065904850497,8874800
2024-09-06,100.73609924316406,103.58152580010226,100.27173978810039,103.33452673147804,12441000
2024-09-09,102.38606262207031,102.49968763352508,101.04238693599461,101.9859252923592,10922000
2024-09-10,103.91744995117188,104.13974760857565,102.10941493370268,103.0924739546117,10123000
2024-09-11,107.46437072753906,107.62739104659636,102.62319414478661,104.27314640993905,12768800
2024-09-12,108.35354614257812,108.81296831515897,106.62949752303243,107.38531404577573,10604200
2024-09-13,108.89695739746094,109.16865789751725,108.0472799451833,108.48693801334213,8047400
2024-09-16,108.48199462890625,108.827791819566,107.47917900708626,108.11149602366793,6897800
2024-09-17,108.26957702636719,109.73675218090384,107.72123876115839,109.56879461371183,6990000
2024-09-18,107.28157806396484,109.30202870219433,107.17784267293166,108.54127486263444,12741600
2024-09-19,110.46786499023438,111.15452212405519,109.69229180667922,110.29497015870193,13934000
2024-09-20,109.92941284179688,110.42341101482893,108.94635376385008,110.03315577477173,14492800
2024-09-23,109.90912628173828,110.17141501028723,109.57260774373357,110.02790152822145,7490600
2024-09-24,110.66134643554688,110.88404339922668,109.18163607903297,110.3693658042477,7025800
2024-09-25,110.97807312011719,111.46305879462436,110.39411185610803,110.44359587518231,6111600
2024-09-26,112.4478759765625,113.2693876608979,111.26510001710722,113.14566629463124,9244800
2024-09-27,111.39873504638672,112.64089499953359,110.98302546505788,112.6062493880254,6093800
2024-09-30,111.72534942626953,111.79463309524776,110.35946814440454,110.9137374962303,5500400
2024-10-01,109.00347900390625,111.45811444010879,108.35518019824679,111.39377690779483,11295400
2024-10-02,109.81015014648438,110.30998181419294,108.40962318791142,109.0282301015203,4532400
2024-10-03,110.26544189453125,111.07210771142888,109.47362959053181,109.48847555207624,5784800
2024-10-04,111.49274444580078,111.76988665271422,110.31986829589215,111.69070316502467,5009200
2024-10-07,110.72569274902344,111.73030978486321,110.44855050521072,110.9929276163646,4430400
2024-10-08,112.79430389404297,112.98236280321075,111.27005562571561,111.52245206725206,7864800
2024-10-09,114.05626678466797,114.21462622490017,112.53201847174489,112.88339051473018,7579800
2024-10-10,114.02658081054688,114.32350760823111,112.97741831493757,113.29414476327992,5692200
2024-10-11,114.22453308105469,114.4818756825463,113.58613404139086,113.7543933167932,8849000
2024-10-14,115.7141342163086,115.9516771480505,114.8975685894557,114.95200629791256,9810200
2024-10-15,113.17041015625,116.08529293978695,112.74976202083072,115.80320458601759,14179400
2024-10-16,113.52179718017578,113.69501014499922,112.2994292549937,113.52674331723915,5758800
2024-10-17,113.86820983886719,115.16976119981187,113.86820983886719,115.1054236644484,6051200
2024-10-18,114.27400970458984,114.69465783805586,114.03151309728361,114.46206105487626,4537000
2024-10-21,114.80848693847656,114.82333289899005,113.70984055235883,113.91769155090094,6322400
2024-10-22,114.68972778320312,115.08068405046151,113.87316963506186,114.19978836350577,6169200
2024-10-23,113.04669189453125,114.43732650194565,112.08166667336386,114.26411355524868,6083600
2024-10-24,113.3782730102539,113.66035382337604,112.7052284166851,113.50694052396794,4832800
2024-10-25,113.96717071533203,115.24892981211889,113.80386515663832,114.02160841868091,8314800
2024-10-28,113.93254852294922,114.78375224763961,113.90780273591731,114.78375224763961,5899200
2024-10-29,115.46669006347656,115.79826244684789,113.72469096527848,114.15029280315206,7451600
2024-10-30,113.63066101074219,114.71940761056736,113.55643120559525,114.4125810141553,8341200
2024-10-31,109.98335266113281,112.38354272725137,109.94376091625817,112.38354272725137,12110200
2024-11-01,110.80982208251953,111.63628002076429,109.95366466900302,110.10213183994578,11565800
2024-11-04,110.72569274902344,111.52245876551919,110.25554544786598,110.9137441181324,6311800
2024-11-05,112.28457641601562,112.3736597371806,111.06715470245317,111.06715470245317,7273000
2024-11-06,115.48153686523438,115.69433401004348,114.11070188713221,114.45217409750364,10967800
2024-11-07,117.49571990966797,117.62934111519468,116.22881417959579,116.28325188915453,10463000
2024-11-08,117.36705017089844,117.75306026724421,116.94144832731801,117.34725052160428,7236400
2024-11-11,116.71875,117.42643265129104,116.02095962188741,117.35220284568483,7267200
2024-11-12,116.8672103881836,117.01567755173663,115.94672303577913,116.63956728190875,7530800
2024-11-13,116.4614028930664,117.32250636138238,116.10013860090794,116.61976232265305,6329600
2024-11-14,116.06549835205078,116.85236450263169,115.87743944133825,116.64946718204324,6602000
2024-11-15,113.1852798461914,114.77880440349689,112.80916198740562,114.63034477645448,11229800
2024-11-18,113.55147552490234,114.0315150600375,112.69532573136738,113.18526509079956,6166800
2024-11-19,114.48186492919922,114.57589438349012,112.83884142577685,112.83884142577685,6906800
2024-11-20,114.38289642333984,114.62043936638864,112.8586480653482,114.58084761732151,8874400
2024-11-21,115.54586791992188,116.0852988702638,113.72469284949615,115.49143021122146,10591800
2024-11-22,115.60526275634766,115.87249761978505,114.92231830894089,115.33802034155636,7090800
2024-11-25,115.6003189086914,116.67917338195947,115.07574141078082,116.47626848518891,11137200
2024-11-26,116.1793212890625,116.54059315356108,115.68443577190648,116.12488358012119,6229400
2024-11-27,114.60558319091797,115.4617329780531,113.59106642162774,115.39244931119859,6369400
2024-11-29,115.66960144042969,115.91209808670516,114.759013809633,114.87283537564397,4168400
2024-12-02,116.76823425292969,117.2037359169645,115.72402552764879,115.75371744995051,9398200
2024-12-03,117.18889617919922,117.21858810307775,116.0457118017519,116.27335491905662,5576000
2024-12-04,119.33174133300781,119.3911251757295,118.30732473793847,118.65374307273727,10840000
2024-12-05,118.72798919677734,119.28225857339393,118.56467606587698,119.14369122923979,5638000
2024-12-06,119.18822479248047,119.7029099532639,118.80716838555166,118.9358359000707,6654200
2024-12-09,118.41127014160156,119.16844444484329,118.1093896477281,118.74284256087992,8032400
2024-12-10,116.76823425292969,118.33207427255148,116.39707012145098,118.01040171247804,11234400
2024-12-11,118.46074676513672,118.83686460037609,117.28787047680196,117.69368023559097,8689600
2024-12-12,117.797607421875,118.23310912437678,117.41654343218595,117.70357795871172,7218200
2024-12-13,118.30238342285156,119.32679250831684,117.36209641710147,118.86159891776256,8677000
2024-12-16,119.48515319824219,119.58907492176196,118.20340159914315,118.45579047904445,9442600
2024-12-17,118.76261901855469,119.227812592239,118.18360389535826,118.63889764476006,8145000
2024-12-18,114.93221282958984,119.4901041189306,114.66497042713225,119.16347787208402,16927200
2024-12-19,115.0559310913086,116.47625004108481,114.9074639330021,116.10013978454795,13383400
2024-12-20,116.77318572998047,117.71346515804916,113.91769428482252,114.27401244840408,14924800
2024-12-23,118.01044464111328,118.06000974248344,116.48369883359454,117.10827356969126,7973400
2024-12-24,119.22985076904297,119.23480500994684,118.25332828639502,118.43177928737958,4653400
2024-12-26,119.30917358398438,119.74538885779405,118.4664911753561,118.84817197621238,7150800
2024-12-27,117.72293853759766,118.65980441337062,116.5630032350524,118.50613974246646,8726400
2024-12-30,116.22593688964844,117.15288674823441,115.2890709851015,116.00782926086893,7950400
2024-12-31,115.25932312011719,116.62248815003397,114.88258903470073,116.5431749148172,9381200
2025-01-02,114.9866943359375,116.4985698663535,113.90111801141377,116.17140842756314,12766600
2025-01-03,116.86042785644531,116.98435195809584,115.46256035923848,115.69058403431528,9117600
2025-01-06,118.3475112915039,119.4925687245888,117.88155548187724,118.19384662316459,8975400
2025-01-07,115.97313690185547,118.96713992868753,115.56666220984346,118.96713992868753,10006800
2025-01-08,115.93347930908203,116.26063319271097,114.81816238159976,116.24080866426227,10023800
2025-01-10,113.40542602539062,114.73389636017968,112.73623283488904,114.71406426775145,11665800
2025-01-13,112.60240173339844,112.6817149767036,111.25906109342829,111.58126830795781,10656000
2025-01-14,112.89981842041016,113.78711928345349,112.00260907445328,113.4748281059466,7220200
2025-01-15,115.14530181884766,115.48237927000098,114.0646874063856,114.44141390946186,10465400
2025-01-16,114.25801849365234,116.15653658494679,114.23323216127714,116.08217758782119,5368400
2025-01-17,116.0474853515625,116.45891427420558,115.53691866094289,116.32011988629307,6742600
2025-01-21,117.01409149169922,117.30159631261891,115.6261400528109,116.43412760877956,6744200
2025-01-22,119.65614318847656,119.93373193790991,118.42681834224621,118.59535328815558,10243800
2025-01-23,119.86930847167969,119.89408724098621,118.62015141131879,118.73415946680025,7604400
2025-01-24,118.62014770507812,120.24603126007548,118.23845936672444,120.24603126007548,6607600
2025-01-27,112.80563354492188,114.4959525229819,111.76466807789625,113.30628418671844,20705600
2025-01-28,115.81449890136719,116.0722631300907,112.36941066292593,113.56899496360559,11260600
2025-01-29,114.87268829345703,115.6410116747457,113.75737137564543,115.58648476732583,9050000
2025-01-30,115.08583068847656,115.4823893157367,113.8812920837267,114.66944753353044,8840200
2025-01-31,114.41167449951172,116.85049965872373,114.10434517977141,116.15652778714045,10741800
2025-02-03,112.87006378173828,113.55908144475502,111.28383688454792,111.8786710255285,13752800
2025-02-04,114.49595642089844,114.67440743378585,113.2170587558265,113.25671537688227,8371200
2025-02-05,116.08714294433594,116.1119292774695,114.23819746122153,114.60005372104537,5398000
2025-02-06,116.4043960571289,116.64232823078014,115.57162210375843,116.08715063768477,6808000
2025-02-07,115.40804290771484,117.43543942866056,115.02139274559762,116.87530005962454,8552800
2025-02-10,117.09341430664062,117.38587339255639,116.2854266845989,116.32012906617913,6054200
2025-02-11,117.1479263305664,117.61883637856995,116.36472514293695,116.444038378989,6456200
2025-02-12,116.89512634277344,117.03392072690188,115.36838055363387,115.49725889211696,8555600
2025-02-13,118.5507583618164,118.62510979978924,116.93974498676958,117.10332571403698,7829600
2025-02-14,118.95226287841797,119.05140064331012,118.23350462829163,118.45161224929032,4557000
2025-02-18,120.03784942626953,120.05271971408648,119.01175418453607,119.56693933003568,6024000
2025-02-19,120.04774475097656,120.52361660014223,119.06626804399752,119.90399612992604,5604200
2025-02-20,119.66607666015625,120.09237589136025,118.40204925430614,119.93374940359725,5987400
2025-02-21,116.4242172241211,119.75034357261785,116.36473607335809,119.70077090449722,9057600
2025-02-24,114.75868225097656,117.20246967908884,114.6149336087241,116.87530820726627,7447600
2025-02-25,113.2715835571289,114.61987839303443,112.49829837024451,114.51578638296064,10433600
2025-02-26,114.50587463378906,115.5864892140297,113.62848984018004,114.38195052704253,7630600
2025-02-27,110.3370590209961,115.24941212290555,110.28749391960939,115.1304422648693,10100000
2025-02-28,111.7944107055664,111.9084187619855,108.90449972856621,109.8413656406101,14172200
2025-03-03,108.39393615722656,112.59743971601958,107.59091037052595,112.36942359660623,12516200
2025-03-04,108.30966186523438,110.22305024467042,106.20790643607494,107.59090360816465,17721000
2025-03-05,109.83146667480469,110.18836116218257,107.18940367379786,108.64674489146309,11931000
2025-03-06,106.78292083740234,109.27627320035542,106.26739989371792,107.5760381270844,16432000
2025-03-07,108.3294906616211,108.6021252012463,105.39993061212692,106.65899617185926,11263400
2025-03-10,103.72447204589844,106.38635930238267,102.64881176195857,106.18808376721219,21561800
2025-03-11,103.3031234741211,105.04302262399266,102.25720380058269,103.40722304287537,14832800
2025-03-12,104.92900848388672,105.84109559234655,103.67489721894695,105.1471161062635,10981600
2025-03-13,102.93630981445312,104.85960658307499,102.53479696571011,104.62663624824465,12383000
2025-03-14,106.0492935180664,106.15834733578369,104.24991308945849,104.28461546951722,10040800
2025-03-17,106.78787231445312,107.54629476858344,105.65768512233318,105.96502203508638,10148800
2025-03-18,105.16199493408203,106.13851750939166,104.77535232254826,106.029463689346,11486600
2025-03-19,106.53012084960938,107.779270398684,105.26113920778467,105.70230872488352,8838600
2025-03-20,105.77169799804688,106.93657997498329,105.16198599315855,105.32061246836656,7145200
2025-03-21,106.05919647216797,106.20294508847223,104.06649498790382,104.45313754345455,10425400
2025-03-24,108.06781768798828,108.32602692691886,107.54145817715931,107.82449726748891,8200200
2025-03-25,108.42535400390625,108.56935502899805,107.9436836453119,107.9983062914517,7481800
2025-03-26,106.00706481933594,108.35086042250342,105.58995057902827,108.09264359788135,7873000
2025-03-27,105.02882385253906,105.87795627465547,104.47267155272428,105.28207772813865,6577800
2025-03-28,102.48145294189453,104.9046936395351,102.13385013950891,104.48261642907885,10667600
2025-03-31,102.53109741210938,102.76448438392678,99.6758386833288,100.69380200638243,14219000
2025-04-01,103.28091430664062,103.37029267883264,101.2896769200638,102.12391294555655,9480200
2025-04-02,104.04562377929688,104.9046820795688,101.7266581163042,101.8061106096375,9292000
2025-04-03,96.9447250366211,99.66094578085094,96.86528011469126,99.06010425303103,19451400
2025-04-04,90.5588607788086,94.66546924292956,90.52410505210698,93.92061924125618,33804600
2025-04-07,91.10012817382812,95.24645548423362,85.63292407409274,86.8644073422784,44557800
2025-04-08,89.24794006347656,95.75793047419529,87.61423878606074,94.49168374334928,25811400
2025-04-09,101.23009490966797,101.78624722827783,89.31745620817892,89.43167201268471,36988800
2025-04-10,96.51766967773438,98.41952109966799,93.22046700319576,97.74916058265133,19747600
2025-04-11,98.49401092529297,98.91608808672852,95.31597940392008,96.03599962508042,14423200
2025-04-14,99.3927993774414,101.61245328640247,98.32021341264,101.54789718628727,11904400
2025-04-15,99.75528717041016,100.51007069950705,99.28851324553455,99.54673005914788,7200000
2025-04-16,96.28925323486328,98.1116521641977,94.61581825797596,97.07879249085975,13222400
2025-04-17,95.76785278320312,96.97947672730628,95.3606644576903,96.97947672730628,7480800
2025-04-21,93.29496002197266,94.4916800874284,91.9591943007266,94.25333017765804,8973400
2025-04-22,95.5692367553711,96.12042613201393,93.98518766497376,94.5363770416166,9312800
2025-04-23,98.3400650024414,100.28164259952844,97.93784719157307,99.23388656937463,13413800
2025-04-24,102.00970458984375,102.1487502517459,99.14948281585579,99.30838781402547,9317000
2025-04-25,103.5192642211914,103.71292493796945,101.60251638823144,101.70182821634717,6518400
2025-04-28,103.35043334960938,103.89665219271708,101.80611055492939,103.38518907979477,5574400
2025-04-29,103.83210754394531,104.26411817968771,102.85387046771832,102.85387046771832,9144400
2025-04-30,104.26411437988281,104.65143581374467,101.20029863920284,101.79121424591708,10203800
2025-05-01,105.79354095458984,107.53152447037093,105.69919206569779,106.54335397224723,11532800
2025-05-02,107.56131744384766,108.06284710295948,106.71715553586458,107.00516514249539,8125400
2025-05-05,106.99026489257812,107.75497427938767,106.58307656018135,106.63769920045392,6757000
2025-05-06,106.10140228271484,106.88101561224757,105.07847612771508,105.40124144097008,7958200
2025-05-07,107.16407012939453,107.63084409117687,105.37146384168149,106.10141757731857,8169400
2025-05-08,108.1869888305664,109.21488557763332,107.26337442855241,108.22671507739577,8704400
2025-05-09,108.05291748046875,108.86728656938047,107.49675762137807,108.66865534220287,7330000
2025-05-12,113.06824493408203,113.10797118243556,111.4990922206492,112.63623429587385,13478200
2025-05-13,115.5113525390625,115.88874811043637,113.34632125136459,113.47543345294287,12757200
2025-05-14,116.26116943359375,116.71800991011398,115.58086786982402,116.05261231890019,10248000
2025-05-15,116.4200668334961,117.07553854561635,115.4914894849993,115.6305275614478,9536400
2025-05-16,116.6385498046875,116.79745478285064,115.63052002761003,116.79745478285064,8111600
2025-05-19,116.4697265625,116.73290631990783,114.87574404549531,114.91547029263324,11863000
2025-05-20,116.03274536132812,116.05261227339032,115.15382013924449,115.74473575248132,10273200
2025-05-21,113.85281372070312,116.54917487373883,113.39101032118695,114.94525895826368,18643600
2025-05-22,113.88260650634766,114.90553270812423,113.629360214075,113.90743635704261,11372000
2025-05-23,112.62629699707031,113.36121362401992,111.77717214563017,111.90131382612198,12004000
2025-05-27,115.30280303955078,115.46170804368751,113.99683758046237,114.37918853977706,14208400
2025-05-28,114.82609558105469,115.90364449663537,114.65725713108257,115.441833488811,10789200
2025-05-29,115.0197525024414,116.68324647871115,114.42883688959972,116.5640753144452,14011800
2025-05-30,114.66222381591797,115.01975246260581,112.9292032250841,114.96512982000053,13494000
2025-06-02,115.67521667480469,115.74473571298489,114.2202798125308,114.35931788889121,12878800
2025-06-03,117.41320037841797,117.50258632878462,115.74473588264058,115.82915131648265,14312400
2025-06-04,117.58699798583984,117.95445250052572,117.0060158466414,117.56216813503514,10899200
2025-06-05,117.25430297851562,118.96249372162623,116.74780279840564,117.93459696584482,15885200
2025-06-06,118.36165618896484,118.90788266948461,118.02398684364147,118.38648604298986,9026000
2025-06-09,118.942626953125,119.67754358406899,118.73406983800604,118.82344821148263,11100600
2025-06-10,119.60802459716797,119.78678892120499,118.47585307060245,118.92276766919846,9831600
2025-06-11,119.34484100341797,120.38266360657975,118.72910313364109,119.89603035339975,9599600
2025-06-12,120.45219421386719,120.7302703677623,119.30015577400815,119.32001510914054,11210400
2025-06-13,118.76386260986328,119.96555317411926,118.32688146758588,119.05683515888705,13193800
2025-06-16,120.68557739257812,121.04310605224039,119.47892384897334,119.47892384897334,13866200
2025-06-17,119.83148956298828,121.02820965015205,119.5484428836834,120.17908476625176,10525400
2025-06-18,119.97547912597656,120.73026262169839,119.36470421450097,120.12445064943574,11066000
2025-06-20,119.44415283203125,120.80971128158752,118.8830376033054,120.40253052030876,11490600
2025-06-23,120.80601501464844,120.91046260343762,118.75179308672833,119.56254074148899,12277000
2025-06-24,122.97463989257812,123.12385074030851,121.89032633182568,122.03457360405172,11329400
2025-06-25,124.02412414550781,124.20815590497865,123.50186344505967,123.6112897857084,9228600
2025-06-26,124.87964630126953,125.0785991624575,124.08879084256927,124.58120941992243,11288400
2025-06-27,124.73041534423828,125.6953525622579,124.16339139823022,125.21785511793114,12196600
2025-06-30,125.95399475097656,126.29719486687655,125.21786010167345,125.82467615799072,13365200
2025-07-01,124.82990264892578,125.81473220111053,123.97439169585537,125.55111624820029,15144800
2025-07-02,126.14797973632812,126.2325350789044,124.42701553647713,124.5165420440644,11950200
2025-07-03,127.80924987792969,128.1922496520312,126.78462833578482,126.83437034037148,7112800
2025-07-07,126.79458618164062,127.65010469454396,126.22756220589903,127.31684690419429,11560800
2025-07-08,127.47601318359375,127.71972928447356,126.94877371510786,127.46109209944049,15715200
2025-07-09,128.24197387695312,128.72444247131563,127.29196536095286,127.92863113058141,12933600
2025-07-10,127.8192138671875,128.6747247804179,127.14773471904296,128.56031968198073,9988600
2025-07-11,127.25716400146484,128.00324858793527,127.0532323930007,127.2123931582073,9239000
2025-07-14,127.1527099609375,127.46606032916276,125.93907780839153,126.943807185599,8125200
2025-07-15,128.2817840576172,128.93834212870988,128.23702080446947,128.63492650742464,15657000
2025-07-16,128.6796875,128.75429292060227,126.73987066869428,128.32654505639636,17782600
2025-07-17,129.8485565185547,130.05248812121349,128.5802188293129,128.83387725968367,11955000
2025-07-18,129.76402282714844,130.39072360803348,129.415843920666,130.34596035076535,10281000
2025-07-21,129.93312072753906,130.81847381316658,129.75903129144493,129.90824213430875,9246600
2025-07-22,128.72943115234375,129.92316343462772,127.80429356679076,129.83363692876057,13448800
2025-07-23,129.465576171875,129.63468685740384,128.29670727867443,129.06269170770605,10091800
2025-07-24,130.0126953125,130.2663537266563,129.28153187814567,129.78388513148198,12159600
2025-07-25,130.31112670898438,130.63940574271612,129.70431064889772,129.97290534542907,8002000
2025-07-28,131.3506622314453,131.38548315262355,130.53992978983626,130.8085092925947,11517600
2025-07-29,131.3556671142578,132.9373629949729,131.1318508174387,132.20619940043377,13739000
2025-07-30,131.64910888671875,132.09675660378963,130.6145449366187,131.49491928616243,13934600
2025-07-31,130.68414306640625,133.30539606169742,130.04748496403957,133.30539606169742,16414400
2025-08-01,127.86398315429688,129.30641035374833,127.2223461443101,129.2616470989767,19438000
2025-08-04,130.46035766601562,130.4852210810798,129.0676573024302,129.0676573024302,12377000
2025-08-05,129.38101196289062,131.05721289613794,129.082575094084,130.942822974805,11176000
2025-08-06,130.83834838867188,131.00747423638848,129.420799953332,129.50534769806197,10167000
2025-08-07,130.95773315429688,132.50958652791107,129.86844854029297,132.2957126084089,10318000
2025-08-08,132.265869140625,132.4150799715705,131.1069426968113,131.45014278711423,11015800
2025-08-11,131.3705596923828,132.77818098537438,131.06715927393526,132.18130729845248,9425400
2025-08-12,133.40489196777344,133.4397128910123,131.29596442151552,132.02712791388393,11153800
2025-08-13,133.4546356201172,134.3200888824779,132.9671882261543,134.1758567915043,13990200
2025-08-14,133.16616821289062,133.62375829969307,132.46981039353986,132.7782048005446,15484400
2025-08-15,132.1564483642578,132.98708065667674,131.6292165005672,132.98708065667674,13373200
2025-08-18,132.43995666503906,132.5593405208958,131.8629827623092,131.99230894818325,12233800
2025-08-19,130.12709045410156,132.4200648566498,129.88337435923052,132.39022268907902,17367000
2025-08-20,129.24671936035156,129.79881465324274,127.25218176313658,129.79881465324274,23064200
2025-08-21,128.7791748046875,129.45065396552718,128.22210074444797,128.93336440424918,15148600
2025-08-22,130.52500915527344,131.3755412751911,128.2817767955941,128.6398979796324,13756000
2025-08-25,130.23153686523438,131.04726324915092,129.87341567848813,130.52003138798685,10691800
2025-08-26,130.8284149169922,131.00250435145492,130.15197219684245,130.34096753632238,11081000
2025-08-27,131.53472900390625,131.68393986127515,130.35590251416818,130.9577550568616,11538600
2025-08-28,132.5742645263672,132.85776513983976,131.03733206312697,131.6938749787199,12380600
2025-08-29,130.53994750976562,132.0171956919783,130.0624424151196,131.99231709670443,17481200
2025-09-02,129.2218475341797,129.34123139280652,127.47104112533118,128.23204681538277,18226000
2025-09-03,129.99281311035156,130.2514503136999,129.02289703431705,129.8833867591022,15636600
2025-09-04,130.6344451904297,130.68915077441952,128.93336564520527,129.46059754151574,24397400
2025-09-05,130.7438507080078,131.92267706056776,129.4158286945716,131.87293505418955,38561800
2025-09-08,131.72372436523438,132.20122946708292,131.40042405484363,131.43026622631777,20556000
2025-09-09,131.97738647460938,132.11665498903503,131.04229137241023,132.01718615251934,19355000
2025-09-10,134.36981201171875,135.27506482512038,133.72817510781016,134.64834900366884,25957200
2025-09-11,134.82244873046875,135.40440134906044,134.60359605160767,135.21539083739597,23429200
2025-09-12,134.73294067382812,135.2203729241883,134.44444611259414,135.09106190834316,15612200
2025-09-15,135.94654846191406,135.9763906278309,134.78265845377283,134.94679036631544,16268000
2025-09-16,135.47402954101562,136.35441902063346,135.30989761958273,136.25991376373517,16081400
2025-09-17,135.00648498535156,135.5486379463226,133.60882111827732,135.38450602127347,18948600
2025-09-18,137.33924865722656,137.74213312078828,136.09577434274476,136.75731117836176,20882600
2025-09-19,138.73194885253906,138.86125985930232,137.44369610644242,137.8913590024938,15670800
2025-09-22,140.7728729248047,140.8874250614005,138.47198147529312,138.52675736759662,15771200
2025-09-23,139.5576629638672,140.8077204022412,138.94011197373962,140.5786161586602,16456400
2025-09-24,138.69607543945312,139.93119268930818,137.76974890103972,139.93119268930818,13471000
2025-09-25,138.45204162597656,138.79568280129888,136.584433150806,137.4360583598655,21349600
2025-09-26,138.87039184570312,138.99489908432523,137.6452448732802,138.6014519546609,16534000
2025-09-29,139.61245727539062,140.40433672838887,139.2887414781197,139.6672483664823,16107400
2025-09-30,140.37442016601562,140.51388285040233,139.31860131695552,139.61243654769314,18215200
2025-10-01,141.74900817871094,141.84862005579865,139.61744471732575,139.65729554761626,17411200
2025-10-02,142.51596069335938,143.09864603128875,141.87349911686573,143.06876551132504,17607800
2025-10-03,141.79881286621094,143.37258627875266,141.31073899060902,142.64546821807096,17458000
2025-10-06,143.23312377929688,144.14949518967745,143.15842247927827,143.71122729805265,17945600
2025-10-07,142.2769012451172,144.1793754076684,141.5248878949896,143.9701965694177,15588400
2025-10-08,144.7720489501953,144.77703410368142,142.53091848542402,142.605619794522,14037800
2025-10-09,144.5279998779297,144.8367753791425,143.7759713388467,144.7072829952907,11989400
2025-10-10,138.6462860107422,145.09575176265568,138.59149492321754,144.83179702838643,44574600
2025-10-13,142.02291870117188,142.49603707230452,140.9969651078484,141.80378475292457,22030400
2025-10-14,140.20013427734375,141.62947492899593,138.571569887209,140.16028345019228,26956800
2025-10-15,141.58961486816406,142.7251201897317,139.84651366057818,142.16733023508604,20937600
2025-10-16,141.69422912597656,143.24309194927667,140.72805169459545,142.61060061992438,23166200
2025-10-17,141.94322204589844,142.36653445316279,139.95607639431952,140.85253753598522,25511600
2025-10-20,143.52696228027344,144.13954335159264,142.67035189048008,142.75502349817936,13805200
2025-10-21,143.60165405273438,144.11462322197167,142.90940177128346,143.43731119987186,12503800
2025-10-22,142.18228149414062,143.8506815330566,140.39435936959308,143.53692085963615,20723200
2025-10-23,143.97518920898438,144.20427827335305,141.6244919263877,141.6244919263877,11923400
2025-10-24,146.21133422851562,146.7043932300745,145.45932083996007,145.67346964338674,14359600
2025-10-27,148.91065979003906,149.04015218385535,148.02416884471944,148.26322821823314,15167000
2025-10-28,150.3848114013672,150.97249708955212,149.11982886257104,149.6327980523693,15055200
2025-10-29,151.46554565429688,152.3918721977498,150.33999537369786,151.74942580095654,21506200
2025-10-30,149.60292053222656,151.3808722964715,149.5531145985157,150.60394836622066,19218600
2025-10-31,149.74732971191406,151.22150623543095,148.8807642680223,151.11193926677277,16303800
2025-11-03,150.35992431640625,151.5103699918333,149.53817957662088,151.18166905619162,13983600
2025-11-04,146.390625,148.61182977369762,146.14659568769721,147.6406824787169,16722600
2025-11-05,146.96336364746094,148.15366015449294,145.90754468645042,146.13166379739448,14447000
2025-11-06,144.0100555419922,146.88866231574173,143.2679972569878,146.72928940126204,24797400
2025-11-07,143.5120086669922,143.54687433742652,140.24494032121208,142.77990558105037,25547000
2025-11-10,147.1824951171875,147.46139011354595,145.31987170608562,146.07687023925317,18286400
2025-11-11,145.92745971679688,146.4752793736569,144.95629723666033,146.21132465218625,14871600
2025-11-12,146.38067626953125,147.1476299126462,145.49915529730131,147.1476299126462,13179200
2025-11-13,142.73011779785156,145.76311233988991,141.9531938362771,145.56390379565195,22385800
2025-11-14,143.50704956054688,144.8069131198747,139.59254901817636,140.09554795995894,27429600
2025-11-17,141.2609405517578,143.7162196602338,140.1204499854737,142.16237174735357,24675400
2025-11-18,138.9650115966797,140.76290393554655,137.6900587529934,140.0407559082844,36747600
2025-11-19,139.9311981201172,141.49998631135145,138.6163943645364,138.9749758252732,27668800
2025-11-20,135.53857421875,143.68633565483097,135.22481355190342,143.1534410364927,56551800
2025-11-21,136.06150817871094,137.87432555961206,133.21278212417783,135.76268778444646,44959000
2025-11-24,139.30368041992188,139.7967394405229,136.89322200340374,136.9778936166021,20124800
2025-11-25,139.67718505859375,140.03576648485995,136.1162813608304,138.07851649919866,21303400
2025-11-26,141.3306427001953,141.93325342238694,140.23497302472316,141.32565754755896,13358800
2025-11-28,142.54583740234375,142.570732768769,141.2459740241266,141.62946601780303,6792200
2025-12-01,142.610595703125,143.038893313281,140.72804684270088,141.1613296060198,12846600
2025-12-02,144.07977294921875,144.94136852691435,143.07874506843473,143.49708757361336,15719000
2025-12-03,144.4234161376953,144.52302801114428,142.66537448165087,143.38253741429702,11623200
2025-12-04,144.96128845214844,145.22025803165195,143.92537973685995,144.6176472647211,9995200
2025-12-05,146.0220947265625,146.7292873267815,145.1156783867417,145.63363275215895,6628000
2025-12-08,147.04803466796875,147.7950781032685,146.3408268618178,146.84881092631207,8272800
2025-12-09,147.43649291992188,147.6655819786717,146.3806739898327,146.75916565241133,6978200
2025-12-10,148.14369201660156,148.6317658749423,146.24123291685743,147.10779845440155,8961100
2025-12-11,147.38668823242188,147.54606114361206,144.53796203910585,146.48027189849466,9769300
2025-12-12,143.12356567382812,146.5002014316042,142.69525286279008,146.3607539300509,14873200
2025-12-15,141.73904418945312,144.05986095270538,141.46014918944869,143.85068210338324,10790300
2025-12-16,141.99801635742188,142.4064037572244,140.7429888345825,141.35058478106205,10790900
2025-12-17,138.8405303955078,142.27692761377483,138.7708142355947,142.15740551184402,18178700
2025-12-18,140.98204040527344,141.8585762949898,140.2349969170757,141.30078625558437,12319500
2025-12-19,144.0299835205078,144.04989373619406,142.00798712778658,142.0278973434728,14265900
2025-12-22,144.8070831298828,145.6550074327677,144.2983133264608,145.6550074327677,8864500
2025-12-23,145.5951385498047,145.6250643909789,144.0090080808129,144.3880890312723,7546100
2025-12-24,145.94430541992188,146.14381611772401,145.32580246853757,145.43553563558234,3676300
2025-12-26,146.17373657226562,146.6226394311932,145.88444835437141,146.2535438927823,5052900
2025-12-29,145.51535034179688,146.02412015194898,144.68736644330406,144.99662554553183,9822300
2025-12-30,145.0564727783203,145.9043970663659,145.0265469341358,145.49540545528077,6387400
2025-12-31,143.61996459960938,145.4455171172508,143.55012748534418,145.35573958892994,9528400
2026-01-02,143.94915771484375,146.16376131212516,143.06132223461395,145.27592583189536,15299500
2026-01-05,144.26837158203125,146.0340723336753,143.89927605684684,145.65499138022793,17476300
2026-01-06,146.29344177246094,146.41316036557873,144.27836398554192,144.856955650259,14985700
2026-01-07,146.17373657226562,147.02167603377654,145.68492244223475,146.17373657226562,13957100
2026-01-08,143.88931274414062,145.57519103721043,143.15110643671426,145.57519103721043,16870100
2026-01-09,145.79466247558594,146.22362494086602,143.6798216581504,144.21851729160065,15652600
2026-01-12,146.43310546875,146.93188982792398,144.6973456407066,144.8370046524077,12867200
2026-01-13,146.1238555908203,147.16133553937286,145.49539767486198,146.49296635217556,16552200
2026-01-14,144.3481903076172,145.57519556747127,142.9715558288872,145.14624832556666,22104200
2026-01-15,145.10635375976562,147.21122438307907,144.95670931766733,146.57276578483157,17370900
2026-01-16,145.2659454345703,146.59271359757147,144.66741336319407,146.36327706462842,14156700
2026-01-20,141.49513244628906,143.7496473177872,141.26569592083473,142.7420932480683,20029200
2026-01-21,143.46035766601562,144.68736295073882,141.61486463514902,142.43286308440085,27892800
2026-01-22,144.5277557373047,145.34575414250082,143.8095050674451,145.25597661419093,12971600
2026-01-23,144.73724365234375,145.47544999372877,143.40050520485732,144.17860759797276,14654500
2026-01-26,145.72483825683594,146.35331141194342,144.53772906238424,144.91681004123515,10195600
2026-01-27,147.6900634765625,148.25866977571278,146.6725390412982,147.06159026335632,12436200
2026-01-28,148.86717224121094,149.53554144092453,148.24868452063515,148.63773570320546,19497400
2026-01-29,146.51292419433594,147.57034468260184,142.9216856618305,147.48056714416987,25581000
2026-01-30,143.5301971435547,146.39321459553818,142.6423615616896,145.68493408291513,18342600
2026-02-02,144.9068145751953,145.7946500523043,143.04136609694925,143.1810250971117,16337600
2026-02-03,141.7345733642578,145.6151152897474,139.8292133509947,145.52533775321245,30464500
2026-02-04,137.78419494628906,140.66716811002345,135.7790871794094,140.48761303613495,45649500
2026-02-05,135.3002471923828,138.1433088447119,134.75158136490833,136.8863777667897,42950900
2026-02-06,140.78688049316406,141.12605020998274,137.0858937874117,137.6744556880719,37131900
2026-02-09,143.00148010253906,143.6798195162492,139.5698413182183,140.25816616087096,24629500
2026-02-10,142.20343017578125,143.7995310631825,142.0438155205337,143.47034676656006,22564300
2026-02-11,142.62240600585938,144.40804737833514,140.97642365010412,144.15865518978487,18905700
2026-02-12,138.87155151367188,143.4204625496584,138.58224805384012,142.9615742299937,32154700
2026-02-13,139.22068786621094,140.56741172435744,137.59464598472434,139.22068786621094,26637100
2026-02-17,139.140869140625,140.10851193565165,136.68685881926893,138.30291513926875,25743800
2026-02-18,140.56741333007812,141.77446296865227,138.93140122253052,139.71947382130853,13705800
2026-02-19,139.86911010742188,140.3678944430965,138.9413633277883,139.74939151611082,13484000
2026-02-20,140.5374755859375,141.40535543619254,138.63211582068172,138.86155234697074,14942400
2026-02-23,138.18321228027344,140.30802313280765,137.55473916610825,139.83916465425418,22021900
2026-02-24,139.97885131835938,140.5973390592157,137.85402505527574,138.9014752647546,13030600
2026-02-25,142.66229248046875,142.99149197385634,140.866681020813,141.0163102352209,13296000
2026-02-26,140.6671600341797,142.66229747853097,138.9214147703723,142.59247558325785,19364900
2026-02-27,138.42263793945312,139.43019214554337,137.6046394580493,137.97373503439198,15328600
2026-03-02,139.2007293701172,139.6197216182104,136.22797891324518,136.69683741886774,20156700
2026-03-03,137.1656951904297,137.99367903163656,134.66180325258014,136.0284674900821,34153000
2026-03-04,139.5,140.2880877781941,137.70437333884442,138.1931874698976,15201400
2026-03-05,139.83917236328125,140.9165483805195,137.75425744386845,138.82166325396486,19422500
2026-03-06,136.95619201660156,139.49002488872586,136.4574076961334,137.4849174002521,19677200
2026-03-09,139.42019653320312,139.8691146271686,135.13066328514083,135.6394178441605,22760900
2026-03-10,139.42019653320312,141.0462383909873,138.68200543443226,139.50000385609275,24338500
2026-03-11,140.08856201171875,141.24574533030233,139.18078608408766,140.23820644629026,14009200
2026-03-12,137.50486755371094,139.4102274460723,137.3153270630365,138.93139872657775,32372800
2026-03-13,136.4674072265625,139.37033592487268,136.1880891959716,138.11338956552257,15701800
2026-03-16,138.4425811767578,139.73942351431418,138.18321879792262,138.38272949100278,16626400
2026-03-17,139.2007293701172,139.92896547900608,138.59221185569365,139.05110015414843,12034600
2026-03-18,137.6245880126953,139.72945863152938,137.59464694698676,138.97129665856934,12634500
2026-03-19,138.0934295654297,138.83163589249077,135.11070885692658,135.66934490045796,18087900
2026-03-20,134.96107482910156,137.64453730823163,133.99344710727743,137.64453730823163,27251800
2026-03-23,136.78689575195312,139.03421610463784,136.05776941601027,137.33624377517714,21818500
2026-03-24,135.9878387451172,136.756925939613,134.70936444914835,135.88796698986025,16843900
2026-03-25,136.5971221923828,137.83565091914792,136.11769810873238,137.12648977738814,13872400
2026-03-26,132.34219360351562,135.35860107603992,132.26228705397543,135.01899443034011,15434600
2026-03-27,129.76527404785156,131.8927422685792,129.4256826178681,131.37335727879343,15895200
2026-03-30,127.34815216064453,131.3933318068118,126.52912905548251,131.11366649582598,18830000
2026-03-31,132.74171447753906,133.061340683807,128.82638489445486,128.9961806013036,19405300
2026-04-01,134.74932861328125,135.88797028702558,133.6006890953376,133.9602609523419,17050100
2026-04-02,135.8280487060547,135.87797696624884,131.19357530628037,131.7529059378816,12266200
2026-04-06,136.61709594726562,137.0865374038907,135.54837822559426,136.31745019443446,10147600
2026-04-07,137.2663116455078,137.3262529867915,133.950273736745,136.0078178096317,8585500
2026-04-08,141.52125549316406,143.38902352330368,140.57238995210017,142.95954295106222,13359000
2026-04-09,141.9008026123047,142.0206548158708,140.18284990498256,141.59115901873233,8235100
2026-04-10,142.45013427734375,143.3890171730368,141.75097102755612,142.33028207469894,9310100
2026-04-13,145.43658447265625,145.49651057637163,141.96073329161632,142.16049205087307,10407700
2026-04-14,147.76380920410156,147.76380920410156,145.9060238129167,146.72503928611852,10183300
2026-04-15,150.12100219726562,150.19091090514866,147.7837926946078,148.09342105941076,10622500
2026-04-16,151.83895874023438,151.9987566081987,149.5716578891661,150.81018661974522,11778000
2026-04-17,154.1661834716797,154.62562710144812,153.32717228404675,153.87652031148002,10630400
2026-04-20,154.37591552734375,154.56569167452182,152.85772159053502,154.11623067577236,8131600
2026-04-21,154.50576782226562,155.884129129734,153.96640242342323,154.81539617611932,12657300
2026-04-22,157.90171813964844,157.9716420882383,155.33478682117797,156.03395010399387,13830400
2026-04-23,155.65440368652344,157.61207619318276,153.76665513110274,156.5833040579365,12151400
2026-04-24,160.02919006347656,160.20896838018592,157.4123151828165,158.24131329735445,11059800
2026-04-27,160.37876892089844,160.42869717855376,158.6208553216934,159.82942092114686,8963900
2026-04-28,157.66201782226562,158.4510702818269,155.974028055183,156.9228936237192,9253000
2026-04-29,158.92050170898438,158.96044736339226,157.56212084987743,158.6408364062814,7506900
2026-04-30,159.31004333496094,159.60968909782088,156.6931685032586,159.4598585960826,9276400
2026-05-01,161.67721557617188,162.09671354707754,159.94928019207123,160.19898245384482,10161800
2026-05-04,161.8570098876953,163.04559509780208,160.68840512599667,162.5162275196125,10740000
2026-05-05,165.4327392578125,165.82227415750694,163.32525166187185,163.67482566689128,9813500
2026-05-06,169.82749938964844,169.87744288963577,166.64129612222325,167.68006605574075,11304700
2026-05-07,169.4879150390625,171.7452180707813,168.49908856431756,170.05722828892144,11031500
2026-05-08,175.31097412109375,175.39088067642803,171.09599858106782,171.3856465086146,11222200
2026-05-11,177.66815185546875,178.08764981145518,175.6605359882143,175.94020129220524,10461800
2026-05-12,174.99134826660156,176.77922505964256,170.99611193521514,175.9402138471824,15950700
2026-05-13,176.63938903808594,177.52832849528758,174.05246197984613,177.05888701602882,9817900
2026-05-14,179.28622436523438,180.00536810004343,176.65935168834534,177.14877360916768,11424900
2026-05-15,176.05007934570312,178.48717588944902,174.42203094229262,176.00015108522015,14519000
2026-05-18,174.15234375,177.63819276472415,171.7052646652148,177.40845571369712,19162600
2026-05-19,173.03367614746094,174.9713527997539,170.62654280665714,172.4743303069572,15751400
2026-05-20,176.9290313720703,177.03890097524803,173.7428281205334,174.45198923933788,12630300
2026-05-21,178.38729858398438,178.76683565119026,175.62059330770344,175.62059330770344,10873200
2026-05-22,180.17515563964844,181.5135560473922,179.346142337373,179.81558378854845,10739900
2026-05-26,184.9195098876953,185.77848629416397,182.3725437210229,182.98181786096717,12500300
2026-05-27,184.21034240722656,186.04816260848574,182.32259394687375,185.95825821276128,12297400
2026-05-28,186.62747192382812,187.3565982427769,183.5711035132952,184.60987343129256,11167600
2026-05-29,190.79251098632812,191.4017851228011,188.97467118089125,189.10452123574152,15031700
2026-06-01,195.52685546875,196.26597965738966,190.9223451073667,192.09096511554273,18968800
2026-06-02,197.9739532470703,198.14374896076225,195.51687621936165,196.21603952298054,10175200
2026-06-03,195.9962921142578,198.49331469466892,194.29831980770152,198.13374283346508,11582100
2026-06-04,192.93994140625,194.5080789224973,189.4640901967979,191.29191257814006,13142600
2026-06-05,180.08526611328125,188.99464058247287,179.58586161226862,188.6650317829306,26816100
2026-06-08,183.9606475830078,186.4876485567764,182.9518559068137,184.99941755273238,14685000
2026-06-09,180.55471801757812,186.85720074677207,172.67411514493736,185.6885959756143,29884400
2026-06-10,176.41964721679688,182.1927623012561,175.94020789999234,177.94782384264687,20059800
2026-06-11,182.99180603027344,183.4412670381296,176.28979084524326,177.57824776651307,18238400
2026-06-12,184.5799102783203,185.61866495512996,181.42367011165783,183.02177064279778,15014300
2026-06-15,191.56158447265625,191.85124763716223,189.52402067952255,190.14327742477178,13097800
2026-06-16,186.21795654296875,192.02103452362363,186.2079586987521,191.00224505357698,10077200
2026-06-17,185.57872009277344,189.76373235052438,185.07931557973617,188.78488853172763,14396100
2026-06-18,191.21200561523438,191.77133624077132,189.1544614253164,190.19321612408265,12101600
2026-06-22,192.14999389648438,194.3000030517578,190.86000061035156,192.9499969482422,11313000
2026-06-23,184.19000244140625,187.25,183.6999969482422,184.67999267578125,14633600
2026-06-24,183.0500030517578,185.66000366210938,180.7899932861328,184.07000732421875,12323700
2026-06-25,184.57000732421875,188.41000366210938,180.3800048828125,188.14999389648438,13218200
2026-06-26,181.11000061035156,183.11000061035156,179.75999450683594,181.0,13433900
2026-06-29,185.41000366210938,185.66000366210938,178.6699981689453,183.1199951171875,11857000
2026-06-30,190.52000427246094,190.94000244140625,185.60000610351562,185.75999450683594,10729900
2026-07-01,185.6199951171875,187.97999572753906,185.3800048828125,186.8300018310547,9960300
2026-07-02,180.58999633789062,187.3800048828125,178.72000122070312,185.49000549316406,14173100
2026-07-06,183.57000732421875,185.7100067138672,182.0399932861328,182.66000366210938,8923100
2026-07-07,179.17999267578125,180.72000122070312,176.36000061035156,179.83999633789062,12254800
2026-07-08,181.39999389648438,181.6300048828125,177.14999389648438,177.47999572753906,10528300
2026-07-09,185.35000610351562,186.39999389648438,183.55999755859375,184.75999450683594,7756600
2026-07-10,185.77999877929688,186.22999572753906,183.08999633789062,184.00999450683594,6162000
2026-07-13,181.27999877929688,183.89999389648438,180.5399932861328,183.10000610351562,8595100
2026-07-14,183.6199951171875,184.42999267578125,181.3300018310547,183.7100067138672,6399600
2026-07-15,181.5800018310547,185.2899932861328,178.22000122070312,185.11000061035156,9256800
2026-07-16,177.52000427246094,179.47999572753906,176.41000366210938,179.0,8666500
2026-07-17,175.58999633789062,177.9199981689453,171.33999633789062,172.85000610351562,12036700
2026-07-20,175.7100067138672,178.6999969482422,175.52000427246094,177.19000244140625,7638600
2026-07-21,180.77999877929688,181.02000427246094,178.1699981689453,179.55999755859375,7506800
2026-07-22,180.27000427246094,181.42999267578125,178.14999389648438,178.16000366210938,5357600
2026-07-23,178.4499969482422,180.38999938964844,177.1999969482422,178.8000030517578,7177000
2026-07-24,175.8800048828125,179.00999450683594,175.0500030517578,177.82000732421875,7739600
2026-07-27,174.3000030517578,178.3000030517578,171.72999572753906,177.8300018310547,8376600
2026-07-28,171.08999633789062,172.1699981689453,167.5399932861328,171.2100067138672,10049300
2026-07-29,166.57000732421875,172.50999450683594,166.4600067138672,171.1199951171875,14372900
2026-07-30,175.72999572753906,176.08999633789062,172.16000366210938,172.80999755859375,15098400
2026-07-31,175.35000610351562,178.6199951171875,172.6999969482422,177.4600067138672,9146200
2026-08-03,178.0399932861328,178.9199981689453,173.0399932861328,174.00999450683594,9343400
2026-08-04,186.89999389648438,187.7100067138672,181.8699951171875,182.52000427246094,13495800
2026-08-05,185.91000366210938,188.6199951171875,185.7100067138672,187.33999633789062,7571400
2026-08-06,185.3300018310547,186.91000366210938,182.05999755859375,183.19000244140625,6706000
2026-08-07,187.97000122070312,188.72999572753906,185.74000549316406,187.99000549316406,6361200
2026-08-10,186.32000732421875,188.83999633789062,186.27000427246094,188.0800018310547,6486800
2026-08-11,186.08999633789062,187.7100067138672,185.07000732421875,187.69000244140625,5759200
2026-08-12,188.86000061035156,189.58999633789062,188.3300018310547,189.47000122070312,5887200
2026-08-13,190.77000427246094,191.74000549316406,188.86000061035156,189.1300048828125,4873900
2026-08-14,190.00999450683594,191.35000610351562,189.25,191.13999938964844,3633300
